 
Ansys Electronics Desktop Version 2026.1.0, Build: 2026-02-02 02:17:35
Location: C:\Program Files\ANSYS Inc\v261\AnsysEM\ansysedt.exe
Non Graphical Mode: No Project??
Starting Batch Run: 3:58:28 PM  Jul 08, 2026
Running as user : FENG\ffzhz
Temp directory: C:\ffzhzh\LocalFiles\Ansys_Temp
Project directory: C:\ffzhzh\LocalFiles\Ansys_Project_Files
[info] gRPC server started on port 13047 of local host. Only connections from the local host initiated by the same user are permitted.

[info] Project:temp_train_RDL_0_1783497506_9504, Design:RDL (Terminal Network), An interpolating frequency sweep with 1000 points has been started using HFSS - Solving Distributed. (04:00:07 PM  Jul 08, 2026)
[info] Project:temp_train_RDL_0_1783497506_9504, Design:RDL (Terminal Network), Interpolating frequency sweep complete. Converged. (04:00:07 PM  Jul 08, 2026)
[info] Project:temp_train_RDL_0_1783497506_9504, Design:RDL (Terminal Network), Normal completion of simulation on server: Local Machine. (04:00:07 PM  Jul 08, 2026)
[info] Project:temp_train_RDL_0_1783497506_9504, Design:RDL (Terminal Network), Touchstone export: Writing to "C:/ffzhzh/LocalFiles/Ansys_Project_Files/temp_train_RDL_0_1783497506_9504_SNP/temp_train_RDL_0_1783497506_9504.s2p" (04:00:08 PM  Jul 08, 2026)
Stopping Batch Run: 4:00:18 PM  Jul 08, 2026
2026
stone export: Writing to "C:/ffzhzh/LocalFiles/Ansys_Project_Files/temp_train_RDL_3_1783497506_41296_SNP/temp_train_RDL_3_1783497506_41296.s2p" (03:59:46 PM  Jul 08, 2026)
Stopping Batch Run: 3:59:53 PM  Jul 08, 2026
 Build: 2026-02-02 02:17:35
Location: C:\Program Files\ANSYS Inc\v261\AnsysEM\ansysedt.exe
Non Graphical Mode: No Project??
Starting Batch Run: 3:59:52 PM  Jul 08, 2026
Running as user : FENG\ffzhz
Temp directory: C:\ffzhzh\LocalFiles\Ansys_Temp
Project directory: C:\ffzhzh\LocalFiles\Ansys_Project_Files
[info] gRPC server started on port 9639 of local host. Only connections from the local host initiated by the same user are permitted.

[info] Project:temp_train_RDL_5_1783497589_31944, Design:RDL (Terminal Network), An interpolating frequency sweep with 1000 points has been started using HFSS - Solving Distributed. (04:01:01 PM  Jul 08, 2026)
[info] P[info] Project:temp_train_RDL_6_1783497590_55944, Design:RDL (Terminal Network), An interpolating frequency sweep with 1000 points has been started using HFSS - Solving Distributed. (04:01:08 PM  Jul 08, 2026)
[info] Project:temp_train_RDL_6_1783497590_55944, Design:RDL (Terminal Network), Interpolating frequency sweep complete. Converged. (04:01:08 PM  Jul 08, 2026)
[info] Project:temp_train_RDL_6_1783497590_55944, Design:RDL (Terminal Network), Normal completion of simulation on server: Local Machine. (04:01:08 PM  Jul 08, 2026)
[info] Project:temp_train_RDL_6_1783497590_55944, Design:RDL (Terminal Network), Touchstone export: Writing to "C:/ffzhzh/LocalFiles/Ansys_Project_Files/temp_train_RDL_6_1783497590_55944_SNP/temp_train_RDL_6_1783497590_55944.s2p" (04:01:09 PM  Jul 08, 2026)
Stopping Batch Run: 4:01:18 PM  Jul 08, 2026
59 PM  Ju[info] Project:temp_train_RDL_8_1783497595_41296, Design:RDL (Terminal Network), An interpolating frequency sweep with 1000 points has been started using HFSS - Solving Distributed. (04:01:01 PM  Jul 08, 2026)
[info] Project:temp_train_RDL_8_1783497595_41296, Design:RDL (Terminal Network), Interpolating frequency sweep complete. Converged. (04:01:01 PM  Jul 08, 2026)
[info] Project:temp_train_RDL_8_1783497595_41296, Design:RDL (TerminStopping Batch Run: 4:01:08 PM  Jul 08, 2026
n server:[info] Project:temp_train_RDL_9_1783497620_9504, Design:RDL (Terminal Network), An interpolating frequency sweep with 1000 points has been started using HFSS - Solving Distributed. (04:01:21 PM  Jul 08, 2026)
[info] Project:temp_train_RDL_9_1783497620_9504, Design:RDL (Terminal Network), Interpolating frequency sweep complete. Converged. (04:01:21 PM  Jul 08, 2026)
[info] Project:temp_train_RDL_9_1783497620_9504, Design:RDL (Terminal Network), Normal completion of simulation on server: Local Machine. (04:01:21 PM  Jul 08, 2026)
[info] Project:temp_train_RDL_9_1783497620_9504, Design:RDL (Terminal Network), Touchstone export: Writing to "C:/ffzhzh/LocalFiles/Ansys_Project_Files/temp_train_RDL_9_1783497620_9504_SNP/temp_train_RDL_9_1783497620_9504.s2p" (04:01:22 PM  Jul 08, 2026)
Stopping Batch Run: 4:01:28 PM  Jul 08, 2026
ted.

[info] Project:temp_train_RDL_10_1783497669_41296, Design:RDL (Terminal Network), An interpolating frequency sweep with 1000 points has been started using HFSS - Solving Distributed. (04:02:23 PM  Jul 08, 2026)
[info] Project:temp_train_RDL_10_1783497669_41296, Design:RDL (Terminal Network), Interpolating frequency sweep complete. Converged. (04:02:23 PM  Jul 08, 2026)
[info] Project:temp_train_RDL_10_1783497669_41296, Design:RDL (T[info] Project:temp_train_RDL_12_1783497670_44152, Design:RDL (Terminal Network), An interpolating freque[info] Project:temp_train_RDL_10_1783497669_41296, Design:RDL (Terminal Network), Touchstone export: Writing to "C:/ffzhzh/LocalFiles/Ansys_Project_Files/temp_train_RDL_10_1783497669_41296_SNP/temp_train_RDL_10_1783497669_41296.s2p" (04:02:25 PM  Jul 08, 2026)
Stopping Batch Run: 4:02:33 PM  Jul 08, 2026
7670_44152, Design:RDL (Terminal Network), Normal completion of simulation on server: Local Machine. (04:02:25 PM  Jul 08, 2026)
[info] Project:temp_train_RDL_12_1783497670_44152, Design:RDL (Terminal Network), Touchstone export: Writing to "C:/ffzhzh/LocalFiles/Ansys_Project_Files/temp_train_RDL_12_1783497670_44152_SNP/temp_train_RDL_12_1783497670_44152.s2p" (04:02:26 PM  Jul 08, 2026)
Stopping Batch Run: 4:02:28 PM  Jul 08, 2026
_55944, Design:RDL (Terminal Network), An interpolating frequency sweep with 1000 points has been started using HFSS - Solving Distributed. ([info] Project:temp_train_RDL_14_1783497690_9504, Design:RDL (Terminal Network), An interpolating frequency sweep with 1000 points has been started using HFSS - Solving Distributed. (04:02:51 PM  Jul 08, 2026)
[info] Project:temp_train_RDL_14_1783497690_9504, Design:RDL (Terminal Network), Interpolating frequency sweep complete. Converged. (04:02:51 PM  Jul 08, 2026)
[info] Project:temp_train_RDL_14_1783497690_9504, Design:RDL (Terminal Network), Normal completion of simulation on server: Local Machine. (04:02:51 PM  Jul 08, 2026)
[info] Project:temp_train_RDL_14_1783497690_9504, Design:RDL (Terminal Network), Touchstone export: Writing to "C:/ffzhzh/LocalFiles/Ansys_Project_Files/temp_train_RDL_14_1783497690_9504_SNP/temp_train_RDL_14_1783497690_9504.s2p" (04:02:53 PM  Jul 08, 2026)
Stopping Batch Run: 4:02:53 PM  Jul 08, 2026
ng as user : FENG\ffzhz
Temp directory: C:\ffzhzh\LocalFiles\Ansys_Temp
Project directory: C:\ffzhzh\LocalFiles\Ansys_Project_Files
[info] gRPC server started on port 1210 of local host. Only connections from the local host initiated by the same user are permitted.

[info] Project:temp_train_RDL_15_1783497746_31944, Design:RDL (Terminal Network), An interpolating frequency sweep with 1000 points has been started using HFSS - Solving Distributed. (04:03:57 PM  Jul 08, 2026)
[info] Project:temp_train_RDL_15_1783497746_31944, Design:RDL (Terminal Network), Interpolating frequency sweep complete. Converged. (04:03:57 PM  Jul 08, 2026)
[info] Project:temp_train_RDL_15_1783497746_31944, Design:RDL (Terminal Network), Normal completion of simulation on server: Local Machine. (04:03:57 PM  Jul 08, 2026)
[info] Project:temp_train_RDL_15_1783497746_31944, Design:RDL (Terminal Network), Touchstone export: Writing to "C:/ffzhzh/LocalFiles/Ansys_Project_Files/temp_train_RDL_15_1783497746_31944_SNP/temp_train_RDL_15_1783497746_31944.s2p" (04:03:58 PM  Jul 08, 2026)
Stopping Batch Run: 4:04:08 PM  Jul 08, 2026
M  Jul 08, 2026)
[info] Project:temp_train_RDL_16_1783497750_44152, Design:RDL (Terminal Network), Normal completion of simulation on server: Local Machine. (04:03:54 PM  Jul 08, 2026)
[info] Project:temp_train_RDL_16_1783497750_44152, Design:RDL (Terminal Network), Touchstone export: Writing to "C:/ffzhzh/LocalFiles/Ansys_Project_Files/temp_train_RDL_16_1783497750_44152_SNP/temp_train_RDL_16_1783497750_44152.s2p" (04:03:55 PM  Jul 08, 2026)
Stopping Batch Run: 4:04:03 PM  Jul 08, 2026
M  Jul 08, 2026)
[info] Project:temp_train_RDL_17_1783497754_55944, Design:RDL (Terminal Network), Normal completion of simulation on server: Local Machine. (04:03:46 PM  Jul 08, 2026)
[info] Project:temp_train_RDL_17_1783497754_55944, Design:RDL (Terminal Network), Touchstone export: Writing to "C:/ffzhzh/LocalFiles/Ansys_Project_Files/temp_train_RDL_17_1783497754_55944_SNP/temp_train_RDL_17_1783497754_55944.s2p" (04:03:47 PM  Jul 08, 2026)
Stopping Batch Run: 4:03:49 PM  Jul 08, 2026
erv[info] Project:temp_train_RDL_19_1783497776_9504, Design:RDL (Terminal Network), An interpolating frequency sweep with 1000 points has been started using HFSS - Solving Distributed. (04:04:10 PM  Jul 08, 2026)
[info] Project:temp_train_RDL_19_1783497776_9504, Design:RDL (Terminal Network), Interpolating frequency sweep complete. Converged. (04:04:10 PM  Jul 08, 2026)
[info] Project:temp_train_RDL_19_1783497776_9504, Design:RDL (Terminal Network), Normal completion of simulation on server: Local Machine. (04:04:10 PM  Jul 08, 2026)
[info] Project:temp_train_RDL_19_1783497776_9504, Design:RDL (Terminal Network), Touchstone export: Writing to "C:/ffzhzh/LocalFiles/Ansys_Project_Files/temp_train_RDL_19_1783497776_9504_SNP/temp_train_RDL_19_1783497776_9504.s2p" (04:04:11 PM  Jul 08, 2026)
Stopping Batch Run: 4:04:18 PM  Jul 08, 2026
ted.

[info] Project:temp_train_RDL_20_1783497825_41296, Design:RDL (Terminal Network), An interpolating frequency sweep with 1000 points has been started using HFSS - Solving Distributed. (04:04:55 PM  Jul 08, 2026)
[info] Project:temp_train_RDL_20_1783497825_41296, Design:RDL (Terminal Network), Interpolating frequency sweep complete. Converged. (04:04:55 PM  Jul 08, 2026)
[info] Project:temp_train_RDL_20_1783497825_41296, Design:RDL (Terminal Network), Normal completion of simulation on serve[info] Project:temp_train_RDL_21_1783497831_559[info] Project:temp_train_RDL_20_1783497825_41296, Design:RDL (Terminal Network), Touchstone export: Writing to "C:/ffzhzh/LocalFiles/Ansys_Project_Files/temp_train_RDL_20_1783497825_41296_SNP/temp_train_RDL_20_1783497825_41296.s2p" (04:04:57 PM  Jul 08, 2026)
Stopping Batch Run: 4:05:03 PM  Jul 08, 2026
PM  Jul 08, 2026)
[info] Project:temp_train_RDL_21_1783497831_55944, Design:RDL (Terminal Network), Normal completion of simulation on serve[info] Project:temp_train_RDL_22_1783497846_44152, Design:RDL (Terminal Network), An interpolating frequency sweep with 1000 points has been started using HFSS - Solving Distributed. (04:06:04 PM  Jul 08, 2026)
[info] Project:temp_train_RDL_22_1783497846_44152, Design:RDL (Terminal Network), Interpolating frequency sweep complete. Converged. (04:06:04 PM  Jul 08, 2026)
[info] Project:temp_train_RDL_22_1783497846_44152, Design:RDL (Terminal Network), Normal completion of simulation on server: Local Machine. (04:06:05 PM  Jul 08, 2026)
[info] Project:temp_train_RDL_22_1783497846_44152, Design:RDL (Terminal Network), Touchstone export: Writing to "C:/ffzhzh/LocalFiles/Ansys_Project_Files/temp_train_RDL_22_1783497846_44152_SNP/temp_train_RDL_22_1783497846_44152.s2p" (04:06:06 PM  Jul 08, 2026)
Stopping Batch Run: 4:06:13 PM  Jul 08, 2026
PM  Jul 08, 2026)
[info] Project:temp_train_RDL_23_1783497850_31944, Design:RDL (Terminal Network), Normal completion of simulation on serve[info] Project:temp_train_RDL_24_1783497861_9504, Design:RDL (Terminal Network), An interpolating frequency sweep with 1000 points has been started using HFSS - Solving Distributed. (04:05:25 PM  Jul 08, 2026)
[info] Project:temp_train_RDL_24_1783497861_9504, Design:RDL (Terminal Network), Interpolating frequency sweep complete. Converged. (04:05:25 PM  Jul 08, 2026)
[info] Project:temp_train_RDL_24_1783497861_9504, Design:RDL (Terminal Network), Normal completion of simulation on server:[info] Project:temp_train_RDL_25_1783497906_55944, Design:RDL (Terminal Network), An interpolating frequency sweep with 1000 points has been started using HFSS - Solving Distributed. (04:06:18 PM  Jul 08, 2026)
[info] [info] Project:temp_train_RDL_26_1783497906_41296, Design:RDL (Terminal Network), An interpolating frequency sweep with 1000 points has been started using HFSS - Solving Distributed. (04:06:18 PM  Jul 08, 2026)
[info] Project:temp_train_RDL_26_1783497906_41296, Design:RDL (Terminal Network), Interpolating frequency sweep [info] Project:temp_train_RDL_25_1783497906_55944, Design:RDL (Terminal Network), Touchstone export: Writing to "C:/ffzhzh/LocalFiles/Ansys_Project_Files/temp_train_RDL_25[info] Project:temp_train_RDL_27_1783497921_31944, Design:RDL (Terminal Network), An interpolating frequency sweep with 1000 points has been started using HFSS - Solving Distributed. (04:06:57 PM  Jul 08, 2026)
[info] Project:temp_train_RDL_27_1783497921_31944, Design:RDL (Terminal Network), Interpolating frequency sweep complete. Converged. (04:06:57 PM  Jul 08, 2026)
[info] Project:temp_train_RDL_27_1783497921_31944, Design:RDL (Terminal Network), Normal completion of simulation on server: Local Machine. (04:06:57 PM  Jul 08, 2026)
[info] Project:temp_train_RDL_27_1783497921_31944, Design:RDL (Terminal Network), Touchstone export: Writing to "C:/ffzhzh/LocalFiles/Ansys_Project_Files/temp_train_RDL_27_1783497921_31944_SNP/temp_train_RDL_27_1783497921_31944.s2p" (04:06:58 PM  Jul 08, 2026)
Stopping Batch Run: 4:07:08 PM  Jul 08, 2026
 Jul 08, 2026)
[info] Project:temp_train_RDL_28_1783497936_9504, Design:RDL (Terminal Network), Normal completion of simulation on server:[info] Project:temp_train_RDL_29_1783497975_44152, Design:RDL (Terminal Network), An interpolating frequency sweep with 1000 points has been started using HFSS - Solving Distributed. (04:07:16 PM  Jul 08, 2026)
[info] Project:temp_train_RDL_29_1783497975_44152, Design:RDL (Terminal Network), Interpolating frequency sweep complete. Converged. (04:07:16 PM  Jul 08, 2026)
[info] Project:temp_train_RDL_29_1783497975_44152, Design:RDL (Terminal Network), Normal completion of simulation on serve[info] Project:temp_train_RDL_30_1783497990_55944, Design:RDL (Terminal Network), An interpolating frequency sweep with 1000 points has been started using HFSS - Solving Distributed. (04:07:45 PM  Jul 08, 2026)
[info] Project:temp_train_RDL_30_1783497990_55944, Design:RDL (Terminal Network), Interpolating frequency sweep complete. Converged. (04:07:45 PM  Jul 08, 2026)
[info] Project:temp_train_RDL_30_1783497990_55944, Design:RDL (Terminal Network), Normal completion of simulation on server: Local Machine. (04:07:45 PM  Jul 08, 2026)
[info] Project:temp_train_RDL_30_1783497990_55944, Design:RDL (Terminal Network), Touchstone export: Writing to "C:/ffzhzh/LocalFiles/Ansys_Project_Files/temp_train_RDL_30_1783497990_55944_SNP/temp_train_RDL_30_1783497990_55944.s2p" (04:07:46 PM  Jul 08, 2026)
Stopping Batch Run: 4:07:46 PM  Jul 08, 2026
een started using HFSS - Solving Distributed. (04:07:45 PM  Jul 08, 2026)
[info] Project:temp_train_RDL_32_1783498004_9504, Design:RDL (Terminal Network), Interpolating freStopping Batch Run: 4:07:48 PM  Jul 08, 2026
  Jul 08, 2026)
[info] Project:temp_train_RDL_32_1783498004_9504, Design:RDL (Terminal Network), Normal completion of simulation on server: [info] Project:temp_train_RDL_33_1783498032_31944, Design:RDL (Terminal Network), An interpolating frequency sweep with 1000 points has been started using HFSS - Solving Distributed. (04:08:21 PM  Jul 08, 2026)
[info] Project:temp_train_RDL_33_1783498032_31944, Design:RDL (Terminal Network), Interpolating frequency sweep complete. Converged. (04:08:21 PM  Jul 08, 2026)
[info] Project:temp_train_RDL_33_1783498032_31944, Design:RDL (Terminal Network), Normal completion of simulation on serve[info] Project:temp_train_RDL_34_1783498041_44152, Design:RDL (Terminal Network), An interpolating frequency sweep with 1000 points has been started using HFSS - Solving Distributed. (04:08:25 PM  Jul 08, 2026)
[info] Project:temp_train_RDL_34_1783498041_44152, Design:RDL (Terminal Network), Interpolating fStopping Batch Run: 4:08:33 PM  Jul 08, 2026
PM  Jul 08, 2026)
[info] Project:temp_train_RDL_34_1783498041_44152, Design:RDL (Terminal Network), Normal completion of simulation on serv[info] Project:temp_train_RDL_35_1783498069_55944, Design:RDL (Terminal Network), Solving frequencies ... (Nondomain solver), process hf3d: Port 2 supports an additional propagating and/or slowly decaying mode whose attenuation is   6.885e-02 and propagation constant is  -3.914e+02 (04:08:40 PM  Jul 08, 2026)
[info] Project:temp_train_RDL_35_1783498069_559[info] Project:temp_train_RDL_36_1783498071_41296, Design:RDL (Terminal Network), An interpolating frequency sweep with 1000 points has been started using HFSS - Solving Distributed. (04:09:02 PM  Jul 08, 2026)
[info] Project:temp_train_RDL_36_1783498071_41296, Design:RDL (Terminal Network), Interpolating frequency sweep complete. Converged. (04:09:02 PM  Jul 08, 2026)
[info] Project:temp_train_RDL_36_1783498071_41296, Design:RDL (Terminal Network), Normal completion of simulation on serv[info] Project:temp_train_RDL_37_1783498076_9504, Design:RDL (Terminal Network), An interpolating frequency sweep with 1000 points has been started using HFSS - Solving Distributed. (04:09:11 PM  Jul 08, 2026)
[info] Project:temp_train_RDL_37_1783498076_9504, Design:RDL (Terminal Network), Interpolating frequency sweep complete. Converged. (04:09:11 PM  Jul 08, 2026)
[info] Project:temp_train_RDL_37_1783498076_9504, Design:RDL (Terminal Network), Normal completion of simulation on server: [info] Project:temp_train_RDL_38_1783498116_44152, Design:RDL (Terminal Network), An interpolating frequency sweep with 1000 points has been started using HFSS - Solving Distributed. (04:09:39 PM  Jul 08, 2026)
[info] [info] Project:temp_train_RDL_39_1783498116_31944, Design:RDL (Terminal Network), An interpolating frequency sweep with 1000 points has been started using [info] Project:temp_train_RDL_38_1783498116_44152, Design:RDL (Terminal Network), Normal completion of simulation on server: Local Machine. (04:09:39 PM  Jul 08, 2026)
[info] Project:temp_train_RDL_38_1783498116_44152, Design:RDL (Terminal Network), Touchstone export: Writing to "C:/ffzhzh/LocalFiles/Ansys_Project_Files/temp_train_RDL_38[info] Project:temp_train_RDL_40_1783498141_55944, Design:RDL (Terminal Network), An interpolating frequency sweep with 1000 points has been started using HFSS - Solving Distributed. (04:10:04 PM  Jul 08, 2026)
[info] Project:temp_train_RDL_40_1783498141_55944, Design:RDL (Terminal Network), Interpolating frequency sweep complete. Converged. (04:10:04 PM  Jul 08, 2026)
[info] Project:temp_train_RDL_40_1783498141_55944, Design:RDL (Terminal Network), Normal completion of simulation on serv[info] Project:temp_train_RDL_41_1783498146_41296, Design:RDL (Terminal Network), An interpolating frequency sweep with 1000 points has been started using HFSS - Solving Distributed. (04:10:08 PM  Jul 08, 2026)
[info] Project:temp_train_RDL_41_1783498146_41296, Design:RDL (Terminal Network), Interpolating frequency sweep complete. Converged. (04:10:08 PM  Jul 08, 2026)
[info] Project:temp_train_RDL_41_1783498146_41296, Design:RDL (Terminal Network), Normal completion of simulation on serv[info] Project:temp_train_RDL_42_1783498166_9504, Design:RDL (Terminal Network), Solving frequencies ... (Nondomain solver), process hf3d: Port 1 supports an additional propagating and/or slowly decaying mode whose attenuation is   2.208e-01 and propagation constant is  -4.026e+02 (04:10:14 PM  Jul 08, 2026)Stopping Batch Run: 4:10:19 PM  Jul 08, 2026
504, Design:RDL (Terminal Network), Solving frequencies ... (Nondomain solver), process hf3d: Port 2 supports an additional propagating and[info] Project:temp_train_RDL_43_1783498183_44152, Design:RDL (Terminal Network), Solving frequencies ... (Nondomain solver), process hf3d: Port 1 supports an additional propagating and/or slowly decaying mode whose attenuation is   1.459e-02 and propagation constant is   4.206e+02 (04:10:32 PM  Jul 08, 2026)
[info] Project:temp_train_RDL_43_1783498183_44152, Design:RDL (Terminal Network), An interpolating frequency sweep with 1000 points has been started using HFSS - Solving Distributed. [info] Project:temp_train_RDL_44_1783498190_31944, Design:RDL (Terminal Network), An interpolating frequency sweep with 1000 points has been started using HFSS - Solving Distributed. (04:11:02 PM  Jul 08, 2026)
[info] Project:temp_train_RDL_44_1783498190_31944, Design:RDL (Terminal Network), Interpolating frequency sweep complete. Converged. (04:11:02 PM  Jul 08, 2026)
[info] Project:temp_train_RDL_44_1783498190_31944, Design:RDL (Terminal Network), Normal completion of simulation on serv[info] Project:temp_train_RDL_45_1783498209_55944, Design:RDL (Terminal Network), An interpolating frequency sweep with 1000 points has been started using HFSS - Solving Distributed. (04:11:11 PM  Jul 08, 2026)
[info] Project:temp_train_RDL_45_1783498209_55944, Design:RDL (Terminal Network), Interpolating frStopping Batch Run: 4:11:14 PM  Jul 08, 2026
M  Jul 08, 2026)
[info] Project:temp_train_RDL_45_1783498209_55944, Design:RDL (Terminal Network), Normal completion of simulation on serv[info] Project:temp_train_RDL_46_1783498222_41296, Design:RDL (Terminal Network), An interpolating frequency sweep with 1000 points has been started using HFSS - Solving Distributed. (04:11:36 PM  Jul 08, 2026)
[info] Project:temp_train_RDL_46_1783498222_41296, Design:RDL (Terminal Network), Interpolating frequency sweep complete. Converged. (04:11:36 PM  Jul 08, 2026)
[info] Project:temp_train_RDL_46_1783498222_41296, Design:RDL (Terminal Network), Normal completion of simulation on serv[info] Project:temp_train_RDL_47_1783498241_9504, Design:RDL (Terminal Network), An interpolating frequency sweep with 1000 points has been started using HFSS - Solving Distributed. (04:12:28 PM  Jul 08, 2026)
[info] Project:temp_train_RDL_47_1783498241_9504, Design:RDL (Terminal Network), Interpolating frequency sweep complete. Converged. (04:12:28 PM  Jul 08, 2026)
[info] Project:temp_train_RDL_47_1783498241_9504, Design:RDL (Terminal Network), Normal completion of simulation on server: Local Machine. (04:12:28 PM  Jul 08, 2026)
[info] Project:temp_train_RDL_47_1783498241_9504, Design:RDL (Terminal Network), Touchstone export: Writing to "C:/ffzhzh/LocalFiles/Ansys_Project_Files/temp_train_RDL_47_1783498241_9504_SNP/temp_train_RDL_47_1783498241_9504.s2p" (04:12:29 PM  Jul 08, 2026)
Stopping Batch Run: 4:12:39 PM  Jul 08, 2026
98255_44152, Design:RDL (Terminal Network), An interpolating frequency sweep with 1000 points has been started using HFSS - Solving Distributed. [info] Project:temp_train_RDL_49_1783498277_31944, Design:RDL (Terminal Network), An interpolating frequency sweep with 1000 points has been started using HFSS - Solving Distributed. (04:12:40 PM  Jul 08, 2026)
[info] Project:temp_train_RDL_49_1783498277_31944, Design:RDL (Terminal Network), Interpolating frequency sweep complete. Converged. (04:12:40 PM  Jul 08, 2026)
[info] Project:temp_train_RDL_49_1783498277_31944, Design:RDL (Terminal Network), Normal completion of simulation on server: Local Machine. (04:12:40 PM  Jul 08, 2026)
[info] Project:temp_train_RDL_49_1783498277_31944, Design:RDL (Terminal Network), Touchstone export: Writing to "C:/ffzhzh/LocalFiles/Ansys_Project_Files/temp_train_RDL_49_1783498277_31944_SNP/temp_train_RDL_49_1783498277_31944.s2p" (04:12:41 PM  Jul 08, 2026)
Stopping Batch Run: 4:12:49 PM  Jul 08, 2026
55944, Design:RDL (Terminal Network), An interpolating frequency sweep with 1000 points has been started using HFSS - Solving Distributed. ([info] Project:temp_train_RDL_51_1783498307_41296, Design:RDL (Terminal Network), An interpolating frequency sweep with 1000 points has been started using HFSS - Solving Distributed. (04:12:50 PM  Jul 08, 2026)
[info] Project:temp_train_RDL_51_1783498307_41296, Design:RDL (Terminal Network), Interpolating frequency sweep complete. Converged. (04:12:50 PM  Jul 08, 2026)
[info] Project:temp_train_RDL_51_1783498307_41296, Design:RDL (Terminal Network), Normal completion of simulation on serve[info] Project:temp_train_RDL_52_1783498327_44152, Design:RDL (Terminal Network), An interpolating frequency sweep with 1000 points has been started using HFSS - Solving Distributed. (04:13:09 PM  Jul 08, 2026)
[info] Project:temp_train_RDL_52_1783498327_44152, Design:RDL (Terminal Network), Interpolating frequency sweep complete. Converged. (04:13:09 PM  Jul 08, 2026)
[info] Project:temp_train_RDL_52_1783498327_44152, Design:RDL (Terminal Network), Normal completion of simulation on server: Local Machine. (04:13:09 PM  Jul 08, 2026)
[info] Project:temp_train_RDL_52_1783498327_44152, Design:RDL (Terminal Network), Touchstone export: Writing to "C:/ffzhzh/L[info] Project:temp_train_RDL_53_1783498350_55944, Design:RDL (Terminal Network), An interpolating frequency sweep with 1000 points has been started using HFSS - Solving Distributed. (04:13:36 PM  Jul 08, 2026)
[info] Project:temp_train_RDL_53_1783498350_55944, Design:RDL (Terminal Network), Interpolating frequency sweep complete. Converged. (04:13:36 PM  Jul 08, 2026)
[info] Project:temp_train_RDL_53_1783498350_55944, Design:RDL (Terminal Network), Normal completion of simulation on serve[info] Project:temp_train_RDL_54_1783498361_9504, Design:RDL (Terminal Network), An interpolating frequency sweep with 1000 points has been started using HFSS - Solving Distributed. (04:13:46 PM  Jul 08, 2026)
[info] Project:temp_train_RDL_54_1783498361_9504, Design:RDL (Terminal Network), Interpolating frequency sweep complete. Converged. (04:13:46 PM  Jul 08, 2026)
[info] Project:temp_train_RDL_54_1783498361_9504, Design:RDL (Terminal Network), Normal completion of simulation on server: [info] Project:temp_train_RDL_55_1783498371_31944, Design:RDL (Terminal Network), An interpolating frequency sweep with 1000 points has been started using HFSS - Solving Distributed. (04:13:56 PM  Jul 08, 2026)
[info] Project:temp_train_RDL_55_1783498371_31944, Design:RDL (Terminal Network), InterpolaStopping Batch Run: 4:13:59 PM  Jul 08, 2026
13:56 PM  Jul 08, 2026)
[info] Project:temp_train_RDL_55_1783498371_31944, Design:RDL (Terminal Network), Normal completion of simulation on serve[info] Project:temp_train_RDL_56_1783498381_41296, Design:RDL (Terminal Network), An interpolating frequency sweep with 1000 points has been started using HFSS - Solving Distributed. (04:14:10 PM  Jul 08, 2026)
[info] Project:temp_train_RDL_56_1783498381_41296, Design:RDL (Terminal Network), Interpolating frequency sweep complete. Converged. (04:14:10 PM  Jul 08, 2026)
[info] Project:temp_train_RDL_56_1783498381_41296, Design:RDL (Terminal Network), Normal completion of simulation on serve[info] Project:temp_train_RDL_57_1783498401_44152, Design:RDL (Terminal Network), An interpolating frequency sweep with 1000 points has been started using HFSS - Solving Distributed. (04:14:33 PM  Jul 08, 2026)
[info] Project:temp_train_RDL_57_1783498401_44152, Design:RDL (Terminal Network), Interpolating frequency sweep complete. Converged. (04:14:33 PM  Jul 08, 2026)
[info] Project:temp_train_RDL_57_1783498401_44152, Design:RDL (Terminal Network), Normal completion of simulation on serve[info] Project:temp_train_RDL_58_1783498420_55944, Design:RDL (Terminal Network), An interpolating frequency sweep with 1000 points has been started using HFSS - Solving Distributed. (04:14:52 PM  Jul 08, 2026)
[info] Project:temp_train_RDL_58_1783498420_55944, Design:RDL (Terminal Network), Interpolating frequency sweep complete. Converged. (04:14:52 PM  Jul 08, 2026)
[info] Project:temp_train_RDL_58_1783498420_55944, Design:RDL (Terminal Network), Normal completion of simulation on serve[info] Project:temp_train_RDL_59_1783498441_9504, Design:RDL (Terminal Network), An interpolating frequency sweep with 1000 points has been started using HFSS - Solving Distributed. (04:15:18 PM  Jul 08, 2026)
[info] Project:temp_train_RDL_59_1783498441_9504, Design:RDL (Terminal Network), Interpolating frequency sweep complete. Converged. (04:15:18 PM  Jul 08, 2026)
[info] Project:temp_train_RDL_59_1783498441_9504, Design:RDL (Terminal Network), Normal completion of simulation on server: Local Machine. (04:15:18 PM  Jul 08, 2026)
[info] Project:temp_train_RDL_59_1783498441_9504, Design:RDL (Terminal Network), Touchstone export: Writing to "C:/ffzhzh/LocalFiles/Ansys_Project_Files/temp_train_RDL_59_1783498441_9504_SNP/temp_train_RDL_59_1783498441_9504.s2p" (04:15:19 PM  Jul 08, 2026)
Stopping Batch Run: 4:15:29 PM  Jul 08, 2026
15:15 PM  Jul 08, 2026)
[info] Project:temp_train_RDL_60_1783498451_31944, Design:RDL (Terminal Network), Normal completion of simulation on serve[info] Project:temp_train_RDL_61_1783498456_41296, Design:RDL (Terminal Network), An interpolating frequency sweep with 1000 points has been started using HFSS - Solving Distributed. (04:15:35 PM  Jul 08, 2026)
[info] Project:temp_train_RDL_61_1783498456_41296, Design:RDL (Terminal Network), Interpolating frequency sweep complete. Converged. (04:15:35 PM  Jul 08, 2026)
[info] Project:temp_train_RDL_61_1783498456_41296, Design:RDL (Terminal Network), Normal completion of simulation on serv[info] Project:temp_train_RDL_62_1783498478_44152, Design:RDL (Terminal Network), An interpolating frequency sweep with 1000 points has been started using HFSS - Solving Distributed. (04:15:42 PM  Jul 08, 2026)
[info] Project:temp_train_RDL_62_1783498478_44152, Design:RDL (Terminal Network), Interpolating frequency sweep complete. Converged. (04:15:42 PM  Jul 08, 2026)
[info] Project:temp_train_RDL_62_1783498478_44152, Design:RDL (Terminal Network), Normal completion of simulation on serv[info] Project:temp_train_RDL_63_1783498497_55944, Design:RDL (Terminal Network), An interpolating frequency sweep with 1000 points has been started using HFSS - Solving Distributed. (04:15:59 PM  Jul 08, 2026)
[info] Project:temp_train_RDL_63_1783498497_55944, Design:RDL (Terminal Network), Interpolating frequency sweep complete. Converged. (04:15:59 PM  Jul 08, 2026)
[info] Project:temp_train_RDL_63_1783498497_55944, Design:RDL (Terminal Network), Normal completion of simulation on serv[info] Project:temp_train_RDL_64_1783498526_31944, Design:RDL (Terminal Network), An interpolating frequency sweep with 1000 points has been started using HFSS - Solving Distributed. (04:16:53 PM  Jul 08, 2026)
[info] Project:temp_train_RDL_64_1783498526_31944, Design:RDL (Terminal Network), Interpolating frequency sweep complete. Converged. (04:16:53 PM  Jul 08, 2026)
[info] Project:temp_train_RDL_64_1783498526_31944, Design:RDL (Terminal Network), Normal completion of simulation on server: Local Machine. (04:16:53 PM  Jul 08, 2026)
[info] Project:temp_train_RDL_64_1783498526_31944, Design:RDL (Terminal Network), Touchstone export: Writing to "C:/ffzhzh/LocalFiles/Ansys_Project_Files/temp_train_RDL_64_1783498526_31944_SNP/temp_train_RDL_64_1783498526_31944.s2p" (04:16:55 PM  Jul 08, 2026)
Stopping Batch Run: 4:17:04 PM  Jul 08, 2026
 Jul 08, 2026)
[info] Project:temp_train_RDL_65_1783498532_9504, Design:RDL (Terminal Network), Normal completion of simulation on server:[info] Project:temp_train_RDL_66_1783498541_41296, Design:RDL (Terminal Network), An interpolating frequency sweep with 1000 points has been started using HFSS - Solving Distributed. (04:16:58 PM  Jul 08, 2026)
[info] Project:temp_train_RDL_66_1783498541_41296, Design:RDL (Terminal Network), InterpolatStopping Batch Run: 4:16:59 PM  Jul 08, 2026
6:58 PM  Jul 08, 2026)
[info] Project:temp_train_RDL_66_1783498541_41296, Design:RDL (Terminal Network), Normal completion of simulation on serv[info] Project:temp_train_RDL_67_1783498551_44152, Design:RDL (Terminal Network), An interpolating frequency sweep with 1000 points has been started using HFSS - Solving Distributed. (04:17:05 PM  Jul 08, 2026)
[info] Project:temp_train_RDL_67_1783498551_44152, Design:RDL (Terminal Network), Interpolating frStopping Batch Run: 4:17:09 PM  Jul 08, 2026
M  Jul 08, 2026)
[info] Project:temp_train_RDL_67_1783498551_44152, Design:RDL (Terminal Network), Normal completion of simulation on serve[info] Project:temp_train_RDL_68_1783498570_55944, Design:RDL (Terminal Network), An interpolating frequency sweep with 1000 points has been started using HFSS - Solving Distributed. (04:17:31 PM  Jul 08, 2026)
[info] Project:temp_train_RDL_68_1783498570_55944, Design:RDL (Terminal Network), Interpolating frequency sweep complete. Converged. (04:17:31 PM  Jul 08, 2026)
[info] Project:temp_train_RDL_68_1783498570_55944, Design:RDL (Terminal Network), Normal completion of simulation on serv[info] Project:temp_train_RDL_69_1783498622_9504, Design:RDL (Terminal Network), An interpolating frequency sweep with 1000 points has been started using HFSS - Solving Distributed. (04:18:19 PM  Jul 08, 2026)
[info] Project:temp_train_RDL_69_1783498622_9504, Design:RDL (Terminal Network), Interpolating frequency sweep complete. Converged. (04:18:19 PM  Jul 08, 2026)
[info] Project:temp_train_RDL_69_1783498622_9504, Design:RDL (Terminal Network), Normal completion of simulation on server: Local Machine. (04:18:19 PM  Jul 08, 2026)
[info] Project:temp_train_RDL_69_1783498622_9504, Design:RDL (Terminal Network), Touchstone export: Writing to "C:/ffzhzh/LocalFiles/Ansys_Project_Files/temp_train_RDL_69_1783498622_9504_SNP/temp_train_RDL_69_1783498622_9504.s2p" (04:18:20 PM  Jul 08, 2026)
Stopping Batch Run: 4:18:21 PM  Jul 08, 2026
98626_31944, Design:RDL (Terminal Network), An interpolating frequency sweep with 1000 points has been started using HFSS - Solving Distributed. [info] Project:temp_train_RDL_71_1783498629_44152, Design:RDL (Terminal Network), An interpolating frequency sweep with 1000 points has been started using HFSS - Solving Distributed. (04:18:18 PM  Jul 08, 2026)
[info] Project:temp_train_RDL_71_1783498629_44152, Design:RDL (Terminal Network), Interpolating frequency sweep complete. Converged. (04:18:18 PM  [info] Project:temp_train_RDL_72_1783498631_41296, Design:RDL (Terminal Network), An interpolating frequency sweep with 1000 points has been started using HFSS - Solving Distributed. (04:18:28 PM  Jul 08, 2026)
[info] Project:temp_train_RDL_72_1783498631_41296, Design:RDL (Terminal Network), Interpolating frequency sweep complete. Converged. (04:18:28 PM  Jul 08, 2026)
[info] Project:temp_train_RDL_72_1783498631_41296, Design:RDL (Terminal Stopping Batch Run: 4:18:29 PM  Jul 08, 2026
erv[info] Project:temp_train_RDL_73_1783498661_55944, Design:RDL (Terminal Network), An interpolating frequency sweep with 1000 points has been started using HFSS - Solving Distributed. (04:18:58 PM  Jul 08, 2026)
[info] Project:temp_train_RDL_73_1783498661_55944, Design:RDL (Terminal Network), Interpolating frequency sweep complete. Converged. (04:18:58 PM  Jul 08, 2026)
[info] Project:temp_train_RDL_73_1783498661_55944, Design:RDL (Terminal Network), Normal completion of simulation on serve[info] Project:temp_train_RDL_74_1783498701_31944, Design:RDL (Terminal Network), An interpolating frequency sweep with 1000 points has been started using HFSS - Solving Distributed. (04:19:26 PM  Jul 08, 2026)
[info] Project:temp_train_RDL_74_1783498701_31944, Design:RDL (Terminal Network), Interpolating frequency sweep complete. Converged. (04:19:26 PM  Jul 08, 2026)
[info] Project:temp_train_RDL_74_1783498701_31944, Design:RDL (Terminal Network), Normal completion of simulation on serve[info] Project:temp_train_RDL_75_1783498704_9504, Design:RDL (Terminal Network), An interpolating frequency sweep with 1000 points has been started using HFSS - Solving Distributed. (04:19:36 PM  Jul 08, 2026)
[info] Project:temp_train_RDL_75_1783498704_9504, Design:RDL (Terminal Network), Interpolating frequency sweep complete. Converged. (04:19:36 PM  Jul 08, 2026)
[info] Project:temp_train_RDL_75_1783498704_9504, Design:RDL (Terminal Network), Normal completion of simulation on server: Local Machine. (04:19:37 PM  Jul 08, 2026)
[info] Project:temp_train_RDL_75_1783498704_9504, Design:RDL (Terminal Network), Touchstone export: Writing to "C:/ffzhzh/LocalFiles/Ansys_Project_Files/temp_train_RDL_75_1783498704_9504_SNP/temp_train_RDL_75_1783498704_9504.s2p" (04:19:38 PM  Jul 08, 2026)
Stopping Batch Run: 4:19:39 PM  Jul 08, 2026
19:36 PM  [info] Project:temp_train_RDL_77_1783498714_41296, Design:RDL (Terminal Network), An interpolating frequency sweep with 1000 points has been started using HFSS - Solving Distributed. (04:19:57 PM  Jul 08, 2026)
[info] Project:temp_train_RDL_77_1783498714_41296, Design:RDL (Terminal Network), Interpolating frequency sweep complete. Converged. (04:19:57 PM  Jul 08, 2026)
[info] Project:temp_train_RDL_77_1783498714_41296, Design:RDL (Terminal Network), Normal completion of simulation on serv[info] Project:temp_train_RDL_78_1783498752_55944, Design:RDL (Terminal Network), An interpolating frequency sweep with 1000 points has been started using HFSS - Solving Distributed. (04:20:30 PM  Jul 08, 2026)
[info] Project:temp_train_RDL_78_1783498752_55944, Design:RDL (Terminal Network), Interpolating frequency sweep complete. Converged. (04:20:30 PM  Jul 08, 2026)
[info] Project:temp_train_RDL_78_1783498752_55944, Design:RDL (Terminal Network), Normal completion of simulation on serv[info] Project:temp_train_RDL_79_1783498776_31944, Design:RDL (Terminal Network), An interpolating frequency sweep with 1000 points has been started using HFSS - Solving Distributed. (04:20:42 PM  Jul 08, 2026)
[info] Project:temp_train_RDL_79_1783498776_31944, Design:RDL (Terminal Network), Interpolating frequency sweep complete. Converged. (04:20:42 PM  Jul 08, 2026)
[info] Project:temp_train_RDL_79_1783498776_31944, Design:RDL (Terminal Network), Normal completion of simulation on serv[info] Project:temp_train_RDL_80_1783498782_9504, Design:RDL (Terminal Network), An interpolating frequency sweep with 1000 points has been started using HFSS - Solving Distributed. (04:20:48 PM  Jul 08, 2026)
[info] Project:temp_train_RDL_80_1783498782_9504, Design:RDL (Terminal Network), Interpolating frequency sweep complete. Converged. (04:20:48 PM  Jul 08, 2026)
[info] Project:temp_train_RDL_80_1783498782_9504, Design:RDL (Terminal Network), Normal completion of simulation on server:[info] Project:temp_train_RDL_81_1783498787_44152, Design:RDL (Terminal Network), An interpolating frequency sweep with 1000 points has been started using HFSS - Solving Distributed. (04:20:58 PM  Jul 08, 2026)
[info] Project:temp_train_RDL_81_1783498787_44152, Design:RDL (Terminal Network), InterpolatStopping Batch Run: 4:20:59 PM  Jul 08, 2026
0:58 PM  Jul 08, 2026)
[info] Project:temp_train_RDL_81_1783498787_44152, Design:RDL (Terminal Network), Normal completion of simulation on server: Local Machine. (04:20:58 PM  Jul 08, 2026)
[info] Project:temp_train_RDL_81_1783498787_44152, Design:RDL (Terminal Network), Touchstone export: Writing to "C:/ffzhzh/LocalFiles/Ansys_Project_Files/temp_train_RDL_81_1783498787_44152_SNP/temp_train_RDL_81_1783498787_44152.s2p" (04:20:59 PM  Jul 08, 2026)
St[info] Project:temp_train_RDL_82_1783498802_41296, Design:RDL (Terminal Network), An interpolating frequency sweep with 1000 points has been started using HFSS - Solving Distributed. [info] Project:temp_train_RDL_83_1783498835_55944, Design:RDL (Terminal Network), An interpolating frequency sweep with 1000 points has been started using HFSS - Solving Distributed. (04:21:39 PM  Jul 08, 2026)
[info] Project:temp_train_RDL_83_1783498835_55944, Design:RDL (Terminal Network), Interpolating frequency sweep complete. Converged. (04:21:39 PM  Jul 08, 2026)
[info] Project:temp_train_RDL_83_1783498835_55944, Design:RDL (Terminal Network), Normal completion of simulation on serv[info] Project:temp_train_RDL_84_1783498848_31944, Design:RDL (Terminal Network), An interpolating frequency sweep with 1000 points has been started using HFSS - Solving Distributed. (04:22:01 PM  Jul 08, 2026)
[info] Project:temp_train_RDL_84_1783498848_31944, Design:RDL (Terminal Network), Interpolating frequency sweep complete. Converged. (04:22:01 PM  Jul 08, 2026)
[info] Project:temp_train_RDL_84_1783498848_31944, Design:RDL (Terminal Network), Normal completion of simulation on serv[info] Project:temp_train_RDL_85_1783498862_9504, Design:RDL (Terminal Network), An interpolating frequency sweep with 1000 points has been started using HFSS - Solving Distributed. (04:22:09 PM  Jul 08, 2026)
[info] Project:temp_train_RDL_85_1783498862_9504, Design:RDL (Terminal Network), Interpolating frequency sweep complete. Converged. (04:22:09 PM  Jul 08, 2026)
[info] Project:temp_train_RDL_85_1783498862_9504, Design:RDL (Terminal Network), Normal completion of simulation on server:[info] Project:temp_train_RDL_86_1783498867_4[info] Project:temp_train_RDL_85_1783498862_9504, Design:RDL (Terminal Network), Touchstone export: Writing to "C:/ffzhzh/LocalFiles/Ansys_Project_Files/temp_train_RDL_85_1783498862_9504_SNP/temp_train_RDL_85_1783498862_9504.s2p" (04:22:10 PM  Jul 08, 2026)
Stopping Batch Run: 4:22:19 PM  Jul 08, 2026
2:09 PM  Jul 08, 2026)
[info] Project:temp_train_RDL_86_1783498867_44152, Design:RDL (Terminal Network), Normal completion of simulation on serv[info] Project:temp_train_RDL_87_1783498882_41296, Design:RDL (Terminal Network), An interpolating frequency sweep with 1000 points has been started using HFSS - Solving Distributed. (04:22:28 PM  Jul 08, 2026)
[info] Project:temp_train_RDL_87_1783498882_41296, Design:RDL (Terminal Network), Interpolating frequency sweep complete. Converged. (04:22:28 PM  Jul 08, 2026)
[info] Project:temp_train_RDL_87_1783498882_41296, Design:RDL (Terminal Network), Normal completion of simulation on serv[info] Project:temp_train_RDL_88_1783498904_55944, Design:RDL (Terminal Network), An interpolating frequency sweep with 1000 points has been started using HFSS - Solving Distributed. (04:22:51 PM  Jul 08, 2026)
[info] Project:temp_train_RDL_88_1783498904_55944, Design:RDL (Terminal Network), Interpolating frequency sweep complete. Converged. (04:22:51 PM  Jul 08, 2026)
[info] Project:temp_train_RDL_88_1783498904_55944, Design:RDL (Terminal Network), Normal completion of simulation on serv[info] Project:temp_train_RDL_89_1783498927_31944, Design:RDL (Terminal Network), An interpolating frequency sweep with 1000 points has been started using HFSS - Solving Distributed. (04:23:55 PM  Jul 08, 2026)
[info] Project:temp_train_RDL_89_1783498927_31944, Design:RDL (Terminal Network), Interpolating frequency sweep complete. Converged. (04:23:55 PM  Jul 08, 2026)
[info] Project:temp_train_RDL_89_1783498927_31944, Design:RDL (Terminal Network), Normal completion of simulation on server: Local Machine. (04:23:55 PM  Jul 08, 2026)
[info] Project:temp_train_RDL_89_1783498927_31944, Design:RDL (Terminal Network), Touchstone export: Writing to "C:/ffzhzh/LocalFiles/Ansys_Project_Files/temp_train_RDL_89_1783498927_31944_SNP/temp_train_RDL_89_1783498927_31944.s2p" (04:23:59 PM  Jul 08, 2026)
Stopping Batch Run: 4:23:59 PM  Jul 08, 2026
44152, Design:RDL (Terminal Network), An interpolating frequency sweep with 1000 points has been started using HFSS - Solving Distributed. (04:23:45 PM  Jul 08, 2026)
[info] Project:temp_train_RDL_90_1783498942_44152, Design:RDL (Terminal Network), Interpolating frequency sweep complete. Converged. (04:23:45 PM  Jul 08, 2026)
[info] Project:temp_train_RDL_90_1783498942_44152, Design:RDL (Terminal Network), Normal completion of simulation on server: Local Machine. (04:23:45 PM  Jul 08, 2026)[info] Project:temp_train_RDL_92_1783498963_41296, Design:RDL (Terminal Network), An interpolating frequency sweep with 1000 points has been started using HFSS - Solving Distributed. (04:24:04 PM  Jul 08, 2026)
[info] Project:temp_train_RDL_92_1783498963_41296, Design:RDL (Terminal Network), Interpolating frequency sweep complete. Converged. (04:24:04 PM  Jul 08, 2026)
[info] Project:temp_train_RDL_92_1783498963_41296, Design:RDL (Terminal Network), Normal completion of simulation on server: Local Machine. (04:24:04 PM  Jul 08, 2026)
[info] Project:temp_train_RDL_92_1783498963_41296, Design:RDL (Terminal Network), Touchstone export: Writing to "C:/ffzhzh/LocalFiles/Ansys_Project_Files/temp_train_RDL_92_1783498963_41296_SNP/temp_train_RDL_92_1783498963_41296.s2p" (04:24:07 PM  Jul 08, 2026)
Stopping Batch Run: 4:24:07 PM  Jul 08, 2026
PM  Jul 08, 2026)
[info] Project:temp_train_RDL_93_1783498976_55944, Design:RDL (Terminal Network), Normal completion of simulation on serv[info] Project:temp_train_RDL_94_1783499014_9504, Design:RDL (Terminal Network), An interpolating frequency sweep with 1000 points has been started using HFSS - Solving Distributed. (04:24:55 PM  Jul 08, 2026)
[info] Project:temp_train_RDL_94_1783499014_9504, Design:RDL (Terminal Network), Interpolating frequency sweep complete. Converged. (04:24:55 PM  Jul 08, 2026)
[info] Project:temp_train_RDL_94_1783499014_9504, Design:RDL (Terminal Network), Normal completion of simulation on server:[info] Project:temp_train_RDL_95_1783499033_44152, Design:RDL (Terminal Network), An interpolating frequency sweep with 1000 points has been started using HFSS - Solving Distributed. (04:25:00 PM  Jul 08, 2026)
[info] Project:temp_train_RDL_95_1783499033_44152, Design:RDL (Terminal Network), Interpolating frequency sweep complete. Converged. (04:25:00 PM  Jul 08, 2026)
[info] Project:temp_train_RDL_95_1783499033_44152, Design:RDL (Terminal Network), Normal completion of simulation on serv[info] Project:temp_train_RDL_96_1783499042_31944, Design:RDL (Terminal Network), Solving frequencies ... (Nondomain solver), process hf3d: Port 1 supports an additional propagating and/or slowly decaying mode whose attenuation is   1.411e-01 and propagation constant is  -5.013e+02 (04:25:29 PM  Jul 08, 2026)
[info] Project:temp_train_RDL_96_1783499042_31944, Design:RDL (Terminal Network), Solving frequencies ... (Nondomain solver), process hf3d: Port 2 supports an additional propagating a[info] Project:temp_train_RDL_97_1783499049_55944, Design:RDL (Terminal Network), An interpolating frequency sweep with 1000 poin[info] Project:temp_train_RDL_96_1783499042_31944, Design:RDL (Terminal Network), An interpolating frequency sweep with 1000 points has been started using HFSS - Solving Distributed. (04:26:16 PM  Jul 08, 2026)
[info] Project:temp_train_RDL_96_1783499042_31944, Design:RDL (Terminal Network), Interpolating frequency sweep complete. Converged. (04:26:16 PM  Jul 08, 2026)
[info] Project:temp_train_RDL_96_1783499042_31944, Design:RDL (Terminal Network), Normal completion of simulation on server: Local Machine. (04:26:16 PM  Jul 08, 2026)
[info] Project:temp_train_RDL_96_1783499042_31944, Design:RDL (Terminal Network), Touchstone export: Writing to "C:/ffzhzh/LocalFiles/Ansys_Project_Files/temp_train_RDL_96_1783499042_31944_SNP/temp_train_RDL_96_1783499042_31944.s2p" (04:26:17 PM  Jul 08, 2026)
Stopping Batch Run: 4:26:17 PM  Jul 08, 2026
oints has been started using HFSS - Solving Distributed. (04:26:07 PM  Jul 08, 2026)
[info] Project:temp_train_RDL_99_1783499100_9504, Design:RDL (Terminal Network), Interpolating frequency sweep complete. Converged. (04:26:07 PM  Jul 08, 2026)
[info] Project:temp_train_RDL_99_1783499100_9504, Design:RDL (Terminal Network), Normal completion of simulation on server: [info] Project:temp_train_RDL_100_1783499113_44152, Design:RDL (Terminal Network), An interpolating frequency sweep with 1000 points has been started using HFSS - Solving Distributed. (04:26:18 PM  Jul 08, 2026)
[info] Project:temp_train_RDL_100_1783499113_44152, Design:RDL (Terminal Network), Interpolating frequency sweep complete. Converged. (04:26:18 PM  Jul 08, 2026)
[info] Project:temp_train_RDL_100_1783499113_44152, Design:RDL (Terminal Network), Normal completion of simulation on se[info] Project:temp_train_RDL_101_1783499129_41296, Design:RDL (Terminal Network), An interpolating frequency sweep with 1000 points has been started using HFSS - Solving Distributed. (04:26:36 PM  Jul 08, 2026)
[info] Project:temp_train_RDL_101_1783499129_41296, Design:RDL (Terminal Network), Interpolating frequency sweep complete. Converged. (04:26:36 PM  Jul 08, 2026)
[info] Project:temp_train_RDL_101_1783499129_41296, Design:RDL (Terminal Network), Normal completion of simulation on se[info] Project:temp_train_RDL_102_1783499145_55944, Design:RDL (Terminal Network), An interpolating frequency sweep with 1000 points has been started using HFSS - Solving Distributed. (04:26:49 PM  Jul 08, 2026)
[info] Project:temp_train_RDL_102_1783499145_55944, Design:RDL (Terminal Network), Interpolating frequency sweep complete. Converged. (04:26:49 PM  Jul 08, 2026)
[info] Project:temp_train_RDL_102_1783499145_55944, Design:RDL (Terminal Network), Normal completion of simulation on s[info] Project:temp_train_RDL_103_1783499172_9504, Design:RDL (Terminal Network), An interpolating frequency sweep with 1000 points has been started using HFSS - Solving Distributed. (04:27:28 PM  Jul 08, 2026)
[info] Project:temp_train_RDL_103_1783499172_9504, Design:RDL (Terminal Network), Interpolating frequency sweep complete. Converged. (04:27:28 PM  Jul 08, 2026)
[info] Project:temp_train_RDL_103_1783499172_9504, Design:RDL (Terminal Network), Normal completion of simulation on server: Local Machine. (04:27:28 PM  Jul 08, 2026)
[info] Project:temp_train_RDL_103_1783499172_9504, Design:RDL (Terminal Network), Touchstone export: Writing to "C:/ffzhzh/LocalFiles/Ansys_Project_Files/temp_train_RDL_103_1783499172_9504_SNP/temp_train_RDL_103_1783499172_9504.s2p" (04:27:29 PM  Jul 08, 2026)
Stopping Batch Run: 4:27:40 PM  Jul 08, 2026
 PM  Jul 08, 2026)
[info] Project:temp_train_RDL_104_1783499180_31944, Design:RDL (Terminal Network), Normal completion of simulation on s[info] Project:temp_train_RDL_105_1783499193_44152, Design:RDL (Terminal Network), An interpolating frequency sweep with 1000 points has been started using HFSS - Solving Distributed. (04:27:44 PM  Jul 08, 2026)
[info] Project:temp_train_RDL_105_1783499193_44152, Design:RDL (Terminal Network), Interpolating frequency sweep complete. Converged. (04:27:44 PM  Jul 08, 2026)
[info] Project:temp_train_RDL_105_1783499193_44152, Design:RDL (Terminal Network), Normal completion of simulation on s[info] Project:temp_train_RDL_106_1783499203_41296, Design:RDL (Terminal Network), An interpolating frequency sweep with 1000 points has been started using HFSS - Solving Distributed. (04:27:48 PM  Jul 08, 2026)
[info] Project:temp_train_RDL_106_1783499203_41296, Design:RDL (Terminal Network), Interpolating frequency sweep complete. Converged. (04:27:48 PM  Jul 08, 2026)
[info] Project:temp_train_RDL_106_1783499203_41296, Design:RDL (Terminal Network), Normal completion of simulation on s[info] Project:temp_train_RDL_107_1783499223_55944, Design:RDL (Terminal Network), An interpolating frequency sweep with 1000 points has been started using HFSS - Solving Distributed. (04:28:07 PM  Jul 08, 2026)
[info] Project:temp_train_RDL_107_1783499223_55944, Design:RDL (Terminal Network), Interpolating frequency sweep complete. Converged. (04:28:07 PM  Jul 08, 2026)
[info] Project:temp_train_RDL_107_1783499223_55944, Design:RDL (Terminal Network), Normal completion of simulation on s[info] Project:temp_train_RDL_108_1783499257_31944, Design:RDL (Terminal Network), An interpolating frequency sweep with 1000 points has been started using HFSS - Solving Distributed. (04:28:39 PM  Jul 08, 2026)
[info] Project:temp_train_RDL_108_1783499257_31944, Design:RDL (Terminal Network), Interpolating frequency sweep complete. Converged. (04:28:39 PM  Jul 08, 2026)
[info] Project:temp_train_RDL_108_1783499257_31944, Design:RDL (Terminal Network), Normal completion of simulation on s[info] Project:temp_train_RDL_109_1783499263_9504, Design:RDL (Terminal Network), An interpolating frequency sweep with 1000 points has been started using HFSS - Solving Distributed. (04:29:03 PM  Jul 08, 2026)
[info] Project:temp_train_RDL_109_1783499263_9504, Design:RDL (Terminal Network), Interpolating frequency sweep complete. Converged. (04:29:03 PM  Jul 08, 2026)
[info] Project:temp_train_RDL_109_1783499263_9504, Design:RDL (Terminal Network), Normal completion of simulation on server: Local Machine. (04:29:03 PM  Jul 08, 2026)
[info] Project:temp_train_RDL_109_1783499263_9504, Design:RDL (Terminal Network), Touchstone export: Writing to "C:/ffzhzh/LocalFiles/Ansys_Project_Files/temp_train_RDL_109_1783499263_9504_SNP/temp_train_RDL_109_1783499263_9504.s2p" (04:29:05 PM  Jul 08, 2026)
Stopping Batch Run: 4:29:10 PM  Jul 08, 2026
 PM  Jul 08, 2026)
[info] Project:temp_train_RDL_110_1783499270_44152, Design:RDL (Terminal Network), Normal completion of simulation on s[info] Project:temp_train_RDL_111_1783499283_41296, Design:RDL (Terminal Network), An interpolating frequency sweep with 1000 points has been started using HFSS - Solving Distributed. (04:29:09 PM  Jul 08, 2026)
[info] Project:temp_train_RDL_111_1783499283_41296, Design:RDL (Terminal Network), Interpolating frequency sweep complete. Converged. (04:29:09 PM  Jul 08, 2026)
[info] Project:temp_train_RDL_111_1783499283_41296, Design:RDL (Terminal Network), Normal completion of simulation on s[info] Project:temp_train_RDL_112_1783499297_55944, Design:RDL (Terminal Network), An interpolating frequency sweep with 1000 points has been started using HFSS - Solving Distributed. (04:29:21 PM  Jul 08, 2026)
[info] Project:temp_train_RDL_112_1783499297_55944, Design:RDL (Terminal Network), Interpolating frequency sweep complete. Converged. (04:29:21 PM  Jul 08, 2026)
[info] Project:temp_train_RDL_112_1783499297_55944, Design:RDL (Terminal Network), Normal completion of simulation on se[info] Project:temp_train_RDL_113_1783499327_31944, Design:RDL (Terminal Network), An interpolating frequency sweep with 1000 points has been started using HFSS - Solving Distributed. (04:29:49 PM  Jul 08, 2026)
[info] Project:temp_train_RDL_113_1783499327_31944, Design:RDL (Terminal Network), Interpolating frequency sweep complete. Converged. (04:29:49 PM  Jul 08, 2026)
[info] Project:temp_train_RDL_113_1783499327_31944, Design:RDL (Terminal Network), Normal completion of simulation on se[info] Project:temp_train_RDL_114_1783499342_44152, Design:RDL (Terminal Network), An interpolating frequency sweep with 1000 points has been started using HFSS - Solving Distributed. (04:30:04 PM  Jul 08, 2026)
[info] Project:temp_train_RDL_114_1783499342_44152, Design:RDL (Terminal Network), Interpolating frequency sweep complete. Converged. (04:30:04 PM  Jul 08, 2026)
[info] Project:temp_train_RDL_114_1783499342_44152, Design:RDL (Terminal Network), Normal completion of simulation on se[info] Project:temp_train_RDL_115_1783499353_9504, Design:RDL (Terminal Network), An interpolating frequency sweep with 1000 points has been started using HFSS - Solving Distributed. (04:30:24 PM  Jul 08, 2026)
[info] Project:temp_train_RDL_115_1783499353_9504, Design:RDL (Terminal Network), Interpolating frequency sweep complete. Converged. (04:30:24 PM  Jul 08, 2026)
[info] Project:temp_train_RDL_115_1783499353_9504, Design:RDL (Terminal Network), Normal completion of simulation on server: Local Machine. (04:30:24 PM  Jul 08, 2026)
[info] Project:temp_train_RDL_115_1783499353_9504, Design:RDL (Terminal Network), Touchstone export: Writing to "C:/ffzhzh/LocalFiles/Ansys_Project_Files/temp_train_RDL_11[info] Project:temp_train_RDL_117_1783499372_55944, Design:RDL (Terminal Network), An interpolating frequency sweep with 1000 points has been started using HFSS - Solving Distributed. (04:30:37 PM  Jul 08, 2026)
[info] Project:temp_train_RDL_117_1783499372_55944, Design:RDL (Terminal Network), Interpolating frequency sweep complete. Converged. (04:30:37 PM  Jul 08, 2026)
[info] Project:temp_train_RDL_117_1783499372_55944, Design:RDL (Terminal Network), Normal completion of simulation on s[info] Project:temp_train_RDL_118_1783499404_31944, Design:RDL (Terminal Network), An interpolating frequency sweep with 1000 points has been started using HFSS - Solving Distributed. (04:31:09 PM  Jul 08, 2026)
[info] Project:temp_train_RDL_118_1783499404_31944, Design:RDL (Terminal Network), Interpolating frequency sweep complete. Converged. (04:31:09 PM  Jul 08, 2026)
[info] Project:temp_train_RDL_118_1783499404_31944, Design:RDL (Terminal Network), Normal completion of simulation on s[info] Project:temp_train_RDL_119_1783499409_44152, Design:RDL (Terminal Network), An interpolating frequency sweep with 1000 points has been started using HFSS - Solving Distributed. (04:31:13 PM  Jul 08, 2026)
[info] Project:temp_train_RDL_119_1783499409_44152, Design:RDL (Terminal Network), Interpolating frequeStopping Batch Run: 4:31:20 PM  Jul 08, 2026
ul 08, 2026)
[info] Project:temp_train_RDL_119_1783499409_44152, Design:RDL (Terminal Network), Normal completion of simulation on s[info] Project:temp_train_RDL_120_1783499428_9504, Design:RDL (Terminal Network), An interpolating frequency sweep with 1000 points has been started using HFSS - Solving Distributed. (04:31:33 PM  Jul 08, 2026)
[info] Project:temp_train_RDL_120_1783499428_9504, Design:RDL (Terminal Network), Interpolating frequency sweep complete. Converged. (04:31:33 PM  Jul 08, 2026)
[info] Project:temp_train_RDL_120_1783499428_9504, Design:RDL (Terminal Network), Normal completion of simulation on serv[info] Project:temp_train_RDL_121_1783499433_41296, Design:RDL (Terminal Network), An interpolating frequency sweep with 1000 points has been started using HFSS - Solving Distributed. (04:31:36 PM  Jul 08, 2026)
[info] Project:temp_train_RDL_121_1783499433_41296, Design:RDL (Terminal Network), Interpolating frequency sweep complete. Converged. (04:31:36 PM  Jul 08, 2026)
[info] Project:temp_train_RDL_121_1783499433_41296, Design:RDL (Terminal Network), Normal completion of simulation on s[info] Project:temp_train_RDL_122_1783499448_55944, Design:RDL (Terminal Network), An interpolating frequency sweep with 1000 points has been started using HFSS - Solving Distributed. (04:31:53 PM  Jul 08, 2026)
[info] Project:temp_train_RDL_122_1783499448_55944, Design:RDL (Terminal Network), Interpolating frequency sweep complete. Converged. (04:31:53 PM  Jul 08, 2026)
[info] Project:temp_train_RDL_122_1783499448_55944, Design:RDL (Terminal Network), Normal completion of simulation on s[info] Project:temp_train_RDL_123_1783499478_44152, Design:RDL (Terminal Network), An interpolating frequency sweep with 1000 points has been started using HFSS - Solving Distributed. (04:32:36 PM  Jul 08, 2026)
[info] Project:temp_train_RDL_123_1783499478_44152, Design:RDL (Terminal Network), Interpolating frequency sweep complete. Converged. (04:32:36 PM  Jul 08, 2026)
[info] Project:temp_train_RDL_123_1783499478_44152, Design:RDL (Terminal Network), Normal completion of simulation on s[info] Project:temp_train_RDL_124_1783499484_31944, Design:RDL (Terminal Network), An interpolating frequency sweep with 1000 points has been started using HFSS - Solving Distributed. (04:32:38 PM  Jul 08, 2026)
[info] Project:temp_train_RDL_124_1783499484_31944, Design:RDL (Terminal Network), Interpolating frequeStopping Batch Run: 4:32:40 PM  Jul 08, 2026
ul 08, 2026)
[info] Project:temp_train_RDL_124_1783499484_31944, Design:RDL (Terminal Network), Normal completion of simulation on s[info] Project:temp_train_RDL_125_1783499498_9504, Design:RDL (Terminal Network), An interpolating frequency sweep with 1000 points has been started using HFSS - Solving Distributed. (04:32:50 PM  Jul 08, 2026)
[info] Project:temp_train_RDL_125_1783499498_9504, Design:RDL (Terminal Network), Interpolating frequency sweep complete. Converged. (04:32:50 PM  Jul 08, 2026)
[info] Project:temp_train_RDL_125_1783499498_9504, Design:RDL (Terminal Network), Normal completion of simulation on server: Local Machine. (04:32:50 PM  Jul 08, 2026)
[info] Project:temp_train_RDL_125_1783499498_9504, Design:RDL (Terminal Network), Touchstone export: Writing to "C:/ffzhzh/LocalFiles/Ansys_Project_Files/temp_train_RDL_125_1783499498_9504_SNP/temp_train_RDL_125_1783499498_9504.s2p" (04:32:52 PM  Jul 08, 2026)
Stopping Batch Run: 4:33:00 PM  Jul 08, 2026
7_41296, Design:RDL (Terminal Network), An interpolating frequency sweep with 1000 points has been started using HFSS - Solving Distributed[info] Project:temp_train_RDL_127_1783499528_55944, Design:RDL (Terminal Network), An interpolating frequency sweep with 1000 points has been started using HFSS - Solving Distributed. (04:33:24 PM  Jul 08, 2026)
[info] Project:temp_train_RDL_127_1783499528_55944, Design:RDL (Terminal Network), Interpolating frequency sweep complete. Converged. (04:33:24 PM  Jul 08, 2026)
[info] Project:temp_train_RDL_127_1783499528_55944, Design:RDL (Terminal Network), Normal completion of simulation on se[info] Project:temp_train_RDL_128_1783499562_44152, Design:RDL (Terminal Network), An interpolating frequency sweep with 1000 points has been started using HFSS - Solving Distributed. (04:33:44 PM  Jul 08, 2026)
[info] Project:temp_train_RDL_128_1783499562_44152, Design:RDL (Terminal Network), Interpolating frequency sweep complete. Converged. (04:33:44 PM[info] Project:temp_train_RDL_129_1783499564_31944, Design:RDL (Terminal Network), An interpolating frequency sweep with 1000 points has been started using HFSS - Solving Distributed. (04:33:57 PM  Jul 08, 2026)
[info] Project:temp_train_RDL_129_1783499564_31944, Design:RDL (Terminal Network), Interpolating frequency sweep complete. Converged. (04:33:57 PM  Jul 08, 2026)
[info] Project:temp_train_RDL_129_1783499564_31944, Design:RDL (Terminal Network), Normal completion of simulation on se[info] Project:temp_train_RDL_130_1783499579_41296, Design:RDL (Terminal Network), An interpolating frequency sweep with 1000 points has been started using HFSS - Solving Distributed. (04:34:05 PM  Jul 08, 2026)
[info] Project:temp_train_RDL_130_1783499579_41296, Design:RDL (Terminal Network), Interpolating frequStopping Batch Run: 4:34:06 PM  Jul 08, 2026
Jul 08, 2026)
[info] Project:temp_train_RDL_130_1783499579_41296, Design:RDL (Terminal Network), Normal completion of simulation on se[info] Project:temp_train_RDL_131_1783499582_9504, Design:RDL (Terminal Network), An interpolating frequency sweep with 1000 points has been started using HFSS - Solving Distributed. (04:34:20 PM  Jul 08, 2026)
[info] Project:temp_train_RDL_131_1783499582_9504, Design:RDL (Terminal Network), Interpolating frequency sweep complete. Converged. (04:34:20 PM  Jul 08, 2026)
[info] Project:temp_train_RDL_131_1783499582_9504, Design:RDL (Terminal Network), Normal completion of simulation on serve[info] Project:temp_train_RDL_132_1783499609_55944, Design:RDL (Terminal Network), An interpolating frequency sweep with 1000 points has been started using HFSS - Solving Distributed. (04:34:35 PM  Jul 08, 2026)
[info] Project:temp_train_RDL_132_1783499609_55944, Design:RDL (Terminal Network), Interpolating frequency sweep complete. Converged. (04:34:35 PM  Jul 08, 2026)
[info] Project:temp_train_RDL_132_1783499609_55944, Design:RDL (Terminal Network), Normal completion of simulation on s[info] Project:temp_train_RDL_133_1783499629_44152, Design:RDL (Terminal Network), An interpolating frequency sweep with 1000 points has been started using HFSS - Solving Distributed. (04:34:52 PM  Jul 08, 2026)
[info] Project:temp_train_RDL_133_1783499629_44152, Design:RDL (Terminal Network), Interpolating frequency sweep complete. Converged. (04:34:52 PM  Jul 08, 2026)
[info] Project:temp_train_RDL_133_1783499629_44152, Design:RDL (Terminal Network), Normal completion of simulation on s[info] Project:temp_train_RDL_134_1783499648_31944, Design:RDL (Terminal Network), An interpolating frequency sweep with 1000 points has been started using HFSS - Solving Distributed. (04:35:10 PM  Jul 08, 2026)
[info] Project:temp_train_RDL_134_1783499648_31944, Design:RDL (Terminal Network), Interpolating frequency sweep complete. Converged. (04:35:10 PM  Jul 08, 2026)
[info] Project:temp_train_RDL_134_1783499648_31944, Design:RDL (Terminal Network), Normal completion of simulation on s[info] Project:temp_train_RDL_135_1783499657_41296, Design:RDL (Terminal Network), An interpolating frequency sweep with 1000 points has been started using HFSS - Solving Distributed. (04:35:32 PM  Jul 08, 2026)
[info] Project:temp_train_RDL_135_1783499657_41296, Design:RDL (Terminal Network), Interpolating frequency sweep complete. Converged. (04:35:32 PM  Jul 08, 2026)
[info] Project:temp_train_RDL_135_1783499657_41296, Design:RDL (Terminal Network), Normal completion of simulation on s[info] Project:temp_train_RDL_136_1783499673_9504, Design:RDL (Terminal Network), An interpolating frequency sweep with 1000 points has been started using HFSS - Solving Distributed. (04:35:35 PM  Jul 08, 2026)
[info] Project:temp_train_RDL_136_1783499673_9504, Design:RDL (Terminal Network), Interpolating frequencStopping Batch Run: 4:35:36 PM  Jul 08, 2026
 08, 2026)
[info] Project:temp_train_RDL_136_1783499673_9504, Design:RDL (Terminal Network), Normal completion of simulation on serv[info] Project:temp_train_RDL_137_1783499688_55944, Design:RDL (Terminal Network), An interpolating frequency sweep with 1000 points has been started using HFSS - Solving Distributed. (04:35:53 PM  Jul 08, 2026)
[info] Project:temp_train_RDL_137_1783499688_55944, Design:RDL (Terminal Network), Interpolating frequency sweep complete. Converged. (04:35:53 PM  Jul 08, 2026)
[info] Project:temp_train_RDL_137_1783499688_55944, Design:RDL (Terminal Network), Normal completion of simulation on s[info] Project:temp_train_RDL_138_1783499703_44152, Design:RDL (Terminal Network), Solving frequencies ... (Nondomain solver), process hf3d: Port 1 supports an additional propagating and/or slowly decaying mode whose attenuation is   5.940e-02 and propagation constant is  -3.876e+02 (04:35:54 PM  Jul 08, 2026)
[info] Project:temp_train_RDL_138_1783499703_44152, Design:RDL (Terminal Network), An interpolating frequency sweep with 1000 points has been started using HFSS - Solving Distributed[info] Project:temp_train_RDL_139_1783499720_31944, Design:RDL (Terminal Network), An interpolating frequency sweep with 1000 points has been started using HFSS - Solving Distributed. (04:36:36 PM  Jul 08, 2026)
[info] Project:temp_train_RDL_139_1783499720_31944, Design:RDL (Terminal Network), Interpolating frequency sweep complete. Converged. (04:36:36 PM  Jul 08, 2026)
[info] Project:temp_train_RDL_139_1783499720_31944, Design:RDL (Terminal Network), Normal completion of simulation on s[info] Project:temp_train_RDL_140_1783499739_41296, Design:RDL (Terminal Network), An interpolating frequency sweep with 1000 points has been started using HFSS - Solving Distributed. (04:36:50 PM  Jul 08, 2026)
[info] Project:temp_train_RDL_140_1783499739_41296, Design:RDL (Terminal Network), Interpolating frequency sweep complete. Converged. (04:36:50 PM[info] Project:temp_train_RDL_141_1783499741_9504, Design:RDL (Terminal Network), An interpolating frequency sweep with 1000 points has been started using HFSS - Solving Distributed. (04:36:53 PM  Jul 08, 2026)
[info] Project:temp_train_RDL_141_1783499741_9504, Design:RDL (Terminal Network), Interpolating frequency sweep complete. Converged. (04:36:53 PM  Jul 08, 2026)
[info] Project:temp_train_RDL_141_1783499741_9504, Design:RDL (Terminal NetworStopping Batch Run: 4:37:01 PM  Jul 08, 202[info] Project:temp_train_RDL_142_1783499763_55944, Design:RDL (Terminal Network), An interpolating frequency sweep with 1000 points has been started using HFSS - Solving Distributed. (04:37:15 PM  Jul 08, 2026)
[info] Project:temp_train_RDL_142_1783499763_55944, Design:RDL (Terminal Network), Interpolating frequency sweep complete. Converged. (04:37:15 PM  Jul 08, 2026)
[info] Project:temp_train_RDL_142_1783499763_55944, Design:RDL (Terminal Network), Normal completion of simulation on s[info] Project:temp_train_RDL_143_1783499793_44152, Design:RDL (Terminal Network), An interpolating frequency sweep with 1000 points has been started using HFSS - Solving Distributed. (04:37:39 PM  Jul 08, 2026)
[info] Project:temp_train_RDL_143_1783499793_44152, Design:RDL (Terminal Network), Interpolating frequency sweep complete. Converged. (04:37:39 PM  Jul 08, 2026)
[info] Project:temp_train_RDL_143_1783499793_44152, Design:RDL (Terminal Network), Normal completion of simulation on s[info] Project:temp_train_RDL_144_1783499808_31944, Design:RDL (Terminal Network), An interpolating frequency sweep with 1000 points has been started using HFSS - Solving Distributed. (04:38:05 PM  Jul 08, 2026)
[info] Project:temp_train_RDL_144_1783499808_31944, Design:RDL (Terminal Network), Interpolating frequency sweep complete. Converged. (04:38:05 PM  Jul 08, 2026)
[info] Project:temp_train_RDL_144_1783499808_31944, Design:RDL (Terminal Network), Normal completion of simulation on s[info] Project:temp_train_RDL_145_1783499823_9504, Design:RDL (Terminal Network), An interpolating frequency sweep with 1000 points has been started using HFSS - Solving Distributed. (04:38:16 PM  Jul 08, 2026)
[info] Project:temp_train_RDL_145_1783499823_9504, Design:RDL (Terminal Network), Interpolating frequencStopping Batch Run: 4:38:16 PM  Jul 08, 2026
 08, 2026)
[info] Project:temp_train_RDL_145_1783499823_9504, Design:RDL (Terminal Network), Normal completion of simulation on server: Local Machine. (04:38:16 PM  Jul 08, 2026)
[info] Project:temp_train_RDL_145_1783499823_9504, Design:RDL (Terminal Network), Touchstone export: Writing to "C:/ffzhzh/LocalFiles/Ansys_Project_Files/temp_train_RDL_14[info] Project:temp_train_RDL_147_1783499848_55944, Design:RDL (Terminal Network), An interpolating frequency sweep with 1000 points has been started using HFSS - Solving Distributed. (04:38:42 PM  Jul 08, 2026)
[info] Project:temp_train_RDL_147_1783499848_55944, Design:RDL (Terminal Network), Interpolating frequency sweep complete. Converged. (04:38:42 PM  Jul 08, 2026)
[info] Project:temp_train_RDL_147_1783499848_55944, Design:RDL (Terminal Network), Normal completion of simulation on s[info] Project:temp_train_RDL_148_1783499864_44152, Design:RDL (Terminal Network), An interpolating frequency sweep with 1000 points has been started using HFSS - Solving Distributed. (04:38:56 PM  Jul 08, 2026)
[info] Project:temp_train_RDL_148_1783499864_44152, Design:RDL (Terminal Network), Interpolating frequency sweep complete. Converged. (04:38:56 PM  Jul 08, 2026)
[info] Project:temp_train_RDL_148_1783499864_44152, Design:RDL (Terminal Network), Normal completion of simulation on se[info] Project:temp_train_RDL_149_1783499897_31944, Design:RDL (Terminal Network), An interpolating frequency sweep with 1000 points has been started using HFSS - Solving Distributed. (04:39:34 PM  Jul 08, 2026)
[info] Project:temp_train_RDL_149_1783499897_31944, Design:RDL (Terminal Network), Interpolating frequency sweep complete. Converged. (04:39:34 PM  Jul 08, 2026)
[info] Project:temp_train_RDL_149_1783499897_31944, Design:RDL (Terminal Network), Normal completion of simulation on se[info] Project:temp_train_RDL_150_1783499903_41296[info] Project:temp_train_RDL_149_1783499897_31944, Design:RDL (Terminal Network), Touchstone export: Writing to "C:/ffzhzh/LocalFiles/Ansys_Project_Files/temp_train_RDL_149_1783499897_31944_SNP/temp_train_RDL_149_1783499897_31944.s2p" (04:39:35 PM  Jul 08, 2026)
Stopping Batch Run: 4:39:36 PM  Jul 08, 2026
Jul 08, 2026)
[info] Project:temp_train_RDL_150_1783499903_41296, Design:RDL (Terminal Network), Normal completion of simulation on se[info] Project:temp_train_RDL_151_1783499909_9504, Design:RDL (Terminal Network), An interpolating frequency sweep with 1000 points has been started using HFSS - Solving Distributed. (04:39:46 PM  Jul 08, 2026)
[info] Project:temp_train_RDL_151_1783499909_9504, Design:RDL (Terminal Network), Interpolating frequency sweep complete. Converged. (04:39:46 PM  Jul 08, 2026)
[info] Project:temp_train_RDL_151_1783499909_9504, Design:RDL (Terminal Network), Normal completion of simulation on serv[info] Project:temp_train_RDL_152_1783499927_55944, Design:RDL (Terminal Network), An interpolating frequency sweep with 1000 points has been started using HFSS - Solving Distributed. (04:40:11 PM  Jul 08, 2026)
[info] Project:temp_train_RDL_152_1783499927_55944, Design:RDL (Terminal Network), Interpolating frequency sweep complete. Converged. (04:40:11 PM  Jul 08, 2026)
[info] Project:temp_train_RDL_152_1783499927_55944, Design:RDL (Terminal Network), Normal completion of simulation on s[info] Project:temp_train_RDL_153_1783499948_44152,[info] Project:temp_train_RDL_152_1783499927_55944, Design:RDL (Terminal Network), Touchstone export: Writing to "C:/ffzhzh/LocalFiles/Ansys_Project_Files/temp_train_RDL_152_1783499927_55944_SNP/temp_train_RDL_152_1783499927_55944.s2p" (04:40:12 PM  Jul 08, 2026)
Stopping Batch Run: 4:40:13 PM  Jul 08, 2026
ul 08, 2026)
[info] Project:temp_train_RDL_153_1783499948_44152, Design:RDL (Terminal Network), Normal completion of simulation on s[info] Project:temp_train_RDL_154_1783499979_31944, Design:RDL (Terminal Network), An interpolating frequency sweep with 1000 points has been started using HFSS - Solving Distributed. (04:40:54 PM  Jul 08, 2026)
[info][info] Project:temp_train_RDL_155_1783499980_41296, Design:RDL (Terminal Network), An interpolating frequency sweep with 1000 points has been started using HFSS - Solving Distributed. (04:40:55 PM  Jul 08, 2026)
[info] Project:temp_train_RDL_155_1783499980_41296, Design:RDL (Terminal Network), Interpolating frequency sweep c[info] Project:temp_train_RDL_154_1783499979_31944, Design:RDL (Terminal Network), Touchstone export: Writing to "C:/ffzhzh/LocalFiles/Ansys_Project_Files/temp_train_RD[info] Project:temp_train_RDL_156_1783499998_9504, Design:RDL (Terminal Network), An interpolating frequency sweep with 1000 points has been started using HFSS - Solving Distributed. (04:41:12 PM  Jul 08, 2026)
[info] Project:temp_train_RDL_156_1783499998_9504, Design:RDL (Terminal Network), Interpolating frequency sweep complete. Converged. (04:41:12 PM  Jul 08, 2026)
[info] Project:temp_train_RDL_156_1783499998_9504, Design:RDL (Terminal Network), Normal completion of simulation on serv[info] Project:temp_train_RDL_157_1783500016_55944, Design:RDL (Terminal Network), An interpolating frequency sweep with 1000 points has been started using HFSS - Solving Distributed. (04:41:19 PM  Jul 08, 2026)
[info] Project:temp_train_RDL_157_1783500016_55944, Design:RDL (Terminal Network), Interpolating Stopping Batch Run: 4:41:21 PM  Jul 08, 2026
 PM[info] Project:temp_train_RDL_158_1783500018_44152, Design:RDL (Terminal Network), An interpolating frequency sweep with 1000 points has been started using HFSS - Solving Distributed. (04:41:20 PM  Jul 08, 2026)
[info] Project:temp_train_RDL_158_1783500018_44152, Design:RDL (Terminal Network), Interpolating frequency sweep complete. Converged. (04:41:20 PM  Jul 08, 2026)
[info] Project:temp_train_RDL_158_1783500018_44152, Design:RDL (Terminal NetStopping Batch Run: 4:41:31 PM  Jul 08, 202[info] Project:temp_train_RDL_159_1783500064_41296, Design:RDL (Terminal Network), An interpolating frequency sweep with 1000 points has been started using HFSS - Solving Distributed. (04:42:05 PM  Jul 08, 2026)
[info] Project:temp_train_RDL_159_1783500064_41296, Design:RDL (Terminal Network), Interpolating frequency sweep complete. Converged. (04:42:05 PM  Jul 08, 2026)
[info] Project:temp_train_RDL_159_1783500064_41296, Design:RDL (Terminal Network), Normal completion of simulation on s[info] Project:temp_train_RDL_160_1783500069_31944, Design:RDL (Terminal Network), An interpolating frequency sweep with 1000 points has been started using HFSS - Solving Distributed. (04:42:14 PM  Jul 08, 2026)
[info] Project:temp_train_RDL_160_1783500069_31944, Design:RDL (Terminal Network), Interpolating frequeStopping Batch Run: 4:42:16 PM  Jul 08, 2026
ul 08, 2026)
[info] Project:temp_train_RDL_160_1783500069_31944, Design:RDL (Terminal Network), Normal completion of simulation on s[info] Project:temp_train_RDL_161_1783500084_9504, Design:RDL (Terminal Network), An interpolating frequency sweep with 1000 points has been started using HFSS - Solving Distributed. (04:42:29 PM  Jul 08, 2026)
[info] Project:temp_train_RDL_161_1783500084_9504, Design:RDL (Terminal Network), Interpolating frequency sweep complete. Converged. (04:42:29 PM  Jul 08, 2026)
[info] Project:temp_train_RDL_161_1783500084_9504, Design:RDL (Terminal Network), Normal completion of simulation on server: Local Machine. (04:42:29 PM  Jul 08, 2026)
[info] Project:temp_train_RDL_161_1783500084_9504, Design:RDL (Terminal Network), Touchstone export: Writing to "C:/ffzhzh/LocalFiles/Ansys_Project_Files/temp_train_RDL_161_1783500084_9504_SNP/temp_train_RDL_161_1783500084_9504.s2p" (04:42:31 PM  Jul 08, 2026)
Stopping Batch Run: 4:42:41 PM  Jul 08, 2026
n se[info] Project:temp_train_RDL_163_1783500093_55944, Design:RDL (Terminal Network), An interpolating frequency sweep with 1000 points has been started using HFSS - Solving Distributed. (04:42:37 PM  Jul 08, 2026)
[info] Project:temp_train_RDL_163_1783500093_55944, Design:RDL (Terminal Network), Interpolating frequency sweep complete. Converged. (04:42:37 PM  Jul 08, 2026)
[info] Project:temp_train_RDL_163_1783500093_55944, Design:RDL (Terminal Network), Normal completion of simulation on s[info] Project:temp_train_RDL_164_1783500139_31944, Design:RDL (Terminal Network), An interpolating frequency sweep with 1000 points has been started using HFSS - Solving Distributed. (04:43:23 PM  Jul 08, 2026)
[info] Project:temp_train_RDL_164_1783500139_31944, Design:RDL (Terminal Network), Interpolating frequency sweep complete. Converged. (04:43:23 PM  Jul 08, 2026)
[info] Project:temp_train_RDL_164_1783500139_31944, Design:RDL (Terminal Network), Normal completion of simulation on server: Local Machine. (04:43:23 PM  Jul 08, 2026)
[info] Project:temp_train_RDL_164_1783500139_31944, Design:RDL (Terminal Network), Touchstone export: Writing to "C:/ffzhzh/LocalFiles/Ansys_Project_Files/temp_train_RDL_164_1783500139_31944_SNP/temp_train_RDL_164_1783500139_31944.s2p" (04:43:24 PM  Jul 08, 2026)
Stopping Batch Run: 4:43:26 PM  Jul 08, 2026
[info] Project:temp_train_RDL_166_1783500159_44152, Design:RDL (Terminal Network), An interpolating frequency sweep with 1000 points has been started using HFSS - Solving Distributed. (04:44:07 PM  Jul 08, 2026)
[info] Project:temp_train_RDL_166_1783500159_44152, Design:RDL (Terminal Network), Interpolating frequency sweep complete. Converged. (04:44:07 PM  Jul 08, 2026)
[info] Project:temp_train_RDL_166_1783500159_44152, Design:RDL (Terminal Network), Normal completion of simulation on server: Local Machine. (04:44:07 PM  Jul 08, 2026)
[info] Project:temp_train_RDL_166_1783500159_44152, Design:RDL (Terminal Network), Touchstone export: Writing to "C:/ffzhzh/LocalFiles/Ansys_Project_Files/temp_train_RDL_166_1783500159_44152_SNP/temp_train_RDL_166_1783500159_44152.s2p" (04:44:08 PM  Jul 08, 2026)
Stopping Batch Run: 4:44:16 PM  Jul 08, 2026
n started using HFSS - Solving Distributed. (04:43:48 PM  Jul 08, 2026)
[info] Project:temp_train_RDL_168_1783500164_9504, Design:RDL (Terminal Network), Interpolating frequency sweep complete. Converged. (04:43:48 PM  Jul 08, 2026)
[info] Project:temp_train_RDL_168_1783500164_9504, Design:RDL (Terminal Network), Normal completion of simulation on serv[info] Project:temp_train_RDL_169_1783500208_41296, Design:RDL (Terminal Network), An interpolating frequency sweep with 1000 points has been started using HFSS - Solving Distributed. (04:44:42 PM  Jul 08, 2026)
[info][info] Project:temp_train_RDL_170_1783500209_31944, Design:RDL (Terminal Network), An interpolating frequency sweep with 1000 points has been started using HFSS - Solving Distributed. (04:44:42 PM  Jul 08, 2026)
[info] Project:temp_train_RDL_170_1783500209_31944, Design:RDL (Terminal Network), Interpolating frequency sweep c[info] Project:temp_train_RDL_169_1783500208_41296, Design:RDL (Terminal Network), Touchstone export: Writing to "C:/ffzhzh/LocalFiles/Ansys_Project_Files/temp_train_RDL_169_1783500208_41296_SNP/temp_train_RDL_169_17835[info] Project:temp_train_RDL_170_1783500209_3Stopping Batch Run: 4:44:45 PM  Jul 08, 2[info] Project:temp_train_RDL_171_1783500229_55944, Design:RDL (Terminal Network), An interpolating frequency sweep with 1000 points has been started using HFSS - Solving Distributed. (04:45:07 PM  Jul 08, 2026)
[info] Project:temp_train_RDL_171_1783500229_55944, Design:RDL (Terminal Network), Interpolating frequency sweep complete. Converged. (04:45:07 PM  Jul 08, 2026)
[info] Project:temp_train_RDL_171_1783500229_55944, Design:RDL (Terminal Network), Normal completion of simulation on server: Local Machine. (04:45:07 PM  Jul 08, 2026)
[info] Project:temp_train_RDL_171_1783500229_55944, Design:RDL (Terminal Network), Touchstone export: Writing to "C:/ffzhzh/LocalFiles/Ansys_Project_Files/temp_train_RDL_171_1783500229_55944_SNP/temp_train_RDL_171_1783500229_55944.s2p" (04:45:08 PM  Jul 08, 2026)
Stopping Batch Run: 4:45:09 PM  Jul 08, 2026
l 08, 2026)
[info] Project:temp_train_RDL_172_1783500233_9504, Design:RDL (Terminal Network), Normal completion of simulation on serve[info] Project:temp_train_RDL_173_1783500259_44152, Design:RDL (Terminal Network), An interpolating frequency sweep with 1000 points has been started using HFSS - Solving Distributed. (04:45:38 PM  Jul 08, 2026)
[info] Project:temp_train_RDL_173_1783500259_44152, Design:RDL (Terminal Network), Interpolating frequency sweep complete. Converged. (04:45:38 PM  Jul 08, 2026)
[info] Project:temp_train_RDL_173_1783500259_44152, Design:RDL (Terminal Network), Normal completion of simulation on s[info] Project:temp_train_RDL_174_1783500287_41296, Design:RDL (Terminal Network), An interpolating frequency sweep with 1000 points has been started using HFSS - Solving Distributed. (04:45:59 PM  Jul 08, 2026)
[info] Project:temp_train_RDL_174_1783500287_41296, Design:RDL (Terminal Network), Interpolating frequency sweep complete. Converged. (04:45:59 PM  Jul 08, 2026)
[info] Project:temp_train_RDL_174_1783500287_41296, Design:RDL (Terminal Network), Normal completion of simulation on server: Local Machine. (04:45:59 PM  Jul 08, 2026)
[info] Project:temp_train_RDL_174_1783500287_41296, Design:RDL (Terminal Network), Touchstone export: Writing to "C:/ffzhzh/LocalFiles/Ansys_Project_Files/temp_train_RD[info] Project:temp_train_RDL_176_1783500311_55944, Design:RDL (Terminal Network), An interpolating frequency sweep with 1000 points has been started using HFSS - Solving Distributed. (04:46:16 PM  Jul 08, 2026)
[info] Project:temp_train_RDL_176_1783500311_55944, Design:RDL (Terminal Network), Interpolating frequency sweep complete. Converged. (04:46:16 PM[info] Project:temp_train_RDL_177_1783500314_9504, Design:RDL (Terminal Network), An interpolating frequency sweep with 1000 points has been started using HFSS - Solving Distributed. (04:46:22 PM  Jul 08, 2026)
[info] Project:temp_train_RDL_177_1783500314_9504, Design:RDL (Terminal Network), Interpolating frequency sweep complete. Converged. (04:46:22 PM  Jul 08, 2026)
[info] Project:temp_train_RDL_177_1783500314_9504, Design:RDL (Terminal NetworStopping Batch Run: 4:46:27 PM  Jul 08, 202[info] Project:temp_train_RDL_178_1783500342_44152, Design:RDL (Terminal Network), An interpolating frequency sweep with 1000 points has been started using HFSS - Solving Distributed. (04:46:46 PM  Jul 08, 2026)
[info] Project:temp_train_RDL_178_1783500342_44152, Design:RDL (Terminal Network), Interpolating frequency sweep complete. Converged. (04:46:46 PM  Jul 08, 2026)
[info] Project:temp_train_RDL_178_1783500342_44152, Design:RDL (Terminal Network), Normal completion of simulation on s[info] Project:temp_train_RDL_179_1783500364_31944, Design:RDL (Terminal Network), An interpolating frequency sweep with 1000 points has been started using HFSS - Solving Distributed. (04:47:08 PM  Jul 08, 2026)
[info][info] Project:temp_train_RDL_180_1783500364_41296, Design:RDL (Terminal Network), An interpolating frequency sweep with 1000 points has been started using HFSS - Solving Distributed. (04:47:20 PM  Jul 08, 2026)
[info] Project:temp_train_RDL_180_1783500364_41296, Design:RDL (Terminal Network), Interpolating frequency sweep complete. Converged. (04:47:20 PM  Jul 08, 2026)
[info] Project:temp_train_RDL_180_1783500364_41296, Design:RDL (Terminal Network), Normal completion of simulation on s[info] Project:temp_train_RDL_181_1783500386_9504, Design:RDL (Terminal Network), An interpolating frequency sweep with 1000 points has been started using HFSS - Solving Distributed. (04:47:28 PM  Jul 08, 2026)
[info] Project:temp_train_RDL_181_1783500386_9504, Design:RDL (Terminal Network), Interpolating frequency sweep complete. Converged. (04:47:28 PM  [info] Project:temp_train_RDL_182_1783500389_55944, Design:RDL (Terminal Network), An interpolating frequency sweep with 1000 points has been started using HFSS - Solving Distributed. (04:47:30 PM  Jul 08, 2026)
[info] Project:temp_train_RDL_182_1783500389_55944, Design:RDL (Terminal Network), Interpolating frequency sweep complete. Converged. (04:47:30 PM  Jul 08, 2026)
[info] Project:temp_train_RDL_182_1783500389_55944, Design:RDL (TerminStopping Batch Run: 4:47:37 PM  Jul 08, 2026
n s[info] Project:temp_train_RDL_183_1783500420_44152, Design:RDL (Terminal Network), An interpolating frequency sweep with 1000 points has been started using HFSS - Solving Distributed. (04:48:12 PM  Jul 08, 2026)
[info] Project:temp_train_RDL_183_1783500420_44152, Design:RDL (Terminal Network), Interpolating frequency sweep complete. Converged. (04:48:12 PM  Jul 08, 2026)
[info] Project:temp_train_RDL_183_1783500420_44152, Design:RDL (Terminal Network), Normal completion of simulation on s[info] Project:temp_train_RDL_184_1783500433_31944, Design:RDL (Terminal Network), An interpolating frequency sweep with 1000 points has been started using HFSS - Solving Distributed. (04:48:41 PM  Jul 08, 2026)
[info] Project:temp_train_RDL_184_1783500433_31944, Design:RDL (Terminal Network), Interpolating frequency sweep complete. Converged. (04:48:41 PM  Jul 08, 2026)
[info] Project:temp_train_RDL_184_1783500433_31944, Design:RDL (Terminal Network), Normal completion of simulation on server: Local Machine. (04:48:42 PM  Jul 08, 2026)
[info] Project:temp_train_RDL_184_1783500433_31944, Design:RDL (Terminal Network), Touchstone export: Writing to "C:/ffzhzh/LocalFiles/Ansys_Project_Files/temp_train_RDL_184_1783500433_31944_SNP/temp_train_RDL_184_1783500433_31944.s2p" (04:48:43 PM  Jul 08, 2026)
Stopping Batch Run: 4:48:47 PM  Jul 08, 2026
ul 08, 2026)
[info] Project:temp_train_RDL_185_1783500445_41296, Design:RDL (Terminal Network), Normal completion of simulation on s[info] Project:temp_train_RDL_186_1783500458_55944, Design:RDL (Terminal Network), An interpolating frequency sweep with 1000 points has been started using HFSS - Solving Distributed. (04:48:42 PM  Jul 08, 2026)
[info][info] Project:temp_train_RDL_187_1783500459_9504, Design:RDL (Terminal Network), An interpolating frequency sweep with 1000 points has been started using HFSS - Solving Distributed. (04:48:53 PM  Jul 08, 2026)
[info] Project:temp_train_RDL_187_1783500459_9504, Design:RDL (Terminal Network), Interpolating frequency sweep complete. Converged. (04:48:53 PM  Jul 08, 2026)
[info] Project:temp_train_RDL_187_1783500459_9504, Design:RDL (Terminal Network), Normal completion of simulation on serv[info] Project:temp_train_RDL_188_1783500504_44152, Design:RDL (Terminal Network), Solving frequencies ... (Nondomain solver), process hf3d: Port 1 supports an additional propagating and/or slowly decaying mode whose attenuation is   3.280e-01 and propagation constant is  -5.047e+02 (04:49:13 PM  Jul 08, 2026)
[info] Project:temp_train_RDL_188_1783500504_44152, Design:RDL (Terminal Network), An interpolating frequency sweep with 1000 points has been started using HFSS - Solving Distributed. (04:49:26 PM  Jul 08, 2026)
[info] Project:temp_train_RDL_188_1783500504_44152, Design:RDL (Te[info] Project:temp_train_RDL_189_1783500524_41296, Design:RDL (Terminal Network), An interpolating frequency sweep with 1000 points has been started using HFSS - Solving Distributed. (04:50:15 PM  Jul 08, 2026)
[info] Project:temp_train_RDL_189_1783500524_41296, Design:RDL (Terminal Network), Interpolating frequency sweep complete. Converged. (04:50:15 PM  Jul 08, 2026)
[info] Project:temp_train_RDL_189_1783500524_41296, Design:RDL (Terminal Network), Normal completion of simulation on server: Local Machine. (04:50:15 PM  Jul 08, 2026)
[info] Project:temp_train_RDL_189_1783500524_41296, Design:RDL (Terminal Network), Touchstone export: Writing to "C:/ffzhzh/LocalFiles/Ansys_Project_Files/temp_train_RDL_189_1783500524_41296_SNP/temp_train_RDL_189_1783500524_41296.s2p" (04:50:16 PM  Jul 08, 2026)
Stopping Batch Run: 4:50:27 PM  Jul 08, 2026
ul 08, 2026)
[info] Project:temp_train_RDL_190_1783500529_31944, Design:RDL (Terminal Network), Normal completion of simulation on s[info] Project:temp_train_RDL_191_1783500535_55944, Design:RDL (Terminal Network), An interpolating frequency sweep with 1000 points has been started using HFSS - Solving Distributed. (04:50:06 PM  Jul 08, 2026)
[info] Project:temp_train_RDL_191_1783500535_55944, Design:RDL (Terminal Network), Interpolating frequency sweep complete. Converged. (04:50:06 PM  Jul 08, 2026)
[info] Project:temp_train_RDL_191_1783500535_55944, Design:RDL (Terminal Network), Normal completion of simulation on s[info] Project:temp_train_RDL_192_1783500540_9504, [info] Project:temp_train_RDL_191_1783500535_55944, Design:RDL (Terminal Network), Touchstone export: Writing to "C:/ffzhzh/LocalFiles/Ansys_Project_Files/temp_train_RDL_191_1783500535_55944_SNP/temp_train_RDL_191_1783500535_55944.s2p" (04:50:08 PM  Jul 08, 2026)
Stopping Batch Run: 4:50:08 PM  Jul 08, 2026
 08, 2026)
[info] Project:temp_train_RDL_192_1783500540_9504, Design:RDL (Terminal Network), Normal completion of simulation on serv[info] Project:temp_train_RDL_193_1783500580_44152, Design:RDL (Terminal Network), Solving frequencies ... (Nondomain solver), process hf3d: Port 1 supports an additional propagating and/or slowly decaying mode whose attenuation is   2.144e-02 and propagation constant is  -3.912e+02 (04:50:39 PM  Jul 08, 2026)
[info] Project:temp_train_RDL_193_1783500580_44152, Design:RDL (Terminal Network), An interpolating frequency sweep with 1000 points has been started using HFSS - Solving Distributed[info] Project:temp_train_RDL_194_1783500604_31944, Design:RDL (Terminal Network), An interpolating frequency sweep with 1000 points has been started using HFSS - Solving Distributed. (04:51:09 PM  Jul 08, 2026)
[info] Project:temp_train_RDL_194_1783500604_31944, Design:RDL (Terminal Network), Interpolating frequency sweep complete. Converged. (04:51:09 PM  Jul 08, 2026)
[info] Project:temp_train_RDL_194_1783500604_31944, Design:RDL (Terminal Network), Normal completion of simulation on s[info] Project:temp_train_RDL_195_1783500611_55944, Design:RDL (Terminal Network), An interpolating frequency sweep with 1000 points has been started using HFSS - Solving Distributed. (04:51:17 PM  Jul 08, 2026)
[info] Project:temp_train_RDL_195_1783500611_55944, Design:RDL (Terminal Network), Interpolating frequency sweep complete. Converged. (04:51:17 PM  Jul 08, 2026)
[info] Project:temp_train_RDL_195_1783500611_55944, Design:RDL (Terminal Network), Normal completion of simulation on s[info] Project:temp_train_RDL_196_1783500615_9504, Design:RDL (Terminal Network), An interpolating frequency sweep with 1000 points has been started using HFSS - Solving Distributed. (04:51:21 PM  Jul 08, 2026)
[info] Project:temp_train_RDL_196_1783500615_9504, Design:RDL (Terminal Network), Interpolating frequency sweep complete. Converged. (04:51:21 PM  Jul 08, 2026)
[info] Project:temp_train_RDL_196_1783500615_9504, Design:RDL (Terminal Network), Normal completion of simulation on serv[info] Project:temp_train_RDL_197_1783500629_41296, Design:RDL (Terminal Network), An interpolating frequency sweep with 1000 points has been started using HFSS - Solving Distributed. (04:51:33 PM  Jul 08, 2026)
[info] Project:temp_train_RDL_197_1783500629_41296, Design:RDL (Terminal Network), Interpolating frequency sweep complete. Converged. (04:51:33 PM  Jul 08, 2026)
[info] Project:temp_train_RDL_197_1783500629_41296, Design:RDL (Terminal Network), Normal completion of simulation on server: Local Machine. (04:51:33 PM  Jul 08, 2026)[info] Project:temp_train_RDL_198_1783500679_44152, Design:RDL (Terminal Network), An interpolating frequency sweep with 1000 points has been started using HFSS - Solving Distributed. (04:52:33 PM  Jul 08, 2026)
[info] Project:temp_train_RDL_198_1783500679_44152, Design:RDL (Terminal Network), Interpolating frequency sweep complete. Converged. (04:52:33 PM  Jul 08, 2026)
[info] Project:temp_train_RDL_198_1783500679_44152, Design:RDL (Terminal Network), Normal completion of simulation on server: Local Machine. (04:52:33 PM  Jul 08, 2026)
[info] Project:temp_train_RDL_198_1783500679_44152, Design:RDL (Terminal Network), Touchstone export: Writing to "C:/ffzhzh/LocalFiles/Ansys_Project_Files/temp_train_RDL_19[info] Project:temp_train_RDL_200_1783500682_55944, Design:RDL (Terminal Network), An interpolating frequency sweep with 1000 points has been started using HFSS - Solving Distributed. (04:52:39 PM  Jul 08, 2026)
[info] Project:temp_train_RDL_200_1783500682_55944, Design:RDL (Terminal Network), Interpolating frequency sweep complete. Converged. (04:52:39 PM  Jul 08, 2026)
[info] Project:temp_train_RDL_200_1783500682_55944, Design:RDL (Terminal Network), Normal completion of simulation on s[info] Project:temp_train_RDL_201_1783500694_9504, [info] Project:temp_train_RDL_200_1783500682_55944, Design:RDL (Terminal Network), Touchstone export: Writing to "C:/ffzhzh/LocalFiles/Ansys_Project_Files/temp_train_RDL_200_1783500682_55944_SNP/temp_train_RDL_200_1783500682_55944.s2p" (04:52:40 PM  Jul 08, 2026)
Stopping Batch Run: 4:52:41 PM  Jul 08, 2026
 08, 2026)
[info] Project:temp_train_RDL_201_1783500694_9504, Design:RDL (Terminal Network), Normal completion of simulation on serv[info] Project:temp_train_RDL_202_1783500704_41296, Design:RDL (Terminal Network), An interpolating frequency sweep with 1000 points has been started using HFSS - Solving Distributed. (04:53:04 PM  Jul 08, 2026)
[info] Project:temp_train_RDL_202_1783500704_41296, Design:RDL (Terminal Network), Interpolating frequency sweep complete. Converged. (04:53:04 PM  Jul 08, 2026)
[info] Project:temp_train_RDL_202_1783500704_41296, Design:RDL (Terminal Network), Normal completion of simulation on s[info] Project:temp_train_RDL_203_1783500751_31944, Design:RDL (Terminal Network), An interpolating frequency sweep with 1000 points has been started using HFSS - Solving Distributed. (04:53:38 PM  Jul 08, 2026)
[info] Project:temp_train_RDL_203_1783500751_31944, Design:RDL (Terminal Network), Interpolating frequency sweep complete. Converged. (04:53:38 PM  Jul 08, 2026)
[info] Project:temp_train_RDL_203_1783500751_31944, Design:RDL (Terminal Network), Normal completion of simulation on s[info] Project:temp_train_RDL_204_1783500759_44152, Design:RDL (Terminal Network), An interpolating frequency sweep with 1000 points has been started using HFSS - Solving Distributed. (04:53:48 PM  Jul 08, 2026)
[info] Project:temp_train_RDL_204_1783500759_44152, Design:RDL (Terminal Network), Interpolating frequency sweep complete. Converged. (04:53:48 PM  Jul 08, 2026)
[info] Project:temp_train_RDL_204_1783500759_44152, Design:RDL (Terminal Network), Normal completion of simulation on s[info] Project:temp_train_RDL_205_1783500764_55944,[info] Project:temp_train_RDL_204_1783500759_44152, Design:RDL (Terminal Network), Touchstone export: Writing to "C:/ffzhzh/LocalFiles/Ansys_Project_Files/temp_train_RDL_204_1783500759_44152_SNP/temp_train_RDL_204_1783500759_44152.s2p" (04:53:51 PM  Jul 08, 2026)
Stopping Batch Run: 4:53:52 PM  Jul 08, 202[info] Project:temp_train_RDL_206_1783500765_9504, Design:RDL (Terminal Network), An interpolating frequency sweep with 1000 points has been started using HFSS - Solving Distributed. (04:54:06 PM  Jul 08, 2026)
[info] Project:temp_train_RDL_206_1783500765_9504, Design:RDL (Terminal Network), Interpolating frequency sweep complete. Converged. (04:54:06 PM  Jul 08, 2026)
[info] Project:temp_train_RDL_206_1783500765_9504, Design:RDL (Terminal Network), Normal completion of simulation on serv[info] Project:temp_train_RDL_207_1783500790_41296, Design:RDL (Terminal Network), An interpolating frequency sweep with 1000 points has been started using HFSS - Solving Distributed. (04:54:20 PM  Jul 08, 2026)
[info] Project:temp_train_RDL_207_1783500790_41296, Design:RDL (Terminal Network), Interpolating frequency sweep complete. Converged. (04:54:20 PM  Jul 08, 2026)
[info] Project:temp_train_RDL_207_1783500790_41296, Design:RDL (Terminal Network), Normal completion of simulation on s[info] Project:temp_train_RDL_208_1783500825_31944, Design:RDL (Terminal Network), An interpolating frequency sweep with 1000 points has been started using HFSS - Solving Distributed. (04:54:52 PM  Jul 08, 2026)
[info] Project:temp_train_RDL_208_1783500825_31944, Design:RDL (Terminal Network), Interpolating frequency sweep complete. Converged. (04:54:52 PM  Jul 08, 2026)
[info] Project:temp_train_RDL_208_1783500825_31944, Design:RDL (Terminal Network), Normal completion of simulation on s[info] Project:temp_train_RDL_209_1783500835_44152, Design:RDL (Terminal Network), An interpolating frequency sweep with 1000 points has been started using HFSS - Solving Distributed. (04:55:08 PM  Jul 08, 2026)
[info] Project:temp_train_RDL_209_1783500835_44152, Design:RDL (Terminal Network), Interpolating frequency sweep complete. Converged. (04:55:08 PM  Jul 08, 2026)
[info] Project:temp_train_RDL_209_1783500835_44152, Design:RDL (Terminal Network), Normal completion of simulation on server: Local Machine. (04:55:08 PM  Jul 08, 2026)
[info] Project:temp_train_RDL_209_1783500835_44152, Design:RDL (Terminal Network), Touchstone export: Writing to "C:/ffzhzh/LocalFiles/Ansys_Project_Files/temp_train_RDL_209_1783500835_44152_SNP/temp_train_RDL_209_1783500835_44152.s2p" (04:55:09 PM  Jul 08, 2026)
Stopping Batch Run: 4:55:09 PM  Jul 08, 202[info] Project:temp_train_RDL_211_1783500853_9504, Design:RDL (Terminal Network), An interpolating frequency sweep with 1000 points has been started using HFSS - Solving Distributed. (04:55:15 PM  Jul 08, 2026)
[info] Project:temp_train_RDL_211_1783500853_9504, Design:RDL (Terminal Network), Interpolating frequency sweep complete. Converged. (04:55:15 PM  Jul 08, 2026)
[info] Project:temp_train_RDL_211_1783500853_9504, Design:RDL (Terminal Network), Normal completion of simulation on serv[info] Project:temp_train_RDL_212_1783500867_41296, Design:RDL (Terminal Network), An interpolating frequency sweep with 1000 points has been started using HFSS - Solving Distributed. (04:55:42 PM  Jul 08, 2026)
[info] Project:temp_train_RDL_212_1783500867_41296, Design:RDL (Terminal Network), Interpolating frequency sweep complete. Converged. (04:55:42 PM  Jul 08, 2026)
[info] Project:temp_train_RDL_212_1783500867_41296, Design:RDL (Terminal Network), Normal completion of simulation on se[info] Project:temp_train_RDL_213_1783500901_31944, Design:RDL (Terminal Network), An interpolating frequency sweep with 1000 points has been started using HFSS - Solving Distributed. (04:56:19 PM  Jul 08, 2026)
[info] Project:temp_train_RDL_213_1783500901_31944, Design:RDL (Terminal Network), Interpolating frequency sweep complete. Converged. (04:56:19 PM  Jul 08, 2026)
[info] Project:temp_train_RDL_213_1783500901_31944, Design:RDL (Terminal Network), Normal completion of simulation on se[info] Project:temp_train_RDL_214_1783500912_44152, Design:RDL (Terminal Network), An interpolating frequency sweep with 1000 points has been started using HFSS - Solving Distributed. (04:56:26 PM  Jul 08, 2026)
[info] Project:temp_train_RDL_214_1783500912_44152, Design:RDL (Terminal Network), Interpolating frequency sweep complete. Converged. (04:56:26 PM  Jul 08, 2026)
[info] Project:temp_train_RDL_214_1783500912_44152, Design:RDL (Terminal Network), Normal completion of simulation on server: Local Machine. (04:56:26 PM  Jul 08, 2026)
[info] Project:temp_train_RDL_214_1783500912_44152, Design:RDL (Terminal Network), Touchstone export: Writing to "C:/ffzhzh/LocalFiles/Ansys_Project_Files/temp_train_RDL_214_1783500912_44152_SNP/temp_train_RDL_214_1783500912_44152.s2p" (04:56:28 PM  Jul 08, 2026)
Stopping Batch Run: 4:56:38 PM  Jul 08, 2026
fo] Project:temp_train_RDL_216_1783500920_9504, Design:RDL (Terminal Network), An interpolating frequency sweep with 1000 points has been started using HFSS - Solving Distributed. (04:56:26 PM  Jul 08, 2026)
[info] Project:temp_train_RDL_216_1783500920_9504, Design:RDL (Terminal Network), Interpolating frequencStopping Batch Run: 4:56:28 PM  Jul 08, 2026
 08, 2026)
[info] Project:temp_train_RDL_216_1783500920_9504, Design:RDL (Terminal Network), Normal completion of simulation on serve[info] Project:temp_train_RDL_217_1783500954_41296, Design:RDL (Terminal Network), An interpolating frequency sweep with 1000 points has been started using HFSS - Solving Distributed. (04:57:06 PM  Jul 08, 2026)
[info] Project:temp_train_RDL_217_1783500954_41296, Design:RDL (Terminal Network), Interpolating frequency sweep complete. Converged. (04:57:06 PM  Jul 08, 2026)
[info] Project:temp_train_RDL_217_1783500954_41296, Design:RDL (Terminal Network), Normal completion of simulation on se[info] Project:temp_train_RDL_218_1783500983_31944, Design:RDL (Terminal Network), An interpolating frequency sweep with 1000 points has been started using HFSS - Solving Distributed. (04:57:27 PM  Jul 08, 2026)
[info] Project:temp_train_RDL_218_1783500983_31944, Design:RDL (Terminal Network), Interpolating frequency sweep complete. Converged. (04:57:27 PM  Jul 08, 2026)
[info] Project:temp_train_RDL_218_1783500983_31944, Design:RDL (Terminal Network), Normal completion of simulation on s[info] Project:temp_train_RDL_219_1783500990_55944, Design:RDL (Terminal Network), An interpolating frequency sweep with 1000 points has been started using HFSS - Solving Distributed. (04:57:46 PM  Jul 08, 2026)
[info] Project:temp_train_RDL_219_1783500990_55944, Design:RDL (Terminal Network), Interpolating frequency sweep complete. Converged. (04:57:46 PM  Jul 08, 2026)
[info] Project:temp_train_RDL_219_1783500990_55944, Design:RDL (Terminal Network), Normal completion of simulation on server: Local Machine. (04:57:46 PM  Jul 08, 2026)
[info] Project:temp_train_RDL_219_1783500990_55944, Design:RDL (Terminal Network), Touchstone export: Writing to "C:/ffzhzh/LocalFiles/Ansys_Project_Files/temp_train_RDL_219_1783500990_55944_SNP/temp_train_RDL_219_1783500990_55944.s2p" (04:57:47 PM  Jul 08, 2026)
Stopping Batch Run: 4:57:53 PM  Jul 08, 2026
 08, 2026)
[info] Project:temp_train_RDL_220_1783500995_9504, Design:RDL (Terminal Network), Normal completion of simulation on serv[info] Project:temp_train_RDL_221_1783501000_44152, Design:RDL (Terminal Network), An interpolating frequency sweep with 1000 points has been started using HFSS - Solving Distributed. (04:58:04 PM  Jul 08, 2026)
[info] Project:temp_train_RDL_221_1783501000_44152, Design:RDL (Terminal Network), Interpolating frequency sweep complete. Converged. (04:58:04 PM  Jul 08, 2026)
[info] Project:temp_train_RDL_221_1783501000_44152, Design:RDL (Terminal Network), Normal completion of simulation on s[info] Project:temp_train_RDL_222_1783501031_41296, Design:RDL (Terminal Network), An interpolating frequency sweep with 1000 points has been started using HFSS - Solving Distributed. (04:58:13 PM  Jul 08, 2026)
[info] Project:temp_train_RDL_222_1783501031_41296, Design:RDL (Terminal Network), Interpolating frequency sweep complete. Converged. (04:58:13 PM  Jul 08, 2026)
[info] Project:temp_train_RDL_222_1783501031_41296, Design:RDL (Terminal Network), Normal completion of simulation on s[info] Project:temp_train_RDL_223_1783501060_31944, Design:RDL (Terminal Network), Solving frequencies ... (Nondomain solver), process hf3d: Port 1 supports an additional propagating and/or slowly decaying mode whose attenuation is   7.687e-02 and propagation constant is  -3.852e+02 (04:58:29 PM  Jul 08, 2026)
[info] Project:temp_train_RDL_223_1783501060_31944, Design:RDL (Terminal Network), Solving frequencies ... (Nondomain solver), process hf3d: Port 2 supports an additional propagating[info] Project:temp_train_RDL_224_1783501075_9504, Design:RDL (Terminal Network), An interpolating frequency sweep with 1000 points has been started using HFSS - Solving Distributed. (04:59:10 PM  Jul 08, 2026)
[info] [info] Project:temp_train_RDL_225_1783501075_55944, Design:RDL (Terminal Network), An interpolating frequency sweep with 1000 points has been started using HFSS - Solving Distributed. (04:59:13 PM  Jul 08, 2026)
[info] Project:temp_train_RDL_225_1783501075_55944, Design:RDL (Terminal Network), Interpolating frequency sweep complete. Converged. (04:59:13 PM  Jul 08, 2026)
[info] Project:temp_train_RDL_225_1783501075_55944, Design:RDL (Terminal Network), Normal completion of simulation on s[info] Project:temp_train_RDL_226_1783501096_44152, Design:RDL (Terminal Network), An interpolating frequency sweep with 1000 points has been started using HFSS - Solving Distributed. (04:59:19 PM  Jul 08, 2026)
[info] Project:temp_train_RDL_226_1783501096_44152, Design:RDL (Terminal Network), Interpolating frequeStopping Batch Run: 4:59:23 PM  Jul 08, 2026
ul 08, 2026)
[info] Project:temp_train_RDL_226_1783501096_44152, Design:RDL (Terminal Network), Normal completion of simulation on s[info] Project:temp_train_RDL_227_1783501105_41296, Design:RDL (Terminal Network), An interpolating frequency sweep with 1000 points has been started using HFSS - Solving Distributed. (04:59:28 PM  Jul 08, 2026)
[info] Project:temp_train_RDL_227_1783501105_41296, Design:RDL (Terminal Network), Interpolating frequency sweep complete. Converged. (04:59:28 PM  Jul 08, 2026)
[info] Project:temp_train_RDL_227_1783501105_41296, Design:RDL (Terminal Network), Normal completion of simulation on s[info] Project:temp_train_RDL_228_1783501136_31944, Design:RDL (Terminal Network), An interpolating frequency sweep with 1000 points has been started using HFSS - Solving Distributed. (05:00:16 PM  Jul 08, 2026)
[info] Project:temp_train_RDL_228_1783501136_31944, Design:RDL (Terminal Network), Interpolating frequency sweep complete. Converged. (05:00:16 PM  Jul 08, 2026)
[info] Project:temp_train_RDL_228_1783501136_31944, Design:RDL (Terminal Network), Normal completion of simulation on s[info] Project:temp_train_RDL_229_1783501161_9504, Design:RDL (Terminal Network), An interpolating frequency sweep with 1000 points has been started using HFSS - Solving Distributed. (05:00:25 PM  Jul 08, 2026)
[info] Project:temp_train_RDL_229_1783501161_9504, Design:RDL (Terminal Network), Interpolating frequency sweep complete. Converged. (05:00:25 PM  Jul 08, 2026)
[info] Project:temp_train_RDL_229_1783501161_9504, Design:RDL (Terminal Network), Normal completion of simulation on serv[info] Project:temp_train_RDL_230_1783501164_44152, Design:RDL (Terminal Network), An interpolating frequency sweep with 1000 points has been started using HFSS - Solving Distributed. (05:00:50 PM  Jul 08, 2026)
[info] Project:temp_train_RDL_230_1783501164_44152, Design:RDL (Terminal Network), Interpolating frequency sweep complete. Converged. (05:00:50 PM  Jul 08, 2026)
[info] Project:temp_train_RDL_230_1783501164_44152, Design:RDL (Terminal Network), Normal completion of simulation on server: Local Machine. (05:00:50 PM  Jul 08, 2026)
[info] Project:temp_train_RDL_230_1783501164_44152, Design:RDL (Terminal Network), Touchstone export: Writing to "C:/ffzhzh/LocalFiles/Ansys_Project_Files/temp_train_RDL_230_1783501164_44152_SNP/temp_train_RDL_230_1783501164_44152.s2p" (05:00:51 PM  Jul 08, 2026)
Stopping Batch Run: 5:00:53 PM  Jul 08, 2026[info] Project:temp_train_RDL_232_1783501180_41296, Design:RDL (Terminal Network), An interpolating frequency sweep with 1000 points has been started using HFSS - Solving Distributed. (05:01:25 PM  Jul 08, 2026)
[info] Project:temp_train_RDL_232_1783501180_41296, Design:RDL (Terminal Network), Interpolating frequency sweep complete. Converged. (05:01:25 PM  Jul 08, 2026)
[info] Project:temp_train_RDL_232_1783501180_41296, Design:RDL (Terminal Network), Normal completion of simulation on se[info] Project:temp_train_RDL_233_1783501221_31944, Design:RDL (Terminal Network), An interpolating frequency sweep with 1000 points has been started using HFSS - Solving Distributed. (05:01:35 PM  Jul 08, 2026)
[info] Project:temp_train_RDL_233_1783501221_31944, Design:RDL (Terminal Network), Interpolating frequency sweep complete. Converged. (05:01:35 PM  Jul 08, 2026)
[info] Project:temp_train_RDL_233_1783501221_31944, Design:RDL (Terminal Network), Normal completion of simulation on se[info] Project:temp_train_RDL_234_1783501235_9504, Design:RDL (Terminal Network), An interpolating frequency sweep with 1000 points has been started using HFSS - Solving Distributed. (05:01:51 PM  Jul 08, 2026)
[info] Project:temp_train_RDL_234_1783501235_9504, Design:RDL (Terminal Network), Interpolating frequency sweep complete. Converged. (05:01:51 PM  Jul 08, 2026)
[info] Project:temp_train_RDL_234_1783501235_9504, Design:RDL (Terminal Network), Normal completion of simulation on serve[info] Project:temp_train_RDL_235_1783501242_55944, Design:RDL (Terminal Network), An interpolating frequency sweep with 1000 points has been started using HFSS - Solving Distributed. (05:02:00 PM  Jul 08, 2026)
[info] Project:temp_train_RDL_235_1783501242_55944, Design:RDL (Terminal Network), InterpolatingStopping Batch Run: 5:02:03 PM  Jul 08, 2026
0 PM  Jul 08, 2026)
[info] Project:temp_train_RDL_235_1783501242_55944, Design:RDL (Terminal Network), Normal completion of simulation on se[info] Project:temp_train_RDL_236_1783501255_44152, Design:RDL (Terminal Network), An interpolating frequency sweep with 1000 points has been started using HFSS - Solving Distributed. (05:02:06 PM  Jul 08, 2026)
[info] Project:temp_train_RDL_236_1783501255_44152, Design:RDL (Terminal Network), Interpolating frequency sweep complete. Converged. (05:02:06 PM  Jul 08, 2026)
[info] Project:temp_train_RDL_236_1783501255_44152, Design:RDL (Terminal Network), Normal completion of simulation on s[info] Project:temp_train_RDL_237_1783501290_41296, Design:RDL (Terminal Network), An interpolating frequency sweep with 1000 points has been started using HFSS - Solving Distributed. (05:02:39 PM  Jul 08, 2026)
[info] Project:temp_train_RDL_237_1783501290_41296, Design:RDL (Terminal Network), Interpolating frequency sweep complete. Converged. (05:02:39 PM  Jul 08, 2026)
[info] Project:temp_train_RDL_237_1783501290_41296, Design:RDL (Terminal Network), Normal completion of simulation on s[info] Project:temp_train_RDL_238_1783501306_31944, Design:RDL (Terminal Network), An interpolating frequency sweep with 1000 points has been started using HFSS - Solving Distributed. (05:02:51 PM  Jul 08, 2026)
[info] Project:temp_train_RDL_238_1783501306_31944, Design:RDL (Terminal Network), Interpolating frequency sweep complete. Converged. (05:02:51 PM  Jul 08, 2026)
[info] Project:temp_train_RDL_238_1783501306_31944, Design:RDL (Terminal Network), Normal completion of simulation on s[info] Project:temp_train_RDL_239_1783501325_55944, Design:RDL (Terminal Network), An interpolating frequency sweep with 1000 points has been started using HFSS - Solving Distributed. (05:03:12 PM  Jul 08, 2026)
[info][info] Project:temp_train_RDL_240_1783501326_9504, Design:RDL (Terminal Network), An interpolating frequency sweep with 1000 points has been started using HFSS - Solving Distributed. (05:03:20 PM  Jul 08, 2026)
[info] Project:temp_train_RDL_240_1783501326_9504, Design:RDL (Terminal Network), Interpolating frequency sweep complete. Converged. (05:03:20 PM  Jul 08, 2026)
[info] Project:temp_train_RDL_240_1783501326_9504, Design:RDL (Terminal Network), Normal completion of simulation on server: Local Machine. (05:03:20 PM  Jul 08, 2026)
[info] Project:temp_train_RDL_240_1783501326_9504, Design:RDL (Terminal Network), Touchstone export: Writing to "C:/ffzhzh/LocalFiles/Ansys_Project_Files/temp_train_RDL_240_1783501326_9504_SNP/temp_train_RDL_240_1783501326_9504.s2p" (05:03:22 PM  Jul 08, 2026)
Stopping Batch Run: 5:03:23 PM  Jul 08, 2026
 PM  Jul 08, 2026)
[info] Project:temp_train_RDL_241_1783501335_44152, Design:RDL (Terminal Network), Normal completion of simulation on se[info] Project:temp_train_RDL_242_1783501364_41296, Design:RDL (Terminal Network), An interpolating frequency sweep with 1000 points has been started using HFSS - Solving Distributed. (05:03:56 PM  Jul 08, 2026)
[info] Project:temp_train_RDL_242_1783501364_41296, Design:RDL (Terminal Network), Interpolating frequency sweep complete. Converged. (05:03:56 PM  Jul 08, 2026)
[info] Project:temp_train_RDL_242_1783501364_41296, Design:RDL (Terminal Network), Normal completion of simulation on se[info] Project:temp_train_RDL_243_1783501380_31944, Design:RDL (Terminal Network), An interpolating frequency sweep with 1000 points has been started using HFSS - Solving Distributed. (05:04:03 PM  Jul 08, 2026)
[info] Project:temp_train_RDL_243_1783501380_31944, Design:RDL (Terminal Network), Interpolating frequency sweep complete. Converged. (05:04:03 PM  Jul 08, 2026)
[info] Project:temp_train_RDL_243_1783501380_31944, Design:RDL (Terminal Network), Normal completion of simulation on se[info] Project:temp_train_RDL_244_1783501396_55944, Design:RDL (Terminal Network), An interpolating frequency sweep with 1000 points has been started using HFSS - Solving Distributed. (05:04:31 PM  Jul 08, 2026)
[info] Project:temp_train_RDL_244_1783501396_55944, Design:RDL (Terminal Network), Interpolating frequency sweep complete. Converged. (05:04:31 PM  Jul 08, 2026)
[info] Project:temp_train_RDL_244_1783501396_55944, Design:RDL (Terminal Network), Normal completion of simulation on server: Local Machine. (05:04:31 PM  Jul 08, 2026)
[info] Project:temp_train_RDL_244_1783501396_55944, Design:RDL (Terminal Network), Touchstone export: Writing to "C:/ffzhzh/LocalFiles/Ansys_Project_Files/temp_train_RDL_244_1783501396_55944_SNP/temp_train_RDL_244_1783501396_55944.s2p" (05:04:32 PM  Jul 08, 2026)
Stopping Batch Run: 5:04:33 PM  Jul 08, 2026
started using[info] Project:temp_train_RDL_245_1783501405_9504, Design:RDL (Terminal Network), Normal completion of simulation on server: Local Machine. (05:04:31 PM  Jul 08, 2026)
[info] Project:temp_train_RDL_245_1783501405_9504, Design:RDL (Terminal Network), Touchstone export: Writing to "C:/ffzhzh/LocalFiles/Ansys_Project_Files/temp_train_RDL_24[info] Project:temp_train_RDL_247_1783501447_41296, Design:RDL (Terminal Network), An interpolating frequency sweep with 1000 points has been started using HFSS - Solving Distributed. (05:05:31 PM  Jul 08, 2026)
[info] Project:temp_train_RDL_247_1783501447_41296, Design:RDL (Terminal Network), Interpolating frequency sweep complete. Converged. (05:05:31 PM  Jul 08, 2026)
[info] Project:temp_train_RDL_247_1783501447_41296, Design:RDL (Terminal Network), Normal completion of simulation on s[info] Project:temp_train_RDL_248_1783501457_31944, Design:RDL (Terminal Network), An interpolating frequency sweep with 1000 points has been started using HFSS - Solving Distributed. (05:05:47 PM  Jul 08, 2026)
[info] Project:temp_train_RDL_248_1783501457_31944, Design:RDL (Terminal Network), Interpolating frequency sweep complete. Converged. (05:05:47 PM  Jul 08, 2026)
[info] Project:temp_train_RDL_248_1783501457_31944, Design:RDL (Terminal Network), Normal completion of simulation on s[info] Project:temp_train_RDL_249_1783501475_55944, Design:RDL (Terminal Network), An interpolating frequency sweep with 1000 points has been started using HFSS - Solving Distributed. (05:05:58 PM  Jul 08, 2026)
[info] Project:temp_train_RDL_249_1783501475_55944, Design:RDL (Terminal Network), Interpolating frequeStopping Batch Run: 5:05:58 PM  Jul 08, 2026
ul 08, 2026)
[info] Project:temp_train_RDL_249_1783501475_55944, Design:RDL (Terminal Network), Normal completion of simulation on s[info] Project:temp_train_RDL_250_1783501482_44152, Design:RDL (Terminal Network), An interpolating frequency sweep with 1000 points has been started using HFSS - Solving Distributed. (05:06:19 PM  Jul 08, 2026)
[info] Project:temp_train_RDL_250_1783501482_44152, Design:RDL (Terminal Network), Interpolating frequency sweep complete. Converged. (05:06:19 PM  Jul 08, 2026)
[info] Project:temp_train_RDL_250_1783501482_44152, Design:RDL (Terminal Network), Normal completion of simulation on server: Local Machine. (05:06:20 PM  Jul 08, 2026)
[info] Project:temp_train_RDL_250_1783501482_44152, Design:RDL (Terminal Network), Touchstone export: Writing to "C:/ffzhzh/LocalFiles/Ansys_Project_Files/temp_train_RDL_250_1783501482_44152_SNP/temp_train_RDL_250_1783501482_44152.s2p" (05:06:21 PM  Jul 08, 2026)
Stopping Batch Run: 5:06:28 PM  Jul 08, 2026
 08, 2026)
[info] Project:temp_train_RDL_251_1783501485_9504, Design:RDL (Terminal Network), Normal completion of simulation on serv[info] Project:temp_train_RDL_252_1783501540_41296, Design:RDL (Terminal Network), An interpolating frequency sweep with 1000 points has been started using HFSS - Solving Distributed. (05:06:47 PM  Jul 08, 2026)
[info] Project:temp_train_RDL_252_1783501540_41296, Design:RDL (Terminal Network), Interpolating frequency sweep complete. Converged. (05:06:47 PM  Jul 08, 2026)
[info] Project:temp_train_RDL_252_1783501540_41296, Design:RDL (Terminal Network), Normal completion of simulation on s[info] Project:temp_train_RDL_253_1783501561_31944, Design:RDL (Terminal Network), An interpolating frequency sweep with 1000 points has been started using HFSS - Solving Distributed. (05:07:27 PM  Jul 08, 2026)
[info] Project:temp_train_RDL_253_1783501561_31944, Design:RDL (Terminal Network), Interpolating frequency sweep complete. Converged. (05:07:27 PM  Jul 08, 2026)
[info] Project:temp_train_RDL_253_1783501561_31944, Design:RDL (Terminal Network), Normal completion of simulation on server: Local Machine. (05:07:28 PM  Jul 08, 2026)
[info] Project:temp_train_RDL_253_1783501561_31944, Design:RDL (Terminal Network), Touchstone export: Writing to "C:/ffzhzh/LocalFiles/Ansys_Project_Files/temp_train_RDL_253_1783501561_31944_SNP/temp_train_RDL_253_1783501561_31944.s2p" (05:07:29 PM  Jul 08, 2026)
Stopping Batch Run: 5:07:30 PM  Jul 08, 202[info] Project:temp_train_RDL_255_1783501590_9504, Design:RDL (Terminal Network), An interpolating frequency sweep with 1000 points has been started using HFSS - Solving Distributed. (05:07:38 PM  Jul 08, 2026)
[info] [info] Project:temp_train_RDL_256_1783501590_44152, Design:RDL (Terminal Network), An interpolating frequency sweep with 1000 points has been started using HFSS - Solving Distributed. (05:07:39 PM  Jul 08, 2026)
[info] Project:temp_train_RDL_256_1783501590_44152, Design:RDL (Terminal Network), Interpolating frequency swee[info] Project:temp_train_RDL_255_1783501590_9504, Design:RDL (Terminal Network), Touchstone export: Writing to "C:/ffzhzh/LocalFiles/Ansys_Project_Files/temp_train_RDL_25[info] Project:temp_train_RDL_257_1783501621_41296, Design:RDL (Terminal Network), An interpolating frequency sweep with 1000 points has been started using HFSS - Solving Distributed. (05:08:03 PM  Jul 08, 2026)
[info] Project:temp_train_RDL_257_1783501621_41296, Design:RDL (Terminal Network), Interpolating frequency sweep complete. Converged. (05:08:03 PM  Jul 08, 2026)
[info] Project:temp_train_RDL_257_1783501621_41296, Design:RDL (Terminal Network), Normal completion of simulation on se[info] Project:temp_train_RDL_258_1783501641_55944, Design:RDL (Terminal Network), An interpolating frequency sweep with 1000 points has been started using HFSS - Solving Distributed. (05:08:49 PM  Jul 08, 2026)
[info] Project:temp_train_RDL_258_1783501641_55944, Design:RDL (Terminal Network), Interpolating frequency sweep complete. Converged. (05:08:49 PM  Jul 08, 2026)
[info] Project:temp_train_RDL_258_1783501641_55944, Design:RDL (Terminal Network), Normal completion of simulation on se[info] Project:temp_train_RDL_259_1783501653_31944, Design:RDL (Terminal Network), An interpolating frequency sweep with 1000 points has been started using HFSS - Solving Distributed. (05:08:53 PM  Jul 08, 2026)
[info] Project:temp_train_RDL_259_1783501653_31944, Design:RDL (Terminal Network), Interpolating frequency sweep complete. Converged. (05:08:53 PM  Jul 08, 2026)
[info] Project:temp_train_RDL_259_1783501653_31944, Design:RDL (Terminal Network), Normal completion of simulation on se[info] Project:temp_train_RDL_260_1783501663_9504,[info] Project:temp_train_RDL_259_1783501653_31944, Design:RDL (Terminal Network), Touchstone export: Writing to "C:/ffzhzh/LocalFiles/Ansys_Project_Files/temp_train_RDL_259_1783501653_31944_SNP/temp_train_RDL_259_1783501653_31944.s2p" (05:08:57 PM  Jul 08, 2026)
Stopping Batch Run: 5:08:58 PM  Jul 08, 2026
nfo] Project:temp_train_RDL_261_1783501665_44152, Design:RDL (Terminal Network), An interpolating frequency sweep with 1000 points has been started using HFSS - Solving Distributed. [info] Project:temp_train_RDL_260_1783501663_9504, Design:RDL (Terminal Network), Touchstone export: Writing to "C:/ffzhzh/LocalFiles/Ansys_Project_Files/temp_train_RDL_260_1783501663_9504_SNP[info] Project:temp_train_RDL_261_1783501665_44152, Design:RDL (TerminStopping Batch Run: 5:08:58 PM  Jul 08, 2026
n s[info] Project:temp_train_RDL_262_1783501696_41296, Design:RDL (Terminal Network), An interpolating frequency sweep with 1000 points has been started using HFSS - Solving Distributed. (05:09:27 PM  Jul 08, 2026)
[info] Project:temp_train_RDL_262_1783501696_41296, Design:RDL (Terminal Network), Interpolating frequency sweep complete. Converged. (05:09:27 PM  Jul 08, 2026)
[info] Project:temp_train_RDL_262_1783501696_41296, Design:RDL (Terminal Network), Normal completion of simulation on server: Local Machine. (05:09:27 PM  Jul 08, 2026)
[info] Project:temp_train_RDL_263_1783501736_55944, Design:RDL (Terminal Network), An interpolating frequency sweep with 1000 points has been started using HFSS - Solving Distributed. (05:10:05 PM  Jul 08, 2026)
[info] Project:temp_train_RDL_263_1783501736_55944, Design:RDL (Terminal Network), Interpolating frequency sweep complete. Converged. (05:10:05 PM  Jul 08, 2026)
[info] Project:temp_train_RDL_263_1783501736_55944, Design:RDL (Terminal Network), Normal completion of simulation on s[info] Project:temp_train_RDL_264_1783501741_31944, Design:RDL (Terminal Network), An interpolating frequency sweep with 1000 points has been started using HFSS - Solving Distributed. (05:10:13 PM  Jul 08, 2026)
[info][info] Project:temp_train_RDL_265_1783501741_9504, Design:RDL (Terminal Network), An interpolating frequency sweep with 1000 points has been started using HFSS - Solving Distributed. (05:10:56 PM  Jul 08, 2026)
[info] Project:temp_train_RDL_265_1783501741_9504, Design:RDL (Terminal Network), Interpolating frequency sweep complete. Converged. (05:10:56 PM  Jul 08, 2026)
[info] Project:temp_train_RDL_265_1783501741_9504, Design:RDL (Terminal Network), Normal completion of simulation on server: Local Machine. (05:10:56 PM  Jul 08, 2026)
[info] Project:temp_train_RDL_265_1783501741_9504, Design:RDL (Terminal Network), Touchstone export: Writing to "C:/ffzhzh/LocalFiles/Ansys_Project_Files/temp_train_RDL_265_1783501741_9504_SNP/temp_train_RDL_265_1783501741_9504.s2p" (05:10:59 PM  Jul 08, 2026)
Stopping Batch Run: 5:11:00 PM  Jul 08, 2026
5_44152, Design:RDL (Terminal Network), An interpolating frequency sweep with 1000 points has been started using HFSS - Solving Distributed[info] Project:temp_train_RDL_267_1783501774_41296, Design:RDL (Terminal Network), An interpolating frequency sweep with 1000 points has been started using HFSS - Solving Distributed. (05:10:50 PM  Jul 08, 2026)
[info] Project:temp_train_RDL_267_1783501774_41296, Design:RDL (Terminal Network), Interpolating frequency sweep complete. Converged. (05:10:50 PM  Jul 08, 2026)
[info] Project:temp_train_RDL_267_1783501774_41296, Design:RDL (Terminal Network), Normal completion of simulation on server: Local Machine. (05:10:51 PM  Jul 08, 2026)
[info] Project:temp_train_RDL_267_1783501774_41296, Design:RDL (Terminal Network), Touchstone export: Writing to "C:/ffzhzh/LocalFiles/Ansys_Project_Files/temp_train_RDL_267_1783501774_41296_SNP/temp_train_RDL_267_1783501774_41296.s2p" (05:10:55 PM  Jul 08, 2026)
Stopping Batch Run: 5:10:55 PM  Jul 08, 2026

[info] Project:temp_train_RDL_268_1783501815_55944, Design:RDL (Terminal Network), An interpolating frequency sweep with 1000 points has been started using HFSS - Solving Distributed. (05:11:38 PM  Jul 08, 2026)
[info] Project:temp_train_RDL_268_1783501815_55944, Design:RDL (Terminal Network), Interpolating frequency sweep complete. Converged. (05:11:38 PM  Jul 08, 2026)
[info] Project:temp_train_RDL_268_1783501815_55944, Design:RDL (Terminal Network), Normal completion of simulation on s[info] Project:temp_train_RDL_269_1783501821_31944, Design:RDL (Terminal Network), An interpolating frequency sweep with 1000 points has been started using HFSS - Solving Distributed. (05:12:12 PM  Jul 08, 2026)
[info] Project:temp_train_RDL_269_1783501821_31944, Design:RDL (Terminal Network), Interpolating frequency sweep complete. Converged. (05:12:12 PM  Jul 08, 2026)
[info] Project:temp_train_RDL_269_1783501821_31944, Design:RDL (Terminal Network), Normal completion of simulation on server: Local Machine. (05:12:12 PM  Jul 08, 2026)
[info] Project:temp_train_RDL_269_1783501821_31944, Design:RDL (Terminal Network), Touchstone export: Writing to "C:/ffzhzh/LocalFiles/Ansys_Project_Files/temp_train_RDL_269_1783501821_31944_SNP/temp_train_RDL_269_1783501821_31944.s2p" (05:12:16 PM  Jul 08, 2026)
Stopping Batch Run: 5:12:16 PM  Jul 08, 2026
ul 08, 2026)
[info] Project:temp_train_RDL_270_1783501825_44152, Design:RDL (Terminal Network), Normal completion of simulation on s[info] Project:temp_train_RDL_271_1783501858_41296, Design:RDL (Terminal Network), An interpolating frequency sweep with 1000 points has been started using HFSS - Solving Distributed. (05:12:10 PM  Jul 08, 2026)
[info] Project:temp_train_RDL_271_1783501858_41296, Design:RDL (Terminal Network), Interpolating frequency sweep complete. Converged. (05:12:10 PM  Jul 08, 2026)
[info] Project:temp_train_RDL_271_1783501858_41296, Design:RDL (Terminal Network), Normal completion of simulation on s[info] Project:temp_train_RDL_272_1783501863_9504, Design:RDL (Terminal Network), An interpolating frequency sweep with 1000 points has been started using HFSS - Solving Distributed. (05:12:47 PM  Jul 08, 2026)
[info] Project:temp_train_RDL_272_1783501863_9504, Design:RDL (Terminal Network), Interpolating frequency sweep complete. Converged. (05:12:47 PM  Jul 08, 2026)
[info] Project:temp_train_RDL_272_1783501863_9504, Design:RDL (Terminal Network), Normal completion of simulation on serv[info] Project:temp_train_RDL_273_1783501904_44152, Design:RDL (Terminal Network), An interpolating frequency sweep with 1000 points has been started using HFSS - Solving Distributed. (05:13:10 PM  Jul 08, 2026)
[info] Project:temp_train_RDL_273_1783501904_44152, Design:RDL (Terminal Network), Interpolating frequency sweep complete. Converged. (05:13:10 PM  Jul 08, 2026)
[info] Project:temp_train_RDL_273_1783501904_44152, Design:RDL (Terminal Network), Normal completion of simulation on server: Local Machine. (05:13:10 PM  Jul 08, 2026)
[info] Project:temp_train_RDL_273_1783501904_44152, Design:RDL (Terminal Network), Touchstone export: Writing to "C:/ffzhzh/Lo[info] Project:temp_train_RDL_274_1783501906_55944, Design:RDL (Terminal Network), An interpolating frequency sweep with 1000 points has been started using HFSS - Solving Distributed.[info] Project:temp_train_RDL_275_1783501938_41296, Design:RDL (Terminal Network), An interpolating frequency sweep with 1000 points has been started using HFSS - Solving Distributed. (05:13:31 PM  Jul 08, 2026)
[info] Project:temp_train_RDL_275_1783501938_41296, Design:RDL (Terminal Network), Interpolating frequency sweep complete. Converged. (05:13:31 PM[info] Project:temp_train_RDL_276_1783501940_31944, Design:RDL (Terminal Network), An interpolating frequency sweep with 1000 points has been started using HFSS - Solving Distributed. (05:13:42 PM  Jul 08, 2026)
[info] Project:temp_train_RDL_276_1783501940_31944, Design:RDL (Terminal Network), Interpolating frequency sweep complete. Converged. (05:13:42 PM  Jul 08, 2026)
[info] Project:temp_train_RDL_276_1783501940_31944, Design:RDL (Terminal Network), Normal completion of simulation on s[info] Project:temp_train_RDL_277_1783501974_9504, Design:RDL (Terminal Network), An interpolating frequency sweep with 1000 points has been started using HFSS - Solving Distributed. (05:14:04 PM  Jul 08, 2026)
[info] Project:temp_train_RDL_277_1783501974_9504, Design:RDL (Terminal Network), Interpolating frequency sweep complete. Converged. (05:14:04 PM  Jul 08, 2026)
[info] Project:temp_train_RDL_277_1783501974_9504, Design:RDL (Terminal Network), Normal completion of simulation on serv[info] Project:temp_train_RDL_278_1783501999_44152, Design:RDL (Terminal Network), An interpolating frequency sweep with 1000 points has been started using HFSS - Solving Distributed. (05:14:31 PM  Jul 08, 2026)
[info] Project:temp_train_RDL_278_1783501999_44152, Design:RDL (Terminal Network), Interpolating frequency sweep complete. Converged. (05:14:31 PM  Jul 08, 2026)
[info] Project:temp_train_RDL_278_1783501999_44152, Design:RDL (Terminal Network), Normal completion of simulation on s[info] Project:temp_train_RDL_279_1783502004_55944, Design:RDL (Terminal Network), An interpolating frequency sweep with 1000 points has been started using HFSS - Solving Distributed. (05:14:47 PM  Jul 08, 2026)
[info] Project:temp_train_RDL_279_1783502004_55944, Design:RDL (Terminal Network), Interpolating frequency sweep complete. Converged. (05:14:47 PM  Jul 08, 2026)
[info] Project:temp_train_RDL_279_1783502004_55944, Design:RDL (Terminal Network), Normal completion of simulation on s[info] Project:temp_train_RDL_280_1783502020_41296,[info] Project:temp_train_RDL_279_1783502004_55944, Design:RDL (Terminal Network), Touchstone export: Writing to "C:/ffzhzh/LocalFiles/Ansys_Project_Files/temp_train_RDL_279_1783502004_55944_SNP/temp_train_RDL_279_1783502004_55944.s2p" (05:14:52 PM  Jul 08, 2026)
Stopping Batch Run: 5:14:53 PM  Jul 08, 2026
ul 08, 2026)
[info] Project:temp_train_RDL_280_1783502020_41296, Design:RDL (Terminal Network), Normal completion of simulation on s[info] Project:temp_train_RDL_281_1783502030_31944, Design:RDL (Terminal Network), An interpolating frequency sweep with 1000 points has been started using HFSS - Solving Distributed. (05:15:07 PM  Jul 08, 2026)
[info] Project:temp_train_RDL_281_1783502030_31944, Design:RDL (Terminal Network), Interpolating frequency sweep complete. Converged. (05:15:07 PM  Jul 08, 2026)
[info] Project:temp_train_RDL_281_1783502030_31944, Design:RDL (Terminal Network), Normal completion of simulation on s[info] Project:temp_train_RDL_282_1783502057_9504, Design:RDL (Terminal Network), An interpolating frequency sweep with 1000 points has been started using HFSS - Solving Distributed. (05:15:27 PM  Jul 08, 2026)
[info] Project:temp_train_RDL_282_1783502057_9504, Design:RDL (Terminal Network), Interpolating frequency sweep complete. Converged. (05:15:27 PM  Jul 08, 2026)
[info] Project:temp_train_RDL_282_1783502057_9504, Design:RDL (Terminal Network), Normal completion of simulation on serv[info] Project:temp_train_RDL_283_1783502079_44152, Design:RDL (Terminal Network), An interpolating frequency sweep with 1000 points has been started using HFSS - Solving Distributed. (05:15:49 PM  Jul 08, 2026)
[info] Project:temp_train_RDL_283_1783502079_44152, Design:RDL (Terminal Network), Interpolating frequency sweep complete. Converged. (05:15:49 PM  Jul 08, 2026)
[info] Project:temp_train_RDL_283_1783502079_44152, Design:RDL (Terminal Network), Normal completion of simulation on s[info] Project:temp_train_RDL_284_1783502096_55944, Design:RDL (Terminal Network), An interpolating frequency sweep with 1000 points has been started using HFSS - Solving Distributed. (05:16:23 PM  Jul 08, 2026)
[info] Project:temp_train_RDL_284_1783502096_55944, Design:RDL (Terminal Network), Interpolating frequency sweep complete. Converged. (05:16:23 PM  Jul 08, 2026)
[info] Project:temp_train_RDL_284_1783502096_55944, Design:RDL (Terminal Network), Normal completion of simulation on server: Local Machine. (05:16:23 PM  Jul 08, 2026)
[info] Project:temp_train_RDL_284_1783502096_55944, Design:RDL (Terminal Network), Touchstone export: Writing to "C:/ffzhzh/LocalFiles/Ansys_Project_Files/temp_train_RDL_284_1783502096_55944_SNP/temp_train_RDL_284_1783502096_55944.s2p" (05:16:27 PM  Jul 08, 2026)
Stopping Batch Run: 5:16:28 PM  Jul 08, 2026
ul 08, 2026)
[info] Project:temp_train_RDL_285_1783502107_41296, Design:RDL (Terminal Network), Normal completion of simulation on s[info] Project:temp_train_RDL_286_1783502116_31944, Design:RDL (Terminal Network), An interpolating frequency sweep with 1000 points has been started using HFSS - Solving Distributed. (05:16:29 PM  Jul 08, 2026)
[info] Project:temp_train_RDL_286_1783502116_31944, Design:RDL (Terminal Network), Interpolating frequency sweep complete. Converged. (05:16:29 PM  Jul 08, 2026)
[info] Project:temp_train_RDL_286_1783502116_31944, Design:RDL (Terminal Network), Normal completion of simulation on se[info] Project:temp_train_RDL_287_1783502136_9504, Design:RDL (Terminal Network), An interpolating frequency sweep with 1000 points has been started using HFSS - Solving Distributed. (05:16:47 PM  Jul 08, 2026)
[info] Project:temp_train_RDL_287_1783502136_9504, Design:RDL (Terminal Network), Interpolating frequency sweep complete. Converged. (05:16:47 PM  Jul 08, 2026)
[info] Project:temp_train_RDL_287_1783502136_9504, Design:RDL (Terminal Network), Normal completion of simulation on serve[info] Project:temp_train_RDL_288_1783502157_44152, Design:RDL (Terminal Network), An interpolating frequency sweep with 1000 points has been started using HFSS - Solving Distributed. (05:17:07 PM  Jul 08, 2026)
[info] Project:temp_train_RDL_288_1783502157_44152, Design:RDL (Terminal Network), Interpolating frequency sweep complete. Converged. (05:17:07 PM  Jul 08, 2026)
[info] Project:temp_train_RDL_288_1783502157_44152, Design:RDL (Terminal Network), Normal completion of simulation on se[info] Project:temp_train_RDL_289_1783502186_41296, Design:RDL (Terminal Network), An interpolating frequency sweep with 1000 points has been started using HFSS - Solving Distributed. (05:17:34 PM  Jul 08, 2026)
[info] Project:temp_train_RDL_289_1783502186_41296, Design:RDL (Terminal Network), Interpolating frequency sweep complete. Converged. (05:17:34 PM  Jul 08, 2026)
[info] Project:temp_train_RDL_289_1783502186_41296, Design:RDL (Terminal Network), Normal completion of simulation on s[info] Project:temp_train_RDL_290_1783502191_55944, Design:RDL (Terminal Network), An interpolating frequency sweep with 1000 points has been started using HFSS - Solving Distributed. (05:17:44 PM  Jul 08, 2026)
[info] Project:temp_train_RDL_290_1783502191_55944, Design:RDL (Terminal Network), Interpolating frequency sweep complete. Converged. (05:17:44 PM  Jul 08, 2026)
[info] Project:temp_train_RDL_290_1783502191_55944, Design:RDL (Terminal Network), Normal completion of simulation on s[info] Project:temp_train_RDL_291_1783502197_31944,[info] Project:temp_train_RDL_290_1783502191_55944, Design:RDL (Terminal Network), Touchstone export: Writing to "C:/ffzhzh/LocalFiles/Ansys_Project_Files/temp_train_RDL_290_1783502191_55944_SNP/temp_train_RDL_290_1783502191_55944.s2p" (05:17:48 PM  Jul 08, 2026)
Stopping Batch Run: 5:17:49 PM  Jul 08, 2026
ul 08, 2026)
[info] Project:temp_train_RDL_291_1783502197_31944, Design:RDL (Terminal Network), Normal completion of simulation on s[info] Project:temp_train_RDL_292_1783502216_9504, Design:RDL (Terminal Network), An interpolating frequency sweep with 1000 points has been started using HFSS - Solving Distributed. (05:18:06 PM  Jul 08, 2026)
[info] Project:temp_train_RDL_292_1783502216_9504, Design:RDL (Terminal Network), Interpolating frequency sweep complete. Converged. (05:18:06 PM  Jul 08, 2026)
[info] Project:temp_train_RDL_292_1783502216_9504, Design:RDL (Terminal Network), Normal completion of simulation on serv[info] Project:temp_train_RDL_293_1783502235_44152, Design:RDL (Terminal Network), An interpolating frequency sweep with 1000 points has been started using HFSS - Solving Distributed. (05:18:25 PM  Jul 08, 2026)
[info] Project:temp_train_RDL_293_1783502235_44152, Design:RDL (Terminal Network), Interpolating frequency sweep complete. Converged. (05:18:25 PM  Jul 08, 2026)
[info] Project:temp_train_RDL_293_1783502235_44152, Design:RDL (Terminal Network), Normal completion of simulation on s[info] Project:temp_train_RDL_294_1783502263_41296, Design:RDL (Terminal Network), An interpolating frequency sweep with 1000 points has been started using HFSS - Solving Distributed. (05:18:51 PM  Jul 08, 2026)
[info] Project:temp_train_RDL_294_1783502263_41296, Design:RDL (Terminal Network), Interpolating frequency sweep complete. Converged. (05:18:51 PM  Jul 08, 2026)
[info] Project:temp_train_RDL_294_1783502263_41296, Design:RDL (Terminal Network), Normal completion of simulation on s[info] Project:temp_train_RDL_295_1783502272_55944, Design:RDL (Terminal Network), An interpolating frequency sweep with 1000 points has been started using HFSS - Solving Distributed. (05:19:10 PM  Jul 08, 2026)
[info] Project:temp_train_RDL_295_1783502272_55944, Design:RDL (Terminal Network), Interpolating frequency sweep complete. Converged. (05:19:10 PM  Jul 08, 2026)
[info] Project:temp_train_RDL_295_1783502272_55944, Design:RDL (Terminal Network), Normal completion of simulation on server: Local Machine. (05:19:10 PM  Jul 08, 2026)
[info] Project:temp_train_RDL_295_1783502272_55944, Design:RDL (Terminal Network), Touchstone export: Writing to "C:/ffzhzh/LocalFiles/Ansys_Project_Files/temp_train_RDL_295_1783502272_55944_SNP/temp_train_RDL_295_1783502272_55944.s2p" (05:19:14 PM  Jul 08, 2026)
Stopping Batch Run: 5:19:15 PM  Jul 08, 2026[info] Project:temp_train_RDL_297_1783502294_9504, Design:RDL (Terminal Network), An interpolating frequency sweep with 1000 points has been started using HFSS - Solving Distributed. (05:19:33 PM  Jul 08, 2026)
[info] Project:temp_train_RDL_297_1783502294_9504, Design:RDL (Terminal Network), Interpolating frequency sweep complete. Converged. (05:19:33 PM  Jul 08, 2026)
[info] Project:temp_train_RDL_297_1783502294_9504, Design:RDL (Terminal Network), Normal completion of simulation on serv[info] Project:temp_train_RDL_298_1783502314_44152, Design:RDL (Terminal Network), An interpolating frequency sweep with 1000 points has been started using HFSS - Solving Distributed. (05:19:54 PM  Jul 08, 2026)
[info] Project:temp_train_RDL_298_1783502314_44152, Design:RDL (Terminal Network), Interpolating frequency sweep complete. Converged. (05:19:54 PM  Jul 08, 2026)
[info] Project:temp_train_RDL_298_1783502314_44152, Design:RDL (Terminal Network), Normal completion of simulation on s[info] Project:temp_train_RDL_299_1783502339_41296, Design:RDL (Terminal Network), An interpolating frequency sweep with 1000 points has been started using HFSS - Solving Distributed. (05:20:18 PM  Jul 08, 2026)
[info] Project:temp_train_RDL_299_1783502339_41296, Design:RDL (Terminal Network), Interpolating frequency sweep complete. Converged. (05:20:18 PM  Jul 08, 2026)
[info] Project:temp_train_RDL_299_1783502339_41296, Design:RDL (Terminal Network), Normal completion of simulation on server: Local Machine. (05:20:18 PM  Jul 08, 2026)
[info] Project:temp_train_RDL_299_1783502339_41296, Design:RDL (Terminal Network), Touchstone export: Writing to "C:/ffzhzh/LocalFiles/Ansys_Project_Files/temp_train_RDL_299_1783502339_41296_SNP/temp_train_RDL_299_1783502339_41296.s2p" (05:20:23 PM  Jul 08, 2026)
Stopping Batch Run: 5:20:24 PM  Jul 08, 2026
ul 08, 2026)
[info] Project:temp_train_RDL_300_1783502350_31944, Design:RDL (Terminal Network), Normal completion of simulation on s[info] Project:temp_train_RDL_301_1783502358_55944, Design:RDL (Terminal Network), An interpolating frequency sweep with 1000 points has been started using HFSS - Solving Distributed. (05:20:39 PM  Jul 08, 2026)
[info] Project:temp_train_RDL_301_1783502358_55944, Design:RDL (Terminal Network), Interpolating frequency sweep complete. Converged. (05:20:39 PM  Jul 08, 2026)
[info] Project:temp_train_RDL_301_1783502358_55944, Design:RDL (Terminal Network), Normal completion of simulation on s[info] Project:temp_train_RDL_302_1783502380_9504, Design:RDL (Terminal Network), An interpolating frequency sweep with 1000 points has been started using HFSS - Solving Distributed. (05:20:59 PM  Jul 08, 2026)
[info] Project:temp_train_RDL_302_1783502380_9504, Design:RDL (Terminal Network), Interpolating frequency sweep complete. Converged. (05:20:59 PM  Jul 08, 2026)
[info] Project:temp_train_RDL_302_1783502380_9504, Design:RDL (Terminal Network), Normal completion of simulation on serv[info] Project:temp_train_RDL_303_1783502402_44152, Design:RDL (Terminal Network), An interpolating frequency sweep with 1000 points has been started using HFSS - Solving Distributed. (05:21:12 PM  Jul 08, 2026)
[info] Project:temp_train_RDL_303_1783502402_44152, Design:RDL (Terminal Network), Interpolating frequency sweep complete. Converged. (05:21:12 PM  Jul 08, 2026)
[info] Project:temp_train_RDL_303_1783502402_44152, Design:RDL (Terminal Network), Normal completion of simulation on s[info] Project:temp_train_RDL_304_1783502426_31944, Design:RDL (Terminal Network), An interpolating frequency sweep with 1000 points has been started using HFSS - Solving Distributed. (05:21:47 PM  Jul 08, 2026)
[info] Project:temp_train_RDL_304_1783502426_31944, Design:RDL (Terminal Network), Interpolating frequency sweep complete. Converged. (05:21:47 PM  Jul 08, 2026)
[info] Project:temp_train_RDL_304_1783502426_31944, Design:RDL (Terminal Network), Normal completion of simulation on server: Local Machine. (05:21:47 PM  Jul 08, 2026)
[info] Project:temp_train_RDL_304_1783502426_31944, Design:RDL (Terminal Network), Touchstone export: Writing to "C:/ffzhzh/LocalFiles/Ansys_Project_Files/temp_train_RD[info] Project:temp_train_RDL_306_1783502447_55944, Design:RDL (Terminal Network), An interpolating frequency sweep with 1000 points has been started using HFSS - Solving Distributed. (05:22:09 PM  Jul 08, 2026)
[info] Project:temp_train_RDL_306_1783502447_55944, Design:RDL (Terminal Network), Interpolating frequency sweep complete. Converged. (05:22:09 PM  Jul 08, 2026)
[info] Project:temp_train_RDL_306_1783502447_55944, Design:RDL (Terminal Network), Normal completion of simulation on s[info] Project:temp_train_RDL_307_1783502467_9504, [info] Project:temp_train_RDL_306_1783502447_55944, Design:RDL (Terminal Network), Touchstone export: Writing to "C:/ffzhzh/LocalFiles/Ansys_Project_Files/temp_train_RDL_306_1783502447_55944_SNP/temp_train_RDL_306_1783502447_55944.s2p" (05:22:14 PM  Jul 08, 2026)
Stopping Batch Run: 5:22:14 PM  Jul 08, 2026
 08, 2026)
[info] Project:temp_train_RDL_307_1783502467_9504, Design:RDL (Terminal Network), Normal completion of simulation on serv[info] Project:temp_train_RDL_308_1783502479_44152, Design:RDL (Terminal Network), An interpolating frequency sweep with 1000 points has been started using HFSS - Solving Distributed. (05:22:29 PM  Jul 08, 2026)
[info] Project:temp_train_RDL_308_1783502479_44152, Design:RDL (Terminal Network), Interpolating frequency sweep complete. Converged. (05:22:29 PM  Jul 08, 2026)
[info] Project:temp_train_RDL_308_1783502479_44152, Design:RDL (Terminal Network), Normal completion of simulation on s[info] Project:temp_train_RDL_309_1783502505_41296, Design:RDL (Terminal Network), An interpolating frequency sweep with 1000 points has been started using HFSS - Solving Distributed. (05:22:56 PM  Jul 08, 2026)
[info] Project:temp_train_RDL_309_1783502505_41296, Design:RDL (Terminal Network), Interpolating frequency sweep complete. Converged. (05:22:56 PM  Jul 08, 2026)
[info] Project:temp_train_RDL_309_1783502505_41296, Design:RDL (Terminal Network), Normal completion of simulation on se[info] Project:temp_train_RDL_310_1783502515_31944, Design:RDL (Terminal Network), An interpolating frequency sweep with 1000 points has been started using HFSS - Solving Distributed. (05:23:06 PM  Jul 08, 2026)
[info] Project:temp_train_RDL_310_1783502515_31944, Design:RDL (Terminal Network), Interpolating frequency sweep complete. Converged. (05:23:06 PM  Jul 08, 2026)
[info] Project:temp_train_RDL_310_1783502515_31944, Design:RDL (Terminal Network), Normal completion of simulation on se[info] Project:temp_train_RDL_311_1783502537_55944, Design:RDL (Terminal Network), An interpolating frequency sweep with 1000 points has been started using HFSS - Solving Distributed. (05:23:46 PM  Jul 08, 2026)
[info] Project:temp_train_RDL_311_1783502537_55944, Design:RDL (Terminal Network), Interpolating frequency sweep complete. Converged. (05:23:46 PM  Jul 08, 2026)
[info] Project:temp_train_RDL_311_1783502537_55944, Design:RDL (Terminal Network), Normal completion of simulation on server: Local Machine. (05:23:46 PM  Jul 08, 2026)
[info] Project:temp_train_RDL_311_1783502537_55944, Design:RDL (Terminal Network), Touchstone export: Writing to "C:/ffzhzh/LocalFiles/Ansys_Project_Files/temp_train_RDL_311_1783502537_55944_SNP/temp_train_RDL_311_1783502537_55944.s2p" (05:23:57 PM  Jul 08, 2026)
Stopping Batch Run: 5:23:57 PM  Jul 08, 2026
 08, 2026)
[info] Project:temp_train_RDL_312_1783502542_9504, Design:RDL (Terminal Network), Normal completion of simulation on serv[info] Project:temp_train_RDL_313_1783502558_441[info] Project:temp_train_RDL_312_1783502542_9504, Design:RDL (Terminal Network), Touchstone export: Writing to "C:/ffzhzh/LocalFiles/Ansys_Project_Files/temp_train_RDL_312_1783502542_9504_SNP/temp_train_RDL_312_1783502542_9504.s2p" (05:23:57 PM  Jul 08, 2026)
Stopping Batch Run: 5:23:58 PM  Jul 08, 2026
 PM  Jul 08, 2026)
[info] Project:temp_train_RDL_313_1783502558_44152, Design:RDL (Terminal Network), Normal completion of simulation on s[info] Project:temp_train_RDL_314_1783502586_41296, Design:RDL (Terminal Network), An interpolating frequency sweep with 1000 points has been started using HFSS - Solving Distributed. (05:24:21 PM  Jul 08, 2026)
[info] Project:temp_train_RDL_314_1783502586_41296, Design:RDL (Terminal Network), Interpolating frequency sweep complete. Converged. (05:24:21 PM  Jul 08, 2026)
[info] Project:temp_train_RDL_314_1783502586_41296, Design:RDL (Terminal Network), Normal completion of simulation on s[info] Project:temp_train_RDL_315_1783502596_31944, Design:RDL (Terminal Network), An interpolating frequency sweep with 1000 points has been started using HFSS - Solving Distributed. (05:24:46 PM  Jul 08, 2026)
[info] Project:temp_train_RDL_315_1783502596_31944, Design:RDL (Terminal Network), Interpolating frequency sweep complete. Converged. (05:24:46 PM  Jul 08, 2026)
[info] Project:temp_train_RDL_315_1783502596_31944, Design:RDL (Terminal Network), Normal completion of simulation on s[info] Project:temp_train_RDL_316_1783502640_55944, Design:RDL (Terminal Network), An interpolating frequency sweep with 1000 points has been started using HFSS - Solving Distributed. (05:25:27 PM  Jul 08, 2026)
[info] Project:temp_train_RDL_316_1783502640_55944, Design:RDL (Terminal Network), Interpolating frequency sweep complete. Converged. (05:25:27 PM  Jul 08, 2026)
[info] Project:temp_train_RDL_316_1783502640_55944, Design:RDL (Terminal Network), Normal completion of simulation on server: Local Machine. (05:25:27 PM  Jul 08, 2026)
[info] Project:temp_train_RDL_316_1783502640_55944, Design:RDL (Terminal Network), Touchstone export: Writing to "C:/ffzhzh/LocalFiles/Ansys_Project_Files/temp_train_RDL_316_1783502640_55944_SNP/temp_train_RDL_316_1783502640_55944.s2p" (05:25:31 PM  Jul 08, 2026)
Stopping Batch Run: 5:25:32 PM  Jul 08, 202[info] Project:temp_train_RDL_318_1783502648_44152, Design:RDL (Terminal Network), An interpolating frequency sweep with 1000 points has been started using HFSS - Solving Distributed. (05:25:34 PM  Jul 08, 2026)
[info] Project:temp_train_RDL_318_1783502648_44152, Design:RDL (Terminal Network), Interpolating frequency sweep complete. Converged. (05:25:34 PM  Jul 08, 2026)
[info] Project:temp_train_RDL_318_1783502648_44152, Design:RDL (Terminal Network), Normal completion of simulation on s[info] Project:temp_train_RDL_319_1783502673_41296,[info] Project:temp_train_RDL_318_1783502648_44152, Design:RDL (Terminal Network), Touchstone export: Writing to "C:/ffzhzh/LocalFiles/Ansys_Project_Files/temp_train_RDL_318_1783502648_44152_SNP/temp_train_RDL_318_1783502648_44152.s2p" (05:25:37 PM  Jul 08, 2026)
Stopping Batch Run: 5:25:38 PM  Jul 08, 2026
ul 08, 2026)
[info] Project:temp_train_RDL_319_1783502673_41296, Design:RDL (Terminal Network), Normal completion of simulation on se[info] Project:temp_train_RDL_320_1783502693_31944, Design:RDL (Terminal Network), An interpolating frequency sweep with 1000 points has been started using HFSS - Solving Distributed. (05:26:10 PM  Jul 08, 2026)
[info] Project:temp_train_RDL_320_1783502693_31944, Design:RDL (Terminal Network), Interpolating frequency sweep complete. Converged. (05:26:10 PM  Jul 08, 2026)
[info] Project:temp_train_RDL_320_1783502693_31944, Design:RDL (Terminal Network), Normal completion of simulation on se[info] Project:temp_train_RDL_321_1783502724_9504, Design:RDL (Terminal Network), An interpolating frequency sweep with 1000 points has been started using HFSS - Solving Distributed. (05:27:19 PM  Jul 08, 2026)
[info] Project:temp_train_RDL_321_1783502724_9504, Design:RDL (Terminal Network), Interpolating frequency sweep complete. Converged. (05:27:19 PM  Jul 08, 2026)
[info] Project:temp_train_RDL_321_1783502724_9504, Design:RDL (Terminal Network), Normal completion of simulation on server: Local Machine. (05:27:19 PM  Jul 08, 2026)
[info] Project:temp_train_RDL_321_1783502724_9504, Design:RDL (Terminal Network), Touchstone export: Writing to "C:/ffzhzh/LocalFiles/Ansys_Project_Files/temp_train_RDL_321_1783502724_9504_SNP/temp_train_RDL_321_1783502724_9504.s2p" (05:27:23 PM  Jul 08, 2026)
Stopping Batch Run: 5:27:24 PM  Jul 08, 2026
4 PM  Jul 08, 2026)
[info] Project:temp_train_RDL_322_1783502735_55944, Design:RDL (Terminal Network), Normal completion of simulation on se[info] Project:temp_train_RDL_323_1783502741_44152[info] Project:temp_train_RDL_322_1783502735_55944, Design:RDL (Terminal Network), Touchstone export: Writing to "C:/ffzhzh/LocalFiles/Ansys_Project_Files/temp_train_RDL_322_1783502735_55944_SNP/temp_train_RDL_322_1783502735_55944.s2p" (05:26:48 PM  Jul 08, 2026)
Stopping Batch Run: 5:26:49 PM  Jul 08, 2026
Jul 08, 2026)
[info] Project:temp_train_RDL_323_1783502741_44152, Design:RDL (Terminal Network), Normal completion of simulation on se[info] Project:temp_train_RDL_324_1783502744_41296[info] Project:temp_train_RDL_323_1783502741_44152, Design:RDL (Terminal Network), Touchstone export: Writing to "C:/ffzhzh/LocalFiles/Ansys_Project_Files/temp_train_RDL_323_1783502741_44152_SNP/temp_train_RDL_323_1783502741_44152.s2p" (05:26:53 PM  Jul 08, 2026)
Stopping Batch Run: 5:26:53 PM  Jul 08, 2026
Jul 08, 2026)
[info] Project:temp_train_RDL_324_1783502744_41296, Design:RDL (Terminal Network), Normal completion of simulation on s[info] Project:temp_train_RDL_325_1783502778_31944, Design:RDL (Terminal Network), An interpolating frequency sweep with 1000 points has been started using HFSS - Solving Distributed. (05:27:37 PM  Jul 08, 2026)
[info] Project:temp_train_RDL_325_1783502778_31944, Design:RDL (Terminal Network), Interpolating frequency sweep complete. Converged. (05:27:37 PM  Jul 08, 2026)
[info] Project:temp_train_RDL_325_1783502778_31944, Design:RDL (Terminal Network), Normal completion of simulation on server: Local Machine. (05:27:37 PM  Jul 08, 2026)
[[info] Project:temp_train_RDL_326_1783502812_55944, Design:RDL (Terminal Network), An interpolating frequency sweep with 1000 points has been started using HFSS - Solving Distributed. (05:28:08 PM  Jul 08, 2026)
[info] Project:temp_train_RDL_326_1783502812_55944, Design:RDL (Terminal Network), Interpolating frequency sweep complete. Converged. (05:28:08 PM  Jul 08, 2026)
[info] Project:temp_train_RDL_326_1783502812_55944, Design:RDL (Terminal Network), Normal completion of simulation on se[info] Project:temp_train_RDL_327_1783502817_44152, Design:RDL (Terminal Network), An interpolating frequency sweep with 1000 points has been started using HFSS - Solving Distributed. (05:28:15 PM  Jul 08, 2026)
[info] Project:temp_train_RDL_327_1783502817_44152, Design:RDL (Terminal Network), Interpolating frequency sweep complete. Converged. (05:28:15 PM[info] Project:temp_train_RDL_328_1783502818_41296, Design:RDL (Terminal Network), An interpolating frequency sweep with 1000 points has been started using HFSS - Solving Distributed. (05:28:36 PM  Jul 08, 2026)
[info] Project:temp_train_RDL_328_1783502818_41296, Design:RDL (Terminal Network), Interpolating frequency sweep complete. Converged. (05:28:36 PM  Jul 08, 2026)
[info] Project:temp_train_RDL_328_1783502818_41296, Design:RDL (Terminal Network), Normal completion of simulation on se[info] Project:temp_train_RDL_329_1783502847_9504, Design:RDL (Terminal Network), An interpolating frequency sweep with 1000 points has been started using HFSS - Solving Distributed. (05:29:00 PM  Jul 08, 2026)
[info] Project:temp_train_RDL_329_1783502847_9504, Design:RDL (Terminal Network), Interpolating frequency sweep complete. Converged. (05:29:00 PM  Jul 08, 2026)
[info] Project:temp_train_RDL_329_1783502847_9504, Design:RDL (Terminal Network), Normal completion of simulation on server: Local Machine. (05:29:00 PM  Jul 08, 2026)
[info] Project:temp_train_RDL_329_1783502847_9504, Design:RDL (Terminal Network), Touchstone export: Writing to "C:/ffzhzh/LocalFiles/Ansys_Project_Files/temp_train_RDL_329_1783502847_9504_SNP/temp_train_RDL_329_1783502847_9504.s2p" (05:29:04 PM  Jul 08, 2026)
Stopping Batch Run: 5:29:04 PM  Jul 08, 2026
 PM  Jul 08, 2026)
[info] Project:temp_train_RDL_330_1783502866_31944, Design:RDL (Terminal Network), Normal completion of simulation on s[info] Project:temp_train_RDL_331_1783502895_55944, Design:RDL (Terminal Network), An interpolating frequency sweep with 1000 points has been started using HFSS - Solving Distributed. (05:29:23 PM  Jul 08, 2026)
[info] Project:temp_train_RDL_331_1783502895_55944, Design:RDL (Terminal Network), Interpolating frequency sweep complete. Converged. (05:29:23 PM  Jul 08, 2026)
[info] Project:temp_train_RDL_331_1783502895_55944, Design:RDL (Terminal Network), Normal completion of simulation on s[info] Project:temp_train_RDL_332_1783502903_44152, Design:RDL (Terminal Network), An interpolating frequency sweep with 1000 points has been started using HFSS - Solving Distributed. (05:29:42 PM  Jul 08, 2026)
[info] Project:temp_train_RDL_332_1783502903_44152, Design:RDL (Terminal Network), Interpolating frequency sweep complete. Converged. (05:29:42 PM  Jul 08, 2026)
[info] Project:temp_train_RDL_332_1783502903_44152, Design:RDL (Terminal Network), Normal completion of simulation on se[info] Project:temp_train_RDL_333_1783502924_41296, Design:RDL (Terminal Network), An interpolating frequency sweep with 1000 points has been started using HFSS - Solving Distributed. (05:30:05 PM  Jul 08, 2026)
[info] Project:temp_train_RDL_333_1783502924_41296, Design:RDL (Terminal Network), Interpolating frequency sweep complete. Converged. (05:30:05 PM  Jul 08, 2026)
[info] Project:temp_train_RDL_333_1783502924_41296, Design:RDL (Terminal Network), Normal completion of simulation on s[info] Project:temp_train_RDL_334_1783502942_31944,[info] Project:temp_train_RDL_333_1783502924_41296, Design:RDL (Terminal Network), Touchstone export: Writing to "C:/ffzhzh/LocalFiles/Ansys_Project_Files/temp_train_RDL_333_1783502924_41296_SNP/temp_train_RDL_333_1783502924_41296.s2p" (05:30:09 PM  Jul 08, 2026)
Stopping Batch Run: 5:30:10 PM  Jul 08, 2026
ul 08, 2026)
[info] Project:temp_train_RDL_334_1783502942_31944, Design:RDL (Terminal Network), Normal completion of simulation on s[info] Project:temp_train_RDL_335_1783502947_9504, Design:RDL (Terminal Network), An interpolating frequency sweep with 1000 points has been started using HFSS - Solving Distributed. (05:30:26 PM  Jul 08, 2026)
[info] Project:temp_train_RDL_335_1783502947_9504, Design:RDL (Terminal Network), Interpolating frequency sweep complete. Converged. (05:30:26 PM  Jul 08, 2026)
[info] Project:temp_train_RDL_335_1783502947_9504, Design:RDL (Terminal Network), Normal completion of simulation on serv[info] Project:temp_train_RDL_336_1783502971_55944, Design:RDL (Terminal Network), An interpolating frequency sweep with 1000 points has been started using HFSS - Solving Distributed. (05:30:39 PM  Jul 08, 2026)
[info] Project:temp_train_RDL_336_1783502971_55944, Design:RDL (Terminal Network), Interpolating frequency sweep complete. Converged. (05:30:39 PM  Jul 08, 2026)
[info] Project:temp_train_RDL_336_1783502971_55944, Design:RDL (Terminal Network), Normal completion of simulation on s[info] Project:temp_train_RDL_337_1783502988_44152, Design:RDL (Terminal Network), An interpolating frequency sweep with 1000 points has been started using HFSS - Solving Distributed. (05:31:10 PM  Jul 08, 2026)
[info] Project:temp_train_RDL_337_1783502988_44152, Design:RDL (Terminal Network), Interpolating frequency sweep complete. Converged. (05:31:10 PM  Jul 08, 2026)
[info] Project:temp_train_RDL_337_1783502988_44152, Design:RDL (Terminal Network), Normal completion of simulation on s[info] Project:temp_train_RDL_338_1783503013_41296, Design:RDL (Terminal Network), An interpolating frequency sweep with 1000 points has been started using HFSS - Solving Distributed. (05:31:21 PM  Jul 08, 2026)
[info] Project:temp_train_RDL_338_1783503013_41296, Design:RDL (Terminal Network), Interpolating frequency sweep complete. Converged. (05:31:21 PM  Jul 08, 2026)
[info] Project:temp_train_RDL_338_1783503013_41296, Design:RDL (Terminal Network), Normal completion of simulation on s[info] Project:temp_train_RDL_339_1783503016_31944,[info] Project:temp_train_RDL_338_1783503013_41296, Design:RDL (Terminal Network), Touchstone export: Writing to "C:/ffzhzh/LocalFiles/Ansys_Project_Files/temp_train_RDL_338_1783503013_41296_SNP/temp_train_RDL_338_1783503013_41296.s2p" (05:31:25 PM  Jul 08, 2026)
Stopping Batch Run: 5:31:26 PM  Jul 08, 2026
ul 08, 2026)
[info] Project:temp_train_RDL_339_1783503016_31944, Design:RDL (Terminal Network), Normal completion of simulation on s[info] Project:temp_train_RDL_340_1783503034_9504, Design:RDL (Terminal Network), An interpolating frequency sweep with 1000 points has been started using HFSS - Solving Distributed. (05:31:49 PM  Jul 08, 2026)
[info] Project:temp_train_RDL_340_1783503034_9504, Design:RDL (Terminal Network), Interpolating frequency sweep complete. Converged. (05:31:49 PM  Jul 08, 2026)
[info] Project:temp_train_RDL_340_1783503034_9504, Design:RDL (Terminal Network), Normal completion of simulation on serve[info] Project:temp_train_RDL_341_1783503048_55944, Design:RDL (Terminal Network), An interpolating frequency sweep with 1000 points has been started using HFSS - Solving Distributed. (05:31:54 PM  Jul 08, 2026)
[info] Project:temp_train_RDL_341_1783503048_55944, Design:RDL (Terminal Network), Interpolating frequency sweep complete. Converged. (05:31:54 PM  Jul 08, 2026)
[info] Project:temp_train_RDL_341_1783503048_55944, Design:RDL (Terminal Network), Normal completion of simulation on s[info] Project:temp_train_RDL_342_1783503076_44152, Design:RDL (Terminal Network), An interpolating frequency sweep with 1000 points has been started using HFSS - Solving Distributed. (05:32:35 PM  Jul 08, 2026)
[info] Project:temp_train_RDL_342_1783503076_44152, Design:RDL (Terminal Network), Interpolating frequency sweep complete. Converged. (05:32:35 PM  Jul 08, 2026)
[info] Project:temp_train_RDL_342_1783503076_44152, Design:RDL (Terminal Network), Normal completion of simulation on s[info] Project:temp_train_RDL_343_1783503089_41296, Design:RDL (Terminal Network), An interpolating frequency sweep with 1000 points has been started using HFSS - Solving Distributed. (05:32:48 PM  Jul 08, 2026)
[info] Project:temp_train_RDL_343_1783503089_41296, Design:RDL (Terminal Network), Interpolating frequency sweep complete. Converged. (05:32:48 PM[info] Project:temp_train_RDL_344_1783503090_31944, Design:RDL (Terminal Network), An interpolating frequency sweep with 1000 points has been started using HFSS - Solving Distributed. (05:33:03 PM  Jul 08, 2026)
[info] Project:temp_train_RDL_344_1783503090_31944, Design:RDL (Terminal Network), Interpolating frequency sweep complete. Converged. (05:33:03 PM  Jul 08, 2026)
[info] Project:temp_train_RDL_344_1783503090_31944, Design:RDL (Terminal Network), Normal completion of simulation on s[info] Project:temp_train_RDL_345_1783503116_9504, [info] Project:temp_train_RDL_344_1783503090_31944, Design:RDL (Terminal Network), Touchstone export: Writing to "C:/ffzhzh/LocalFiles/Ansys_Project_Files/temp_train_RDL_344_1783503090_31944_SNP/temp_train_RDL_344_1783503090_31944.s2p" (05:33:07 PM  Jul 08, 2026)
Stopping Batch Run: 5:33:08 PM  Jul 08, 2026
 08, 2026)
[info] Project:temp_train_RDL_345_1783503116_9504, Design:RDL (Terminal Network), Normal completion of simulation on serv[info] Project:temp_train_RDL_346_1783503122_55944, Design:RDL (Terminal Network), An interpolating frequency sweep with 1000 points has been started using HFSS - Solving Distributed. (05:33:12 PM  Jul 08, 2026)
[info] Project:temp_train_RDL_346_1783503122_55944, Design:RDL (Terminal Network), Interpolating frequency sweep complete. Converged. (05:33:12 PM  Jul 08, 2026)
[info] Project:temp_train_RDL_346_1783503122_55944, Design:RDL (Terminal Network), Normal completion of simulation on s[info] Project:temp_train_RDL_347_1783503163_44152, Design:RDL (Terminal Network), An interpolating frequency sweep with 1000 points has been started using HFSS - Solving Distributed. (05:33:51 PM  Jul 08, 2026)
[info] Project:temp_train_RDL_347_1783503163_44152, Design:RDL (Terminal Network), Interpolating frequency sweep complete. Converged. (05:33:51 PM  Jul 08, 2026)
[info] Project:temp_train_RDL_347_1783503163_44152, Design:RDL (Terminal Network), Normal completion of simulation on s[info] Project:temp_train_RDL_348_1783503177_41296, Design:RDL (Terminal Network), An interpolating frequency sweep with 1000 points has been started using HFSS - Solving Distributed. (05:34:17 PM  Jul 08, 2026)
[info] Project:temp_train_RDL_348_1783503177_41296, Design:RDL (Terminal Network), Interpolating frequency sweep complete. Converged. (05:34:17 PM  Jul 08, 2026)
[info] Project:temp_train_RDL_348_1783503177_41296, Design:RDL (Terminal Network), Normal completion of simulation on se[info] Project:temp_train_RDL_349_1783503191_31944[info] Project:temp_train_RDL_348_1783503177_41296, Design:RDL (Terminal Network), Touchstone export: Writing to "C:/ffzhzh/LocalFiles/Ansys_Project_Files/temp_train_RDL_348_1783503177_41296_SNP/temp_train_RDL_348_1783503177_41296.s2p" (05:34:22 PM  Jul 08, 2026)
Stopping Batch Run: 5:34:22 PM  Jul 08, 2026
Jul 08, 2026)
[info] Project:temp_train_RDL_349_1783503191_31944, Design:RDL (Terminal Network), Normal completion of simulation on server: Local Machine. (05:34:20 PM  Jul 08, 2026)
[info] Project:temp_train_RDL_349_1783503191_31944, Design:RDL (Terminal Network), Touchstone export: Writing to "C:/ffzhzh/L[info] Project:temp_train_RDL_350_1783503194_9504, Design:RDL (Terminal Network), An interpolating frequency sweep with 1000 points has been started using HFSS - Solving Distributed. ([info] Project:temp_train_RDL_351_1783503200_55944, Design:RDL (Terminal Network), An interpolating frequency sweep with 1000 points has been started using HFSS - Solving Distributed. (05:34:54 PM  Jul 08, 2026)
[info] Project:temp_train_RDL_351_1783503200_55944, Design:RDL (Terminal Network), Interpolating frequency sweep complete. Converged. (05:34:54 PM  Jul 08, 2026)
[info] Project:temp_train_RDL_351_1783503200_55944, Design:RDL (Terminal Network), Normal completion of simulation on s[info] Project:temp_train_RDL_352_1783503238_44152, Design:RDL (Terminal Network), An interpolating frequency sweep with 1000 points has been started using HFSS - Solving Distributed. (05:35:07 PM  Jul 08, 2026)
[info] Project:temp_train_RDL_352_1783503238_44152, Design:RDL (Terminal Network), Interpolating frequency sweep complete. Converged. (05:35:07 PM  Jul 08, 2026)
[info] Project:temp_train_RDL_352_1783503238_44152, Design:RDL (Terminal Network), Normal completion of simulation on s[info] Project:temp_train_RDL_353_1783503265_41296, Design:RDL (Terminal Network), An interpolating frequency sweep with 1000 points has been started using HFSS - Solving Distributed. (05:36:00 PM  Jul 08, 2026)
[info] Project:temp_train_RDL_353_1783503265_41296, Design:RDL (Terminal Network), Interpolating frequency sweep complete. Converged. (05:36:00 PM  Jul 08, 2026)
[info] Project:temp_train_RDL_353_1783503265_41296, Design:RDL (Terminal Network), Normal completion of simulation on server: Local Machine. (05:36:00 PM  Jul 08, 2026)
[info] Project:temp_train_RDL_353_1783503265_41296, Design:RDL (Terminal Network), Touchstone export: Writing to "C:/ffzhzh/LocalFiles/Ansys_Project_Files/temp_train_RDL_353_1783503265_41296_SNP/temp_train_RDL_353_1783503265_41296.s2p" (05:36:04 PM  Jul 08, 2026)
Stopping Batch Run: 5:36:05 PM  Jul 08, 202[info] Project:temp_train_RDL_355_1783503296_9504, Design:RDL (Terminal Network), An interpolating frequency sweep with 1000 points has been started using HFSS - Solving Distributed. (05:36:05 PM  Jul 08, 2026)
[info] Project:temp_train_RDL_355_1783503296_9504, Design:RDL (Terminal Network), Interpolating frequency sweep complete. Converged. (05:36:05 PM  Jul 08, 2026)
[info] Project:temp_train_RDL_355_1783503296_9504, Design:RDL (Terminal Network), Normal completion of simulation on serv[info] Project:temp_train_RDL_356_1783503302_55944, Design:RDL (Terminal Network), An interpolating frequency sweep with 1000 points has been started using HFSS - Solving Distributed. (05:36:22 PM  Jul 08, 2026)
[info] Project:temp_train_RDL_356_1783503302_55944, Design:RDL (Terminal Network), Interpolating frequency sweep complete. Converged. (05:36:22 PM  Jul 08, 2026)
[info] Project:temp_train_RDL_356_1783503302_55944, Design:RDL (Terminal Network), Normal completion of simulation on s[info] Project:temp_train_RDL_357_1783503315_44152, Design:RDL (Terminal Network), An interpolating frequency sweep with 1000 points has been started using HFSS - Solving Distributed. (05:36:37 PM  Jul 08, 2026)
[info] Project:temp_train_RDL_357_1783503315_44152, Design:RDL (Terminal Network), Interpolating frequency sweep complete. Converged. (05:36:37 PM  Jul 08, 2026)
[info] Project:temp_train_RDL_357_1783503315_44152, Design:RDL (Terminal Network), Normal completion of simulation on s[info] Project:temp_train_RDL_358_1783503356_31944, Design:RDL (Terminal Network), An interpolating frequency sweep with 1000 points has been started using HFSS - Solving Distributed. (05:37:31 PM  Jul 08, 2026)
[info] Project:temp_train_RDL_358_1783503356_31944, Design:RDL (Terminal Network), Interpolating frequency sweep complete. Converged. (05:37:31 PM  Jul 08, 2026)
[info] Project:temp_train_RDL_358_1783503356_31944, Design:RDL (Terminal Network), Normal completion of simulation on server: Local Machine. (05:37:31 PM  Jul 08, 2026)
[info] Project:temp_train_RDL_358_1783503356_31944, Design:RDL (Terminal Network), Touchstone export: Writing to "C:/ffzhzh/LocalFiles/Ansys_Project_Files/temp_train_RDL_358_1783503356_31944_SNP/temp_train_RDL_358_1783503356_31944.s2p" (05:37:36 PM  Jul 08, 2026)
Stopping Batch Run: 5:37:36 PM  Jul 08, 2026
Jul 08, 2026)
[info] Project:temp_train_RDL_359_1783503368_41296, Design:RDL (Terminal Network), Normal completion of simulation on se[info] Project:temp_train_RDL_360_1783503373_9504, Design:RDL (Terminal Network), An interpolating frequency sweep with 1000 points has been started using HFSS - Solving Distributed. (05:37:23 PM  Jul 08, 2026)
[info] Project:temp_train_RDL_360_1783503373_9504, Design:RDL (Terminal Network), Interpolating frequency sweep complete. Converged. (05:37:23 PM  Jul 08, 2026)
[info] Project:temp_train_RDL_360_1783503373_9504, Design:RDL (Terminal Network), Normal completion of simulation on serv[info] Project:temp_train_RDL_361_1783503389_55944, Design:RDL (Terminal Network), An interpolating frequency sweep with 1000 points has been started using HFSS - Solving Distributed. (05:37:38 PM  Jul 08, 2026)
[info] Project:temp_train_RDL_361_1783503389_55944, Design:RDL (Terminal Network), Interpolating frequency sweep complete. Converged. (05:37:38 PM  Jul 08, 2026)
[info] Project:temp_train_RDL_361_1783503389_55944, Design:RDL (Terminal Network), Normal completion of simulation on s[info] Project:temp_train_RDL_362_1783503405_44152, Design:RDL (Terminal Network), An interpolating frequency sweep with 1000 points has been started using HFSS - Solving Distributed. (05:37:49 PM  Jul 08, 2026)
[info] Project:temp_train_RDL_362_1783503405_44152, Design:RDL (Terminal Network), Interpolating frequency sweep complete. Converged. (05:37:49 PM  Jul 08, 2026)
[info] Project:temp_train_RDL_362_1783503405_44152, Design:RDL (Terminal Network), Normal completion of simulation on s[info] Project:temp_train_RDL_363_1783503444_41296, Design:RDL (Terminal Network), An interpolating frequency sweep with 1000 points has been started using HFSS - Solving Distributed. (05:38:45 PM  Jul 08, 2026)
[info] Project:temp_train_RDL_363_1783503444_41296, Design:RDL (Terminal Network), Interpolating frequency sweep complete. Converged. (05:38:45 PM  Jul 08, 2026)
[info] Project:temp_train_RDL_363_1783503444_41296, Design:RDL (Terminal Network), Normal completion of simulation on server: Local Machine. (05:38:45 PM  Jul 08, 2026)
[info] Project:temp_train_RDL_363_1783503444_41296, Design:RDL (Terminal Network), Touchstone export: Writing to "C:/ffzhzh/LocalFiles/Ansys_Project_Files/temp_train_RDL_363_1783503444_41296_SNP/temp_train_RDL_363_1783503444_41296.s2p" (05:38:50 PM  Jul 08, 2026)
Stopping Batch Run: 5:38:50 PM  Jul 08, 2026
 08, 2026)
[info] Project:temp_train_RDL_364_1783503452_9504, Design:RDL (Terminal Network), Normal completion of simulation on serv[info] Project:temp_train_RDL_365_1783503459_31944, Design:RDL (Terminal Network), An interpolating frequency sweep with 1000 points has been started using HFSS - Solving Distributed. (05:38:49 PM  Jul 08, 2026)
[info] Project:temp_train_RDL_365_1783503459_31944, Design:RDL (Terminal Network), Interpolating frequency sweep complete. Converged. (05:38:49 PM  Jul 08, 2026)
[info] Project:temp_train_RDL_365_1783503459_31944, Design:RDL (Terminal Network), Normal completion of simulation on server: Local Machine. (05:38:49 PM  Jul 08, 2026)
[info] Project:temp_train_RDL_365_1783503459_31944, Design:RDL (Terminal Network), Touchstone export: Writing to "C:/ffzhzh/LocalFiles/Ansys_Project_Files/temp_train_RDL_365_1783503459_31944_SNP/temp_train_RDL_365_1783503459_31944.s2p" (05:38:53 PM  Jul 08, 2026)
Stopping Batch Run: 5:38:54 PM  Jul 08, 2026
4, Design:RDL (Terminal Network), Solving frequencies ... (Nondomain solver), process hf3d: Port 2 supports an additional propagating[info] Project:temp_train_RDL_367_1783503477_44152, Design:RDL (Terminal Network), An interpolating frequency sweep with 1000 points has been started using HFSS - Solving Distributed. (05:39:19 PM  Jul 08, 2026)
[info] Project:temp_train_RDL_367_1783503477_44152, Design:RDL (Terminal Network), Interpolating frequency sweep complete. Converged. (05:39:19 PM  Jul 08, 2026)
[info] Project:temp_train_RDL_367_1783503477_44152, Design:RDL (Terminal Network), Normal completion of simulation on server: Local Machine. (05:39:19 PM  Jul 08, 2026)
[info] Project:temp_train_RDL_367_1783503477_44152, Design:RDL (Terminal Network[info] Project:temp_train_RDL_368_1783503528_9504, Design:RDL (Terminal Network), An interpolating frequency sweep with 1000 points has been started using HFSS - Solving Distributed. (05:39:56 PM  Jul 08, 2026)
[info] Project:temp_train_RDL_368_1783503528_9504, Design:RDL (Terminal Network), Interpolating frequency sweep complete. Converged. (05:39:56 PM  Jul 08, 2026)
[info] Project:temp_train_RDL_368_1783503528_9504, Design:RDL (Terminal Network), Normal completion of simulation on server: Local Machine. (05:39:56 PM  Jul 08, 2026)
[info] Project:temp_train_RDL_368_1783503528_9504, Design:RDL (Terminal Network), Touchstone export: Writing to "C:/ffzhzh/LocalFiles/Ansys_Project_Files/temp_train_RDL_368_1783503528_9504_SNP/temp_train_RDL_368_1783503528_9504.s2p" (05:40:01 PM  Jul 08, 2026)
Stopping Batch Run: 5:40:01 PM  Jul 08, 2026
 2026)
[info] Project:temp_train_RDL_369_1783503533_41296, Design:RDL (Terminal Network), An interpolating frequency sweep with 1000 points has been started using HFSS - Solving Distributed[info] Project:temp_train_RDL_370_1783503537_31944, Design:RDL (Terminal Network), An interpolating frequency sweep with 1000 points has been started using HFSS - Solving Distributed. (05:40:15 PM  Jul 08, 2026)
[info] Project:temp_train_RDL_370_1783503537_31944, Design:RDL (Terminal Network), Interpolating frequency sweep complete. Converged. (05:40:15 PM  Jul 08, 2026)
[info] Project:temp_train_RDL_370_1783503537_31944, Design:RDL (Terminal Network), Normal completion of simulation on server: Local Machine. (05:40:15 PM  Jul 08, 2026)
[info] Project:temp_train_RDL_370_1783503537_31944, Design:RDL (Terminal Network), Touchstone export: Writing to "C:/ffzhzh/LocalFiles/Ansys_Project_Files/temp_train_RDL_370_1783503537_31944_SNP/temp_train_RDL_370_1783503537_31944.s2p" (05:40:19 PM  Jul 08, 2026)
Stopping Batch Run: 5:40:20 PM  Jul 08, 2026
Jul 08, 2026)
[info] Project:temp_train_RDL_371_1783503542_55944, Design:RDL (Terminal Network), Normal completion of simulation on se[info] Project:temp_train_RDL_372_1783503566_44152, Design:RDL (Terminal Network), An interpolating frequency sweep with 1000 points has been started using HFSS - Solving Distributed. (05:40:34 PM  Jul 08, 2026)
[info] Project:temp_train_RDL_372_1783503566_44152, Design:RDL (Terminal Network), Interpolating frequency sweep complete. Converged. (05:40:34 PM  Jul 08, 2026)
[info] Project:temp_train_RDL_372_1783503566_44152, Design:RDL (Terminal Network), Normal completion of simulation on s[info] Project:temp_train_RDL_373_1783503604_9504, Design:RDL (Terminal Network), An interpolating frequency sweep with 1000 points has been started using HFSS - Solving Distributed. (05:41:57 PM  Jul 08, 2026)
[info] Project:temp_train_RDL_373_1783503604_9504, Design:RDL (Terminal Network), Interpolating frequency sweep complete. Converged. (05:41:57 PM  Jul 08, 2026)
[info] Project:temp_train_RDL_373_1783503604_9504, Design:RDL (Terminal Network), Normal completion of simulation on server: Local Machine. (05:41:57 PM  Jul 08, 2026)
[info] Project:temp_train_RDL_373_1783503604_9504, Design:RDL (Terminal Network), Touchstone export: Writing to "C:/ffzhzh/LocalFiles/Ansys_Project_Files/temp_train_RDL_373_1783503604_9504_SNP/temp_train_RDL_373_1783503604_9504.s2p" (05:42:01 PM  Jul 08, 2026)
Stopping Batch Run: 5:42:02 PM  Jul 08, 2026
 PM  Jul 08, 2026)
[info] Project:temp_train_RDL_374_1783503609_41296, Design:RDL (Terminal Network), Normal completion of simulation on s[info] Project:temp_train_RDL_375_1783503620_55944, Design:RDL (Terminal Network), An interpolating frequency sweep with 1000 points has been started using HFSS - Solving Distributed. (05:41:40 PM  Jul 08, 2026)
[info] Project:temp_train_RDL_375_1783503620_55944, Design:RDL (Terminal Network), Interpolating frequency sweep complete. Converged. (05:41:40 PM  Jul 08, 2026)
[info] Project:temp_train_RDL_375_1783503620_55944, Design:RDL (Terminal Network), Normal completion of simulation on server: Local Machine. (05:41:40 PM  Jul 08, 2026)
[info] Project:temp_train_RDL_375_1783503620_55944, Design:RDL (Terminal Network), Touchstone export: Writing to "C:/ffzhzh/LocalFiles/Ansys_Project_Files/temp_train_RDL_375_1783503620_55944_SNP/temp_train_RDL_375_1783503620_55944.s2p" (05:41:44 PM  Jul 08, 2026)
Stopping Batch Run: 5:41:44 PM  Jul 08, 202[info] Project:temp_train_RDL_377_1783503642_44152, Design:RDL (Terminal Network), An interpolating frequency sweep with 1000 points has been started using HFSS - Solving Distributed. (05:42:02 PM  Jul 08, 2026)
[info] Project:temp_train_RDL_377_1783503642_44152, Design:RDL (Terminal Network), Interpolating frequency sweep complete. Converged. (05:42:02 PM  Jul 08, 2026)
[info] Project:temp_train_RDL_377_1783503642_44152, Design:RDL (Terminal Network), Normal completion of simulation on server: Local Machine. (05:42:02 PM  Jul 08, 2026)
[info] Project:temp_train_RDL_377_1783503642_44152, Design:RDL (Terminal Network), Touchstone export: Writing to "C:/ffzhzh/LocalFiles/Ansys_Project_Files/temp_train_RDL_377_1783503642_44152_SNP/temp_train_RDL_377_1783503642_44152.s2p" (05:42:05 PM  Jul 08, 2026)
Stopping Batch Run: 5:42:06 PM  Jul 08, 2026
[info] Project:temp_train_RDL_378_1783503698_41296, Design:RDL (Terminal Network), An interpolating frequency sweep with 1000 points has been started using HFSS - Solving Distributed. (05:43:01 PM  Jul 08, 2026)
[info] Project:temp_train_RDL_378_1783503698_41296, Design:RDL (Terminal Network), Interpolating frequency sweep complete. Converged. (05:43:01 PM  Jul 08, 2026)
[info] Project:temp_train_RDL_378_1783503698_41296, Design:RDL (Terminal Network), Normal completion of simulation on server: Local Machine. (05:43:01 PM  Jul 08, 2026)
[info] Project:temp_train_RDL_378_1783503698_41296, Design:RDL (Terminal Network), Touchstone export: Writing to "C:/ffzhzh/LocalFiles/Ansys_Project_Files/temp_train_RDL_378_1783503698_41296_SNP/temp_train_RDL_378_1783503698_41296.s2p" (05:43:07 PM  Jul 08, 2026)
Stopping Batch Run: 5:43:07 PM  Jul 08, 2026
ul 08, 2026)
[info] Project:temp_train_RDL_379_1783503702_31944, Design:RDL (Terminal Network), Normal completion of simulation on server: Local Machine. (05:43:01 PM  Jul 08, 2026)
[info] Project:temp_train_RDL_379_1783503702_31944, Design:RDL (Terminal Network), Touchstone export: Writing to "C:/ffzhzh/LocalFiles/Ansys_Project_Files/temp_train_RDL_379_1783503702_31944_SNP/temp_train_RDL_379_1783503702_31944.s2p" (05:43:07 PM  Jul 08, 2026)
Stopping Batch Run: 5:43:07 PM  Jul 08, 2026
Jul 08, 2026)
[info] Project:temp_train_RDL_380_1783503708_55944, Design:RDL (Terminal Network), Normal completion of simulation on s[info] Project:temp_train_RDL_381_1783503725_9504, Design:RDL (Terminal Network), An interpolating frequency sweep with 1000 points has been started using HFSS - Solving Distributed. (05:43:37 PM  Jul 08, 2026)
[info] Project:temp_train_RDL_381_1783503725_9504, Design:RDL (Terminal Network), Interpolating frequency sweep complete. Converged. (05:43:37 PM  Jul 08, 2026)
[info] Project:temp_train_RDL_381_1783503725_9504, Design:RDL (Terminal Network), Normal completion of simulation on server: Local Machine. (05:43:37 PM  Jul 08, 2026)
[info] Project:temp_train_RDL_381_1783503725_9504, Design:RDL (Terminal Network), Touchstone export: Writing to "C:/ffzhzh/LocalFiles/Ansys_Project_Files/temp_train_RDL_381_1783503725_9504_SNP/temp_train_RDL_381_1783503725_9504.s2p" (05:43:40 PM  Jul 08, 2026)
Stopping Batch Run: 5:43:41 PM  Jul 08, 2026
 PM  Jul 08, 2026)
[info] Project:temp_train_RDL_382_1783503729_44152, Design:RDL (Terminal Network), Normal completion of simulation on se[info] Project:temp_train_RDL_383_1783503786_55944, Design:RDL (Terminal Network), An interpolating frequency sweep with 1000 points has been started using HFSS - Solving Distributed. (05:44:25 PM  Jul 08, 2026)
[info] Project:temp_train_RDL_383_1783503786_55944, Design:RDL (Terminal Network), Interpolating frequency sweep complete. Converged. (05:44:25 PM  Jul 08, 2026)
[info] Project:temp_train_RDL_383_1783503786_55944, Design:RDL (Terminal Network), Normal completion of simulation on se[info] Project:temp_train_RDL_384_1783503790_41296, Design:RDL (Terminal Network), An interpolating frequency sweep with 1000 points has been started using HFSS - Solving Distributed. (05:44:33 PM  Jul 08, 2026)
[info] Project:temp_train_RDL_384_1783503790_41296, Design:RDL (Terminal Network), Interpolating frequency sweep complete. Converged. (05:44:33 PM  Jul 08, 2026)
[info] Project:temp_train_RDL_384_1783503790_41296, Design:RDL (Terminal Network), Normal completion of simulation on server: Local Machine. (05:44:33 PM  Jul 08, 2026)
[info] Project:temp_train_RDL_384_1783503790_41296, Design:RDL (Terminal Network), Touchstone export: Writing to "C:/ffzhzh/LocalFiles/Ansys_Project_Files/temp_train_RDL[info] Project:temp_train_RDL_386_1783503806_44152, Design:RDL (Terminal Network), An interpolating frequency sweep with 1000 points has been started using HFSS - Solving Distributed. (05:44:40 PM  Jul 08, 2026)
[info] Project:temp_train_RDL_386_1783503806_44152, Design:RDL (Terminal Network), Interpolating frequency sweep complete. Converged. (05:44:40 PM  Jul 08, 2026)
[info] Project:temp_train_RDL_386_1783503806_44152, Design:RDL (Terminal Network), Normal completion of simulation on s[info] Project:temp_train_RDL_387_1783503824_9504, Design:RDL (Terminal Network), An interpolating frequency sweep with 1000 points has been started using HFSS - Solving Distributed. (05:45:02 PM  Jul 08, 2026)
[info] Project:temp_train_RDL_387_1783503824_9504, Design:RDL (Terminal Network), Interpolating frequency sweep complete. Converged. (05:45:02 PM  Jul 08, 2026)
[info] Project:temp_train_RDL_387_1783503824_9504, Design:RDL (Terminal Network), Normal completion of simulation on serv[info] Project:temp_train_RDL_388_1783503869_31944, Design:RDL (Terminal Network), Solving frequencies ... (Nondomain solver), process hf3d: Port 2 supports an additional propagating and/or slowly decaying mode whose attenuation is   3.128e-01 and propagation constant is  -4.289e+02 (05:45:23 PM  Jul 08, 2026)
[info] Project:temp_train_RDL_388_1783503869_31944, Design:RDL (Terminal Network), An interpolating frequency sweep with 1000 points has been started using HFSS - Solving Distributed. (05:45:49 PM  Jul 08, 2026)
[info] Project:temp_train_RDL_388_1783503869_31944, Design:RDL (Terminal Network), Interpolating frequency sweep complete. Converged. (05:45:49 PM  Jul 08, 2026)
[info] Project:temp_train_RDL_388_1783503869_31944, Design:RDL (Terminal Network), Normal completion of simulation on server: Local Machine. (05:45:49 PM  Jul 08, 2026)
[info] Project:temp_train_RDL_388_1783503869_31944, Design:RDL (Terminal Network), Touchstone export: Writing to "C:/ffzhzh/LocalFiles/Ansys_Project_Files/temp_train_RDL_388_1783503869_31944_SNP/temp_train_RDL_388_1783503869_31944.s2p" (05:45:54 PM  Jul 08, 2026)
Stopping Batch Run: 5:45:54 PM  Jul 08, 2026
ted. (05:45:49 PM  Jul 08, 2026)
[info] Project:temp_train_RDL_390_1783503881_41296, Design:RDL (Terminal Network), Interpolating frequency sweep complete. Converged. (05:45:49 PM  Jul 08, 2026)
[info] Project:temp_train_RDL_390_1783503881_41296, Design:RDL (Terminal Network), Normal completion of simulation on se[info] Project:temp_train_RDL_391_1783503888_44152, Design:RDL (Terminal Network), An interpolating frequency sweep with 1000 points has been started using HFSS - Solving Distributed. (05:45:57 PM  Jul 08, 2026)
[info] Project:temp_train_RDL_391_1783503888_44152, Design:RDL (Terminal Network), Interpolating frequency sweep complete. Converged. (05:45:57 PM  Jul 08, 2026)
[info] Project:temp_train_RDL_391_1783503888_44152, Design:RDL (Terminal Network), Normal completion of simulation on se[info] Project:temp_train_RDL_392_1783503909_9504, Design:RDL (Terminal Network), An interpolating frequency sweep with 1000 points has been started using HFSS - Solving Distributed. (05:46:32 PM  Jul 08, 2026)
[info] Project:temp_train_RDL_392_1783503909_9504, Design:RDL (Terminal Network), Interpolating frequency sweep complete. Converged. (05:46:32 PM  Jul 08, 2026)
[info] Project:temp_train_RDL_392_1783503909_9504, Design:RDL (Terminal Network), Normal completion of simulation on serve[info] Project:temp_train_RDL_393_1783503951_55944, Design:RDL (Terminal Network), An interpolating frequency sweep with 1000 points has been started using HFSS - Solving Distributed. (05:46:59 PM  Jul 08, 2026)
[info] Project:temp_train_RDL_393_1783503951_55944, Design:RDL (Terminal Network), Interpolating frequency sweep complete. Converged. (05:46:59 PM  Jul 08, 2026)
[info] Project:temp_train_RDL_393_1783503951_55944, Design:RDL (Terminal Network), Normal completion of simulation on se[info] Project:temp_train_RDL_394_1783503957_41296, Design:RDL (Terminal Network), An interpolating frequency sweep with 1000 points has been started using HFSS - Solving Distributed. (05:47:05 PM  Jul 08, 2026)
[info][info] Project:temp_train_RDL_395_1783503957_31944, Design:RDL (Terminal Network), An interpolating frequency sweep with 1000 points has been started using HFSS - Solving Distributed. (05:47:17 PM  Jul 08, 2026)
[info] Project:temp_train_RDL_395_1783503957_31944, Design:RDL (Terminal Network), Interpolating frequency sweep complete. Converged. (05:47:17 PM  Jul 08, 2026)
[info] Project:temp_train_RDL_395_1783503957_31944, Design:RDL (Terminal Network), Normal completion of simulation on server: Local Machine. (05:47:17 PM  Jul 08, 2026)
[info] Project:temp_train_RDL_395_1783503957_31944, Design:RDL (Terminal Network), Touchstone export: Writing to "C:/ffzhzh/LocalFiles/Ansys_Project_Files/temp_train_RDL_395_1783503957_31944_SNP/temp_train_RDL_395_1783503957_31944.s2p" (05:47:21 PM  Jul 08, 2026)
Stopping Batch Run: 5:47:22 PM  Jul 08, 2026
Jul 08, 2026)
[info] Project:temp_train_RDL_396_1783503966_44152, Design:RDL (Terminal Network), Normal completion of simulation on se[info] Project:temp_train_RDL_397_1783504000_9504, Design:RDL (Terminal Network), An interpolating frequency sweep with 1000 points has been started using HFSS - Solving Distributed. (05:47:45 PM  Jul 08, 2026)
[info] Project:temp_train_RDL_397_1783504000_9504, Design:RDL (Terminal Network), Interpolating frequency sweep complete. Converged. (05:47:45 PM  Jul 08, 2026)
[info] Project:temp_train_RDL_397_1783504000_9504, Design:RDL (Terminal Network), Normal completion of simulation on serve[info] Project:temp_train_RDL_398_1783504027_55944, Design:RDL (Terminal Network), An interpolating frequency sweep with 1000 points has been started using HFSS - Solving Distributed. (05:48:15 PM  Jul 08, 2026)
[info] Project:temp_train_RDL_398_1783504027_55944, Design:RDL (Terminal Network), Interpolating frequency sweep complete. Converged. (05:48:15 PM  Jul 08, 2026)
[info] Project:temp_train_RDL_398_1783504027_55944, Design:RDL (Terminal Network), Normal completion of simulation on server: Local Machine. (05:48:15 PM  Jul 08, 2026)
[info] Project:temp_train_RDL_398_1783504027_55944, Design:RDL (Terminal Network), Touchstone export: Writing to "C:/ffzhzh/LocalFiles/Ansys_Project_Files/temp_train_RDL_398_1783504027_55944_SNP/temp_train_RDL_398_1783504027_55944.s2p" (05:48:20 PM  Jul 08, 2026)[info] Project:temp_train_RDL_399_1783504033_41296, Design:RDL (Terminal Network), An interpolating frequency sweep with 1000 points has been started using HFSS - Solving Distributed.[info] Project:temp_train_TSV_0_1783504044_44152, Design:TSV (Terminal Network), An interpolating frequency sweep with 1000 points has been started using HFSS - Solving Distributed. (05:48:55 PM  Jul 08, 2026)
[info] Project:temp_train_TSV_0_1783504044_44152, Design:TSV (Terminal Network), Interpolating frequency sweep complete. Converged. (05:48:55 PM  Jul 08, 2026)
[info] Project:temp_train_TSV_0_1783504044_44152, Design:TSV (Terminal Network), Normal completion of simulation on server: Local Machine. (05:48:56 PM  Jul 08, 2026)
[info] Project:temp_train_TSV_0_1783504044_44152, Design:TSV (Terminal Network), Touchstone export: Writing to "C:/ffzhzh/LocalFiles/Ansys_Project_Files/temp_train_TSV_0_1783504044_44152_SNP/temp_train_TSV_0_1783504044_44152.s2p" (05:49:00 PM  Jul 08, 2026)
Stopping Batch Run: 5:49:01 PM  Jul 08, 2026
n server:[info] Project:temp_train_TSV_2_1783504072_9504, Design:TSV (Terminal Network), An interpolating frequency sweep with 1000 points has been started using HFSS - Solving Distributed. (05:49:19 PM  Jul 08, 2026)
[info] Project:temp_train_TSV_2_1783504072_9504, Design:TSV (Terminal Network), Interpolating frequency sweep complete. Converged. (05:49:19 PM  Jul 08, 2026)
[info] Project:temp_train_TSV_2_1783504072_9504, Design:TSV (Terminal Network), Normal completion of simulation on server: Loc[info] Project:temp_train_TSV_3_1783504103_55944, Design:TSV (Terminal Network), An interpolating frequency sweep with 1000 points has been started using HFSS - Solving Distributed. (05:49:53 PM  Jul 08, 2026)
[info] Project:temp_train_TSV_3_1783504103_55944, Design:TSV (Terminal Network), Interpolating frequency sweep complete. Converged. (05:49:53 PM  Jul 08, 2026)
[info] Project:temp_train_TSV_3_1783504103_55944, Design:TSV (Terminal Network), Normal completion of simulation on server:[info] Project:temp_train_TSV_4_1783504121_41[info] Project:temp_train_TSV_3_1783504103_55944, Design:TSV (Terminal Network), Touchstone export: Writing to "C:/ffzhzh/LocalFiles/Ansys_Project_Files/temp_train_TSV_3_1783504103_55944_SNP/temp_train_TSV_3_1783504103_55944.s2p" (05:49:57 PM  Jul 08, 2026)
Stopping Batch Run: 5:49:58 PM  Jul 08, 2026
55 PM  Jul 08, 2026)
[info] Project:temp_train_TSV_4_1783504121_41296, Design:TSV (Terminal Network), Normal completion of simulation on server:[info] Project:temp_train_TSV_5_1783504143_31944, Design:TSV (Terminal Network), An interpolating frequency sweep with 1000 points has been started using HFSS - Solving Distributed. (05:50:28 PM  Jul 08, 2026)
[info] Project:temp_train_TSV_5_1783504143_31944, Design:TSV (Terminal Network), Interpolating frequency sweep complete. Converged. (05:50:28 PM  Jul 08, 2026)
[info] Project:temp_train_TSV_5_1783504143_31944, Design:TSV (Terminal Network), Normal completion of simulation on server: Local Machine. (05:50:28 PM  Jul 08, 2026)
[info] Project:temp_train_TSV_5_1783504143_31944, Design:TSV (Terminal Network), Touchstone export: Writing to "C:/ffzhzh/LocalFiles/Ansys_Project_Files/temp_train_TSV_5_1783[info] Project:temp_train_TSV_7_1783504167_9504, Design:TSV (Terminal Network), An interpolating frequency sweep with 1000 points has been started using HFSS - Solving Distributed. (05:50:52 PM  Jul 08, 2026)
[info] Project:temp_train_TSV_7_1783504167_9504, Design:TSV (Terminal Network), Interpolating frequency sweep complete. Converged. (05:50:52 PM  Jul 08, 2026)
[info] Project:temp_train_TSV_7_1783504167_9504, Design:TSV (Terminal Network), Normal completion of simulation on server: Loc[info] Project:temp_train_TSV_8_1783504201_55944, Design:TSV (Terminal Network), An interpolating frequency sweep with 1000 points has been started using HFSS - Solving Distributed. (05:51:30 PM  Jul 08, 2026)
[info] Project:temp_train_TSV_8_1783504201_55944, Design:TSV (Terminal Network), Interpolating frequency sweep complete. Converged. (05:51:30 PM  Jul 08, 2026)
[info] Project:temp_train_TSV_8_1783504201_55944, Design:TSV (Terminal Network), Normal completion of simulation on server: Local Machine. (05:51:30 PM  Jul 08, 2026)
[info] Project:temp_train_TSV_8_1783504201_55944, Design:TSV (Terminal Network), Touchstone export: Writing to "C:/ffzhzh/LocalFiles/Ansys_Project_Files/temp_train_TSV_8_1783504201_55944_SNP/temp_train_TSV_8_1783504201_55944.s2p" (05:51:34 PM  Jul 08, 2026)
Stopping Batch Run: 5:51:35 PM  Jul 08, 2026
n server:[info] Project:temp_train_TSV_10_1783504232_44152, Design:TSV (Terminal Network), An interpolating frequency sweep with 1000 points has been started using HFSS - Solving Distributed. (05:51:52 PM  Jul 08, 2026)
[info] Project:temp_train_TSV_10_1783504232_44152, Design:TSV (Terminal Network), Interpolating frequency sweep complete. Converged. (05:51:52 PM  Jul 08, 2026)
[info] Project:temp_train_TSV_10_1783504232_44152, Design:TSV (Terminal Network), Normal completion of simulation on serv[info] Project:temp_train_TSV_11_1783504236_31944, Design:TSV (Terminal Network), An interpolating frequency sweep with 1000 points has been started using HFSS - Solving Distributed. (05:52:04 PM  Jul 08, 2026)
[info] Project:temp_train_TSV_11_1783504236_31944, Design:TSV (Terminal Network), Interpolating frequency sweep complete. Converged. (05:52:04 PM  Jul 08, 2026)
[info] Project:temp_train_TSV_11_1783504236_31944, Design:TSV (Terminal Network), Normal completion of simulation on serv[info] Project:temp_train_TSV_12_1783504259_9504, Design:TSV (Terminal Network), An interpolating frequency sweep with 1000 points has been started using HFSS - Solving Distributed. (05:52:14 PM  Jul 08, 2026)
[info] Project:temp_train_TSV_12_1783504259_9504, Design:TSV (Terminal Network), Interpolating frequency sweep complete. Converged. (05:52:14 PM  Jul 08, 2026)
[info] Project:temp_train_TSV_12_1783504259_9504, Design:TSV (Terminal Network), Normal completion of simulation on server:[info] Project:temp_train_TSV_13_1783504285_41296, Design:TSV (Terminal Network), An interpolating frequency sweep with 1000 points has been started using HFSS - Solving Distributed. (05:52:42 PM  Jul 08, 2026)
[info] Project:temp_train_TSV_13_1783504285_41296, Design:TSV (Terminal Network), Interpolating frequency sweep complete. Converged. (05:52:42 PM  Jul 08, 2026)
[info] Project:temp_train_TSV_13_1783504285_41296, Design:TSV (Terminal Network), Normal completion of simulation on serv[info] Project:temp_train_TSV_14_1783504298_55944, Design:TSV (Terminal Network), An interpolating frequency sweep with 1000 points has been started using HFSS - Solving Distributed. (05:52:52 PM  Jul 08, 2026)
[info] Project:temp_train_TSV_14_1783504298_55944, Design:TSV (Terminal Network), Interpolating frequency sweep complete. Converged. (05:52:52 PM  Jul 08, 2026)
[info] Project:temp_train_TSV_14_1783504298_55944, Design:TSV (Terminal Network), Normal completion of simulation on serv[info] Project:temp_train_TSV_15_1783504319_44152, Design:TSV (Terminal Network), An interpolating frequency sweep with 1000 points has been started using HFSS - Solving Distributed. (05:53:16 PM  Jul 08, 2026)
[info] Project:temp_train_TSV_15_1783504319_44152, Design:TSV (Terminal Network), Interpolating frequency sweep complete. Converged. (05:53:16 PM  Jul 08, 2026)
[info] Project:temp_train_TSV_15_1783504319_44152, Design:TSV (Terminal Network), Normal completion of simulation on serv[info] Project:temp_train_TSV_16_1783504331_31944, Design:TSV (Terminal Network), An interpolating frequency sweep with 1000 points has been started using HFSS - Solving Distributed. (05:53:32 PM  Jul 08, 2026)
[info] Project:temp_train_TSV_16_1783504331_31944, Design:TSV (Terminal Network), Interpolating frequency sweep complete. Converged. (05:53:32 PM  Jul 08, 2026)
[info] Project:temp_train_TSV_16_1783504331_31944, Design:TSV (Terminal Network), Normal completion of simulation on serv[info] Project:temp_train_TSV_17_1783504340_9504, Design:TSV (Terminal Network), An interpolating frequency sweep with 1000 points has been started using HFSS - Solving Distributed. (05:53:47 PM  Jul 08, 2026)
[info] Project:temp_train_TSV_17_1783504340_9504, Design:TSV (Terminal Network), Interpolating frequency sweep complete. Converged. (05:53:47 PM  Jul 08, 2026)
[info] Project:temp_train_TSV_17_1783504340_9504, Design:TSV (Terminal Network), Normal completion of simulation on server:[info] Project:temp_train_TSV_18_1783504369_41296, Design:TSV (Terminal Network), An interpolating frequency sweep with 1000 points has been started using HFSS - Solving Distributed. (05:54:11 PM  Jul 08, 2026)
[info] Project:temp_train_TSV_18_1783504369_41296, Design:TSV (Terminal Network), Interpolating frequency sweep complete. Converged. (05:54:11 PM  Jul 08, 2026)
[info] Project:temp_train_TSV_18_1783504369_41296, Design:TSV (Terminal Network), Normal completion of simulation on serv[info] Project:temp_train_TSV_19_1783504379_55944, Design:TSV (Terminal Network), An interpolating frequency sweep with 1000 points has been started using HFSS - Solving Distributed. (05:54:34 PM  Jul 08, 2026)
[info] Project:temp_train_TSV_19_1783504379_55944, Design:TSV (Terminal Network), Interpolating frequency sweep complete. Converged. (05:54:34 PM  Jul 08, 2026)
[info] Project:temp_train_TSV_19_1783504379_55944, Design:TSV (Terminal Network), Normal completion of simulation on serv[info] Project:temp_train_TSV_20_1783504404_44152, Design:TSV (Terminal Network), An interpolating frequency sweep with 1000 points has been started using HFSS - Solving Distributed. (05:54:46 PM  Jul 08, 2026)
[info] Project:temp_train_TSV_20_1783504404_44152, Design:TSV (Terminal Network), Interpolating frequency sweep complete. Converged. (05:54:46 PM  Jul 08, 2026)
[info] Project:temp_train_TSV_20_1783504404_44152, Design:TSV (Terminal Network), Normal completion of simulation on serv[info] Project:temp_train_TSV_21_1783504421_31944, Design:TSV (Terminal Network), An interpolating frequency sweep with 1000 points has been started using HFSS - Solving Distributed. (05:54:58 PM  Jul 08, 2026)
[info] Project:temp_train_TSV_21_1783504421_31944, Design:TSV (Terminal Network), Interpolating frequency sweep complete. Converged. (05:54:58 PM  Jul 08, 2026)
[info] Project:temp_train_TSV_21_1783504421_31944, Design:TSV (Terminal Network), Normal completion of simulation on serv[info] Project:temp_train_TSV_22_1783504438_9504, Design:TSV (Terminal Network), An interpolating frequency sweep with 1000 points has been started using HFSS - Solving Distributed. (05:55:13 PM  Jul 08, 2026)
[info] Project:temp_train_TSV_22_1783504438_9504, Design:TSV (Terminal Network), Interpolating frequency sweep complete. Converged. (05:55:13 PM  Jul 08, 2026)
[info] Project:temp_train_TSV_22_1783504438_9504, Design:TSV (Terminal Network), Normal completion of simulation on server:[info] Project:temp_train_TSV_23_1783504462_41296, Design:TSV (Terminal Network), An interpolating frequency sweep with 1000 points has been started using HFSS - Solving Distributed. (05:55:37 PM  Jul 08, 2026)
[info] Project:temp_train_TSV_23_1783504462_41296, Design:TSV (Terminal Network), Interpolating frequency sweep complete. Converged. (05:55:37 PM  Jul 08, 2026)
[info] Project:temp_train_TSV_23_1783504462_41296, Design:TSV (Terminal Network), Normal completion of simulation on serv[info] Project:temp_train_TSV_24_1783504485_55944, Design:TSV (Terminal Network), An interpolating frequency sweep with 1000 points has been started using HFSS - Solving Distributed. (05:55:55 PM  Jul 08, 2026)
[info] Project:temp_train_TSV_24_1783504485_55944, Design:TSV (Terminal Network), Interpolating frequency sweep complete. Converged. (05:55:55 PM  Jul 08, 2026)
[info] Project:temp_train_TSV_24_1783504485_55944, Design:TSV (Terminal Network), Normal completion of simulation on serv[info] Project:temp_train_TSV_25_1783504499_44152, Design:TSV (Terminal Network), An interpolating frequency sweep with 1000 points has been started using HFSS - Solving Distributed. (05:56:21 PM  Jul 08, 2026)
[info] Project:temp_train_TSV_25_1783504499_44152, Design:TSV (Terminal Network), Interpolating frequency sweep complete. Converged. (05:56:21 PM  Jul 08, 2026)
[info] Project:temp_train_TSV_25_1783504499_44152, Design:TSV (Terminal Network), Normal completion of simulation on serve[info] Project:temp_train_TSV_26_1783504503_31944, Design:TSV (Terminal Network), An interpolating frequency sweep with 1000 points has been started using HFSS - Solving Distributed. (05:56:27 PM  Jul 08, 2026)
[info] Project:temp_train_TSV_26_1783504503_31944, Design:TSV (Terminal Network), Interpolating fStopping Batch Run: 5:56:27 PM  Jul 08, 2026
PM  Jul 08, 2026)
[info] Project:temp_train_TSV_26_1783504503_31944, Design:TSV (Terminal Network), Normal completion of simulation on serve[info] Project:temp_train_TSV_27_1783504525_9504, Design:TSV (Terminal Network), An interpolating frequency sweep with 1000 points has been started using HFSS - Solving Distributed. (05:56:55 PM  Jul 08, 2026)
[info] Project:temp_train_TSV_27_1783504525_9504, Design:TSV (Terminal Network), Interpolating frequency sweep complete. Converged. (05:56:55 PM  Jul 08, 2026)
[info] Project:temp_train_TSV_27_1783504525_9504, Design:TSV (Terminal Network), Normal completion of simulation on server: Local Machine. (05:56:55 PM  Jul 08, 2026)
[info] Project:temp_train_TSV_27_1783504525_9504, Design:TSV (Terminal Network), Touchstone export: Writing to "C:/ffzhzh/LocalFiles/Ansys_Project_Files/temp_train_TSV_27_1783504525_9504_SNP/temp_train_TSV_27_1783504525_9504.s2p" (05:56:56 PM  Jul 08, 2026)
Stopping Batch Run: 5:57:03 PM  Jul 08, 2026
56:54 PM  Jul 08, 2026)
[info] Project:temp_train_TSV_28_1783504545_41296, Design:TSV (Terminal Network), Normal completion of simulation on serve[info] Project:temp_train_TSV_29_1783504559_55944, Design:TSV (Terminal Network), An interpolating frequency sweep with 1000 points has been started using HFSS - Solving Distributed. (05:57:24 PM  Jul 08, 2026)
[info] Project:temp_train_TSV_29_1783504559_55944, Design:TSV (Terminal Network), Interpolating frequency sweep complete. Converged. (05:57:24 PM  Jul 08, 2026)
[info] Project:temp_train_TSV_29_1783504559_55944, Design:TSV (Terminal Network), Normal completion of simulation on serv[info] Project:temp_train_TSV_30_1783504591_44152, Design:TSV (Terminal Network), An interpolating frequency sweep with 1000 points has been started using HFSS - Solving Distributed. (05:57:38 PM  Jul 08, 2026)
[info] Project:temp_train_TSV_30_1783504591_44152, Design:TSV (Terminal Network), Interpolating frequency sweep complete. Converged. (05:57:38 PM  Jul 08, 2026)
[info] Project:temp_train_TSV_30_1783504591_44152, Design:TSV (Terminal Network), Normal completion of simulation on serv[info] Project:temp_train_TSV_31_1783504600_31944, Design:TSV (Terminal Network), An interpolating frequency sweep with 1000 points has been started using HFSS - Solving Distributed. (05:57:44 PM  Jul 08, 2026)
[info] Project:temp_train_TSV_31_1783504600_31944, Design:TSV (Terminal Network), Interpolating frStopping Batch Run: 5:57:48 PM  Jul 08, 2026
M  Jul 08, 2026)
[info] Project:temp_train_TSV_31_1783504600_31944, Design:TSV (Terminal Network), Normal completion of simulation on serv[info] Project:temp_train_TSV_32_1783504624_41296, Design:TSV (Terminal Network), An interpolating frequency sweep with 1000 points has been started using HFSS - Solving Distributed. (05:58:20 PM  Jul 08, 2026)
[info] Project:temp_train_TSV_32_1783504624_41296, Design:TSV (Terminal Network), Interpolating frequency sweep complete. Converged. (05:58:20 PM  Jul 08, 2026)
[info] Project:temp_train_TSV_32_1783504624_41296, Design:TSV (Terminal Network), Normal completion of simulation on server: Local Machine. (05:58:20 PM  Jul 08, 2026)
[info] Project:temp_train_TSV_32_1783504624_41296, Design:TSV (Terminal Network), Touchstone export: Writing to "C:/ffzhzh/LocalFiles/Ansys_Project_Files/temp_train_TSV_32[info] Project:temp_train_TSV_34_1783504648_55944, Design:TSV (Terminal Network), An interpolating frequency sweep with 1000 points has been started using HFSS - Solving Distributed. (05:58:53 PM  Jul 08, 2026)
[info] Project:temp_train_TSV_34_1783504648_55944, Design:TSV (Terminal Network), Interpolating frequency sweep complete. Converged. (05:58:53 PM  Jul 08, 2026)
[info] Project:temp_train_TSV_34_1783504648_55944, Design:TSV (Terminal Network), Normal completion of simulation on serv[info] Project:temp_train_TSV_35_1783504670_31944, Design:TSV (Terminal Network), An interpolating frequency sweep with 1000 points has been started using HFSS - Solving Distributed. (05:59:02 PM  Jul 08, 2026)
[info] Project:temp_train_TSV_35_1783504670_31944, Design:TSV (Terminal Network), Interpolating frequency sweep complete. Converged. (05:59:02 PM  Jul 08, 2026)
[info] Project:temp_train_TSV_35_1783504670_31944, Design:TSV (Terminal Network), Normal completion of simulation on server: Local Machine. (05:59:02 PM  Jul 08, 2026)
[info] Project:temp_train_TSV_35_1783504670_31944, Design:TSV (Terminal Network), Touchstone export: Writing to "C:/ffzhzh/LocalFiles/Ansys_Project_Files/temp_train_TSV_35[info] Project:temp_train_TSV_37_1783504697_9504, Design:TSV (Terminal Network), An interpolating frequency sweep with 1000 points has been started using HFSS - Solving Distributed. (05:59:37 PM  Jul 08, 2026)
[info] Project:temp_train_TSV_37_1783504697_9504, Design:TSV (Terminal Network), Interpolating frequency sweep complete. Converged. (05:59:37 PM  Jul 08, 2026)
[info] Project:temp_train_TSV_37_1783504697_9504, Design:TSV (Terminal Network), Normal completion of simulation on server:[info] Project:temp_train_TSV_38_1783504710_41296, Design:TSV (Terminal Network), An interpolating frequency sweep with 1000 points has been started using HFSS - Solving Distributed. (05:59:47 PM  Jul 08, 2026)
[info] Project:temp_train_TSV_38_1783504710_41296, Design:TSV (Terminal Network), Interpolating frequency sweep complete. Converged. (05:59:47 PM  Jul 08, 2026)
[info] Project:temp_train_TSV_38_1783504710_41296, Design:TSV (Terminal Network), Normal completion of simulation on serv[info] Project:temp_train_TSV_39_1783504739_55944, Design:TSV (Terminal Network), An interpolating frequency sweep with 1000 points has been started using HFSS - Solving Distributed. (06:00:17 PM  Jul 08, 2026)
[info] Project:temp_train_TSV_39_1783504739_55944, Design:TSV (Terminal Network), Interpolating frequency sweep complete. Converged. (06:00:17 PM  Jul 08, 2026)
[info] Project:temp_train_TSV_39_1783504739_55944, Design:TSV (Terminal Network), Normal completion of simulation on serv[info] Project:temp_train_TSV_40_1783504747_3194[info] Project:temp_train_TSV_39_1783504739_55944, Design:TSV (Terminal Network), Touchstone export: Writing to "C:/ffzhzh/LocalFiles/Ansys_Project_Files/temp_train_TSV_39_1783504739_55944_SNP/temp_train_TSV_39_1783504739_55944.s2p" (06:00:26 PM  Jul 08, 2026)
Stopping Batch Run: 6:00:27 PM  Jul 08, 2026
M  Jul 08, 2026)
[info] Project:temp_train_TSV_40_1783504747_31944, Design:TSV (Terminal Network), Normal completion of simulation on serv[info] Project:temp_train_TSV_41_1783504756_44152, Design:TSV (Terminal Network), An interpolating frequency sweep with 1000 points has been started using HFSS - Solving Distributed. (06:00:43 PM  Jul 08, 2026)
[info] Project:temp_train_TSV_41_1783504756_44152, Design:TSV (Terminal Network), Interpolating frequency sweep complete. Converged. (06:00:43 PM  Jul 08, 2026)
[info] Project:temp_train_TSV_41_1783504756_44152, Design:TSV (Terminal Network), Normal completion of simulation on serv[info] Project:temp_train_TSV_42_1783504786_9504, Design:TSV (Terminal Network), An interpolating frequency sweep with 1000 points has been started using HFSS - Solving Distributed. (06:01:06 PM  Jul 08, 2026)
[info] Project:temp_train_TSV_42_1783504786_9504, Design:TSV (Terminal Network), Interpolating frequency sweep complete. Converged. (06:01:06 PM  Jul 08, 2026)
[info] Project:temp_train_TSV_42_1783504786_9504, Design:TSV (Terminal Network), Normal completion of simulation on server: [info] Project:temp_train_TSV_43_1783504797_41296, Design:TSV (Terminal Network), An interpolating frequency sweep with 1000 points has been started using HFSS - Solving Distributed. (06:01:14 PM  Jul 08, 2026)
[info] Project:temp_train_TSV_43_1783504797_41296, Design:TSV (Terminal Network), InterpolaStopping Batch Run: 6:01:18 PM  Jul 08, 2026
01:14 PM  Jul 08, 2026)
[info] Project:temp_train_TSV_43_1783504797_41296, Design:TSV (Terminal Network), Normal completion of simulation on serve[info] Project:temp_train_TSV_44_1783504831_55944, Design:TSV (Terminal Network), An interpolating frequency sweep with 1000 points has been started using HFSS - Solving Distributed. (06:01:58 PM  Jul 08, 2026)
[info] Project:temp_train_TSV_44_1783504831_55944, Design:TSV (Terminal Network), Interpolating frequency sweep complete. Converged. (06:01:58 PM  Jul 08, 2026)
[info] Project:temp_train_TSV_44_1783504831_55944, Design:TSV (Terminal Network), Normal completion of simulation on server: Local Machine. (06:01:58 PM  Jul 08, 2026)
[info] Project:temp_train_TSV_44_1783504831_55944, Design:TSV (Terminal Network), Touchstone export: Writing to "C:/ffzhzh/LocalFiles/Ansys_Project_Files/temp_train_TSV_44_1783504831_55944_SNP/temp_train_TSV_44_1783504831_55944.s2p" (06:02:00 PM  Jul 08, 2026)
Stopping Batch Run: 6:02:08 PM  Jul 08, 2026
PM  Jul 08, 2026)
[info] Project:temp_train_TSV_45_1783504837_31944, Design:TSV (Terminal Network), Normal completion of simulation on serve[info] Project:temp_train_TSV_46_1783504856_44152, Design:TSV (Terminal Network), An interpolating frequency sweep with 1000 points has been started using HFSS - Solving Distributed. (06:02:06 PM  Jul 08, 2026)
[info] Project:temp_train_TSV_46_1783504856_44152, Design:TSV (Terminal Network), Interpolating frequency sweep complete. Converged. (06:02:06 PM  Jul 08, 2026)
[info] Project:temp_train_TSV_46_1783504856_44152, Design:TSV (Terminal Network), Normal completion of simulation on serve[info] Project:temp_train_TSV_47_1783504881_9504, Design:TSV (Terminal Network), An interpolating frequency sweep with 1000 points has been started using HFSS - Solving Distributed. (06:02:38 PM  Jul 08, 2026)
[info] Project:temp_train_TSV_47_1783504881_9504, Design:TSV (Terminal Network), Interpolating frequency sweep complete. Converged. (06:02:38 PM  Jul 08, 2026)
[info] Project:temp_train_TSV_47_1783504881_9504, Design:TSV (Terminal Network), Normal completion of simulation on server: [info] Project:temp_train_TSV_48_1783504885_[info] Project:temp_train_TSV_47_1783504881_9504, Design:TSV (Terminal Network), Touchstone export: Writing to "C:/ffzhzh/LocalFiles/Ansys_Project_Files/temp_train_TSV_47_1783504881_9504_SNP/temp_train_TSV_47_1783504881_9504.s2p" (06:02:40 PM  Jul 08, 2026)
Stopping Batch Run: 6:02:43 PM  Jul 08, 2026
02:39 PM  Jul 08, 2026)
[info] Project:temp_train_TSV_48_1783504885_41296, Design:TSV (Terminal Network), Normal completion of simulation on serv[info] Project:temp_train_TSV_49_1783504925_31944, Design:TSV (Terminal Network), An interpolating frequency sweep with 1000 points has been started using HFSS - Solving Distributed. (06:03:13 PM  Jul 08, 2026)
[info] Project:temp_train_TSV_49_1783504925_31944, Design:TSV (Terminal Network), Interpolating frequency sweep complete. Converged. (06:03:13 PM  Jul 08, 2026)
[info] Project:temp_train_TSV_49_1783504925_31944, Design:TSV (Terminal Network), Normal completion of simulation on serv[info] Project:temp_train_TSV_50_1783504931_55944, Design:TSV (Terminal Network), An interpolating frequency sweep with 1000 points has been started using HFSS - Solving Distributed. (06:03:25 PM  Jul 08, 2026)
[info] Project:temp_train_TSV_50_1783504931_55944, Design:TSV (Terminal Network), Interpolating frequency sweep complete. Converged. (06:03:25 PM  Jul 08, 2026)
[info] Project:temp_train_TSV_50_1783504931_55944, Design:TSV (Terminal Network), Normal completion of simulation on server: Local Machine. (06:03:25 PM  Jul 08, 2026)
[info] Project:temp_train_TSV_50_1783504931_55944, Design:TSV (Terminal Network), Touchstone export: Writing to "C:/ffzhzh/LocalFiles/Ansys_Project_Files/temp_train_TSV_50_1783504931_55944_SNP/temp_train_TSV_50_1783504931_55944.s2p" (06:03:26 PM  Jul 08, 2026)
Stopping Batch Run: 6:03:27 PM  Jul 08, 2026
M  Jul 08, 2026)
[info] Project:temp_train_TSV_51_1783504936_44152, Design:TSV (Terminal Network), Normal completion of simulation on serv[info] Project:temp_train_TSV_52_1783504965_9504, Design:TSV (Terminal Network), An interpolating frequency sweep with 1000 points has been started using HFSS - Solving Distributed. (06:03:59 PM  Jul 08, 2026)
[info] Project:temp_train_TSV_52_1783504965_9504, Design:TSV (Terminal Network), Interpolating frequency sweep complete. Converged. (06:03:59 PM  Jul 08, 2026)
[info] Project:temp_train_TSV_52_1783504965_9504, Design:TSV (Terminal Network), Normal completion of simulation on server: Local Machine. (06:03:59 PM  Jul 08, 2026)
[info] Project:temp_train_TSV_52_1783504965_9504, Design:TSV (Terminal Network), Touchstone export: Writing to "C:/ffzhzh/LocalFiles/Ansys_Project_Files/temp_train_TSV_52_178[info] Project:temp_train_TSV_54_1783504997_31944, Design:TSV (Terminal Network), An interpolating frequency sweep with 1000 points has been started using HFSS - Solving Distributed. (06:04:33 PM  Jul 08, 2026)
[info] Project:temp_train_TSV_54_1783504997_31944, Design:TSV (Terminal Network), Interpolating frequency sweep complete. Converged. (06:04:33 PM  Jul 08, 2026)
[info] Project:temp_train_TSV_54_1783504997_31944, Design:TSV (Terminal Network), Normal completion of simulation on serv[info] Project:temp_train_TSV_55_1783505010_55944, Design:TSV (Terminal Network), An interpolating frequency sweep with 1000 points has been started using HFSS - Solving Distributed. (06:04:46 PM  Jul 08, 2026)
[info] Project:temp_train_TSV_55_1783505010_55944, Design:TSV (Terminal Network), Interpolating frequency sweep complete. Converged. (06:04:46 PM  Jul 08, 2026)
[info] Project:temp_train_TSV_55_1783505010_55944, Design:TSV (Terminal Network), Normal completion of simulation on serv[info] Project:temp_train_TSV_56_1783505016_44152, Design:TSV (Terminal Network), An interpolating frequency sweep with 1000 points has been started using HFSS - Solving Distributed. (06:04:54 PM  Jul 08, 2026)
[info] Project:temp_train_TSV_56_1783505016_44152, Design:TSV (Terminal Network), Interpolating frequency sweep complete. Converged. (06:04:54 PM  Jul 08, 2026)
[info] Project:temp_train_TSV_56_1783505016_44152, Design:TSV (Terminal Network), Normal completion of simulation on serve[info] Project:temp_train_TSV_57_1783505045_41296, Design:TSV (Terminal Network), An interpolating frequency sweep with 1000 points has been started using HFSS - Solving Distributed. (06:05:15 PM  Jul 08, 2026)
[info] Project:temp_train_TSV_57_1783505045_41296, Design:TSV (Terminal Network), Interpolating frequency sweep complete. Converged. (06:05:15 PM  Jul 08, 2026)
[info] Project:temp_train_TSV_57_1783505045_41296, Design:TSV (Terminal Network), Normal completion of simulation on serve[info] Project:temp_train_TSV_58_1783505050_9504, Design:TSV (Terminal Network), An interpolating frequency sweep with 1000 points has been started using HFSS - Solving Distributed. (06:05:22 PM  Jul 08, 2026)
[info] Project:temp_train_TSV_58_1783505050_9504, Design:TSV (Terminal Network), Interpolating frequency sweep complete. Converged. (06:05:22 PM  Jul 08, 2026)
[info] Project:temp_train_TSV_58_1783505050_9504, Design:TSV (Terminal Network), Normal completion of simulation on server:[info] Project:temp_train_TSV_59_1783505086_31944, Design:TSV (Terminal Network), An interpolating frequency sweep with 1000 points has been started using HFSS - Solving Distributed. (06:05:54 PM  Jul 08, 2026)
[info] Project:temp_train_TSV_59_1783505086_31944, Design:TSV (Terminal Network), Interpolating frequency sweep complete. Converged. (06:05:54 PM  Jul 08, 2026)
[info] Project:temp_train_TSV_59_1783505086_31944, Design:TSV (Terminal Network), Normal completion of simulation on serv[info] Project:temp_train_TSV_60_1783505092_55944, Design:TSV (Terminal Network), An interpolating frequency sweep with 1000 points has been started using HFSS - Solving Distributed. (06:06:07 PM  Jul 08, 2026)
[info] Project:temp_train_TSV_60_1783505092_55944, Design:TSV (Terminal Network), Interpolating frequency sweep complete. Converged. (06:06:07 PM  Jul 08, 2026)
[info] Project:temp_train_TSV_60_1783505092_55944, Design:TSV (Terminal Network), Normal completion of simulation on serv[info] Project:temp_train_TSV_61_1783505100_4415[info] Project:temp_train_TSV_60_1783505092_55944, Design:TSV (Terminal Network), Touchstone export: Writing to "C:/ffzhzh/LocalFiles/Ansys_Project_Files/temp_train_TSV_60_1783505092_55944_SNP/temp_train_TSV_60_1783505092_55944.s2p" (06:06:09 PM  Jul 08, 2026)
Stopping Batch Run: 6:06:18 PM  Jul 08, 2026
M  Jul 08, 2026)
[info] Project:temp_train_TSV_61_1783505100_44152, Design:TSV (Terminal Network), Normal completion of simulation on serv[info] Project:temp_train_TSV_62_1783505121_41296, Design:TSV (Terminal Network), An interpolating frequency sweep with 1000 points has been started using HFSS - Solving Distributed. (06:06:45 PM  Jul 08, 2026)
[info] Project:temp_train_TSV_62_1783505121_41296, Design:TSV (Terminal Network), Interpolating frequency sweep complete. Converged. (06:06:45 PM  Jul 08, 2026)
[info] Project:temp_train_TSV_62_1783505121_41296, Design:TSV (Terminal Network), Normal completion of simulation on serv[info] Project:temp_train_TSV_63_1783505137_9504, Design:TSV (Terminal Network), An interpolating frequency sweep with 1000 points has been started using HFSS - Solving Distributed. (06:06:54 PM  Jul 08, 2026)
[info] Project:temp_train_TSV_63_1783505137_9504, Design:TSV (Terminal Network), Interpolating frequency sweep complete. Converged. (06:06:54 PM  Jul 08, 2026)
[info] Project:temp_train_TSV_63_1783505137_9504, Design:TSV (Terminal Network), Normal completion of simulation on server:[info] Project:temp_train_TSV_64_1783505167_31944, Design:TSV (Terminal Network), An interpolating frequency sweep with 1000 points has been started using HFSS - Solving Distributed. (06:07:22 PM  Jul 08, 2026)
[info] Project:temp_train_TSV_64_1783505167_31944, Design:TSV (Terminal Network), Interpolating frequency sweep complete. Converged. (06:07:22 PM  Jul 08, 2026)
[info] Project:temp_train_TSV_64_1783505167_31944, Design:TSV (Terminal Network), Normal completion of simulation on serv[info] Project:temp_train_TSV_65_1783505181_5594[info] Project:temp_train_TSV_64_1783505167_31944, Design:TSV (Terminal Network), Touchstone export: Writing to "C:/ffzhzh/LocalFiles/Ansys_Project_Files/temp_train_TSV_64[info] Project:temp_train_TSV_66_1783505181_44152, Design:TSV (Terminal Network), An interpStopping Batch Run: 6:07:34 PM  Jul 08, 2026
een started using HFSS - Solving Distributed. (06:07:33 PM  Jul 08, 2026)
[info] Project:temp_train_TSV_66_1783505181_44152, Design:TSV (Terminal Network), Interpolating frequency sweep complete. Converged. (06:07:33 PM  Jul 08, 2026)
[info] Project:temp_train_TSV_66_1783505181_44152, Design:TSV (Terminal Network), Normal completion of simulation on serv[info] Project:temp_train_TSV_67_1783505211_41296, Design:TSV (Terminal Network), An interpolating frequency sweep with 1000 points has been started using HFSS - Solving Distributed. (06:08:07 PM  Jul 08, 2026)
[info] Project:temp_train_TSV_67_1783505211_41296, Design:TSV (Terminal Network), Interpolating frequency sweep complete. Converged. (06:08:07 PM  Jul 08, 2026)
[info] Project:temp_train_TSV_67_1783505211_41296, Design:TSV (Terminal Network), Normal completion of simulation on serv[info] Project:temp_train_TSV_68_1783505225_9504, Design:TSV (Terminal Network), An interpolating frequency sweep with 1000 points has been started using HFSS - Solving Distributed. (06:08:26 PM  Jul 08, 2026)
[info] Project:temp_train_TSV_68_1783505225_9504, Design:TSV (Terminal Network), Interpolating frequency sweep complete. Converged. (06:08:26 PM  Jul 08, 2026)
[info] Project:temp_train_TSV_68_1783505225_9504, Design:TSV (Terminal Network), Normal completion of simulation on server:[info] Project:temp_train_TSV_69_1783505248_55944, Design:TSV (Terminal Network), An interpolating frequency sweep with 1000 points has been started using HFSS - Solving Distributed. (06:08:36 PM  Jul 08, 2026)
[info] Project:temp_train_TSV_69_1783505248_55944, Design:TSV (Terminal Network), Interpolating frequency sweep complete. Converged. (06:08:36 PM  Jul 08, 2026)
[info] Project:temp_train_TSV_69_1783505248_55944, Design:TSV (Terminal Network), Normal completion of simulation on serve[info] Project:temp_train_TSV_70_1783505257_31944, Design:TSV (Terminal Network), An interpolating frequency sweep with 1000 points has been started using HFSS - Solving Distributed. (06:09:05 PM  Jul 08, 2026)
[info] Project:temp_train_TSV_70_1783505257_31944, Design:TSV (Terminal Network), Interpolating frequency sweep complete. Converged. (06:09:05 PM  Jul 08, 2026)
[info] Project:temp_train_TSV_70_1783505257_31944, Design:TSV (Terminal Network), Normal completion of simulation on server: Local Machine. (06:09:05 PM  Jul 08, 2026)
[info] Project:temp_train_TSV_70_1783505257_31944, Design:TSV (Terminal Network), Touchstone export: Writing to "C:/ffzhzh/LocalFiles/Ansys_Project_Files/temp_train_TSV_70_1783505257_31944_SNP/temp_train_TSV_70_1783505257_31944.s2p" (06:09:06 PM  Jul 08, 2026)
Stopping Batch Run: 6:09:14 PM  Jul 08, 2026
M  Jul 08, 2026)
[info] Project:temp_train_TSV_71_1783505265_44152, Design:TSV (Terminal Network), Normal completion of simulation on serv[info] Project:temp_train_TSV_72_1783505296_41296, Design:TSV (Terminal Network), An interpolating frequency sweep with 1000 points has been started using HFSS - Solving Distributed. (06:09:43 PM  Jul 08, 2026)
[info] Project:temp_train_TSV_72_1783505296_41296, Design:TSV (Terminal Network), Interpolating frequency sweep complete. Converged. (06:09:43 PM  Jul 08, 2026)
[info] Project:temp_train_TSV_72_1783505296_41296, Design:TSV (Terminal Network), Normal completion of simulation on serv[info] Project:temp_train_TSV_73_1783505311_9504, Design:TSV (Terminal Network), An interpolating frequency sweep with 1000 points has been started using HFSS - Solving Distributed. (06:09:47 PM  Jul 08, 2026)
[info] Project:temp_train_TSV_73_1783505311_9504, Design:TSV (Terminal Network), Interpolating frequency sweep complete. Converged. (06:09:47 PM  Jul 08, 2026)
[info] Project:temp_train_TSV_73_1783505311_9504, Design:TSV (Terminal Network), Normal completion of simulation on server:[info] Project:temp_train_TSV_74_1783505326_55944, Design:TSV (Terminal Network), An interpolating frequency sweep with 1000 points has been started using HFSS - Solving Distributed. (06:10:06 PM  Jul 08, 2026)
[info] Project:temp_train_TSV_74_1783505326_55944, Design:TSV (Terminal Network), Interpolating frequency sweep complete. Converged. (06:10:06 PM  Jul 08, 2026)
[info] Project:temp_train_TSV_74_1783505326_55944, Design:TSV (Terminal Network), Normal completion of simulation on serv[info] Project:temp_train_TSV_75_1783505343_44152, Design:TSV (Terminal Network), An interpolating frequency sweep with 1000 points has been started using HFSS - Solving Distributed. (06:10:19 PM  Jul 08, 2026)
[info] Project:temp_train_TSV_75_1783505343_44152, Design:TSV (Terminal Network), Interpolating frequency sweep complete. Converged. (06:10:19 PM  Jul 08, 2026)
[info] Project:temp_train_TSV_75_1783505343_44152, Design:TSV (Terminal Network), Normal completion of simulation on serv[info] Project:temp_train_TSV_76_1783505356_31944, Design:TSV (Terminal Network), An interpolating frequency sweep with 1000 points has been started using HFSS - Solving Distributed. (06:10:36 PM  Jul 08, 2026)
[info] Project:temp_train_TSV_76_1783505356_31944, Design:TSV (Terminal Network), Interpolating frequency sweep complete. Converged. (06:10:36 PM  Jul 08, 2026)
[info] Project:temp_train_TSV_76_1783505356_31944, Design:TSV (Terminal Network), Normal completion of simulation on serv[info] Project:temp_train_TSV_77_1783505388_41296, Design:TSV (Terminal Network), An interpolating frequency sweep with 1000 points has been started using HFSS - Solving Distributed. (06:10:56 PM  Jul 08, 2026)
[info] Project:temp_train_TSV_77_1783505388_41296, Design:TSV (Terminal Network), Interpolating frequency sweep complete. Converged. (06:10:56 PM  Jul 08, 2026)
[info] Project:temp_train_TSV_77_1783505388_41296, Design:TSV (Terminal Network), Normal completion of simulation on serv[info] Project:temp_train_TSV_78_1783505396_9504, Design:TSV (Terminal Network), An interpolating frequency sweep with 1000 points has been started using HFSS - Solving Distributed. (06:11:15 PM  Jul 08, 2026)
[info] Project:temp_train_TSV_78_1783505396_9504, Design:TSV (Terminal Network), Interpolating frequency sweep complete. Converged. (06:11:15 PM  Jul 08, 2026)
[info] Project:temp_train_TSV_78_1783505396_9504, Design:TSV (Terminal Network), Normal completion of simulation on server:[info] Project:temp_train_TSV_79_1783505412_55944, Design:TSV (Terminal Network), An interpolating frequency sweep with 1000 points has been started using HFSS - Solving Distributed. (06:11:20 PM  Jul 08, 2026)
[info] Project:temp_train_TSV_79_1783505412_55944, Design:TSV (Terminal Network), Interpolating frequency sweep complete. Converged. (06:11:20 PM  Jul 08, 2026)
[info] Project:temp_train_TSV_79_1783505412_55944, Design:TSV (Terminal Network), Normal completion of simulation on serv[info] Project:temp_train_TSV_80_1783505424_44152, Design:TSV (Terminal Network), An interpolating frequency sweep with 1000 points has been started using HFSS - Solving Distributed. (06:11:32 PM  Jul 08, 2026)
[info] Project:temp_train_TSV_80_1783505424_44152, Design:TSV (Terminal Network), Interpolating frequency sweep complete. Converged. (06:11:32 PM  Jul 08, 2026)
[info] Project:temp_train_TSV_80_1783505424_44152, Design:TSV (Terminal Network), Normal completion of simulation on serv[info] Project:temp_train_TSV_81_1783505446_31944, Design:TSV (Terminal Network), An interpolating frequency sweep with 1000 points has been started using HFSS - Solving Distributed. (06:12:01 PM  Jul 08, 2026)
[info] Project:temp_train_TSV_81_1783505446_31944, Design:TSV (Terminal Network), Interpolating frequency sweep complete. Converged. (06:12:01 PM  Jul 08, 2026)
[info] Project:temp_train_TSV_81_1783505446_31944, Design:TSV (Terminal Network), Normal completion of simulation on serv[info] Project:temp_train_TSV_82_1783505461_41296, Design:TSV (Terminal Network), An interpolating frequency sweep with 1000 points has been started using HFSS - Solving Distributed. (06:12:09 PM  Jul 08, 2026)
[info] Project:temp_train_TSV_82_1783505461_41296, Design:TSV (Terminal Network), Interpolating frequency sweep complete. Converged. (06:12:09 PM  Jul 08, 2026)
[info] Project:temp_train_TSV_82_1783505461_41296, Design:TSV (Terminal Network), Normal completion of simulation on serv[info] Project:temp_train_TSV_83_1783505482_9504, Design:TSV (Terminal Network), An interpolating frequency sweep with 1000 points has been started using HFSS - Solving Distributed. (06:12:31 PM  Jul 08, 2026)
[info] Project:temp_train_TSV_83_1783505482_9504, Design:TSV (Terminal Network), Interpolating frequency sweep complete. Converged. (06:12:31 PM  Jul 08, 2026)
[info] Project:temp_train_TSV_83_1783505482_9504, Design:TSV (Terminal Network), Normal completion of simulation on server:[info] Project:temp_train_TSV_84_1783505485_55944, Design:TSV (Terminal Network), An interpolating frequency sweep with 1000 points has been started using HFSS - Solving Distributed. (06:12:35 PM  Jul 08, 2026)
[info] Project:temp_train_TSV_84_1783505485_55944, Design:TSV (Terminal Network), Interpolating frequency sweep complete. Converged. (06:12:35 PM  Jul 08, 2026)
[info] Project:temp_train_TSV_84_1783505485_55944, Design:TSV (Terminal Network), Normal completion of simulation on serv[info] Project:temp_train_TSV_85_1783505508_44152, Design:TSV (Terminal Network), An interpolating frequency sweep with 1000 points has been started using HFSS - Solving Distributed. (06:13:07 PM  Jul 08, 2026)
[info] Project:temp_train_TSV_85_1783505508_44152, Design:TSV (Terminal Network), Interpolating frequency sweep complete. Converged. (06:13:07 PM  Jul 08, 2026)
[info] Project:temp_train_TSV_85_1783505508_44152, Design:TSV (Terminal Network), Normal completion of simulation on serv[info] Project:temp_train_TSV_86_1783505526_31944, Design:TSV (Terminal Network), An interpolating frequency sweep with 1000 points has been started using HFSS - Solving Distributed. (06:13:25 PM  Jul 08, 2026)
[info] Project:temp_train_TSV_86_1783505526_31944, Design:TSV (Terminal Network), Interpolating frequency sweep complete. Converged. (06:13:25 PM  Jul 08, 2026)
[info] Project:temp_train_TSV_86_1783505526_31944, Design:TSV (Terminal Network), Normal completion of simulation on serv[info] Project:temp_train_TSV_87_1783505541_41296, Design:TSV (Terminal Network), An interpolating frequency sweep with 1000 points has been started using HFSS - Solving Distributed. (06:13:49 PM  Jul 08, 2026)
[info] Project:temp_train_TSV_87_1783505541_41296, Design:TSV (Terminal Network), Interpolating frequency sweep complete. Converged. (06:13:49 PM  Jul 08, 2026)
[info] Project:temp_train_TSV_87_1783505541_41296, Design:TSV (Terminal Network), Normal completion of simulation on serv[info] Project:temp_train_TSV_88_1783505556_9504, Design:TSV (Terminal Network), An interpolating frequency sweep with 1000 points has been started using HFSS - Solving Distributed. (06:13:52 PM  Jul 08, 2026)
[info] Project:temp_train_TSV_88_1783505556_9504, Design:TSV (Terminal Network), Interpolating frequency sweep complete. Converged. (06:13:52 PM  Jul 08, 2026)
[info] Project:temp_train_TSV_88_1783505556_9504, Design:TSV (Terminal Network), Normal completion of simulation on server:[info] Project:temp_train_TSV_89_1783505566_55944, Design:TSV (Terminal Network), An interpolating frequency sweep with 1000 points has been started using HFSS - Solving Distributed. (06:13:55 PM  Jul 08, 2026)
[info] Project:temp_train_TSV_89_1783505566_55944, Design:TSV (Terminal Network), InterpolatStopping Batch Run: 6:14:04 PM  Jul 08, 2026
3:55 PM  Jul 08, 2026)
[info] Project:temp_train_TSV_89_1783505566_55944, Design:TSV (Terminal Network), Normal completion of simulation on serv[info] Project:temp_train_TSV_90_1783505596_44152, Design:TSV (Terminal Network), An interpolating frequency sweep with 1000 points has been started using HFSS - Solving Distributed. (06:14:37 PM  Jul 08, 2026)
[info] Project:temp_train_TSV_90_1783505596_44152, Design:TSV (Terminal Network), Interpolating frequency sweep complete. Converged. (06:14:37 PM  Jul 08, 2026)
[info] Project:temp_train_TSV_90_1783505596_44152, Design:TSV (Terminal Network), Normal completion of simulation on serv[info] Project:temp_train_TSV_91_1783505611_31944, Design:TSV (Terminal Network), An interpolating frequency sweep with 1000 points has been started using HFSS - Solving Distributed. (06:14:41 PM  Jul 08, 2026)
[info] Project:temp_train_TSV_91_1783505611_31944, Design:TSV (Terminal Network), Interpolating frequency sweep complete. Converged. (06:14:41 PM  Jul 08, 2026)
[info] Project:temp_train_TSV_91_1783505611_31944, Design:TSV (Terminal Network), Normal completion of simulation on serv[info] Project:temp_train_TSV_92_1783505635_41296, Design:TSV (Terminal Network), An interpolating frequency sweep with 1000 points has been started using HFSS - Solving Distributed. (06:15:10 PM  Jul 08, 2026)
[info] Project:temp_train_TSV_92_1783505635_41296, Design:TSV (Terminal Network), Interpolating frequency sweep complete. Converged. (06:15:10 PM  Jul 08, 2026)
[info] Project:temp_train_TSV_92_1783505635_41296, Design:TSV (Terminal Network), Normal completion of simulation on serv[info] Project:temp_train_TSV_93_1783505646_55944, Design:TSV (Terminal Network), An interpolating frequency sweep with 1000 points has been started using HFSS - Solving Distributed. (06:15:14 PM  Jul 08, 2026)
[info] Project:temp_train_TSV_93_1783505646_55944, Design:TSV (Terminal Network), Interpolating frequency sweep complete. Converged. (06:15:14 PM  Jul 08, 2026)
[info] Project:temp_train_TSV_93_1783505646_55944, Design:TSV (Terminal Network), Normal completion of simulation on serv[info] Project:temp_train_TSV_94_1783505651_9504, Design:TSV (Terminal Network), An interpolating frequency sweep with 1000 points has been started using HFSS - Solving Distributed. (06:15:33 PM  Jul 08, 2026)
[info] Project:temp_train_TSV_94_1783505651_9504, Design:TSV (Terminal Network), Interpolating frequency sweep complete. Converged. (06:15:33 PM  Jul 08, 2026)
[info] Project:temp_train_TSV_94_1783505651_9504, Design:TSV (Terminal Network), Normal completion of simulation on server:[info] Project:temp_train_TSV_95_1783505682_44152, Design:TSV (Terminal Network), An interpolating frequency sweep with 1000 points has been started using HFSS - Solving Distributed. (06:15:43 PM  Jul 08, 2026)
[info] Project:temp_train_TSV_95_1783505682_44152, Design:TSV (Terminal Network), InterpolatStopping Batch Run: 6:15:44 PM  Jul 08, 2026
5:43 PM  Jul 08, 2026)
[info] Project:temp_train_TSV_95_1783505682_44152, Design:TSV (Terminal Network), Normal completion of simulation on serv[info] Project:temp_train_TSV_96_1783505686_31944, Design:TSV (Terminal Network), An interpolating frequency sweep with 1000 points has been started using HFSS - Solving Distributed. (06:15:56 PM  Jul 08, 2026)
[info] Project:temp_train_TSV_96_1783505686_31944, Design:TSV (Terminal Network), Interpolating frequency sweep complete. Converged. (06:15:56 PM  Jul 08, 2026)
[info] Project:temp_train_TSV_96_1783505686_31944, Design:TSV (Terminal Network), Normal completion of simulation on serv[info] Project:temp_train_TSV_97_1783505715_41296, Design:TSV (Terminal Network), An interpolating frequency sweep with 1000 points has been started using HFSS - Solving Distributed. (06:16:41 PM  Jul 08, 2026)
[info] Project:temp_train_TSV_97_1783505715_41296, Design:TSV (Terminal Network), Interpolating frequency sweep complete. Converged. (06:16:41 PM  Jul 08, 2026)
[info] Project:temp_train_TSV_97_1783505715_41296, Design:TSV (Terminal Network), Normal completion of simulation on server: Local Machine. (06:16:42 PM  Jul 08, 2026)
[info] Project:temp_train_TSV_97_1783505715_41296, Design:TSV (Terminal Network), Touchstone export: Writing to "C:/ffzhzh/LocalFiles/Ansys_Project_Files/temp_train_TSV_97_1783505715_41296_SNP/temp_train_TSV_97_1783505715_41296.s2p" (06:16:43 PM  Jul 08, 2026)
Stopping Batch Run: 6:16:43 PM  Jul 08, 2026
M  Jul 08, 2026)
[info] Project:temp_train_TSV_98_1783505726_55944, Design:TSV (Terminal Network), Normal completion of simulation on serv[info] Project:temp_train_TSV_99_1783505747_9504, Design:TSV (Terminal Network), An interpolating frequency sweep with 1000 points has been started using HFSS - Solving Distributed. (06:16:56 PM  Jul 08, 2026)
[info] Project:temp_train_TSV_99_1783505747_9504, Design:TSV (Terminal Network), Interpolating frequency sweep complete. Converged. (06:16:56 PM  Jul 08, 2026)
[info] Project:temp_train_TSV_99_1783505747_9504, Design:TSV (Terminal Network), Normal completion of simulation on server:[info] Project:temp_train_TSV_100_1783505757_44152, Design:TSV (Terminal Network), An interpolating frequency sweep with 1000 points has been started using HFSS - Solving Distributed. (06:17:04 PM  Jul 08, 2026)
[info] Project:temp_train_TSV_100_1783505757_44152, Design:TSV (Terminal Network), Interpolating frequency sweep complete. Converged. (06:17:04 PM  Jul 08, 2026)
[info] Project:temp_train_TSV_100_1783505757_44152, Design:TSV (Terminal Network), Normal completion of simulation on s[info] Project:temp_train_TSV_101_1783505767_31944, Design:TSV (Terminal Network), An interpolating frequency sweep with 1000 points has been started using HFSS - Solving Distributed. (06:17:31 PM  Jul 08, 2026)
[info] Project:temp_train_TSV_101_1783505767_31944, Design:TSV (Terminal Network), Interpolating frequency sweep complete. Converged. (06:17:31 PM  Jul 08, 2026)
[info] Project:temp_train_TSV_101_1783505767_31944, Design:TSV (Terminal Network), Normal completion of simulation on s[info] Project:temp_train_TSV_102_1783505803_55944, Design:TSV (Terminal Network), An interpolating frequency sweep with 1000 points has been started using HFSS - Solving Distributed. (06:17:59 PM  Jul 08, 2026)
[info] Project:temp_train_TSV_102_1783505803_55944, Design:TSV (Terminal Network), Interpolating frequency sweep complete. Converged. (06:17:59 PM  Jul 08, 2026)
[info] Project:temp_train_TSV_102_1783505803_55944, Design:TSV (Terminal Network), Normal completion of simulation on s[info] Project:temp_train_TSV_103_1783505806_41296, Design:TSV (Terminal Network), An interpolating frequency sweep with 1000 points has been started using HFSS - Solving Distributed. (06:18:00 PM  Jul 08, 2026)
[info] Project:temp_train_TSV_103_1783505806_41296, Design:TSV (Terminal Network), Interpolating frequeStopping Batch Run: 6:18:01 PM  Jul 08, 2026
ul 08, 2026)
[info] Project:temp_train_TSV_103_1783505806_41296, Design:TSV (Terminal Network), Normal completion of simulation on s[info] Project:temp_train_TSV_104_1783505822_9504, Design:TSV (Terminal Network), An interpolating frequency sweep with 1000 points has been started using HFSS - Solving Distributed. (06:18:14 PM  Jul 08, 2026)
[info] Project:temp_train_TSV_104_1783505822_9504, Design:TSV (Terminal Network), Interpolating frequency sweep complete. Converged. (06:18:14 PM  Jul 08, 2026)
[info] Project:temp_train_TSV_104_1783505822_9504, Design:TSV (Terminal Network), Normal completion of simulation on serv[info] Project:temp_train_TSV_105_1783505829_44152, Design:TSV (Terminal Network), An interpolating frequency sweep with 1000 points has been started using HFSS - Solving Distributed. (06:18:24 PM  Jul 08, 2026)
[info] Project:temp_train_TSV_105_1783505829_44152, Design:TSV (Terminal Network), Interpolating frequency sweep complete. Converged. (06:18:24 PM  Jul 08, 2026)
[info] Project:temp_train_TSV_105_1783505829_44152, Design:TSV (Terminal Network), Normal completion of simulation on s[info] Project:temp_train_TSV_106_1783505857_31944, Design:TSV (Terminal Network), An interpolating frequency sweep with 1000 points has been started using HFSS - Solving Distributed. (06:18:51 PM  Jul 08, 2026)
[info] Project:temp_train_TSV_106_1783505857_31944, Design:TSV (Terminal Network), Interpolating frequency sweep complete. Converged. (06:18:51 PM  Jul 08, 2026)
[info] Project:temp_train_TSV_106_1783505857_31944, Design:TSV (Terminal Network), Normal completion of simulation on s[info] Project:temp_train_TSV_107_1783505884_55944, Design:TSV (Terminal Network), An interpolating frequency sweep with 1000 points has been started using HFSS - Solving Distributed. (06:19:10 PM  Jul 08, 2026)
[info] Project:temp_train_TSV_107_1783505884_55944, Design:TSV (Terminal Network), Interpolating frequency sweep complete. Converged. (06:19:10 PM[info] Project:temp_train_TSV_108_1783505886_41296, Design:TSV (Terminal Network), An interpolating frequency sweep with 1000 points has been started using HFSS - Solving Distributed. (06:19:22 PM  Jul 08, 2026)
[info] Project:temp_train_TSV_108_1783505886_41296, Design:TSV (Terminal Network), Interpolating frequency sweep complete. Converged. (06:19:22 PM  Jul 08, 2026)
[info] Project:temp_train_TSV_108_1783505886_41296, Design:TSV (Terminal Network), Normal completion of simulation on s[info] Project:temp_train_TSV_109_1783505901_9504, Design:TSV (Terminal Network), An interpolating frequency sweep with 1000 points has been started using HFSS - Solving Distributed. (06:19:37 PM  Jul 08, 2026)
[info] Project:temp_train_TSV_109_1783505901_9504, Design:TSV (Terminal Network), Interpolating frequency sweep complete. Converged. (06:19:37 PM  Jul 08, 2026)
[info] Project:temp_train_TSV_109_1783505901_9504, Design:TSV (Terminal Network), Normal completion of simulation on serv[info] Project:temp_train_TSV_110_1783505918_44152, Design:TSV (Terminal Network), An interpolating frequency sweep with 1000 points has been started using HFSS - Solving Distributed. (06:19:49 PM  Jul 08, 2026)
[info] Project:temp_train_TSV_110_1783505918_44152, Design:TSV (Terminal Network), Interpolating frequency sweep complete. Converged. (06:19:49 PM  Jul 08, 2026)
[info] Project:temp_train_TSV_110_1783505918_44152, Design:TSV (Terminal Network), Normal completion of simulation on s[info] Project:temp_train_TSV_111_1783505942_31944, Design:TSV (Terminal Network), An interpolating frequency sweep with 1000 points has been started using HFSS - Solving Distributed. (06:20:20 PM  Jul 08, 2026)
[info] Project:temp_train_TSV_111_1783505942_31944, Design:TSV (Terminal Network), Interpolating frequency sweep complete. Converged. (06:20:20 PM  Jul 08, 2026)
[info] Project:temp_train_TSV_111_1783505942_31944, Design:TSV (Terminal Network), Normal completion of simulation on s[info] Project:temp_train_TSV_112_1783505963_55944, Design:TSV (Terminal Network), An interpolating frequency sweep with 1000 points has been started using HFSS - Solving Distributed. (06:20:34 PM  Jul 08, 2026)
[info] Project:temp_train_TSV_112_1783505963_55944, Design:TSV (Terminal Network), Interpolating frequency sweep complete. Converged. (06:20:34 PM  Jul 08, 2026)
[info] Project:temp_train_TSV_112_1783505963_55944, Design:TSV (Terminal Network), Normal completion of simulation on s[info] Project:temp_train_TSV_113_1783505967_41296, Design:TSV (Terminal Network), An interpolating frequency sweep with 1000 points has been started using HFSS - Solving Distributed. (06:20:40 PM  Jul 08, 2026)
[info] Project:temp_train_TSV_113_1783505967_41296, Design:TSV (Terminal Network), Interpolating frequeStopping Batch Run: 6:20:45 PM  Jul 08, 2026
ul 08, 2026)
[info] Project:temp_train_TSV_113_1783505967_41296, Design:TSV (Terminal Network), Normal completion of simulation on se[info] Project:temp_train_TSV_114_1783505987_9504, Design:TSV (Terminal Network), An interpolating frequency sweep with 1000 points has been started using HFSS - Solving Distributed. (06:21:03 PM  Jul 08, 2026)
[info] Project:temp_train_TSV_114_1783505987_9504, Design:TSV (Terminal Network), Interpolating frequency sweep complete. Converged. (06:21:03 PM  Jul 08, 2026)
[info] Project:temp_train_TSV_114_1783505987_9504, Design:TSV (Terminal Network), Normal completion of simulation on serve[info] Project:temp_train_TSV_115_1783505997_44152, Design:TSV (Terminal Network), An interpolating frequency sweep with 1000 points has been started using HFSS - Solving Distributed. (06:21:18 PM  Jul 08, 2026)
[info] Project:temp_train_TSV_115_1783505997_44152, Design:TSV (Terminal Network), Interpolating frequency sweep complete. Converged. (06:21:18 PM  Jul 08, 2026)
[info] Project:temp_train_TSV_115_1783505997_44152, Design:TSV (Terminal Network), Normal completion of simulation on se[info] Project:temp_train_TSV_116_1783506032_31944, Design:TSV (Terminal Network), An interpolating frequency sweep with 1000 points has been started using HFSS - Solving Distributed. (06:21:48 PM  Jul 08, 2026)
[info] Project:temp_train_TSV_116_1783506032_31944, Design:TSV (Terminal Network), Interpolating frequency sweep complete. Converged. (06:21:48 PM  Jul 08, 2026)
[info] Project:temp_train_TSV_116_1783506032_31944, Design:TSV (Terminal Network), Normal completion of simulation on se[info] Project:temp_train_TSV_117_1783506045_41296, Design:TSV (Terminal Network), An interpolating frequency sweep with 1000 points has been started using HFSS - Solving Distributed. (06:22:09 PM  Jul 08, 2026)
[info] Project:temp_train_TSV_117_1783506045_41296, Design:TSV (Terminal Network), Interpolating frequency sweep complete. Converged. (06:22:09 PM  Jul 08, 2026)
[info] Project:temp_train_TSV_117_1783506045_41296, Design:TSV (Terminal Network), Normal completion of simulation on server: Local Machine. (06:22:09 PM  Jul 08, 2026)
[info] Project:temp_train_TSV_117_1783506045_41296, Design:TSV (Terminal Network), Touchstone export: Writing to "C:/ffzhzh/LocalFiles/Ansys_Project_Files/temp_train_TSV_117_1783506045_41296_SNP/temp_train_TSV_117_1783506045_41296.s2p" (06:22:11 PM  Jul 08, 2026)
Stopping Batch Run: 6:22:15 PM  Jul 08, 2026[info] Project:temp_train_TSV_119_1783506067_9504, Design:TSV (Terminal Network), An interpolating frequency sweep with 1000 points has been started using HFSS - Solving Distributed. (06:22:31 PM  Jul 08, 2026)
[info] Project:temp_train_TSV_119_1783506067_9504, Design:TSV (Terminal Network), Interpolating frequency sweep complete. Converged. (06:22:31 PM  Jul 08, 2026)
[info] Project:temp_train_TSV_119_1783506067_9504, Design:TSV (Terminal Network), Normal completion of simulation on serv[info] Project:temp_train_TSV_120_1783506093_44152, Design:TSV (Terminal Network), An interpolating frequency sweep with 1000 points has been started using HFSS - Solving Distributed. (06:22:41 PM  Jul 08, 2026)
[info] Project:temp_train_TSV_120_1783506093_44152, Design:TSV (Terminal Network), Interpolating frequency sweep complete. Converged. (06:22:41 PM  Jul 08, 2026)
[info] Project:temp_train_TSV_120_1783506093_44152, Design:TSV (Terminal Network), Normal completion of simulation on s[info] Project:temp_train_TSV_121_1783506114_31944, Design:TSV (Terminal Network), An interpolating frequency sweep with 1000 points has been started using HFSS - Solving Distributed. (06:23:10 PM  Jul 08, 2026)
[info] Project:temp_train_TSV_121_1783506114_31944, Design:TSV (Terminal Network), Interpolating frequency sweep complete. Converged. (06:23:10 PM  Jul 08, 2026)
[info] Project:temp_train_TSV_121_1783506114_31944, Design:TSV (Terminal Network), Normal completion of simulation on s[info] Project:temp_train_TSV_122_1783506133_55944, Design:TSV (Terminal Network), An interpolating frequency sweep with 1000 points has been started using HFSS - Solving Distributed. (06:23:44 PM  Jul 08, 2026)
[info] Project:temp_train_TSV_122_1783506133_55944, Design:TSV (Terminal Network), Interpolating frequency sweep complete. Converged. (06:23:44 PM  Jul 08, 2026)
[info] Project:temp_train_TSV_122_1783506133_55944, Design:TSV (Terminal Network), Normal completion of simulation on server: Local Machine. (06:23:44 PM  Jul 08, 2026)
[info] Project:temp_train_TSV_122_1783506133_55944, Design:TSV (Terminal Network), Touchstone export: Writing to "C:/ffzhzh/LocalFiles/Ansys_Project_Files/temp_train_TSV_122_1783506133_55944_SNP/temp_train_TSV_122_1783506133_55944.s2p" (06:23:48 PM  Jul 08, 2026)
Stopping Batch Run: 6:23:49 PM  Jul 08, 2026
ul 08, 2026)
[info] Project:temp_train_TSV_123_1783506137_41296, Design:TSV (Terminal Network), Normal completion of simulation on s[info] Project:temp_train_TSV_124_1783506157_9504, Design:TSV (Terminal Network), An interpolating frequency sweep with 1000 points has been started using HFSS - Solving Distributed. (06:23:46 PM  Jul 08, 2026)
[info] Project:temp_train_TSV_124_1783506157_9504, Design:TSV (Terminal Network), Interpolating frequency sweep complete. Converged. (06:23:46 PM  Jul 08, 2026)
[info] Project:temp_train_TSV_124_1783506157_9504, Design:TSV (Terminal Network), Normal completion of simulation on serv[info] Project:temp_train_TSV_125_1783506173_44152, Design:TSV (Terminal Network), An interpolating frequency sweep with 1000 points has been started using HFSS - Solving Distributed. (06:24:05 PM  Jul 08, 2026)
[info] Project:temp_train_TSV_125_1783506173_44152, Design:TSV (Terminal Network), Interpolating frequency sweep complete. Converged. (06:24:05 PM  Jul 08, 2026)
[info] Project:temp_train_TSV_125_1783506173_44152, Design:TSV (Terminal Network), Normal completion of simulation on s[info] Project:temp_train_TSV_126_1783506197_31944, Design:TSV (Terminal Network), An interpolating frequency sweep with 1000 points has been started using HFSS - Solving Distributed. (06:24:29 PM  Jul 08, 2026)
[info] Project:temp_train_TSV_126_1783506197_31944, Design:TSV (Terminal Network), Interpolating frequency sweep complete. Converged. (06:24:29 PM  Jul 08, 2026)
[info] Project:temp_train_TSV_126_1783506197_31944, Design:TSV (Terminal Network), Normal completion of simulation on se[info] Project:temp_train_TSV_127_1783506225_41296, Design:TSV (Terminal Network), An interpolating frequency sweep with 1000 points has been started using HFSS - Solving Distributed. (06:25:17 PM  Jul 08, 2026)
[info] Project:temp_train_TSV_127_1783506225_41296, Design:TSV (Terminal Network), Interpolating frequency sweep complete. Converged. (06:25:17 PM  Jul 08, 2026)
[info] Project:temp_train_TSV_127_1783506225_41296, Design:TSV (Terminal Network), Normal completion of simulation on server: Local Machine. (06:25:17 PM  Jul 08, 2026)
[info] Project:temp_train_TSV_127_1783506225_41296, Design:TSV (Terminal Network), Touchstone export: Writing to "C:/ffzhzh/LocalFiles/Ansys_Project_Files/temp_train_TSV_127_1783506225_41296_SNP/temp_train_TSV_127_1783506225_41296.s2p" (06:25:18 PM  Jul 08, 2026)
Stopping Batch Run: 6:25:18 PM  Jul 08, 2026[info] Project:temp_train_TSV_129_1783506234_9504, Design:TSV (Terminal Network), An interpolating frequency sweep with 1000 points has been started using HFSS - Solving Distributed. (06:25:19 PM  Jul 08, 2026)
[info] Project:temp_train_TSV_129_1783506234_9504, Design:TSV (Terminal Network), Interpolating frequency sweep complete. Converged. (06:25:19 PM  Jul 08, 2026)
[info] Project:temp_train_TSV_129_1783506234_9504, Design:TSV (Terminal Network), Normal completion of simulation on serve[info] Project:temp_train_TSV_130_1783506253_44152, Design:TSV (Terminal Network), An interpolating frequency sweep with 1000 points has been started using HFSS - Solving Distributed. (06:25:34 PM  Jul 08, 2026)
[info] Project:temp_train_TSV_130_1783506253_44152, Design:TSV (Terminal Network), Interpolating frequency sweep complete. Converged. (06:25:34 PM  Jul 08, 2026)
[info] Project:temp_train_TSV_130_1783506253_44152, Design:TSV (Terminal Network), Normal completion of simulation on se[info] Project:temp_train_TSV_131_1783506278_31944, Design:TSV (Terminal Network), An interpolating frequency sweep with 1000 points has been started using HFSS - Solving Distributed. (06:25:51 PM  Jul 08, 2026)
[info] Project:temp_train_TSV_131_1783506278_31944, Design:TSV (Terminal Network), Interpolating frequency sweep complete. Converged. (06:25:51 PM  Jul 08, 2026)
[info] Project:temp_train_TSV_131_1783506278_31944, Design:TSV (Terminal Network), Normal completion of simulation on s[info] Project:temp_train_TSV_132_1783506319_55944, Design:TSV (Terminal Network), An interpolating frequency sweep with 1000 points has been started using HFSS - Solving Distributed. (06:26:27 PM  Jul 08, 2026)
[info] Project:temp_train_TSV_132_1783506319_55944, Design:TSV (Terminal Network), Interpolating frequency sweep complete. Converged. (06:26:27 PM[info] Project:temp_train_TSV_133_1783506321_41296, Design:TSV (Terminal Network), An interpolating frequency sweep with 1000 points has been started using HFSS - Solving Distributed. (06:26:40 PM  Jul 08, 2026)
[info] Project:temp_train_TSV_133_1783506321_41296, Design:TSV (Terminal Network), Interpolating frequency sweep complete. Converged. (06:26:40 PM[info] Project:temp_train_TSV_134_1783506324_9504, Design:TSV (Terminal Network), An interpolating frequency sweep with 1000 points has been started using HFSS - Solving Distributed. (06:26:48 PM  Jul 08, 2026)
[info] Project:temp_train_TSV_134_1783506324_9504, Design:TSV (Terminal Network), Interpolating frequency sweep complete. Converged. (06:26:48 PM  Jul 08, 2026)
[info] Project:temp_train_TSV_134_1783506324_9504, Design:TSV (Terminal Network), Normal completion of simulation on serv[info] Project:temp_train_TSV_135_1783506348_44152, Design:TSV (Terminal Network), An interpolating frequency sweep with 1000 points has been started using HFSS - Solving Distributed. (06:27:07 PM  Jul 08, 2026)
[info] Project:temp_train_TSV_135_1783506348_44152, Design:TSV (Terminal Network), Interpolating frequency sweep complete. Converged. (06:27:07 PM  Jul 08, 2026)
[info] Project:temp_train_TSV_135_1783506348_44152, Design:TSV (Terminal Network), Normal completion of simulation on s[info] Project:temp_train_TSV_136_1783506363_31944, Design:TSV (Terminal Network), An interpolating frequency sweep with 1000 points has been started using HFSS - Solving Distributed. (06:27:15 PM  Jul 08, 2026)
[info] Project:temp_train_TSV_136_1783506363_31944, Design:TSV (Terminal Network), Interpolating frequency sweep complete. Converged. (06:27:15 PM  Jul 08, 2026)
[info] Project:temp_train_TSV_136_1783506363_31944, Design:TSV (Terminal Network), Normal completion of simulation on s[info] Project:temp_train_TSV_137_1783506392_55944, Design:TSV (Terminal Network), An interpolating frequency sweep with 1000 points has been started using HFSS - Solving Distributed. (06:27:50 PM  Jul 08, 2026)
[info] Project:temp_train_TSV_137_1783506392_55944, Design:TSV (Terminal Network), Interpolating frequency sweep complete. Converged. (06:27:50 PM  Jul 08, 2026)
[info] Project:temp_train_TSV_137_1783506392_55944, Design:TSV (Terminal Network), Normal completion of simulation on s[info] Project:temp_train_TSV_138_1783506403_41296, Design:TSV (Terminal Network), An interpolating frequency sweep with 1000 points has been started using HFSS - Solving Distributed. (06:27:57 PM  Jul 08, 2026)
[info] Project:temp_train_TSV_138_1783506403_41296, Design:TSV (Terminal Network), Interpolating frequency sweep complete. Converged. (06:27:57 PM  Jul 08, 2026)
[info] Project:temp_train_TSV_138_1783506403_41296, Design:TSV (Terminal Network), Normal completion of simulation on s[info] Project:temp_train_TSV_139_1783506423_9504, Design:TSV (Terminal Network), An interpolating frequency sweep with 1000 points has been started using HFSS - Solving Distributed. (06:28:15 PM  Jul 08, 2026)
[info] Project:temp_train_TSV_139_1783506423_9504, Design:TSV (Terminal Network), Interpolating frequency sweep complete. Converged. (06:28:15 PM  Jul 08, 2026)
[info] Project:temp_train_TSV_139_1783506423_9504, Design:TSV (Terminal Network), Normal completion of simulation on serv[info] Project:temp_train_TSV_140_1783506433_44152, Design:TSV (Terminal Network), An interpolating frequency sweep with 1000 points has been started using HFSS - Solving Distributed. (06:28:18 PM  Jul 08, 2026)
[info] Project:temp_train_TSV_140_1783506433_44152, Design:TSV (Terminal Network), Interpolating frequency sweep complete. Converged. (06:28:18 PM  Jul 08, 2026)
[info] Project:temp_train_TSV_140_1783506433_44152, Design:TSV (Terminal Network), Normal completion of simulation on s[info] Project:temp_train_TSV_141_1783506448_31944, Design:TSV (Terminal Network), An interpolating frequency sweep with 1000 points has been started using HFSS - Solving Distributed. (06:28:46 PM  Jul 08, 2026)
[info] Project:temp_train_TSV_141_1783506448_31944, Design:TSV (Terminal Network), Interpolating frequency sweep complete. Converged. (06:28:46 PM  Jul 08, 2026)
[info] Project:temp_train_TSV_141_1783506448_31944, Design:TSV (Terminal Network), Normal completion of simulation on s[info] Project:temp_train_TSV_142_1783506474_55944, Design:TSV (Terminal Network), An interpolating frequency sweep with 1000 points has been started using HFSS - Solving Distributed. (06:29:10 PM  Jul 08, 2026)
[info] Project:temp_train_TSV_142_1783506474_55944, Design:TSV (Terminal Network), Interpolating frequency sweep complete. Converged. (06:29:10 PM  Jul 08, 2026)
[info] Project:temp_train_TSV_142_1783506474_55944, Design:TSV (Terminal Network), Normal completion of simulation on s[info] Project:temp_train_TSV_143_1783506482_41296, Design:TSV (Terminal Network), An interpolating frequency sweep with 1000 points has been started using HFSS - Solving Distributed. (06:29:14 PM  Jul 08, 2026)
[info] Project:temp_train_TSV_143_1783506482_41296, Design:TSV (Terminal Network), Interpolating frequeStopping Batch Run: 6:29:20 PM  Jul 08, 2026
ul 08, 2026)
[info] Project:temp_train_TSV_143_1783506482_41296, Design:TSV (Terminal Network), Normal completion of simulation on s[info] Project:temp_train_TSV_144_1783506499_9504, Design:TSV (Terminal Network), An interpolating frequency sweep with 1000 points has been started using HFSS - Solving Distributed. (06:29:42 PM  Jul 08, 2026)
[info] Project:temp_train_TSV_144_1783506499_9504, Design:TSV (Terminal Network), Interpolating frequency sweep complete. Converged. (06:29:42 PM  Jul 08, 2026)
[info] Project:temp_train_TSV_144_1783506499_9504, Design:TSV (Terminal Network), Normal completion of simulation on serv[info] Project:temp_train_TSV_145_1783506504_44152, Design:TSV (Terminal Network), An interpolating frequency sweep with 1000 points has been started using HFSS - Solving Distributed. (06:29:44 PM  Jul 08, 2026)
[info] Project:temp_train_TSV_145_1783506504_44152, Design:TSV (Terminal Network), Interpolating Stopping Batch Run: 6:29:51 PM  Jul 08, 2026
 PM  Jul 08, 2026)
[info] Project:temp_train_TSV_145_1783506504_44152, Design:TSV (Terminal Network), Normal completion of simulation on s[info] Project:temp_train_TSV_146_1783506532_31944, Design:TSV (Terminal Network), An interpolating frequency sweep with 1000 points has been started using HFSS - Solving Distributed. (06:30:00 PM  Jul 08, 2026)
[info] Project:temp_train_TSV_146_1783506532_31944, Design:TSV (Terminal Network), Interpolating frequency sweep complete. Converged. (06:30:00 PM  Jul 08, 2026)
[info] Project:temp_train_TSV_146_1783506532_31944, Design:TSV (Terminal Network), Normal completion of simulation on s[info] Project:temp_train_TSV_147_1783506563_55944, Design:TSV (Terminal Network), An interpolating frequency sweep with 1000 points has been started using HFSS - Solving Distributed. (06:30:37 PM  Jul 08, 2026)
[info] Project:temp_train_TSV_147_1783506563_55944, Design:TSV (Terminal Network), Interpolating frequency sweep complete. Converged. (06:30:37 PM  Jul 08, 2026)
[info] Project:temp_train_TSV_147_1783506563_55944, Design:TSV (Terminal Network), Normal completion of simulation on s[info] Project:temp_train_TSV_148_1783506567_41296, Design:TSV (Terminal Network), An interpolating frequency sweep with 1000 points has been started using HFSS - Solving Distributed. (06:30:46 PM  Jul 08, 2026)
[info] Project:temp_train_TSV_148_1783506567_41296, Design:TSV (Terminal Network), Interpolating frequency sweep complete. Converged. (06:30:46 PM  Jul 08, 2026)
[info] Project:temp_train_TSV_148_1783506567_41296, Design:TSV (Terminal Network), Normal completion of simulation on se[info] Project:temp_train_TSV_149_1783506593_9504, Design:TSV (Terminal Network), An interpolating frequency sweep with 1000 points has been started using HFSS - Solving Distributed. (06:31:02 PM  Jul 08, 2026)
[info] Project:temp_train_TSV_149_1783506593_9504, Design:TSV (Terminal Network), Interpolating frequency sweep complete. Converged. (06:31:02 PM  Jul 08, 2026)
[info] Project:temp_train_TSV_149_1783506593_9504, Design:TSV (Terminal Network), Normal completion of simulation on serve[info] Project:temp_train_TSV_150_1783506599_44152, Design:TSV (Terminal Network), An interpolating frequency sweep with 1000 points has been started using HFSS - Solving Distributed. (06:31:23 PM  Jul 08, 2026)
[info] Project:temp_train_TSV_150_1783506599_44152, Design:TSV (Terminal Network), Interpolating frequency sweep complete. Converged. (06:31:23 PM  Jul 08, 2026)
[info] Project:temp_train_TSV_150_1783506599_44152, Design:TSV (Terminal Network), Normal completion of simulation on server: Local Machine. (06:31:23 PM  Jul 08, 2026)
[info] Project:temp_train_TSV_150_1783506599_44152, Design:TSV (Terminal Network), Touchstone export: Writing to "C:/ffzhzh/LocalFiles/Ansys_Project_Files/temp_train_TSV_150_1783506599_44152_SNP/temp_train_TSV_150_1783506599_44152.s2p" (06:31:25 PM  Jul 08, 2026)
Stopping Batch Run: 6:31:31 PM  Jul 08, 2026
Jul 08, 2026)
[info] Project:temp_train_TSV_151_1783506604_31944, Design:TSV (Terminal Network), Normal completion of simulation on s[info] Project:temp_train_TSV_152_1783506642_55944, Design:TSV (Terminal Network), An interpolating frequency sweep with 1000 points has been started using HFSS - Solving Distributed. (06:32:00 PM  Jul 08, 2026)
[info] Project:temp_train_TSV_152_1783506642_55944, Design:TSV (Terminal Network), Interpolating frequency sweep complete. Converged. (06:32:00 PM  Jul 08, 2026)
[info] Project:temp_train_TSV_152_1783506642_55944, Design:TSV (Terminal Network), Normal completion of simulation on se[info] Project:temp_train_TSV_153_1783506658_41296, Design:TSV (Terminal Network), An interpolating frequency sweep with 1000 points has been started using HFSS - Solving Distributed. (06:32:14 PM  Jul 08, 2026)
[info] Project:temp_train_TSV_153_1783506658_41296, Design:TSV (Terminal Network), Interpolating frequency sweep complete. Converged. (06:32:14 PM  Jul 08, 2026)
[info] Project:temp_train_TSV_153_1783506658_41296, Design:TSV (Terminal Network), Normal completion of simulation on se[info] Project:temp_train_TSV_154_1783506674_9504, Design:TSV (Terminal Network), An interpolating frequency sweep with 1000 points has been started using HFSS - Solving Distributed. (06:32:23 PM  Jul 08, 2026)
[info] Project:temp_train_TSV_154_1783506674_9504, Design:TSV (Terminal Network), Interpolating frequency sweep complete. Converged. (06:32:23 PM  Jul 08, 2026)
[info] Project:temp_train_TSV_154_1783506674_9504, Design:TSV (Terminal Network), Normal completion of simulation on serv[info] Project:temp_train_TSV_155_1783506685_31944, Design:TSV (Terminal Network), An interpolating frequency sweep with 1000 points has been started using HFSS - Solving Distributed. (06:32:38 PM  Jul 08, 2026)
[info] Project:temp_train_TSV_155_1783506685_31944, Design:TSV (Terminal Network), Interpolating frequency sweep complete. Converged. (06:32:38 PM  Jul 08, 2026)
[info] Project:temp_train_TSV_155_1783506685_31944, Design:TSV (Terminal Network), Normal completion of simulation on s[info] Project:temp_train_TSV_156_1783506694_44152, Design:TSV (Terminal Network), An interpolating frequency sweep with 1000 points has been started using HFSS - Solving Distributed. (06:32:49 PM  Jul 08, 2026)
[info] Project:temp_train_TSV_156_1783506694_44152, Design:TSV (Terminal Network), Interpolating frequency sweep complete. Converged. (06:32:49 PM  Jul 08, 2026)
[info] Project:temp_train_TSV_156_1783506694_44152, Design:TSV (Terminal Network), Normal completion of simulation on s[info] Project:temp_train_TSV_157_1783506733_55944, Design:TSV (Terminal Network), An interpolating frequency sweep with 1000 points has been started using HFSS - Solving Distributed. (06:33:29 PM  Jul 08, 2026)
[info] Project:temp_train_TSV_157_1783506733_55944, Design:TSV (Terminal Network), Interpolating frequency sweep complete. Converged. (06:33:29 PM  Jul 08, 2026)
[info] Project:temp_train_TSV_157_1783506733_55944, Design:TSV (Terminal Network), Normal completion of simulation on s[info] Project:temp_train_TSV_158_1783506740_41296,[info] Project:temp_train_TSV_157_1783506733_55944, Design:TSV (Terminal Network), Touchstone export: Writing to "C:/ffzhzh/LocalFiles/Ansys_Project_Files/temp_train_TSV_157_1783506733_55944_SNP/temp_train_TSV_157_1783506733_55944.s2p" (06:33:30 PM  Jul 08, 2026)
Stopping Batch Run: 6:33:41 PM  Jul 08, 2026
ul 08, 2026)
[info] Project:temp_train_TSV_158_1783506740_41296, Design:TSV (Terminal Network), Normal completion of simulation on s[info] Project:temp_train_TSV_159_1783506759_9504, Design:TSV (Terminal Network), An interpolating frequency sweep with 1000 points has been started using HFSS - Solving Distributed. (06:33:59 PM  Jul 08, 2026)
[info] Project:temp_train_TSV_159_1783506759_9504, Design:TSV (Terminal Network), Interpolating frequency sweep complete. Converged. (06:33:59 PM  Jul 08, 2026)
[info] Project:temp_train_TSV_159_1783506759_9504, Design:TSV (Terminal Network), Normal completion of simulation on serv[info] Project:temp_train_TSV_160_1783506763_31944, Design:TSV (Terminal Network), An interpolating frequency sweep with 1000 points has been started using HFSS - Solving Distributed. (06:34:00 PM  Jul 08, 2026)
[info] Project:temp_train_TSV_160_1783506763_31944, Design:TSV (Terminal Network), Interpolating Stopping Batch Run: 6:34:11 PM  Jul 08, 2026
 PM  Jul 08, 2026)
[info] Project:temp_train_TSV_160_1783506763_31944, Design:TSV (Terminal Network), Normal completion of simulation on s[info] Project:temp_train_TSV_161_1783506783_44152, Design:TSV (Terminal Network), An interpolating frequency sweep with 1000 points has been started using HFSS - Solving Distributed. (06:34:12 PM  Jul 08, 2026)
[info] Project:temp_train_TSV_161_1783506783_44152, Design:TSV (Terminal Network), Interpolating frequency sweep complete. Converged. (06:34:12 PM  Jul 08, 2026)
[info] Project:temp_train_TSV_161_1783506783_44152, Design:TSV (Terminal Network), Normal completion of simulation on s[info] Project:temp_train_TSV_162_1783506824_41296, Design:TSV (Terminal Network), An interpolating frequency sweep with 1000 points has been started using HFSS - Solving Distributed. (06:34:46 PM  Jul 08, 2026)
[info][info] Project:temp_train_TSV_163_1783506824_55944, Design:TSV (Terminal Network), An interpolating frequency sweep with 1000 points has been started using HFSS - Solving Distributed. (06:34:46 PM  Jul 08, 2026)
[info] Project:temp_train_TSV_163_1783506824_55944, Design:TSV (Terminal Network), Interpolating frequency sweep c[info] Project:temp_train_TSV_162_1783506824_41296, Design:TSV (Terminal Network), Touchstone export: Writing to "C:/ffzhzh/LocalFiles/Ansys_Project_Files/temp_train_TS[info] Project:temp_train_TSV_164_1783506846_31944, Design:TSV (Terminal Network), An interpolating frequency sweep with 1000 points has been started using HFSS - Solving Distributed. (06:35:21 PM  Jul 08, 2026)
[info] Project:temp_train_TSV_164_1783506846_31944, Design:TSV (Terminal Network), Interpolating frequency sweep complete. Converged. (06:35:21 PM  Jul 08, 2026)
[info] Project:temp_train_TSV_164_1783506846_31944, Design:TSV (Terminal Network), Normal completion of simulation on s[info] Project:temp_train_TSV_165_1783506853_9504, Design:TSV (Terminal Network), An interpolating frequency sweep with 1000 points has been started using HFSS - Solving Distributed. (06:35:26 PM  Jul 08, 2026)
[info] Project:temp_train_TSV_165_1783506853_9504, Design:TSV (Terminal Network), Interpolating frequency sweep complete. Converged. (06:35:26 PM  Jul 08, 2026)
[info] Project:temp_train_TSV_165_1783506853_9504, Design:TSV (Terminal Network), Normal completion of simulation on serv[info] Project:temp_train_TSV_166_1783506864_44152, Design:TSV (Terminal Network), An interpolating frequency sweep with 1000 points has been started using HFSS - Solving Distributed. (06:35:33 PM  Jul 08, 2026)
[info] Project:temp_train_TSV_166_1783506864_44152, Design:TSV (Terminal Network), Interpolating frequency sweep complete. Converged. (06:35:33 PM  Jul 08, 2026)
[info] Project:temp_train_TSV_166_1783506864_44152, Design:TSV (Terminal Network), Normal completion of simulation on se[info] Project:temp_train_TSV_167_1783506893_55944, Design:TSV (Terminal Network), An interpolating frequency sweep with 1000 points has been started using HFSS - Solving Distributed. (06:36:08 PM  Jul 08, 2026)
[info] Project:temp_train_TSV_167_1783506893_55944, Design:TSV (Terminal Network), Interpolating frequency sweep complete. Converged. (06:36:08 PM  Jul 08, 2026)
[info] Project:temp_train_TSV_167_1783506893_55944, Design:TSV (Terminal Network), Normal completion of simulation on se[info] Project:temp_train_TSV_168_1783506899_41296, Design:TSV (Terminal Network), An interpolating frequency sweep with 1000 points has been started using HFSS - Solving Distributed. (06:36:11 PM  Jul 08, 2026)
[info] Project:temp_train_TSV_168_1783506899_41296, Design:TSV (Terminal Network), Interpolating frequency sweep complete. Converged. (06:36:11 PM  Jul 08, 2026)
[info] Project:temp_train_TSV_168_1783506899_41296, Design:TSV (Terminal Network), Normal completion of simulation on se[info] Project:temp_train_TSV_169_1783506927_31944, Design:TSV (Terminal Network), An interpolating frequency sweep with 1000 points has been started using HFSS - Solving Distributed. (06:36:44 PM  Jul 08, 2026)
[info] Project:temp_train_TSV_169_1783506927_31944, Design:TSV (Terminal Network), Interpolating frequency sweep complete. Converged. (06:36:44 PM  Jul 08, 2026)
[info] Project:temp_train_TSV_169_1783506927_31944, Design:TSV (Terminal Network), Normal completion of simulation on se[info] Project:temp_train_TSV_170_1783506931_9504,[info] Project:temp_train_TSV_169_1783506927_31944, Design:TSV (Terminal Network), Touchstone export: Writing to "C:/ffzhzh/LocalFiles/Ansys_Project_Files/temp_train_TSV_169_1783506927_31944_SNP/temp_train_TSV_169_1783506927_31944.s2p" (06:36:46 PM  Jul 08, 2026)
Stopping Batch Run: 6:36:56 PM  Jul 08, 2026
l 08, 2026)
[info] Project:temp_train_TSV_170_1783506931_9504, Design:TSV (Terminal Network), Normal completion of simulation on serve[info] Project:temp_train_TSV_171_1783506939_44152, Design:TSV (Terminal Network), An interpolating frequency sweep with 1000 points has been started using HFSS - Solving Distributed. (06:36:51 PM  Jul 08, 2026)
[info] Project:temp_train_TSV_171_1783506939_44152, Design:TSV (Terminal Network), Interpolating frequency sweep complete. Converged. (06:36:51 PM  Jul 08, 2026)
[info] Project:temp_train_TSV_171_1783506939_44152, Design:TSV (Terminal Network), Normal completion of simulation on s[info] Project:temp_train_TSV_172_1783506974_55944, Design:TSV (Terminal Network), An interpolating frequency sweep with 1000 points has been started using HFSS - Solving Distributed. (06:37:25 PM  Jul 08, 2026)
[info] Project:temp_train_TSV_172_1783506974_55944, Design:TSV (Terminal Network), Interpolating frequency sweep complete. Converged. (06:37:25 PM  Jul 08, 2026)
[info] Project:temp_train_TSV_172_1783506974_55944, Design:TSV (Terminal Network), Normal completion of simulation on s[info] Project:temp_train_TSV_173_1783506983_41296, Design:TSV (Terminal Network), An interpolating frequency sweep with 1000 points has been started using HFSS - Solving Distributed. (06:37:29 PM  Jul 08, 2026)
[info] Project:temp_train_TSV_173_1783506983_41296, Design:TSV (Terminal Network), Interpolating frequeStopping Batch Run: 6:37:36 PM  Jul 08, 2026
ul 08, 2026)
[info] Project:temp_train_TSV_173_1783506983_41296, Design:TSV (Terminal Network), Normal completion of simulation on s[info] Project:temp_train_TSV_174_1783507010_9504, Design:TSV (Terminal Network), An interpolating frequency sweep with 1000 points has been started using HFSS - Solving Distributed. (06:38:05 PM  Jul 08, 2026)
[info] Project:temp_train_TSV_174_1783507010_9504, Design:TSV (Terminal Network), Interpolating frequency sweep complete. Converged. (06:38:05 PM  Jul 08, 2026)
[info] Project:temp_train_TSV_174_1783507010_9504, Design:TSV (Terminal Network), Normal completion of simulation on serv[info] Project:temp_train_TSV_175_1783507019_31944, Design:TSV (Terminal Network), An interpolating frequency sweep with 1000 points has been started using HFSS - Solving Distributed. (06:38:17 PM  Jul 08, 2026)
[info] Project:temp_train_TSV_175_1783507019_31944, Design:TSV (Terminal Network), Interpolating frequency sweep complete. Converged. (06:38:17 PM  Jul 08, 2026)
[info] Project:temp_train_TSV_175_1783507019_31944, Design:TSV (Terminal Network), Normal completion of simulation on s[info] Project:temp_train_TSV_176_1783507024_44152,[info] Project:temp_train_TSV_175_1783507019_31944, Design:TSV (Terminal Network), Touchstone export: Writing to "C:/ffzhzh/LocalFiles/Ansys_Project_Files/temp_train_TSV_175_1783507019_31944_SNP/temp_train_TSV_175_1783507019_31944.s2p" (06:38:18 PM  Jul 08, 2026)
Stopping Batch Run: 6:38:26 PM  Jul 08, 2026
ul 08, 2026)
[info] Project:temp_train_TSV_176_1783507024_44152, Design:TSV (Terminal Network), Normal completion of simulation on s[info] Project:temp_train_TSV_177_1783507054_41296, Design:TSV (Terminal Network), An interpolating frequency sweep with 1000 points has been started using HFSS - Solving Distributed. (06:38:49 PM  Jul 08, 2026)
[info] Project:temp_train_TSV_177_1783507054_41296, Design:TSV (Terminal Network), Interpolating frequency sweep complete. Converged. (06:38:49 PM  Jul 08, 2026)
[info] Project:temp_train_TSV_177_1783507054_41296, Design:TSV (Terminal Network), Normal completion of simulation on s[info] Project:temp_train_TSV_178_1783507059_55944, Design:TSV (Terminal Network), An interpolating frequency sweep with 1000 points has been started using HFSS - Solving Distributed. (06:39:07 PM  Jul 08, 2026)
[info] Project:temp_train_TSV_178_1783507059_55944, Design:TSV (Terminal Network), Interpolating frequency sweep complete. Converged. (06:39:07 PM  Jul 08, 2026)
[info] Project:temp_train_TSV_178_1783507059_55944, Design:TSV (Terminal Network), Normal completion of simulation on s[info] Project:temp_train_TSV_179_1783507100_9504, Design:TSV (Terminal Network), An interpolating frequency sweep with 1000 points has been started using HFSS - Solving Distributed. (06:39:41 PM  Jul 08, 2026)
[info] Project:temp_train_TSV_179_1783507100_9504, Design:TSV (Terminal Network), Interpolating frequency sweep complete. Converged. (06:39:41 PM  Jul 08, 2026)
[info] Project:temp_train_TSV_179_1783507100_9504, Design:TSV (Terminal Network), Normal completion of simulation on serv[info] Project:temp_train_TSV_180_1783507108_44152, Design:TSV (Terminal Network), An interpolating frequency sweep with 1000 points has been started using HFSS - Solving Distributed. (06:39:44 PM  Jul 08, 2026)
[info][info] Project:temp_train_TSV_181_1783507109_31944, Design:TSV (Terminal Network), An interpolating frequency sweep with 1000 points has been started using HFSS - Solving Distributed. (06:39:53 PM  Jul 08, 2026)
[info] Project:temp_train_TSV_181_1783507109_31944, Design:TSV (Terminal Network), Interpolating frequency sweep complete. Converged. (06:39:53 PM  Jul 08, 2026)
[info] Project:temp_train_TSV_181_1783507109_31944, Design:TSV (Terminal Network), Normal completion of simulation on se[info] Project:temp_train_TSV_182_1783507134_41296, Design:TSV (Terminal Network), An interpolating frequency sweep with 1000 points has been started using HFSS - Solving Distributed. (06:40:02 PM  Jul 08, 2026)
[info] Project:temp_train_TSV_182_1783507134_41296, Design:TSV (Terminal Network), Interpolating frequency sweep complete. Converged. (06:40:02 PM  Jul 08, 2026)
[info] Project:temp_train_TSV_182_1783507134_41296, Design:TSV (Terminal Network), Normal completion of simulation on se[info] Project:temp_train_TSV_183_1783507158_55944, Design:TSV (Terminal Network), An interpolating frequency sweep with 1000 points has been started using HFSS - Solving Distributed. (06:40:27 PM  Jul 08, 2026)
[info] Project:temp_train_TSV_183_1783507158_55944, Design:TSV (Terminal Network), Interpolating frequency sweep complete. Converged. (06:40:27 PM  Jul 08, 2026)
[info] Project:temp_train_TSV_183_1783507158_55944, Design:TSV (Terminal Network), Normal completion of simulation on se[info] Project:temp_train_TSV_184_1783507195_9504, Design:TSV (Terminal Network), An interpolating frequency sweep with 1000 points has been started using HFSS - Solving Distributed. (06:41:09 PM  Jul 08, 2026)
[info] Project:temp_train_TSV_184_1783507195_9504, Design:TSV (Terminal Network), Interpolating frequency sweep complete. Converged. (06:41:09 PM  Jul 08, 2026)
[info] Project:temp_train_TSV_184_1783507195_9504, Design:TSV (Terminal Network), Normal completion of simulation on serve[info] Project:temp_train_TSV_185_1783507199_44152, Design:TSV (Terminal Network), An interpolating frequency sweep with 1000 points has been started using HFSS - Solving Distributed. (06:41:12 PM  Jul 08, 2026)
[info] Project:temp_train_TSV_185_1783507199_44152, Design:TSV (Terminal Network), InterpolatingStopping Batch Run: 6:41:22 PM  Jul 08, 2026
2 PM  Jul 08, 2026)
[info] Project:temp_train_TSV_185_1783507199_44152, Design:TSV (Terminal Network), Normal completion of simulation on se[info] Project:temp_train_TSV_186_1783507204_31944, Design:TSV (Terminal Network), An interpolating frequency sweep with 1000 points has been started using HFSS - Solving Distributed. (06:41:29 PM  Jul 08, 2026)
[info] Project:temp_train_TSV_186_1783507204_31944, Design:TSV (Terminal Network), Interpolating frequency sweep complete. Converged. (06:41:29 PM  Jul 08, 2026)
[info] Project:temp_train_TSV_186_1783507204_31944, Design:TSV (Terminal Network), Normal completion of simulation on se[info] Project:temp_train_TSV_187_1783507214_41296[info] Project:temp_train_TSV_186_1783507204_31944, Design:TSV (Terminal Network), Touchstone export: Writing to "C:/ffzhzh/LocalFiles/Ansys_Project_Files/temp_train_TSV_186_1783507204_31944_SNP/temp_train_TSV_186_1783507204_31944.s2p" (06:41:30 PM  Jul 08, 2026)
Stopping Batch Run: 6:41:37 PM  Jul 08, 2026
Jul 08, 2026)
[info] Project:temp_train_TSV_187_1783507214_41296, Design:TSV (Terminal Network), Normal completion of simulation on se[info] Project:temp_train_TSV_188_1783507233_55944, Design:TSV (Terminal Network), An interpolating frequency sweep with 1000 points has been started using HFSS - Solving Distributed. (06:41:43 PM  Jul 08, 2026)
[info] Project:temp_train_TSV_188_1783507233_55944, Design:TSV (Terminal Network), Interpolating frequency sweep complete. Converged. (06:41:43 PM  Jul 08, 2026)
[info] Project:temp_train_TSV_188_1783507233_55944, Design:TSV (Terminal Network), Normal completion of simulation on se[info] Project:temp_train_TSV_189_1783507284_44152, Design:TSV (Terminal Network), An interpolating frequency sweep with 1000 points has been started using HFSS - Solving Distributed. (06:42:44 PM  Jul 08, 2026)
[info] Project:temp_train_TSV_189_1783507284_44152, Design:TSV (Terminal Network), Interpolating frequency sweep complete. Converged. (06:42:44 PM  Jul 08, 2026)
[info] Project:temp_train_TSV_189_1783507284_44152, Design:TSV (Terminal Network), Normal completion of simulation on server: Local Machine. (06:42:44 PM  Jul 08, 2026)
[info] Project:temp_train_TSV_189_1783507284_44152, Design:TSV (Terminal Network), Touchstone export: Writing to "C:/ffzhzh/LocalFiles/Ansys_Project_Files/temp_train_TS[info] Project:temp_train_TSV_191_1783507300_41296, Design:TSV (Terminal Network), An interpolating frequency sweep with 1000 points has been started using HFSS - Solving Distributed. (06:42:56 PM  Jul 08, 2026)
[info][info] Project:temp_train_TSV_192_1783507300_31944, Design:TSV (Terminal Network), An interpolating frequency sweep with 1000 points has been started using HFSS - Solving Distributed. (06:43:03 PM  Jul 08, 2026)
[info] Project:temp_train_TSV_192_1783507300_31944, Design:TSV (Terminal Network), Interpolating frequency sweep complete. Converged. (06:43:03 PM  Jul 08, 2026)
[info] Project:temp_train_TSV_192_1783507300_31944, Design:TSV (Terminal Network), Normal completion of simulation on s[info] Project:temp_train_TSV_193_1783507314_55944, Design:TSV (Terminal Network), An interpolating frequency sweep with 1000 points has been started using HFSS - Solving Distributed. (06:43:16 PM  Jul 08, 2026)
[info] Project:temp_train_TSV_193_1783507314_55944, Design:TSV (Terminal Network), Interpolating frequency sweep complete. Converged. (06:43:16 PM  Jul 08, 2026)
[info] Project:temp_train_TSV_193_1783507314_55944, Design:TSV (Terminal Network), Normal completion of simulation on s[info] Project:temp_train_TSV_194_1783507369_44152, Design:TSV (Terminal Network), An interpolating frequency sweep with 1000 points has been started using HFSS - Solving Distributed. (06:43:57 PM  Jul 08, 2026)
[info] Project:temp_train_TSV_194_1783507369_44152, Design:TSV (Terminal Network), Interpolating frequency sweep complete. Converged. (06:43:57 PM  Jul 08, 2026)
[info] Project:temp_train_TSV_194_1783507369_44152, Design:TSV (Terminal Network), Normal completion of simulation on s[info] Project:temp_train_TSV_195_1783507375_9504, Design:TSV (Terminal Network), An interpolating frequency sweep with 1000 points has been started using HFSS - Solving Distributed. (06:44:19 PM  Jul 08, 2026)
[info] Project:temp_train_TSV_195_1783507375_9504, Design:TSV (Terminal Network), Interpolating frequency sweep complete. Converged. (06:44:19 PM  Jul 08, 2026)
[info] Project:temp_train_TSV_195_1783507375_9504, Design:TSV (Terminal Network), Normal completion of simulation on serv[info] Project:temp_train_TSV_196_1783507390_41296, Design:TSV (Terminal Network), An interpolating frequency sweep with 1000 points has been started using HFSS - Solving Distributed. (06:44:23 PM  Jul 08, 2026)
[info] Project:temp_train_TSV_196_1783507390_41296, Design:TSV (Terminal Network), Interpolating Stopping Batch Run: 6:44:27 PM  Jul 08, 2026
 PM  Jul 08, 2026)
[info] Project:temp_train_TSV_196_1783507390_41296, Design:TSV (Terminal Network), Normal completion of simulation on s[info] Project:temp_train_TSV_197_1783507394_31944, Design:TSV (Terminal Network), An interpolating frequency sweep with 1000 points has been started using HFSS - Solving Distributed. (06:44:25 PM  Jul 08, 2026)
[info] Project:temp_train_TSV_197_1783507394_31944, Design:TSV (Terminal Network), Interpolating frequeStopping Batch Run: 6:44:32 PM  Jul 08, 2026
ul 08, 2026)
[info] Project:temp_train_TSV_197_1783507394_31944, Design:TSV (Terminal Network), Normal completion of simulation on s[info] Project:temp_train_TSV_198_1783507410_55944, Design:TSV (Terminal Network), An interpolating frequency sweep with 1000 points has been started using HFSS - Solving Distributed. (06:44:49 PM  Jul 08, 2026)
[info] Project:temp_train_TSV_198_1783507410_55944, Design:TSV (Terminal Network), Interpolating frequency sweep complete. Converged. (06:44:49 PM  Jul 08, 2026)
[info] Project:temp_train_TSV_198_1783507410_55944, Design:TSV (Terminal Network), Normal completion of simulation on s[info] Project:temp_train_TSV_199_1783507441_44152, Design:TSV (Terminal Network), An interpolating frequency sweep with 1000 points has been started using HFSS - Solving Distributed. (06:45:20 PM  Jul 08, 2026)
[info] Project:temp_train_TSV_199_1783507441_44152, Design:TSV (Terminal Network), Interpolating frequency sweep complete. Converged. (06:45:20 PM  Jul 08, 2026)
[info] Project:temp_train_TSV_199_1783507441_44152, Design:TSV (Terminal Network), Normal completion of simulation on se[info] Project:temp_train_TSV_200_1783507470_9504, Design:TSV (Terminal Network), An interpolating frequency sweep with 1000 points has been started using HFSS - Solving Distributed. (06:45:47 PM  Jul 08, 2026)
[info] Project:temp_train_TSV_200_1783507470_9504, Design:TSV (Terminal Network), Interpolating frequency sweep complete. Converged. (06:45:47 PM  Jul 08, 2026)
[info] Project:temp_train_TSV_200_1783507470_9504, Design:TSV (Terminal Network), Normal completion of simulation on serve[info] Project:temp_train_TSV_201_1783507474_41[info] Project:temp_train_TSV_200_1783507470_9504, Design:TSV (Terminal Network), Touchstone export: Writing to "C:/ffzhzh/LocalFiles/Ansys_Project_Files/temp_train_TSV_200_1783507470_9504_SNP/temp_train_TSV_200_1783507470_9504.s2p" (06:45:49 PM  Jul 08, 2026)
Stopping Batch Run: 6:45:57 PM  Jul 08, 2026
9 PM  Jul 08, 2026)
[info] Project:temp_train_TSV_201_1783507474_41296, Design:TSV (Terminal Network), Normal completion of simulation on se[info] Project:temp_train_TSV_202_1783507480_31944, Design:TSV (Terminal Network), An interpolating frequency sweep with 1000 points has been started using HFSS - Solving Distributed. (06:46:04 PM  Jul 08, 2026)
[info] Project:temp_train_TSV_202_1783507480_31944, Design:TSV (Terminal Network), Interpolating frequency sweep complete. Converged. (06:46:04 PM  Jul 08, 2026)
[info] Project:temp_train_TSV_202_1783507480_31944, Design:TSV (Terminal Network), Normal completion of simulation on se[info] Project:temp_train_TSV_203_1783507495_55944[info] Project:temp_train_TSV_202_1783507480_31944, Design:TSV (Terminal Network), Touchstone export: Writing to "C:/ffzhzh/LocalFiles/Ansys_Project_Files/temp_train_TSV_202_1783507480_31944_SNP/temp_train_TSV_202_1783507480_31944.s2p" (06:46:05 PM  Jul 08, 2026)
Stopping Batch Run: 6:46:12 PM  Jul 08, 2026
Jul 08, 2026)
[info] Project:temp_train_TSV_203_1783507495_55944, Design:TSV (Terminal Network), Normal completion of simulation on se[info] Project:temp_train_TSV_204_1783507524_44152, Design:TSV (Terminal Network), An interpolating frequency sweep with 1000 points has been started using HFSS - Solving Distributed. (06:46:38 PM  Jul 08, 2026)
[info] Project:temp_train_TSV_204_1783507524_44152, Design:TSV (Terminal Network), Interpolating frequency sweep complete. Converged. (06:46:38 PM  Jul 08, 2026)
[info] Project:temp_train_TSV_204_1783507524_44152, Design:TSV (Terminal Network), Normal completion of simulation on s[info] Project:temp_train_TSV_205_1783507553_41296, Design:TSV (Terminal Network), An interpolating frequency sweep with 1000 points has been started using HFSS - Solving Distributed. (06:47:05 PM  Jul 08, 2026)
[info] Project:temp_train_TSV_205_1783507553_41296, Design:TSV (Terminal Network), Interpolating frequency sweep complete. Converged. (06:47:05 PM  Jul 08, 2026)
[info] Project:temp_train_TSV_205_1783507553_41296, Design:TSV (Terminal Network), Normal completion of simulation on s[info] Project:temp_train_TSV_206_1783507560_9504, Design:TSV (Terminal Network), An interpolating frequency sweep with 1000 points has been started using HFSS - Solving Distributed. (06:47:27 PM  Jul 08, 2026)
[info] Project:temp_train_TSV_206_1783507560_9504, Design:TSV (Terminal Network), Interpolating frequency sweep complete. Converged. (06:47:27 PM  Jul 08, 2026)
[info] Project:temp_train_TSV_206_1783507560_9504, Design:TSV (Terminal Network), Normal completion of simulation on serv[info] Project:temp_train_TSV_207_1783507574_31944, Design:TSV (Terminal Network), An interpolating frequency sweep with 1000 points has been started using HFSS - Solving Distributed. (06:47:32 PM  Jul 08, 2026)
[info] Project:temp_train_TSV_207_1783507574_31944, Design:TSV (Terminal Network), Interpolating Stopping Batch Run: 6:47:37 PM  Jul 08, 2026
 PM  Jul 08, 2026)
[info] Project:temp_train_TSV_207_1783507574_31944, Design:TSV (Terminal Network), Normal completion of simulation on s[info] Project:temp_train_TSV_208_1783507580_55944, Design:TSV (Terminal Network), An interpolating frequency sweep with 1000 points has been started using HFSS - Solving Distributed. (06:47:46 PM  Jul 08, 2026)
[info] Project:temp_train_TSV_208_1783507580_55944, Design:TSV (Terminal Network), Interpolating frequency sweep complete. Converged. (06:47:46 PM  Jul 08, 2026)
[info] Project:temp_train_TSV_208_1783507580_55944, Design:TSV (Terminal Network), Normal completion of simulation on se[info] Project:temp_train_TSV_209_1783507605_44152, Design:TSV (Terminal Network), An interpolating frequency sweep with 1000 points has been started using HFSS - Solving Distributed. (06:48:15 PM  Jul 08, 2026)
[info] Project:temp_train_TSV_209_1783507605_44152, Design:TSV (Terminal Network), Interpolating frequency sweep complete. Converged. (06:48:15 PM  Jul 08, 2026)
[info] Project:temp_train_TSV_209_1783507605_44152, Design:TSV (Terminal Network), Normal completion of simulation on s[info] Project:temp_train_TSV_210_1783507636_41296, Design:TSV (Terminal Network), An interpolating frequency sweep with 1000 points has been started using HFSS - Solving Distributed. (06:48:30 PM  Jul 08, 2026)
[info] Project:temp_train_TSV_210_1783507636_41296, Design:TSV (Terminal Network), Interpolating frequency sweep complete. Converged. (06:48:30 PM  Jul 08, 2026)
[info] Project:temp_train_TSV_210_1783507636_41296, Design:TSV (Terminal Network), Normal completion of simulation on s[info] Project:temp_train_TSV_211_1783507660_9504, Design:TSV (Terminal Network), An interpolating frequency sweep with 1000 points has been started using HFSS - Solving Distributed. (06:49:06 PM  Jul 08, 2026)
[info] Project:temp_train_TSV_211_1783507660_9504, Design:TSV (Terminal Network), Interpolating frequency sweep complete. Converged. (06:49:06 PM  Jul 08, 2026)
[info] Project:temp_train_TSV_211_1783507660_9504, Design:TSV (Terminal Network), Normal completion of simulation on server: Local Machine. (06:49:06 PM  Jul 08, 2026)
[info] Project:temp_train_TSV_211_1783507660_9504, Design:TSV (Terminal Network), Touchstone export: Writing to "C:/ffzhzh/LocalFiles/Ansys_Project_Files/temp_train_TSV_211_1783507660_9504_SNP/temp_train_TSV_211_1783507660_9504.s2p" (06:49:08 PM  Jul 08, 2026)
Stopping Batch Run: 6:49:12 PM  Jul 08, 2026
 PM  Jul 08, 2026)
[info] Project:temp_train_TSV_212_1783507665_31944, Design:TSV (Terminal Network), Normal completion of simulation on s[info] Project:temp_train_TSV_213_1783507674_55944, Design:TSV (Terminal Network), An interpolating frequency sweep with 1000 points has been started using HFSS - Solving Distributed. (06:49:08 PM  Jul 08, 2026)
[info] Project:temp_train_TSV_213_1783507674_55944, Design:TSV (Terminal Network), Interpolating frequency sweep complete. Converged. (06:49:08 PM  Jul 08, 2026)
[info] Project:temp_train_TSV_213_1783507674_55944, Design:TSV (Terminal Network), Normal completion of simulation on s[info] Project:temp_train_TSV_214_1783507701_44152, Design:TSV (Terminal Network), An interpolating frequency sweep with 1000 points has been started using HFSS - Solving Distributed. (06:49:32 PM  Jul 08, 2026)
[info] Project:temp_train_TSV_214_1783507701_44152, Design:TSV (Terminal Network), Interpolating frequency sweep complete. Converged. (06:49:32 PM  Jul 08, 2026)
[info] Project:temp_train_TSV_214_1783507701_44152, Design:TSV (Terminal Network), Normal completion of simulation on s[info] Project:temp_train_TSV_215_1783507715_41296, Design:TSV (Terminal Network), An interpolating frequency sweep with 1000 points has been started using HFSS - Solving Distributed. (06:49:51 PM  Jul 08, 2026)
[info] Project:temp_train_TSV_215_1783507715_41296, Design:TSV (Terminal Network), Interpolating frequency sweep complete. Converged. (06:49:51 PM  Jul 08, 2026)
[info] Project:temp_train_TSV_215_1783507715_41296, Design:TSV (Terminal Network), Normal completion of simulation on s[info] Project:temp_train_TSV_216_1783507742_31944, Design:TSV (Terminal Network), An interpolating frequency sweep with 1000 points has been started using HFSS - Solving Distributed. (06:50:20 PM  Jul 08, 2026)
[info] Project:temp_train_TSV_216_1783507742_31944, Design:TSV (Terminal Network), Interpolating frequency sweep complete. Converged. (06:50:20 PM  Jul 08, 2026)
[info] Project:temp_train_TSV_216_1783507742_31944, Design:TSV (Terminal Network), Normal completion of simulation on s[info] Project:temp_train_TSV_217_1783507755_9504, Design:TSV (Terminal Network), An interpolating frequency sweep with 1000 points has been started using HFSS - Solving Distributed. (06:50:35 PM  Jul 08, 2026)
[info] Project:temp_train_TSV_217_1783507755_9504, Design:TSV (Terminal Network), Interpolating frequency sweep complete. Converged. (06:50:35 PM  Jul 08, 2026)
[info] Project:temp_train_TSV_217_1783507755_9504, Design:TSV (Terminal Network), Normal completion of simulation on server: Local Machine. (06:50:35 PM  Jul 08, 2026)
[info] Project:temp_train_TSV_217_1783507755_9504, Design:TSV (Terminal Network), Touchstone export: Writing to "C:/ffzhzh/LocalFiles/Ansys_Project_Files/temp_train_TSV_217_1783507755_9504_SNP/temp_train_TSV_217_1783507755_9504.s2p" (06:50:36 PM  Jul 08, 2026)
Stopping Batch Run: 6:50:42 PM  Jul 08, 2026
 PM  Jul 08, 2026)
[info] Project:temp_train_TSV_218_1783507760_55944, Design:TSV (Terminal Network), Normal completion of simulation on s[info] Project:temp_train_TSV_219_1783507785_44152, Design:TSV (Terminal Network), An interpolating frequency sweep with 1000 points has been started using HFSS - Solving Distributed. (06:50:59 PM  Jul 08, 2026)
[info] Project:temp_train_TSV_219_1783507785_44152, Design:TSV (Terminal Network), Interpolating frequency sweep complete. Converged. (06:50:59 PM  Jul 08, 2026)
[info] Project:temp_train_TSV_219_1783507785_44152, Design:TSV (Terminal Network), Normal completion of simulation on s[info] Project:temp_train_TSV_220_1783507805_41296, Design:TSV (Terminal Network), An interpolating frequency sweep with 1000 points has been started using HFSS - Solving Distributed. (06:51:12 PM  Jul 08, 2026)
[info] Project:temp_train_TSV_220_1783507805_41296, Design:TSV (Terminal Network), Interpolating frequency sweep complete. Converged. (06:51:12 PM  Jul 08, 2026)
[info] Project:temp_train_TSV_220_1783507805_41296, Design:TSV (Terminal Network), Normal completion of simulation on s[info] Project:temp_train_TSV_221_1783507835_31944, Design:TSV (Terminal Network), An interpolating frequency sweep with 1000 points has been started using HFSS - Solving Distributed. (06:51:51 PM  Jul 08, 2026)
[info] Project:temp_train_TSV_221_1783507835_31944, Design:TSV (Terminal Network), Interpolating frequency sweep complete. Converged. (06:51:51 PM  Jul 08, 2026)
[info] Project:temp_train_TSV_221_1783507835_31944, Design:TSV (Terminal Network), Normal completion of simulation on s[info] Project:temp_train_TSV_222_1783507846_55944,[info] Project:temp_train_TSV_221_1783507835_31944, Design:TSV (Terminal Network), Touchstone export: Writing to "C:/ffzhzh/LocalFiles/Ansys_Project_Files/temp_train_TS[info] Project:temp_train_TSV_223_1783507846_9504, Design:TSV (Terminal Network), An interpolating frequency sweep with 1000 points has been started using HFSS - Solving Distributed. (06:52:08 PM  Jul 08, 2026)
[info] Project:temp_train_TSV_223_1783507846_9504, Design:TSV (Terminal Network), Interpolating frequency sweep complete. Converged. (06:52:08 PM  Jul 08, 2026)
[info] Project:temp_train_TSV_223_1783507846_9504, Design:TSV (Terminal Network), Normal completion of simulation on serv[info] Project:temp_train_TSV_224_1783507869_44152, Design:TSV (Terminal Network), An interpolating frequency sweep with 1000 points has been started using HFSS - Solving Distributed. (06:52:26 PM  Jul 08, 2026)
[info] Project:temp_train_TSV_224_1783507869_44152, Design:TSV (Terminal Network), Interpolating frequency sweep complete. Converged. (06:52:26 PM  Jul 08, 2026)
[info] Project:temp_train_TSV_224_1783507869_44152, Design:TSV (Terminal Network), Normal completion of simulation on se[info] Project:temp_train_TSV_225_1783507885_41296, Design:TSV (Terminal Network), An interpolating frequency sweep with 1000 points has been started using HFSS - Solving Distributed. (06:52:39 PM  Jul 08, 2026)
[info] Project:temp_train_TSV_225_1783507885_41296, Design:TSV (Terminal Network), Interpolating frequency sweep complete. Converged. (06:52:39 PM  Jul 08, 2026)
[info] Project:temp_train_TSV_225_1783507885_41296, Design:TSV (Terminal Network), Normal completion of simulation on se[info] Project:temp_train_TSV_226_1783507917_55944, Design:TSV (Terminal Network), An interpolating frequency sweep with 1000 points has been started using HFSS - Solving Distributed. (06:53:17 PM  Jul 08, 2026)
[info] Project:temp_train_TSV_226_1783507917_55944, Design:TSV (Terminal Network), Interpolating frequency sweep complete. Converged. (06:53:17 PM  Jul 08, 2026)
[info] Project:temp_train_TSV_226_1783507917_55944, Design:TSV (Terminal Network), Normal completion of simulation on se[info] Project:temp_train_TSV_227_1783507926_31944, Design:TSV (Terminal Network), An interpolating frequency sweep with 1000 points has been started using HFSS - Solving Distributed. (06:53:22 PM  Jul 08, 2026)
[info] Project:temp_train_TSV_227_1783507926_31944, Design:TSV (Terminal Network), Interpolating frequency sweep complete. Converged. (06:53:22 PM  Jul 08, 2026)
[info] Project:temp_train_TSV_227_1783507926_31944, Design:TSV (Terminal Network), Normal completion of simulation on se[info] Project:temp_train_TSV_228_1783507940_9504, Design:TSV (Terminal Network), An interpolating frequency sweep with 1000 points has been started using HFSS - Solving Distributed. (06:53:34 PM  Jul 08, 2026)
[info] Project:temp_train_TSV_228_1783507940_9504, Design:TSV (Terminal Network), Interpolating frequency sweep complete. Converged. (06:53:34 PM  Jul 08, 2026)
[info] Project:temp_train_TSV_228_1783507940_9504, Design:TSV (Terminal Network), Normal completion of simulation on serve[info] Project:temp_train_TSV_229_1783507953_44152, Design:TSV (Terminal Network), An interpolating frequency sweep with 1000 points has been started using HFSS - Solving Distributed. (06:53:58 PM  Jul 08, 2026)
[info] Project:temp_train_TSV_229_1783507953_44152, Design:TSV (Terminal Network), Interpolating frequency sweep complete. Converged. (06:53:58 PM  Jul 08, 2026)
[info] Project:temp_train_TSV_229_1783507953_44152, Design:TSV (Terminal Network), Normal completion of simulation on se[info] Project:temp_train_TSV_230_1783507970_41296[info] Project:temp_train_TSV_229_1783507953_44152, Design:TSV (Terminal Network), Touchstone export: Writing to "C:/ffzhzh/LocalFiles/Ansys_Project_Files/temp_train_TSV_229_1783507953_44152_SNP/temp_train_TSV_229_1783507953_44152.s2p" (06:54:01 PM  Jul 08, 2026)
Stopping Batch Run: 6:54:02 PM  Jul 08, 2026
Jul 08, 2026)
[info] Project:temp_train_TSV_230_1783507970_41296, Design:TSV (Terminal Network), Normal completion of simulation on s[info] Project:temp_train_TSV_231_1783508003_55944, Design:TSV (Terminal Network), An interpolating frequency sweep with 1000 points has been started using HFSS - Solving Distributed. (06:54:40 PM  Jul 08, 2026)
[info] Project:temp_train_TSV_231_1783508003_55944, Design:TSV (Terminal Network), Interpolating frequency sweep complete. Converged. (06:54:40 PM  Jul 08, 2026)
[info] Project:temp_train_TSV_231_1783508003_55944, Design:TSV (Terminal Network), Normal completion of simulation on s[info] Project:temp_train_TSV_232_1783508008_31944, Design:TSV (Terminal Network), An interpolating frequency sweep with 1000 points has been started using HFSS - Solving Distributed. (06:54:53 PM  Jul 08, 2026)
[info] Project:temp_train_TSV_232_1783508008_31944, Design:TSV (Terminal Network), Interpolating frequency sweep complete. Converged. (06:54:53 PM  Jul 08, 2026)
[info] Project:temp_train_TSV_232_1783508008_31944, Design:TSV (Terminal Network), Normal completion of simulation on se[info] Project:temp_train_TSV_233_1783508022_9504, Design:TSV (Terminal Network), An interpolating frequency sweep with 1000 points has been started using HFSS - Solving Distributed. (06:55:04 PM  Jul 08, 2026)
[info] Project:temp_train_TSV_233_1783508022_9504, Design:TSV (Terminal Network), Interpolating frequency sweep complete. Converged. (06:55:04 PM  Jul 08, 2026)
[info] Project:temp_train_TSV_233_1783508022_9504, Design:TSV (Terminal Network), Normal completion of simulation on serv[info] Project:temp_train_TSV_234_1783508045_44152, Design:TSV (Terminal Network), An interpolating frequency sweep with 1000 points has been started using HFSS - Solving Distributed. (06:55:34 PM  Jul 08, 2026)
[info] Project:temp_train_TSV_234_1783508045_44152, Design:TSV (Terminal Network), Interpolating frequency sweep complete. Converged. (06:55:34 PM  Jul 08, 2026)
[info] Project:temp_train_TSV_234_1783508045_44152, Design:TSV (Terminal Network), Normal completion of simulation on server: Local Machine. (06:55:34 PM  Jul 08, 2026)
[info] Project:temp_train_TSV_234_1783508045_44152, Design:TSV (Terminal Network), Touchstone export: Writing to "C:/ffzhzh/LocalFiles/Ansys_Project_Files/temp_train_TSV_234_1783508045_44152_SNP/temp_train_TSV_234_1783508045_44152.s2p" (06:55:35 PM  Jul 08, 2026)
Stopping Batch Run: 6:55:43 PM  Jul 08, 2026
ul 08, 2026)
[info] Project:temp_train_TSV_235_1783508049_41296, Design:TSV (Terminal Network), Normal completion of simulation on s[info] Project:temp_train_TSV_236_1783508089_55944, Design:TSV (Terminal Network), An interpolating frequency sweep with 1000 points has been started using HFSS - Solving Distributed. (06:55:58 PM  Jul 08, 2026)
[info] Project:temp_train_TSV_236_1783508089_55944, Design:TSV (Terminal Network), Interpolating frequency sweep complete. Converged. (06:55:58 PM  Jul 08, 2026)
[info] Project:temp_train_TSV_236_1783508089_55944, Design:TSV (Terminal Network), Normal completion of simulation on s[info] Project:temp_train_TSV_237_1783508102_31944, Design:TSV (Terminal Network), An interpolating frequency sweep with 1000 points has been started using HFSS - Solving Distributed. (06:56:17 PM  Jul 08, 2026)
[info] Project:temp_train_TSV_237_1783508102_31944, Design:TSV (Terminal Network), Interpolating frequency sweep complete. Converged. (06:56:17 PM  Jul 08, 2026)
[info] Project:temp_train_TSV_237_1783508102_31944, Design:TSV (Terminal Network), Normal completion of simulation on s[info] Project:temp_train_TSV_238_1783508116_9504, Design:TSV (Terminal Network), An interpolating frequency sweep with 1000 points has been started using HFSS - Solving Distributed. (06:56:43 PM  Jul 08, 2026)
[info] Project:temp_train_TSV_238_1783508116_9504, Design:TSV (Terminal Network), Interpolating frequency sweep complete. Converged. (06:56:43 PM  Jul 08, 2026)
[info] Project:temp_train_TSV_238_1783508116_9504, Design:TSV (Terminal Network), Normal completion of simulation on serv[info] Project:temp_train_TSV_239_1783508135_41296, Design:TSV (Terminal Network), An interpolating frequency sweep with 1000 points has been started using HFSS - Solving Distributed. (06:56:51 PM  Jul 08, 2026)
[info] Project:temp_train_TSV_239_1783508135_41296, Design:TSV (Terminal Network), Interpolating Stopping Batch Run: 6:56:53 PM  Jul 08, 2026
 PM  Jul 08, 2026)
[info] Project:temp_train_TSV_239_1783508135_41296, Design:TSV (Terminal Network), Normal completion of simulation on server: Local Machine. (06:56:51 PM  Jul 08, 2026)
[info] Project:temp_train_TSV_239_1783508135_41296, Design:TSV (Terminal Network), Touchstone export: Writing to "C:/ffzhzh/LocalFiles/Ansys_Project_Files/temp_train_TSV_239_1783508135_41296_SNP/temp_train_TSV_239_1783508135_41296.s2p" (06:56:52 PM  Jul 08, 2026)
Stopping Batch Run: 6:56:58 PM  Jul 08, 2026
ul 08, 2026)
[info] Project:temp_train_TSV_240_1783508145_44152, Design:TSV (Terminal Network), Normal completion of simulation on s[info] Project:temp_train_TSV_241_1783508171_55944, Design:TSV (Terminal Network), An interpolating frequency sweep with 1000 points has been started using HFSS - Solving Distributed. (06:57:18 PM  Jul 08, 2026)
[info] Project:temp_train_TSV_241_1783508171_55944, Design:TSV (Terminal Network), Interpolating frequency sweep complete. Converged. (06:57:18 PM  Jul 08, 2026)
[info] Project:temp_train_TSV_241_1783508171_55944, Design:TSV (Terminal Network), Normal completion of simulation on s[info] Project:temp_train_TSV_242_1783508190_31944, Design:TSV (Terminal Network), An interpolating frequency sweep with 1000 points has been started using HFSS - Solving Distributed. (06:57:43 PM  Jul 08, 2026)
[info] Project:temp_train_TSV_242_1783508190_31944, Design:TSV (Terminal Network), Interpolating frequency sweep complete. Converged. (06:57:43 PM  Jul 08, 2026)
[info] Project:temp_train_TSV_242_1783508190_31944, Design:TSV (Terminal Network), Normal completion of simulation on s[info] Project:temp_train_TSV_243_1783508215_9504, Design:TSV (Terminal Network), An interpolating frequency sweep with 1000 points has been started using HFSS - Solving Distributed. (06:58:13 PM  Jul 08, 2026)
[info] Project:temp_train_TSV_243_1783508215_9504, Design:TSV (Terminal Network), Interpolating frequency sweep complete. Converged. (06:58:13 PM  Jul 08, 2026)
[info] Project:temp_train_TSV_243_1783508215_9504, Design:TSV (Terminal Network), Normal completion of simulation on server: Local Machine. (06:58:13 PM  Jul 08, 2026)
[info] Project:temp_train_TSV_243_1783508215_9504, Design:TSV (Terminal Network), Touchstone export: Writing to "C:/ffzhzh/LocalFiles/Ansys_Project_Files/temp_train_TSV_243_1783508215_9504_SNP/temp_train_TSV_243_1783508215_9504.s2p" (06:58:14 PM  Jul 08, 2026)
Stopping Batch Run: 6:58:23 PM  Jul 08, 2026
been started using HFSS - Solving Distributed. (06:58:11 PM  Jul 08, 2026)
[info] Project:temp_train_TSV_245_1783508220_41296, Design:TSV (Terminal Network), Interpolating frequency sweep complete. Converged. (06:58:11 PM  Jul 08, 2026)
[info] Project:temp_train_TSV_245_1783508220_41296, Design:TSV (Terminal Network), Normal completion of simulation on s[info] Project:temp_train_TSV_246_1783508245_55944, Design:TSV (Terminal Network), An interpolating frequency sweep with 1000 points has been started using HFSS - Solving Distributed. (06:58:38 PM  Jul 08, 2026)
[info] Project:temp_train_TSV_246_1783508245_55944, Design:TSV (Terminal Network), Interpolating frequency sweep complete. Converged. (06:58:38 PM  Jul 08, 2026)
[info] Project:temp_train_TSV_246_1783508245_55944, Design:TSV (Terminal Network), Normal completion of simulation on s[info] Project:temp_train_TSV_247_1783508276_31944, Design:TSV (Terminal Network), An interpolating frequency sweep with 1000 points has been started using HFSS - Solving Distributed. (06:59:06 PM  Jul 08, 2026)
[info] Project:temp_train_TSV_247_1783508276_31944, Design:TSV (Terminal Network), Interpolating frequency sweep complete. Converged. (06:59:06 PM  Jul 08, 2026)
[info] Project:temp_train_TSV_247_1783508276_31944, Design:TSV (Terminal Network), Normal completion of simulation on s[info] Project:temp_train_TSV_248_1783508292_44152, Design:TSV (Terminal Network), An interpolating frequency sweep with 1000 points has been started using HFSS - Solving Distributed. (06:59:28 PM  Jul 08, 2026)
[info] Project:temp_train_TSV_248_1783508292_44152, Design:TSV (Terminal Network), Interpolating frequency sweep complete. Converged. (06:59:28 PM  Jul 08, 2026)
[info] Project:temp_train_TSV_248_1783508292_44152, Design:TSV (Terminal Network), Normal completion of simulation on s[info] Project:temp_train_TSV_249_1783508301_41296, Design:TSV (Terminal Network), An interpolating frequency sweep with 1000 points has been started using HFSS - Solving Distributed. (06:59:34 PM  Jul 08, 2026)
[info] Project:temp_train_TSV_249_1783508301_41296, Design:TSV (Terminal Network), Interpolating frequeStopping Batch Run: 6:59:38 PM  Jul 08, 2026
ul 08, 2026)
[info] Project:temp_train_TSV_249_1783508301_41296, Design:TSV (Terminal Network), Normal completion of simulation on s[info] Project:temp_train_TSV_250_1783508305_9504, Design:TSV (Terminal Network), An interpolating frequency sweep with 1000 points has been started using HFSS - Solving Distributed. (06:59:38 PM  Jul 08, 2026)
[info] Project:temp_train_TSV_250_1783508305_9504, Design:TSV (Terminal Network), Interpolating frequencStopping Batch Run: 6:59:43 PM  Jul 08, 2026
 08, 2026)
[info] Project:temp_train_TSV_250_1783508305_9504, Design:TSV (Terminal Network), Normal completion of simulation on serv[info] Project:temp_train_TSV_251_1783508330_55944, Design:TSV (Terminal Network), An interpolating frequency sweep with 1000 points has been started using HFSS - Solving Distributed. (06:59:59 PM  Jul 08, 2026)
[info] Project:temp_train_TSV_251_1783508330_55944, Design:TSV (Terminal Network), Interpolating frequency sweep complete. Converged. (06:59:59 PM  Jul 08, 2026)
[info] Project:temp_train_TSV_251_1783508330_55944, Design:TSV (Terminal Network), Normal completion of simulation on s[info] Project:temp_train_TSV_252_1783508361_31944, Design:TSV (Terminal Network), An interpolating frequency sweep with 1000 points has been started using HFSS - Solving Distributed. (07:00:48 PM  Jul 08, 2026)
[info] Project:temp_train_TSV_252_1783508361_31944, Design:TSV (Terminal Network), Interpolating frequency sweep complete. Converged. (07:00:48 PM  Jul 08, 2026)
[info] Project:temp_train_TSV_252_1783508361_31944, Design:TSV (Terminal Network), Normal completion of simulation on s[info] Project:temp_train_TSV_253_1783508381_44152, Design:TSV (Terminal Network), An interpolating frequency sweep with 1000 points has been started using HFSS - Solving Distributed. (07:00:55 PM  Jul 08, 2026)
[info] Project:temp_train_TSV_253_1783508381_44152, Design:TSV (Terminal Network), Interpolating frequency sweep complete. Converged. (07:00:55 PM  Jul 08, 2026)
[info] Project:temp_train_TSV_253_1783508381_44152, Design:TSV (Terminal Network), Normal completion of simulation on s[info] Project:temp_train_TSV_254_1783508386_41296,[info] Project:temp_train_TSV_253_1783508381_44152, Design:TSV (Terminal Network), Touchstone export: Writing to "C:/ffzhzh/LocalFiles/Ansys_Project_Files/temp_train_TSV_253_1783508381_44152_SNP/temp_train_TSV_253_1783508381_44152.s2p" (07:00:56 PM  Jul 08, 2026)
Stopping Batch Run: 7:01:03 PM  Jul 08, 2026
ul 08, 2026)
[info] Project:temp_train_TSV_254_1783508386_41296, Design:TSV (Terminal Network), Normal completion of simulation on s[info] Project:temp_train_TSV_255_1783508391_9504, Design:TSV (Terminal Network), An interpolating frequency sweep with 1000 points has been started using HFSS - Solving Distributed. (07:01:14 PM  Jul 08, 2026)
[info] Project:temp_train_TSV_255_1783508391_9504, Design:TSV (Terminal Network), Interpolating frequency sweep complete. Converged. (07:01:14 PM  Jul 08, 2026)
[info] Project:temp_train_TSV_255_1783508391_9504, Design:TSV (Terminal Network), Normal completion of simulation on serv[info] Project:temp_train_TSV_256_1783508406_55944, Design:TSV (Terminal Network), An interpolating frequency sweep with 1000 points has been started using HFSS - Solving Distributed. (07:01:17 PM  Jul 08, 2026)
[info] Project:temp_train_TSV_256_1783508406_55944, Design:TSV (Terminal Network), Interpolating Stopping Batch Run: 7:01:23 PM  Jul 08, 2026
 PM  Jul 08, 2026)
[info] Project:temp_train_TSV_256_1783508406_55944, Design:TSV (Terminal Network), Normal completion of simulation on s[info] Project:temp_train_TSV_257_1783508453_31944, Design:TSV (Terminal Network), An interpolating frequency sweep with 1000 points has been started using HFSS - Solving Distributed. (07:02:18 PM  Jul 08, 2026)
[info] Project:temp_train_TSV_257_1783508453_31944, Design:TSV (Terminal Network), Interpolating frequency sweep complete. Converged. (07:02:18 PM  Jul 08, 2026)
[info] Project:temp_train_TSV_257_1783508453_31944, Design:TSV (Terminal Network), Normal completion of simulation on server: Local Machine. (07:02:19 PM  Jul 08, 2026)
[info] Project:temp_train_TSV_257_1783508453_31944, Design:TSV (Terminal Network), Touchstone export: Writing to "C:/ffzhzh/LocalFiles/Ansys_Project_Files/temp_train_TSV_257_1783508453_31944_SNP/temp_train_TSV_257_1783508453_31944.s2p" (07:02:20 PM  Jul 08, 2026)
Stopping Batch Run: 7:02:28 PM  Jul 08, 2026
fo] Project:temp_train_TSV_259_1783508467_41296, Design:TSV (Terminal Network), An interpolating frequency sweep with 1000 points has been started using HFSS - Solving Distributed. (07:02:19 PM  Jul 08, 2026)
[info] Project:temp_train_TSV_259_1783508467_41296, Design:TSV (Terminal Network), Interpolating frequency sweep complete. Converged. (07:02:19 PM  Jul 08, 2026)
[info] Project:temp_train_TSV_259_1783508467_41296, Design:TSV (Terminal Network), Normal completion of simulation on s[info] Project:temp_train_TSV_260_1783508486_55944, Design:TSV (Terminal Network), An interpolating frequency sweep with 1000 points has been started using HFSS - Solving Distributed. (07:02:35 PM  Jul 08, 2026)
[info][info] Project:temp_train_TSV_261_1783508486_9504, Design:TSV (Terminal Network), An interpolating frequency sweep with 1000 points has been started using HFSS - Solving Distributed. (07:02:37 PM  Jul 08, 2026)
[info] Project:temp_train_TSV_261_1783508486_9504, Design:TSV (Terminal Network), Interpolating frequency sweep complete. Converged. (07:02:37 PM  Jul 08, 2026)
[info] Project:temp_train_TSV_261_1783508486_9504, Design:TSV (Terminal Network), Normal completion of simulation on server: Local Machine. (07:02:37 PM  Jul 08, 2026)
[info] Project:temp_train_TSV_261_1783508486_9504S[info] Project:temp_train_TSV_262_1783508540_44152, Design:TSV (Terminal Network), An interpolating frequency sweep with 1000 points has been started using HFSS - Solving Distributed. (07:03:34 PM  Jul 08, 2026)
[info] Project:temp_train_TSV_262_1783508540_44152, Design:TSV (Terminal Network), Interpolating frequency sweep complete. Converged. (07:03:34 PM  Jul 08, 2026)
[info] Project:temp_train_TSV_262_1783508540_44152, Design:TSV (Terminal Network), Normal completion of simulation on se[info] Project:temp_train_TSV_263_1783508546_41296, Design:TSV (Terminal Network), An interpolating frequency sweep with 1000 points has been started using HFSS - Solving Distributed. (07:03:43 PM  Jul 08, 2026)
[info] Project:temp_train_TSV_263_1783508546_41296, Design:TSV (Terminal Network), Interpolating frequency sweep complete. Converged. (07:03:43 PM  Jul 08, 2026)
[info] Project:temp_train_TSV_263_1783508546_41296, Design:TSV (Terminal Network), Normal completion of simulation on server: Local Machine. (07:03:43 PM  Jul 08, 2026)
[info] Project:temp_train_TSV_263_1783508546_41296, Design:TSV (Terminal Network), Touchstone export: Writing to "C:/ffzhzh/LocalFiles/Ansys_Project_Files/temp_train_TSV_263_1783508546_41296_SNP/temp_train_TSV_263_1783508546_41296.s2p" (07:03:45 PM  Jul 08, 2026)
Stopping Batch Run: 7:03:49 PM  Jul 08, 2026
ul 08, 2026)
[info] Project:temp_train_TSV_264_1783508551_31944, Design:TSV (Terminal Network), Normal completion of simulation on s[info] Project:temp_train_TSV_265_1783508566_55944, Design:TSV (Terminal Network), An interpolating frequency sweep with 1000 points has been started using HFSS - Solving Distributed. (07:03:59 PM  Jul 08, 2026)
[info] Project:temp_train_TSV_265_1783508566_55944, Design:TSV (Terminal Network), Interpolating frequency sweep complete. Converged. (07:03:59 PM  Jul 08, 2026)
[info] Project:temp_train_TSV_265_1783508566_55944, Design:TSV (Terminal Network), Normal completion of simulation on server: Local Machine. (07:03:59 PM  Jul 08, 2026)
[info] Project:temp_train_TSV_265_1783508566_55944, Design:TSV (Terminal Network), Touchstone export: Writing to "C:/ffzhzh/LocalFiles/Ansys_Project_Files/temp_train_TSV_265_1783508566_55944_SNP/temp_train_TSV_265_1783508566_55944.s2p" (07:04:01 PM  Jul 08, 2026)
Stopping Batch Run: 7:04:09 PM  Jul 08, 2026
 08, 2026)
[info] Project:temp_train_TSV_266_1783508570_9504, Design:TSV (Terminal Network), Normal completion of simulation on serv[info] Project:temp_train_TSV_267_1783508622_44152, Design:TSV (Terminal Network), An interpolating frequency sweep with 1000 points has been started using HFSS - Solving Distributed. (07:05:01 PM  Jul 08, 2026)
[info] Project:temp_train_TSV_267_1783508622_44152, Design:TSV (Terminal Network), Interpolating frequency sweep complete. Converged. (07:05:01 PM  Jul 08, 2026)
[info] Project:temp_train_TSV_267_1783508622_44152, Design:TSV (Terminal Network), Normal completion of simulation on s[info] Project:temp_train_TSV_269_1783508631_31944, Design:TSV (Terminal Network), An interpolating frequency sweep with 1000 points has been started using HFSS - Solving Distributed. (07:05:07 PM  Jul 08, 2026)
[info] Project:temp_train_TSV_269_1783508631_31944, Design:TSV (Terminal Network), Interpolating frequency sweep complete. Converged. (07:05:07 PM  Jul 08, 2026)
[info] Project:temp_train_TSV_269_1783508631_31944, Design:TSV (Terminal Network), Normal completion of simulation on server: Local Machine. (07:05:07 PM  Jul 08, 2026)
[info] Project:temp_train_TSV_269_1783508631_31944, Design:TSV (Terminal Network), Touchstone export: Writing to "C:/ffzhzh/LocalFiles/Ansys_Project_Files/temp_train_TS[info] Project:temp_train_TSV_270_1783508644_9504, Design:TSV (Terminal Network), An interpolating frequency sweep with 1000 points has been started using HFSS - Solving Distributed. (07:05:27 PM  Jul 08, 2026)
[info] Project:temp_train_TSV_270_1783508644_9504, Design:TSV (Terminal Network), Interpolating frequency sweep complete. Converged. (07:05:27 PM  Jul 08, 2026)
[info] Project:temp_train_TSV_270_1783508644_9504, Design:TSV (Terminal Network), Normal completion of simulation on server: Local Machine. (07:05:28 PM  Jul 08, 2026)
[info] Project:temp_train_TSV_270_1783508644_9504, Design:TSV (Terminal Network), Touchstone export: Writing to "C:/ffzhzh/LocalFiles/Ansys_Project_Files/temp_train_TSV_270_1783508644_9504_SNP/temp_train_TSV_270_1783508644_9504.s2p" (07:05:29 PM  Jul 08, 2026)
Stopping Batch Run: 7:05:29 PM  Jul 08, 2026
 PM  Jul 08, 2026)
[info] Project:temp_train_TSV_271_1783508651_55944, Design:TSV (Terminal Network), Normal completion of simulation on s[info] Project:temp_train_TSV_272_1783508703_41296, Design:TSV (Terminal Network), An interpolating frequency sweep with 1000 points has been started using HFSS - Solving Distributed. (07:06:17 PM  Jul 08, 2026)
[info] Project:temp_train_TSV_272_1783508703_41296, Design:TSV (Terminal Network), Interpolating frequency sweep complete. Converged. (07:06:17 PM  Jul 08, 2026)
[info] Project:temp_train_TSV_272_1783508703_41296, Design:TSV (Terminal Network), Normal completion of simulation on s[info] Project:temp_train_TSV_273_1783508707_44152, Design:TSV (Terminal Network), An interpolating frequency sweep with 1000 points has been started using HFSS - Solving Distributed. (07:06:19 PM  Jul 08, 2026)
[info] Project:temp_train_TSV_273_1783508707_44152, Design:TSV (Terminal Network), Interpolating frequeStopping Batch Run: 7:06:29 PM  Jul 08, 2026
ul 08, 2026)
[info] Project:temp_train_TSV_273_1783508707_44152, Design:TSV (Terminal Network), Normal completion of simulation on s[info] Project:temp_train_TSV_274_1783508713_31944, Design:TSV (Terminal Network), An interpolating frequency sweep with 1000 points has been started using HFSS - Solving Distributed. (07:06:35 PM  Jul 08, 2026)
[info] Project:temp_train_TSV_274_1783508713_31944, Design:TSV (Terminal Network), Interpolating frequency sweep complete. Converged. (07:06:35 PM  Jul 08, 2026)
[info] Project:temp_train_TSV_274_1783508713_31944, Design:TSV (Terminal Network), Normal completion of simulation on s[info] Project:temp_train_TSV_275_1783508729_55944,[info] Project:temp_train_TSV_274_1783508713_31944, Design:TSV (Terminal Network), Touchstone export: Writing to "C:/ffzhzh/LocalFiles/Ansys_Project_Files/temp_train_TSV_274_1783508713_31944_SNP/temp_train_TSV_274_1783508713_31944.s2p" (07:06:36 PM  Jul 08, 2026)
Stopping Batch Run: 7:06:44 PM  Jul 08, 202[info] Project:temp_train_TSV_276_1783508732_9504, Design:TSV (Terminal Network), An interpolating frequency sweep with 1000 points has been started using HFSS - Solving Distributed. (07:06:50 PM  Jul 08, 2026)
[info] Project:temp_train_TSV_276_1783508732_9504, Design:TSV (Terminal Network), Interpolating frequency sweep complete. Converged. (07:06:50 PM  Jul 08, 2026)
[info] Project:temp_train_TSV_276_1783508732_9504, Design:TSV (Terminal Network), Normal completion of simulation on serv[info] Project:temp_train_TSV_277_1783508783_44152, Design:TSV (Terminal Network), An interpolating frequency sweep with 1000 points has been started using HFSS - Solving Distributed. (07:07:41 PM  Jul 08, 2026)
[info] Project:temp_train_TSV_277_1783508783_44152, Design:TSV (Terminal Network), Interpolating frequency sweep complete. Converged. (07:07:41 PM  Jul 08, 2026)
[info] Project:temp_train_TSV_277_1783508783_44152, Design:TSV (Terminal Network), Normal completion of simulation on s[info] Project:temp_train_TSV_278_1783508793_41296, Design:TSV (Terminal Network), An interpolating frequency sweep with 1000 points has been started using HFSS - Solving Distributed. (07:07:45 PM  Jul 08, 2026)
[info] Project:temp_train_TSV_278_1783508793_41296, Design:TSV (Terminal Network), Interpolating frequeStopping Batch Run: 7:07:49 PM  Jul 08, 2026
ul 08, 2026)
[info] Project:temp_train_TSV_278_1783508793_41296, Design:TSV (Terminal Network), Normal completion of simulation on s[info] Project:temp_train_TSV_279_1783508807_31944, Design:TSV (Terminal Network), An interpolating frequency sweep with 1000 points has been started using HFSS - Solving Distributed. (07:07:54 PM  Jul 08, 2026)
[info] Project:temp_train_TSV_279_1783508807_31944, Design:TSV (Terminal Network), Interpolating frequency sweep complete. Converged. (07:07:54 PM  Jul 08, 2026)
[info] Project:temp_train_TSV_279_1783508807_31944, Design:TSV (Terminal Network), Normal completion of simulation on server: Local Machine. (07:07:54 PM  Jul 08, 2026)
[info] Project:temp_train_TSV_279_1783508807_31944, Design:TSV (Terminal Network), Touchstone export: Writing to "C:/ffzhzh/LocalFiles/Ansys_Project_Files/temp_train_TS[info] Project:temp_train_TSV_281_1783508815_9504, Design:TSV (Terminal Network), An interpolating frequency sweep with 1000 points has been started using HFSS - Solving Distributed. (07:08:09 PM  Jul 08, 2026)
[info] Project:temp_train_TSV_281_1783508815_9504, Design:TSV (Terminal Network), Interpolating frequency sweep complete. Converged. (07:08:09 PM  Jul 08, 2026)
[info] Project:temp_train_TSV_281_1783508815_9504, Design:TSV (Terminal Network), Normal completion of simulation on server: Local Machine. (07:08:10 PM  Jul 08, 2026)
[info] Project:temp_train_TSV_281_1783508815_9504, Design:TSV (Terminal Network), Touchstone export: Writing to "C:/ffzhzh/LocalFiles/Ansys_Project_Files/temp_train_TSV_281_1783508815_9504_SNP/temp_train_TSV_281_1783508815_9504.s2p" (07:08:11 PM  Jul 08, 2026)
Stoppi[info] Project:temp_train_TSV_282_1783508873_44152, Design:TSV (Terminal Network), An interpolating frequency sweep with 1000 points has been started using HFSS - Solving Distributed. (07:09:11 PM  Jul 08, 2026)
[info] Project:temp_train_TSV_282_1783508873_44152, Design:TSV (Terminal Network), Interpolating frequency sweep complete. Converged. (07:09:11 PM[info] Project:temp_train_TSV_283_1783508876_41296, Design:TSV (Terminal Network), An interpolating frequency sweep with 1000 points has been started using HFSS - Solving Distributed. (07:09:14 PM  Jul 08, 2026)
[info] Project:temp_train_TSV_283_1783508876_41296, Design:TSV (Terminal Network), Interpolating frequency sweep complete. Converged. (07:09:14 PM[info] Project:temp_train_TSV_284_1783508878_31944, Design:TSV (Terminal Network), An interpolating frequency sweep with 1000 points has been started using HFSS - Solving Distributed. (07:09:25 PM  Jul 08, 2026)
[info] Project:temp_train_TSV_284_1783508878_31944, Design:TSV (Terminal Network), Interpolating frequency sweep complete. Converged. (07:09:25 PM  Jul 08, 2026)
[info] Project:temp_train_TSV_284_1783508878_31944, Design:TSV (Terminal Network), Normal completion of simulation on s[info] Project:temp_train_TSV_285_1783508886_55944, Design:TSV (Terminal Network), An interpolating frequency sweep with 1000 points has been started using HFSS - Solving Distributed. (07:09:31 PM  Jul 08, 2026)
[info] Project:temp_train_TSV_285_1783508886_55944, Design:TSV (Terminal Network), Interpolating frequency sweep complete. Converged. (07:09:31 PM  Jul 08, 2026)
[info] Project:temp_train_TSV_285_1783508886_55944, Design:TSV (Terminal Network), Normal completion of simulation on server: Local Machine. (07:09:31 PM  Jul 08, 2026)
[info] Project:temp_train_TSV_285_1783508886_55944, Design:TSV (Terminal Network), Touchstone export: Writing to "C:/ffzhzh/LocalFiles/Ansys_Project_Files/temp_train_TSV_285_1783508886_55944_SNP/temp_train_TSV_285_1783508886_55944.s2p" (07:09:33 PM  Jul 08, 2026)
Stopping Batch Run: 7:09:39 PM  Jul 08, 2026
l 08, 2026)
[info] Project:temp_train_TSV_286_1783508894_9504, Design:TSV (Terminal Network), Normal completion of simulation on serv[info] Project:temp_train_TSV_287_1783508957_44152, Design:TSV (Terminal Network), An interpolating frequency sweep with 1000 points has been started using HFSS - Solving Distributed. (07:10:35 PM  Jul 08, 2026)
[info] Project:temp_train_TSV_287_1783508957_44152, Design:TSV (Terminal Network), Interpolating frequency sweep complete. Converged. (07:10:35 PM  Jul 08, 2026)
[info] Project:temp_train_TSV_287_1783508957_44152, Design:TSV (Terminal Network), Normal completion of simulation on server: Local Machine. (07:10:35 PM  Jul 08, 2026)
[info] Project:temp_train_TSV_287_1783508957_44152, Design:TSV (Terminal Network), Touchstone export: Writing to "C:/ffzhzh/LocalFiles/Ansys_Project_Files/temp_train_TSV_287_1783508957_44152_SNP/temp_train_TSV_287_1783508957_44152.s2p" (07:10:36 PM  Jul 08, 2026)
Stopping Batch Run: 7:10:37 PM  Jul 08, [info] Project:temp_train_TSV_288_1783508967_41296, Design:TSV (Terminal Network), An interpolating frequency sweep with 1000 points has been started using HFSS - Solving Distributed. (07:10:50 PM  Jul 08, 2026)
[info] Project:temp_train_TSV_288_1783508967_41296, Design:TSV (Terminal Network), Interpolating frequency sweep complete. Converged. (07:10:50 PM  Jul 08, 2026)
[info] Project:temp_train_TSV_288_1783508967_41296, Design:TSV (Terminal Network), Normal completion of simulation on server: Local Machine. (07:10:50 PM  Jul 08, 2026)
[info] Project:temp_train_TSV_288_1783508967_41296, Design:TSV (Terminal Network), Touchstone export: Writing to "C:/ffzhzh/LocalFiles/Ansys_Project_Files/temp_train_TSV_28[info] Project:temp_train_TSV_290_1783508972_31944, Design:TSV (Terminal Network), An interpoStopping Batch Run: 7:10:59 PM  Jul 08, 2026
en started using HFSS - Solving Distributed. (07:10:56 PM  Jul 08, 2026)
[info] Project:temp_train_TSV_290_1783508972_31944, Design:TSV (Terminal Network), Interpolating frequency sweep complete. Converged. (07:10:56 PM  Jul 08, 2026)
[info] Project:temp_train_TSV_290_1783508972_31944, Design:TSV (Terminal Network), Normal completion of simulation on s[info] Project:temp_train_TSV_291_1783508982_55944, Design:TSV (Terminal Network), An interpolating frequency sweep with 1000 points has been started using HFSS - Solving Distributed. (07:11:02 PM  Jul 08, 2026)
[info] Project:temp_train_TSV_291_1783508982_55944, Design:TSV (Terminal Network), Interpolating frequency sweep complete. Converged. (07:11:02 PM  Jul 08, 2026)
[info] Project:temp_train_TSV_291_1783508982_55944, Design:TSV (Terminal Network), Normal completion of simulation on se[info] Project:temp_train_TSV_292_1783509041_44152, Design:TSV (Terminal Network), An interpolating frequency sweep with 1000 points has been started using HFSS - Solving Distributed. (07:11:51 PM  Jul 08, 2026)
[info] Project:temp_train_TSV_292_1783509041_44152, Design:TSV (Terminal Network), Interpolating frequency sweep complete. Converged. (07:11:51 PM  Jul 08, 2026)
[info] Project:temp_train_TSV_292_1783509041_44152, Design:TSV (Terminal Network), Normal completion of simulation on s[info] Project:temp_train_TSV_293_1783509053_9504, Design:TSV (Terminal Network), An interpolating frequency sweep with 1000 points has been started using HFSS - Solving Distributed. (07:12:03 PM  Jul 08, 2026)
[info] Project:temp_train_TSV_293_1783509053_9504, Design:TSV (Terminal Network), Interpolating frequency sweep complete. Converged. (07:12:03 PM  Jul 08, 2026)
[info] Project:temp_train_TSV_293_1783509053_9504, Design:TSV (Terminal Network), Normal completion of simulation on serv[info] Project:temp_train_TSV_294_1783509060_31944, Design:TSV (Terminal Network), An interpolating frequency sweep with 1000 points has been started using HFSS - Solving Distributed. (07:12:14 PM  Jul 08, 2026)
[info] Project:temp_train_TSV_294_1783509060_31944, Design:TSV (Terminal Network), Interpolating Stopping Batch Run: 7:12:14 PM  Jul 08, 2026
 PM[info] Project:temp_train_TSV_295_1783509062_41296, Design:TSV (Terminal Network), An interpolating frequency sweep with 1000 points has been started using HFSS - Solving Distributed. (07:12:21 PM  Jul 08, 2026)
[info] Project:temp_train_TSV_295_1783509062_41296, Design:TSV (Terminal Network), Interpolating frequency sweep complete. Converged. (07:12:21 PM  Jul 08, 2026)
[info] Project:temp_train_TSV_295_1783509062_41296, Design:TSV (Terminal NetStopping Batch Run: 7:12:24 PM  Jul 08, 2026
fo] Project:temp_train_TSV_296_1783509072_55944, Design:TSV (Terminal Network), An interpolating frequency sweep with 1000 points has been started using HFSS - Solving Distributed. (07:12:24 PM  Jul 08, 2026)
[info] Project:temp_train_TSV_296_1783509072_55944, Design:TSV (Terminal Network), Interpolating frequeStopping Batch Run: 7:12:30 PM  Jul 08, 2026
ul 08, 2026)
[info] Project:temp_train_TSV_296_1783509072_55944, Design:TSV (Terminal Network), Normal completion of simulation on s[info] Project:temp_train_TSV_297_1783509122_44152, Design:TSV (Terminal Network), An interpolating frequency sweep with 1000 points has been started using HFSS - Solving Distributed. (07:13:15 PM  Jul 08, 2026)
[info] Project:temp_train_TSV_297_1783509122_44152, Design:TSV (Terminal Network), Interpolating frequency sweep complete. Converged. (07:13:15 PM  Jul 08, 2026)
[info] Project:temp_train_TSV_297_1783509122_44152, Design:TSV (Terminal Network), Normal completion of simulation on s[info] Project:temp_train_TSV_298_1783509137_9504, Design:TSV (Terminal Network), An interpolating frequency sweep with 1000 points has been started using HFSS - Solving Distributed. (07:13:27 PM  Jul 08, 2026)
[info] Project:temp_train_TSV_298_1783509137_9504, Design:TSV (Terminal Network), Interpolating frequency sweep complete. Converged. (07:13:27 PM  Jul 08, 2026)
[info] Project:temp_train_TSV_298_1783509137_9504, Design:TSV (Terminal Network), Normal completion of simulation on serv[info] Project:temp_train_TSV_299_1783509146_31944, Design:TSV (Terminal Network), An interpolating frequency sweep with 1000 points has been started using HFSS - Solving Distributed. (07:13:41 PM  Jul 08, 2026)
[info] Project:temp_train_TSV_299_1783509146_31944, Design:TSV (Terminal Network), Interpolating frequency sweep complete. Converged. (07:13:41 PM  Jul 08, 2026)
[info] Project:temp_train_TSV_299_1783509146_31944, Design:TSV (Terminal Network), Normal completion of simulation on s[info] Project:temp_train_TSV_300_1783509153_41296, Design:TSV (Terminal Network), An interpolating frequency sweep with 1000 points has been started using HFSS - Solving Distributed. (07:13:54 PM  Jul 08, 2026)
[info] Project:temp_train_TSV_300_1783509153_41296, Design:TSV (Terminal Network), Interpolating frequency sweep complete. Converged. (07:13:54 PM  Jul 08, 2026)
[info] Project:temp_train_TSV_300_1783509153_41296, Design:TSV (Terminal Network), Normal completion of simulation on server: Local Machine. (07:13:54 PM  Jul 08, 2026)
[info] Project:temp_train_TSV_300_1783509153_41296, Design:TSV (Terminal Network), Touchstone export: Writing to "C:/ffzhzh/LocalFiles/Ansys_Project_Files/temp_train_TSV_300_1783509153_41296_SNP/temp_train_TSV_300_1783509153_41296.s2p" (07:13:55 PM  Jul 08, 2026)
Stopping Batch Run: 7:14:05 PM  Jul 08, 2026
ul 08, 2026)
[info] Project:temp_train_TSV_301_1783509157_55944, Design:TSV (Terminal Network), Normal completion of simulation on se[info] Project:temp_train_TSV_302_1783509207_44152, Design:TSV (Terminal Network), An interpolating frequency sweep with 1000 points has been started using HFSS - Solving Distributed. (07:14:34 PM  Jul 08, 2026)
[info] Project:temp_train_TSV_302_1783509207_44152, Design:TSV (Terminal Network), Interpolating frequency sweep complete. Converged. (07:14:34 PM  Jul 08, 2026)
[info] Project:temp_train_TSV_302_1783509207_44152, Design:TSV (Terminal Network), Normal completion of simulation on se[info] Project:temp_train_TSV_303_1783509217_9504, Design:TSV (Terminal Network), An interpolating frequency sweep with 1000 points has been started using HFSS - Solving Distributed. (07:14:50 PM  Jul 08, 2026)
[info] Project:temp_train_TSV_303_1783509217_9504, Design:TSV (Terminal Network), Interpolating frequency sweep complete. Converged. (07:14:50 PM  Jul 08, 2026)
[info] Project:temp_train_TSV_303_1783509217_9504, Design:TSV (Terminal Network), Normal completion of simulation on serv[info] Project:temp_train_TSV_304_1783509226_31944, Design:TSV (Terminal Network), An interpolating frequency sweep with 1000 points has been started using HFSS - Solving Distributed. (07:14:55 PM  Jul 08, 2026)
[info] Project:temp_train_TSV_304_1783509226_31944, Design:TSV (Terminal Network), Interpolating Stopping Batch Run: 7:15:00 PM  Jul 08, 2026
 PM  Jul 08, 2026)
[info] Project:temp_train_TSV_304_1783509226_31944, Design:TSV (Terminal Network), Normal completion of simulation on s[info] Project:temp_train_TSV_305_1783509243_55944, Design:TSV (Terminal Network), An interpolating frequency sweep with 1000 points has been started using HFSS - Solving Distributed. (07:15:11 PM  Jul 08, 2026)
[info] Project:temp_train_TSV_305_1783509243_55944, Design:TSV (Terminal Network), Interpolating frequency sweep complete. Converged. (07:15:11 PM  Jul 08, 2026)
[info] Project:temp_train_TSV_305_1783509243_55944, Design:TSV (Terminal Network), Normal completion of simulation on s[info] Project:temp_train_TSV_306_1783509247_41296, Design:TSV (Terminal Network), An interpolating frequency sweep with 1000 points has been started using HFSS - Solving Distributed. (07:15:19 PM  Jul 08, 2026)
[info] Project:temp_train_TSV_306_1783509247_41296, Design:TSV (Terminal Network), Interpolating frequeStopping Batch Run: 7:15:20 PM  Jul 08, 2026
ul 08, 2026)
[info] Project:temp_train_TSV_306_1783509247_41296, Design:TSV (Terminal Network), Normal completion of simulation on s[info] Project:temp_train_TSV_307_1783509287_44152, Design:TSV (Terminal Network), An interpolating frequency sweep with 1000 points has been started using HFSS - Solving Distributed. (07:16:00 PM  Jul 08, 2026)
[info] Project:temp_train_TSV_307_1783509287_44152, Design:TSV (Terminal Network), Interpolating frequency sweep complete. Converged. (07:16:00 PM  Jul 08, 2026)
[info] Project:temp_train_TSV_307_1783509287_44152, Design:TSV (Terminal Network), Normal completion of simulation on s[info] Project:temp_train_TSV_308_1783509300_31944, Design:TSV (Terminal Network), An interpolating frequency sweep with 1000 points has been started using HFSS - Solving Distributed. (07:16:09 PM  Jul 08, 2026)
[info] Project:temp_train_TSV_308_1783509300_31944, Design:TSV (Terminal Network), Interpolating frequeStopping Batch Run: 7:16:10 PM  Jul 08, 2026
ul 08, 2026)
[info] Project:temp_train_TSV_308_1783509300_31944, Design:TSV (Terminal Network), Normal completion of simulation on s[info] Project:temp_train_TSV_309_1783509302_9504, Design:TSV (Terminal Network), An interpolating frequency sweep with 1000 points has been started using HFSS - Solving Distributed. (07:16:11 PM  Jul 08, 2026)
[info] Project:temp_train_TSV_309_1783509302_9504, Design:TSV (Terminal Network), Interpolating frequencStopping Batch Run: 7:16:20 PM  Jul 08, 2026
 08, 2026)
[info] Project:temp_train_TSV_309_1783509302_9504, Design:TSV (Terminal Network), Normal completion of simulation on serv[info] Project:temp_train_TSV_310_1783509322_55944, Design:TSV (Terminal Network), An interpolating frequency sweep with 1000 points has been started using HFSS - Solving Distributed. (07:16:43 PM  Jul 08, 2026)
[info] Project:temp_train_TSV_310_1783509322_55944, Design:TSV (Terminal Network), Interpolating frequency sweep complete. Converged. (07:16:43 PM  Jul 08, 2026)
[info] Project:temp_train_TSV_310_1783509322_55944, Design:TSV (Terminal Network), Normal completion of simulation on server: Local Machine. (07:16:43 PM  Jul 08, 2026)
[info] Project:temp_train_TSV_310_1783509322_55944, Design:TSV (Terminal Network), Touchstone export: Writing to "C:/ffzhzh/LocalFiles/Ansys_Project_Files/temp_train_TSV_310_1783509322_55944_SNP/temp_train_TSV_310_1783509322_55944.s2p" (07:16:44 PM  Jul 08, 2026)
Stopping Batch Run: 7:16:50 PM  Jul 08, 2026
ul 08, 2026)
[info] Project:temp_train_TSV_311_1783509332_41296, Design:TSV (Terminal Network), Normal completion of simulation on se[info] Project:temp_train_TSV_312_1783509372_44152, Design:TSV (Terminal Network), An interpolating frequency sweep with 1000 points has been started using HFSS - Solving Distributed. (07:17:26 PM  Jul 08, 2026)
[info] Project:temp_train_TSV_312_1783509372_44152, Design:TSV (Terminal Network), Interpolating frequency sweep complete. Converged. (07:17:26 PM  Jul 08, 2026)
[info] Project:temp_train_TSV_312_1783509372_44152, Design:TSV (Terminal Network), Normal completion of simulation on se[info] Project:temp_train_TSV_313_1783509382_31944, Design:TSV (Terminal Network), An interpolating frequency sweep with 1000 points has been started using HFSS - Solving Distributed. (07:17:34 PM  Jul 08, 2026)
[info][info] Project:temp_train_TSV_314_1783509382_9504, Design:TSV (Terminal Network), An interpolating frequency sweep with 1000 points has been started using HFSS - Solving Distributed. (07:17:39 PM  Jul 08, 2026)
[info] Project:temp_train_TSV_314_1783509382_9504, Design:TSV (Terminal Network), Interpolating frequency sweep complete. Converged. (07:17:39 PM  Jul 08, 2026)
[info] Project:temp_train_TSV_314_1783509382_9504, Design:TSV (Terminal Network), Normal completion of simulation on serv[info] Project:temp_train_TSV_315_1783509412_55944, Design:TSV (Terminal Network), An interpolating frequency sweep with 1000 points has been started using HFSS - Solving Distributed. (07:18:05 PM  Jul 08, 2026)
[info][info] Project:temp_train_TSV_316_1783509412_41296, Design:TSV (Terminal Network), An interpolating frequency sweep with 1000 points has been started using HFSS - Solving Distributed. (07:18:15 PM  Jul 08, 2026)
[info] Project:temp_train_TSV_316_1783509412_41296, Design:TSV (Terminal Network), Interpolating frequency sweep complete. Converged. (07:18:15 PM  Jul 08, 2026)
[info] Project:temp_train_TSV_316_1783509412_41296, Design:TSV (Terminal Network), Normal completion of simulation on s[info] Project:temp_train_TSV_317_1783509453_44152, Design:TSV (Terminal Network), An interpolating frequency sweep with 1000 points has been started using HFSS - Solving Distributed. (07:18:33 PM  Jul 08, 2026)
[info] Project:temp_train_TSV_317_1783509453_44152, Design:TSV (Terminal Network), Interpolating frequency sweep complete. Converged. (07:18:33 PM  Jul 08, 2026)
[info] Project:temp_train_TSV_317_1783509453_44152, Design:TSV (Terminal Network), Normal completion of simulation on s[info] Project:temp_train_TSV_318_1783509468_31944, Design:TSV (Terminal Network), An interpolating frequency sweep with 1000 points has been started using HFSS - Solving Distributed. (07:19:12 PM  Jul 08, 2026)
[info] Project:temp_train_TSV_318_1783509468_31944, Design:TSV (Terminal Network), Interpolating frequency sweep complete. Converged. (07:19:12 PM  Jul 08, 2026)
[info] Project:temp_train_TSV_318_1783509468_31944, Design:TSV (Terminal Network), Normal completion of simulation on server: Local Machine. (07:19:12 PM  Jul 08, 2026)
[info] Project:temp_train_TSV_318_1783509468_31944, Design:TSV (Terminal Network), Touchstone export: Writing to "C:/ffzhzh/LocalFiles/Ansys_Project_Files/temp_train_TSV_318_1783509468_31944_SNP/temp_train_TSV_318_1783509468_31944.s2p" (07:19:13 PM  Jul 08, 2026)
Stopping Batch Run: 7:19:14 PM  Jul 08, 2026
 08, 2026)
[info] Project:temp_train_TSV_319_1783509473_9504, Design:TSV (Terminal Network), Normal completion of simulation on serv[info] Project:temp_train_TSV_320_1783509497_55944, Design:TSV (Terminal Network), An interpolating frequency sweep with 1000 points has been started using HFSS - Solving Distributed. (07:19:31 PM  Jul 08, 2026)
[info] Project:temp_train_TSV_320_1783509497_55944, Design:TSV (Terminal Network), Interpolating frequency sweep complete. Converged. (07:19:31 PM  Jul 08, 2026)
[info] Project:temp_train_TSV_320_1783509497_55944, Design:TSV (Terminal Network), Normal completion of simulation on s[info] Project:temp_train_TSV_321_1783509507_41296, Design:TSV (Terminal Network), An interpolating frequency sweep with 1000 points has been started using HFSS - Solving Distributed. (07:19:44 PM  Jul 08, 2026)
[info] Project:temp_train_TSV_321_1783509507_41296, Design:TSV (Terminal Network), Interpolating frequency sweep complete. Converged. (07:19:44 PM  Jul 08, 2026)
[info] Project:temp_train_TSV_321_1783509507_41296, Design:TSV (Terminal Network), Normal completion of simulation on s[info] Project:temp_train_TSV_322_1783509518_44152, Design:TSV (Terminal Network), An interpolating frequency sweep with 1000 points has been started using HFSS - Solving Distributed. (07:19:48 PM  Jul 08, 2026)
[info] Project:temp_train_TSV_322_1783509518_44152, Design:TSV (Terminal Network), Interpolating frequency sweep complete. Converged. (07:19:48 PM  Jul 08, 2026)
[info] Project:temp_train_TSV_322_1783509518_44152, Design:TSV (Terminal Network), Normal completion of simulation on s[info] Project:temp_train_TSV_323_1783509557_31944, Design:TSV (Terminal Network), An interpolating frequency sweep with 1000 points has been started using HFSS - Solving Distributed. (07:20:28 PM  Jul 08, 2026)
[info] Project:temp_train_TSV_323_1783509557_31944, Design:TSV (Terminal Network), Interpolating frequency sweep complete. Converged. (07:20:28 PM  Jul 08, 2026)
[info] Project:temp_train_TSV_323_1783509557_31944, Design:TSV (Terminal Network), Normal completion of simulation on s[info] Project:temp_train_TSV_324_1783509562_9504, Design:TSV (Terminal Network), An interpolating frequency sweep with 1000 points has been started using HFSS - Solving Distributed. (07:20:36 PM  Jul 08, 2026)
[info] Project:temp_train_TSV_324_1783509562_9504, Design:TSV (Terminal Network), Interpolating frequencStopping Batch Run: 7:20:40 PM  Jul 08, 2026
 08, 2026)
[info] Project:temp_train_TSV_324_1783509562_9504, Design:TSV (Terminal Network), Normal completion of simulation on serv[info] Project:temp_train_TSV_325_1783509582_55944, Design:TSV (Terminal Network), An interpolating frequency sweep with 1000 points has been started using HFSS - Solving Distributed. (07:20:50 PM  Jul 08, 2026)
[info] Project:temp_train_TSV_325_1783509582_55944, Design:TSV (Terminal Network), Interpolating frequency sweep complete. Converged. (07:20:50 PM  Jul 08, 2026)
[info] Project:temp_train_TSV_325_1783509582_55944, Design:TSV (Terminal Network), Normal completion of simulation on s[info] Project:temp_train_TSV_326_1783509590_41296, Design:TSV (Terminal Network), An interpolating frequency sweep with 1000 points has been started using HFSS - Solving Distributed. (07:21:06 PM  Jul 08, 2026)
[info] Project:temp_train_TSV_326_1783509590_41296, Design:TSV (Terminal Network), Interpolating frequency sweep complete. Converged. (07:21:06 PM  Jul 08, 2026)
[info] Project:temp_train_TSV_326_1783509590_41296, Design:TSV (Terminal Network), Normal completion of simulation on s[info] Project:temp_train_TSV_327_1783509598_44152, Design:TSV (Terminal Network), An interpolating frequency sweep with 1000 points has been started using HFSS - Solving Distributed. (07:21:12 PM  Jul 08, 2026)
[info] Project:temp_train_TSV_327_1783509598_44152, Design:TSV (Terminal Network), Interpolating frequeStopping Batch Run: 7:21:15 PM  Jul 08, 2026
ul 08, 2026)
[info] Project:temp_train_TSV_327_1783509598_44152, Design:TSV (Terminal Network), Normal completion of simulation on s[info] Project:temp_train_TSV_328_1783509643_31944, Design:TSV (Terminal Network), An interpolating frequency sweep with 1000 points has been started using HFSS - Solving Distributed. (07:22:01 PM  Jul 08, 2026)
[info] Project:temp_train_TSV_328_1783509643_31944, Design:TSV (Terminal Network), Interpolating frequency sweep complete. Converged. (07:22:01 PM  Jul 08, 2026)
[info] Project:temp_train_TSV_328_1783509643_31944, Design:TSV (Terminal Network), Normal completion of simulation on s[info] Project:temp_train_TSV_329_1783509649_9504, Design:TSV (Terminal Network), An interpolating frequency sweep with 1000 points has been started using HFSS - Solving Distributed. (07:22:05 PM  Jul 08, 2026)
[info] Project:temp_train_TSV_329_1783509649_9504, Design:TSV (Terminal Network), Interpolating frequencStopping Batch Run: 7:22:10 PM  Jul 08, 2026
 08, 2026)
[info] Project:temp_train_TSV_329_1783509649_9504, Design:TSV (Terminal Network), Normal completion of simulation on serv[info] Project:temp_train_TSV_330_1783509663_55944, Design:TSV (Terminal Network), An interpolating frequency sweep with 1000 points has been started using HFSS - Solving Distributed. (07:22:12 PM  Jul 08, 2026)
[info] Project:temp_train_TSV_330_1783509663_55944, Design:TSV (Terminal Network), Interpolating Stopping Batch Run: 7:22:15 PM  Jul 08, 2026
 PM  Jul 08, 2026)
[info] Project:temp_train_TSV_330_1783509663_55944, Design:TSV (Terminal Network), Normal completion of simulation on s[info] Project:temp_train_TSV_331_1783509678_41296, Design:TSV (Terminal Network), An interpolating frequency sweep with 1000 points has been started using HFSS - Solving Distributed. (07:22:30 PM  Jul 08, 2026)
[info] Project:temp_train_TSV_331_1783509678_41296, Design:TSV (Terminal Network), Interpolating frequency sweep complete. Converged. (07:22:30 PM  Jul 08, 2026)
[info] Project:temp_train_TSV_331_1783509678_41296, Design:TSV (Terminal Network), Normal completion of simulation on se[info] Project:temp_train_TSV_332_1783509683_44152, Design:TSV (Terminal Network), An interpolating frequency sweep with 1000 points has been started using HFSS - Solving Distributed. (07:22:35 PM  Jul 08, 2026)
[info] Project:temp_train_TSV_332_1783509683_44152, Design:TSV (Terminal Network), Interpolating frequStopping Batch Run: 7:22:40 PM  Jul 08, 2026
Jul 08, 2026)
[info] Project:temp_train_TSV_332_1783509683_44152, Design:TSV (Terminal Network), Normal completion of simulation on se[info] Project:temp_train_TSV_333_1783509733_31944, Design:TSV (Terminal Network), An interpolating frequency sweep with 1000 points has been started using HFSS - Solving Distributed. (07:23:35 PM  Jul 08, 2026)
[info] Project:temp_train_TSV_333_1783509733_31944, Design:TSV (Terminal Network), Interpolating frequency sweep complete. Converged. (07:23:35 PM  Jul 08, 2026)
[info] Project:temp_train_TSV_333_1783509733_31944, Design:TSV (Terminal Network), Normal completion of simulation on server: Local Machine. (07:23:35 PM  Jul 08, 2026)
[info] Project:temp_train_TSV_333_1783509733_31944, Design:TSV (Terminal Network), Touchstone export: Writing to "C:/ffzhzh/LocalFiles/Ansys_Project_Files/temp_train_TSV_333_1783509733_31944_SNP/temp_train_TSV_333_1783509733_31944.s2p" (07:23:37 PM  Jul 08, 2026)
Stopping Batch Run: 7:23:37 PM  Jul 08, 2026
Jul 08, 2026)
[info] Project:temp_train_TSV_334_1783509737_55944, Design:TSV (Terminal Network), Normal completion of simulation on server: Local Machine. (07:23:35 PM  Jul 08, 2026)
[info] Project:temp_train_TSV_334_1783509737_55944, Design:TSV (Terminal Network), Touchstone export: Writing to "C:/ffzhzh/LocalFiles/Ansys_Project_Files/temp_train_TS[info] Project:temp_train_TSV_336_1783509763_41296, Design:TSV (Terminal Network), An interpolating frequency sweep with 1000 points has been started using HFSS - Solving Distributed. (07:24:02 PM  Jul 08, 2026)
[info] Project:temp_train_TSV_336_1783509763_41296, Design:TSV (Terminal Network), Interpolating frequency sweep complete. Converged. (07:24:02 PM  Jul 08, 2026)
[info] Project:temp_train_TSV_336_1783509763_41296, Design:TSV (Terminal Network), Normal completion of simulation on s[info] Project:temp_train_TSV_337_1783509768_44152, Design:TSV (Terminal Network), An interpolating frequency sweep with 1000 points has been started using HFSS - Solving Distributed. (07:24:07 PM  Jul 08, 2026)
[info] Project:temp_train_TSV_337_1783509768_44152, Design:TSV (Terminal Network), Interpolating frequency sweep complete. Converged. (07:24:07 PM  Jul 08, 2026)
[info] Project:temp_train_TSV_337_1783509768_44152, Design:TSV (Terminal Network), Normal completion of simulation on s[info] Project:temp_train_TSV_338_1783509812_9504, Design:TSV (Terminal Network), An interpolating frequency sweep with 1000 points has been started using HFSS - Solving Distributed. (07:24:48 PM  Jul 08, 2026)
[info] Project:temp_train_TSV_338_1783509812_9504, Design:TSV (Terminal Network), Interpolating frequency sweep complete. Converged. (07:24:48 PM  Jul 08, 2026)
[info] Project:temp_train_TSV_338_1783509812_9504, Design:TSV (Terminal Network), Normal completion of simulation on serve[info] Project:temp_train_TSV_339_1783509820_31944, Design:TSV (Terminal Network), An interpolating frequency sweep with 1000 points has been started using HFSS - Solving Distributed. (07:25:05 PM  Jul 08, 2026)
[info] Project:temp_train_TSV_339_1783509820_31944, Design:TSV (Terminal Network), Interpolating frequency sweep complete. Converged. (07:25:05 PM  Jul 08, 2026)
[info] Project:temp_train_TSV_339_1783509820_31944, Design:TSV (Terminal Network), Normal completion of simulation on se[info] Project:temp_train_TSV_340_1783509828_55944, Design:TSV (Terminal Network), An interpolating frequency sweep with 1000 points has been started using HFSS - Solving Distributed. (07:25:07 PM  Jul 08, 2026)
[info] Project:temp_train_TSV_340_1783509828_55944, Design:TSV (Terminal Network), Interpolating frequStopping Batch Run: 7:25:07 PM  Jul 08, 2026
Jul 08, 2026)
[info] Project:temp_train_TSV_340_1783509828_55944, Design:TSV (Terminal Network), Normal completion of simulation on se[info] Project:temp_train_TSV_341_1783509849_41296, Design:TSV (Terminal Network), An interpolating frequency sweep with 1000 points has been started using HFSS - Solving Distributed. (07:25:21 PM  Jul 08, 2026)
[info] Project:temp_train_TSV_341_1783509849_41296, Design:TSV (Terminal Network), Interpolating frequency sweep complete. Converged. (07:25:21 PM  Jul 08, 2026)
[info] Project:temp_train_TSV_341_1783509849_41296, Design:TSV (Terminal Network), Normal completion of simulation on se[info] Project:temp_train_TSV_342_1783509853_44152, Design:TSV (Terminal Network), An interpolating frequency sweep with 1000 points has been started using HFSS - Solving Distributed. (07:25:31 PM  Jul 08, 2026)
[info] Project:temp_train_TSV_342_1783509853_44152, Design:TSV (Terminal Network), Interpolating frequency sweep complete. Converged. (07:25:31 PM  Jul 08, 2026)
[info] Project:temp_train_TSV_342_1783509853_44152, Design:TSV (Terminal Network), Normal completion of simulation on se[info] Project:temp_train_TSV_343_1783509898_9504, Design:TSV (Terminal Network), An interpolating frequency sweep with 1000 points has been started using HFSS - Solving Distributed. (07:26:08 PM  Jul 08, 2026)
[info] Project:temp_train_TSV_343_1783509898_9504, Design:TSV (Terminal Network), Interpolating frequency sweep complete. Converged. (07:26:08 PM  Jul 08, 2026)
[info] Project:temp_train_TSV_343_1783509898_9504, Design:TSV (Terminal Network), Normal completion of simulation on serve[info] Project:temp_train_TSV_344_1783509910_31944, Design:TSV (Terminal Network), An interpolating frequency sweep with 1000 points has been started using HFSS - Solving Distributed. (07:26:26 PM  Jul 08, 2026)
[info] Project:temp_train_TSV_344_1783509910_31944, Design:TSV (Terminal Network), Interpolating frequency sweep complete. Converged. (07:26:26 PM  Jul 08, 2026)
[info] Project:temp_train_TSV_344_1783509910_31944, Design:TSV (Terminal Network), Normal completion of simulation on se[info] Project:temp_train_TSV_345_1783509918_55944, Design:TSV (Terminal Network), An interpolating frequency sweep with 1000 points has been started using HFSS - Solving Distributed. (07:26:28 PM  Jul 08, 2026)
[info] Project:temp_train_TSV_345_1783509918_55944, Design:TSV (Terminal Network), Interpolating frequStopping Batch Run: 7:26:36 PM  Jul 08, 2026
Jul 08, 2026)
[info] Project:temp_train_TSV_345_1783509918_55944, Design:TSV (Terminal Network), Normal completion of simulation on se[info] Project:temp_train_TSV_346_1783509926_41296, Design:TSV (Terminal Network), An interpolating frequency sweep with 1000 points has been started using HFSS - Solving Distributed. (07:26:35 PM  Jul 08, 2026)
[info] Project:temp_train_TSV_346_1783509926_41296, Design:TSV (Terminal Network), Interpolating frequStopping Batch Run: 7:26:36 PM  Jul 08, 2026
Jul 08, 2026)
[info] Project:temp_train_TSV_346_1783509926_41296, Design:TSV (Terminal Network), Normal completion of simulation on se[info] Project:temp_train_TSV_347_1783509943_44152, Design:TSV (Terminal Network), An interpolating frequency sweep with 1000 points has been started using HFSS - Solving Distributed. (07:26:57 PM  Jul 08, 2026)
[info] Project:temp_train_TSV_347_1783509943_44152, Design:TSV (Terminal Network), Interpolating frequency sweep complete. Converged. (07:26:57 PM  Jul 08, 2026)
[info] Project:temp_train_TSV_347_1783509943_44152, Design:TSV (Terminal Network), Normal completion of simulation on se[info] Project:temp_train_TSV_348_1783509979_9504, Design:TSV (Terminal Network), An interpolating frequency sweep with 1000 points has been started using HFSS - Solving Distributed. (07:27:31 PM  Jul 08, 2026)
[info] Project:temp_train_TSV_348_1783509979_9504, Design:TSV (Terminal Network), Interpolating frequency sweep complete. Converged. (07:27:31 PM  Jul 08, 2026)
[info] Project:temp_train_TSV_348_1783509979_9504, Design:TSV (Terminal Network), Normal completion of simulation on serv[info] Project:temp_train_TSV_349_1783509998_31944, Design:TSV (Terminal Network), An interpolating frequency sweep with 1000 points has been started using HFSS - Solving Distributed. (07:28:03 PM  Jul 08, 2026)
[info] Project:temp_train_TSV_349_1783509998_31944, Design:TSV (Terminal Network), Interpolating frequency sweep complete. Converged. (07:28:03 PM  Jul 08, 2026)
[info] Project:temp_train_TSV_349_1783509998_31944, Design:TSV (Terminal Network), Normal completion of simulation on server: Local Machine. (07:28:03 PM  Jul 08, 2026)
[info] Project:temp_train_TSV_349_1783509998_31944, Design:TSV (Terminal Network), Touchstone export: Writing to "C:/ffzhzh/LocalFiles/Ansys_Project_Files/temp_train_TSV_349_1783509998_31944_SNP/temp_train_TSV_349_1783509998_31944.s2p" (07:28:04 PM  Jul 08, 2026)
Stopping Batch Run: 7:28:05 PM  Jul 08, 2026
rminal Network), Interpolating frequency sweep complete. Converged. (07:28:03 PM  Jul 08, 2026)
[info] Project:temp_train_TSV_351_1783510000_41296, Design:TSV (Terminal NetStopping Batch Run: 7:28:06 PM  Jul 08, 202[info] Project:temp_train_TSV_352_1783510028_44152, Design:TSV (Terminal Network), An interpolating frequency sweep with 1000 points has been started using HFSS - Solving Distributed. (07:28:18 PM  Jul 08, 2026)
[info] Project:temp_train_TSV_352_1783510028_44152, Design:TSV (Terminal Network), Interpolating frequency sweep complete. Converged. (07:28:18 PM  Jul 08, 2026)
[info] Project:temp_train_TSV_352_1783510028_44152, Design:TSV (Terminal Network), Normal completion of simulation on s[info] Project:temp_train_TSV_353_1783510057_9504, Design:TSV (Terminal Network), An interpolating frequency sweep with 1000 points has been started using HFSS - Solving Distributed. (07:28:54 PM  Jul 08, 2026)
[info] Project:temp_train_TSV_353_1783510057_9504, Design:TSV (Terminal Network), Interpolating frequency sweep complete. Converged. (07:28:54 PM  Jul 08, 2026)
[info] Project:temp_train_TSV_353_1783510057_9504, Design:TSV (Terminal Network), Normal completion of simulation on serv[info] Project:temp_train_TSV_354_1783510087_31944, Design:TSV (Terminal Network), An interpolating frequency sweep with 1000 points has been started using HFSS - Solving Distributed. (07:29:21 PM  Jul 08, 2026)
[info] Project:temp_train_TSV_354_1783510087_31944, Design:TSV (Terminal Network), Interpolating frequency sweep complete. Converged. (07:29:21 PM  Jul 08, 2026)
[info] Project:temp_train_TSV_354_1783510087_31944, Design:TSV (Terminal Network), Normal completion of simulation on server: Local Machine. (07:29:21 PM  Jul 08, 2026)
[info] Project:temp_train_TSV_354_1783510087_31944, Design:TSV (Terminal Network), Touchstone export: Writing to "C:/ffzhzh/LocalFiles/Ansys_Project_Files/temp_train_TSV_354_1783510087_31944_SNP/temp_train_TSV_354_1783510087_31944.s2p" (07:29:23 PM  Jul 08, 2026)
Stopping Batch Run: 7:29:31 PM  Jul 08, 202[info] Project:temp_train_TSV_356_1783510094_41296, Design:TSV (Terminal Network), An interpolating frequency sweep with 1000 points has been started using HFSS - Solving Distributed. (07:29:32 PM  Jul 08, 2026)
[info] Project:temp_train_TSV_356_1783510094_41296, Design:TSV (Terminal Network), Interpolating frequency sweep complete. Converged. (07:29:32 PM  Jul 08, 2026)
[info] Project:temp_train_TSV_356_1783510094_41296, Design:TSV (Terminal Network), Normal completion of simulation on s[info] Project:temp_train_TSV_357_1783510108_44152, Design:TSV (Terminal Network), An interpolating frequency sweep with 1000 points has been started using HFSS - Solving Distributed. (07:29:38 PM  Jul 08, 2026)
[info] Project:temp_train_TSV_357_1783510108_44152, Design:TSV (Terminal Network), Interpolating frequeStopping Batch Run: 7:29:41 PM  Jul 08, 2026
ul 08, 2026)
[info] Project:temp_train_TSV_357_1783510108_44152, Design:TSV (Terminal Network), Normal completion of simulation on s[info] Project:temp_train_TSV_358_1783510140_9504, Design:TSV (Terminal Network), An interpolating frequency sweep with 1000 points has been started using HFSS - Solving Distributed. (07:30:12 PM  Jul 08, 2026)
[info] Project:temp_train_TSV_358_1783510140_9504, Design:TSV (Terminal Network), Interpolating frequency sweep complete. Converged. (07:30:12 PM  Jul 08, 2026)
[info] Project:temp_train_TSV_358_1783510140_9504, Design:TSV (Terminal Network), Normal completion of simulation on serv[info] Project:temp_train_TSV_359_1783510173_31944, Design:TSV (Terminal Network), An interpolating frequency sweep with 1000 points has been started using HFSS - Solving Distributed. (07:30:51 PM  Jul 08, 2026)
[info] Project:temp_train_TSV_359_1783510173_31944, Design:TSV (Terminal Network), Interpolating frequency sweep complete. Converged. (07:30:51 PM  Jul 08, 2026)
[info] Project:temp_train_TSV_359_1783510173_31944, Design:TSV (Terminal Network), Normal completion of simulation on server: Local Machine. (07:30:51 PM  Jul 08, 2026)
[info] Project:temp_train_TSV_359_1783510173_31944, Design:TSV (Terminal Network), Touchstone export: Writing to "C:/ffzhzh/LocalFiles/Ansys_Project_Files/temp_train_TS[info] Project:temp_train_TSV_361_1783510184_41296, Design:TSV (Terminal Network), An interpolatiStopping Batch Run: 7:30:56 PM  Jul 08, 2026
tarted using HFSS - Solving Distributed. (07:30:53 PM  Jul 08, 2026)
[info] Project:temp_train_TSV_361_1783510184_41296, Design:TSV (Terminal Network), Interpolating frequeStopping Batch Run: 7:30:56 PM  Jul 08, 2026
ul 08, 2026)
[info] Project:temp_train_TSV_361_1783510184_41296, Design:TSV (Terminal Network), Normal completion of simulation on s[info] Project:temp_train_TSV_362_1783510188_44152, Design:TSV (Terminal Network), An interpolating frequency sweep with 1000 points has been started using HFSS - Solving Distributed. (07:31:00 PM  Jul 08, 2026)
[info] Project:temp_train_TSV_362_1783510188_44152, Design:TSV (Terminal Network), Interpolating frequency sweep complete. Converged. (07:31:00 PM  Jul 08, 2026)
[info] Project:temp_train_TSV_362_1783510188_44152, Design:TSV (Terminal Network), Normal completion of simulation on s[info] Project:temp_train_TSV_363_1783510223_9504, Design:TSV (Terminal Network), An interpolating frequency sweep with 1000 points has been started using HFSS - Solving Distributed. (07:31:35 PM  Jul 08, 2026)
[info] Project:temp_train_TSV_363_1783510223_9504, Design:TSV (Terminal Network), Interpolating frequency sweep complete. Converged. (07:31:35 PM  Jul 08, 2026)
[info] Project:temp_train_TSV_363_1783510223_9504, Design:TSV (Terminal Network), Normal completion of simulation on server: Local Machine. (07:31:36 PM  Jul 08, 2026)
[in[info] Project:temp_train_TSV_364_1783510259_41296, Design:TSV (Terminal Network), An interpolating frequency sweep with 1000 points has been started using HFSS - Solving Distributed. (07:32:13 PM  Jul 08, 2026)
[info] Project:temp_train_TSV_364_1783510259_41296, [info] Project:temp_train_TSV_365_1783510259_55944, Design:TSV (Terminal Network), An interpolating frequency sweep with 1000 points has been started using HFSS - Solving Distributed. (07:32:14 PM  Jul 08, 2026)
[info][info] Project:temp_train_TSV_366_1783510259_31944, Design:TSV (Terminal Network), An interpolating frequency sweep with 1000 points has been started using HFSS - Solving Distributed. (07:32:15 PM  Jul 08, 2026)
[info] Project:temp_train_TSV_366_1783510259_31944, Design:TSV (Terminal Network), Interpolating frequency sweep cStopping Batch Run: 7:32:21 PM  Jul 08, 2026
5944, Design:TSV (Terminal Network), Touchstone export: Writing to "C:/ffzhzh/LocalFiles/Ansys_Project_Files/temp_train_TS[info] Project:temp_train_TSV_367_1783510269_44152, Design:TSV (Terminal Network), An interpolating frequency sweep with 1000 points has been started using HFSS - Solving Distributed. (07:32:36 PM  Jul 08, 2026)
[info] Project:temp_train_TSV_367_1783510269_44152, Design:TSV (Terminal Network), Interpolating frequency sweep complete. Converged. (07:32:36 PM  Jul 08, 2026)
[info] Project:temp_train_TSV_367_1783510269_44152, Design:TSV (Terminal Network), Normal completion of simulation on s[info] Project:temp_train_TSV_368_1783510301_9504, Design:TSV (Terminal Network), An interpolating frequency sweep with 1000 points has been started using HFSS - Solving Distributed. (07:32:48 PM  Jul 08, 2026)
[info] Project:temp_train_TSV_368_1783510301_9504, Design:TSV (Terminal Network), Interpolating frequency sweep complete. Converged. (07:32:48 PM  Jul 08, 2026)
[info] Project:temp_train_TSV_368_1783510301_9504, Design:TSV (Terminal Network), Normal completion of simulation on serve[info] Project:temp_train_TSV_369_1783510340_31944, Design:TSV (Terminal Network), An interpolating frequency sweep with 1000 points has been started using HFSS - Solving Distributed. (07:33:25 PM  Jul 08, 2026)
[info] Project:temp_train_TSV_369_1783510340_31944, Design:TSV (Terminal Network), Interpolating frequency sweep complete. Converged. (07:33:25 PM  Jul 08, 2026)
[info] Project:temp_train_TSV_369_1783510340_31944, Design:TSV (Terminal Network), Normal completion of simulation on se[info] Project:temp_train_TSV_370_1783510344_41296, Design:TSV (Terminal Network), An interpolating frequency sweep with 1000 points has been started using HFSS - Solving Distributed. (07:33:36 PM  Jul 08, 2026)
[info] Project:temp_train_TSV_370_1783510344_41296, Design:TSV (Terminal Network), Interpolating frequency sweep complete. Converged. (07:33:36 PM  Jul 08, 2026)
[info] Project:temp_train_TSV_370_1783510344_41296, Design:TSV (Terminal Network), Normal completion of simulation on se[info] Project:temp_train_TSV_371_1783510349_55944, Design:TSV (Terminal Network), An interpolating frequency sweep with 1000 points has been started using HFSS - Solving Distributed. (07:33:55 PM  Jul 08, 2026)
[info] Project:temp_train_TSV_371_1783510349_55944, Design:TSV (Terminal Network), Interpolating frequency sweep complete. Converged. (07:33:55 PM  Jul 08, 2026)
[info] Project:temp_train_TSV_371_1783510349_55944, Design:TSV (Terminal Network), Normal completion of simulation on se[info] Project:temp_train_TSV_372_1783510369_44152, Design:TSV (Terminal Network), An interpolating frequency sweep with 1000 points has been started using HFSS - Solving Distributed. (07:34:06 PM  Jul 08, 2026)
[info] Project:temp_train_TSV_372_1783510369_44152, Design:TSV (Terminal Network), Interpolating frequency sweep complete. Converged. (07:34:06 PM  Jul 08, 2026)
[info] Project:temp_train_TSV_372_1783510369_44152, Design:TSV (Terminal Network), Normal completion of simulation on server: Local Machine. (07:34:06 PM  Jul 08, 2026)
[info] Project:temp_train_TSV_372_1783510369_44152, Design:TSV (Terminal Network), Touchstone export: Writing to "C:/ffzhzh/LocalFiles/Ansys_Project_Files/temp_train_TSV_372_1783510369_44152_SNP/temp_train_TSV_372_1783510369_44152.s2p" (07:34:07 PM  Jul 08, 2026)
Stopping Batch Run: 7:34:08 PM  Jul 08, 2026
l 08, 2026)
[info] Project:temp_train_TSV_373_1783510373_9504, Design:TSV (Terminal Network), Normal completion of simulation on serv[info] Project:temp_train_TSV_374_1783510412_31944, Design:TSV (Terminal Network), An interpolating frequency sweep with 1000 points has been started using HFSS - Solving Distributed. (07:34:39 PM  Jul 08, 2026)
[info] Project:temp_train_TSV_374_1783510412_31944, Design:TSV (Terminal Network), Interpolating frequency sweep complete. Converged. (07:34:39 PM  Jul 08, 2026)
[info] Project:temp_train_TSV_374_1783510412_31944, Design:TSV (Terminal Network), Normal completion of simulation on s[info] Project:temp_train_TSV_375_1783510429_41296, Design:TSV (Terminal Network), An interpolating frequency sweep with 1000 points has been started using HFSS - Solving Distributed. (07:34:58 PM  Jul 08, 2026)
[info] Project:temp_train_TSV_375_1783510429_41296, Design:TSV (Terminal Network), Interpolating frequency sweep complete. Converged. (07:34:58 PM  Jul 08, 2026)
[info] Project:temp_train_TSV_375_1783510429_41296, Design:TSV (Terminal Network), Normal completion of simulation on s[info] Project:temp_train_TSV_376_1783510444_55944, Design:TSV (Terminal Network), An interpolating frequency sweep with 1000 points has been started using HFSS - Solving Distributed. (07:35:16 PM  Jul 08, 2026)
[info] Project:temp_train_TSV_376_1783510444_55944, Design:TSV (Terminal Network), Interpolating frequency sweep complete. Converged. (07:35:16 PM  Jul 08, 2026)
[info] Project:temp_train_TSV_376_1783510444_55944, Design:TSV (Terminal Network), Normal completion of simulation on s[info] Project:temp_train_TSV_377_1783510449_9504, Design:TSV (Terminal Network), An interpolating frequency sweep with 1000 points has been started using HFSS - Solving Distributed. (07:35:23 PM  Jul 08, 2026)
[info] Project:temp_train_TSV_377_1783510449_9504, Design:TSV (Terminal Network), Interpolating frequencStopping Batch Run: 7:35:26 PM  Jul 08, 202[info] Project:temp_train_TSV_378_1783510451_44152, Design:TSV (Terminal Network), An interpolating frequency sweep with 1000 points has been started using HFSS - Solving Distributed. (07:35:29 PM  Jul 08, 2026)
[info] Project:temp_train_TSV_378_1783510451_44152, Design:TSV (Terminal Network), Interpolating frequency sweep complete. Converged. (07:35:29 PM  Jul 08, 2026)
[info] Project:temp_train_TSV_378_1783510451_44152, Design:TSV (Terminal Network), Normal completion of simulation on s[info] Project:temp_train_TSV_379_1783510489_31944, Design:TSV (Terminal Network), An interpolating frequency sweep with 1000 points has been started using HFSS - Solving Distributed. (07:36:03 PM  Jul 08, 2026)
[info] Project:temp_train_TSV_379_1783510489_31944, Design:TSV (Terminal Network), Interpolating frequency sweep complete. Converged. (07:36:03 PM  Jul 08, 2026)
[info] Project:temp_train_TSV_379_1783510489_31944, Design:TSV (Terminal Network), Normal completion of simulation on s[info] Project:temp_train_TSV_380_1783510504_41296, Design:TSV (Terminal Network), An interpolating frequency sweep with 1000 points has been started using HFSS - Solving Distributed. (07:36:18 PM  Jul 08, 2026)
[info] Project:temp_train_TSV_380_1783510504_41296, Design:TSV (Terminal Network), Interpolating frequency sweep complete. Converged. (07:36:18 PM  Jul 08, 2026)
[info] Project:temp_train_TSV_380_1783510504_41296, Design:TSV (Terminal Network), Normal completion of simulation on s[info] Project:temp_train_TSV_381_1783510528_9504, Design:TSV (Terminal Network), An interpolating frequency sweep with 1000 points has been started using HFSS - Solving Distributed. (07:36:42 PM  Jul 08, 2026)
[info] Project:temp_train_TSV_381_1783510528_9504, Design:TSV (Terminal Network), Interpolating frequency sweep complete. Converged. (07:36:42 PM  Jul 08, 2026)
[info] Project:temp_train_TSV_381_1783510528_9504, Design:TSV (Terminal Network), Normal completion of simulation on server: Local Machine. (07:36:42 PM  Jul 08, 2026)
[info] Project:temp_train_TSV_381_1783510528_9504, Design:TSV (Terminal Network), Touchstone export: Writing to "C:/ffzhzh/LocalFiles/Ansys_Project_Files/temp_train_TSV_381_1783510528_9504_SNP/temp_train_TSV_381_1783510528_9504.s2p" (07:36:43 PM  Jul 08, 2026)
Stopping Batch Run: 7:36:52 PM  Jul 08, 2026
n s[info] Project:temp_train_TSV_383_1783510534_44152, Design:TSV (Terminal Network), An interpolating frequency sweep with 1000 points has been started using HFSS - Solving Distributed. (07:36:56 PM  Jul 08, 2026)
[info] Project:temp_train_TSV_383_1783510534_44152, Design:TSV (Terminal Network), Interpolating frequency sweep complete. Converged. (07:36:56 PM  Jul 08, 2026)
[info] Project:temp_train_TSV_383_1783510534_44152, Design:TSV (Terminal Network), Normal completion of simulation on s[info] Project:temp_train_TSV_384_1783510575_31944, Design:TSV (Terminal Network), An interpolating frequency sweep with 1000 points has been started using HFSS - Solving Distributed. (07:37:26 PM  Jul 08, 2026)
[info] Project:temp_train_TSV_384_1783510575_31944, Design:TSV (Terminal Network), Interpolating frequency sweep complete. Converged. (07:37:26 PM  Jul 08, 2026)
[info] Project:temp_train_TSV_384_1783510575_31944, Design:TSV (Terminal Network), Normal completion of simulation on s[info] Project:temp_train_TSV_385_1783510589_41296, Design:TSV (Terminal Network), An interpolating frequency sweep with 1000 points has been started using HFSS - Solving Distributed. (07:37:37 PM  Jul 08, 2026)
[info] Project:temp_train_TSV_385_1783510589_41296, Design:TSV (Terminal Network), Interpolating frequency sweep complete. Converged. (07:37:37 PM  Jul 08, 2026)
[info] Project:temp_train_TSV_385_1783510589_41296, Design:TSV (Terminal Network), Normal completion of simulation on se[info] Project:temp_train_TSV_386_1783510614_55944, Design:TSV (Terminal Network), An interpolating frequency sweep with 1000 points has been started using HFSS - Solving Distributed. (07:38:14 PM  Jul 08, 2026)
[info][info] Project:temp_train_TSV_387_1783510615_9504, Design:TSV (Terminal Network), An interpolating frequency sweep with 1000 points has been started using HFSS - Solving Distributed. (07:38:19 PM  Jul 08, 2026)
[info] Project:temp_train_TSV_387_1783510615_9504, Design:TSV (Terminal Network), Interpolating frequency sweep complete. Converged. (07:38:19 PM  Jul 08, 2026)
[info] Project:temp_train_TSV_387_1783510615_9504, Design:TSV (Terminal Network), Normal completion of simulation on server: Local Machine. (07:38:19 PM  Jul 08, 2026)
[info] Project:temp_train_TSV_387_1783510615_9504, Design:TSV (Terminal Network), Touchstone export: Writing to "C:/ffzhzh/LocalFiles/Ansys_Project_Files/temp_train_TSV_387_1783510615_9504_SNP/temp_train_TSV_387_1783510615_9504.s2p" (07:38:20 PM  Jul 08, 2026)
Stopping Batch Run: 7:38:27 PM  Jul 08, 2026
7 PM  Jul 08, 2026)
[info] Project:temp_train_TSV_388_1783510630_44152, Design:TSV (Terminal Network), Normal completion of simulation on se[info] Project:temp_train_TSV_389_1783510654_31944, Design:TSV (Terminal Network), An interpolating frequency sweep with 1000 points has been started using HFSS - Solving Distributed. (07:38:39 PM  Jul 08, 2026)
[info] Project:temp_train_TSV_389_1783510654_31944, Design:TSV (Terminal Network), Interpolating frequency sweep complete. Converged. (07:38:39 PM  Jul 08, 2026)
[info] Project:temp_train_TSV_389_1783510654_31944, Design:TSV (Terminal Network), Normal completion of simulation on se[info] Project:temp_train_TSV_390_1783510665_41296, Design:TSV (Terminal Network), An interpolating frequency sweep with 1000 points has been started using HFSS - Solving Distributed. (07:38:52 PM  Jul 08, 2026)
[info] Project:temp_train_TSV_390_1783510665_41296, Design:TSV (Terminal Network), Interpolating frequency sweep complete. Converged. (07:38:52 PM  Jul 08, 2026)
[info] Project:temp_train_TSV_390_1783510665_41296, Design:TSV (Terminal Network), Normal completion of simulation on s[info] Project:temp_train_TSV_391_1783510699_55944, Design:TSV (Terminal Network), An interpolating frequency sweep with 1000 points has been started using HFSS - Solving Distributed. (07:39:22 PM  Jul 08, 2026)
[info] Project:temp_train_TSV_391_1783510699_55944, Design:TSV (Terminal Network), Interpolating frequency sweep complete. Converged. (07:39:22 PM  Jul 08, 2026)
[info] Project:temp_train_TSV_391_1783510699_55944, Design:TSV (Terminal Network), Normal completion of simulation on s[info] Project:temp_train_TSV_392_1783510710_44152, Design:TSV (Terminal Network), An interpolating frequency sweep with 1000 points has been started using HFSS - Solving Distributed. (07:39:55 PM  Jul 08, 2026)
[info] Project:temp_train_TSV_392_1783510710_44152, Design:TSV (Terminal Network), Interpolating frequency sweep complete. Converged. (07:39:55 PM  Jul 08, 2026)
[info] Project:temp_train_TSV_392_1783510710_44152, Design:TSV (Terminal Network), Normal completion of simulation on server: Local Machine. (07:39:55 PM  Jul 08, 2026)
[info] Project:temp_train_TSV_392_1783510710_44152, Design:TSV (Terminal Network), Touchstone export: Writing to "C:/ffzhzh/LocalFiles/Ansys_Project_Files/temp_train_TS[info] Project:temp_train_TSV_394_1783510730_31944, Design:TSV (Terminal Network), An interpolatiStopping Batch Run: 7:40:02 PM  Jul 08, 2026
tarted using HFSS - Solving Distributed. (07:40:00 PM  Jul 08, 2026)
[info] Project:temp_train_TSV_394_1783510730_31944, Design:TSV (Terminal Network), Interpolating frequency sweep complete. Converged. (07:40:00 PM  Jul 08, 2026)
[info] Project:temp_train_TSV_394_1783510730_31944, Design:TSV (Terminal Network), Normal completion of simulation on s[info] Project:temp_train_TSV_395_1783510745_41296, Design:TSV (Terminal Network), An interpolating frequency sweep with 1000 points has been started using HFSS - Solving Distributed. (07:40:30 PM  Jul 08, 2026)
[info] Project:temp_train_TSV_395_1783510745_41296, Design:TSV (Terminal Network), Interpolating frequency sweep complete. Converged. (07:40:30 PM  Jul 08, 2026)
[info] Project:temp_train_TSV_395_1783510745_41296, Design:TSV (Terminal Network), Normal completion of simulation on s[info] Project:temp_train_TSV_396_1783510768_55944, Design:TSV (Terminal Network), An interpolating frequency sweep with 1000 points has been started using HFSS - Solving Distributed. (07:40:46 PM  Jul 08, 2026)
[info] Project:temp_train_TSV_396_1783510768_55944, Design:TSV (Terminal Network), Interpolating frequency sweep complete. Converged. (07:40:46 PM  Jul 08, 2026)
[info] Project:temp_train_TSV_396_1783510768_55944, Design:TSV (Terminal Network), Normal completion of simulation on s[info] Project:temp_train_TSV_397_1783510790_9504, Design:TSV (Terminal Network), An interpolating frequency sweep with 1000 points has been started using HFSS - Solving Distributed. (07:41:03 PM  Jul 08, 2026)
[info] Project:temp_train_TSV_397_1783510790_9504, Design:TSV (Terminal Network), Interpolating frequency sweep complete. Converged. (07:41:03 PM  Jul 08, 2026)
[info] Project:temp_train_TSV_397_1783510790_9504, Design:TSV (Terminal Network), Normal completion of simulation on serv[info] Project:temp_train_TSV_398_1783510805_44152, Design:TSV (Terminal Network), An interpolating frequency sweep with 1000 points has been started using HFSS - Solving Distributed. (07:41:06 PM  Jul 08, 2026)
[info] Project:temp_train_TSV_398_1783510805_44152, Design:TSV (Terminal Network), Interpolating frequency sweep complete. Converged. (07:41:06 PM  Jul 08, 2026)
[info] Project:temp_train_TSV_398_1783510805_44152, Design:TSV (Terminal Network), Normal completion of simulation on s[info] Project:temp_train_TSV_399_1783510815_31944, Design:TSV (Terminal Network), An interpolating frequency sweep with 1000 points has been started using HFSS - Solving Distributed. (07:41:24 PM  Jul 08, 2026)
[info] Project:temp_train_TSV_399_1783510815_31944, Design:TSV (Terminal Network), Interpolating frequency sweep complete. Converged. (07:41:24 PM  Jul 08, 2026)
[info] Project:temp_train_TSV_399_1783510815_31944, Design:TSV (Terminal Network), Normal completion of simulation on server: Local Machine. (07:41:24 PM  Jul 08, 2026)
[info] Project:temp_train_TSV_399_1783510815_31944, Design:TSV (Terminal Network), Touchstone export: Writing to "C:/ffzhzh/LocalFiles/Ansys_Project_Files/temp_train_TSV_399_1783510815_31944_SNP/temp_train_TSV_399_1783510815_31944.s2p" (07:41:25 PM  Jul 08, 2026)
Stopping Batch Run: 7:41:25 PM  Jul 08, 2026
