[train / TSV_RDL - Task 1] simulation started.
PyAEDT INFO: Python version 3.11.15 | packaged by Anaconda, Inc. | (main, Mar 11 2026, 17:12:15) [MSC v.1942 64 bit (AMD64)].
[train / TSV_RDL - Task 0] simulation started.
PyAEDT INFO: Python version 3.11.15 | packaged by Anaconda, Inc. | (main, Mar 11 2026, 17:12:15) [MSC v.1942 64 bit (AMD64)].
PyAEDT INFO: PyAEDT version 1.0.1.
PyAEDT INFO: PyAEDT version 1.0.1.
PyAEDT INFO: Initializing new Desktop session.
[train / TSV_RDL - Task 2] simulation started.
PyAEDT INFO: Python version 3.11.15 | packaged by Anaconda, Inc. | (main, Mar 11 2026, 17:12:15) [MSC v.1942 64 bit (AMD64)].
PyAEDT INFO: Initializing new Desktop session.
PyAEDT INFO: PyAEDT version 1.0.1.
PyAEDT INFO: Initializing new Desktop session.
PyAEDT INFO: AEDT version 2026.1.
[train / TSV_RDL - Task 3] simulation started.
PyAEDT INFO: Python version 3.11.15 | packaged by Anaconda, Inc. | (main, Mar 11 2026, 17:12:15) [MSC v.1942 64 bit (AMD64)].
PyAEDT INFO: AEDT version 2026.1.
PyAEDT INFO: PyAEDT version 1.0.1.
PyAEDT INFO: AEDT version 2026.1.
PyAEDT INFO: Initializing new Desktop session.
PyAEDT INFO: AEDT version 2026.1.
[train / TSV_RDL - Task 4] simulation started.
PyAEDT INFO: Python version 3.11.15 | packaged by Anaconda, Inc. | (main, Mar 11 2026, 17:12:15) [MSC v.1942 64 bit (AMD64)].
PyAEDT INFO: PyAEDT version 1.0.1.
PyAEDT INFO: Initializing new Desktop session.
PyAEDT INFO: AEDT version 2026.1.
PyAEDT INFO: New AEDT session is starting on gRPC port 7060.
PyAEDT INFO: New AEDT session is starting on gRPC port 7063.
PyAEDT INFO: New AEDT session is starting on gRPC port 7062.
PyAEDT INFO: New AEDT session is starting on gRPC port 7059.
PyAEDT INFO: New AEDT session is starting on gRPC port 7061.
PyAEDT INFO: Starting new AEDT gRPC session on port 7060.
PyAEDT INFO: Launching AEDT server with gRPC transport mode: TransportMode.WNUA
PyAEDT INFO: Starting new AEDT gRPC session on port 7059.
PyAEDT INFO: Starting new AEDT gRPC session on port 7061.
PyAEDT INFO: Launching AEDT server with gRPC transport mode: TransportMode.WNUA
PyAEDT INFO: Launching AEDT server with gRPC transport mode: TransportMode.WNUA
PyAEDT INFO: Starting new AEDT gRPC session on port 7063.
PyAEDT INFO: Starting new AEDT gRPC session on port 7062.
PyAEDT INFO: Launching AEDT server with gRPC transport mode: TransportMode.WNUA
PyAEDT INFO: Launching AEDT server with gRPC transport mode: TransportMode.WNUA
PyAEDT INFO: Electronics Desktop started on gRPC port 7063 after 4.7 seconds.
PyAEDT INFO: AEDT installation Path C:\Program Files\ANSYS Inc\v261\AnsysEM
PyAEDT INFO: Electronics Desktop started on gRPC port 7061 after 4.7 seconds.
PyAEDT INFO: Electronics Desktop started on gRPC port 7062 after 4.7 seconds.
PyAEDT INFO: AEDT installation Path C:\Program Files\ANSYS Inc\v261\AnsysEM
PyAEDT INFO: AEDT installation Path C:\Program Files\ANSYS Inc\v261\AnsysEM
PyAEDT INFO: Electronics Desktop started on gRPC port 7059 after 4.7 seconds.
PyAEDT INFO: AEDT installation Path C:\Program Files\ANSYS Inc\v261\AnsysEM
PyAEDT INFO: Connected to AEDT gRPC session on port 7059.
PyAEDT INFO: Connected to AEDT gRPC session on port 7061.
PyAEDT INFO: Connected to AEDT gRPC session on port 7062.
PyAEDT INFO: Connected to AEDT gRPC session on port 7063.
PyAEDT INFO: Non-graphical mode detected. Disabling Desktop logs.
PyAEDT INFO: Non-graphical mode detected. Disabling Desktop logs.
PyAEDT INFO: Non-graphical mode detected. Disabling Desktop logs.
PyAEDT INFO: Non-graphical mode detected. Disabling Desktop logs.
PyAEDT INFO: Python version 3.11.15 | packaged by Anaconda, Inc. | (main, Mar 11 2026, 17:12:15) [MSC v.1942 64 bit (AMD64)].
PyAEDT INFO: Python version 3.11.15 | packaged by Anaconda, Inc. | (main, Mar 11 2026, 17:12:15) [MSC v.1942 64 bit (AMD64)].
PyAEDT INFO: Python version 3.11.15 | packaged by Anaconda, Inc. | (main, Mar 11 2026, 17:12:15) [MSC v.1942 64 bit (AMD64)].
PyAEDT INFO: Python version 3.11.15 | packaged by Anaconda, Inc. | (main, Mar 11 2026, 17:12:15) [MSC v.1942 64 bit (AMD64)].
PyAEDT INFO: Parsing C:\ffzhzh\LocalFiles\Ansys_Project_Files\temp_train_TSV_RDL_4_1783435666_28540.aedt.
PyAEDT INFO: Parsing C:\ffzhzh\LocalFiles\Ansys_Project_Files\temp_train_TSV_RDL_2_1783435666_7600.aedt.
PyAEDT INFO: PyAEDT version 1.0.1.
PyAEDT INFO: PyAEDT version 1.0.1.
PyAEDT INFO: Parsing C:\ffzhzh\LocalFiles\Ansys_Project_Files\temp_train_TSV_RDL_1_1783435666_50928.aedt.
PyAEDT INFO: PyAEDT version 1.0.1.
PyAEDT INFO: Parsing C:\ffzhzh\LocalFiles\Ansys_Project_Files\temp_train_TSV_RDL_3_1783435666_34316.aedt.
PyAEDT INFO: PyAEDT version 1.0.1.
PyAEDT INFO: Returning found Desktop session with PID 11744!
PyAEDT INFO: Returning found Desktop session with PID 40968!
PyAEDT INFO: Returning found Desktop session with PID 33124!
PyAEDT INFO: Returning found Desktop session with PID 55552!
PyAEDT INFO: File C:\ffzhzh\LocalFiles\Ansys_Project_Files\temp_train_TSV_RDL_1_1783435666_50928.aedt correctly loaded. Elapsed time: 0m 0sec
PyAEDT INFO: File C:\ffzhzh\LocalFiles\Ansys_Project_Files\temp_train_TSV_RDL_2_1783435666_7600.aedt correctly loaded. Elapsed time: 0m 0sec
PyAEDT INFO: File C:\ffzhzh\LocalFiles\Ansys_Project_Files\temp_train_TSV_RDL_3_1783435666_34316.aedt correctly loaded. Elapsed time: 0m 0sec
PyAEDT INFO: File C:\ffzhzh\LocalFiles\Ansys_Project_Files\temp_train_TSV_RDL_4_1783435666_28540.aedt correctly loaded. Elapsed time: 0m 0sec
PyAEDT INFO: Electronics Desktop started on gRPC port 7060 after 5.9 seconds.
PyAEDT INFO: AEDT installation Path C:\Program Files\ANSYS Inc\v261\AnsysEM
PyAEDT INFO: Connected to AEDT gRPC session on port 7060.
PyAEDT INFO: Non-graphical mode detected. Disabling Desktop logs.
PyAEDT INFO: Python version 3.11.15 | packaged by Anaconda, Inc. | (main, Mar 11 2026, 17:12:15) [MSC v.1942 64 bit (AMD64)].
PyAEDT INFO: Parsing C:\ffzhzh\LocalFiles\Ansys_Project_Files\temp_train_TSV_RDL_0_1783435666_41684.aedt.
PyAEDT INFO: PyAEDT version 1.0.1.
PyAEDT INFO: Returning found Desktop session with PID 53524!
PyAEDT INFO: File C:\ffzhzh\LocalFiles\Ansys_Project_Files\temp_train_TSV_RDL_0_1783435666_41684.aedt correctly loaded. Elapsed time: 0m 0sec
PyAEDT INFO: Project temp_train_TSV_RDL_4_1783435666_28540 has been opened.
PyAEDT INFO: Project temp_train_TSV_RDL_3_1783435666_34316 has been opened.
PyAEDT INFO: Project temp_train_TSV_RDL_2_1783435666_7600 has been opened.
PyAEDT INFO: Project temp_train_TSV_RDL_1_1783435666_50928 has been opened.
PyAEDT INFO: Active Design set to TSV_RDL
PyAEDT INFO: Active Design set to TSV_RDL
PyAEDT INFO: Active Design set to TSV_RDL
PyAEDT INFO: Active Design set to TSV_RDL
PyAEDT INFO: AEDT objects correctly read
PyAEDT INFO: AEDT objects correctly read
PyAEDT INFO: AEDT objects correctly read
PyAEDT INFO: AEDT objects correctly read
PyAEDT INFO: Modeler class has been initialized! Elapsed time: 0m 0sec
PyAEDT INFO: Modeler class has been initialized! Elapsed time: 0m 0sec
PyAEDT INFO: Modeler class has been initialized! Elapsed time: 0m 0sec
PyAEDT INFO: Modeler class has been initialized! Elapsed time: 0m 0sec
PyAEDT INFO: Project temp_train_TSV_RDL_0_1783435666_41684 has been opened.
PyAEDT INFO: Active Design set to TSV_RDL
PyAEDT INFO: AEDT objects correctly read
PyAEDT INFO: Modeler class has been initialized! Elapsed time: 0m 0sec
PyAEDT INFO: Project temp_train_TSV_RDL_2_1783435666_7600 Saved correctly
PyAEDT INFO: Project temp_train_TSV_RDL_1_1783435666_50928 Saved correctly
PyAEDT INFO: Project temp_train_TSV_RDL_3_1783435666_34316 Saved correctly
PyAEDT INFO: Project temp_train_TSV_RDL_4_1783435666_28540 Saved correctly
PyAEDT INFO: Key Desktop/ActiveDSOConfigurations/HFSS correctly changed.
PyAEDT INFO: Key Desktop/ActiveDSOConfigurations/HFSS correctly changed.
PyAEDT INFO: Key Desktop/ActiveDSOConfigurations/HFSS correctly changed.
PyAEDT INFO: Key Desktop/ActiveDSOConfigurations/HFSS correctly changed.
PyAEDT INFO: Project temp_train_TSV_RDL_0_1783435666_41684 Saved correctly
PyAEDT INFO: Key Desktop/ActiveDSOConfigurations/HFSS correctly changed.
PyAEDT INFO: Solving all design setups. Analysis started...
PyAEDT INFO: Design setup None solved correctly in 0.0h 11.0m 44.0s
PyAEDT INFO: Key Desktop/ActiveDSOConfigurations/HFSS correctly changed.
PyAEDT INFO: Exporting Touchstone C:/ffzhzh/LocalFiles/Ansys_Project_Files/temp_train_TSV_RDL_0_1783435666_41684_SNP/temp_train_TSV_RDL_0_1783435666_41684.s2p
PyAEDT INFO: Touchstone correctly exported to C:/ffzhzh/LocalFiles/Ansys_Project_Files/temp_train_TSV_RDL_0_1783435666_41684_SNP/temp_train_TSV_RDL_0_1783435666_41684.s2p
[train / TSV_RDL - Task 0] simulation completed: C:\ffzhzh\SyncFiles\Temp\HFSS_sim\LHS150_50_Connection2\train\TSV_RDL\dut0.s2p
PyAEDT INFO: Desktop has been released and closed.
[train / TSV_RDL - Task 5] simulation started.
PyAEDT INFO: Python version 3.11.15 | packaged by Anaconda, Inc. | (main, Mar 11 2026, 17:12:15) [MSC v.1942 64 bit (AMD64)].
PyAEDT INFO: PyAEDT version 1.0.1.
PyAEDT INFO: Initializing new Desktop session.
PyAEDT INFO: AEDT version 2026.1.
PyAEDT INFO: New AEDT session is starting on gRPC port 14902.
PyAEDT INFO: Starting new AEDT gRPC session on port 14902.
PyAEDT INFO: Launching AEDT server with gRPC transport mode: TransportMode.WNUA
PyAEDT INFO: Electronics Desktop started on gRPC port 14902 after 9.4 seconds.
PyAEDT INFO: AEDT installation Path C:\Program Files\ANSYS Inc\v261\AnsysEM
PyAEDT INFO: Connected to AEDT gRPC session on port 14902.
PyAEDT INFO: Non-graphical mode detected. Disabling Desktop logs.
PyAEDT INFO: Parsing C:\ffzhzh\LocalFiles\Ansys_Project_Files\temp_train_TSV_RDL_5_1783436399_41684.aedt.
PyAEDT INFO: Python version 3.11.15 | packaged by Anaconda, Inc. | (main, Mar 11 2026, 17:12:15) [MSC v.1942 64 bit (AMD64)].
PyAEDT INFO: PyAEDT version 1.0.1.
PyAEDT INFO: Returning found Desktop session with PID 12692!
PyAEDT INFO: File C:\ffzhzh\LocalFiles\Ansys_Project_Files\temp_train_TSV_RDL_5_1783436399_41684.aedt correctly loaded. Elapsed time: 0m 0sec
PyAEDT INFO: Project temp_train_TSV_RDL_5_1783436399_41684 has been opened.
PyAEDT INFO: Active Design set to TSV_RDL
PyAEDT INFO: AEDT objects correctly read
PyAEDT INFO: Modeler class has been initialized! Elapsed time: 0m 0sec
PyAEDT INFO: Project temp_train_TSV_RDL_5_1783436399_41684 Saved correctly
PyAEDT INFO: Key Desktop/ActiveDSOConfigurations/HFSS correctly changed.
PyAEDT INFO: Solving all design setups. Analysis started...
PyAEDT INFO: Design setup None solved correctly in 0.0h 12.0m 20.0s
PyAEDT INFO: Key Desktop/ActiveDSOConfigurations/HFSS correctly changed.
PyAEDT INFO: Exporting Touchstone C:/ffzhzh/LocalFiles/Ansys_Project_Files/temp_train_TSV_RDL_4_1783435666_28540_SNP/temp_train_TSV_RDL_4_1783435666_28540.s2p
PyAEDT INFO: Touchstone correctly exported to C:/ffzhzh/LocalFiles/Ansys_Project_Files/temp_train_TSV_RDL_4_1783435666_28540_SNP/temp_train_TSV_RDL_4_1783435666_28540.s2p
[train / TSV_RDL - Task 4] simulation completed: C:\ffzhzh\SyncFiles\Temp\HFSS_sim\LHS150_50_Connection2\train\TSV_RDL\dut4.s2p
PyAEDT INFO: Desktop has been released and closed.
[train / TSV_RDL - Task 6] simulation started.
PyAEDT INFO: Python version 3.11.15 | packaged by Anaconda, Inc. | (main, Mar 11 2026, 17:12:15) [MSC v.1942 64 bit (AMD64)].
PyAEDT INFO: PyAEDT version 1.0.1.
PyAEDT INFO: Initializing new Desktop session.
PyAEDT INFO: AEDT version 2026.1.
PyAEDT INFO: New AEDT session is starting on gRPC port 14978.
PyAEDT INFO: Starting new AEDT gRPC session on port 14978.
PyAEDT INFO: Launching AEDT server with gRPC transport mode: TransportMode.WNUA
PyAEDT INFO: Electronics Desktop started on gRPC port 14978 after 4.9 seconds.
PyAEDT INFO: AEDT installation Path C:\Program Files\ANSYS Inc\v261\AnsysEM
PyAEDT INFO: Connected to AEDT gRPC session on port 14978.
PyAEDT INFO: Non-graphical mode detected. Disabling Desktop logs.
PyAEDT INFO: Parsing C:\ffzhzh\LocalFiles\Ansys_Project_Files\temp_train_TSV_RDL_6_1783436430_28540.aedt.
PyAEDT INFO: Python version 3.11.15 | packaged by Anaconda, Inc. | (main, Mar 11 2026, 17:12:15) [MSC v.1942 64 bit (AMD64)].
PyAEDT INFO: PyAEDT version 1.0.1.
PyAEDT INFO: Returning found Desktop session with PID 43004!
PyAEDT INFO: File C:\ffzhzh\LocalFiles\Ansys_Project_Files\temp_train_TSV_RDL_6_1783436430_28540.aedt correctly loaded. Elapsed time: 0m 0sec
PyAEDT INFO: Project temp_train_TSV_RDL_6_1783436430_28540 has been opened.
PyAEDT INFO: Active Design set to TSV_RDL
PyAEDT INFO: AEDT objects correctly read
PyAEDT INFO: Modeler class has been initialized! Elapsed time: 0m 0sec
PyAEDT INFO: Project temp_train_TSV_RDL_6_1783436430_28540 Saved correctly
PyAEDT INFO: Key Desktop/ActiveDSOConfigurations/HFSS correctly changed.
PyAEDT INFO: Solving all design setups. Analysis started...
PyAEDT INFO: Design setup None solved correctly in 0.0h 14.0m 19.0s
PyAEDT INFO: Key Desktop/ActiveDSOConfigurations/HFSS correctly changed.
PyAEDT INFO: Exporting Touchstone C:/ffzhzh/LocalFiles/Ansys_Project_Files/temp_train_TSV_RDL_2_1783435666_7600_SNP/temp_train_TSV_RDL_2_1783435666_7600.s2p
PyAEDT INFO: Touchstone correctly exported to C:/ffzhzh/LocalFiles/Ansys_Project_Files/temp_train_TSV_RDL_2_1783435666_7600_SNP/temp_train_TSV_RDL_2_1783435666_7600.s2p
[train / TSV_RDL - Task 2] simulation completed: C:\ffzhzh\SyncFiles\Temp\HFSS_sim\LHS150_50_Connection2\train\TSV_RDL\dut2.s2p
PyAEDT INFO: Desktop has been released and closed.
[train / TSV_RDL - Task 7] simulation started.
PyAEDT INFO: Python version 3.11.15 | packaged by Anaconda, Inc. | (main, Mar 11 2026, 17:12:15) [MSC v.1942 64 bit (AMD64)].
PyAEDT INFO: PyAEDT version 1.0.1.
PyAEDT INFO: Initializing new Desktop session.
PyAEDT INFO: AEDT version 2026.1.
PyAEDT INFO: New AEDT session is starting on gRPC port 14663.
PyAEDT INFO: Starting new AEDT gRPC session on port 14663.
PyAEDT INFO: Launching AEDT server with gRPC transport mode: TransportMode.WNUA
PyAEDT INFO: Electronics Desktop started on gRPC port 14663 after 4.6 seconds.
PyAEDT INFO: AEDT installation Path C:\Program Files\ANSYS Inc\v261\AnsysEM
PyAEDT INFO: Connected to AEDT gRPC session on port 14663.
PyAEDT INFO: Non-graphical mode detected. Disabling Desktop logs.
PyAEDT INFO: Parsing C:\ffzhzh\LocalFiles\Ansys_Project_Files\temp_train_TSV_RDL_7_1783436546_7600.aedt.
PyAEDT INFO: Python version 3.11.15 | packaged by Anaconda, Inc. | (main, Mar 11 2026, 17:12:15) [MSC v.1942 64 bit (AMD64)].
PyAEDT INFO: PyAEDT version 1.0.1.
PyAEDT INFO: Returning found Desktop session with PID 13836!
PyAEDT INFO: File C:\ffzhzh\LocalFiles\Ansys_Project_Files\temp_train_TSV_RDL_7_1783436546_7600.aedt correctly loaded. Elapsed time: 0m 0sec
PyAEDT INFO: Project temp_train_TSV_RDL_7_1783436546_7600 has been opened.
PyAEDT INFO: Active Design set to TSV_RDL
PyAEDT INFO: AEDT objects correctly read
PyAEDT INFO: Modeler class has been initialized! Elapsed time: 0m 0sec
PyAEDT INFO: Project temp_train_TSV_RDL_7_1783436546_7600 Saved correctly
PyAEDT INFO: Key Desktop/ActiveDSOConfigurations/HFSS correctly changed.
PyAEDT INFO: Solving all design setups. Analysis started...
PyAEDT INFO: Design setup None solved correctly in 0.0h 16.0m 20.0s
PyAEDT INFO: Key Desktop/ActiveDSOConfigurations/HFSS correctly changed.
PyAEDT INFO: Exporting Touchstone C:/ffzhzh/LocalFiles/Ansys_Project_Files/temp_train_TSV_RDL_3_1783435666_34316_SNP/temp_train_TSV_RDL_3_1783435666_34316.s2p
PyAEDT INFO: Touchstone correctly exported to C:/ffzhzh/LocalFiles/Ansys_Project_Files/temp_train_TSV_RDL_3_1783435666_34316_SNP/temp_train_TSV_RDL_3_1783435666_34316.s2p
[train / TSV_RDL - Task 3] simulation completed: C:\ffzhzh\SyncFiles\Temp\HFSS_sim\LHS150_50_Connection2\train\TSV_RDL\dut3.s2p
PyAEDT INFO: Desktop has been released and closed.
[train / TSV_RDL - Task 8] simulation started.
PyAEDT INFO: Python version 3.11.15 | packaged by Anaconda, Inc. | (main, Mar 11 2026, 17:12:15) [MSC v.1942 64 bit (AMD64)].
PyAEDT INFO: PyAEDT version 1.0.1.
PyAEDT INFO: Initializing new Desktop session.
PyAEDT INFO: AEDT version 2026.1.
PyAEDT INFO: New AEDT session is starting on gRPC port 1164.
PyAEDT INFO: Starting new AEDT gRPC session on port 1164.
PyAEDT INFO: Launching AEDT server with gRPC transport mode: TransportMode.WNUA
PyAEDT INFO: Electronics Desktop started on gRPC port 1164 after 5.4 seconds.
PyAEDT INFO: AEDT installation Path C:\Program Files\ANSYS Inc\v261\AnsysEM
PyAEDT INFO: Connected to AEDT gRPC session on port 1164.
PyAEDT INFO: Non-graphical mode detected. Disabling Desktop logs.
PyAEDT INFO: Parsing C:\ffzhzh\LocalFiles\Ansys_Project_Files\temp_train_TSV_RDL_8_1783436672_34316.aedt.
PyAEDT INFO: Python version 3.11.15 | packaged by Anaconda, Inc. | (main, Mar 11 2026, 17:12:15) [MSC v.1942 64 bit (AMD64)].
PyAEDT INFO: PyAEDT version 1.0.1.
PyAEDT INFO: Returning found Desktop session with PID 43976!
PyAEDT INFO: File C:\ffzhzh\LocalFiles\Ansys_Project_Files\temp_train_TSV_RDL_8_1783436672_34316.aedt correctly loaded. Elapsed time: 0m 0sec
PyAEDT INFO: Project temp_train_TSV_RDL_8_1783436672_34316 has been opened.
PyAEDT INFO: Active Design set to TSV_RDL
PyAEDT INFO: AEDT objects correctly read
PyAEDT INFO: Modeler class has been initialized! Elapsed time: 0m 0sec
PyAEDT INFO: Project temp_train_TSV_RDL_8_1783436672_34316 Saved correctly
PyAEDT INFO: Key Desktop/ActiveDSOConfigurations/HFSS correctly changed.
PyAEDT INFO: Solving all design setups. Analysis started...
PyAEDT INFO: Design setup None solved correctly in 0.0h 20.0m 13.0s
PyAEDT INFO: Key Desktop/ActiveDSOConfigurations/HFSS correctly changed.
PyAEDT INFO: Exporting Touchstone C:/ffzhzh/LocalFiles/Ansys_Project_Files/temp_train_TSV_RDL_1_1783435666_50928_SNP/temp_train_TSV_RDL_1_1783435666_50928.s2p
PyAEDT INFO: Touchstone correctly exported to C:/ffzhzh/LocalFiles/Ansys_Project_Files/temp_train_TSV_RDL_1_1783435666_50928_SNP/temp_train_TSV_RDL_1_1783435666_50928.s2p
[train / TSV_RDL - Task 1] simulation completed: C:\ffzhzh\SyncFiles\Temp\HFSS_sim\LHS150_50_Connection2\train\TSV_RDL\dut1.s2p
PyAEDT INFO: Desktop has been released and closed.
[train / TSV_RDL - Task 9] simulation started.
PyAEDT INFO: Python version 3.11.15 | packaged by Anaconda, Inc. | (main, Mar 11 2026, 17:12:15) [MSC v.1942 64 bit (AMD64)].
PyAEDT INFO: PyAEDT version 1.0.1.
PyAEDT INFO: Initializing new Desktop session.
PyAEDT INFO: AEDT version 2026.1.
PyAEDT INFO: New AEDT session is starting on gRPC port 8349.
PyAEDT INFO: Starting new AEDT gRPC session on port 8349.
PyAEDT INFO: Launching AEDT server with gRPC transport mode: TransportMode.WNUA
PyAEDT INFO: Electronics Desktop started on gRPC port 8349 after 5.7 seconds.
PyAEDT INFO: AEDT installation Path C:\Program Files\ANSYS Inc\v261\AnsysEM
PyAEDT INFO: Connected to AEDT gRPC session on port 8349.
PyAEDT INFO: Non-graphical mode detected. Disabling Desktop logs.
PyAEDT INFO: Parsing C:\ffzhzh\LocalFiles\Ansys_Project_Files\temp_train_TSV_RDL_9_1783436902_50928.aedt.
PyAEDT INFO: Python version 3.11.15 | packaged by Anaconda, Inc. | (main, Mar 11 2026, 17:12:15) [MSC v.1942 64 bit (AMD64)].
PyAEDT INFO: PyAEDT version 1.0.1.
PyAEDT INFO: Returning found Desktop session with PID 1580!
PyAEDT INFO: File C:\ffzhzh\LocalFiles\Ansys_Project_Files\temp_train_TSV_RDL_9_1783436902_50928.aedt correctly loaded. Elapsed time: 0m 0sec
PyAEDT INFO: Project temp_train_TSV_RDL_9_1783436902_50928 has been opened.
PyAEDT INFO: Active Design set to TSV_RDL
PyAEDT INFO: AEDT objects correctly read
PyAEDT INFO: Modeler class has been initialized! Elapsed time: 0m 0sec
PyAEDT INFO: Project temp_train_TSV_RDL_9_1783436902_50928 Saved correctly
PyAEDT INFO: Key Desktop/ActiveDSOConfigurations/HFSS correctly changed.
PyAEDT INFO: Solving all design setups. Analysis started...
PyAEDT INFO: Design setup None solved correctly in 0.0h 12.0m 16.0s
PyAEDT INFO: Key Desktop/ActiveDSOConfigurations/HFSS correctly changed.
PyAEDT INFO: Exporting Touchstone C:/ffzhzh/LocalFiles/Ansys_Project_Files/temp_train_TSV_RDL_5_1783436399_41684_SNP/temp_train_TSV_RDL_5_1783436399_41684.s2p
PyAEDT INFO: Touchstone correctly exported to C:/ffzhzh/LocalFiles/Ansys_Project_Files/temp_train_TSV_RDL_5_1783436399_41684_SNP/temp_train_TSV_RDL_5_1783436399_41684.s2p
PyAEDT INFO: Solving all design setups. Analysis started...
PyAEDT INFO: Design setup None solved correctly in 0.0h 11.0m 59.0s
PyAEDT INFO: Key Desktop/ActiveDSOConfigurations/HFSS correctly changed.
PyAEDT INFO: Exporting Touchstone C:/ffzhzh/LocalFiles/Ansys_Project_Files/temp_train_TSV_RDL_6_1783436430_28540_SNP/temp_train_TSV_RDL_6_1783436430_28540.s2p
[train / TSV_RDL - Task 5] simulation completed: C:\ffzhzh\SyncFiles\Temp\HFSS_sim\LHS150_50_Connection2\train\TSV_RDL\dut5.s2p
PyAEDT INFO: Desktop has been released and closed.
PyAEDT INFO: Touchstone correctly exported to C:/ffzhzh/LocalFiles/Ansys_Project_Files/temp_train_TSV_RDL_6_1783436430_28540_SNP/temp_train_TSV_RDL_6_1783436430_28540.s2p
[train / TSV_RDL - Task 10] simulation started.
PyAEDT INFO: Python version 3.11.15 | packaged by Anaconda, Inc. | (main, Mar 11 2026, 17:12:15) [MSC v.1942 64 bit (AMD64)].
PyAEDT INFO: PyAEDT version 1.0.1.
PyAEDT INFO: Initializing new Desktop session.
PyAEDT INFO: AEDT version 2026.1.
PyAEDT INFO: New AEDT session is starting on gRPC port 7190.
PyAEDT INFO: Starting new AEDT gRPC session on port 7190.
PyAEDT INFO: Launching AEDT server with gRPC transport mode: TransportMode.WNUA
[train / TSV_RDL - Task 6] simulation completed: C:\ffzhzh\SyncFiles\Temp\HFSS_sim\LHS150_50_Connection2\train\TSV_RDL\dut6.s2p
PyAEDT INFO: Desktop has been released and closed.
[train / TSV_RDL - Task 11] simulation started.
PyAEDT INFO: Python version 3.11.15 | packaged by Anaconda, Inc. | (main, Mar 11 2026, 17:12:15) [MSC v.1942 64 bit (AMD64)].
PyAEDT INFO: PyAEDT version 1.0.1.
PyAEDT INFO: Initializing new Desktop session.
PyAEDT INFO: AEDT version 2026.1.
PyAEDT INFO: New AEDT session is starting on gRPC port 7193.
PyAEDT INFO: Starting new AEDT gRPC session on port 7193.
PyAEDT INFO: Launching AEDT server with gRPC transport mode: TransportMode.WNUA
PyAEDT INFO: Electronics Desktop started on gRPC port 7190 after 6.2 seconds.
PyAEDT INFO: AEDT installation Path C:\Program Files\ANSYS Inc\v261\AnsysEM
PyAEDT INFO: Connected to AEDT gRPC session on port 7190.
PyAEDT INFO: Non-graphical mode detected. Disabling Desktop logs.
PyAEDT INFO: Parsing C:\ffzhzh\LocalFiles\Ansys_Project_Files\temp_train_TSV_RDL_10_1783437163_41684.aedt.
PyAEDT INFO: Python version 3.11.15 | packaged by Anaconda, Inc. | (main, Mar 11 2026, 17:12:15) [MSC v.1942 64 bit (AMD64)].
PyAEDT INFO: PyAEDT version 1.0.1.
PyAEDT INFO: Returning found Desktop session with PID 51648!
PyAEDT INFO: File C:\ffzhzh\LocalFiles\Ansys_Project_Files\temp_train_TSV_RDL_10_1783437163_41684.aedt correctly loaded. Elapsed time: 0m 0sec
PyAEDT INFO: Project temp_train_TSV_RDL_10_1783437163_41684 has been opened.
PyAEDT INFO: Active Design set to TSV_RDL
PyAEDT INFO: AEDT objects correctly read
PyAEDT INFO: Modeler class has been initialized! Elapsed time: 0m 0sec
PyAEDT INFO: Electronics Desktop started on gRPC port 7193 after 4.5 seconds.
PyAEDT INFO: AEDT installation Path C:\Program Files\ANSYS Inc\v261\AnsysEM
PyAEDT INFO: Connected to AEDT gRPC session on port 7193.
PyAEDT INFO: Non-graphical mode detected. Disabling Desktop logs.
PyAEDT INFO: Parsing C:\ffzhzh\LocalFiles\Ansys_Project_Files\temp_train_TSV_RDL_11_1783437167_28540.aedt.
PyAEDT INFO: Python version 3.11.15 | packaged by Anaconda, Inc. | (main, Mar 11 2026, 17:12:15) [MSC v.1942 64 bit (AMD64)].
PyAEDT INFO: PyAEDT version 1.0.1.
PyAEDT INFO: Returning found Desktop session with PID 24784!
PyAEDT INFO: File C:\ffzhzh\LocalFiles\Ansys_Project_Files\temp_train_TSV_RDL_11_1783437167_28540.aedt correctly loaded. Elapsed time: 0m 0sec
PyAEDT INFO: Project temp_train_TSV_RDL_10_1783437163_41684 Saved correctly
PyAEDT INFO: Key Desktop/ActiveDSOConfigurations/HFSS correctly changed.
PyAEDT INFO: Project temp_train_TSV_RDL_11_1783437167_28540 has been opened.
PyAEDT INFO: Active Design set to TSV_RDL
PyAEDT INFO: AEDT objects correctly read
PyAEDT INFO: Modeler class has been initialized! Elapsed time: 0m 0sec
PyAEDT INFO: Project temp_train_TSV_RDL_11_1783437167_28540 Saved correctly
PyAEDT INFO: Key Desktop/ActiveDSOConfigurations/HFSS correctly changed.
PyAEDT INFO: Solving all design setups. Analysis started...
PyAEDT INFO: Design setup None solved correctly in 0.0h 13.0m 24.0s
PyAEDT INFO: Key Desktop/ActiveDSOConfigurations/HFSS correctly changed.
PyAEDT INFO: Exporting Touchstone C:/ffzhzh/LocalFiles/Ansys_Project_Files/temp_train_TSV_RDL_7_1783436546_7600_SNP/temp_train_TSV_RDL_7_1783436546_7600.s2p
PyAEDT INFO: Touchstone correctly exported to C:/ffzhzh/LocalFiles/Ansys_Project_Files/temp_train_TSV_RDL_7_1783436546_7600_SNP/temp_train_TSV_RDL_7_1783436546_7600.s2p
[train / TSV_RDL - Task 7] simulation completed: C:\ffzhzh\SyncFiles\Temp\HFSS_sim\LHS150_50_Connection2\train\TSV_RDL\dut7.s2p
PyAEDT INFO: Desktop has been released and closed.
[train / TSV_RDL - Task 12] simulation started.
PyAEDT INFO: Python version 3.11.15 | packaged by Anaconda, Inc. | (main, Mar 11 2026, 17:12:15) [MSC v.1942 64 bit (AMD64)].
PyAEDT INFO: PyAEDT version 1.0.1.
PyAEDT INFO: Initializing new Desktop session.
PyAEDT INFO: AEDT version 2026.1.
PyAEDT INFO: New AEDT session is starting on gRPC port 13884.
PyAEDT INFO: Starting new AEDT gRPC session on port 13884.
PyAEDT INFO: Launching AEDT server with gRPC transport mode: TransportMode.WNUA
PyAEDT INFO: Electronics Desktop started on gRPC port 13884 after 6.7 seconds.
PyAEDT INFO: AEDT installation Path C:\Program Files\ANSYS Inc\v261\AnsysEM
PyAEDT INFO: Connected to AEDT gRPC session on port 13884.
PyAEDT INFO: Non-graphical mode detected. Disabling Desktop logs.
PyAEDT INFO: Parsing C:\ffzhzh\LocalFiles\Ansys_Project_Files\temp_train_TSV_RDL_12_1783437372_7600.aedt.
PyAEDT INFO: Python version 3.11.15 | packaged by Anaconda, Inc. | (main, Mar 11 2026, 17:12:15) [MSC v.1942 64 bit (AMD64)].
PyAEDT INFO: PyAEDT version 1.0.1.
PyAEDT INFO: Returning found Desktop session with PID 56344!
PyAEDT INFO: File C:\ffzhzh\LocalFiles\Ansys_Project_Files\temp_train_TSV_RDL_12_1783437372_7600.aedt correctly loaded. Elapsed time: 0m 0sec
PyAEDT INFO: Project temp_train_TSV_RDL_12_1783437372_7600 has been opened.
PyAEDT INFO: Active Design set to TSV_RDL
PyAEDT INFO: AEDT objects correctly read
PyAEDT INFO: Modeler class has been initialized! Elapsed time: 0m 0sec
PyAEDT INFO: Project temp_train_TSV_RDL_12_1783437372_7600 Saved correctly
PyAEDT INFO: Key Desktop/ActiveDSOConfigurations/HFSS correctly changed.
PyAEDT INFO: Solving all design setups. Analysis started...
PyAEDT INFO: Design setup None solved correctly in 0.0h 15.0m 34.0s
PyAEDT INFO: Key Desktop/ActiveDSOConfigurations/HFSS correctly changed.
PyAEDT INFO: Exporting Touchstone C:/ffzhzh/LocalFiles/Ansys_Project_Files/temp_train_TSV_RDL_8_1783436672_34316_SNP/temp_train_TSV_RDL_8_1783436672_34316.s2p
PyAEDT INFO: Touchstone correctly exported to C:/ffzhzh/LocalFiles/Ansys_Project_Files/temp_train_TSV_RDL_8_1783436672_34316_SNP/temp_train_TSV_RDL_8_1783436672_34316.s2p
[train / TSV_RDL - Task 8] simulation completed: C:\ffzhzh\SyncFiles\Temp\HFSS_sim\LHS150_50_Connection2\train\TSV_RDL\dut8.s2p
PyAEDT INFO: Desktop has been released and closed.
[train / TSV_RDL - Task 13] simulation started.
PyAEDT INFO: Python version 3.11.15 | packaged by Anaconda, Inc. | (main, Mar 11 2026, 17:12:15) [MSC v.1942 64 bit (AMD64)].
PyAEDT INFO: PyAEDT version 1.0.1.
PyAEDT INFO: Initializing new Desktop session.
PyAEDT INFO: AEDT version 2026.1.
PyAEDT INFO: New AEDT session is starting on gRPC port 8708.
PyAEDT INFO: Starting new AEDT gRPC session on port 8708.
PyAEDT INFO: Launching AEDT server with gRPC transport mode: TransportMode.WNUA
PyAEDT INFO: Electronics Desktop started on gRPC port 8708 after 6.3 seconds.
PyAEDT INFO: AEDT installation Path C:\Program Files\ANSYS Inc\v261\AnsysEM
PyAEDT INFO: Connected to AEDT gRPC session on port 8708.
PyAEDT INFO: Non-graphical mode detected. Disabling Desktop logs.
PyAEDT INFO: Parsing C:\ffzhzh\LocalFiles\Ansys_Project_Files\temp_train_TSV_RDL_13_1783437629_34316.aedt.
PyAEDT INFO: Python version 3.11.15 | packaged by Anaconda, Inc. | (main, Mar 11 2026, 17:12:15) [MSC v.1942 64 bit (AMD64)].
PyAEDT INFO: PyAEDT version 1.0.1.
PyAEDT INFO: Returning found Desktop session with PID 37840!
PyAEDT INFO: File C:\ffzhzh\LocalFiles\Ansys_Project_Files\temp_train_TSV_RDL_13_1783437629_34316.aedt correctly loaded. Elapsed time: 0m 0sec
PyAEDT INFO: Project temp_train_TSV_RDL_13_1783437629_34316 has been opened.
PyAEDT INFO: Active Design set to TSV_RDL
PyAEDT INFO: AEDT objects correctly read
PyAEDT INFO: Modeler class has been initialized! Elapsed time: 0m 0sec
PyAEDT INFO: Project temp_train_TSV_RDL_13_1783437629_34316 Saved correctly
PyAEDT INFO: Key Desktop/ActiveDSOConfigurations/HFSS correctly changed.
PyAEDT INFO: Solving all design setups. Analysis started...
PyAEDT INFO: Design setup None solved correctly in 0.0h 10.0m 21.0s
PyAEDT INFO: Key Desktop/ActiveDSOConfigurations/HFSS correctly changed.
PyAEDT INFO: Exporting Touchstone C:/ffzhzh/LocalFiles/Ansys_Project_Files/temp_train_TSV_RDL_10_1783437163_41684_SNP/temp_train_TSV_RDL_10_1783437163_41684.s2p
PyAEDT INFO: Touchstone correctly exported to C:/ffzhzh/LocalFiles/Ansys_Project_Files/temp_train_TSV_RDL_10_1783437163_41684_SNP/temp_train_TSV_RDL_10_1783437163_41684.s2p
[train / TSV_RDL - Task 10] simulation completed: C:\ffzhzh\SyncFiles\Temp\HFSS_sim\LHS150_50_Connection2\train\TSV_RDL\dut10.s2p
PyAEDT INFO: Desktop has been released and closed.
[train / TSV_RDL - Task 14] simulation started.
PyAEDT INFO: Python version 3.11.15 | packaged by Anaconda, Inc. | (main, Mar 11 2026, 17:12:15) [MSC v.1942 64 bit (AMD64)].
PyAEDT INFO: PyAEDT version 1.0.1.
PyAEDT INFO: Initializing new Desktop session.
PyAEDT INFO: AEDT version 2026.1.
PyAEDT INFO: New AEDT session is starting on gRPC port 8473.
PyAEDT INFO: Starting new AEDT gRPC session on port 8473.
PyAEDT INFO: Launching AEDT server with gRPC transport mode: TransportMode.WNUA
PyAEDT INFO: Electronics Desktop started on gRPC port 8473 after 6.3 seconds.
PyAEDT INFO: AEDT installation Path C:\Program Files\ANSYS Inc\v261\AnsysEM
PyAEDT INFO: Connected to AEDT gRPC session on port 8473.
PyAEDT INFO: Non-graphical mode detected. Disabling Desktop logs.
PyAEDT INFO: Parsing C:\ffzhzh\LocalFiles\Ansys_Project_Files\temp_train_TSV_RDL_14_1783437809_41684.aedt.
PyAEDT INFO: Python version 3.11.15 | packaged by Anaconda, Inc. | (main, Mar 11 2026, 17:12:15) [MSC v.1942 64 bit (AMD64)].
PyAEDT INFO: PyAEDT version 1.0.1.
PyAEDT INFO: Returning found Desktop session with PID 47640!
PyAEDT INFO: File C:\ffzhzh\LocalFiles\Ansys_Project_Files\temp_train_TSV_RDL_14_1783437809_41684.aedt correctly loaded. Elapsed time: 0m 0sec
PyAEDT INFO: Project temp_train_TSV_RDL_14_1783437809_41684 has been opened.
PyAEDT INFO: Active Design set to TSV_RDL
PyAEDT INFO: AEDT objects correctly read
PyAEDT INFO: Modeler class has been initialized! Elapsed time: 0m 0sec
PyAEDT INFO: Project temp_train_TSV_RDL_14_1783437809_41684 Saved correctly
PyAEDT INFO: Key Desktop/ActiveDSOConfigurations/HFSS correctly changed.
PyAEDT INFO: Solving all design setups. Analysis started...
PyAEDT INFO: Design setup None solved correctly in 0.0h 15.0m 54.0s
PyAEDT INFO: Key Desktop/ActiveDSOConfigurations/HFSS correctly changed.
PyAEDT INFO: Exporting Touchstone C:/ffzhzh/LocalFiles/Ansys_Project_Files/temp_train_TSV_RDL_9_1783436902_50928_SNP/temp_train_TSV_RDL_9_1783436902_50928.s2p
PyAEDT INFO: Touchstone correctly exported to C:/ffzhzh/LocalFiles/Ansys_Project_Files/temp_train_TSV_RDL_9_1783436902_50928_SNP/temp_train_TSV_RDL_9_1783436902_50928.s2p
[train / TSV_RDL - Task 9] simulation completed: C:\ffzhzh\SyncFiles\Temp\HFSS_sim\LHS150_50_Connection2\train\TSV_RDL\dut9.s2p
PyAEDT INFO: Desktop has been released and closed.
[train / TSV_RDL - Task 15] simulation started.
PyAEDT INFO: Python version 3.11.15 | packaged by Anaconda, Inc. | (main, Mar 11 2026, 17:12:15) [MSC v.1942 64 bit (AMD64)].
PyAEDT INFO: PyAEDT version 1.0.1.
PyAEDT INFO: Initializing new Desktop session.
PyAEDT INFO: AEDT version 2026.1.
PyAEDT INFO: New AEDT session is starting on gRPC port 12488.
PyAEDT INFO: Starting new AEDT gRPC session on port 12488.
PyAEDT INFO: Launching AEDT server with gRPC transport mode: TransportMode.WNUA
PyAEDT INFO: Electronics Desktop started on gRPC port 12488 after 5.5 seconds.
PyAEDT INFO: AEDT installation Path C:\Program Files\ANSYS Inc\v261\AnsysEM
PyAEDT INFO: Connected to AEDT gRPC session on port 12488.
PyAEDT INFO: Non-graphical mode detected. Disabling Desktop logs.
PyAEDT INFO: Parsing C:\ffzhzh\LocalFiles\Ansys_Project_Files\temp_train_TSV_RDL_15_1783437879_50928.aedt.
PyAEDT INFO: Python version 3.11.15 | packaged by Anaconda, Inc. | (main, Mar 11 2026, 17:12:15) [MSC v.1942 64 bit (AMD64)].
PyAEDT INFO: PyAEDT version 1.0.1.
PyAEDT INFO: Returning found Desktop session with PID 4168!
PyAEDT INFO: File C:\ffzhzh\LocalFiles\Ansys_Project_Files\temp_train_TSV_RDL_15_1783437879_50928.aedt correctly loaded. Elapsed time: 0m 0sec
PyAEDT INFO: Project temp_train_TSV_RDL_15_1783437879_50928 has been opened.
PyAEDT INFO: Active Design set to TSV_RDL
PyAEDT INFO: AEDT objects correctly read
PyAEDT INFO: Modeler class has been initialized! Elapsed time: 0m 0sec
PyAEDT INFO: Project temp_train_TSV_RDL_15_1783437879_50928 Saved correctly
PyAEDT INFO: Key Desktop/ActiveDSOConfigurations/HFSS correctly changed.
PyAEDT INFO: Solving all design setups. Analysis started...
PyAEDT INFO: Design setup None solved correctly in 0.0h 12.0m 5.0s
PyAEDT INFO: Key Desktop/ActiveDSOConfigurations/HFSS correctly changed.
PyAEDT INFO: Exporting Touchstone C:/ffzhzh/LocalFiles/Ansys_Project_Files/temp_train_TSV_RDL_11_1783437167_28540_SNP/temp_train_TSV_RDL_11_1783437167_28540.s2p
PyAEDT INFO: Touchstone correctly exported to C:/ffzhzh/LocalFiles/Ansys_Project_Files/temp_train_TSV_RDL_11_1783437167_28540_SNP/temp_train_TSV_RDL_11_1783437167_28540.s2p
[train / TSV_RDL - Task 11] simulation completed: C:\ffzhzh\SyncFiles\Temp\HFSS_sim\LHS150_50_Connection2\train\TSV_RDL\dut11.s2p
PyAEDT INFO: Desktop has been released and closed.
[train / TSV_RDL - Task 16] simulation started.
PyAEDT INFO: Python version 3.11.15 | packaged by Anaconda, Inc. | (main, Mar 11 2026, 17:12:15) [MSC v.1942 64 bit (AMD64)].
PyAEDT INFO: PyAEDT version 1.0.1.
PyAEDT INFO: Initializing new Desktop session.
PyAEDT INFO: AEDT version 2026.1.
PyAEDT INFO: New AEDT session is starting on gRPC port 12553.
PyAEDT INFO: Starting new AEDT gRPC session on port 12553.
PyAEDT INFO: Launching AEDT server with gRPC transport mode: TransportMode.WNUA
PyAEDT INFO: Electronics Desktop started on gRPC port 12553 after 4.7 seconds.
PyAEDT INFO: AEDT installation Path C:\Program Files\ANSYS Inc\v261\AnsysEM
PyAEDT INFO: Connected to AEDT gRPC session on port 12553.
PyAEDT INFO: Non-graphical mode detected. Disabling Desktop logs.
PyAEDT INFO: Parsing C:\ffzhzh\LocalFiles\Ansys_Project_Files\temp_train_TSV_RDL_16_1783437914_28540.aedt.
PyAEDT INFO: Python version 3.11.15 | packaged by Anaconda, Inc. | (main, Mar 11 2026, 17:12:15) [MSC v.1942 64 bit (AMD64)].
PyAEDT INFO: PyAEDT version 1.0.1.
PyAEDT INFO: Returning found Desktop session with PID 19924!
PyAEDT INFO: File C:\ffzhzh\LocalFiles\Ansys_Project_Files\temp_train_TSV_RDL_16_1783437914_28540.aedt correctly loaded. Elapsed time: 0m 0sec
PyAEDT INFO: Project temp_train_TSV_RDL_16_1783437914_28540 has been opened.
PyAEDT INFO: Active Design set to TSV_RDL
PyAEDT INFO: AEDT objects correctly read
PyAEDT INFO: Modeler class has been initialized! Elapsed time: 0m 0sec
PyAEDT INFO: Project temp_train_TSV_RDL_16_1783437914_28540 Saved correctly
PyAEDT INFO: Key Desktop/ActiveDSOConfigurations/HFSS correctly changed.
PyAEDT INFO: Solving all design setups. Analysis started...
PyAEDT INFO: Design setup None solved correctly in 0.0h 6.0m 37.0s
PyAEDT INFO: Key Desktop/ActiveDSOConfigurations/HFSS correctly changed.
PyAEDT INFO: Exporting Touchstone C:/ffzhzh/LocalFiles/Ansys_Project_Files/temp_train_TSV_RDL_15_1783437879_50928_SNP/temp_train_TSV_RDL_15_1783437879_50928.s2p
PyAEDT INFO: Touchstone correctly exported to C:/ffzhzh/LocalFiles/Ansys_Project_Files/temp_train_TSV_RDL_15_1783437879_50928_SNP/temp_train_TSV_RDL_15_1783437879_50928.s2p
[train / TSV_RDL - Task 15] simulation completed: C:\ffzhzh\SyncFiles\Temp\HFSS_sim\LHS150_50_Connection2\train\TSV_RDL\dut15.s2p
PyAEDT INFO: Desktop has been released and closed.
[train / TSV_RDL - Task 17] simulation started.
PyAEDT INFO: Python version 3.11.15 | packaged by Anaconda, Inc. | (main, Mar 11 2026, 17:12:15) [MSC v.1942 64 bit (AMD64)].
PyAEDT INFO: PyAEDT version 1.0.1.
PyAEDT INFO: Initializing new Desktop session.
PyAEDT INFO: AEDT version 2026.1.
PyAEDT INFO: New AEDT session is starting on gRPC port 6430.
PyAEDT INFO: Starting new AEDT gRPC session on port 6430.
PyAEDT INFO: Launching AEDT server with gRPC transport mode: TransportMode.WNUA
PyAEDT INFO: Electronics Desktop started on gRPC port 6430 after 6.5 seconds.
PyAEDT INFO: AEDT installation Path C:\Program Files\ANSYS Inc\v261\AnsysEM
PyAEDT INFO: Connected to AEDT gRPC session on port 6430.
PyAEDT INFO: Non-graphical mode detected. Disabling Desktop logs.
PyAEDT INFO: Parsing C:\ffzhzh\LocalFiles\Ansys_Project_Files\temp_train_TSV_RDL_17_1783438299_50928.aedt.
PyAEDT INFO: Python version 3.11.15 | packaged by Anaconda, Inc. | (main, Mar 11 2026, 17:12:15) [MSC v.1942 64 bit (AMD64)].
PyAEDT INFO: PyAEDT version 1.0.1.
PyAEDT INFO: Returning found Desktop session with PID 6316!
PyAEDT INFO: File C:\ffzhzh\LocalFiles\Ansys_Project_Files\temp_train_TSV_RDL_17_1783438299_50928.aedt correctly loaded. Elapsed time: 0m 0sec
PyAEDT INFO: Project temp_train_TSV_RDL_17_1783438299_50928 has been opened.
PyAEDT INFO: Active Design set to TSV_RDL
PyAEDT INFO: AEDT objects correctly read
PyAEDT INFO: Modeler class has been initialized! Elapsed time: 0m 0sec
PyAEDT INFO: Project temp_train_TSV_RDL_17_1783438299_50928 Saved correctly
PyAEDT INFO: Key Desktop/ActiveDSOConfigurations/HFSS correctly changed.
PyAEDT INFO: Solving all design setups. Analysis started...
PyAEDT INFO: Design setup None solved correctly in 0.0h 11.0m 16.0s
PyAEDT INFO: Key Desktop/ActiveDSOConfigurations/HFSS correctly changed.
PyAEDT INFO: Exporting Touchstone C:/ffzhzh/LocalFiles/Ansys_Project_Files/temp_train_TSV_RDL_13_1783437629_34316_SNP/temp_train_TSV_RDL_13_1783437629_34316.s2p
PyAEDT INFO: Touchstone correctly exported to C:/ffzhzh/LocalFiles/Ansys_Project_Files/temp_train_TSV_RDL_13_1783437629_34316_SNP/temp_train_TSV_RDL_13_1783437629_34316.s2p
[train / TSV_RDL - Task 13] simulation completed: C:\ffzhzh\SyncFiles\Temp\HFSS_sim\LHS150_50_Connection2\train\TSV_RDL\dut13.s2p
PyAEDT INFO: Desktop has been released and closed.
[train / TSV_RDL - Task 18] simulation started.
PyAEDT INFO: Python version 3.11.15 | packaged by Anaconda, Inc. | (main, Mar 11 2026, 17:12:15) [MSC v.1942 64 bit (AMD64)].
PyAEDT INFO: PyAEDT version 1.0.1.
PyAEDT INFO: Initializing new Desktop session.
PyAEDT INFO: AEDT version 2026.1.
PyAEDT INFO: New AEDT session is starting on gRPC port 9635.
PyAEDT INFO: Starting new AEDT gRPC session on port 9635.
PyAEDT INFO: Launching AEDT server with gRPC transport mode: TransportMode.WNUA
PyAEDT INFO: Electronics Desktop started on gRPC port 9635 after 5.0 seconds.
PyAEDT INFO: AEDT installation Path C:\Program Files\ANSYS Inc\v261\AnsysEM
PyAEDT INFO: Connected to AEDT gRPC session on port 9635.
PyAEDT INFO: Non-graphical mode detected. Disabling Desktop logs.
PyAEDT INFO: Parsing C:\ffzhzh\LocalFiles\Ansys_Project_Files\temp_train_TSV_RDL_18_1783438321_34316.aedt.
PyAEDT INFO: Python version 3.11.15 | packaged by Anaconda, Inc. | (main, Mar 11 2026, 17:12:15) [MSC v.1942 64 bit (AMD64)].
PyAEDT INFO: PyAEDT version 1.0.1.
PyAEDT INFO: Returning found Desktop session with PID 43436!
PyAEDT INFO: File C:\ffzhzh\LocalFiles\Ansys_Project_Files\temp_train_TSV_RDL_18_1783438321_34316.aedt correctly loaded. Elapsed time: 0m 0sec
PyAEDT INFO: Project temp_train_TSV_RDL_18_1783438321_34316 has been opened.
PyAEDT INFO: Active Design set to TSV_RDL
PyAEDT INFO: AEDT objects correctly read
PyAEDT INFO: Modeler class has been initialized! Elapsed time: 0m 0sec
PyAEDT INFO: Project temp_train_TSV_RDL_18_1783438321_34316 Saved correctly
PyAEDT INFO: Key Desktop/ActiveDSOConfigurations/HFSS correctly changed.
PyAEDT INFO: Solving all design setups. Analysis started...
PyAEDT INFO: Design setup None solved correctly in 0.0h 13.0m 19.0s
PyAEDT INFO: Key Desktop/ActiveDSOConfigurations/HFSS correctly changed.
PyAEDT INFO: Exporting Touchstone C:/ffzhzh/LocalFiles/Ansys_Project_Files/temp_train_TSV_RDL_14_1783437809_41684_SNP/temp_train_TSV_RDL_14_1783437809_41684.s2p
PyAEDT INFO: Touchstone correctly exported to C:/ffzhzh/LocalFiles/Ansys_Project_Files/temp_train_TSV_RDL_14_1783437809_41684_SNP/temp_train_TSV_RDL_14_1783437809_41684.s2p
[train / TSV_RDL - Task 14] simulation completed: C:\ffzhzh\SyncFiles\Temp\HFSS_sim\LHS150_50_Connection2\train\TSV_RDL\dut14.s2p
PyAEDT INFO: Desktop has been released and closed.
[train / TSV_RDL - Task 19] simulation started.
PyAEDT INFO: Python version 3.11.15 | packaged by Anaconda, Inc. | (main, Mar 11 2026, 17:12:15) [MSC v.1942 64 bit (AMD64)].
PyAEDT INFO: PyAEDT version 1.0.1.
PyAEDT INFO: Initializing new Desktop session.
PyAEDT INFO: AEDT version 2026.1.
PyAEDT INFO: New AEDT session is starting on gRPC port 6607.
PyAEDT INFO: Starting new AEDT gRPC session on port 6607.
PyAEDT INFO: Launching AEDT server with gRPC transport mode: TransportMode.WNUA
PyAEDT INFO: Electronics Desktop started on gRPC port 6607 after 6.3 seconds.
PyAEDT INFO: AEDT installation Path C:\Program Files\ANSYS Inc\v261\AnsysEM
PyAEDT INFO: Connected to AEDT gRPC session on port 6607.
PyAEDT INFO: Non-graphical mode detected. Disabling Desktop logs.
PyAEDT INFO: Parsing C:\ffzhzh\LocalFiles\Ansys_Project_Files\temp_train_TSV_RDL_19_1783438631_41684.aedt.
PyAEDT INFO: Python version 3.11.15 | packaged by Anaconda, Inc. | (main, Mar 11 2026, 17:12:15) [MSC v.1942 64 bit (AMD64)].
PyAEDT INFO: PyAEDT version 1.0.1.
PyAEDT INFO: Returning found Desktop session with PID 42296!
PyAEDT INFO: File C:\ffzhzh\LocalFiles\Ansys_Project_Files\temp_train_TSV_RDL_19_1783438631_41684.aedt correctly loaded. Elapsed time: 0m 0sec
PyAEDT INFO: Project temp_train_TSV_RDL_19_1783438631_41684 has been opened.
PyAEDT INFO: Active Design set to TSV_RDL
PyAEDT INFO: AEDT objects correctly read
PyAEDT INFO: Modeler class has been initialized! Elapsed time: 0m 0sec
PyAEDT INFO: Project temp_train_TSV_RDL_19_1783438631_41684 Saved correctly
PyAEDT INFO: Key Desktop/ActiveDSOConfigurations/HFSS correctly changed.
PyAEDT INFO: Solving all design setups. Analysis started...
PyAEDT INFO: Design setup None solved correctly in 0.0h 13.0m 44.0s
PyAEDT INFO: Key Desktop/ActiveDSOConfigurations/HFSS correctly changed.
PyAEDT INFO: Exporting Touchstone C:/ffzhzh/LocalFiles/Ansys_Project_Files/temp_train_TSV_RDL_16_1783437914_28540_SNP/temp_train_TSV_RDL_16_1783437914_28540.s2p
PyAEDT INFO: Touchstone correctly exported to C:/ffzhzh/LocalFiles/Ansys_Project_Files/temp_train_TSV_RDL_16_1783437914_28540_SNP/temp_train_TSV_RDL_16_1783437914_28540.s2p
[train / TSV_RDL - Task 16] simulation completed: C:\ffzhzh\SyncFiles\Temp\HFSS_sim\LHS150_50_Connection2\train\TSV_RDL\dut16.s2p
PyAEDT INFO: Desktop has been released and closed.
[train / TSV_RDL - Task 20] simulation started.
PyAEDT INFO: Python version 3.11.15 | packaged by Anaconda, Inc. | (main, Mar 11 2026, 17:12:15) [MSC v.1942 64 bit (AMD64)].
PyAEDT INFO: PyAEDT version 1.0.1.
PyAEDT INFO: Initializing new Desktop session.
PyAEDT INFO: AEDT version 2026.1.
PyAEDT INFO: New AEDT session is starting on gRPC port 13195.
PyAEDT INFO: Starting new AEDT gRPC session on port 13195.
PyAEDT INFO: Launching AEDT server with gRPC transport mode: TransportMode.WNUA
PyAEDT INFO: Electronics Desktop started on gRPC port 13195 after 5.4 seconds.
PyAEDT INFO: AEDT installation Path C:\Program Files\ANSYS Inc\v261\AnsysEM
PyAEDT INFO: Connected to AEDT gRPC session on port 13195.
PyAEDT INFO: Non-graphical mode detected. Disabling Desktop logs.
PyAEDT INFO: Parsing C:\ffzhzh\LocalFiles\Ansys_Project_Files\temp_train_TSV_RDL_20_1783438755_28540.aedt.
PyAEDT INFO: Python version 3.11.15 | packaged by Anaconda, Inc. | (main, Mar 11 2026, 17:12:15) [MSC v.1942 64 bit (AMD64)].
PyAEDT INFO: PyAEDT version 1.0.1.
PyAEDT INFO: Returning found Desktop session with PID 36704!
PyAEDT INFO: File C:\ffzhzh\LocalFiles\Ansys_Project_Files\temp_train_TSV_RDL_20_1783438755_28540.aedt correctly loaded. Elapsed time: 0m 0sec
PyAEDT INFO: Project temp_train_TSV_RDL_20_1783438755_28540 has been opened.
PyAEDT INFO: Active Design set to TSV_RDL
PyAEDT INFO: AEDT objects correctly read
PyAEDT INFO: Modeler class has been initialized! Elapsed time: 0m 0sec
PyAEDT INFO: Project temp_train_TSV_RDL_20_1783438755_28540 Saved correctly
PyAEDT INFO: Key Desktop/ActiveDSOConfigurations/HFSS correctly changed.
PyAEDT INFO: Solving all design setups. Analysis started...
PyAEDT INFO: Design setup None solved correctly in 0.0h 13.0m 12.0s
PyAEDT INFO: Key Desktop/ActiveDSOConfigurations/HFSS correctly changed.
PyAEDT INFO: Exporting Touchstone C:/ffzhzh/LocalFiles/Ansys_Project_Files/temp_train_TSV_RDL_17_1783438299_50928_SNP/temp_train_TSV_RDL_17_1783438299_50928.s2p
PyAEDT INFO: Touchstone correctly exported to C:/ffzhzh/LocalFiles/Ansys_Project_Files/temp_train_TSV_RDL_17_1783438299_50928_SNP/temp_train_TSV_RDL_17_1783438299_50928.s2p
[train / TSV_RDL - Task 17] simulation completed: C:\ffzhzh\SyncFiles\Temp\HFSS_sim\LHS150_50_Connection2\train\TSV_RDL\dut17.s2p
PyAEDT INFO: Desktop has been released and closed.
[train / TSV_RDL - Task 21] simulation started.
PyAEDT INFO: Python version 3.11.15 | packaged by Anaconda, Inc. | (main, Mar 11 2026, 17:12:15) [MSC v.1942 64 bit (AMD64)].
PyAEDT INFO: PyAEDT version 1.0.1.
PyAEDT INFO: Initializing new Desktop session.
PyAEDT INFO: AEDT version 2026.1.
PyAEDT INFO: New AEDT session is starting on gRPC port 14785.
PyAEDT INFO: Starting new AEDT gRPC session on port 14785.
PyAEDT INFO: Launching AEDT server with gRPC transport mode: TransportMode.WNUA
PyAEDT INFO: Electronics Desktop started on gRPC port 14785 after 6.4 seconds.
PyAEDT INFO: AEDT installation Path C:\Program Files\ANSYS Inc\v261\AnsysEM
PyAEDT INFO: Connected to AEDT gRPC session on port 14785.
PyAEDT INFO: Non-graphical mode detected. Disabling Desktop logs.
PyAEDT INFO: Parsing C:\ffzhzh\LocalFiles\Ansys_Project_Files\temp_train_TSV_RDL_21_1783439117_50928.aedt.
PyAEDT INFO: Python version 3.11.15 | packaged by Anaconda, Inc. | (main, Mar 11 2026, 17:12:15) [MSC v.1942 64 bit (AMD64)].
PyAEDT INFO: PyAEDT version 1.0.1.
PyAEDT INFO: Returning found Desktop session with PID 43944!
PyAEDT INFO: File C:\ffzhzh\LocalFiles\Ansys_Project_Files\temp_train_TSV_RDL_21_1783439117_50928.aedt correctly loaded. Elapsed time: 0m 0sec
PyAEDT INFO: Project temp_train_TSV_RDL_21_1783439117_50928 has been opened.
PyAEDT INFO: Active Design set to TSV_RDL
PyAEDT INFO: AEDT objects correctly read
PyAEDT INFO: Modeler class has been initialized! Elapsed time: 0m 0sec
PyAEDT INFO: Project temp_train_TSV_RDL_21_1783439117_50928 Saved correctly
PyAEDT INFO: Key Desktop/ActiveDSOConfigurations/HFSS correctly changed.
PyAEDT INFO: Solving all design setups. Analysis started...
PyAEDT INFO: Design setup None solved correctly in 0.0h 11.0m 40.0s
PyAEDT INFO: Key Desktop/ActiveDSOConfigurations/HFSS correctly changed.
PyAEDT INFO: Exporting Touchstone C:/ffzhzh/LocalFiles/Ansys_Project_Files/temp_train_TSV_RDL_19_1783438631_41684_SNP/temp_train_TSV_RDL_19_1783438631_41684.s2p
PyAEDT INFO: Touchstone correctly exported to C:/ffzhzh/LocalFiles/Ansys_Project_Files/temp_train_TSV_RDL_19_1783438631_41684_SNP/temp_train_TSV_RDL_19_1783438631_41684.s2p
[train / TSV_RDL - Task 19] simulation completed: C:\ffzhzh\SyncFiles\Temp\HFSS_sim\LHS150_50_Connection2\train\TSV_RDL\dut19.s2p
PyAEDT INFO: Desktop has been released and closed.
[train / TSV_RDL - Task 22] simulation started.
PyAEDT INFO: Python version 3.11.15 | packaged by Anaconda, Inc. | (main, Mar 11 2026, 17:12:15) [MSC v.1942 64 bit (AMD64)].
PyAEDT INFO: PyAEDT version 1.0.1.
PyAEDT INFO: Initializing new Desktop session.
PyAEDT INFO: AEDT version 2026.1.
PyAEDT INFO: New AEDT session is starting on gRPC port 3609.
PyAEDT INFO: Starting new AEDT gRPC session on port 3609.
PyAEDT INFO: Launching AEDT server with gRPC transport mode: TransportMode.WNUA
PyAEDT INFO: Electronics Desktop started on gRPC port 3609 after 6.3 seconds.
PyAEDT INFO: AEDT installation Path C:\Program Files\ANSYS Inc\v261\AnsysEM
PyAEDT INFO: Connected to AEDT gRPC session on port 3609.
PyAEDT INFO: Non-graphical mode detected. Disabling Desktop logs.
PyAEDT INFO: Parsing C:\ffzhzh\LocalFiles\Ansys_Project_Files\temp_train_TSV_RDL_22_1783439358_41684.aedt.
PyAEDT INFO: Python version 3.11.15 | packaged by Anaconda, Inc. | (main, Mar 11 2026, 17:12:15) [MSC v.1942 64 bit (AMD64)].
PyAEDT INFO: PyAEDT version 1.0.1.
PyAEDT INFO: Returning found Desktop session with PID 28400!
PyAEDT INFO: File C:\ffzhzh\LocalFiles\Ansys_Project_Files\temp_train_TSV_RDL_22_1783439358_41684.aedt correctly loaded. Elapsed time: 0m 0sec
PyAEDT INFO: Project temp_train_TSV_RDL_22_1783439358_41684 has been opened.
PyAEDT INFO: Active Design set to TSV_RDL
PyAEDT INFO: AEDT objects correctly read
PyAEDT INFO: Modeler class has been initialized! Elapsed time: 0m 0sec
PyAEDT INFO: Project temp_train_TSV_RDL_22_1783439358_41684 Saved correctly
PyAEDT INFO: Key Desktop/ActiveDSOConfigurations/HFSS correctly changed.
PyAEDT INFO: Solving all design setups. Analysis started...
PyAEDT INFO: Design setup None solved correctly in 0.0h 34.0m 21.0s
PyAEDT INFO: Key Desktop/ActiveDSOConfigurations/HFSS correctly changed.
PyAEDT INFO: Exporting Touchstone C:/ffzhzh/LocalFiles/Ansys_Project_Files/temp_train_TSV_RDL_12_1783437372_7600_SNP/temp_train_TSV_RDL_12_1783437372_7600.s2p
PyAEDT INFO: Touchstone correctly exported to C:/ffzhzh/LocalFiles/Ansys_Project_Files/temp_train_TSV_RDL_12_1783437372_7600_SNP/temp_train_TSV_RDL_12_1783437372_7600.s2p
[train / TSV_RDL - Task 12] simulation completed: C:\ffzhzh\SyncFiles\Temp\HFSS_sim\LHS150_50_Connection2\train\TSV_RDL\dut12.s2p
PyAEDT INFO: Desktop has been released and closed.
[train / TSV_RDL - Task 23] simulation started.
PyAEDT INFO: Python version 3.11.15 | packaged by Anaconda, Inc. | (main, Mar 11 2026, 17:12:15) [MSC v.1942 64 bit (AMD64)].
PyAEDT INFO: PyAEDT version 1.0.1.
PyAEDT INFO: Initializing new Desktop session.
PyAEDT INFO: AEDT version 2026.1.
PyAEDT INFO: New AEDT session is starting on gRPC port 3914.
PyAEDT INFO: Starting new AEDT gRPC session on port 3914.
PyAEDT INFO: Launching AEDT server with gRPC transport mode: TransportMode.WNUA
PyAEDT INFO: Electronics Desktop started on gRPC port 3914 after 6.1 seconds.
PyAEDT INFO: AEDT installation Path C:\Program Files\ANSYS Inc\v261\AnsysEM
PyAEDT INFO: Connected to AEDT gRPC session on port 3914.
PyAEDT INFO: Non-graphical mode detected. Disabling Desktop logs.
PyAEDT INFO: Parsing C:\ffzhzh\LocalFiles\Ansys_Project_Files\temp_train_TSV_RDL_23_1783439457_7600.aedt.
PyAEDT INFO: Python version 3.11.15 | packaged by Anaconda, Inc. | (main, Mar 11 2026, 17:12:15) [MSC v.1942 64 bit (AMD64)].
PyAEDT INFO: PyAEDT version 1.0.1.
PyAEDT INFO: Returning found Desktop session with PID 6448!
PyAEDT INFO: File C:\ffzhzh\LocalFiles\Ansys_Project_Files\temp_train_TSV_RDL_23_1783439457_7600.aedt correctly loaded. Elapsed time: 0m 0sec
PyAEDT INFO: Project temp_train_TSV_RDL_23_1783439457_7600 has been opened.
PyAEDT INFO: Active Design set to TSV_RDL
PyAEDT INFO: AEDT objects correctly read
PyAEDT INFO: Modeler class has been initialized! Elapsed time: 0m 0sec
PyAEDT INFO: Project temp_train_TSV_RDL_23_1783439457_7600 Saved correctly
PyAEDT INFO: Key Desktop/ActiveDSOConfigurations/HFSS correctly changed.
PyAEDT INFO: Solving all design setups. Analysis started...
PyAEDT INFO: Design setup None solved correctly in 0.0h 12.0m 37.0s
PyAEDT INFO: Key Desktop/ActiveDSOConfigurations/HFSS correctly changed.
PyAEDT INFO: Exporting Touchstone C:/ffzhzh/LocalFiles/Ansys_Project_Files/temp_train_TSV_RDL_20_1783438755_28540_SNP/temp_train_TSV_RDL_20_1783438755_28540.s2p
PyAEDT INFO: Touchstone correctly exported to C:/ffzhzh/LocalFiles/Ansys_Project_Files/temp_train_TSV_RDL_20_1783438755_28540_SNP/temp_train_TSV_RDL_20_1783438755_28540.s2p
[train / TSV_RDL - Task 20] simulation completed: C:\ffzhzh\SyncFiles\Temp\HFSS_sim\LHS150_50_Connection2\train\TSV_RDL\dut20.s2p
PyAEDT INFO: Desktop has been released and closed.
[train / TSV_RDL - Task 24] simulation started.
PyAEDT INFO: Python version 3.11.15 | packaged by Anaconda, Inc. | (main, Mar 11 2026, 17:12:15) [MSC v.1942 64 bit (AMD64)].
PyAEDT INFO: PyAEDT version 1.0.1.
PyAEDT INFO: Initializing new Desktop session.
PyAEDT INFO: AEDT version 2026.1.
PyAEDT INFO: New AEDT session is starting on gRPC port 9845.
PyAEDT INFO: Starting new AEDT gRPC session on port 9845.
PyAEDT INFO: Launching AEDT server with gRPC transport mode: TransportMode.WNUA
PyAEDT INFO: Electronics Desktop started on gRPC port 9845 after 4.4 seconds.
PyAEDT INFO: AEDT installation Path C:\Program Files\ANSYS Inc\v261\AnsysEM
PyAEDT INFO: Connected to AEDT gRPC session on port 9845.
PyAEDT INFO: Non-graphical mode detected. Disabling Desktop logs.
PyAEDT INFO: Parsing C:\ffzhzh\LocalFiles\Ansys_Project_Files\temp_train_TSV_RDL_24_1783439537_28540.aedt.
PyAEDT INFO: Python version 3.11.15 | packaged by Anaconda, Inc. | (main, Mar 11 2026, 17:12:15) [MSC v.1942 64 bit (AMD64)].
PyAEDT INFO: PyAEDT version 1.0.1.
PyAEDT INFO: Returning found Desktop session with PID 13508!
PyAEDT INFO: File C:\ffzhzh\LocalFiles\Ansys_Project_Files\temp_train_TSV_RDL_24_1783439537_28540.aedt correctly loaded. Elapsed time: 0m 0sec
PyAEDT INFO: Project temp_train_TSV_RDL_24_1783439537_28540 has been opened.
PyAEDT INFO: Active Design set to TSV_RDL
PyAEDT INFO: AEDT objects correctly read
PyAEDT INFO: Modeler class has been initialized! Elapsed time: 0m 0sec
PyAEDT INFO: Project temp_train_TSV_RDL_24_1783439537_28540 Saved correctly
PyAEDT INFO: Key Desktop/ActiveDSOConfigurations/HFSS correctly changed.
PyAEDT INFO: Solving all design setups. Analysis started...
PyAEDT INFO: Design setup None solved correctly in 0.0h 24.0m 35.0s
PyAEDT INFO: Key Desktop/ActiveDSOConfigurations/HFSS correctly changed.
PyAEDT INFO: Exporting Touchstone C:/ffzhzh/LocalFiles/Ansys_Project_Files/temp_train_TSV_RDL_18_1783438321_34316_SNP/temp_train_TSV_RDL_18_1783438321_34316.s2p
PyAEDT INFO: Touchstone correctly exported to C:/ffzhzh/LocalFiles/Ansys_Project_Files/temp_train_TSV_RDL_18_1783438321_34316_SNP/temp_train_TSV_RDL_18_1783438321_34316.s2p
[train / TSV_RDL - Task 18] simulation completed: C:\ffzhzh\SyncFiles\Temp\HFSS_sim\LHS150_50_Connection2\train\TSV_RDL\dut18.s2p
PyAEDT INFO: Desktop has been released and closed.
[train / TSV_RDL - Task 25] simulation started.
PyAEDT INFO: Python version 3.11.15 | packaged by Anaconda, Inc. | (main, Mar 11 2026, 17:12:15) [MSC v.1942 64 bit (AMD64)].
PyAEDT INFO: PyAEDT version 1.0.1.
PyAEDT INFO: Initializing new Desktop session.
PyAEDT INFO: AEDT version 2026.1.
PyAEDT INFO: New AEDT session is starting on gRPC port 8861.
PyAEDT INFO: Starting new AEDT gRPC session on port 8861.
PyAEDT INFO: Launching AEDT server with gRPC transport mode: TransportMode.WNUA
PyAEDT INFO: Solving all design setups. Analysis started...
PyAEDT INFO: Design setup None solved correctly in 0.0h 11.0m 32.0s
PyAEDT INFO: Key Desktop/ActiveDSOConfigurations/HFSS correctly changed.
PyAEDT INFO: Exporting Touchstone C:/ffzhzh/LocalFiles/Ansys_Project_Files/temp_train_TSV_RDL_21_1783439117_50928_SNP/temp_train_TSV_RDL_21_1783439117_50928.s2p
PyAEDT INFO: Touchstone correctly exported to C:/ffzhzh/LocalFiles/Ansys_Project_Files/temp_train_TSV_RDL_21_1783439117_50928_SNP/temp_train_TSV_RDL_21_1783439117_50928.s2p
PyAEDT INFO: Electronics Desktop started on gRPC port 8861 after 5.7 seconds.
PyAEDT INFO: AEDT installation Path C:\Program Files\ANSYS Inc\v261\AnsysEM
PyAEDT INFO: Connected to AEDT gRPC session on port 8861.
PyAEDT INFO: Non-graphical mode detected. Disabling Desktop logs.
PyAEDT INFO: Parsing C:\ffzhzh\LocalFiles\Ansys_Project_Files\temp_train_TSV_RDL_25_1783439816_34316.aedt.
PyAEDT INFO: Python version 3.11.15 | packaged by Anaconda, Inc. | (main, Mar 11 2026, 17:12:15) [MSC v.1942 64 bit (AMD64)].
PyAEDT INFO: PyAEDT version 1.0.1.
PyAEDT INFO: Returning found Desktop session with PID 56984!
PyAEDT INFO: File C:\ffzhzh\LocalFiles\Ansys_Project_Files\temp_train_TSV_RDL_25_1783439816_34316.aedt correctly loaded. Elapsed time: 0m 0sec
PyAEDT INFO: Project temp_train_TSV_RDL_25_1783439816_34316 has been opened.
PyAEDT INFO: Active Design set to TSV_RDL
PyAEDT INFO: AEDT objects correctly read
PyAEDT INFO: Modeler class has been initialized! Elapsed time: 0m 0sec
PyAEDT INFO: Project temp_train_TSV_RDL_25_1783439816_34316 Saved correctly
PyAEDT INFO: Key Desktop/ActiveDSOConfigurations/HFSS correctly changed.
[train / TSV_RDL - Task 21] simulation completed: C:\ffzhzh\SyncFiles\Temp\HFSS_sim\LHS150_50_Connection2\train\TSV_RDL\dut21.s2p
PyAEDT INFO: Desktop has been released and closed.
[train / TSV_RDL - Task 26] simulation started.
PyAEDT INFO: Python version 3.11.15 | packaged by Anaconda, Inc. | (main, Mar 11 2026, 17:12:15) [MSC v.1942 64 bit (AMD64)].
PyAEDT INFO: PyAEDT version 1.0.1.
PyAEDT INFO: Initializing new Desktop session.
PyAEDT INFO: AEDT version 2026.1.
PyAEDT INFO: New AEDT session is starting on gRPC port 8920.
PyAEDT INFO: Starting new AEDT gRPC session on port 8920.
PyAEDT INFO: Launching AEDT server with gRPC transport mode: TransportMode.WNUA
PyAEDT INFO: Electronics Desktop started on gRPC port 8920 after 4.5 seconds.
PyAEDT INFO: AEDT installation Path C:\Program Files\ANSYS Inc\v261\AnsysEM
PyAEDT INFO: Connected to AEDT gRPC session on port 8920.
PyAEDT INFO: Non-graphical mode detected. Disabling Desktop logs.
PyAEDT INFO: Parsing C:\ffzhzh\LocalFiles\Ansys_Project_Files\temp_train_TSV_RDL_26_1783439830_50928.aedt.
PyAEDT INFO: Python version 3.11.15 | packaged by Anaconda, Inc. | (main, Mar 11 2026, 17:12:15) [MSC v.1942 64 bit (AMD64)].
PyAEDT INFO: PyAEDT version 1.0.1.
PyAEDT INFO: Returning found Desktop session with PID 39640!
PyAEDT INFO: File C:\ffzhzh\LocalFiles\Ansys_Project_Files\temp_train_TSV_RDL_26_1783439830_50928.aedt correctly loaded. Elapsed time: 0m 0sec
PyAEDT INFO: Project temp_train_TSV_RDL_26_1783439830_50928 has been opened.
PyAEDT INFO: Active Design set to TSV_RDL
PyAEDT INFO: AEDT objects correctly read
PyAEDT INFO: Modeler class has been initialized! Elapsed time: 0m 0sec
PyAEDT INFO: Project temp_train_TSV_RDL_26_1783439830_50928 Saved correctly
PyAEDT INFO: Key Desktop/ActiveDSOConfigurations/HFSS correctly changed.
PyAEDT INFO: Solving all design setups. Analysis started...
PyAEDT INFO: Design setup None solved correctly in 0.0h 15.0m 39.0s
PyAEDT INFO: Key Desktop/ActiveDSOConfigurations/HFSS correctly changed.
PyAEDT INFO: Exporting Touchstone C:/ffzhzh/LocalFiles/Ansys_Project_Files/temp_train_TSV_RDL_23_1783439457_7600_SNP/temp_train_TSV_RDL_23_1783439457_7600.s2p
PyAEDT INFO: Touchstone correctly exported to C:/ffzhzh/LocalFiles/Ansys_Project_Files/temp_train_TSV_RDL_23_1783439457_7600_SNP/temp_train_TSV_RDL_23_1783439457_7600.s2p
PyAEDT INFO: Solving all design setups. Analysis started...
PyAEDT INFO: Design setup None solved correctly in 0.0h 9.0m 47.0s
PyAEDT INFO: Key Desktop/ActiveDSOConfigurations/HFSS correctly changed.
PyAEDT INFO: Exporting Touchstone C:/ffzhzh/LocalFiles/Ansys_Project_Files/temp_train_TSV_RDL_25_1783439816_34316_SNP/temp_train_TSV_RDL_25_1783439816_34316.s2p
PyAEDT INFO: Touchstone correctly exported to C:/ffzhzh/LocalFiles/Ansys_Project_Files/temp_train_TSV_RDL_25_1783439816_34316_SNP/temp_train_TSV_RDL_25_1783439816_34316.s2p
[train / TSV_RDL - Task 23] simulation completed: C:\ffzhzh\SyncFiles\Temp\HFSS_sim\LHS150_50_Connection2\train\TSV_RDL\dut23.s2p
PyAEDT INFO: Desktop has been released and closed.
[train / TSV_RDL - Task 27] simulation started.
PyAEDT INFO: Python version 3.11.15 | packaged by Anaconda, Inc. | (main, Mar 11 2026, 17:12:15) [MSC v.1942 64 bit (AMD64)].
PyAEDT INFO: PyAEDT version 1.0.1.
PyAEDT INFO: Initializing new Desktop session.
PyAEDT INFO: AEDT version 2026.1.
PyAEDT INFO: New AEDT session is starting on gRPC port 6101.
PyAEDT INFO: Starting new AEDT gRPC session on port 6101.
PyAEDT INFO: Launching AEDT server with gRPC transport mode: TransportMode.WNUA
[train / TSV_RDL - Task 25] simulation completed: C:\ffzhzh\SyncFiles\Temp\HFSS_sim\LHS150_50_Connection2\train\TSV_RDL\dut25.s2p
PyAEDT INFO: Desktop has been released and closed.
[train / TSV_RDL - Task 28] simulation started.
PyAEDT INFO: Python version 3.11.15 | packaged by Anaconda, Inc. | (main, Mar 11 2026, 17:12:15) [MSC v.1942 64 bit (AMD64)].
PyAEDT INFO: PyAEDT version 1.0.1.
PyAEDT INFO: Initializing new Desktop session.
PyAEDT INFO: AEDT version 2026.1.
PyAEDT INFO: New AEDT session is starting on gRPC port 6104.
PyAEDT INFO: Starting new AEDT gRPC session on port 6104.
PyAEDT INFO: Launching AEDT server with gRPC transport mode: TransportMode.WNUA
PyAEDT INFO: Electronics Desktop started on gRPC port 6101 after 7.0 seconds.
PyAEDT INFO: AEDT installation Path C:\Program Files\ANSYS Inc\v261\AnsysEM
PyAEDT INFO: Connected to AEDT gRPC session on port 6101.
PyAEDT INFO: Non-graphical mode detected. Disabling Desktop logs.
PyAEDT INFO: Parsing C:\ffzhzh\LocalFiles\Ansys_Project_Files\temp_train_TSV_RDL_27_1783440423_7600.aedt.
PyAEDT INFO: Python version 3.11.15 | packaged by Anaconda, Inc. | (main, Mar 11 2026, 17:12:15) [MSC v.1942 64 bit (AMD64)].
PyAEDT INFO: PyAEDT version 1.0.1.
PyAEDT INFO: Returning found Desktop session with PID 3496!
PyAEDT INFO: File C:\ffzhzh\LocalFiles\Ansys_Project_Files\temp_train_TSV_RDL_27_1783440423_7600.aedt correctly loaded. Elapsed time: 0m 0sec
PyAEDT INFO: Electronics Desktop started on gRPC port 6104 after 4.5 seconds.
PyAEDT INFO: AEDT installation Path C:\Program Files\ANSYS Inc\v261\AnsysEM
PyAEDT INFO: Connected to AEDT gRPC session on port 6104.
PyAEDT INFO: Non-graphical mode detected. Disabling Desktop logs.
PyAEDT INFO: Parsing C:\ffzhzh\LocalFiles\Ansys_Project_Files\temp_train_TSV_RDL_28_1783440426_34316.aedt.
PyAEDT INFO: Python version 3.11.15 | packaged by Anaconda, Inc. | (main, Mar 11 2026, 17:12:15) [MSC v.1942 64 bit (AMD64)].
PyAEDT INFO: PyAEDT version 1.0.1.
PyAEDT INFO: Returning found Desktop session with PID 8184!
PyAEDT INFO: File C:\ffzhzh\LocalFiles\Ansys_Project_Files\temp_train_TSV_RDL_28_1783440426_34316.aedt correctly loaded. Elapsed time: 0m 0sec
PyAEDT INFO: Project temp_train_TSV_RDL_27_1783440423_7600 has been opened.
PyAEDT INFO: Active Design set to TSV_RDL
PyAEDT INFO: AEDT objects correctly read
PyAEDT INFO: Modeler class has been initialized! Elapsed time: 0m 0sec
PyAEDT INFO: Project temp_train_TSV_RDL_28_1783440426_34316 has been opened.
PyAEDT INFO: Active Design set to TSV_RDL
PyAEDT INFO: AEDT objects correctly read
PyAEDT INFO: Modeler class has been initialized! Elapsed time: 0m 0sec
PyAEDT INFO: Project temp_train_TSV_RDL_27_1783440423_7600 Saved correctly
PyAEDT INFO: Key Desktop/ActiveDSOConfigurations/HFSS correctly changed.
PyAEDT INFO: Project temp_train_TSV_RDL_28_1783440426_34316 Saved correctly
PyAEDT INFO: Key Desktop/ActiveDSOConfigurations/HFSS correctly changed.
PyAEDT INFO: Solving all design setups. Analysis started...
PyAEDT INFO: Design setup None solved correctly in 0.0h 12.0m 4.0s
PyAEDT INFO: Key Desktop/ActiveDSOConfigurations/HFSS correctly changed.
PyAEDT INFO: Exporting Touchstone C:/ffzhzh/LocalFiles/Ansys_Project_Files/temp_train_TSV_RDL_26_1783439830_50928_SNP/temp_train_TSV_RDL_26_1783439830_50928.s2p
PyAEDT INFO: Touchstone correctly exported to C:/ffzhzh/LocalFiles/Ansys_Project_Files/temp_train_TSV_RDL_26_1783439830_50928_SNP/temp_train_TSV_RDL_26_1783439830_50928.s2p
PyAEDT INFO: Solving all design setups. Analysis started...
PyAEDT INFO: Design setup None solved correctly in 0.0h 19.0m 59.0s
PyAEDT INFO: Key Desktop/ActiveDSOConfigurations/HFSS correctly changed.
PyAEDT INFO: Exporting Touchstone C:/ffzhzh/LocalFiles/Ansys_Project_Files/temp_train_TSV_RDL_22_1783439358_41684_SNP/temp_train_TSV_RDL_22_1783439358_41684.s2p
PyAEDT INFO: Touchstone correctly exported to C:/ffzhzh/LocalFiles/Ansys_Project_Files/temp_train_TSV_RDL_22_1783439358_41684_SNP/temp_train_TSV_RDL_22_1783439358_41684.s2p
[train / TSV_RDL - Task 26] simulation completed: C:\ffzhzh\SyncFiles\Temp\HFSS_sim\LHS150_50_Connection2\train\TSV_RDL\dut26.s2p
PyAEDT INFO: Desktop has been released and closed.
[train / TSV_RDL - Task 22] simulation completed: C:\ffzhzh\SyncFiles\Temp\HFSS_sim\LHS150_50_Connection2\train\TSV_RDL\dut22.s2p
PyAEDT INFO: Desktop has been released and closed.
[train / TSV_RDL - Task 29] simulation started.
PyAEDT INFO: Python version 3.11.15 | packaged by Anaconda, Inc. | (main, Mar 11 2026, 17:12:15) [MSC v.1942 64 bit (AMD64)].
PyAEDT INFO: PyAEDT version 1.0.1.
PyAEDT INFO: Initializing new Desktop session.
PyAEDT INFO: AEDT version 2026.1.
PyAEDT INFO: New AEDT session is starting on gRPC port 5132.
[train / TSV_RDL - Task 30] simulation started.
PyAEDT INFO: Python version 3.11.15 | packaged by Anaconda, Inc. | (main, Mar 11 2026, 17:12:15) [MSC v.1942 64 bit (AMD64)].
PyAEDT INFO: PyAEDT version 1.0.1.
PyAEDT INFO: Initializing new Desktop session.
PyAEDT INFO: AEDT version 2026.1.
PyAEDT INFO: Starting new AEDT gRPC session on port 5132.
PyAEDT INFO: Launching AEDT server with gRPC transport mode: TransportMode.WNUA
PyAEDT INFO: New AEDT session is starting on gRPC port 5160.
PyAEDT INFO: Starting new AEDT gRPC session on port 5160.
PyAEDT INFO: Launching AEDT server with gRPC transport mode: TransportMode.WNUA
PyAEDT INFO: Electronics Desktop started on gRPC port 5160 after 4.8 seconds.
PyAEDT INFO: AEDT installation Path C:\Program Files\ANSYS Inc\v261\AnsysEM
PyAEDT INFO: Connected to AEDT gRPC session on port 5160.
PyAEDT INFO: Non-graphical mode detected. Disabling Desktop logs.
PyAEDT INFO: Parsing C:\ffzhzh\LocalFiles\Ansys_Project_Files\temp_train_TSV_RDL_30_1783440578_41684.aedt.
PyAEDT INFO: Python version 3.11.15 | packaged by Anaconda, Inc. | (main, Mar 11 2026, 17:12:15) [MSC v.1942 64 bit (AMD64)].
PyAEDT INFO: PyAEDT version 1.0.1.
PyAEDT INFO: Returning found Desktop session with PID 5860!
PyAEDT INFO: File C:\ffzhzh\LocalFiles\Ansys_Project_Files\temp_train_TSV_RDL_30_1783440578_41684.aedt correctly loaded. Elapsed time: 0m 0sec
PyAEDT INFO: Electronics Desktop started on gRPC port 5132 after 6.4 seconds.
PyAEDT INFO: AEDT installation Path C:\Program Files\ANSYS Inc\v261\AnsysEM
PyAEDT INFO: Connected to AEDT gRPC session on port 5132.
PyAEDT INFO: Non-graphical mode detected. Disabling Desktop logs.
PyAEDT INFO: Parsing C:\ffzhzh\LocalFiles\Ansys_Project_Files\temp_train_TSV_RDL_29_1783440577_50928.aedt.
PyAEDT INFO: Python version 3.11.15 | packaged by Anaconda, Inc. | (main, Mar 11 2026, 17:12:15) [MSC v.1942 64 bit (AMD64)].
PyAEDT INFO: PyAEDT version 1.0.1.
PyAEDT INFO: Returning found Desktop session with PID 23680!
PyAEDT INFO: File C:\ffzhzh\LocalFiles\Ansys_Project_Files\temp_train_TSV_RDL_29_1783440577_50928.aedt correctly loaded. Elapsed time: 0m 0sec
PyAEDT INFO: Project temp_train_TSV_RDL_30_1783440578_41684 has been opened.
PyAEDT INFO: Project temp_train_TSV_RDL_29_1783440577_50928 has been opened.
PyAEDT INFO: Active Design set to TSV_RDL
PyAEDT INFO: AEDT objects correctly read
PyAEDT INFO: Modeler class has been initialized! Elapsed time: 0m 0sec
PyAEDT INFO: Active Design set to TSV_RDL
PyAEDT INFO: AEDT objects correctly read
PyAEDT INFO: Modeler class has been initialized! Elapsed time: 0m 0sec
PyAEDT INFO: Project temp_train_TSV_RDL_30_1783440578_41684 Saved correctly
PyAEDT INFO: Key Desktop/ActiveDSOConfigurations/HFSS correctly changed.
PyAEDT INFO: Project temp_train_TSV_RDL_29_1783440577_50928 Saved correctly
PyAEDT INFO: Key Desktop/ActiveDSOConfigurations/HFSS correctly changed.
PyAEDT INFO: Solving all design setups. Analysis started...
PyAEDT INFO: Design setup None solved correctly in 0.0h 9.0m 27.0s
PyAEDT INFO: Key Desktop/ActiveDSOConfigurations/HFSS correctly changed.
PyAEDT INFO: Exporting Touchstone C:/ffzhzh/LocalFiles/Ansys_Project_Files/temp_train_TSV_RDL_28_1783440426_34316_SNP/temp_train_TSV_RDL_28_1783440426_34316.s2p
PyAEDT INFO: Touchstone correctly exported to C:/ffzhzh/LocalFiles/Ansys_Project_Files/temp_train_TSV_RDL_28_1783440426_34316_SNP/temp_train_TSV_RDL_28_1783440426_34316.s2p
[train / TSV_RDL - Task 28] simulation completed: C:\ffzhzh\SyncFiles\Temp\HFSS_sim\LHS150_50_Connection2\train\TSV_RDL\dut28.s2p
PyAEDT INFO: Desktop has been released and closed.
[train / TSV_RDL - Task 31] simulation started.
PyAEDT INFO: Python version 3.11.15 | packaged by Anaconda, Inc. | (main, Mar 11 2026, 17:12:15) [MSC v.1942 64 bit (AMD64)].
PyAEDT INFO: PyAEDT version 1.0.1.
PyAEDT INFO: Initializing new Desktop session.
PyAEDT INFO: AEDT version 2026.1.
PyAEDT INFO: New AEDT session is starting on gRPC port 11439.
PyAEDT INFO: Starting new AEDT gRPC session on port 11439.
PyAEDT INFO: Launching AEDT server with gRPC transport mode: TransportMode.WNUA
PyAEDT INFO: Electronics Desktop started on gRPC port 11439 after 6.9 seconds.
PyAEDT INFO: AEDT installation Path C:\Program Files\ANSYS Inc\v261\AnsysEM
PyAEDT INFO: Connected to AEDT gRPC session on port 11439.
PyAEDT INFO: Non-graphical mode detected. Disabling Desktop logs.
PyAEDT INFO: Parsing C:\ffzhzh\LocalFiles\Ansys_Project_Files\temp_train_TSV_RDL_31_1783441013_34316.aedt.
PyAEDT INFO: Python version 3.11.15 | packaged by Anaconda, Inc. | (main, Mar 11 2026, 17:12:15) [MSC v.1942 64 bit (AMD64)].
PyAEDT INFO: PyAEDT version 1.0.1.
PyAEDT INFO: Returning found Desktop session with PID 41228!
PyAEDT INFO: File C:\ffzhzh\LocalFiles\Ansys_Project_Files\temp_train_TSV_RDL_31_1783441013_34316.aedt correctly loaded. Elapsed time: 0m 0sec
PyAEDT INFO: Project temp_train_TSV_RDL_31_1783441013_34316 has been opened.
PyAEDT INFO: Active Design set to TSV_RDL
PyAEDT INFO: AEDT objects correctly read
PyAEDT INFO: Modeler class has been initialized! Elapsed time: 0m 0sec
PyAEDT INFO: Project temp_train_TSV_RDL_31_1783441013_34316 Saved correctly
PyAEDT INFO: Key Desktop/ActiveDSOConfigurations/HFSS correctly changed.
PyAEDT INFO: Solving all design setups. Analysis started...
PyAEDT INFO: Design setup None solved correctly in 0.0h 12.0m 35.0s
PyAEDT INFO: Key Desktop/ActiveDSOConfigurations/HFSS correctly changed.
PyAEDT INFO: Exporting Touchstone C:/ffzhzh/LocalFiles/Ansys_Project_Files/temp_train_TSV_RDL_27_1783440423_7600_SNP/temp_train_TSV_RDL_27_1783440423_7600.s2p
PyAEDT INFO: Touchstone correctly exported to C:/ffzhzh/LocalFiles/Ansys_Project_Files/temp_train_TSV_RDL_27_1783440423_7600_SNP/temp_train_TSV_RDL_27_1783440423_7600.s2p
[train / TSV_RDL - Task 27] simulation completed: C:\ffzhzh\SyncFiles\Temp\HFSS_sim\LHS150_50_Connection2\train\TSV_RDL\dut27.s2p
PyAEDT INFO: Desktop has been released and closed.
[train / TSV_RDL - Task 32] simulation started.
PyAEDT INFO: Python version 3.11.15 | packaged by Anaconda, Inc. | (main, Mar 11 2026, 17:12:15) [MSC v.1942 64 bit (AMD64)].
PyAEDT INFO: PyAEDT version 1.0.1.
PyAEDT INFO: Initializing new Desktop session.
PyAEDT INFO: AEDT version 2026.1.
PyAEDT INFO: New AEDT session is starting on gRPC port 6875.
PyAEDT INFO: Starting new AEDT gRPC session on port 6875.
PyAEDT INFO: Launching AEDT server with gRPC transport mode: TransportMode.WNUA
PyAEDT INFO: Electronics Desktop started on gRPC port 6875 after 6.6 seconds.
PyAEDT INFO: AEDT installation Path C:\Program Files\ANSYS Inc\v261\AnsysEM
PyAEDT INFO: Connected to AEDT gRPC session on port 6875.
PyAEDT INFO: Non-graphical mode detected. Disabling Desktop logs.
PyAEDT INFO: Parsing C:\ffzhzh\LocalFiles\Ansys_Project_Files\temp_train_TSV_RDL_32_1783441203_7600.aedt.
PyAEDT INFO: Python version 3.11.15 | packaged by Anaconda, Inc. | (main, Mar 11 2026, 17:12:15) [MSC v.1942 64 bit (AMD64)].
PyAEDT INFO: PyAEDT version 1.0.1.
PyAEDT INFO: Returning found Desktop session with PID 55008!
PyAEDT INFO: File C:\ffzhzh\LocalFiles\Ansys_Project_Files\temp_train_TSV_RDL_32_1783441203_7600.aedt correctly loaded. Elapsed time: 0m 0sec
PyAEDT INFO: Project temp_train_TSV_RDL_32_1783441203_7600 has been opened.
PyAEDT INFO: Active Design set to TSV_RDL
PyAEDT INFO: AEDT objects correctly read
PyAEDT INFO: Modeler class has been initialized! Elapsed time: 0m 0sec
PyAEDT INFO: Project temp_train_TSV_RDL_32_1783441203_7600 Saved correctly
PyAEDT INFO: Key Desktop/ActiveDSOConfigurations/HFSS correctly changed.
PyAEDT INFO: Solving all design setups. Analysis started...
PyAEDT INFO: Design setup None solved correctly in 0.0h 10.0m 54.0s
PyAEDT INFO: Key Desktop/ActiveDSOConfigurations/HFSS correctly changed.
PyAEDT INFO: Exporting Touchstone C:/ffzhzh/LocalFiles/Ansys_Project_Files/temp_train_TSV_RDL_30_1783440578_41684_SNP/temp_train_TSV_RDL_30_1783440578_41684.s2p
PyAEDT INFO: Touchstone correctly exported to C:/ffzhzh/LocalFiles/Ansys_Project_Files/temp_train_TSV_RDL_30_1783440578_41684_SNP/temp_train_TSV_RDL_30_1783440578_41684.s2p
[train / TSV_RDL - Task 30] simulation completed: C:\ffzhzh\SyncFiles\Temp\HFSS_sim\LHS150_50_Connection2\train\TSV_RDL\dut30.s2p
PyAEDT INFO: Desktop has been released and closed.
PyAEDT INFO: Solving all design setups. Analysis started...
PyAEDT INFO: Design setup None solved correctly in 0.0h 11.0m 6.0s
PyAEDT INFO: Key Desktop/ActiveDSOConfigurations/HFSS correctly changed.
PyAEDT INFO: Exporting Touchstone C:/ffzhzh/LocalFiles/Ansys_Project_Files/temp_train_TSV_RDL_29_1783440577_50928_SNP/temp_train_TSV_RDL_29_1783440577_50928.s2p
PyAEDT INFO: Touchstone correctly exported to C:/ffzhzh/LocalFiles/Ansys_Project_Files/temp_train_TSV_RDL_29_1783440577_50928_SNP/temp_train_TSV_RDL_29_1783440577_50928.s2p
[train / TSV_RDL - Task 33] simulation started.
PyAEDT INFO: Python version 3.11.15 | packaged by Anaconda, Inc. | (main, Mar 11 2026, 17:12:15) [MSC v.1942 64 bit (AMD64)].
PyAEDT INFO: PyAEDT version 1.0.1.
PyAEDT INFO: Initializing new Desktop session.
PyAEDT INFO: AEDT version 2026.1.
PyAEDT INFO: New AEDT session is starting on gRPC port 7062.
PyAEDT INFO: Starting new AEDT gRPC session on port 7062.
PyAEDT INFO: Launching AEDT server with gRPC transport mode: TransportMode.WNUA
PyAEDT INFO: Electronics Desktop started on gRPC port 7062 after 4.7 seconds.
PyAEDT INFO: AEDT installation Path C:\Program Files\ANSYS Inc\v261\AnsysEM
PyAEDT INFO: Connected to AEDT gRPC session on port 7062.
PyAEDT INFO: Non-graphical mode detected. Disabling Desktop logs.
PyAEDT INFO: Parsing C:\ffzhzh\LocalFiles\Ansys_Project_Files\temp_train_TSV_RDL_33_1783441255_41684.aedt.
PyAEDT INFO: Python version 3.11.15 | packaged by Anaconda, Inc. | (main, Mar 11 2026, 17:12:15) [MSC v.1942 64 bit (AMD64)].
PyAEDT INFO: PyAEDT version 1.0.1.
PyAEDT INFO: Returning found Desktop session with PID 27824!
PyAEDT INFO: File C:\ffzhzh\LocalFiles\Ansys_Project_Files\temp_train_TSV_RDL_33_1783441255_41684.aedt correctly loaded. Elapsed time: 0m 0sec
PyAEDT INFO: Project temp_train_TSV_RDL_33_1783441255_41684 has been opened.
PyAEDT INFO: Active Design set to TSV_RDL
PyAEDT INFO: AEDT objects correctly read
PyAEDT INFO: Modeler class has been initialized! Elapsed time: 0m 0sec
PyAEDT INFO: Project temp_train_TSV_RDL_33_1783441255_41684 Saved correctly
PyAEDT INFO: Key Desktop/ActiveDSOConfigurations/HFSS correctly changed.
[train / TSV_RDL - Task 29] simulation completed: C:\ffzhzh\SyncFiles\Temp\HFSS_sim\LHS150_50_Connection2\train\TSV_RDL\dut29.s2p
PyAEDT INFO: Desktop has been released and closed.
[train / TSV_RDL - Task 34] simulation started.
PyAEDT INFO: Python version 3.11.15 | packaged by Anaconda, Inc. | (main, Mar 11 2026, 17:12:15) [MSC v.1942 64 bit (AMD64)].
PyAEDT INFO: PyAEDT version 1.0.1.
PyAEDT INFO: Initializing new Desktop session.
PyAEDT INFO: AEDT version 2026.1.
PyAEDT INFO: New AEDT session is starting on gRPC port 3181.
PyAEDT INFO: Starting new AEDT gRPC session on port 3181.
PyAEDT INFO: Launching AEDT server with gRPC transport mode: TransportMode.WNUA
PyAEDT INFO: Electronics Desktop started on gRPC port 3181 after 4.5 seconds.
PyAEDT INFO: AEDT installation Path C:\Program Files\ANSYS Inc\v261\AnsysEM
PyAEDT INFO: Connected to AEDT gRPC session on port 3181.
PyAEDT INFO: Non-graphical mode detected. Disabling Desktop logs.
PyAEDT INFO: Parsing C:\ffzhzh\LocalFiles\Ansys_Project_Files\temp_train_TSV_RDL_34_1783441268_50928.aedt.
PyAEDT INFO: Python version 3.11.15 | packaged by Anaconda, Inc. | (main, Mar 11 2026, 17:12:15) [MSC v.1942 64 bit (AMD64)].
PyAEDT INFO: PyAEDT version 1.0.1.
PyAEDT INFO: Returning found Desktop session with PID 43900!
PyAEDT INFO: File C:\ffzhzh\LocalFiles\Ansys_Project_Files\temp_train_TSV_RDL_34_1783441268_50928.aedt correctly loaded. Elapsed time: 0m 0sec
PyAEDT INFO: Project temp_train_TSV_RDL_34_1783441268_50928 has been opened.
PyAEDT INFO: Active Design set to TSV_RDL
PyAEDT INFO: AEDT objects correctly read
PyAEDT INFO: Modeler class has been initialized! Elapsed time: 0m 0sec
PyAEDT INFO: Project temp_train_TSV_RDL_34_1783441268_50928 Saved correctly
PyAEDT INFO: Key Desktop/ActiveDSOConfigurations/HFSS correctly changed.
PyAEDT INFO: Solving all design setups. Analysis started...
PyAEDT INFO: Design setup None solved correctly in 0.0h 8.0m 56.0s
PyAEDT INFO: Key Desktop/ActiveDSOConfigurations/HFSS correctly changed.
PyAEDT INFO: Exporting Touchstone C:/ffzhzh/LocalFiles/Ansys_Project_Files/temp_train_TSV_RDL_31_1783441013_34316_SNP/temp_train_TSV_RDL_31_1783441013_34316.s2p
PyAEDT INFO: Touchstone correctly exported to C:/ffzhzh/LocalFiles/Ansys_Project_Files/temp_train_TSV_RDL_31_1783441013_34316_SNP/temp_train_TSV_RDL_31_1783441013_34316.s2p
[train / TSV_RDL - Task 31] simulation completed: C:\ffzhzh\SyncFiles\Temp\HFSS_sim\LHS150_50_Connection2\train\TSV_RDL\dut31.s2p
PyAEDT INFO: Desktop has been released and closed.
[train / TSV_RDL - Task 35] simulation started.
PyAEDT INFO: Python version 3.11.15 | packaged by Anaconda, Inc. | (main, Mar 11 2026, 17:12:15) [MSC v.1942 64 bit (AMD64)].
PyAEDT INFO: PyAEDT version 1.0.1.
PyAEDT INFO: Initializing new Desktop session.
PyAEDT INFO: AEDT version 2026.1.
PyAEDT INFO: New AEDT session is starting on gRPC port 6998.
PyAEDT INFO: Starting new AEDT gRPC session on port 6998.
PyAEDT INFO: Launching AEDT server with gRPC transport mode: TransportMode.WNUA
PyAEDT INFO: Electronics Desktop started on gRPC port 6998 after 6.6 seconds.
PyAEDT INFO: AEDT installation Path C:\Program Files\ANSYS Inc\v261\AnsysEM
PyAEDT INFO: Connected to AEDT gRPC session on port 6998.
PyAEDT INFO: Non-graphical mode detected. Disabling Desktop logs.
PyAEDT INFO: Parsing C:\ffzhzh\LocalFiles\Ansys_Project_Files\temp_train_TSV_RDL_35_1783441574_34316.aedt.
PyAEDT INFO: Python version 3.11.15 | packaged by Anaconda, Inc. | (main, Mar 11 2026, 17:12:15) [MSC v.1942 64 bit (AMD64)].
PyAEDT INFO: PyAEDT version 1.0.1.
PyAEDT INFO: Returning found Desktop session with PID 32844!
PyAEDT INFO: File C:\ffzhzh\LocalFiles\Ansys_Project_Files\temp_train_TSV_RDL_35_1783441574_34316.aedt correctly loaded. Elapsed time: 0m 0sec
PyAEDT INFO: Project temp_train_TSV_RDL_35_1783441574_34316 has been opened.
PyAEDT INFO: Active Design set to TSV_RDL
PyAEDT INFO: AEDT objects correctly read
PyAEDT INFO: Modeler class has been initialized! Elapsed time: 0m 0sec
PyAEDT INFO: Project temp_train_TSV_RDL_35_1783441574_34316 Saved correctly
PyAEDT INFO: Key Desktop/ActiveDSOConfigurations/HFSS correctly changed.
PyAEDT INFO: Solving all design setups. Analysis started...
PyAEDT INFO: Design setup None solved correctly in 0.0h 7.0m 46.0s
PyAEDT INFO: Key Desktop/ActiveDSOConfigurations/HFSS correctly changed.
PyAEDT INFO: Solving all design setups. Analysis started...
PyAEDT INFO: Design setup None solved correctly in 0.0h 36.0m 25.0s
PyAEDT INFO: Key Desktop/ActiveDSOConfigurations/HFSS correctly changed.
PyAEDT INFO: Exporting Touchstone C:/ffzhzh/LocalFiles/Ansys_Project_Files/temp_train_TSV_RDL_33_1783441255_41684_SNP/temp_train_TSV_RDL_33_1783441255_41684.s2p
PyAEDT INFO: Touchstone correctly exported to C:/ffzhzh/LocalFiles/Ansys_Project_Files/temp_train_TSV_RDL_33_1783441255_41684_SNP/temp_train_TSV_RDL_33_1783441255_41684.s2p
PyAEDT INFO: Exporting Touchstone C:/ffzhzh/LocalFiles/Ansys_Project_Files/temp_train_TSV_RDL_24_1783439537_28540_SNP/temp_train_TSV_RDL_24_1783439537_28540.s2p
PyAEDT INFO: Touchstone correctly exported to C:/ffzhzh/LocalFiles/Ansys_Project_Files/temp_train_TSV_RDL_24_1783439537_28540_SNP/temp_train_TSV_RDL_24_1783439537_28540.s2p
[train / TSV_RDL - Task 33] simulation completed: C:\ffzhzh\SyncFiles\Temp\HFSS_sim\LHS150_50_Connection2\train\TSV_RDL\dut33.s2p
PyAEDT INFO: Desktop has been released and closed.
[train / TSV_RDL - Task 24] simulation completed: C:\ffzhzh\SyncFiles\Temp\HFSS_sim\LHS150_50_Connection2\train\TSV_RDL\dut24.s2p
PyAEDT INFO: Desktop has been released and closed.
[train / TSV_RDL - Task 36] simulation started.
PyAEDT INFO: Python version 3.11.15 | packaged by Anaconda, Inc. | (main, Mar 11 2026, 17:12:15) [MSC v.1942 64 bit (AMD64)].
PyAEDT INFO: PyAEDT version 1.0.1.
PyAEDT INFO: Initializing new Desktop session.
PyAEDT INFO: AEDT version 2026.1.
[train / TSV_RDL - Task 37] simulation started.
PyAEDT INFO: Python version 3.11.15 | packaged by Anaconda, Inc. | (main, Mar 11 2026, 17:12:15) [MSC v.1942 64 bit (AMD64)].
PyAEDT INFO: PyAEDT version 1.0.1.
PyAEDT INFO: Initializing new Desktop session.
PyAEDT INFO: AEDT version 2026.1.
PyAEDT INFO: New AEDT session is starting on gRPC port 8760.
PyAEDT INFO: New AEDT session is starting on gRPC port 8761.
PyAEDT INFO: Starting new AEDT gRPC session on port 8760.
PyAEDT INFO: Launching AEDT server with gRPC transport mode: TransportMode.WNUA
PyAEDT INFO: Starting new AEDT gRPC session on port 8761.
PyAEDT INFO: Launching AEDT server with gRPC transport mode: TransportMode.WNUA
PyAEDT INFO: Electronics Desktop started on gRPC port 8760 after 7.1 seconds.
PyAEDT INFO: AEDT installation Path C:\Program Files\ANSYS Inc\v261\AnsysEM
PyAEDT INFO: Connected to AEDT gRPC session on port 8760.
PyAEDT INFO: Non-graphical mode detected. Disabling Desktop logs.
PyAEDT INFO: Parsing C:\ffzhzh\LocalFiles\Ansys_Project_Files\temp_train_TSV_RDL_36_1783441744_41684.aedt.
PyAEDT INFO: Python version 3.11.15 | packaged by Anaconda, Inc. | (main, Mar 11 2026, 17:12:15) [MSC v.1942 64 bit (AMD64)].
PyAEDT INFO: PyAEDT version 1.0.1.
PyAEDT INFO: Returning found Desktop session with PID 50072!
PyAEDT INFO: Electronics Desktop started on gRPC port 8761 after 7.1 seconds.
PyAEDT INFO: AEDT installation Path C:\Program Files\ANSYS Inc\v261\AnsysEM
PyAEDT INFO: Connected to AEDT gRPC session on port 8761.
PyAEDT INFO: Non-graphical mode detected. Disabling Desktop logs.
PyAEDT INFO: Parsing C:\ffzhzh\LocalFiles\Ansys_Project_Files\temp_train_TSV_RDL_37_1783441745_28540.aedt.
PyAEDT INFO: Python version 3.11.15 | packaged by Anaconda, Inc. | (main, Mar 11 2026, 17:12:15) [MSC v.1942 64 bit (AMD64)].
PyAEDT INFO: PyAEDT version 1.0.1.
PyAEDT INFO: Returning found Desktop session with PID 50948!
PyAEDT INFO: File C:\ffzhzh\LocalFiles\Ansys_Project_Files\temp_train_TSV_RDL_36_1783441744_41684.aedt correctly loaded. Elapsed time: 0m 0sec
PyAEDT INFO: File C:\ffzhzh\LocalFiles\Ansys_Project_Files\temp_train_TSV_RDL_37_1783441745_28540.aedt correctly loaded. Elapsed time: 0m 0sec
PyAEDT INFO: Project temp_train_TSV_RDL_36_1783441744_41684 has been opened.
PyAEDT INFO: Project temp_train_TSV_RDL_37_1783441745_28540 has been opened.
PyAEDT INFO: Active Design set to TSV_RDL
PyAEDT INFO: Active Design set to TSV_RDL
PyAEDT INFO: AEDT objects correctly read
PyAEDT INFO: AEDT objects correctly read
PyAEDT INFO: Modeler class has been initialized! Elapsed time: 0m 0sec
PyAEDT INFO: Modeler class has been initialized! Elapsed time: 0m 0sec
PyAEDT INFO: Project temp_train_TSV_RDL_37_1783441745_28540 Saved correctly
PyAEDT INFO: Project temp_train_TSV_RDL_36_1783441744_41684 Saved correctly
PyAEDT INFO: Key Desktop/ActiveDSOConfigurations/HFSS correctly changed.
PyAEDT INFO: Key Desktop/ActiveDSOConfigurations/HFSS correctly changed.
PyAEDT INFO: Solving all design setups. Analysis started...
PyAEDT INFO: Design setup None solved correctly in 0.0h 13.0m 52.0s
PyAEDT INFO: Key Desktop/ActiveDSOConfigurations/HFSS correctly changed.
PyAEDT INFO: Exporting Touchstone C:/ffzhzh/LocalFiles/Ansys_Project_Files/temp_train_TSV_RDL_32_1783441203_7600_SNP/temp_train_TSV_RDL_32_1783441203_7600.s2p
PyAEDT INFO: Touchstone correctly exported to C:/ffzhzh/LocalFiles/Ansys_Project_Files/temp_train_TSV_RDL_32_1783441203_7600_SNP/temp_train_TSV_RDL_32_1783441203_7600.s2p
[train / TSV_RDL - Task 32] simulation completed: C:\ffzhzh\SyncFiles\Temp\HFSS_sim\LHS150_50_Connection2\train\TSV_RDL\dut32.s2p
PyAEDT INFO: Desktop has been released and closed.
[train / TSV_RDL - Task 38] simulation started.
PyAEDT INFO: Python version 3.11.15 | packaged by Anaconda, Inc. | (main, Mar 11 2026, 17:12:15) [MSC v.1942 64 bit (AMD64)].
PyAEDT INFO: PyAEDT version 1.0.1.
PyAEDT INFO: Initializing new Desktop session.
PyAEDT INFO: AEDT version 2026.1.
PyAEDT INFO: New AEDT session is starting on gRPC port 7973.
PyAEDT INFO: Starting new AEDT gRPC session on port 7973.
PyAEDT INFO: Launching AEDT server with gRPC transport mode: TransportMode.WNUA
PyAEDT INFO: Electronics Desktop started on gRPC port 7973 after 6.0 seconds.
PyAEDT INFO: AEDT installation Path C:\Program Files\ANSYS Inc\v261\AnsysEM
PyAEDT INFO: Connected to AEDT gRPC session on port 7973.
PyAEDT INFO: Non-graphical mode detected. Disabling Desktop logs.
PyAEDT INFO: Parsing C:\ffzhzh\LocalFiles\Ansys_Project_Files\temp_train_TSV_RDL_38_1783442060_7600.aedt.
PyAEDT INFO: Python version 3.11.15 | packaged by Anaconda, Inc. | (main, Mar 11 2026, 17:12:15) [MSC v.1942 64 bit (AMD64)].
PyAEDT INFO: PyAEDT version 1.0.1.
PyAEDT INFO: Returning found Desktop session with PID 13904!
PyAEDT INFO: File C:\ffzhzh\LocalFiles\Ansys_Project_Files\temp_train_TSV_RDL_38_1783442060_7600.aedt correctly loaded. Elapsed time: 0m 0sec
PyAEDT INFO: Project temp_train_TSV_RDL_38_1783442060_7600 has been opened.
PyAEDT INFO: Active Design set to TSV_RDL
PyAEDT INFO: AEDT objects correctly read
PyAEDT INFO: Modeler class has been initialized! Elapsed time: 0m 0sec
PyAEDT INFO: Project temp_train_TSV_RDL_38_1783442060_7600 Saved correctly
PyAEDT INFO: Key Desktop/ActiveDSOConfigurations/HFSS correctly changed.
PyAEDT INFO: Solving all design setups. Analysis started...
PyAEDT INFO: Design setup None solved correctly in 0.0h 10.0m 60.0s
PyAEDT INFO: Key Desktop/ActiveDSOConfigurations/HFSS correctly changed.
PyAEDT INFO: Exporting Touchstone C:/ffzhzh/LocalFiles/Ansys_Project_Files/temp_train_TSV_RDL_35_1783441574_34316_SNP/temp_train_TSV_RDL_35_1783441574_34316.s2p
PyAEDT INFO: Touchstone correctly exported to C:/ffzhzh/LocalFiles/Ansys_Project_Files/temp_train_TSV_RDL_35_1783441574_34316_SNP/temp_train_TSV_RDL_35_1783441574_34316.s2p
[train / TSV_RDL - Task 35] simulation completed: C:\ffzhzh\SyncFiles\Temp\HFSS_sim\LHS150_50_Connection2\train\TSV_RDL\dut35.s2p
PyAEDT INFO: Desktop has been released and closed.
[train / TSV_RDL - Task 39] simulation started.
PyAEDT INFO: Python version 3.11.15 | packaged by Anaconda, Inc. | (main, Mar 11 2026, 17:12:15) [MSC v.1942 64 bit (AMD64)].
PyAEDT INFO: PyAEDT version 1.0.1.
PyAEDT INFO: Initializing new Desktop session.
PyAEDT INFO: AEDT version 2026.1.
PyAEDT INFO: New AEDT session is starting on gRPC port 5560.
PyAEDT INFO: Starting new AEDT gRPC session on port 5560.
PyAEDT INFO: Launching AEDT server with gRPC transport mode: TransportMode.WNUA
PyAEDT INFO: Electronics Desktop started on gRPC port 5560 after 7.0 seconds.
PyAEDT INFO: AEDT installation Path C:\Program Files\ANSYS Inc\v261\AnsysEM
PyAEDT INFO: Connected to AEDT gRPC session on port 5560.
PyAEDT INFO: Non-graphical mode detected. Disabling Desktop logs.
PyAEDT INFO: Parsing C:\ffzhzh\LocalFiles\Ansys_Project_Files\temp_train_TSV_RDL_39_1783442261_34316.aedt.
PyAEDT INFO: Python version 3.11.15 | packaged by Anaconda, Inc. | (main, Mar 11 2026, 17:12:15) [MSC v.1942 64 bit (AMD64)].
PyAEDT INFO: PyAEDT version 1.0.1.
PyAEDT INFO: Returning found Desktop session with PID 4872!
PyAEDT INFO: File C:\ffzhzh\LocalFiles\Ansys_Project_Files\temp_train_TSV_RDL_39_1783442261_34316.aedt correctly loaded. Elapsed time: 0m 0sec
PyAEDT INFO: Project temp_train_TSV_RDL_39_1783442261_34316 has been opened.
PyAEDT INFO: Active Design set to TSV_RDL
PyAEDT INFO: AEDT objects correctly read
PyAEDT INFO: Modeler class has been initialized! Elapsed time: 0m 0sec
PyAEDT INFO: Project temp_train_TSV_RDL_39_1783442261_34316 Saved correctly
PyAEDT INFO: Key Desktop/ActiveDSOConfigurations/HFSS correctly changed.
PyAEDT INFO: Solving all design setups. Analysis started...
PyAEDT INFO: Design setup None solved correctly in 0.0h 11.0m 54.0s
PyAEDT INFO: Key Desktop/ActiveDSOConfigurations/HFSS correctly changed.
PyAEDT INFO: Exporting Touchstone C:/ffzhzh/LocalFiles/Ansys_Project_Files/temp_train_TSV_RDL_36_1783441744_41684_SNP/temp_train_TSV_RDL_36_1783441744_41684.s2p
PyAEDT INFO: Touchstone correctly exported to C:/ffzhzh/LocalFiles/Ansys_Project_Files/temp_train_TSV_RDL_36_1783441744_41684_SNP/temp_train_TSV_RDL_36_1783441744_41684.s2p
[train / TSV_RDL - Task 36] simulation completed: C:\ffzhzh\SyncFiles\Temp\HFSS_sim\LHS150_50_Connection2\train\TSV_RDL\dut36.s2p
PyAEDT INFO: Desktop has been released and closed.
[train / TSV_RDL - Task 40] simulation started.
PyAEDT INFO: Python version 3.11.15 | packaged by Anaconda, Inc. | (main, Mar 11 2026, 17:12:15) [MSC v.1942 64 bit (AMD64)].
PyAEDT INFO: PyAEDT version 1.0.1.
PyAEDT INFO: Initializing new Desktop session.
PyAEDT INFO: AEDT version 2026.1.
PyAEDT INFO: New AEDT session is starting on gRPC port 4228.
PyAEDT INFO: Starting new AEDT gRPC session on port 4228.
PyAEDT INFO: Launching AEDT server with gRPC transport mode: TransportMode.WNUA
PyAEDT INFO: Electronics Desktop started on gRPC port 4228 after 6.9 seconds.
PyAEDT INFO: AEDT installation Path C:\Program Files\ANSYS Inc\v261\AnsysEM
PyAEDT INFO: Connected to AEDT gRPC session on port 4228.
PyAEDT INFO: Non-graphical mode detected. Disabling Desktop logs.
PyAEDT INFO: Parsing C:\ffzhzh\LocalFiles\Ansys_Project_Files\temp_train_TSV_RDL_40_1783442484_41684.aedt.
PyAEDT INFO: Python version 3.11.15 | packaged by Anaconda, Inc. | (main, Mar 11 2026, 17:12:15) [MSC v.1942 64 bit (AMD64)].
PyAEDT INFO: PyAEDT version 1.0.1.
PyAEDT INFO: Returning found Desktop session with PID 16872!
PyAEDT INFO: File C:\ffzhzh\LocalFiles\Ansys_Project_Files\temp_train_TSV_RDL_40_1783442484_41684.aedt correctly loaded. Elapsed time: 0m 0sec
PyAEDT INFO: Project temp_train_TSV_RDL_40_1783442484_41684 has been opened.
PyAEDT INFO: Active Design set to TSV_RDL
PyAEDT INFO: AEDT objects correctly read
PyAEDT INFO: Modeler class has been initialized! Elapsed time: 0m 0sec
PyAEDT INFO: Project temp_train_TSV_RDL_40_1783442484_41684 Saved correctly
PyAEDT INFO: Key Desktop/ActiveDSOConfigurations/HFSS correctly changed.
PyAEDT INFO: Solving all design setups. Analysis started...
PyAEDT INFO: Design setup None solved correctly in 0.0h 12.0m 5.0s
PyAEDT INFO: Key Desktop/ActiveDSOConfigurations/HFSS correctly changed.
PyAEDT INFO: Exporting Touchstone C:/ffzhzh/LocalFiles/Ansys_Project_Files/temp_train_TSV_RDL_39_1783442261_34316_SNP/temp_train_TSV_RDL_39_1783442261_34316.s2p
PyAEDT INFO: Touchstone correctly exported to C:/ffzhzh/LocalFiles/Ansys_Project_Files/temp_train_TSV_RDL_39_1783442261_34316_SNP/temp_train_TSV_RDL_39_1783442261_34316.s2p
[train / TSV_RDL - Task 39] simulation completed: C:\ffzhzh\SyncFiles\Temp\HFSS_sim\LHS150_50_Connection2\train\TSV_RDL\dut39.s2p
PyAEDT INFO: Desktop has been released and closed.
[train / TSV_RDL - Task 41] simulation started.
PyAEDT INFO: Python version 3.11.15 | packaged by Anaconda, Inc. | (main, Mar 11 2026, 17:12:15) [MSC v.1942 64 bit (AMD64)].
PyAEDT INFO: PyAEDT version 1.0.1.
PyAEDT INFO: Initializing new Desktop session.
PyAEDT INFO: AEDT version 2026.1.
PyAEDT INFO: New AEDT session is starting on gRPC port 14424.
PyAEDT INFO: Starting new AEDT gRPC session on port 14424.
PyAEDT INFO: Launching AEDT server with gRPC transport mode: TransportMode.WNUA
PyAEDT INFO: Electronics Desktop started on gRPC port 14424 after 10.0 seconds.
PyAEDT INFO: AEDT installation Path C:\Program Files\ANSYS Inc\v261\AnsysEM
PyAEDT INFO: Connected to AEDT gRPC session on port 14424.
PyAEDT INFO: Non-graphical mode detected. Disabling Desktop logs.
PyAEDT INFO: Parsing C:\ffzhzh\LocalFiles\Ansys_Project_Files\temp_train_TSV_RDL_41_1783443012_34316.aedt.
PyAEDT INFO: Python version 3.11.15 | packaged by Anaconda, Inc. | (main, Mar 11 2026, 17:12:15) [MSC v.1942 64 bit (AMD64)].
PyAEDT INFO: PyAEDT version 1.0.1.
PyAEDT INFO: Returning found Desktop session with PID 53288!
PyAEDT INFO: File C:\ffzhzh\LocalFiles\Ansys_Project_Files\temp_train_TSV_RDL_41_1783443012_34316.aedt correctly loaded. Elapsed time: 0m 0sec
PyAEDT INFO: Project temp_train_TSV_RDL_41_1783443012_34316 has been opened.
PyAEDT INFO: Active Design set to TSV_RDL
PyAEDT INFO: AEDT objects correctly read
PyAEDT INFO: Modeler class has been initialized! Elapsed time: 0m 0sec
PyAEDT INFO: Project temp_train_TSV_RDL_41_1783443012_34316 Saved correctly
PyAEDT INFO: Key Desktop/ActiveDSOConfigurations/HFSS correctly changed.
PyAEDT INFO: Solving all design setups. Analysis started...
PyAEDT INFO: Design setup None solved correctly in 0.0h 36.0m 29.0s
PyAEDT INFO: Key Desktop/ActiveDSOConfigurations/HFSS correctly changed.
PyAEDT INFO: Exporting Touchstone C:/ffzhzh/LocalFiles/Ansys_Project_Files/temp_train_TSV_RDL_34_1783441268_50928_SNP/temp_train_TSV_RDL_34_1783441268_50928.s2p
PyAEDT INFO: Touchstone correctly exported to C:/ffzhzh/LocalFiles/Ansys_Project_Files/temp_train_TSV_RDL_34_1783441268_50928_SNP/temp_train_TSV_RDL_34_1783441268_50928.s2p
PyAEDT INFO: Solving all design setups. Analysis started...
PyAEDT INFO: Design setup None solved correctly in 0.0h 16.0m 12.0s
PyAEDT INFO: Key Desktop/ActiveDSOConfigurations/HFSS correctly changed.
PyAEDT INFO: Exporting Touchstone C:/ffzhzh/LocalFiles/Ansys_Project_Files/temp_train_TSV_RDL_40_1783442484_41684_SNP/temp_train_TSV_RDL_40_1783442484_41684.s2p
PyAEDT INFO: Touchstone correctly exported to C:/ffzhzh/LocalFiles/Ansys_Project_Files/temp_train_TSV_RDL_40_1783442484_41684_SNP/temp_train_TSV_RDL_40_1783442484_41684.s2p
[train / TSV_RDL - Task 34] simulation completed: C:\ffzhzh\SyncFiles\Temp\HFSS_sim\LHS150_50_Connection2\train\TSV_RDL\dut34.s2p
PyAEDT INFO: Desktop has been released and closed.
[train / TSV_RDL - Task 40] simulation completed: C:\ffzhzh\SyncFiles\Temp\HFSS_sim\LHS150_50_Connection2\train\TSV_RDL\dut40.s2p
PyAEDT INFO: Desktop has been released and closed.
[train / TSV_RDL - Task 42] simulation started.
PyAEDT INFO: Python version 3.11.15 | packaged by Anaconda, Inc. | (main, Mar 11 2026, 17:12:15) [MSC v.1942 64 bit (AMD64)].
PyAEDT INFO: PyAEDT version 1.0.1.
PyAEDT INFO: Initializing new Desktop session.
PyAEDT INFO: AEDT version 2026.1.
[train / TSV_RDL - Task 43] simulation started.
PyAEDT INFO: Python version 3.11.15 | packaged by Anaconda, Inc. | (main, Mar 11 2026, 17:12:15) [MSC v.1942 64 bit (AMD64)].
PyAEDT INFO: PyAEDT version 1.0.1.
PyAEDT INFO: Initializing new Desktop session.
PyAEDT INFO: AEDT version 2026.1.
PyAEDT INFO: New AEDT session is starting on gRPC port 14321.
PyAEDT INFO: New AEDT session is starting on gRPC port 14322.
PyAEDT INFO: Starting new AEDT gRPC session on port 14321.
PyAEDT INFO: Launching AEDT server with gRPC transport mode: TransportMode.WNUA
PyAEDT INFO: Starting new AEDT gRPC session on port 14322.
PyAEDT INFO: Launching AEDT server with gRPC transport mode: TransportMode.WNUA
PyAEDT INFO: Electronics Desktop started on gRPC port 14321 after 7.6 seconds.
PyAEDT INFO: AEDT installation Path C:\Program Files\ANSYS Inc\v261\AnsysEM
PyAEDT INFO: Connected to AEDT gRPC session on port 14321.
PyAEDT INFO: Non-graphical mode detected. Disabling Desktop logs.
PyAEDT INFO: Parsing C:\ffzhzh\LocalFiles\Ansys_Project_Files\temp_train_TSV_RDL_42_1783443482_50928.aedt.
PyAEDT INFO: Python version 3.11.15 | packaged by Anaconda, Inc. | (main, Mar 11 2026, 17:12:15) [MSC v.1942 64 bit (AMD64)].
PyAEDT INFO: PyAEDT version 1.0.1.
PyAEDT INFO: Returning found Desktop session with PID 57252!
PyAEDT INFO: File C:\ffzhzh\LocalFiles\Ansys_Project_Files\temp_train_TSV_RDL_42_1783443482_50928.aedt correctly loaded. Elapsed time: 0m 0sec
PyAEDT INFO: Electronics Desktop started on gRPC port 14322 after 7.5 seconds.
PyAEDT INFO: AEDT installation Path C:\Program Files\ANSYS Inc\v261\AnsysEM
PyAEDT INFO: Connected to AEDT gRPC session on port 14322.
PyAEDT INFO: Non-graphical mode detected. Disabling Desktop logs.
PyAEDT INFO: Parsing C:\ffzhzh\LocalFiles\Ansys_Project_Files\temp_train_TSV_RDL_43_1783443483_41684.aedt.
PyAEDT INFO: Python version 3.11.15 | packaged by Anaconda, Inc. | (main, Mar 11 2026, 17:12:15) [MSC v.1942 64 bit (AMD64)].
PyAEDT INFO: PyAEDT version 1.0.1.
PyAEDT INFO: Returning found Desktop session with PID 39408!
PyAEDT INFO: File C:\ffzhzh\LocalFiles\Ansys_Project_Files\temp_train_TSV_RDL_43_1783443483_41684.aedt correctly loaded. Elapsed time: 0m 0sec
PyAEDT INFO: Project temp_train_TSV_RDL_42_1783443482_50928 has been opened.
PyAEDT INFO: Project temp_train_TSV_RDL_43_1783443483_41684 has been opened.
PyAEDT INFO: Active Design set to TSV_RDL
PyAEDT INFO: Active Design set to TSV_RDL
PyAEDT INFO: AEDT objects correctly read
PyAEDT INFO: AEDT objects correctly read
PyAEDT INFO: Modeler class has been initialized! Elapsed time: 0m 0sec
PyAEDT INFO: Modeler class has been initialized! Elapsed time: 0m 0sec
PyAEDT INFO: Project temp_train_TSV_RDL_43_1783443483_41684 Saved correctly
PyAEDT INFO: Project temp_train_TSV_RDL_42_1783443482_50928 Saved correctly
PyAEDT INFO: Key Desktop/ActiveDSOConfigurations/HFSS correctly changed.
PyAEDT INFO: Key Desktop/ActiveDSOConfigurations/HFSS correctly changed.
PyAEDT INFO: Solving all design setups. Analysis started...
PyAEDT INFO: Design setup None solved correctly in 0.0h 29.0m 48.0s
PyAEDT INFO: Key Desktop/ActiveDSOConfigurations/HFSS correctly changed.
PyAEDT INFO: Exporting Touchstone C:/ffzhzh/LocalFiles/Ansys_Project_Files/temp_train_TSV_RDL_37_1783441745_28540_SNP/temp_train_TSV_RDL_37_1783441745_28540.s2p
PyAEDT INFO: Touchstone correctly exported to C:/ffzhzh/LocalFiles/Ansys_Project_Files/temp_train_TSV_RDL_37_1783441745_28540_SNP/temp_train_TSV_RDL_37_1783441745_28540.s2p
[train / TSV_RDL - Task 37] simulation completed: C:\ffzhzh\SyncFiles\Temp\HFSS_sim\LHS150_50_Connection2\train\TSV_RDL\dut37.s2p
PyAEDT INFO: Desktop has been released and closed.
[train / TSV_RDL - Task 44] simulation started.
PyAEDT INFO: Python version 3.11.15 | packaged by Anaconda, Inc. | (main, Mar 11 2026, 17:12:15) [MSC v.1942 64 bit (AMD64)].
PyAEDT INFO: PyAEDT version 1.0.1.
PyAEDT INFO: Initializing new Desktop session.
PyAEDT INFO: AEDT version 2026.1.
PyAEDT INFO: New AEDT session is starting on gRPC port 8916.
PyAEDT INFO: Starting new AEDT gRPC session on port 8916.
PyAEDT INFO: Launching AEDT server with gRPC transport mode: TransportMode.WNUA
PyAEDT INFO: Electronics Desktop started on gRPC port 8916 after 6.1 seconds.
PyAEDT INFO: AEDT installation Path C:\Program Files\ANSYS Inc\v261\AnsysEM
PyAEDT INFO: Connected to AEDT gRPC session on port 8916.
PyAEDT INFO: Non-graphical mode detected. Disabling Desktop logs.
PyAEDT INFO: Parsing C:\ffzhzh\LocalFiles\Ansys_Project_Files\temp_train_TSV_RDL_44_1783443558_28540.aedt.
PyAEDT INFO: Python version 3.11.15 | packaged by Anaconda, Inc. | (main, Mar 11 2026, 17:12:15) [MSC v.1942 64 bit (AMD64)].
PyAEDT INFO: PyAEDT version 1.0.1.
PyAEDT INFO: Returning found Desktop session with PID 12444!
PyAEDT INFO: File C:\ffzhzh\LocalFiles\Ansys_Project_Files\temp_train_TSV_RDL_44_1783443558_28540.aedt correctly loaded. Elapsed time: 0m 0sec
PyAEDT INFO: Project temp_train_TSV_RDL_44_1783443558_28540 has been opened.
PyAEDT INFO: Active Design set to TSV_RDL
PyAEDT INFO: AEDT objects correctly read
PyAEDT INFO: Modeler class has been initialized! Elapsed time: 0m 0sec
PyAEDT INFO: Project temp_train_TSV_RDL_44_1783443558_28540 Saved correctly
PyAEDT INFO: Key Desktop/ActiveDSOConfigurations/HFSS correctly changed.
PyAEDT INFO: Solving all design setups. Analysis started...
PyAEDT INFO: Design setup None solved correctly in 0.0h 26.0m 34.0s
PyAEDT INFO: Key Desktop/ActiveDSOConfigurations/HFSS correctly changed.
PyAEDT INFO: Exporting Touchstone C:/ffzhzh/LocalFiles/Ansys_Project_Files/temp_train_TSV_RDL_38_1783442060_7600_SNP/temp_train_TSV_RDL_38_1783442060_7600.s2p
PyAEDT INFO: Touchstone correctly exported to C:/ffzhzh/LocalFiles/Ansys_Project_Files/temp_train_TSV_RDL_38_1783442060_7600_SNP/temp_train_TSV_RDL_38_1783442060_7600.s2p
[train / TSV_RDL - Task 38] simulation completed: C:\ffzhzh\SyncFiles\Temp\HFSS_sim\LHS150_50_Connection2\train\TSV_RDL\dut38.s2p
PyAEDT INFO: Desktop has been released and closed.
[train / TSV_RDL - Task 45] simulation started.
PyAEDT INFO: Python version 3.11.15 | packaged by Anaconda, Inc. | (main, Mar 11 2026, 17:12:15) [MSC v.1942 64 bit (AMD64)].
PyAEDT INFO: PyAEDT version 1.0.1.
PyAEDT INFO: Initializing new Desktop session.
PyAEDT INFO: AEDT version 2026.1.
PyAEDT INFO: New AEDT session is starting on gRPC port 6463.
PyAEDT INFO: Starting new AEDT gRPC session on port 6463.
PyAEDT INFO: Launching AEDT server with gRPC transport mode: TransportMode.WNUA
PyAEDT INFO: Electronics Desktop started on gRPC port 6463 after 5.5 seconds.
PyAEDT INFO: AEDT installation Path C:\Program Files\ANSYS Inc\v261\AnsysEM
PyAEDT INFO: Connected to AEDT gRPC session on port 6463.
PyAEDT INFO: Non-graphical mode detected. Disabling Desktop logs.
PyAEDT INFO: Parsing C:\ffzhzh\LocalFiles\Ansys_Project_Files\temp_train_TSV_RDL_45_1783443677_7600.aedt.
PyAEDT INFO: Python version 3.11.15 | packaged by Anaconda, Inc. | (main, Mar 11 2026, 17:12:15) [MSC v.1942 64 bit (AMD64)].
PyAEDT INFO: PyAEDT version 1.0.1.
PyAEDT INFO: Returning found Desktop session with PID 56472!
PyAEDT INFO: File C:\ffzhzh\LocalFiles\Ansys_Project_Files\temp_train_TSV_RDL_45_1783443677_7600.aedt correctly loaded. Elapsed time: 0m 0sec
PyAEDT INFO: Project temp_train_TSV_RDL_45_1783443677_7600 has been opened.
PyAEDT INFO: Active Design set to TSV_RDL
PyAEDT INFO: AEDT objects correctly read
PyAEDT INFO: Modeler class has been initialized! Elapsed time: 0m 0sec
PyAEDT INFO: Project temp_train_TSV_RDL_45_1783443677_7600 Saved correctly
PyAEDT INFO: Key Desktop/ActiveDSOConfigurations/HFSS correctly changed.
PyAEDT INFO: Solving all design setups. Analysis started...
PyAEDT INFO: Design setup None solved correctly in 0.0h 8.0m 8.0s
PyAEDT INFO: Key Desktop/ActiveDSOConfigurations/HFSS correctly changed.
PyAEDT INFO: Exporting Touchstone C:/ffzhzh/LocalFiles/Ansys_Project_Files/temp_train_TSV_RDL_44_1783443558_28540_SNP/temp_train_TSV_RDL_44_1783443558_28540.s2p
PyAEDT INFO: Touchstone correctly exported to C:/ffzhzh/LocalFiles/Ansys_Project_Files/temp_train_TSV_RDL_44_1783443558_28540_SNP/temp_train_TSV_RDL_44_1783443558_28540.s2p
[train / TSV_RDL - Task 44] simulation completed: C:\ffzhzh\SyncFiles\Temp\HFSS_sim\LHS150_50_Connection2\train\TSV_RDL\dut44.s2p
PyAEDT INFO: Desktop has been released and closed.
[train / TSV_RDL - Task 46] simulation started.
PyAEDT INFO: Python version 3.11.15 | packaged by Anaconda, Inc. | (main, Mar 11 2026, 17:12:15) [MSC v.1942 64 bit (AMD64)].
PyAEDT INFO: PyAEDT version 1.0.1.
PyAEDT INFO: Initializing new Desktop session.
PyAEDT INFO: AEDT version 2026.1.
PyAEDT INFO: New AEDT session is starting on gRPC port 6766.
PyAEDT INFO: Starting new AEDT gRPC session on port 6766.
PyAEDT INFO: Launching AEDT server with gRPC transport mode: TransportMode.WNUA
PyAEDT INFO: Electronics Desktop started on gRPC port 6766 after 7.3 seconds.
PyAEDT INFO: AEDT installation Path C:\Program Files\ANSYS Inc\v261\AnsysEM
PyAEDT INFO: Connected to AEDT gRPC session on port 6766.
PyAEDT INFO: Non-graphical mode detected. Disabling Desktop logs.
PyAEDT INFO: Parsing C:\ffzhzh\LocalFiles\Ansys_Project_Files\temp_train_TSV_RDL_46_1783444072_28540.aedt.
PyAEDT INFO: Python version 3.11.15 | packaged by Anaconda, Inc. | (main, Mar 11 2026, 17:12:15) [MSC v.1942 64 bit (AMD64)].
PyAEDT INFO: PyAEDT version 1.0.1.
PyAEDT INFO: Returning found Desktop session with PID 16628!
PyAEDT INFO: File C:\ffzhzh\LocalFiles\Ansys_Project_Files\temp_train_TSV_RDL_46_1783444072_28540.aedt correctly loaded. Elapsed time: 0m 0sec
PyAEDT INFO: Project temp_train_TSV_RDL_46_1783444072_28540 has been opened.
PyAEDT INFO: Active Design set to TSV_RDL
PyAEDT INFO: AEDT objects correctly read
PyAEDT INFO: Modeler class has been initialized! Elapsed time: 0m 0sec
PyAEDT INFO: Project temp_train_TSV_RDL_46_1783444072_28540 Saved correctly
PyAEDT INFO: Key Desktop/ActiveDSOConfigurations/HFSS correctly changed.
PyAEDT INFO: Solving all design setups. Analysis started...
PyAEDT INFO: Design setup None solved correctly in 0.0h 18.0m 28.0s
PyAEDT INFO: Key Desktop/ActiveDSOConfigurations/HFSS correctly changed.
PyAEDT INFO: Exporting Touchstone C:/ffzhzh/LocalFiles/Ansys_Project_Files/temp_train_TSV_RDL_43_1783443483_41684_SNP/temp_train_TSV_RDL_43_1783443483_41684.s2p
PyAEDT INFO: Touchstone correctly exported to C:/ffzhzh/LocalFiles/Ansys_Project_Files/temp_train_TSV_RDL_43_1783443483_41684_SNP/temp_train_TSV_RDL_43_1783443483_41684.s2p
[train / TSV_RDL - Task 43] simulation completed: C:\ffzhzh\SyncFiles\Temp\HFSS_sim\LHS150_50_Connection2\train\TSV_RDL\dut43.s2p
PyAEDT INFO: Desktop has been released and closed.
[train / TSV_RDL - Task 47] simulation started.
PyAEDT INFO: Python version 3.11.15 | packaged by Anaconda, Inc. | (main, Mar 11 2026, 17:12:15) [MSC v.1942 64 bit (AMD64)].
PyAEDT INFO: PyAEDT version 1.0.1.
PyAEDT INFO: Initializing new Desktop session.
PyAEDT INFO: AEDT version 2026.1.
PyAEDT INFO: New AEDT session is starting on gRPC port 4096.
PyAEDT INFO: Starting new AEDT gRPC session on port 4096.
PyAEDT INFO: Launching AEDT server with gRPC transport mode: TransportMode.WNUA
PyAEDT INFO: Electronics Desktop started on gRPC port 4096 after 11.0 seconds.
PyAEDT INFO: AEDT installation Path C:\Program Files\ANSYS Inc\v261\AnsysEM
PyAEDT INFO: Connected to AEDT gRPC session on port 4096.
PyAEDT INFO: Non-graphical mode detected. Disabling Desktop logs.
PyAEDT INFO: Python version 3.11.15 | packaged by Anaconda, Inc. | (main, Mar 11 2026, 17:12:15) [MSC v.1942 64 bit (AMD64)].
PyAEDT INFO: Parsing C:\ffzhzh\LocalFiles\Ansys_Project_Files\temp_train_TSV_RDL_47_1783444615_41684.aedt.
PyAEDT INFO: PyAEDT version 1.0.1.
PyAEDT INFO: Returning found Desktop session with PID 53472!
PyAEDT INFO: File C:\ffzhzh\LocalFiles\Ansys_Project_Files\temp_train_TSV_RDL_47_1783444615_41684.aedt correctly loaded. Elapsed time: 0m 0sec
PyAEDT INFO: Project temp_train_TSV_RDL_47_1783444615_41684 has been opened.
PyAEDT INFO: Active Design set to TSV_RDL
PyAEDT INFO: AEDT objects correctly read
PyAEDT INFO: Modeler class has been initialized! Elapsed time: 0m 0sec
PyAEDT INFO: Project temp_train_TSV_RDL_47_1783444615_41684 Saved correctly
PyAEDT INFO: Key Desktop/ActiveDSOConfigurations/HFSS correctly changed.
PyAEDT INFO: Solving all design setups. Analysis started...
PyAEDT INFO: Design setup None solved correctly in 0.0h 23.0m 31.0s
PyAEDT INFO: Key Desktop/ActiveDSOConfigurations/HFSS correctly changed.
PyAEDT INFO: Exporting Touchstone C:/ffzhzh/LocalFiles/Ansys_Project_Files/temp_train_TSV_RDL_42_1783443482_50928_SNP/temp_train_TSV_RDL_42_1783443482_50928.s2p
PyAEDT INFO: Touchstone correctly exported to C:/ffzhzh/LocalFiles/Ansys_Project_Files/temp_train_TSV_RDL_42_1783443482_50928_SNP/temp_train_TSV_RDL_42_1783443482_50928.s2p
[train / TSV_RDL - Task 42] simulation completed: C:\ffzhzh\SyncFiles\Temp\HFSS_sim\LHS150_50_Connection2\train\TSV_RDL\dut42.s2p
PyAEDT INFO: Desktop has been released and closed.
[train / TSV_RDL - Task 48] simulation started.
PyAEDT INFO: Python version 3.11.15 | packaged by Anaconda, Inc. | (main, Mar 11 2026, 17:12:15) [MSC v.1942 64 bit (AMD64)].
PyAEDT INFO: PyAEDT version 1.0.1.
PyAEDT INFO: Initializing new Desktop session.
PyAEDT INFO: AEDT version 2026.1.
PyAEDT INFO: New AEDT session is starting on gRPC port 13630.
PyAEDT INFO: Starting new AEDT gRPC session on port 13630.
PyAEDT INFO: Launching AEDT server with gRPC transport mode: TransportMode.WNUA
PyAEDT INFO: Electronics Desktop started on gRPC port 13630 after 7.0 seconds.
PyAEDT INFO: AEDT installation Path C:\Program Files\ANSYS Inc\v261\AnsysEM
PyAEDT INFO: Connected to AEDT gRPC session on port 13630.
PyAEDT INFO: Non-graphical mode detected. Disabling Desktop logs.
PyAEDT INFO: Parsing C:\ffzhzh\LocalFiles\Ansys_Project_Files\temp_train_TSV_RDL_48_1783444919_50928.aedt.
PyAEDT INFO: Python version 3.11.15 | packaged by Anaconda, Inc. | (main, Mar 11 2026, 17:12:15) [MSC v.1942 64 bit (AMD64)].
PyAEDT INFO: PyAEDT version 1.0.1.
PyAEDT INFO: Returning found Desktop session with PID 32972!
PyAEDT INFO: File C:\ffzhzh\LocalFiles\Ansys_Project_Files\temp_train_TSV_RDL_48_1783444919_50928.aedt correctly loaded. Elapsed time: 0m 0sec
PyAEDT INFO: Project temp_train_TSV_RDL_48_1783444919_50928 has been opened.
PyAEDT INFO: Active Design set to TSV_RDL
PyAEDT INFO: AEDT objects correctly read
PyAEDT INFO: Modeler class has been initialized! Elapsed time: 0m 0sec
PyAEDT INFO: Project temp_train_TSV_RDL_48_1783444919_50928 Saved correctly
PyAEDT INFO: Key Desktop/ActiveDSOConfigurations/HFSS correctly changed.
PyAEDT INFO: Solving all design setups. Analysis started...
PyAEDT INFO: Design setup None solved correctly in 0.0h 34.0m 35.0s
PyAEDT INFO: Key Desktop/ActiveDSOConfigurations/HFSS correctly changed.
PyAEDT INFO: Exporting Touchstone C:/ffzhzh/LocalFiles/Ansys_Project_Files/temp_train_TSV_RDL_41_1783443012_34316_SNP/temp_train_TSV_RDL_41_1783443012_34316.s2p
PyAEDT INFO: Touchstone correctly exported to C:/ffzhzh/LocalFiles/Ansys_Project_Files/temp_train_TSV_RDL_41_1783443012_34316_SNP/temp_train_TSV_RDL_41_1783443012_34316.s2p
[train / TSV_RDL - Task 41] simulation completed: C:\ffzhzh\SyncFiles\Temp\HFSS_sim\LHS150_50_Connection2\train\TSV_RDL\dut41.s2p
PyAEDT INFO: Desktop has been released and closed.
[train / TSV_RDL - Task 49] simulation started.
PyAEDT INFO: Python version 3.11.15 | packaged by Anaconda, Inc. | (main, Mar 11 2026, 17:12:15) [MSC v.1942 64 bit (AMD64)].
PyAEDT INFO: PyAEDT version 1.0.1.
PyAEDT INFO: Initializing new Desktop session.
PyAEDT INFO: AEDT version 2026.1.
PyAEDT INFO: New AEDT session is starting on gRPC port 14627.
PyAEDT INFO: Starting new AEDT gRPC session on port 14627.
PyAEDT INFO: Launching AEDT server with gRPC transport mode: TransportMode.WNUA
PyAEDT INFO: Electronics Desktop started on gRPC port 14627 after 6.7 seconds.
PyAEDT INFO: AEDT installation Path C:\Program Files\ANSYS Inc\v261\AnsysEM
PyAEDT INFO: Connected to AEDT gRPC session on port 14627.
PyAEDT INFO: Non-graphical mode detected. Disabling Desktop logs.
PyAEDT INFO: Parsing C:\ffzhzh\LocalFiles\Ansys_Project_Files\temp_train_TSV_RDL_49_1783445115_34316.aedt.
PyAEDT INFO: Python version 3.11.15 | packaged by Anaconda, Inc. | (main, Mar 11 2026, 17:12:15) [MSC v.1942 64 bit (AMD64)].
PyAEDT INFO: PyAEDT version 1.0.1.
PyAEDT INFO: Returning found Desktop session with PID 43184!
PyAEDT INFO: File C:\ffzhzh\LocalFiles\Ansys_Project_Files\temp_train_TSV_RDL_49_1783445115_34316.aedt correctly loaded. Elapsed time: 0m 0sec
PyAEDT INFO: Project temp_train_TSV_RDL_49_1783445115_34316 has been opened.
PyAEDT INFO: Active Design set to TSV_RDL
PyAEDT INFO: AEDT objects correctly read
PyAEDT INFO: Modeler class has been initialized! Elapsed time: 0m 0sec
PyAEDT INFO: Project temp_train_TSV_RDL_49_1783445115_34316 Saved correctly
PyAEDT INFO: Key Desktop/ActiveDSOConfigurations/HFSS correctly changed.
PyAEDT INFO: Solving all design setups. Analysis started...
PyAEDT INFO: Design setup None solved correctly in 0.0h 12.0m 25.0s
PyAEDT INFO: Key Desktop/ActiveDSOConfigurations/HFSS correctly changed.
PyAEDT INFO: Exporting Touchstone C:/ffzhzh/LocalFiles/Ansys_Project_Files/temp_train_TSV_RDL_47_1783444615_41684_SNP/temp_train_TSV_RDL_47_1783444615_41684.s2p
PyAEDT INFO: Touchstone correctly exported to C:/ffzhzh/LocalFiles/Ansys_Project_Files/temp_train_TSV_RDL_47_1783444615_41684_SNP/temp_train_TSV_RDL_47_1783444615_41684.s2p
[train / TSV_RDL - Task 47] simulation completed: C:\ffzhzh\SyncFiles\Temp\HFSS_sim\LHS150_50_Connection2\train\TSV_RDL\dut47.s2p
PyAEDT INFO: Desktop has been released and closed.
[train / TSV_RDL - Task 50] simulation started.
PyAEDT INFO: Python version 3.11.15 | packaged by Anaconda, Inc. | (main, Mar 11 2026, 17:12:15) [MSC v.1942 64 bit (AMD64)].
PyAEDT INFO: PyAEDT version 1.0.1.
PyAEDT INFO: Initializing new Desktop session.
PyAEDT INFO: AEDT version 2026.1.
PyAEDT INFO: New AEDT session is starting on gRPC port 5981.
PyAEDT INFO: Starting new AEDT gRPC session on port 5981.
PyAEDT INFO: Launching AEDT server with gRPC transport mode: TransportMode.WNUA
PyAEDT INFO: Electronics Desktop started on gRPC port 5981 after 8.7 seconds.
PyAEDT INFO: AEDT installation Path C:\Program Files\ANSYS Inc\v261\AnsysEM
PyAEDT INFO: Connected to AEDT gRPC session on port 5981.
PyAEDT INFO: Non-graphical mode detected. Disabling Desktop logs.
PyAEDT INFO: Parsing C:\ffzhzh\LocalFiles\Ansys_Project_Files\temp_train_TSV_RDL_50_1783445392_41684.aedt.
PyAEDT INFO: Python version 3.11.15 | packaged by Anaconda, Inc. | (main, Mar 11 2026, 17:12:15) [MSC v.1942 64 bit (AMD64)].
PyAEDT INFO: PyAEDT version 1.0.1.
PyAEDT INFO: Returning found Desktop session with PID 37932!
PyAEDT INFO: File C:\ffzhzh\LocalFiles\Ansys_Project_Files\temp_train_TSV_RDL_50_1783445392_41684.aedt correctly loaded. Elapsed time: 0m 0sec
PyAEDT INFO: Project temp_train_TSV_RDL_50_1783445392_41684 has been opened.
PyAEDT INFO: Active Design set to TSV_RDL
PyAEDT INFO: AEDT objects correctly read
PyAEDT INFO: Modeler class has been initialized! Elapsed time: 0m 0sec
PyAEDT INFO: Project temp_train_TSV_RDL_50_1783445392_41684 Saved correctly
PyAEDT INFO: Key Desktop/ActiveDSOConfigurations/HFSS correctly changed.
PyAEDT INFO: Solving all design setups. Analysis started...
PyAEDT INFO: Design setup None solved correctly in 0.0h 23.0m 15.0s
PyAEDT INFO: Key Desktop/ActiveDSOConfigurations/HFSS correctly changed.
PyAEDT INFO: Exporting Touchstone C:/ffzhzh/LocalFiles/Ansys_Project_Files/temp_train_TSV_RDL_46_1783444072_28540_SNP/temp_train_TSV_RDL_46_1783444072_28540.s2p
PyAEDT INFO: Touchstone correctly exported to C:/ffzhzh/LocalFiles/Ansys_Project_Files/temp_train_TSV_RDL_46_1783444072_28540_SNP/temp_train_TSV_RDL_46_1783444072_28540.s2p
[train / TSV_RDL - Task 46] simulation completed: C:\ffzhzh\SyncFiles\Temp\HFSS_sim\LHS150_50_Connection2\train\TSV_RDL\dut46.s2p
PyAEDT INFO: Desktop has been released and closed.
[train / TSV_RDL - Task 51] simulation started.
PyAEDT INFO: Python version 3.11.15 | packaged by Anaconda, Inc. | (main, Mar 11 2026, 17:12:15) [MSC v.1942 64 bit (AMD64)].
PyAEDT INFO: PyAEDT version 1.0.1.
PyAEDT INFO: Initializing new Desktop session.
PyAEDT INFO: AEDT version 2026.1.
PyAEDT INFO: New AEDT session is starting on gRPC port 8593.
PyAEDT INFO: Starting new AEDT gRPC session on port 8593.
PyAEDT INFO: Launching AEDT server with gRPC transport mode: TransportMode.WNUA
PyAEDT INFO: Electronics Desktop started on gRPC port 8593 after 6.2 seconds.
PyAEDT INFO: AEDT installation Path C:\Program Files\ANSYS Inc\v261\AnsysEM
PyAEDT INFO: Connected to AEDT gRPC session on port 8593.
PyAEDT INFO: Non-graphical mode detected. Disabling Desktop logs.
PyAEDT INFO: Parsing C:\ffzhzh\LocalFiles\Ansys_Project_Files\temp_train_TSV_RDL_51_1783445495_28540.aedt.
PyAEDT INFO: Python version 3.11.15 | packaged by Anaconda, Inc. | (main, Mar 11 2026, 17:12:15) [MSC v.1942 64 bit (AMD64)].
PyAEDT INFO: PyAEDT version 1.0.1.
PyAEDT INFO: Returning found Desktop session with PID 51236!
PyAEDT INFO: File C:\ffzhzh\LocalFiles\Ansys_Project_Files\temp_train_TSV_RDL_51_1783445495_28540.aedt correctly loaded. Elapsed time: 0m 0sec
PyAEDT INFO: Project temp_train_TSV_RDL_51_1783445495_28540 has been opened.
PyAEDT INFO: Active Design set to TSV_RDL
PyAEDT INFO: AEDT objects correctly read
PyAEDT INFO: Modeler class has been initialized! Elapsed time: 0m 0sec
PyAEDT INFO: Project temp_train_TSV_RDL_51_1783445495_28540 Saved correctly
PyAEDT INFO: Key Desktop/ActiveDSOConfigurations/HFSS correctly changed.
PyAEDT INFO: Solving all design setups. Analysis started...
PyAEDT INFO: Design setup None solved correctly in 0.0h 12.0m 60.0s
PyAEDT INFO: Key Desktop/ActiveDSOConfigurations/HFSS correctly changed.
PyAEDT INFO: Exporting Touchstone C:/ffzhzh/LocalFiles/Ansys_Project_Files/temp_train_TSV_RDL_48_1783444919_50928_SNP/temp_train_TSV_RDL_48_1783444919_50928.s2p
PyAEDT INFO: Touchstone correctly exported to C:/ffzhzh/LocalFiles/Ansys_Project_Files/temp_train_TSV_RDL_48_1783444919_50928_SNP/temp_train_TSV_RDL_48_1783444919_50928.s2p
[train / TSV_RDL - Task 48] simulation completed: C:\ffzhzh\SyncFiles\Temp\HFSS_sim\LHS150_50_Connection2\train\TSV_RDL\dut48.s2p
PyAEDT INFO: Desktop has been released and closed.
[train / TSV_RDL - Task 52] simulation started.
PyAEDT INFO: Python version 3.11.15 | packaged by Anaconda, Inc. | (main, Mar 11 2026, 17:12:15) [MSC v.1942 64 bit (AMD64)].
PyAEDT INFO: PyAEDT version 1.0.1.
PyAEDT INFO: Initializing new Desktop session.
PyAEDT INFO: AEDT version 2026.1.
PyAEDT INFO: New AEDT session is starting on gRPC port 10455.
PyAEDT INFO: Starting new AEDT gRPC session on port 10455.
PyAEDT INFO: Launching AEDT server with gRPC transport mode: TransportMode.WNUA
PyAEDT INFO: Electronics Desktop started on gRPC port 10455 after 6.5 seconds.
PyAEDT INFO: AEDT installation Path C:\Program Files\ANSYS Inc\v261\AnsysEM
PyAEDT INFO: Connected to AEDT gRPC session on port 10455.
PyAEDT INFO: Non-graphical mode detected. Disabling Desktop logs.
PyAEDT INFO: Parsing C:\ffzhzh\LocalFiles\Ansys_Project_Files\temp_train_TSV_RDL_52_1783445724_50928.aedt.
PyAEDT INFO: Python version 3.11.15 | packaged by Anaconda, Inc. | (main, Mar 11 2026, 17:12:15) [MSC v.1942 64 bit (AMD64)].
PyAEDT INFO: PyAEDT version 1.0.1.
PyAEDT INFO: Returning found Desktop session with PID 54408!
PyAEDT INFO: File C:\ffzhzh\LocalFiles\Ansys_Project_Files\temp_train_TSV_RDL_52_1783445724_50928.aedt correctly loaded. Elapsed time: 0m 0sec
PyAEDT INFO: Project temp_train_TSV_RDL_52_1783445724_50928 has been opened.
PyAEDT INFO: Active Design set to TSV_RDL
PyAEDT INFO: AEDT objects correctly read
PyAEDT INFO: Modeler class has been initialized! Elapsed time: 0m 0sec
PyAEDT INFO: Project temp_train_TSV_RDL_52_1783445724_50928 Saved correctly
PyAEDT INFO: Key Desktop/ActiveDSOConfigurations/HFSS correctly changed.
PyAEDT INFO: Solving all design setups. Analysis started...
PyAEDT INFO: Design setup None solved correctly in 0.0h 40.0m 31.0s
PyAEDT INFO: Key Desktop/ActiveDSOConfigurations/HFSS correctly changed.
PyAEDT INFO: Exporting Touchstone C:/ffzhzh/LocalFiles/Ansys_Project_Files/temp_train_TSV_RDL_45_1783443677_7600_SNP/temp_train_TSV_RDL_45_1783443677_7600.s2p
PyAEDT INFO: Touchstone correctly exported to C:/ffzhzh/LocalFiles/Ansys_Project_Files/temp_train_TSV_RDL_45_1783443677_7600_SNP/temp_train_TSV_RDL_45_1783443677_7600.s2p
[train / TSV_RDL - Task 45] simulation completed: C:\ffzhzh\SyncFiles\Temp\HFSS_sim\LHS150_50_Connection2\train\TSV_RDL\dut45.s2p
PyAEDT INFO: Desktop has been released and closed.
[train / TSV_RDL - Task 53] simulation started.
PyAEDT INFO: Python version 3.11.15 | packaged by Anaconda, Inc. | (main, Mar 11 2026, 17:12:15) [MSC v.1942 64 bit (AMD64)].
PyAEDT INFO: PyAEDT version 1.0.1.
PyAEDT INFO: Initializing new Desktop session.
PyAEDT INFO: AEDT version 2026.1.
PyAEDT INFO: New AEDT session is starting on gRPC port 12140.
PyAEDT INFO: Starting new AEDT gRPC session on port 12140.
PyAEDT INFO: Launching AEDT server with gRPC transport mode: TransportMode.WNUA
PyAEDT INFO: Electronics Desktop started on gRPC port 12140 after 6.8 seconds.
PyAEDT INFO: AEDT installation Path C:\Program Files\ANSYS Inc\v261\AnsysEM
PyAEDT INFO: Connected to AEDT gRPC session on port 12140.
PyAEDT INFO: Non-graphical mode detected. Disabling Desktop logs.
PyAEDT INFO: Parsing C:\ffzhzh\LocalFiles\Ansys_Project_Files\temp_train_TSV_RDL_53_1783446130_7600.aedt.
PyAEDT INFO: Python version 3.11.15 | packaged by Anaconda, Inc. | (main, Mar 11 2026, 17:12:15) [MSC v.1942 64 bit (AMD64)].
PyAEDT INFO: PyAEDT version 1.0.1.
PyAEDT INFO: Returning found Desktop session with PID 29016!
PyAEDT INFO: File C:\ffzhzh\LocalFiles\Ansys_Project_Files\temp_train_TSV_RDL_53_1783446130_7600.aedt correctly loaded. Elapsed time: 0m 0sec
PyAEDT INFO: Project temp_train_TSV_RDL_53_1783446130_7600 has been opened.
PyAEDT INFO: Active Design set to TSV_RDL
PyAEDT INFO: AEDT objects correctly read
PyAEDT INFO: Modeler class has been initialized! Elapsed time: 0m 0sec
PyAEDT INFO: Project temp_train_TSV_RDL_53_1783446130_7600 Saved correctly
PyAEDT INFO: Key Desktop/ActiveDSOConfigurations/HFSS correctly changed.
PyAEDT INFO: Solving all design setups. Analysis started...
PyAEDT INFO: Design setup None solved correctly in 0.0h 13.0m 16.0s
PyAEDT INFO: Key Desktop/ActiveDSOConfigurations/HFSS correctly changed.
PyAEDT INFO: Exporting Touchstone C:/ffzhzh/LocalFiles/Ansys_Project_Files/temp_train_TSV_RDL_50_1783445392_41684_SNP/temp_train_TSV_RDL_50_1783445392_41684.s2p
PyAEDT INFO: Touchstone correctly exported to C:/ffzhzh/LocalFiles/Ansys_Project_Files/temp_train_TSV_RDL_50_1783445392_41684_SNP/temp_train_TSV_RDL_50_1783445392_41684.s2p
[train / TSV_RDL - Task 50] simulation completed: C:\ffzhzh\SyncFiles\Temp\HFSS_sim\LHS150_50_Connection2\train\TSV_RDL\dut50.s2p
PyAEDT INFO: Desktop has been released and closed.
[train / TSV_RDL - Task 54] simulation started.
PyAEDT INFO: Python version 3.11.15 | packaged by Anaconda, Inc. | (main, Mar 11 2026, 17:12:15) [MSC v.1942 64 bit (AMD64)].
PyAEDT INFO: PyAEDT version 1.0.1.
PyAEDT INFO: Initializing new Desktop session.
PyAEDT INFO: AEDT version 2026.1.
PyAEDT INFO: New AEDT session is starting on gRPC port 8585.
PyAEDT INFO: Starting new AEDT gRPC session on port 8585.
PyAEDT INFO: Launching AEDT server with gRPC transport mode: TransportMode.WNUA
PyAEDT INFO: Electronics Desktop started on gRPC port 8585 after 6.3 seconds.
PyAEDT INFO: AEDT installation Path C:\Program Files\ANSYS Inc\v261\AnsysEM
PyAEDT INFO: Connected to AEDT gRPC session on port 8585.
PyAEDT INFO: Non-graphical mode detected. Disabling Desktop logs.
PyAEDT INFO: Parsing C:\ffzhzh\LocalFiles\Ansys_Project_Files\temp_train_TSV_RDL_54_1783446217_41684.aedt.
PyAEDT INFO: Python version 3.11.15 | packaged by Anaconda, Inc. | (main, Mar 11 2026, 17:12:15) [MSC v.1942 64 bit (AMD64)].
PyAEDT INFO: PyAEDT version 1.0.1.
PyAEDT INFO: Returning found Desktop session with PID 53664!
PyAEDT INFO: File C:\ffzhzh\LocalFiles\Ansys_Project_Files\temp_train_TSV_RDL_54_1783446217_41684.aedt correctly loaded. Elapsed time: 0m 0sec
PyAEDT INFO: Project temp_train_TSV_RDL_54_1783446217_41684 has been opened.
PyAEDT INFO: Active Design set to TSV_RDL
PyAEDT INFO: AEDT objects correctly read
PyAEDT INFO: Modeler class has been initialized! Elapsed time: 0m 0sec
PyAEDT INFO: Project temp_train_TSV_RDL_54_1783446217_41684 Saved correctly
PyAEDT INFO: Key Desktop/ActiveDSOConfigurations/HFSS correctly changed.
PyAEDT INFO: Solving all design setups. Analysis started...
PyAEDT INFO: Design setup None solved correctly in 0.0h 12.0m 37.0s
PyAEDT INFO: Key Desktop/ActiveDSOConfigurations/HFSS correctly changed.
PyAEDT INFO: Exporting Touchstone C:/ffzhzh/LocalFiles/Ansys_Project_Files/temp_train_TSV_RDL_51_1783445495_28540_SNP/temp_train_TSV_RDL_51_1783445495_28540.s2p
PyAEDT INFO: Touchstone correctly exported to C:/ffzhzh/LocalFiles/Ansys_Project_Files/temp_train_TSV_RDL_51_1783445495_28540_SNP/temp_train_TSV_RDL_51_1783445495_28540.s2p
[train / TSV_RDL - Task 51] simulation completed: C:\ffzhzh\SyncFiles\Temp\HFSS_sim\LHS150_50_Connection2\train\TSV_RDL\dut51.s2p
PyAEDT INFO: Desktop has been released and closed.
[train / TSV_RDL - Task 55] simulation started.
PyAEDT INFO: Python version 3.11.15 | packaged by Anaconda, Inc. | (main, Mar 11 2026, 17:12:15) [MSC v.1942 64 bit (AMD64)].
PyAEDT INFO: PyAEDT version 1.0.1.
PyAEDT INFO: Initializing new Desktop session.
PyAEDT INFO: AEDT version 2026.1.
PyAEDT INFO: New AEDT session is starting on gRPC port 11827.
PyAEDT INFO: Starting new AEDT gRPC session on port 11827.
PyAEDT INFO: Launching AEDT server with gRPC transport mode: TransportMode.WNUA
PyAEDT INFO: Electronics Desktop started on gRPC port 11827 after 5.5 seconds.
PyAEDT INFO: AEDT installation Path C:\Program Files\ANSYS Inc\v261\AnsysEM
PyAEDT INFO: Connected to AEDT gRPC session on port 11827.
PyAEDT INFO: Non-graphical mode detected. Disabling Desktop logs.
PyAEDT INFO: Parsing C:\ffzhzh\LocalFiles\Ansys_Project_Files\temp_train_TSV_RDL_55_1783446276_28540.aedt.
PyAEDT INFO: Python version 3.11.15 | packaged by Anaconda, Inc. | (main, Mar 11 2026, 17:12:15) [MSC v.1942 64 bit (AMD64)].
PyAEDT INFO: PyAEDT version 1.0.1.
PyAEDT INFO: Returning found Desktop session with PID 36376!
PyAEDT INFO: File C:\ffzhzh\LocalFiles\Ansys_Project_Files\temp_train_TSV_RDL_55_1783446276_28540.aedt correctly loaded. Elapsed time: 0m 0sec
PyAEDT INFO: Project temp_train_TSV_RDL_55_1783446276_28540 has been opened.
PyAEDT INFO: Active Design set to TSV_RDL
PyAEDT INFO: AEDT objects correctly read
PyAEDT INFO: Modeler class has been initialized! Elapsed time: 0m 0sec
PyAEDT INFO: Project temp_train_TSV_RDL_55_1783446276_28540 Saved correctly
PyAEDT INFO: Key Desktop/ActiveDSOConfigurations/HFSS correctly changed.
PyAEDT INFO: Solving all design setups. Analysis started...
PyAEDT INFO: Design setup None solved correctly in 0.0h 15.0m 26.0s
PyAEDT INFO: Key Desktop/ActiveDSOConfigurations/HFSS correctly changed.
PyAEDT INFO: Exporting Touchstone C:/ffzhzh/LocalFiles/Ansys_Project_Files/temp_train_TSV_RDL_52_1783445724_50928_SNP/temp_train_TSV_RDL_52_1783445724_50928.s2p
PyAEDT INFO: Touchstone correctly exported to C:/ffzhzh/LocalFiles/Ansys_Project_Files/temp_train_TSV_RDL_52_1783445724_50928_SNP/temp_train_TSV_RDL_52_1783445724_50928.s2p
[train / TSV_RDL - Task 52] simulation completed: C:\ffzhzh\SyncFiles\Temp\HFSS_sim\LHS150_50_Connection2\train\TSV_RDL\dut52.s2p
PyAEDT INFO: Desktop has been released and closed.
[train / TSV_RDL - Task 56] simulation started.
PyAEDT INFO: Python version 3.11.15 | packaged by Anaconda, Inc. | (main, Mar 11 2026, 17:12:15) [MSC v.1942 64 bit (AMD64)].
PyAEDT INFO: PyAEDT version 1.0.1.
PyAEDT INFO: Initializing new Desktop session.
PyAEDT INFO: AEDT version 2026.1.
PyAEDT INFO: New AEDT session is starting on gRPC port 6143.
PyAEDT INFO: Starting new AEDT gRPC session on port 6143.
PyAEDT INFO: Launching AEDT server with gRPC transport mode: TransportMode.WNUA
PyAEDT INFO: Electronics Desktop started on gRPC port 6143 after 7.4 seconds.
PyAEDT INFO: AEDT installation Path C:\Program Files\ANSYS Inc\v261\AnsysEM
PyAEDT INFO: Connected to AEDT gRPC session on port 6143.
PyAEDT INFO: Non-graphical mode detected. Disabling Desktop logs.
PyAEDT INFO: Parsing C:\ffzhzh\LocalFiles\Ansys_Project_Files\temp_train_TSV_RDL_56_1783446677_50928.aedt.
PyAEDT INFO: Python version 3.11.15 | packaged by Anaconda, Inc. | (main, Mar 11 2026, 17:12:15) [MSC v.1942 64 bit (AMD64)].
PyAEDT INFO: PyAEDT version 1.0.1.
PyAEDT INFO: Returning found Desktop session with PID 42276!
PyAEDT INFO: File C:\ffzhzh\LocalFiles\Ansys_Project_Files\temp_train_TSV_RDL_56_1783446677_50928.aedt correctly loaded. Elapsed time: 0m 0sec
PyAEDT INFO: Project temp_train_TSV_RDL_56_1783446677_50928 has been opened.
PyAEDT INFO: Active Design set to TSV_RDL
PyAEDT INFO: AEDT objects correctly read
PyAEDT INFO: Modeler class has been initialized! Elapsed time: 0m 0sec
PyAEDT INFO: Project temp_train_TSV_RDL_56_1783446677_50928 Saved correctly
PyAEDT INFO: Key Desktop/ActiveDSOConfigurations/HFSS correctly changed.
PyAEDT INFO: Solving all design setups. Analysis started...
PyAEDT INFO: Design setup None solved correctly in 0.0h 8.0m 24.0s
PyAEDT INFO: Key Desktop/ActiveDSOConfigurations/HFSS correctly changed.
PyAEDT INFO: Exporting Touchstone C:/ffzhzh/LocalFiles/Ansys_Project_Files/temp_train_TSV_RDL_54_1783446217_41684_SNP/temp_train_TSV_RDL_54_1783446217_41684.s2p
PyAEDT INFO: Touchstone correctly exported to C:/ffzhzh/LocalFiles/Ansys_Project_Files/temp_train_TSV_RDL_54_1783446217_41684_SNP/temp_train_TSV_RDL_54_1783446217_41684.s2p
[train / TSV_RDL - Task 54] simulation completed: C:\ffzhzh\SyncFiles\Temp\HFSS_sim\LHS150_50_Connection2\train\TSV_RDL\dut54.s2p
PyAEDT INFO: Desktop has been released and closed.
[train / TSV_RDL - Task 57] simulation started.
PyAEDT INFO: Python version 3.11.15 | packaged by Anaconda, Inc. | (main, Mar 11 2026, 17:12:15) [MSC v.1942 64 bit (AMD64)].
PyAEDT INFO: PyAEDT version 1.0.1.
PyAEDT INFO: Initializing new Desktop session.
PyAEDT INFO: AEDT version 2026.1.
PyAEDT INFO: New AEDT session is starting on gRPC port 4983.
PyAEDT INFO: Starting new AEDT gRPC session on port 4983.
PyAEDT INFO: Launching AEDT server with gRPC transport mode: TransportMode.WNUA
PyAEDT INFO: Electronics Desktop started on gRPC port 4983 after 4.6 seconds.
PyAEDT INFO: AEDT installation Path C:\Program Files\ANSYS Inc\v261\AnsysEM
PyAEDT INFO: Connected to AEDT gRPC session on port 4983.
PyAEDT INFO: Non-graphical mode detected. Disabling Desktop logs.
PyAEDT INFO: Parsing C:\ffzhzh\LocalFiles\Ansys_Project_Files\temp_train_TSV_RDL_57_1783446748_41684.aedt.
PyAEDT INFO: Python version 3.11.15 | packaged by Anaconda, Inc. | (main, Mar 11 2026, 17:12:15) [MSC v.1942 64 bit (AMD64)].
PyAEDT INFO: PyAEDT version 1.0.1.
PyAEDT INFO: Returning found Desktop session with PID 32680!
PyAEDT INFO: File C:\ffzhzh\LocalFiles\Ansys_Project_Files\temp_train_TSV_RDL_57_1783446748_41684.aedt correctly loaded. Elapsed time: 0m 0sec
PyAEDT INFO: Project temp_train_TSV_RDL_57_1783446748_41684 has been opened.
PyAEDT INFO: Active Design set to TSV_RDL
PyAEDT INFO: AEDT objects correctly read
PyAEDT INFO: Modeler class has been initialized! Elapsed time: 0m 0sec
PyAEDT INFO: Project temp_train_TSV_RDL_57_1783446748_41684 Saved correctly
PyAEDT INFO: Key Desktop/ActiveDSOConfigurations/HFSS correctly changed.
PyAEDT INFO: Solving all design setups. Analysis started...
PyAEDT INFO: Design setup None solved correctly in 0.0h 10.0m 56.0s
PyAEDT INFO: Key Desktop/ActiveDSOConfigurations/HFSS correctly changed.
PyAEDT INFO: Exporting Touchstone C:/ffzhzh/LocalFiles/Ansys_Project_Files/temp_train_TSV_RDL_53_1783446130_7600_SNP/temp_train_TSV_RDL_53_1783446130_7600.s2p
PyAEDT INFO: Touchstone correctly exported to C:/ffzhzh/LocalFiles/Ansys_Project_Files/temp_train_TSV_RDL_53_1783446130_7600_SNP/temp_train_TSV_RDL_53_1783446130_7600.s2p
[train / TSV_RDL - Task 53] simulation completed: C:\ffzhzh\SyncFiles\Temp\HFSS_sim\LHS150_50_Connection2\train\TSV_RDL\dut53.s2p
PyAEDT INFO: Desktop has been released and closed.
[train / TSV_RDL - Task 58] simulation started.
PyAEDT INFO: Python version 3.11.15 | packaged by Anaconda, Inc. | (main, Mar 11 2026, 17:12:15) [MSC v.1942 64 bit (AMD64)].
PyAEDT INFO: PyAEDT version 1.0.1.
PyAEDT INFO: Initializing new Desktop session.
PyAEDT INFO: AEDT version 2026.1.
PyAEDT INFO: New AEDT session is starting on gRPC port 14826.
PyAEDT INFO: Starting new AEDT gRPC session on port 14826.
PyAEDT INFO: Launching AEDT server with gRPC transport mode: TransportMode.WNUA
PyAEDT INFO: Electronics Desktop started on gRPC port 14826 after 5.6 seconds.
PyAEDT INFO: AEDT installation Path C:\Program Files\ANSYS Inc\v261\AnsysEM
PyAEDT INFO: Connected to AEDT gRPC session on port 14826.
PyAEDT INFO: Non-graphical mode detected. Disabling Desktop logs.
PyAEDT INFO: Parsing C:\ffzhzh\LocalFiles\Ansys_Project_Files\temp_train_TSV_RDL_58_1783446811_7600.aedt.
PyAEDT INFO: Python version 3.11.15 | packaged by Anaconda, Inc. | (main, Mar 11 2026, 17:12:15) [MSC v.1942 64 bit (AMD64)].
PyAEDT INFO: PyAEDT version 1.0.1.
PyAEDT INFO: Returning found Desktop session with PID 5452!
PyAEDT INFO: File C:\ffzhzh\LocalFiles\Ansys_Project_Files\temp_train_TSV_RDL_58_1783446811_7600.aedt correctly loaded. Elapsed time: 0m 0sec
PyAEDT INFO: Project temp_train_TSV_RDL_58_1783446811_7600 has been opened.
PyAEDT INFO: Active Design set to TSV_RDL
PyAEDT INFO: AEDT objects correctly read
PyAEDT INFO: Modeler class has been initialized! Elapsed time: 0m 0sec
PyAEDT INFO: Project temp_train_TSV_RDL_58_1783446811_7600 Saved correctly
PyAEDT INFO: Key Desktop/ActiveDSOConfigurations/HFSS correctly changed.
PyAEDT INFO: Solving all design setups. Analysis started...
PyAEDT INFO: Design setup None solved correctly in 0.0h 12.0m 17.0s
PyAEDT INFO: Key Desktop/ActiveDSOConfigurations/HFSS correctly changed.
PyAEDT INFO: Exporting Touchstone C:/ffzhzh/LocalFiles/Ansys_Project_Files/temp_train_TSV_RDL_55_1783446276_28540_SNP/temp_train_TSV_RDL_55_1783446276_28540.s2p
PyAEDT INFO: Touchstone correctly exported to C:/ffzhzh/LocalFiles/Ansys_Project_Files/temp_train_TSV_RDL_55_1783446276_28540_SNP/temp_train_TSV_RDL_55_1783446276_28540.s2p
[train / TSV_RDL - Task 55] simulation completed: C:\ffzhzh\SyncFiles\Temp\HFSS_sim\LHS150_50_Connection2\train\TSV_RDL\dut55.s2p
PyAEDT INFO: Desktop has been released and closed.
[train / TSV_RDL - Task 59] simulation started.
PyAEDT INFO: Python version 3.11.15 | packaged by Anaconda, Inc. | (main, Mar 11 2026, 17:12:15) [MSC v.1942 64 bit (AMD64)].
PyAEDT INFO: PyAEDT version 1.0.1.
PyAEDT INFO: Initializing new Desktop session.
PyAEDT INFO: AEDT version 2026.1.
PyAEDT INFO: New AEDT session is starting on gRPC port 8080.
PyAEDT INFO: Starting new AEDT gRPC session on port 8080.
PyAEDT INFO: Launching AEDT server with gRPC transport mode: TransportMode.WNUA
PyAEDT INFO: Electronics Desktop started on gRPC port 8080 after 6.7 seconds.
PyAEDT INFO: AEDT installation Path C:\Program Files\ANSYS Inc\v261\AnsysEM
PyAEDT INFO: Connected to AEDT gRPC session on port 8080.
PyAEDT INFO: Non-graphical mode detected. Disabling Desktop logs.
PyAEDT INFO: Parsing C:\ffzhzh\LocalFiles\Ansys_Project_Files\temp_train_TSV_RDL_59_1783447036_28540.aedt.
PyAEDT INFO: Python version 3.11.15 | packaged by Anaconda, Inc. | (main, Mar 11 2026, 17:12:15) [MSC v.1942 64 bit (AMD64)].
PyAEDT INFO: PyAEDT version 1.0.1.
PyAEDT INFO: Returning found Desktop session with PID 28616!
PyAEDT INFO: File C:\ffzhzh\LocalFiles\Ansys_Project_Files\temp_train_TSV_RDL_59_1783447036_28540.aedt correctly loaded. Elapsed time: 0m 0sec
PyAEDT INFO: Project temp_train_TSV_RDL_59_1783447036_28540 has been opened.
PyAEDT INFO: Active Design set to TSV_RDL
PyAEDT INFO: AEDT objects correctly read
PyAEDT INFO: Modeler class has been initialized! Elapsed time: 0m 0sec
PyAEDT INFO: Project temp_train_TSV_RDL_59_1783447036_28540 Saved correctly
PyAEDT INFO: Key Desktop/ActiveDSOConfigurations/HFSS correctly changed.
PyAEDT INFO: Solving all design setups. Analysis started...
PyAEDT INFO: Design setup None solved correctly in 0.0h 10.0m 18.0s
PyAEDT INFO: Key Desktop/ActiveDSOConfigurations/HFSS correctly changed.
PyAEDT INFO: Exporting Touchstone C:/ffzhzh/LocalFiles/Ansys_Project_Files/temp_train_TSV_RDL_57_1783446748_41684_SNP/temp_train_TSV_RDL_57_1783446748_41684.s2p
PyAEDT INFO: Touchstone correctly exported to C:/ffzhzh/LocalFiles/Ansys_Project_Files/temp_train_TSV_RDL_57_1783446748_41684_SNP/temp_train_TSV_RDL_57_1783446748_41684.s2p
[train / TSV_RDL - Task 57] simulation completed: C:\ffzhzh\SyncFiles\Temp\HFSS_sim\LHS150_50_Connection2\train\TSV_RDL\dut57.s2p
PyAEDT INFO: Desktop has been released and closed.
[train / TSV_RDL - Task 60] simulation started.
PyAEDT INFO: Python version 3.11.15 | packaged by Anaconda, Inc. | (main, Mar 11 2026, 17:12:15) [MSC v.1942 64 bit (AMD64)].
PyAEDT INFO: PyAEDT version 1.0.1.
PyAEDT INFO: Initializing new Desktop session.
PyAEDT INFO: AEDT version 2026.1.
PyAEDT INFO: New AEDT session is starting on gRPC port 1862.
PyAEDT INFO: Starting new AEDT gRPC session on port 1862.
PyAEDT INFO: Launching AEDT server with gRPC transport mode: TransportMode.WNUA
PyAEDT INFO: Electronics Desktop started on gRPC port 1862 after 6.7 seconds.
PyAEDT INFO: AEDT installation Path C:\Program Files\ANSYS Inc\v261\AnsysEM
PyAEDT INFO: Connected to AEDT gRPC session on port 1862.
PyAEDT INFO: Non-graphical mode detected. Disabling Desktop logs.
PyAEDT INFO: Parsing C:\ffzhzh\LocalFiles\Ansys_Project_Files\temp_train_TSV_RDL_60_1783447390_41684.aedt.
PyAEDT INFO: Python version 3.11.15 | packaged by Anaconda, Inc. | (main, Mar 11 2026, 17:12:15) [MSC v.1942 64 bit (AMD64)].
PyAEDT INFO: PyAEDT version 1.0.1.
PyAEDT INFO: Returning found Desktop session with PID 27760!
PyAEDT INFO: File C:\ffzhzh\LocalFiles\Ansys_Project_Files\temp_train_TSV_RDL_60_1783447390_41684.aedt correctly loaded. Elapsed time: 0m 0sec
PyAEDT INFO: Project temp_train_TSV_RDL_60_1783447390_41684 has been opened.
PyAEDT INFO: Active Design set to TSV_RDL
PyAEDT INFO: AEDT objects correctly read
PyAEDT INFO: Modeler class has been initialized! Elapsed time: 0m 0sec
PyAEDT INFO: Project temp_train_TSV_RDL_60_1783447390_41684 Saved correctly
PyAEDT INFO: Key Desktop/ActiveDSOConfigurations/HFSS correctly changed.
PyAEDT INFO: Solving all design setups. Analysis started...
PyAEDT INFO: Design setup None solved correctly in 0.0h 10.0m 13.0s
PyAEDT INFO: Key Desktop/ActiveDSOConfigurations/HFSS correctly changed.
PyAEDT INFO: Exporting Touchstone C:/ffzhzh/LocalFiles/Ansys_Project_Files/temp_train_TSV_RDL_58_1783446811_7600_SNP/temp_train_TSV_RDL_58_1783446811_7600.s2p
PyAEDT INFO: Touchstone correctly exported to C:/ffzhzh/LocalFiles/Ansys_Project_Files/temp_train_TSV_RDL_58_1783446811_7600_SNP/temp_train_TSV_RDL_58_1783446811_7600.s2p
[train / TSV_RDL - Task 58] simulation completed: C:\ffzhzh\SyncFiles\Temp\HFSS_sim\LHS150_50_Connection2\train\TSV_RDL\dut58.s2p
PyAEDT INFO: Desktop has been released and closed.
[train / TSV_RDL - Task 61] simulation started.
PyAEDT INFO: Python version 3.11.15 | packaged by Anaconda, Inc. | (main, Mar 11 2026, 17:12:15) [MSC v.1942 64 bit (AMD64)].
PyAEDT INFO: PyAEDT version 1.0.1.
PyAEDT INFO: Initializing new Desktop session.
PyAEDT INFO: AEDT version 2026.1.
PyAEDT INFO: New AEDT session is starting on gRPC port 4845.
PyAEDT INFO: Starting new AEDT gRPC session on port 4845.
PyAEDT INFO: Launching AEDT server with gRPC transport mode: TransportMode.WNUA
PyAEDT INFO: Electronics Desktop started on gRPC port 4845 after 4.4 seconds.
PyAEDT INFO: AEDT installation Path C:\Program Files\ANSYS Inc\v261\AnsysEM
PyAEDT INFO: Connected to AEDT gRPC session on port 4845.
PyAEDT INFO: Non-graphical mode detected. Disabling Desktop logs.
PyAEDT INFO: Parsing C:\ffzhzh\LocalFiles\Ansys_Project_Files\temp_train_TSV_RDL_61_1783447448_7600.aedt.
PyAEDT INFO: Python version 3.11.15 | packaged by Anaconda, Inc. | (main, Mar 11 2026, 17:12:15) [MSC v.1942 64 bit (AMD64)].
PyAEDT INFO: PyAEDT version 1.0.1.
PyAEDT INFO: Returning found Desktop session with PID 30120!
PyAEDT INFO: File C:\ffzhzh\LocalFiles\Ansys_Project_Files\temp_train_TSV_RDL_61_1783447448_7600.aedt correctly loaded. Elapsed time: 0m 0sec
PyAEDT INFO: Project temp_train_TSV_RDL_61_1783447448_7600 has been opened.
PyAEDT INFO: Active Design set to TSV_RDL
PyAEDT INFO: AEDT objects correctly read
PyAEDT INFO: Modeler class has been initialized! Elapsed time: 0m 0sec
PyAEDT INFO: Project temp_train_TSV_RDL_61_1783447448_7600 Saved correctly
PyAEDT INFO: Key Desktop/ActiveDSOConfigurations/HFSS correctly changed.
PyAEDT INFO: Solving all design setups. Analysis started...
PyAEDT INFO: Design setup None solved correctly in 0.0h 43.0m 26.0s
PyAEDT INFO: Key Desktop/ActiveDSOConfigurations/HFSS correctly changed.
PyAEDT INFO: Exporting Touchstone C:/ffzhzh/LocalFiles/Ansys_Project_Files/temp_train_TSV_RDL_49_1783445115_34316_SNP/temp_train_TSV_RDL_49_1783445115_34316.s2p
PyAEDT INFO: Touchstone correctly exported to C:/ffzhzh/LocalFiles/Ansys_Project_Files/temp_train_TSV_RDL_49_1783445115_34316_SNP/temp_train_TSV_RDL_49_1783445115_34316.s2p
[train / TSV_RDL - Task 49] simulation completed: C:\ffzhzh\SyncFiles\Temp\HFSS_sim\LHS150_50_Connection2\train\TSV_RDL\dut49.s2p
PyAEDT INFO: Desktop has been released and closed.
[train / TSV_RDL - Task 62] simulation started.
PyAEDT INFO: Python version 3.11.15 | packaged by Anaconda, Inc. | (main, Mar 11 2026, 17:12:15) [MSC v.1942 64 bit (AMD64)].
PyAEDT INFO: PyAEDT version 1.0.1.
PyAEDT INFO: Initializing new Desktop session.
PyAEDT INFO: AEDT version 2026.1.
PyAEDT INFO: New AEDT session is starting on gRPC port 11711.
PyAEDT INFO: Starting new AEDT gRPC session on port 11711.
PyAEDT INFO: Launching AEDT server with gRPC transport mode: TransportMode.WNUA
PyAEDT INFO: Solving all design setups. Analysis started...
PyAEDT INFO: Design setup None solved correctly in 0.0h 11.0m 41.0s
PyAEDT INFO: Key Desktop/ActiveDSOConfigurations/HFSS correctly changed.
PyAEDT INFO: Exporting Touchstone C:/ffzhzh/LocalFiles/Ansys_Project_Files/temp_train_TSV_RDL_59_1783447036_28540_SNP/temp_train_TSV_RDL_59_1783447036_28540.s2p
PyAEDT INFO: Touchstone correctly exported to C:/ffzhzh/LocalFiles/Ansys_Project_Files/temp_train_TSV_RDL_59_1783447036_28540_SNP/temp_train_TSV_RDL_59_1783447036_28540.s2p
PyAEDT INFO: Electronics Desktop started on gRPC port 11711 after 7.3 seconds.
PyAEDT INFO: AEDT installation Path C:\Program Files\ANSYS Inc\v261\AnsysEM
PyAEDT INFO: Connected to AEDT gRPC session on port 11711.
PyAEDT INFO: Non-graphical mode detected. Disabling Desktop logs.
PyAEDT INFO: Parsing C:\ffzhzh\LocalFiles\Ansys_Project_Files\temp_train_TSV_RDL_62_1783447748_34316.aedt.
PyAEDT INFO: Python version 3.11.15 | packaged by Anaconda, Inc. | (main, Mar 11 2026, 17:12:15) [MSC v.1942 64 bit (AMD64)].
PyAEDT INFO: PyAEDT version 1.0.1.
PyAEDT INFO: Returning found Desktop session with PID 55364!
PyAEDT INFO: File C:\ffzhzh\LocalFiles\Ansys_Project_Files\temp_train_TSV_RDL_62_1783447748_34316.aedt correctly loaded. Elapsed time: 0m 0sec
PyAEDT INFO: Project temp_train_TSV_RDL_62_1783447748_34316 has been opened.
PyAEDT INFO: Active Design set to TSV_RDL
PyAEDT INFO: AEDT objects correctly read
PyAEDT INFO: Modeler class has been initialized! Elapsed time: 0m 0sec
PyAEDT INFO: Project temp_train_TSV_RDL_62_1783447748_34316 Saved correctly
PyAEDT INFO: Key Desktop/ActiveDSOConfigurations/HFSS correctly changed.
[train / TSV_RDL - Task 59] simulation completed: C:\ffzhzh\SyncFiles\Temp\HFSS_sim\LHS150_50_Connection2\train\TSV_RDL\dut59.s2p
PyAEDT INFO: Desktop has been released and closed.
[train / TSV_RDL - Task 63] simulation started.
PyAEDT INFO: Python version 3.11.15 | packaged by Anaconda, Inc. | (main, Mar 11 2026, 17:12:15) [MSC v.1942 64 bit (AMD64)].
PyAEDT INFO: PyAEDT version 1.0.1.
PyAEDT INFO: Initializing new Desktop session.
PyAEDT INFO: AEDT version 2026.1.
PyAEDT INFO: New AEDT session is starting on gRPC port 10556.
PyAEDT INFO: Starting new AEDT gRPC session on port 10556.
PyAEDT INFO: Launching AEDT server with gRPC transport mode: TransportMode.WNUA
PyAEDT INFO: Electronics Desktop started on gRPC port 10556 after 4.7 seconds.
PyAEDT INFO: AEDT installation Path C:\Program Files\ANSYS Inc\v261\AnsysEM
PyAEDT INFO: Connected to AEDT gRPC session on port 10556.
PyAEDT INFO: Non-graphical mode detected. Disabling Desktop logs.
PyAEDT INFO: Parsing C:\ffzhzh\LocalFiles\Ansys_Project_Files\temp_train_TSV_RDL_63_1783447762_28540.aedt.
PyAEDT INFO: Python version 3.11.15 | packaged by Anaconda, Inc. | (main, Mar 11 2026, 17:12:15) [MSC v.1942 64 bit (AMD64)].
PyAEDT INFO: PyAEDT version 1.0.1.
PyAEDT INFO: Returning found Desktop session with PID 50844!
PyAEDT INFO: File C:\ffzhzh\LocalFiles\Ansys_Project_Files\temp_train_TSV_RDL_63_1783447762_28540.aedt correctly loaded. Elapsed time: 0m 0sec
PyAEDT INFO: Project temp_train_TSV_RDL_63_1783447762_28540 has been opened.
PyAEDT INFO: Active Design set to TSV_RDL
PyAEDT INFO: AEDT objects correctly read
PyAEDT INFO: Modeler class has been initialized! Elapsed time: 0m 0sec
PyAEDT INFO: Project temp_train_TSV_RDL_63_1783447762_28540 Saved correctly
PyAEDT INFO: Key Desktop/ActiveDSOConfigurations/HFSS correctly changed.
PyAEDT INFO: Solving all design setups. Analysis started...
PyAEDT INFO: Design setup None solved correctly in 0.0h 10.0m 46.0s
PyAEDT INFO: Key Desktop/ActiveDSOConfigurations/HFSS correctly changed.
PyAEDT INFO: Exporting Touchstone C:/ffzhzh/LocalFiles/Ansys_Project_Files/temp_train_TSV_RDL_61_1783447448_7600_SNP/temp_train_TSV_RDL_61_1783447448_7600.s2p
PyAEDT INFO: Touchstone correctly exported to C:/ffzhzh/LocalFiles/Ansys_Project_Files/temp_train_TSV_RDL_61_1783447448_7600_SNP/temp_train_TSV_RDL_61_1783447448_7600.s2p
[train / TSV_RDL - Task 61] simulation completed: C:\ffzhzh\SyncFiles\Temp\HFSS_sim\LHS150_50_Connection2\train\TSV_RDL\dut61.s2p
PyAEDT INFO: Desktop has been released and closed.
[train / TSV_RDL - Task 64] simulation started.
PyAEDT INFO: Python version 3.11.15 | packaged by Anaconda, Inc. | (main, Mar 11 2026, 17:12:15) [MSC v.1942 64 bit (AMD64)].
PyAEDT INFO: PyAEDT version 1.0.1.
PyAEDT INFO: Initializing new Desktop session.
PyAEDT INFO: AEDT version 2026.1.
PyAEDT INFO: New AEDT session is starting on gRPC port 2181.
PyAEDT INFO: Starting new AEDT gRPC session on port 2181.
PyAEDT INFO: Launching AEDT server with gRPC transport mode: TransportMode.WNUA
PyAEDT INFO: Electronics Desktop started on gRPC port 2181 after 6.6 seconds.
PyAEDT INFO: AEDT installation Path C:\Program Files\ANSYS Inc\v261\AnsysEM
PyAEDT INFO: Connected to AEDT gRPC session on port 2181.
PyAEDT INFO: Non-graphical mode detected. Disabling Desktop logs.
PyAEDT INFO: Parsing C:\ffzhzh\LocalFiles\Ansys_Project_Files\temp_train_TSV_RDL_64_1783448114_7600.aedt.
PyAEDT INFO: Python version 3.11.15 | packaged by Anaconda, Inc. | (main, Mar 11 2026, 17:12:15) [MSC v.1942 64 bit (AMD64)].
PyAEDT INFO: PyAEDT version 1.0.1.
PyAEDT INFO: Returning found Desktop session with PID 53716!
PyAEDT INFO: File C:\ffzhzh\LocalFiles\Ansys_Project_Files\temp_train_TSV_RDL_64_1783448114_7600.aedt correctly loaded. Elapsed time: 0m 0sec
PyAEDT INFO: Project temp_train_TSV_RDL_64_1783448114_7600 has been opened.
PyAEDT INFO: Active Design set to TSV_RDL
PyAEDT INFO: AEDT objects correctly read
PyAEDT INFO: Modeler class has been initialized! Elapsed time: 0m 0sec
PyAEDT INFO: Project temp_train_TSV_RDL_64_1783448114_7600 Saved correctly
PyAEDT INFO: Key Desktop/ActiveDSOConfigurations/HFSS correctly changed.
PyAEDT INFO: Solving all design setups. Analysis started...
PyAEDT INFO: Design setup None solved correctly in 0.0h 24.0m 1.0s
PyAEDT INFO: Key Desktop/ActiveDSOConfigurations/HFSS correctly changed.
PyAEDT INFO: Exporting Touchstone C:/ffzhzh/LocalFiles/Ansys_Project_Files/temp_train_TSV_RDL_56_1783446677_50928_SNP/temp_train_TSV_RDL_56_1783446677_50928.s2p
PyAEDT INFO: Touchstone correctly exported to C:/ffzhzh/LocalFiles/Ansys_Project_Files/temp_train_TSV_RDL_56_1783446677_50928_SNP/temp_train_TSV_RDL_56_1783446677_50928.s2p
[train / TSV_RDL - Task 56] simulation completed: C:\ffzhzh\SyncFiles\Temp\HFSS_sim\LHS150_50_Connection2\train\TSV_RDL\dut56.s2p
PyAEDT INFO: Desktop has been released and closed.
[train / TSV_RDL - Task 65] simulation started.
PyAEDT INFO: Python version 3.11.15 | packaged by Anaconda, Inc. | (main, Mar 11 2026, 17:12:15) [MSC v.1942 64 bit (AMD64)].
PyAEDT INFO: PyAEDT version 1.0.1.
PyAEDT INFO: Initializing new Desktop session.
PyAEDT INFO: AEDT version 2026.1.
PyAEDT INFO: New AEDT session is starting on gRPC port 11470.
PyAEDT INFO: Starting new AEDT gRPC session on port 11470.
PyAEDT INFO: Launching AEDT server with gRPC transport mode: TransportMode.WNUA
PyAEDT INFO: Electronics Desktop started on gRPC port 11470 after 4.6 seconds.
PyAEDT INFO: AEDT installation Path C:\Program Files\ANSYS Inc\v261\AnsysEM
PyAEDT INFO: Connected to AEDT gRPC session on port 11470.
PyAEDT INFO: Non-graphical mode detected. Disabling Desktop logs.
PyAEDT INFO: Parsing C:\ffzhzh\LocalFiles\Ansys_Project_Files\temp_train_TSV_RDL_65_1783448143_50928.aedt.
PyAEDT INFO: Python version 3.11.15 | packaged by Anaconda, Inc. | (main, Mar 11 2026, 17:12:15) [MSC v.1942 64 bit (AMD64)].
PyAEDT INFO: PyAEDT version 1.0.1.
PyAEDT INFO: Returning found Desktop session with PID 45428!
PyAEDT INFO: File C:\ffzhzh\LocalFiles\Ansys_Project_Files\temp_train_TSV_RDL_65_1783448143_50928.aedt correctly loaded. Elapsed time: 0m 0sec
PyAEDT INFO: Project temp_train_TSV_RDL_65_1783448143_50928 has been opened.
PyAEDT INFO: Active Design set to TSV_RDL
PyAEDT INFO: AEDT objects correctly read
PyAEDT INFO: Modeler class has been initialized! Elapsed time: 0m 0sec
PyAEDT INFO: Project temp_train_TSV_RDL_65_1783448143_50928 Saved correctly
PyAEDT INFO: Key Desktop/ActiveDSOConfigurations/HFSS correctly changed.
PyAEDT INFO: Solving all design setups. Analysis started...
PyAEDT INFO: Design setup None solved correctly in 0.0h 8.0m 58.0s
PyAEDT INFO: Key Desktop/ActiveDSOConfigurations/HFSS correctly changed.
PyAEDT INFO: Exporting Touchstone C:/ffzhzh/LocalFiles/Ansys_Project_Files/temp_train_TSV_RDL_63_1783447762_28540_SNP/temp_train_TSV_RDL_63_1783447762_28540.s2p
PyAEDT INFO: Touchstone correctly exported to C:/ffzhzh/LocalFiles/Ansys_Project_Files/temp_train_TSV_RDL_63_1783447762_28540_SNP/temp_train_TSV_RDL_63_1783447762_28540.s2p
[train / TSV_RDL - Task 63] simulation completed: C:\ffzhzh\SyncFiles\Temp\HFSS_sim\LHS150_50_Connection2\train\TSV_RDL\dut63.s2p
PyAEDT INFO: Desktop has been released and closed.
[train / TSV_RDL - Task 66] simulation started.
PyAEDT INFO: Python version 3.11.15 | packaged by Anaconda, Inc. | (main, Mar 11 2026, 17:12:15) [MSC v.1942 64 bit (AMD64)].
PyAEDT INFO: PyAEDT version 1.0.1.
PyAEDT INFO: Initializing new Desktop session.
PyAEDT INFO: AEDT version 2026.1.
PyAEDT INFO: New AEDT session is starting on gRPC port 1951.
PyAEDT INFO: Starting new AEDT gRPC session on port 1951.
PyAEDT INFO: Launching AEDT server with gRPC transport mode: TransportMode.WNUA
PyAEDT INFO: Electronics Desktop started on gRPC port 1951 after 4.8 seconds.
PyAEDT INFO: AEDT installation Path C:\Program Files\ANSYS Inc\v261\AnsysEM
PyAEDT INFO: Connected to AEDT gRPC session on port 1951.
PyAEDT INFO: Non-graphical mode detected. Disabling Desktop logs.
PyAEDT INFO: Parsing C:\ffzhzh\LocalFiles\Ansys_Project_Files\temp_train_TSV_RDL_66_1783448323_28540.aedt.
PyAEDT INFO: Python version 3.11.15 | packaged by Anaconda, Inc. | (main, Mar 11 2026, 17:12:15) [MSC v.1942 64 bit (AMD64)].
PyAEDT INFO: PyAEDT version 1.0.1.
PyAEDT INFO: Returning found Desktop session with PID 50780!
PyAEDT INFO: File C:\ffzhzh\LocalFiles\Ansys_Project_Files\temp_train_TSV_RDL_66_1783448323_28540.aedt correctly loaded. Elapsed time: 0m 0sec
PyAEDT INFO: Project temp_train_TSV_RDL_66_1783448323_28540 has been opened.
PyAEDT INFO: Active Design set to TSV_RDL
PyAEDT INFO: AEDT objects correctly read
PyAEDT INFO: Modeler class has been initialized! Elapsed time: 0m 0sec
PyAEDT INFO: Project temp_train_TSV_RDL_66_1783448323_28540 Saved correctly
PyAEDT INFO: Key Desktop/ActiveDSOConfigurations/HFSS correctly changed.
PyAEDT INFO: Solving all design setups. Analysis started...
PyAEDT INFO: Design setup None solved correctly in 0.0h 16.0m 21.0s
PyAEDT INFO: Key Desktop/ActiveDSOConfigurations/HFSS correctly changed.
PyAEDT INFO: Exporting Touchstone C:/ffzhzh/LocalFiles/Ansys_Project_Files/temp_train_TSV_RDL_60_1783447390_41684_SNP/temp_train_TSV_RDL_60_1783447390_41684.s2p
PyAEDT INFO: Touchstone correctly exported to C:/ffzhzh/LocalFiles/Ansys_Project_Files/temp_train_TSV_RDL_60_1783447390_41684_SNP/temp_train_TSV_RDL_60_1783447390_41684.s2p
PyAEDT INFO: Solving all design setups. Analysis started...
PyAEDT INFO: Design setup None solved correctly in 0.0h 10.0m 32.0s
PyAEDT INFO: Key Desktop/ActiveDSOConfigurations/HFSS correctly changed.
PyAEDT INFO: Exporting Touchstone C:/ffzhzh/LocalFiles/Ansys_Project_Files/temp_train_TSV_RDL_62_1783447748_34316_SNP/temp_train_TSV_RDL_62_1783447748_34316.s2p
PyAEDT INFO: Touchstone correctly exported to C:/ffzhzh/LocalFiles/Ansys_Project_Files/temp_train_TSV_RDL_62_1783447748_34316_SNP/temp_train_TSV_RDL_62_1783447748_34316.s2p
[train / TSV_RDL - Task 60] simulation completed: C:\ffzhzh\SyncFiles\Temp\HFSS_sim\LHS150_50_Connection2\train\TSV_RDL\dut60.s2p
PyAEDT INFO: Desktop has been released and closed.
[train / TSV_RDL - Task 67] simulation started.
PyAEDT INFO: Python version 3.11.15 | packaged by Anaconda, Inc. | (main, Mar 11 2026, 17:12:15) [MSC v.1942 64 bit (AMD64)].
PyAEDT INFO: PyAEDT version 1.0.1.
PyAEDT INFO: Initializing new Desktop session.
PyAEDT INFO: AEDT version 2026.1.
PyAEDT INFO: New AEDT session is starting on gRPC port 5366.
PyAEDT INFO: Starting new AEDT gRPC session on port 5366.
PyAEDT INFO: Launching AEDT server with gRPC transport mode: TransportMode.WNUA
PyAEDT INFO: Electronics Desktop started on gRPC port 5366 after 5.6 seconds.
PyAEDT INFO: AEDT installation Path C:\Program Files\ANSYS Inc\v261\AnsysEM
PyAEDT INFO: Connected to AEDT gRPC session on port 5366.
PyAEDT INFO: Non-graphical mode detected. Disabling Desktop logs.
PyAEDT INFO: Parsing C:\ffzhzh\LocalFiles\Ansys_Project_Files\temp_train_TSV_RDL_67_1783448394_41684.aedt.
PyAEDT INFO: Python version 3.11.15 | packaged by Anaconda, Inc. | (main, Mar 11 2026, 17:12:15) [MSC v.1942 64 bit (AMD64)].
PyAEDT INFO: PyAEDT version 1.0.1.
PyAEDT INFO: Returning found Desktop session with PID 50992!
PyAEDT INFO: File C:\ffzhzh\LocalFiles\Ansys_Project_Files\temp_train_TSV_RDL_67_1783448394_41684.aedt correctly loaded. Elapsed time: 0m 0sec
PyAEDT INFO: Project temp_train_TSV_RDL_67_1783448394_41684 has been opened.
[train / TSV_RDL - Task 62] simulation completed: C:\ffzhzh\SyncFiles\Temp\HFSS_sim\LHS150_50_Connection2\train\TSV_RDL\dut62.s2p
PyAEDT INFO: Desktop has been released and closed.
PyAEDT INFO: Active Design set to TSV_RDL
PyAEDT INFO: AEDT objects correctly read
PyAEDT INFO: Modeler class has been initialized! Elapsed time: 0m 0sec
[train / TSV_RDL - Task 68] simulation started.
PyAEDT INFO: Python version 3.11.15 | packaged by Anaconda, Inc. | (main, Mar 11 2026, 17:12:15) [MSC v.1942 64 bit (AMD64)].
PyAEDT INFO: PyAEDT version 1.0.1.
PyAEDT INFO: Initializing new Desktop session.
PyAEDT INFO: AEDT version 2026.1.
PyAEDT INFO: Project temp_train_TSV_RDL_67_1783448394_41684 Saved correctly
PyAEDT INFO: Key Desktop/ActiveDSOConfigurations/HFSS correctly changed.
PyAEDT INFO: New AEDT session is starting on gRPC port 6660.
PyAEDT INFO: Starting new AEDT gRPC session on port 6660.
PyAEDT INFO: Launching AEDT server with gRPC transport mode: TransportMode.WNUA
PyAEDT INFO: Electronics Desktop started on gRPC port 6660 after 5.5 seconds.
PyAEDT INFO: AEDT installation Path C:\Program Files\ANSYS Inc\v261\AnsysEM
PyAEDT INFO: Connected to AEDT gRPC session on port 6660.
PyAEDT INFO: Non-graphical mode detected. Disabling Desktop logs.
PyAEDT INFO: Parsing C:\ffzhzh\LocalFiles\Ansys_Project_Files\temp_train_TSV_RDL_68_1783448404_34316.aedt.
PyAEDT INFO: Python version 3.11.15 | packaged by Anaconda, Inc. | (main, Mar 11 2026, 17:12:15) [MSC v.1942 64 bit (AMD64)].
PyAEDT INFO: PyAEDT version 1.0.1.
PyAEDT INFO: Returning found Desktop session with PID 34388!
PyAEDT INFO: File C:\ffzhzh\LocalFiles\Ansys_Project_Files\temp_train_TSV_RDL_68_1783448404_34316.aedt correctly loaded. Elapsed time: 0m 0sec
PyAEDT INFO: Project temp_train_TSV_RDL_68_1783448404_34316 has been opened.
PyAEDT INFO: Active Design set to TSV_RDL
PyAEDT INFO: AEDT objects correctly read
PyAEDT INFO: Modeler class has been initialized! Elapsed time: 0m 0sec
PyAEDT INFO: Project temp_train_TSV_RDL_68_1783448404_34316 Saved correctly
PyAEDT INFO: Key Desktop/ActiveDSOConfigurations/HFSS correctly changed.
PyAEDT INFO: Solving all design setups. Analysis started...
PyAEDT INFO: Design setup None solved correctly in 0.0h 11.0m 14.0s
PyAEDT INFO: Key Desktop/ActiveDSOConfigurations/HFSS correctly changed.
PyAEDT INFO: Exporting Touchstone C:/ffzhzh/LocalFiles/Ansys_Project_Files/temp_train_TSV_RDL_66_1783448323_28540_SNP/temp_train_TSV_RDL_66_1783448323_28540.s2p
PyAEDT INFO: Touchstone correctly exported to C:/ffzhzh/LocalFiles/Ansys_Project_Files/temp_train_TSV_RDL_66_1783448323_28540_SNP/temp_train_TSV_RDL_66_1783448323_28540.s2p
[train / TSV_RDL - Task 66] simulation completed: C:\ffzhzh\SyncFiles\Temp\HFSS_sim\LHS150_50_Connection2\train\TSV_RDL\dut66.s2p
PyAEDT INFO: Desktop has been released and closed.
[train / TSV_RDL - Task 69] simulation started.
PyAEDT INFO: Python version 3.11.15 | packaged by Anaconda, Inc. | (main, Mar 11 2026, 17:12:15) [MSC v.1942 64 bit (AMD64)].
PyAEDT INFO: PyAEDT version 1.0.1.
PyAEDT INFO: Initializing new Desktop session.
PyAEDT INFO: AEDT version 2026.1.
PyAEDT INFO: New AEDT session is starting on gRPC port 2137.
PyAEDT INFO: Starting new AEDT gRPC session on port 2137.
PyAEDT INFO: Launching AEDT server with gRPC transport mode: TransportMode.WNUA
PyAEDT INFO: Electronics Desktop started on gRPC port 2137 after 6.5 seconds.
PyAEDT INFO: AEDT installation Path C:\Program Files\ANSYS Inc\v261\AnsysEM
PyAEDT INFO: Connected to AEDT gRPC session on port 2137.
PyAEDT INFO: Non-graphical mode detected. Disabling Desktop logs.
PyAEDT INFO: Parsing C:\ffzhzh\LocalFiles\Ansys_Project_Files\temp_train_TSV_RDL_69_1783449020_28540.aedt.
PyAEDT INFO: Python version 3.11.15 | packaged by Anaconda, Inc. | (main, Mar 11 2026, 17:12:15) [MSC v.1942 64 bit (AMD64)].
PyAEDT INFO: PyAEDT version 1.0.1.
PyAEDT INFO: Returning found Desktop session with PID 46248!
PyAEDT INFO: File C:\ffzhzh\LocalFiles\Ansys_Project_Files\temp_train_TSV_RDL_69_1783449020_28540.aedt correctly loaded. Elapsed time: 0m 0sec
PyAEDT INFO: Project temp_train_TSV_RDL_69_1783449020_28540 has been opened.
PyAEDT INFO: Active Design set to TSV_RDL
PyAEDT INFO: AEDT objects correctly read
PyAEDT INFO: Modeler class has been initialized! Elapsed time: 0m 0sec
PyAEDT INFO: Project temp_train_TSV_RDL_69_1783449020_28540 Saved correctly
PyAEDT INFO: Key Desktop/ActiveDSOConfigurations/HFSS correctly changed.
PyAEDT INFO: Solving all design setups. Analysis started...
PyAEDT INFO: Design setup None solved correctly in 0.0h 14.0m 48.0s
PyAEDT INFO: Key Desktop/ActiveDSOConfigurations/HFSS correctly changed.
PyAEDT INFO: Exporting Touchstone C:/ffzhzh/LocalFiles/Ansys_Project_Files/temp_train_TSV_RDL_65_1783448143_50928_SNP/temp_train_TSV_RDL_65_1783448143_50928.s2p
PyAEDT INFO: Touchstone correctly exported to C:/ffzhzh/LocalFiles/Ansys_Project_Files/temp_train_TSV_RDL_65_1783448143_50928_SNP/temp_train_TSV_RDL_65_1783448143_50928.s2p
[train / TSV_RDL - Task 65] simulation completed: C:\ffzhzh\SyncFiles\Temp\HFSS_sim\LHS150_50_Connection2\train\TSV_RDL\dut65.s2p
PyAEDT INFO: Desktop has been released and closed.
[train / TSV_RDL - Task 70] simulation started.
PyAEDT INFO: Python version 3.11.15 | packaged by Anaconda, Inc. | (main, Mar 11 2026, 17:12:15) [MSC v.1942 64 bit (AMD64)].
PyAEDT INFO: PyAEDT version 1.0.1.
PyAEDT INFO: Initializing new Desktop session.
PyAEDT INFO: AEDT version 2026.1.
PyAEDT INFO: New AEDT session is starting on gRPC port 8281.
PyAEDT INFO: Starting new AEDT gRPC session on port 8281.
PyAEDT INFO: Launching AEDT server with gRPC transport mode: TransportMode.WNUA
PyAEDT INFO: Electronics Desktop started on gRPC port 8281 after 4.7 seconds.
PyAEDT INFO: AEDT installation Path C:\Program Files\ANSYS Inc\v261\AnsysEM
PyAEDT INFO: Connected to AEDT gRPC session on port 8281.
PyAEDT INFO: Non-graphical mode detected. Disabling Desktop logs.
PyAEDT INFO: Parsing C:\ffzhzh\LocalFiles\Ansys_Project_Files\temp_train_TSV_RDL_70_1783449054_50928.aedt.
PyAEDT INFO: Python version 3.11.15 | packaged by Anaconda, Inc. | (main, Mar 11 2026, 17:12:15) [MSC v.1942 64 bit (AMD64)].
PyAEDT INFO: PyAEDT version 1.0.1.
PyAEDT INFO: Returning found Desktop session with PID 48596!
PyAEDT INFO: File C:\ffzhzh\LocalFiles\Ansys_Project_Files\temp_train_TSV_RDL_70_1783449054_50928.aedt correctly loaded. Elapsed time: 0m 0sec
PyAEDT INFO: Project temp_train_TSV_RDL_70_1783449054_50928 has been opened.
PyAEDT INFO: Active Design set to TSV_RDL
PyAEDT INFO: AEDT objects correctly read
PyAEDT INFO: Modeler class has been initialized! Elapsed time: 0m 0sec
PyAEDT INFO: Project temp_train_TSV_RDL_70_1783449054_50928 Saved correctly
PyAEDT INFO: Key Desktop/ActiveDSOConfigurations/HFSS correctly changed.
PyAEDT INFO: Solving all design setups. Analysis started...
PyAEDT INFO: Design setup None solved correctly in 0.0h 12.0m 55.0s
PyAEDT INFO: Key Desktop/ActiveDSOConfigurations/HFSS correctly changed.
PyAEDT INFO: Exporting Touchstone C:/ffzhzh/LocalFiles/Ansys_Project_Files/temp_train_TSV_RDL_68_1783448404_34316_SNP/temp_train_TSV_RDL_68_1783448404_34316.s2p
PyAEDT INFO: Touchstone correctly exported to C:/ffzhzh/LocalFiles/Ansys_Project_Files/temp_train_TSV_RDL_68_1783448404_34316_SNP/temp_train_TSV_RDL_68_1783448404_34316.s2p
[train / TSV_RDL - Task 68] simulation completed: C:\ffzhzh\SyncFiles\Temp\HFSS_sim\LHS150_50_Connection2\train\TSV_RDL\dut68.s2p
PyAEDT INFO: Desktop has been released and closed.
[train / TSV_RDL - Task 71] simulation started.
PyAEDT INFO: Python version 3.11.15 | packaged by Anaconda, Inc. | (main, Mar 11 2026, 17:12:15) [MSC v.1942 64 bit (AMD64)].
PyAEDT INFO: PyAEDT version 1.0.1.
PyAEDT INFO: Initializing new Desktop session.
PyAEDT INFO: AEDT version 2026.1.
PyAEDT INFO: New AEDT session is starting on gRPC port 2307.
PyAEDT INFO: Starting new AEDT gRPC session on port 2307.
PyAEDT INFO: Launching AEDT server with gRPC transport mode: TransportMode.WNUA
PyAEDT INFO: Electronics Desktop started on gRPC port 2307 after 5.5 seconds.
PyAEDT INFO: AEDT installation Path C:\Program Files\ANSYS Inc\v261\AnsysEM
PyAEDT INFO: Connected to AEDT gRPC session on port 2307.
PyAEDT INFO: Non-graphical mode detected. Disabling Desktop logs.
PyAEDT INFO: Parsing C:\ffzhzh\LocalFiles\Ansys_Project_Files\temp_train_TSV_RDL_71_1783449199_34316.aedt.
PyAEDT INFO: Python version 3.11.15 | packaged by Anaconda, Inc. | (main, Mar 11 2026, 17:12:15) [MSC v.1942 64 bit (AMD64)].
PyAEDT INFO: PyAEDT version 1.0.1.
PyAEDT INFO: Returning found Desktop session with PID 57044!
PyAEDT INFO: File C:\ffzhzh\LocalFiles\Ansys_Project_Files\temp_train_TSV_RDL_71_1783449199_34316.aedt correctly loaded. Elapsed time: 0m 0sec
PyAEDT INFO: Project temp_train_TSV_RDL_71_1783449199_34316 has been opened.
PyAEDT INFO: Active Design set to TSV_RDL
PyAEDT INFO: AEDT objects correctly read
PyAEDT INFO: Modeler class has been initialized! Elapsed time: 0m 0sec
PyAEDT INFO: Project temp_train_TSV_RDL_71_1783449199_34316 Saved correctly
PyAEDT INFO: Key Desktop/ActiveDSOConfigurations/HFSS correctly changed.
PyAEDT INFO: Solving all design setups. Analysis started...
PyAEDT INFO: Design setup None solved correctly in 0.0h 19.0m 50.0s
PyAEDT INFO: Key Desktop/ActiveDSOConfigurations/HFSS correctly changed.
PyAEDT INFO: Exporting Touchstone C:/ffzhzh/LocalFiles/Ansys_Project_Files/temp_train_TSV_RDL_64_1783448114_7600_SNP/temp_train_TSV_RDL_64_1783448114_7600.s2p
PyAEDT INFO: Touchstone correctly exported to C:/ffzhzh/LocalFiles/Ansys_Project_Files/temp_train_TSV_RDL_64_1783448114_7600_SNP/temp_train_TSV_RDL_64_1783448114_7600.s2p
[train / TSV_RDL - Task 64] simulation completed: C:\ffzhzh\SyncFiles\Temp\HFSS_sim\LHS150_50_Connection2\train\TSV_RDL\dut64.s2p
PyAEDT INFO: Desktop has been released and closed.
[train / TSV_RDL - Task 72] simulation started.
PyAEDT INFO: Python version 3.11.15 | packaged by Anaconda, Inc. | (main, Mar 11 2026, 17:12:15) [MSC v.1942 64 bit (AMD64)].
PyAEDT INFO: PyAEDT version 1.0.1.
PyAEDT INFO: Initializing new Desktop session.
PyAEDT INFO: AEDT version 2026.1.
PyAEDT INFO: New AEDT session is starting on gRPC port 3065.
PyAEDT INFO: Starting new AEDT gRPC session on port 3065.
PyAEDT INFO: Launching AEDT server with gRPC transport mode: TransportMode.WNUA
PyAEDT INFO: Electronics Desktop started on gRPC port 3065 after 5.9 seconds.
PyAEDT INFO: AEDT installation Path C:\Program Files\ANSYS Inc\v261\AnsysEM
PyAEDT INFO: Connected to AEDT gRPC session on port 3065.
PyAEDT INFO: Non-graphical mode detected. Disabling Desktop logs.
PyAEDT INFO: Parsing C:\ffzhzh\LocalFiles\Ansys_Project_Files\temp_train_TSV_RDL_72_1783449331_7600.aedt.
PyAEDT INFO: Python version 3.11.15 | packaged by Anaconda, Inc. | (main, Mar 11 2026, 17:12:15) [MSC v.1942 64 bit (AMD64)].
PyAEDT INFO: PyAEDT version 1.0.1.
PyAEDT INFO: Returning found Desktop session with PID 55364!
PyAEDT INFO: File C:\ffzhzh\LocalFiles\Ansys_Project_Files\temp_train_TSV_RDL_72_1783449331_7600.aedt correctly loaded. Elapsed time: 0m 0sec
PyAEDT INFO: Project temp_train_TSV_RDL_72_1783449331_7600 has been opened.
PyAEDT INFO: Active Design set to TSV_RDL
PyAEDT INFO: AEDT objects correctly read
PyAEDT INFO: Modeler class has been initialized! Elapsed time: 0m 0sec
PyAEDT INFO: Project temp_train_TSV_RDL_72_1783449331_7600 Saved correctly
PyAEDT INFO: Key Desktop/ActiveDSOConfigurations/HFSS correctly changed.
PyAEDT INFO: Solving all design setups. Analysis started...
PyAEDT INFO: Design setup None solved correctly in 0.0h 11.0m 57.0s
PyAEDT INFO: Key Desktop/ActiveDSOConfigurations/HFSS correctly changed.
PyAEDT INFO: Exporting Touchstone C:/ffzhzh/LocalFiles/Ansys_Project_Files/temp_train_TSV_RDL_70_1783449054_50928_SNP/temp_train_TSV_RDL_70_1783449054_50928.s2p
PyAEDT INFO: Touchstone correctly exported to C:/ffzhzh/LocalFiles/Ansys_Project_Files/temp_train_TSV_RDL_70_1783449054_50928_SNP/temp_train_TSV_RDL_70_1783449054_50928.s2p
[train / TSV_RDL - Task 70] simulation completed: C:\ffzhzh\SyncFiles\Temp\HFSS_sim\LHS150_50_Connection2\train\TSV_RDL\dut70.s2p
PyAEDT INFO: Desktop has been released and closed.
[train / TSV_RDL - Task 73] simulation started.
PyAEDT INFO: Python version 3.11.15 | packaged by Anaconda, Inc. | (main, Mar 11 2026, 17:12:15) [MSC v.1942 64 bit (AMD64)].
PyAEDT INFO: PyAEDT version 1.0.1.
PyAEDT INFO: Initializing new Desktop session.
PyAEDT INFO: AEDT version 2026.1.
PyAEDT INFO: New AEDT session is starting on gRPC port 1459.
PyAEDT INFO: Starting new AEDT gRPC session on port 1459.
PyAEDT INFO: Launching AEDT server with gRPC transport mode: TransportMode.WNUA
PyAEDT INFO: Electronics Desktop started on gRPC port 1459 after 6.1 seconds.
PyAEDT INFO: AEDT installation Path C:\Program Files\ANSYS Inc\v261\AnsysEM
PyAEDT INFO: Connected to AEDT gRPC session on port 1459.
PyAEDT INFO: Non-graphical mode detected. Disabling Desktop logs.
PyAEDT INFO: Parsing C:\ffzhzh\LocalFiles\Ansys_Project_Files\temp_train_TSV_RDL_73_1783449796_50928.aedt.
PyAEDT INFO: Python version 3.11.15 | packaged by Anaconda, Inc. | (main, Mar 11 2026, 17:12:15) [MSC v.1942 64 bit (AMD64)].
PyAEDT INFO: PyAEDT version 1.0.1.
PyAEDT INFO: Returning found Desktop session with PID 38408!
PyAEDT INFO: File C:\ffzhzh\LocalFiles\Ansys_Project_Files\temp_train_TSV_RDL_73_1783449796_50928.aedt correctly loaded. Elapsed time: 0m 0sec
PyAEDT INFO: Project temp_train_TSV_RDL_73_1783449796_50928 has been opened.
PyAEDT INFO: Active Design set to TSV_RDL
PyAEDT INFO: AEDT objects correctly read
PyAEDT INFO: Modeler class has been initialized! Elapsed time: 0m 0sec
PyAEDT INFO: Project temp_train_TSV_RDL_73_1783449796_50928 Saved correctly
PyAEDT INFO: Key Desktop/ActiveDSOConfigurations/HFSS correctly changed.
PyAEDT INFO: Solving all design setups. Analysis started...
PyAEDT INFO: Design setup None solved correctly in 0.0h 10.0m 3.0s
PyAEDT INFO: Key Desktop/ActiveDSOConfigurations/HFSS correctly changed.
PyAEDT INFO: Exporting Touchstone C:/ffzhzh/LocalFiles/Ansys_Project_Files/temp_train_TSV_RDL_71_1783449199_34316_SNP/temp_train_TSV_RDL_71_1783449199_34316.s2p
PyAEDT INFO: Touchstone correctly exported to C:/ffzhzh/LocalFiles/Ansys_Project_Files/temp_train_TSV_RDL_71_1783449199_34316_SNP/temp_train_TSV_RDL_71_1783449199_34316.s2p
[train / TSV_RDL - Task 71] simulation completed: C:\ffzhzh\SyncFiles\Temp\HFSS_sim\LHS150_50_Connection2\train\TSV_RDL\dut71.s2p
PyAEDT INFO: Desktop has been released and closed.
[train / TSV_RDL - Task 74] simulation started.
PyAEDT INFO: Python version 3.11.15 | packaged by Anaconda, Inc. | (main, Mar 11 2026, 17:12:15) [MSC v.1942 64 bit (AMD64)].
PyAEDT INFO: PyAEDT version 1.0.1.
PyAEDT INFO: Initializing new Desktop session.
PyAEDT INFO: AEDT version 2026.1.
PyAEDT INFO: New AEDT session is starting on gRPC port 2648.
PyAEDT INFO: Starting new AEDT gRPC session on port 2648.
PyAEDT INFO: Launching AEDT server with gRPC transport mode: TransportMode.WNUA
PyAEDT INFO: Electronics Desktop started on gRPC port 2648 after 4.7 seconds.
PyAEDT INFO: AEDT installation Path C:\Program Files\ANSYS Inc\v261\AnsysEM
PyAEDT INFO: Connected to AEDT gRPC session on port 2648.
PyAEDT INFO: Non-graphical mode detected. Disabling Desktop logs.
PyAEDT INFO: Parsing C:\ffzhzh\LocalFiles\Ansys_Project_Files\temp_train_TSV_RDL_74_1783449827_34316.aedt.
PyAEDT INFO: Python version 3.11.15 | packaged by Anaconda, Inc. | (main, Mar 11 2026, 17:12:15) [MSC v.1942 64 bit (AMD64)].
PyAEDT INFO: PyAEDT version 1.0.1.
PyAEDT INFO: Returning found Desktop session with PID 17300!
PyAEDT INFO: File C:\ffzhzh\LocalFiles\Ansys_Project_Files\temp_train_TSV_RDL_74_1783449827_34316.aedt correctly loaded. Elapsed time: 0m 0sec
PyAEDT INFO: Project temp_train_TSV_RDL_74_1783449827_34316 has been opened.
PyAEDT INFO: Active Design set to TSV_RDL
PyAEDT INFO: AEDT objects correctly read
PyAEDT INFO: Modeler class has been initialized! Elapsed time: 0m 0sec
PyAEDT INFO: Project temp_train_TSV_RDL_74_1783449827_34316 Saved correctly
PyAEDT INFO: Key Desktop/ActiveDSOConfigurations/HFSS correctly changed.
PyAEDT INFO: Solving all design setups. Analysis started...
PyAEDT INFO: Design setup None solved correctly in 0.0h 12.0m 13.0s
PyAEDT INFO: Key Desktop/ActiveDSOConfigurations/HFSS correctly changed.
PyAEDT INFO: Exporting Touchstone C:/ffzhzh/LocalFiles/Ansys_Project_Files/temp_train_TSV_RDL_72_1783449331_7600_SNP/temp_train_TSV_RDL_72_1783449331_7600.s2p
PyAEDT INFO: Touchstone correctly exported to C:/ffzhzh/LocalFiles/Ansys_Project_Files/temp_train_TSV_RDL_72_1783449331_7600_SNP/temp_train_TSV_RDL_72_1783449331_7600.s2p
[train / TSV_RDL - Task 72] simulation completed: C:\ffzhzh\SyncFiles\Temp\HFSS_sim\LHS150_50_Connection2\train\TSV_RDL\dut72.s2p
PyAEDT INFO: Desktop has been released and closed.
[train / TSV_RDL - Task 75] simulation started.
PyAEDT INFO: Python version 3.11.15 | packaged by Anaconda, Inc. | (main, Mar 11 2026, 17:12:15) [MSC v.1942 64 bit (AMD64)].
PyAEDT INFO: PyAEDT version 1.0.1.
PyAEDT INFO: Initializing new Desktop session.
PyAEDT INFO: AEDT version 2026.1.
PyAEDT INFO: New AEDT session is starting on gRPC port 8492.
PyAEDT INFO: Starting new AEDT gRPC session on port 8492.
PyAEDT INFO: Launching AEDT server with gRPC transport mode: TransportMode.WNUA
PyAEDT INFO: Electronics Desktop started on gRPC port 8492 after 5.9 seconds.
PyAEDT INFO: AEDT installation Path C:\Program Files\ANSYS Inc\v261\AnsysEM
PyAEDT INFO: Connected to AEDT gRPC session on port 8492.
PyAEDT INFO: Non-graphical mode detected. Disabling Desktop logs.
PyAEDT INFO: Parsing C:\ffzhzh\LocalFiles\Ansys_Project_Files\temp_train_TSV_RDL_75_1783450086_7600.aedt.
PyAEDT INFO: Python version 3.11.15 | packaged by Anaconda, Inc. | (main, Mar 11 2026, 17:12:15) [MSC v.1942 64 bit (AMD64)].
PyAEDT INFO: PyAEDT version 1.0.1.
PyAEDT INFO: Returning found Desktop session with PID 15996!
PyAEDT INFO: File C:\ffzhzh\LocalFiles\Ansys_Project_Files\temp_train_TSV_RDL_75_1783450086_7600.aedt correctly loaded. Elapsed time: 0m 0sec
PyAEDT INFO: Project temp_train_TSV_RDL_75_1783450086_7600 has been opened.
PyAEDT INFO: Active Design set to TSV_RDL
PyAEDT INFO: AEDT objects correctly read
PyAEDT INFO: Modeler class has been initialized! Elapsed time: 0m 0sec
PyAEDT INFO: Project temp_train_TSV_RDL_75_1783450086_7600 Saved correctly
PyAEDT INFO: Key Desktop/ActiveDSOConfigurations/HFSS correctly changed.
PyAEDT INFO: Solving all design setups. Analysis started...
PyAEDT INFO: Design setup None solved correctly in 0.0h 34.0m 27.0s
PyAEDT INFO: Key Desktop/ActiveDSOConfigurations/HFSS correctly changed.
PyAEDT INFO: Exporting Touchstone C:/ffzhzh/LocalFiles/Ansys_Project_Files/temp_train_TSV_RDL_67_1783448394_41684_SNP/temp_train_TSV_RDL_67_1783448394_41684.s2p
PyAEDT INFO: Touchstone correctly exported to C:/ffzhzh/LocalFiles/Ansys_Project_Files/temp_train_TSV_RDL_67_1783448394_41684_SNP/temp_train_TSV_RDL_67_1783448394_41684.s2p
[train / TSV_RDL - Task 67] simulation completed: C:\ffzhzh\SyncFiles\Temp\HFSS_sim\LHS150_50_Connection2\train\TSV_RDL\dut67.s2p
PyAEDT INFO: Desktop has been released and closed.
[train / TSV_RDL - Task 76] simulation started.
PyAEDT INFO: Python version 3.11.15 | packaged by Anaconda, Inc. | (main, Mar 11 2026, 17:12:15) [MSC v.1942 64 bit (AMD64)].
PyAEDT INFO: PyAEDT version 1.0.1.
PyAEDT INFO: Initializing new Desktop session.
PyAEDT INFO: AEDT version 2026.1.
PyAEDT INFO: New AEDT session is starting on gRPC port 2972.
PyAEDT INFO: Starting new AEDT gRPC session on port 2972.
PyAEDT INFO: Launching AEDT server with gRPC transport mode: TransportMode.WNUA
PyAEDT INFO: Electronics Desktop started on gRPC port 2972 after 6.8 seconds.
PyAEDT INFO: AEDT installation Path C:\Program Files\ANSYS Inc\v261\AnsysEM
PyAEDT INFO: Connected to AEDT gRPC session on port 2972.
PyAEDT INFO: Non-graphical mode detected. Disabling Desktop logs.
PyAEDT INFO: Parsing C:\ffzhzh\LocalFiles\Ansys_Project_Files\temp_train_TSV_RDL_76_1783450484_41684.aedt.
PyAEDT INFO: Python version 3.11.15 | packaged by Anaconda, Inc. | (main, Mar 11 2026, 17:12:15) [MSC v.1942 64 bit (AMD64)].
PyAEDT INFO: PyAEDT version 1.0.1.
PyAEDT INFO: Returning found Desktop session with PID 56064!
PyAEDT INFO: File C:\ffzhzh\LocalFiles\Ansys_Project_Files\temp_train_TSV_RDL_76_1783450484_41684.aedt correctly loaded. Elapsed time: 0m 0sec
PyAEDT INFO: Project temp_train_TSV_RDL_76_1783450484_41684 has been opened.
PyAEDT INFO: Active Design set to TSV_RDL
PyAEDT INFO: AEDT objects correctly read
PyAEDT INFO: Modeler class has been initialized! Elapsed time: 0m 0sec
PyAEDT INFO: Project temp_train_TSV_RDL_76_1783450484_41684 Saved correctly
PyAEDT INFO: Key Desktop/ActiveDSOConfigurations/HFSS correctly changed.
PyAEDT INFO: Solving all design setups. Analysis started...
PyAEDT INFO: Design setup None solved correctly in 0.0h 13.0m 27.0s
PyAEDT INFO: Key Desktop/ActiveDSOConfigurations/HFSS correctly changed.
PyAEDT INFO: Exporting Touchstone C:/ffzhzh/LocalFiles/Ansys_Project_Files/temp_train_TSV_RDL_73_1783449796_50928_SNP/temp_train_TSV_RDL_73_1783449796_50928.s2p
PyAEDT INFO: Touchstone correctly exported to C:/ffzhzh/LocalFiles/Ansys_Project_Files/temp_train_TSV_RDL_73_1783449796_50928_SNP/temp_train_TSV_RDL_73_1783449796_50928.s2p
[train / TSV_RDL - Task 73] simulation completed: C:\ffzhzh\SyncFiles\Temp\HFSS_sim\LHS150_50_Connection2\train\TSV_RDL\dut73.s2p
PyAEDT INFO: Desktop has been released and closed.
[train / TSV_RDL - Task 77] simulation started.
PyAEDT INFO: Python version 3.11.15 | packaged by Anaconda, Inc. | (main, Mar 11 2026, 17:12:15) [MSC v.1942 64 bit (AMD64)].
PyAEDT INFO: PyAEDT version 1.0.1.
PyAEDT INFO: Initializing new Desktop session.
PyAEDT INFO: AEDT version 2026.1.
PyAEDT INFO: New AEDT session is starting on gRPC port 12533.
PyAEDT INFO: Starting new AEDT gRPC session on port 12533.
PyAEDT INFO: Launching AEDT server with gRPC transport mode: TransportMode.WNUA
PyAEDT INFO: Electronics Desktop started on gRPC port 12533 after 6.3 seconds.
PyAEDT INFO: AEDT installation Path C:\Program Files\ANSYS Inc\v261\AnsysEM
PyAEDT INFO: Connected to AEDT gRPC session on port 12533.
PyAEDT INFO: Non-graphical mode detected. Disabling Desktop logs.
PyAEDT INFO: Parsing C:\ffzhzh\LocalFiles\Ansys_Project_Files\temp_train_TSV_RDL_77_1783450627_50928.aedt.
PyAEDT INFO: Python version 3.11.15 | packaged by Anaconda, Inc. | (main, Mar 11 2026, 17:12:15) [MSC v.1942 64 bit (AMD64)].
PyAEDT INFO: PyAEDT version 1.0.1.
PyAEDT INFO: Returning found Desktop session with PID 49164!
PyAEDT INFO: File C:\ffzhzh\LocalFiles\Ansys_Project_Files\temp_train_TSV_RDL_77_1783450627_50928.aedt correctly loaded. Elapsed time: 0m 0sec
PyAEDT INFO: Project temp_train_TSV_RDL_77_1783450627_50928 has been opened.
PyAEDT INFO: Active Design set to TSV_RDL
PyAEDT INFO: AEDT objects correctly read
PyAEDT INFO: Modeler class has been initialized! Elapsed time: 0m 0sec
PyAEDT INFO: Project temp_train_TSV_RDL_77_1783450627_50928 Saved correctly
PyAEDT INFO: Key Desktop/ActiveDSOConfigurations/HFSS correctly changed.
PyAEDT INFO: Solving all design setups. Analysis started...
PyAEDT INFO: Design setup None solved correctly in 0.0h 33.0m 11.0s
PyAEDT INFO: Key Desktop/ActiveDSOConfigurations/HFSS correctly changed.
PyAEDT INFO: Exporting Touchstone C:/ffzhzh/LocalFiles/Ansys_Project_Files/temp_train_TSV_RDL_69_1783449020_28540_SNP/temp_train_TSV_RDL_69_1783449020_28540.s2p
PyAEDT INFO: Touchstone correctly exported to C:/ffzhzh/LocalFiles/Ansys_Project_Files/temp_train_TSV_RDL_69_1783449020_28540_SNP/temp_train_TSV_RDL_69_1783449020_28540.s2p
[train / TSV_RDL - Task 69] simulation completed: C:\ffzhzh\SyncFiles\Temp\HFSS_sim\LHS150_50_Connection2\train\TSV_RDL\dut69.s2p
PyAEDT INFO: Desktop has been released and closed.
[train / TSV_RDL - Task 78] simulation started.
PyAEDT INFO: Python version 3.11.15 | packaged by Anaconda, Inc. | (main, Mar 11 2026, 17:12:15) [MSC v.1942 64 bit (AMD64)].
PyAEDT INFO: PyAEDT version 1.0.1.
PyAEDT INFO: Initializing new Desktop session.
PyAEDT INFO: AEDT version 2026.1.
PyAEDT INFO: New AEDT session is starting on gRPC port 11157.
PyAEDT INFO: Starting new AEDT gRPC session on port 11157.
PyAEDT INFO: Launching AEDT server with gRPC transport mode: TransportMode.WNUA
PyAEDT INFO: Electronics Desktop started on gRPC port 11157 after 6.6 seconds.
PyAEDT INFO: AEDT installation Path C:\Program Files\ANSYS Inc\v261\AnsysEM
PyAEDT INFO: Connected to AEDT gRPC session on port 11157.
PyAEDT INFO: Non-graphical mode detected. Disabling Desktop logs.
PyAEDT INFO: Parsing C:\ffzhzh\LocalFiles\Ansys_Project_Files\temp_train_TSV_RDL_78_1783451040_28540.aedt.
PyAEDT INFO: Python version 3.11.15 | packaged by Anaconda, Inc. | (main, Mar 11 2026, 17:12:15) [MSC v.1942 64 bit (AMD64)].
PyAEDT INFO: PyAEDT version 1.0.1.
PyAEDT INFO: Returning found Desktop session with PID 46864!
PyAEDT INFO: File C:\ffzhzh\LocalFiles\Ansys_Project_Files\temp_train_TSV_RDL_78_1783451040_28540.aedt correctly loaded. Elapsed time: 0m 0sec
PyAEDT INFO: Project temp_train_TSV_RDL_78_1783451040_28540 has been opened.
PyAEDT INFO: Active Design set to TSV_RDL
PyAEDT INFO: AEDT objects correctly read
PyAEDT INFO: Modeler class has been initialized! Elapsed time: 0m 0sec
PyAEDT INFO: Project temp_train_TSV_RDL_78_1783451040_28540 Saved correctly
PyAEDT INFO: Key Desktop/ActiveDSOConfigurations/HFSS correctly changed.
PyAEDT INFO: Solving all design setups. Analysis started...
PyAEDT INFO: Design setup None solved correctly in 0.0h 18.0m 5.0s
PyAEDT INFO: Key Desktop/ActiveDSOConfigurations/HFSS correctly changed.
PyAEDT INFO: Exporting Touchstone C:/ffzhzh/LocalFiles/Ansys_Project_Files/temp_train_TSV_RDL_75_1783450086_7600_SNP/temp_train_TSV_RDL_75_1783450086_7600.s2p
PyAEDT INFO: Solving all design setups. Analysis started...
PyAEDT INFO: Design setup None solved correctly in 0.0h 11.0m 26.0s
PyAEDT INFO: Key Desktop/ActiveDSOConfigurations/HFSS correctly changed.
PyAEDT INFO: Touchstone correctly exported to C:/ffzhzh/LocalFiles/Ansys_Project_Files/temp_train_TSV_RDL_75_1783450086_7600_SNP/temp_train_TSV_RDL_75_1783450086_7600.s2p
PyAEDT INFO: Exporting Touchstone C:/ffzhzh/LocalFiles/Ansys_Project_Files/temp_train_TSV_RDL_76_1783450484_41684_SNP/temp_train_TSV_RDL_76_1783450484_41684.s2p
PyAEDT INFO: Touchstone correctly exported to C:/ffzhzh/LocalFiles/Ansys_Project_Files/temp_train_TSV_RDL_76_1783450484_41684_SNP/temp_train_TSV_RDL_76_1783450484_41684.s2p
[train / TSV_RDL - Task 75] simulation completed: C:\ffzhzh\SyncFiles\Temp\HFSS_sim\LHS150_50_Connection2\train\TSV_RDL\dut75.s2p
PyAEDT INFO: Desktop has been released and closed.
[train / TSV_RDL - Task 76] simulation completed: C:\ffzhzh\SyncFiles\Temp\HFSS_sim\LHS150_50_Connection2\train\TSV_RDL\dut76.s2p
PyAEDT INFO: Desktop has been released and closed.
[train / TSV_RDL - Task 79] simulation started.
PyAEDT INFO: Python version 3.11.15 | packaged by Anaconda, Inc. | (main, Mar 11 2026, 17:12:15) [MSC v.1942 64 bit (AMD64)].
PyAEDT INFO: PyAEDT version 1.0.1.
PyAEDT INFO: Initializing new Desktop session.
PyAEDT INFO: AEDT version 2026.1.
PyAEDT INFO: New AEDT session is starting on gRPC port 8118.
[train / TSV_RDL - Task 80] simulation started.
PyAEDT INFO: Python version 3.11.15 | packaged by Anaconda, Inc. | (main, Mar 11 2026, 17:12:15) [MSC v.1942 64 bit (AMD64)].
PyAEDT INFO: PyAEDT version 1.0.1.
PyAEDT INFO: Initializing new Desktop session.
PyAEDT INFO: AEDT version 2026.1.
PyAEDT INFO: New AEDT session is starting on gRPC port 8126.
PyAEDT INFO: Starting new AEDT gRPC session on port 8118.
PyAEDT INFO: Launching AEDT server with gRPC transport mode: TransportMode.WNUA
PyAEDT INFO: Starting new AEDT gRPC session on port 8126.
PyAEDT INFO: Launching AEDT server with gRPC transport mode: TransportMode.WNUA
PyAEDT INFO: Electronics Desktop started on gRPC port 8126 after 4.7 seconds.
PyAEDT INFO: AEDT installation Path C:\Program Files\ANSYS Inc\v261\AnsysEM
PyAEDT INFO: Connected to AEDT gRPC session on port 8126.
PyAEDT INFO: Non-graphical mode detected. Disabling Desktop logs.
PyAEDT INFO: Parsing C:\ffzhzh\LocalFiles\Ansys_Project_Files\temp_train_TSV_RDL_80_1783451194_41684.aedt.
PyAEDT INFO: Python version 3.11.15 | packaged by Anaconda, Inc. | (main, Mar 11 2026, 17:12:15) [MSC v.1942 64 bit (AMD64)].
PyAEDT INFO: PyAEDT version 1.0.1.
PyAEDT INFO: Returning found Desktop session with PID 55532!
PyAEDT INFO: File C:\ffzhzh\LocalFiles\Ansys_Project_Files\temp_train_TSV_RDL_80_1783451194_41684.aedt correctly loaded. Elapsed time: 0m 0sec
PyAEDT INFO: Electronics Desktop started on gRPC port 8118 after 6.1 seconds.
PyAEDT INFO: AEDT installation Path C:\Program Files\ANSYS Inc\v261\AnsysEM
PyAEDT INFO: Connected to AEDT gRPC session on port 8118.
PyAEDT INFO: Non-graphical mode detected. Disabling Desktop logs.
PyAEDT INFO: Parsing C:\ffzhzh\LocalFiles\Ansys_Project_Files\temp_train_TSV_RDL_79_1783451193_7600.aedt.
PyAEDT INFO: Python version 3.11.15 | packaged by Anaconda, Inc. | (main, Mar 11 2026, 17:12:15) [MSC v.1942 64 bit (AMD64)].
PyAEDT INFO: PyAEDT version 1.0.1.
PyAEDT INFO: Returning found Desktop session with PID 40788!
PyAEDT INFO: File C:\ffzhzh\LocalFiles\Ansys_Project_Files\temp_train_TSV_RDL_79_1783451193_7600.aedt correctly loaded. Elapsed time: 0m 0sec
PyAEDT INFO: Project temp_train_TSV_RDL_80_1783451194_41684 has been opened.
PyAEDT INFO: Active Design set to TSV_RDL
PyAEDT INFO: Project temp_train_TSV_RDL_79_1783451193_7600 has been opened.
PyAEDT INFO: AEDT objects correctly read
PyAEDT INFO: Modeler class has been initialized! Elapsed time: 0m 0sec
PyAEDT INFO: Active Design set to TSV_RDL
PyAEDT INFO: AEDT objects correctly read
PyAEDT INFO: Modeler class has been initialized! Elapsed time: 0m 0sec
PyAEDT INFO: Project temp_train_TSV_RDL_80_1783451194_41684 Saved correctly
PyAEDT INFO: Key Desktop/ActiveDSOConfigurations/HFSS correctly changed.
PyAEDT INFO: Project temp_train_TSV_RDL_79_1783451193_7600 Saved correctly
PyAEDT INFO: Key Desktop/ActiveDSOConfigurations/HFSS correctly changed.
PyAEDT INFO: Solving all design setups. Analysis started...
PyAEDT INFO: Design setup None solved correctly in 0.0h 24.0m 59.0s
PyAEDT INFO: Key Desktop/ActiveDSOConfigurations/HFSS correctly changed.
PyAEDT INFO: Exporting Touchstone C:/ffzhzh/LocalFiles/Ansys_Project_Files/temp_train_TSV_RDL_74_1783449827_34316_SNP/temp_train_TSV_RDL_74_1783449827_34316.s2p
PyAEDT INFO: Touchstone correctly exported to C:/ffzhzh/LocalFiles/Ansys_Project_Files/temp_train_TSV_RDL_74_1783449827_34316_SNP/temp_train_TSV_RDL_74_1783449827_34316.s2p
[train / TSV_RDL - Task 74] simulation completed: C:\ffzhzh\SyncFiles\Temp\HFSS_sim\LHS150_50_Connection2\train\TSV_RDL\dut74.s2p
PyAEDT INFO: Desktop has been released and closed.
[train / TSV_RDL - Task 81] simulation started.
PyAEDT INFO: Python version 3.11.15 | packaged by Anaconda, Inc. | (main, Mar 11 2026, 17:12:15) [MSC v.1942 64 bit (AMD64)].
PyAEDT INFO: PyAEDT version 1.0.1.
PyAEDT INFO: Initializing new Desktop session.
PyAEDT INFO: AEDT version 2026.1.
PyAEDT INFO: New AEDT session is starting on gRPC port 12773.
PyAEDT INFO: Starting new AEDT gRPC session on port 12773.
PyAEDT INFO: Launching AEDT server with gRPC transport mode: TransportMode.WNUA
PyAEDT INFO: Electronics Desktop started on gRPC port 12773 after 5.7 seconds.
PyAEDT INFO: AEDT installation Path C:\Program Files\ANSYS Inc\v261\AnsysEM
PyAEDT INFO: Connected to AEDT gRPC session on port 12773.
PyAEDT INFO: Non-graphical mode detected. Disabling Desktop logs.
PyAEDT INFO: Parsing C:\ffzhzh\LocalFiles\Ansys_Project_Files\temp_train_TSV_RDL_81_1783451347_34316.aedt.
PyAEDT INFO: Python version 3.11.15 | packaged by Anaconda, Inc. | (main, Mar 11 2026, 17:12:15) [MSC v.1942 64 bit (AMD64)].
PyAEDT INFO: PyAEDT version 1.0.1.
PyAEDT INFO: Returning found Desktop session with PID 54540!
PyAEDT INFO: File C:\ffzhzh\LocalFiles\Ansys_Project_Files\temp_train_TSV_RDL_81_1783451347_34316.aedt correctly loaded. Elapsed time: 0m 0sec
PyAEDT INFO: Project temp_train_TSV_RDL_81_1783451347_34316 has been opened.
PyAEDT INFO: Active Design set to TSV_RDL
PyAEDT INFO: AEDT objects correctly read
PyAEDT INFO: Modeler class has been initialized! Elapsed time: 0m 0sec
PyAEDT INFO: Project temp_train_TSV_RDL_81_1783451347_34316 Saved correctly
PyAEDT INFO: Key Desktop/ActiveDSOConfigurations/HFSS correctly changed.
PyAEDT INFO: Solving all design setups. Analysis started...
PyAEDT INFO: Design setup None solved correctly in 0.0h 11.0m 42.0s
PyAEDT INFO: Key Desktop/ActiveDSOConfigurations/HFSS correctly changed.
PyAEDT INFO: Exporting Touchstone C:/ffzhzh/LocalFiles/Ansys_Project_Files/temp_train_TSV_RDL_78_1783451040_28540_SNP/temp_train_TSV_RDL_78_1783451040_28540.s2p
PyAEDT INFO: Touchstone correctly exported to C:/ffzhzh/LocalFiles/Ansys_Project_Files/temp_train_TSV_RDL_78_1783451040_28540_SNP/temp_train_TSV_RDL_78_1783451040_28540.s2p
[train / TSV_RDL - Task 78] simulation completed: C:\ffzhzh\SyncFiles\Temp\HFSS_sim\LHS150_50_Connection2\train\TSV_RDL\dut78.s2p
PyAEDT INFO: Desktop has been released and closed.
[train / TSV_RDL - Task 82] simulation started.
PyAEDT INFO: Python version 3.11.15 | packaged by Anaconda, Inc. | (main, Mar 11 2026, 17:12:15) [MSC v.1942 64 bit (AMD64)].
PyAEDT INFO: PyAEDT version 1.0.1.
PyAEDT INFO: Initializing new Desktop session.
PyAEDT INFO: AEDT version 2026.1.
PyAEDT INFO: New AEDT session is starting on gRPC port 8404.
PyAEDT INFO: Starting new AEDT gRPC session on port 8404.
PyAEDT INFO: Launching AEDT server with gRPC transport mode: TransportMode.WNUA
PyAEDT INFO: Electronics Desktop started on gRPC port 8404 after 6.2 seconds.
PyAEDT INFO: AEDT installation Path C:\Program Files\ANSYS Inc\v261\AnsysEM
PyAEDT INFO: Connected to AEDT gRPC session on port 8404.
PyAEDT INFO: Non-graphical mode detected. Disabling Desktop logs.
PyAEDT INFO: Python version 3.11.15 | packaged by Anaconda, Inc. | (main, Mar 11 2026, 17:12:15) [MSC v.1942 64 bit (AMD64)].
PyAEDT INFO: Parsing C:\ffzhzh\LocalFiles\Ansys_Project_Files\temp_train_TSV_RDL_82_1783451769_28540.aedt.
PyAEDT INFO: PyAEDT version 1.0.1.
PyAEDT INFO: Returning found Desktop session with PID 48724!
PyAEDT INFO: File C:\ffzhzh\LocalFiles\Ansys_Project_Files\temp_train_TSV_RDL_82_1783451769_28540.aedt correctly loaded. Elapsed time: 0m 0sec
PyAEDT INFO: Project temp_train_TSV_RDL_82_1783451769_28540 has been opened.
PyAEDT INFO: Active Design set to TSV_RDL
PyAEDT INFO: AEDT objects correctly read
PyAEDT INFO: Modeler class has been initialized! Elapsed time: 0m 0sec
PyAEDT INFO: Project temp_train_TSV_RDL_82_1783451769_28540 Saved correctly
PyAEDT INFO: Key Desktop/ActiveDSOConfigurations/HFSS correctly changed.
PyAEDT INFO: Solving all design setups. Analysis started...
PyAEDT INFO: Design setup None solved correctly in 0.0h 10.0m 22.0s
PyAEDT INFO: Key Desktop/ActiveDSOConfigurations/HFSS correctly changed.
PyAEDT INFO: Exporting Touchstone C:/ffzhzh/LocalFiles/Ansys_Project_Files/temp_train_TSV_RDL_80_1783451194_41684_SNP/temp_train_TSV_RDL_80_1783451194_41684.s2p
PyAEDT INFO: Touchstone correctly exported to C:/ffzhzh/LocalFiles/Ansys_Project_Files/temp_train_TSV_RDL_80_1783451194_41684_SNP/temp_train_TSV_RDL_80_1783451194_41684.s2p
[train / TSV_RDL - Task 80] simulation completed: C:\ffzhzh\SyncFiles\Temp\HFSS_sim\LHS150_50_Connection2\train\TSV_RDL\dut80.s2p
PyAEDT INFO: Desktop has been released and closed.
[train / TSV_RDL - Task 83] simulation started.
PyAEDT INFO: Python version 3.11.15 | packaged by Anaconda, Inc. | (main, Mar 11 2026, 17:12:15) [MSC v.1942 64 bit (AMD64)].
PyAEDT INFO: PyAEDT version 1.0.1.
PyAEDT INFO: Initializing new Desktop session.
PyAEDT INFO: AEDT version 2026.1.
PyAEDT INFO: New AEDT session is starting on gRPC port 12683.
PyAEDT INFO: Starting new AEDT gRPC session on port 12683.
PyAEDT INFO: Launching AEDT server with gRPC transport mode: TransportMode.WNUA
PyAEDT INFO: Electronics Desktop started on gRPC port 12683 after 5.9 seconds.
PyAEDT INFO: AEDT installation Path C:\Program Files\ANSYS Inc\v261\AnsysEM
PyAEDT INFO: Connected to AEDT gRPC session on port 12683.
PyAEDT INFO: Non-graphical mode detected. Disabling Desktop logs.
PyAEDT INFO: Parsing C:\ffzhzh\LocalFiles\Ansys_Project_Files\temp_train_TSV_RDL_83_1783451840_41684.aedt.
PyAEDT INFO: Python version 3.11.15 | packaged by Anaconda, Inc. | (main, Mar 11 2026, 17:12:15) [MSC v.1942 64 bit (AMD64)].
PyAEDT INFO: PyAEDT version 1.0.1.
PyAEDT INFO: Returning found Desktop session with PID 45636!
PyAEDT INFO: File C:\ffzhzh\LocalFiles\Ansys_Project_Files\temp_train_TSV_RDL_83_1783451840_41684.aedt correctly loaded. Elapsed time: 0m 0sec
PyAEDT INFO: Project temp_train_TSV_RDL_83_1783451840_41684 has been opened.
PyAEDT INFO: Active Design set to TSV_RDL
PyAEDT INFO: AEDT objects correctly read
PyAEDT INFO: Modeler class has been initialized! Elapsed time: 0m 0sec
PyAEDT INFO: Project temp_train_TSV_RDL_83_1783451840_41684 Saved correctly
PyAEDT INFO: Key Desktop/ActiveDSOConfigurations/HFSS correctly changed.
PyAEDT INFO: Solving all design setups. Analysis started...
PyAEDT INFO: Design setup None solved correctly in 0.0h 11.0m 24.0s
PyAEDT INFO: Key Desktop/ActiveDSOConfigurations/HFSS correctly changed.
PyAEDT INFO: Exporting Touchstone C:/ffzhzh/LocalFiles/Ansys_Project_Files/temp_train_TSV_RDL_79_1783451193_7600_SNP/temp_train_TSV_RDL_79_1783451193_7600.s2p
PyAEDT INFO: Touchstone correctly exported to C:/ffzhzh/LocalFiles/Ansys_Project_Files/temp_train_TSV_RDL_79_1783451193_7600_SNP/temp_train_TSV_RDL_79_1783451193_7600.s2p
[train / TSV_RDL - Task 79] simulation completed: C:\ffzhzh\SyncFiles\Temp\HFSS_sim\LHS150_50_Connection2\train\TSV_RDL\dut79.s2p
PyAEDT INFO: Desktop has been released and closed.
[train / TSV_RDL - Task 84] simulation started.
PyAEDT INFO: Python version 3.11.15 | packaged by Anaconda, Inc. | (main, Mar 11 2026, 17:12:15) [MSC v.1942 64 bit (AMD64)].
PyAEDT INFO: PyAEDT version 1.0.1.
PyAEDT INFO: Initializing new Desktop session.
PyAEDT INFO: AEDT version 2026.1.
PyAEDT INFO: New AEDT session is starting on gRPC port 14147.
PyAEDT INFO: Starting new AEDT gRPC session on port 14147.
PyAEDT INFO: Launching AEDT server with gRPC transport mode: TransportMode.WNUA
PyAEDT INFO: Electronics Desktop started on gRPC port 14147 after 4.5 seconds.
PyAEDT INFO: AEDT installation Path C:\Program Files\ANSYS Inc\v261\AnsysEM
PyAEDT INFO: Connected to AEDT gRPC session on port 14147.
PyAEDT INFO: Non-graphical mode detected. Disabling Desktop logs.
PyAEDT INFO: Parsing C:\ffzhzh\LocalFiles\Ansys_Project_Files\temp_train_TSV_RDL_84_1783451899_7600.aedt.
PyAEDT INFO: Python version 3.11.15 | packaged by Anaconda, Inc. | (main, Mar 11 2026, 17:12:15) [MSC v.1942 64 bit (AMD64)].
PyAEDT INFO: PyAEDT version 1.0.1.
PyAEDT INFO: Returning found Desktop session with PID 17536!
PyAEDT INFO: File C:\ffzhzh\LocalFiles\Ansys_Project_Files\temp_train_TSV_RDL_84_1783451899_7600.aedt correctly loaded. Elapsed time: 0m 0sec
PyAEDT INFO: Project temp_train_TSV_RDL_84_1783451899_7600 has been opened.
PyAEDT INFO: Active Design set to TSV_RDL
PyAEDT INFO: AEDT objects correctly read
PyAEDT INFO: Modeler class has been initialized! Elapsed time: 0m 0sec
PyAEDT INFO: Project temp_train_TSV_RDL_84_1783451899_7600 Saved correctly
PyAEDT INFO: Key Desktop/ActiveDSOConfigurations/HFSS correctly changed.
PyAEDT INFO: Solving all design setups. Analysis started...
PyAEDT INFO: Design setup None solved correctly in 0.0h 21.0m 15.0s
PyAEDT INFO: Key Desktop/ActiveDSOConfigurations/HFSS correctly changed.
PyAEDT INFO: Exporting Touchstone C:/ffzhzh/LocalFiles/Ansys_Project_Files/temp_train_TSV_RDL_77_1783450627_50928_SNP/temp_train_TSV_RDL_77_1783450627_50928.s2p
PyAEDT INFO: Touchstone correctly exported to C:/ffzhzh/LocalFiles/Ansys_Project_Files/temp_train_TSV_RDL_77_1783450627_50928_SNP/temp_train_TSV_RDL_77_1783450627_50928.s2p
[train / TSV_RDL - Task 77] simulation completed: C:\ffzhzh\SyncFiles\Temp\HFSS_sim\LHS150_50_Connection2\train\TSV_RDL\dut77.s2p
PyAEDT INFO: Desktop has been released and closed.
[train / TSV_RDL - Task 85] simulation started.
PyAEDT INFO: Python version 3.11.15 | packaged by Anaconda, Inc. | (main, Mar 11 2026, 17:12:15) [MSC v.1942 64 bit (AMD64)].
PyAEDT INFO: PyAEDT version 1.0.1.
PyAEDT INFO: Initializing new Desktop session.
PyAEDT INFO: AEDT version 2026.1.
PyAEDT INFO: New AEDT session is starting on gRPC port 8623.
PyAEDT INFO: Starting new AEDT gRPC session on port 8623.
PyAEDT INFO: Launching AEDT server with gRPC transport mode: TransportMode.WNUA
PyAEDT INFO: Electronics Desktop started on gRPC port 8623 after 4.6 seconds.
PyAEDT INFO: AEDT installation Path C:\Program Files\ANSYS Inc\v261\AnsysEM
PyAEDT INFO: Connected to AEDT gRPC session on port 8623.
PyAEDT INFO: Non-graphical mode detected. Disabling Desktop logs.
PyAEDT INFO: Parsing C:\ffzhzh\LocalFiles\Ansys_Project_Files\temp_train_TSV_RDL_85_1783451923_50928.aedt.
PyAEDT INFO: Python version 3.11.15 | packaged by Anaconda, Inc. | (main, Mar 11 2026, 17:12:15) [MSC v.1942 64 bit (AMD64)].
PyAEDT INFO: PyAEDT version 1.0.1.
PyAEDT INFO: Returning found Desktop session with PID 30628!
PyAEDT INFO: File C:\ffzhzh\LocalFiles\Ansys_Project_Files\temp_train_TSV_RDL_85_1783451923_50928.aedt correctly loaded. Elapsed time: 0m 0sec
PyAEDT INFO: Project temp_train_TSV_RDL_85_1783451923_50928 has been opened.
PyAEDT INFO: Active Design set to TSV_RDL
PyAEDT INFO: AEDT objects correctly read
PyAEDT INFO: Modeler class has been initialized! Elapsed time: 0m 0sec
PyAEDT INFO: Project temp_train_TSV_RDL_85_1783451923_50928 Saved correctly
PyAEDT INFO: Key Desktop/ActiveDSOConfigurations/HFSS correctly changed.
PyAEDT INFO: Solving all design setups. Analysis started...
PyAEDT INFO: Design setup None solved correctly in 0.0h 16.0m 5.0s
PyAEDT INFO: Key Desktop/ActiveDSOConfigurations/HFSS correctly changed.
PyAEDT INFO: Exporting Touchstone C:/ffzhzh/LocalFiles/Ansys_Project_Files/temp_train_TSV_RDL_81_1783451347_34316_SNP/temp_train_TSV_RDL_81_1783451347_34316.s2p
PyAEDT INFO: Touchstone correctly exported to C:/ffzhzh/LocalFiles/Ansys_Project_Files/temp_train_TSV_RDL_81_1783451347_34316_SNP/temp_train_TSV_RDL_81_1783451347_34316.s2p
[train / TSV_RDL - Task 81] simulation completed: C:\ffzhzh\SyncFiles\Temp\HFSS_sim\LHS150_50_Connection2\train\TSV_RDL\dut81.s2p
PyAEDT INFO: Desktop has been released and closed.
[train / TSV_RDL - Task 86] simulation started.
PyAEDT INFO: Python version 3.11.15 | packaged by Anaconda, Inc. | (main, Mar 11 2026, 17:12:15) [MSC v.1942 64 bit (AMD64)].
PyAEDT INFO: PyAEDT version 1.0.1.
PyAEDT INFO: Initializing new Desktop session.
PyAEDT INFO: AEDT version 2026.1.
PyAEDT INFO: New AEDT session is starting on gRPC port 1749.
PyAEDT INFO: Starting new AEDT gRPC session on port 1749.
PyAEDT INFO: Launching AEDT server with gRPC transport mode: TransportMode.WNUA
PyAEDT INFO: Electronics Desktop started on gRPC port 1749 after 5.7 seconds.
PyAEDT INFO: AEDT installation Path C:\Program Files\ANSYS Inc\v261\AnsysEM
PyAEDT INFO: Connected to AEDT gRPC session on port 1749.
PyAEDT INFO: Non-graphical mode detected. Disabling Desktop logs.
PyAEDT INFO: Parsing C:\ffzhzh\LocalFiles\Ansys_Project_Files\temp_train_TSV_RDL_86_1783452336_34316.aedt.
PyAEDT INFO: Python version 3.11.15 | packaged by Anaconda, Inc. | (main, Mar 11 2026, 17:12:15) [MSC v.1942 64 bit (AMD64)].
PyAEDT INFO: PyAEDT version 1.0.1.
PyAEDT INFO: Returning found Desktop session with PID 54684!
PyAEDT INFO: File C:\ffzhzh\LocalFiles\Ansys_Project_Files\temp_train_TSV_RDL_86_1783452336_34316.aedt correctly loaded. Elapsed time: 0m 0sec
PyAEDT INFO: Project temp_train_TSV_RDL_86_1783452336_34316 has been opened.
PyAEDT INFO: Active Design set to TSV_RDL
PyAEDT INFO: AEDT objects correctly read
PyAEDT INFO: Modeler class has been initialized! Elapsed time: 0m 0sec
PyAEDT INFO: Project temp_train_TSV_RDL_86_1783452336_34316 Saved correctly
PyAEDT INFO: Key Desktop/ActiveDSOConfigurations/HFSS correctly changed.
PyAEDT INFO: Solving all design setups. Analysis started...
PyAEDT INFO: Design setup None solved correctly in 0.0h 7.0m 41.0s
PyAEDT INFO: Key Desktop/ActiveDSOConfigurations/HFSS correctly changed.
PyAEDT INFO: Exporting Touchstone C:/ffzhzh/LocalFiles/Ansys_Project_Files/temp_train_TSV_RDL_85_1783451923_50928_SNP/temp_train_TSV_RDL_85_1783451923_50928.s2p
PyAEDT INFO: Touchstone correctly exported to C:/ffzhzh/LocalFiles/Ansys_Project_Files/temp_train_TSV_RDL_85_1783451923_50928_SNP/temp_train_TSV_RDL_85_1783451923_50928.s2p
[train / TSV_RDL - Task 85] simulation completed: C:\ffzhzh\SyncFiles\Temp\HFSS_sim\LHS150_50_Connection2\train\TSV_RDL\dut85.s2p
PyAEDT INFO: Desktop has been released and closed.
[train / TSV_RDL - Task 87] simulation started.
PyAEDT INFO: Python version 3.11.15 | packaged by Anaconda, Inc. | (main, Mar 11 2026, 17:12:15) [MSC v.1942 64 bit (AMD64)].
PyAEDT INFO: PyAEDT version 1.0.1.
PyAEDT INFO: Initializing new Desktop session.
PyAEDT INFO: AEDT version 2026.1.
PyAEDT INFO: New AEDT session is starting on gRPC port 12837.
PyAEDT INFO: Starting new AEDT gRPC session on port 12837.
PyAEDT INFO: Launching AEDT server with gRPC transport mode: TransportMode.WNUA
PyAEDT INFO: Electronics Desktop started on gRPC port 12837 after 6.0 seconds.
PyAEDT INFO: AEDT installation Path C:\Program Files\ANSYS Inc\v261\AnsysEM
PyAEDT INFO: Connected to AEDT gRPC session on port 12837.
PyAEDT INFO: Non-graphical mode detected. Disabling Desktop logs.
PyAEDT INFO: Parsing C:\ffzhzh\LocalFiles\Ansys_Project_Files\temp_train_TSV_RDL_87_1783452403_50928.aedt.
PyAEDT INFO: Python version 3.11.15 | packaged by Anaconda, Inc. | (main, Mar 11 2026, 17:12:15) [MSC v.1942 64 bit (AMD64)].
PyAEDT INFO: PyAEDT version 1.0.1.
PyAEDT INFO: Returning found Desktop session with PID 38088!
PyAEDT INFO: File C:\ffzhzh\LocalFiles\Ansys_Project_Files\temp_train_TSV_RDL_87_1783452403_50928.aedt correctly loaded. Elapsed time: 0m 0sec
PyAEDT INFO: Project temp_train_TSV_RDL_87_1783452403_50928 has been opened.
PyAEDT INFO: Active Design set to TSV_RDL
PyAEDT INFO: AEDT objects correctly read
PyAEDT INFO: Modeler class has been initialized! Elapsed time: 0m 0sec
PyAEDT INFO: Project temp_train_TSV_RDL_87_1783452403_50928 Saved correctly
PyAEDT INFO: Key Desktop/ActiveDSOConfigurations/HFSS correctly changed.
PyAEDT INFO: Solving all design setups. Analysis started...
PyAEDT INFO: Design setup None solved correctly in 0.0h 10.0m 1.0s
PyAEDT INFO: Key Desktop/ActiveDSOConfigurations/HFSS correctly changed.
PyAEDT INFO: Exporting Touchstone C:/ffzhzh/LocalFiles/Ansys_Project_Files/temp_train_TSV_RDL_83_1783451840_41684_SNP/temp_train_TSV_RDL_83_1783451840_41684.s2p
PyAEDT INFO: Touchstone correctly exported to C:/ffzhzh/LocalFiles/Ansys_Project_Files/temp_train_TSV_RDL_83_1783451840_41684_SNP/temp_train_TSV_RDL_83_1783451840_41684.s2p
[train / TSV_RDL - Task 83] simulation completed: C:\ffzhzh\SyncFiles\Temp\HFSS_sim\LHS150_50_Connection2\train\TSV_RDL\dut83.s2p
PyAEDT INFO: Desktop has been released and closed.
[train / TSV_RDL - Task 88] simulation started.
PyAEDT INFO: Python version 3.11.15 | packaged by Anaconda, Inc. | (main, Mar 11 2026, 17:12:15) [MSC v.1942 64 bit (AMD64)].
PyAEDT INFO: PyAEDT version 1.0.1.
PyAEDT INFO: Initializing new Desktop session.
PyAEDT INFO: AEDT version 2026.1.
PyAEDT INFO: New AEDT session is starting on gRPC port 14221.
PyAEDT INFO: Starting new AEDT gRPC session on port 14221.
PyAEDT INFO: Launching AEDT server with gRPC transport mode: TransportMode.WNUA
PyAEDT INFO: Electronics Desktop started on gRPC port 14221 after 4.5 seconds.
PyAEDT INFO: AEDT installation Path C:\Program Files\ANSYS Inc\v261\AnsysEM
PyAEDT INFO: Connected to AEDT gRPC session on port 14221.
PyAEDT INFO: Non-graphical mode detected. Disabling Desktop logs.
PyAEDT INFO: Parsing C:\ffzhzh\LocalFiles\Ansys_Project_Files\temp_train_TSV_RDL_88_1783452466_41684.aedt.
PyAEDT INFO: Python version 3.11.15 | packaged by Anaconda, Inc. | (main, Mar 11 2026, 17:12:15) [MSC v.1942 64 bit (AMD64)].
PyAEDT INFO: PyAEDT version 1.0.1.
PyAEDT INFO: Returning found Desktop session with PID 50864!
PyAEDT INFO: File C:\ffzhzh\LocalFiles\Ansys_Project_Files\temp_train_TSV_RDL_88_1783452466_41684.aedt correctly loaded. Elapsed time: 0m 0sec
PyAEDT INFO: Project temp_train_TSV_RDL_88_1783452466_41684 has been opened.
PyAEDT INFO: Active Design set to TSV_RDL
PyAEDT INFO: AEDT objects correctly read
PyAEDT INFO: Modeler class has been initialized! Elapsed time: 0m 0sec
PyAEDT INFO: Project temp_train_TSV_RDL_88_1783452466_41684 Saved correctly
PyAEDT INFO: Key Desktop/ActiveDSOConfigurations/HFSS correctly changed.
PyAEDT INFO: Solving all design setups. Analysis started...
PyAEDT INFO: Design setup None solved correctly in 0.0h 12.0m 32.0s
PyAEDT INFO: Key Desktop/ActiveDSOConfigurations/HFSS correctly changed.
PyAEDT INFO: Exporting Touchstone C:/ffzhzh/LocalFiles/Ansys_Project_Files/temp_train_TSV_RDL_82_1783451769_28540_SNP/temp_train_TSV_RDL_82_1783451769_28540.s2p
PyAEDT INFO: Touchstone correctly exported to C:/ffzhzh/LocalFiles/Ansys_Project_Files/temp_train_TSV_RDL_82_1783451769_28540_SNP/temp_train_TSV_RDL_82_1783451769_28540.s2p
[train / TSV_RDL - Task 82] simulation completed: C:\ffzhzh\SyncFiles\Temp\HFSS_sim\LHS150_50_Connection2\train\TSV_RDL\dut82.s2p
PyAEDT INFO: Desktop has been released and closed.
[train / TSV_RDL - Task 89] simulation started.
PyAEDT INFO: Python version 3.11.15 | packaged by Anaconda, Inc. | (main, Mar 11 2026, 17:12:15) [MSC v.1942 64 bit (AMD64)].
PyAEDT INFO: PyAEDT version 1.0.1.
PyAEDT INFO: Initializing new Desktop session.
PyAEDT INFO: AEDT version 2026.1.
PyAEDT INFO: New AEDT session is starting on gRPC port 1659.
PyAEDT INFO: Starting new AEDT gRPC session on port 1659.
PyAEDT INFO: Launching AEDT server with gRPC transport mode: TransportMode.WNUA
PyAEDT INFO: Electronics Desktop started on gRPC port 1659 after 5.6 seconds.
PyAEDT INFO: AEDT installation Path C:\Program Files\ANSYS Inc\v261\AnsysEM
PyAEDT INFO: Connected to AEDT gRPC session on port 1659.
PyAEDT INFO: Non-graphical mode detected. Disabling Desktop logs.
PyAEDT INFO: Parsing C:\ffzhzh\LocalFiles\Ansys_Project_Files\temp_train_TSV_RDL_89_1783452544_28540.aedt.
PyAEDT INFO: Python version 3.11.15 | packaged by Anaconda, Inc. | (main, Mar 11 2026, 17:12:15) [MSC v.1942 64 bit (AMD64)].
PyAEDT INFO: PyAEDT version 1.0.1.
PyAEDT INFO: Returning found Desktop session with PID 34104!
PyAEDT INFO: File C:\ffzhzh\LocalFiles\Ansys_Project_Files\temp_train_TSV_RDL_89_1783452544_28540.aedt correctly loaded. Elapsed time: 0m 0sec
PyAEDT INFO: Project temp_train_TSV_RDL_89_1783452544_28540 has been opened.
PyAEDT INFO: Active Design set to TSV_RDL
PyAEDT INFO: AEDT objects correctly read
PyAEDT INFO: Modeler class has been initialized! Elapsed time: 0m 0sec
PyAEDT INFO: Project temp_train_TSV_RDL_89_1783452544_28540 Saved correctly
PyAEDT INFO: Key Desktop/ActiveDSOConfigurations/HFSS correctly changed.
PyAEDT INFO: Solving all design setups. Analysis started...
PyAEDT INFO: Design setup None solved correctly in 0.0h 18.0m 39.0s
PyAEDT INFO: Key Desktop/ActiveDSOConfigurations/HFSS correctly changed.
PyAEDT INFO: Exporting Touchstone C:/ffzhzh/LocalFiles/Ansys_Project_Files/temp_train_TSV_RDL_84_1783451899_7600_SNP/temp_train_TSV_RDL_84_1783451899_7600.s2p
PyAEDT INFO: Touchstone correctly exported to C:/ffzhzh/LocalFiles/Ansys_Project_Files/temp_train_TSV_RDL_84_1783451899_7600_SNP/temp_train_TSV_RDL_84_1783451899_7600.s2p
[train / TSV_RDL - Task 84] simulation completed: C:\ffzhzh\SyncFiles\Temp\HFSS_sim\LHS150_50_Connection2\train\TSV_RDL\dut84.s2p
PyAEDT INFO: Desktop has been released and closed.
[train / TSV_RDL - Task 90] simulation started.
PyAEDT INFO: Python version 3.11.15 | packaged by Anaconda, Inc. | (main, Mar 11 2026, 17:12:15) [MSC v.1942 64 bit (AMD64)].
PyAEDT INFO: PyAEDT version 1.0.1.
PyAEDT INFO: Initializing new Desktop session.
PyAEDT INFO: AEDT version 2026.1.
PyAEDT INFO: New AEDT session is starting on gRPC port 11259.
PyAEDT INFO: Starting new AEDT gRPC session on port 11259.
PyAEDT INFO: Launching AEDT server with gRPC transport mode: TransportMode.WNUA
PyAEDT INFO: Electronics Desktop started on gRPC port 11259 after 7.3 seconds.
PyAEDT INFO: AEDT installation Path C:\Program Files\ANSYS Inc\v261\AnsysEM
PyAEDT INFO: Connected to AEDT gRPC session on port 11259.
PyAEDT INFO: Non-graphical mode detected. Disabling Desktop logs.
PyAEDT INFO: Parsing C:\ffzhzh\LocalFiles\Ansys_Project_Files\temp_train_TSV_RDL_90_1783453042_7600.aedt.
PyAEDT INFO: Python version 3.11.15 | packaged by Anaconda, Inc. | (main, Mar 11 2026, 17:12:15) [MSC v.1942 64 bit (AMD64)].
PyAEDT INFO: PyAEDT version 1.0.1.
PyAEDT INFO: Returning found Desktop session with PID 21260!
PyAEDT INFO: File C:\ffzhzh\LocalFiles\Ansys_Project_Files\temp_train_TSV_RDL_90_1783453042_7600.aedt correctly loaded. Elapsed time: 0m 0sec
PyAEDT INFO: Project temp_train_TSV_RDL_90_1783453042_7600 has been opened.
PyAEDT INFO: Active Design set to TSV_RDL
PyAEDT INFO: AEDT objects correctly read
PyAEDT INFO: Modeler class has been initialized! Elapsed time: 0m 0sec
PyAEDT INFO: Project temp_train_TSV_RDL_90_1783453042_7600 Saved correctly
PyAEDT INFO: Key Desktop/ActiveDSOConfigurations/HFSS correctly changed.
PyAEDT INFO: Solving all design setups. Analysis started...
PyAEDT INFO: Design setup None solved correctly in 0.0h 12.0m 55.0s
PyAEDT INFO: Key Desktop/ActiveDSOConfigurations/HFSS correctly changed.
PyAEDT INFO: Exporting Touchstone C:/ffzhzh/LocalFiles/Ansys_Project_Files/temp_train_TSV_RDL_89_1783452544_28540_SNP/temp_train_TSV_RDL_89_1783452544_28540.s2p
PyAEDT INFO: Touchstone correctly exported to C:/ffzhzh/LocalFiles/Ansys_Project_Files/temp_train_TSV_RDL_89_1783452544_28540_SNP/temp_train_TSV_RDL_89_1783452544_28540.s2p
[train / TSV_RDL - Task 89] simulation completed: C:\ffzhzh\SyncFiles\Temp\HFSS_sim\LHS150_50_Connection2\train\TSV_RDL\dut89.s2p
PyAEDT INFO: Desktop has been released and closed.
[train / TSV_RDL - Task 91] simulation started.
PyAEDT INFO: Python version 3.11.15 | packaged by Anaconda, Inc. | (main, Mar 11 2026, 17:12:15) [MSC v.1942 64 bit (AMD64)].
PyAEDT INFO: PyAEDT version 1.0.1.
PyAEDT INFO: Initializing new Desktop session.
PyAEDT INFO: AEDT version 2026.1.
PyAEDT INFO: New AEDT session is starting on gRPC port 14792.
PyAEDT INFO: Starting new AEDT gRPC session on port 14792.
PyAEDT INFO: Launching AEDT server with gRPC transport mode: TransportMode.WNUA
PyAEDT INFO: Electronics Desktop started on gRPC port 14792 after 6.2 seconds.
PyAEDT INFO: AEDT installation Path C:\Program Files\ANSYS Inc\v261\AnsysEM
PyAEDT INFO: Connected to AEDT gRPC session on port 14792.
PyAEDT INFO: Non-graphical mode detected. Disabling Desktop logs.
PyAEDT INFO: Parsing C:\ffzhzh\LocalFiles\Ansys_Project_Files\temp_train_TSV_RDL_91_1783453342_28540.aedt.
PyAEDT INFO: Python version 3.11.15 | packaged by Anaconda, Inc. | (main, Mar 11 2026, 17:12:15) [MSC v.1942 64 bit (AMD64)].
PyAEDT INFO: PyAEDT version 1.0.1.
PyAEDT INFO: Returning found Desktop session with PID 54392!
PyAEDT INFO: File C:\ffzhzh\LocalFiles\Ansys_Project_Files\temp_train_TSV_RDL_91_1783453342_28540.aedt correctly loaded. Elapsed time: 0m 0sec
PyAEDT INFO: Project temp_train_TSV_RDL_91_1783453342_28540 has been opened.
PyAEDT INFO: Active Design set to TSV_RDL
PyAEDT INFO: AEDT objects correctly read
PyAEDT INFO: Modeler class has been initialized! Elapsed time: 0m 0sec
PyAEDT INFO: Project temp_train_TSV_RDL_91_1783453342_28540 Saved correctly
PyAEDT INFO: Key Desktop/ActiveDSOConfigurations/HFSS correctly changed.
PyAEDT INFO: Solving all design setups. Analysis started...
PyAEDT INFO: Design setup None solved correctly in 0.0h 17.0m 22.0s
PyAEDT INFO: Key Desktop/ActiveDSOConfigurations/HFSS correctly changed.
PyAEDT INFO: Exporting Touchstone C:/ffzhzh/LocalFiles/Ansys_Project_Files/temp_train_TSV_RDL_88_1783452466_41684_SNP/temp_train_TSV_RDL_88_1783452466_41684.s2p
PyAEDT INFO: Touchstone correctly exported to C:/ffzhzh/LocalFiles/Ansys_Project_Files/temp_train_TSV_RDL_88_1783452466_41684_SNP/temp_train_TSV_RDL_88_1783452466_41684.s2p
[train / TSV_RDL - Task 88] simulation completed: C:\ffzhzh\SyncFiles\Temp\HFSS_sim\LHS150_50_Connection2\train\TSV_RDL\dut88.s2p
PyAEDT INFO: Desktop has been released and closed.
[train / TSV_RDL - Task 92] simulation started.
PyAEDT INFO: Python version 3.11.15 | packaged by Anaconda, Inc. | (main, Mar 11 2026, 17:12:15) [MSC v.1942 64 bit (AMD64)].
PyAEDT INFO: PyAEDT version 1.0.1.
PyAEDT INFO: Initializing new Desktop session.
PyAEDT INFO: AEDT version 2026.1.
PyAEDT INFO: New AEDT session is starting on gRPC port 9216.
PyAEDT INFO: Starting new AEDT gRPC session on port 9216.
PyAEDT INFO: Launching AEDT server with gRPC transport mode: TransportMode.WNUA
PyAEDT INFO: Electronics Desktop started on gRPC port 9216 after 6.9 seconds.
PyAEDT INFO: AEDT installation Path C:\Program Files\ANSYS Inc\v261\AnsysEM
PyAEDT INFO: Connected to AEDT gRPC session on port 9216.
PyAEDT INFO: Non-graphical mode detected. Disabling Desktop logs.
PyAEDT INFO: Parsing C:\ffzhzh\LocalFiles\Ansys_Project_Files\temp_train_TSV_RDL_92_1783453532_41684.aedt.
PyAEDT INFO: Python version 3.11.15 | packaged by Anaconda, Inc. | (main, Mar 11 2026, 17:12:15) [MSC v.1942 64 bit (AMD64)].
PyAEDT INFO: PyAEDT version 1.0.1.
PyAEDT INFO: Returning found Desktop session with PID 33584!
PyAEDT INFO: File C:\ffzhzh\LocalFiles\Ansys_Project_Files\temp_train_TSV_RDL_92_1783453532_41684.aedt correctly loaded. Elapsed time: 0m 0sec
PyAEDT INFO: Project temp_train_TSV_RDL_92_1783453532_41684 has been opened.
PyAEDT INFO: Active Design set to TSV_RDL
PyAEDT INFO: AEDT objects correctly read
PyAEDT INFO: Modeler class has been initialized! Elapsed time: 0m 0sec
PyAEDT INFO: Project temp_train_TSV_RDL_92_1783453532_41684 Saved correctly
PyAEDT INFO: Key Desktop/ActiveDSOConfigurations/HFSS correctly changed.
PyAEDT INFO: Solving all design setups. Analysis started...
PyAEDT INFO: Design setup None solved correctly in 0.0h 17.0m 25.0s
PyAEDT INFO: Key Desktop/ActiveDSOConfigurations/HFSS correctly changed.
PyAEDT INFO: Exporting Touchstone C:/ffzhzh/LocalFiles/Ansys_Project_Files/temp_train_TSV_RDL_90_1783453042_7600_SNP/temp_train_TSV_RDL_90_1783453042_7600.s2p
PyAEDT INFO: Touchstone correctly exported to C:/ffzhzh/LocalFiles/Ansys_Project_Files/temp_train_TSV_RDL_90_1783453042_7600_SNP/temp_train_TSV_RDL_90_1783453042_7600.s2p
[train / TSV_RDL - Task 90] simulation completed: C:\ffzhzh\SyncFiles\Temp\HFSS_sim\LHS150_50_Connection2\train\TSV_RDL\dut90.s2p
PyAEDT INFO: Desktop has been released and closed.
[train / TSV_RDL - Task 93] simulation started.
PyAEDT INFO: Python version 3.11.15 | packaged by Anaconda, Inc. | (main, Mar 11 2026, 17:12:15) [MSC v.1942 64 bit (AMD64)].
PyAEDT INFO: PyAEDT version 1.0.1.
PyAEDT INFO: Initializing new Desktop session.
PyAEDT INFO: AEDT version 2026.1.
PyAEDT INFO: New AEDT session is starting on gRPC port 1461.
PyAEDT INFO: Starting new AEDT gRPC session on port 1461.
PyAEDT INFO: Launching AEDT server with gRPC transport mode: TransportMode.WNUA
PyAEDT INFO: Electronics Desktop started on gRPC port 1461 after 6.7 seconds.
PyAEDT INFO: AEDT installation Path C:\Program Files\ANSYS Inc\v261\AnsysEM
PyAEDT INFO: Connected to AEDT gRPC session on port 1461.
PyAEDT INFO: Non-graphical mode detected. Disabling Desktop logs.
PyAEDT INFO: Parsing C:\ffzhzh\LocalFiles\Ansys_Project_Files\temp_train_TSV_RDL_93_1783454112_7600.aedt.
PyAEDT INFO: Python version 3.11.15 | packaged by Anaconda, Inc. | (main, Mar 11 2026, 17:12:15) [MSC v.1942 64 bit (AMD64)].
PyAEDT INFO: PyAEDT version 1.0.1.
PyAEDT INFO: Returning found Desktop session with PID 34136!
PyAEDT INFO: File C:\ffzhzh\LocalFiles\Ansys_Project_Files\temp_train_TSV_RDL_93_1783454112_7600.aedt correctly loaded. Elapsed time: 0m 0sec
PyAEDT INFO: Project temp_train_TSV_RDL_93_1783454112_7600 has been opened.
PyAEDT INFO: Active Design set to TSV_RDL
PyAEDT INFO: AEDT objects correctly read
PyAEDT INFO: Modeler class has been initialized! Elapsed time: 0m 0sec
PyAEDT INFO: Project temp_train_TSV_RDL_93_1783454112_7600 Saved correctly
PyAEDT INFO: Key Desktop/ActiveDSOConfigurations/HFSS correctly changed.
PyAEDT INFO: Solving all design setups. Analysis started...
PyAEDT INFO: Design setup None solved correctly in 0.0h 13.0m 30.0s
PyAEDT INFO: Key Desktop/ActiveDSOConfigurations/HFSS correctly changed.
PyAEDT INFO: Exporting Touchstone C:/ffzhzh/LocalFiles/Ansys_Project_Files/temp_train_TSV_RDL_91_1783453342_28540_SNP/temp_train_TSV_RDL_91_1783453342_28540.s2p
PyAEDT INFO: Touchstone correctly exported to C:/ffzhzh/LocalFiles/Ansys_Project_Files/temp_train_TSV_RDL_91_1783453342_28540_SNP/temp_train_TSV_RDL_91_1783453342_28540.s2p
[train / TSV_RDL - Task 91] simulation completed: C:\ffzhzh\SyncFiles\Temp\HFSS_sim\LHS150_50_Connection2\train\TSV_RDL\dut91.s2p
PyAEDT INFO: Desktop has been released and closed.
[train / TSV_RDL - Task 94] simulation started.
PyAEDT INFO: Python version 3.11.15 | packaged by Anaconda, Inc. | (main, Mar 11 2026, 17:12:15) [MSC v.1942 64 bit (AMD64)].
PyAEDT INFO: PyAEDT version 1.0.1.
PyAEDT INFO: Initializing new Desktop session.
PyAEDT INFO: AEDT version 2026.1.
PyAEDT INFO: New AEDT session is starting on gRPC port 6164.
PyAEDT INFO: Starting new AEDT gRPC session on port 6164.
PyAEDT INFO: Launching AEDT server with gRPC transport mode: TransportMode.WNUA
PyAEDT INFO: Electronics Desktop started on gRPC port 6164 after 5.7 seconds.
PyAEDT INFO: AEDT installation Path C:\Program Files\ANSYS Inc\v261\AnsysEM
PyAEDT INFO: Connected to AEDT gRPC session on port 6164.
PyAEDT INFO: Non-graphical mode detected. Disabling Desktop logs.
PyAEDT INFO: Parsing C:\ffzhzh\LocalFiles\Ansys_Project_Files\temp_train_TSV_RDL_94_1783454177_28540.aedt.
PyAEDT INFO: Python version 3.11.15 | packaged by Anaconda, Inc. | (main, Mar 11 2026, 17:12:15) [MSC v.1942 64 bit (AMD64)].
PyAEDT INFO: PyAEDT version 1.0.1.
PyAEDT INFO: Returning found Desktop session with PID 42968!
PyAEDT INFO: File C:\ffzhzh\LocalFiles\Ansys_Project_Files\temp_train_TSV_RDL_94_1783454177_28540.aedt correctly loaded. Elapsed time: 0m 0sec
PyAEDT INFO: Project temp_train_TSV_RDL_94_1783454177_28540 has been opened.
PyAEDT INFO: Active Design set to TSV_RDL
PyAEDT INFO: AEDT objects correctly read
PyAEDT INFO: Modeler class has been initialized! Elapsed time: 0m 0sec
PyAEDT INFO: Project temp_train_TSV_RDL_94_1783454177_28540 Saved correctly
PyAEDT INFO: Key Desktop/ActiveDSOConfigurations/HFSS correctly changed.
PyAEDT INFO: Solving all design setups. Analysis started...
PyAEDT INFO: Design setup None solved correctly in 0.0h 30.0m 51.0s
PyAEDT INFO: Key Desktop/ActiveDSOConfigurations/HFSS correctly changed.
PyAEDT INFO: Exporting Touchstone C:/ffzhzh/LocalFiles/Ansys_Project_Files/temp_train_TSV_RDL_86_1783452336_34316_SNP/temp_train_TSV_RDL_86_1783452336_34316.s2p
PyAEDT INFO: Touchstone correctly exported to C:/ffzhzh/LocalFiles/Ansys_Project_Files/temp_train_TSV_RDL_86_1783452336_34316_SNP/temp_train_TSV_RDL_86_1783452336_34316.s2p
[train / TSV_RDL - Task 86] simulation completed: C:\ffzhzh\SyncFiles\Temp\HFSS_sim\LHS150_50_Connection2\train\TSV_RDL\dut86.s2p
PyAEDT INFO: Desktop has been released and closed.
[train / TSV_RDL - Task 95] simulation started.
PyAEDT INFO: Python version 3.11.15 | packaged by Anaconda, Inc. | (main, Mar 11 2026, 17:12:15) [MSC v.1942 64 bit (AMD64)].
PyAEDT INFO: PyAEDT version 1.0.1.
PyAEDT INFO: Initializing new Desktop session.
PyAEDT INFO: AEDT version 2026.1.
PyAEDT INFO: New AEDT session is starting on gRPC port 14443.
PyAEDT INFO: Starting new AEDT gRPC session on port 14443.
PyAEDT INFO: Launching AEDT server with gRPC transport mode: TransportMode.WNUA
PyAEDT INFO: Electronics Desktop started on gRPC port 14443 after 5.5 seconds.
PyAEDT INFO: AEDT installation Path C:\Program Files\ANSYS Inc\v261\AnsysEM
PyAEDT INFO: Connected to AEDT gRPC session on port 14443.
PyAEDT INFO: Non-graphical mode detected. Disabling Desktop logs.
PyAEDT INFO: Parsing C:\ffzhzh\LocalFiles\Ansys_Project_Files\temp_train_TSV_RDL_95_1783454212_34316.aedt.
PyAEDT INFO: Python version 3.11.15 | packaged by Anaconda, Inc. | (main, Mar 11 2026, 17:12:15) [MSC v.1942 64 bit (AMD64)].
PyAEDT INFO: PyAEDT version 1.0.1.
PyAEDT INFO: Returning found Desktop session with PID 52084!
PyAEDT INFO: File C:\ffzhzh\LocalFiles\Ansys_Project_Files\temp_train_TSV_RDL_95_1783454212_34316.aedt correctly loaded. Elapsed time: 0m 0sec
PyAEDT INFO: Solving all design setups. Analysis started...
PyAEDT INFO: Design setup None solved correctly in 0.0h 11.0m 14.0s
PyAEDT INFO: Key Desktop/ActiveDSOConfigurations/HFSS correctly changed.
PyAEDT INFO: Project temp_train_TSV_RDL_95_1783454212_34316 has been opened.
PyAEDT INFO: Exporting Touchstone C:/ffzhzh/LocalFiles/Ansys_Project_Files/temp_train_TSV_RDL_92_1783453532_41684_SNP/temp_train_TSV_RDL_92_1783453532_41684.s2p
PyAEDT INFO: Touchstone correctly exported to C:/ffzhzh/LocalFiles/Ansys_Project_Files/temp_train_TSV_RDL_92_1783453532_41684_SNP/temp_train_TSV_RDL_92_1783453532_41684.s2p
PyAEDT INFO: Active Design set to TSV_RDL
PyAEDT INFO: AEDT objects correctly read
PyAEDT INFO: Modeler class has been initialized! Elapsed time: 0m 0sec
PyAEDT INFO: Project temp_train_TSV_RDL_95_1783454212_34316 Saved correctly
PyAEDT INFO: Key Desktop/ActiveDSOConfigurations/HFSS correctly changed.
[train / TSV_RDL - Task 92] simulation completed: C:\ffzhzh\SyncFiles\Temp\HFSS_sim\LHS150_50_Connection2\train\TSV_RDL\dut92.s2p
PyAEDT INFO: Desktop has been released and closed.
[train / TSV_RDL - Task 96] simulation started.
PyAEDT INFO: Python version 3.11.15 | packaged by Anaconda, Inc. | (main, Mar 11 2026, 17:12:15) [MSC v.1942 64 bit (AMD64)].
PyAEDT INFO: PyAEDT version 1.0.1.
PyAEDT INFO: Initializing new Desktop session.
PyAEDT INFO: AEDT version 2026.1.
PyAEDT INFO: New AEDT session is starting on gRPC port 6109.
PyAEDT INFO: Starting new AEDT gRPC session on port 6109.
PyAEDT INFO: Launching AEDT server with gRPC transport mode: TransportMode.WNUA
PyAEDT INFO: Electronics Desktop started on gRPC port 6109 after 5.5 seconds.
PyAEDT INFO: AEDT installation Path C:\Program Files\ANSYS Inc\v261\AnsysEM
PyAEDT INFO: Connected to AEDT gRPC session on port 6109.
PyAEDT INFO: Non-graphical mode detected. Disabling Desktop logs.
PyAEDT INFO: Parsing C:\ffzhzh\LocalFiles\Ansys_Project_Files\temp_train_TSV_RDL_96_1783454233_41684.aedt.
PyAEDT INFO: Python version 3.11.15 | packaged by Anaconda, Inc. | (main, Mar 11 2026, 17:12:15) [MSC v.1942 64 bit (AMD64)].
PyAEDT INFO: PyAEDT version 1.0.1.
PyAEDT INFO: Returning found Desktop session with PID 41716!
PyAEDT INFO: File C:\ffzhzh\LocalFiles\Ansys_Project_Files\temp_train_TSV_RDL_96_1783454233_41684.aedt correctly loaded. Elapsed time: 0m 0sec
PyAEDT INFO: Project temp_train_TSV_RDL_96_1783454233_41684 has been opened.
PyAEDT INFO: Active Design set to TSV_RDL
PyAEDT INFO: AEDT objects correctly read
PyAEDT INFO: Modeler class has been initialized! Elapsed time: 0m 0sec
PyAEDT INFO: Project temp_train_TSV_RDL_96_1783454233_41684 Saved correctly
PyAEDT INFO: Key Desktop/ActiveDSOConfigurations/HFSS correctly changed.
PyAEDT INFO: Solving all design setups. Analysis started...
PyAEDT INFO: Design setup None solved correctly in 0.0h 9.0m 4.0s
PyAEDT INFO: Key Desktop/ActiveDSOConfigurations/HFSS correctly changed.
PyAEDT INFO: Exporting Touchstone C:/ffzhzh/LocalFiles/Ansys_Project_Files/temp_train_TSV_RDL_94_1783454177_28540_SNP/temp_train_TSV_RDL_94_1783454177_28540.s2p
PyAEDT INFO: Touchstone correctly exported to C:/ffzhzh/LocalFiles/Ansys_Project_Files/temp_train_TSV_RDL_94_1783454177_28540_SNP/temp_train_TSV_RDL_94_1783454177_28540.s2p
[train / TSV_RDL - Task 94] simulation completed: C:\ffzhzh\SyncFiles\Temp\HFSS_sim\LHS150_50_Connection2\train\TSV_RDL\dut94.s2p
PyAEDT INFO: Desktop has been released and closed.
[train / TSV_RDL - Task 97] simulation started.
PyAEDT INFO: Python version 3.11.15 | packaged by Anaconda, Inc. | (main, Mar 11 2026, 17:12:15) [MSC v.1942 64 bit (AMD64)].
PyAEDT INFO: PyAEDT version 1.0.1.
PyAEDT INFO: Initializing new Desktop session.
PyAEDT INFO: AEDT version 2026.1.
PyAEDT INFO: New AEDT session is starting on gRPC port 14560.
PyAEDT INFO: Starting new AEDT gRPC session on port 14560.
PyAEDT INFO: Launching AEDT server with gRPC transport mode: TransportMode.WNUA
PyAEDT INFO: Electronics Desktop started on gRPC port 14560 after 6.9 seconds.
PyAEDT INFO: AEDT installation Path C:\Program Files\ANSYS Inc\v261\AnsysEM
PyAEDT INFO: Connected to AEDT gRPC session on port 14560.
PyAEDT INFO: Non-graphical mode detected. Disabling Desktop logs.
PyAEDT INFO: Parsing C:\ffzhzh\LocalFiles\Ansys_Project_Files\temp_train_TSV_RDL_97_1783454744_28540.aedt.
PyAEDT INFO: Python version 3.11.15 | packaged by Anaconda, Inc. | (main, Mar 11 2026, 17:12:15) [MSC v.1942 64 bit (AMD64)].
PyAEDT INFO: PyAEDT version 1.0.1.
PyAEDT INFO: Returning found Desktop session with PID 16840!
PyAEDT INFO: File C:\ffzhzh\LocalFiles\Ansys_Project_Files\temp_train_TSV_RDL_97_1783454744_28540.aedt correctly loaded. Elapsed time: 0m 0sec
PyAEDT INFO: Project temp_train_TSV_RDL_97_1783454744_28540 has been opened.
PyAEDT INFO: Active Design set to TSV_RDL
PyAEDT INFO: AEDT objects correctly read
PyAEDT INFO: Modeler class has been initialized! Elapsed time: 0m 0sec
PyAEDT INFO: Project temp_train_TSV_RDL_97_1783454744_28540 Saved correctly
PyAEDT INFO: Key Desktop/ActiveDSOConfigurations/HFSS correctly changed.
PyAEDT INFO: Solving all design setups. Analysis started...
PyAEDT INFO: Design setup None solved correctly in 0.0h 13.0m 38.0s
PyAEDT INFO: Key Desktop/ActiveDSOConfigurations/HFSS correctly changed.
PyAEDT INFO: Exporting Touchstone C:/ffzhzh/LocalFiles/Ansys_Project_Files/temp_train_TSV_RDL_95_1783454212_34316_SNP/temp_train_TSV_RDL_95_1783454212_34316.s2p
PyAEDT INFO: Touchstone correctly exported to C:/ffzhzh/LocalFiles/Ansys_Project_Files/temp_train_TSV_RDL_95_1783454212_34316_SNP/temp_train_TSV_RDL_95_1783454212_34316.s2p
[train / TSV_RDL - Task 95] simulation completed: C:\ffzhzh\SyncFiles\Temp\HFSS_sim\LHS150_50_Connection2\train\TSV_RDL\dut95.s2p
PyAEDT INFO: Desktop has been released and closed.
[train / TSV_RDL - Task 98] simulation started.
PyAEDT INFO: Python version 3.11.15 | packaged by Anaconda, Inc. | (main, Mar 11 2026, 17:12:15) [MSC v.1942 64 bit (AMD64)].
PyAEDT INFO: PyAEDT version 1.0.1.
PyAEDT INFO: Initializing new Desktop session.
PyAEDT INFO: AEDT version 2026.1.
PyAEDT INFO: New AEDT session is starting on gRPC port 11189.
PyAEDT INFO: Starting new AEDT gRPC session on port 11189.
PyAEDT INFO: Launching AEDT server with gRPC transport mode: TransportMode.WNUA
PyAEDT INFO: Electronics Desktop started on gRPC port 11189 after 7.0 seconds.
PyAEDT INFO: AEDT installation Path C:\Program Files\ANSYS Inc\v261\AnsysEM
PyAEDT INFO: Connected to AEDT gRPC session on port 11189.
PyAEDT INFO: Non-graphical mode detected. Disabling Desktop logs.
PyAEDT INFO: Parsing C:\ffzhzh\LocalFiles\Ansys_Project_Files\temp_train_TSV_RDL_98_1783455054_34316.aedt.
PyAEDT INFO: Python version 3.11.15 | packaged by Anaconda, Inc. | (main, Mar 11 2026, 17:12:15) [MSC v.1942 64 bit (AMD64)].
PyAEDT INFO: PyAEDT version 1.0.1.
PyAEDT INFO: Returning found Desktop session with PID 51940!
PyAEDT INFO: File C:\ffzhzh\LocalFiles\Ansys_Project_Files\temp_train_TSV_RDL_98_1783455054_34316.aedt correctly loaded. Elapsed time: 0m 0sec
PyAEDT INFO: Project temp_train_TSV_RDL_98_1783455054_34316 has been opened.
PyAEDT INFO: Active Design set to TSV_RDL
PyAEDT INFO: AEDT objects correctly read
PyAEDT INFO: Modeler class has been initialized! Elapsed time: 0m 0sec
PyAEDT INFO: Project temp_train_TSV_RDL_98_1783455054_34316 Saved correctly
PyAEDT INFO: Key Desktop/ActiveDSOConfigurations/HFSS correctly changed.
PyAEDT INFO: Solving all design setups. Analysis started...
PyAEDT INFO: Design setup None solved correctly in 0.0h 10.0m 45.0s
PyAEDT INFO: Key Desktop/ActiveDSOConfigurations/HFSS correctly changed.
PyAEDT INFO: Exporting Touchstone C:/ffzhzh/LocalFiles/Ansys_Project_Files/temp_train_TSV_RDL_97_1783454744_28540_SNP/temp_train_TSV_RDL_97_1783454744_28540.s2p
PyAEDT INFO: Touchstone correctly exported to C:/ffzhzh/LocalFiles/Ansys_Project_Files/temp_train_TSV_RDL_97_1783454744_28540_SNP/temp_train_TSV_RDL_97_1783454744_28540.s2p
[train / TSV_RDL - Task 97] simulation completed: C:\ffzhzh\SyncFiles\Temp\HFSS_sim\LHS150_50_Connection2\train\TSV_RDL\dut97.s2p
PyAEDT INFO: Desktop has been released and closed.
[train / TSV_RDL - Task 99] simulation started.
PyAEDT INFO: Python version 3.11.15 | packaged by Anaconda, Inc. | (main, Mar 11 2026, 17:12:15) [MSC v.1942 64 bit (AMD64)].
PyAEDT INFO: PyAEDT version 1.0.1.
PyAEDT INFO: Initializing new Desktop session.
PyAEDT INFO: AEDT version 2026.1.
PyAEDT INFO: New AEDT session is starting on gRPC port 14296.
PyAEDT INFO: Starting new AEDT gRPC session on port 14296.
PyAEDT INFO: Launching AEDT server with gRPC transport mode: TransportMode.WNUA
PyAEDT INFO: Electronics Desktop started on gRPC port 14296 after 5.8 seconds.
PyAEDT INFO: AEDT installation Path C:\Program Files\ANSYS Inc\v261\AnsysEM
PyAEDT INFO: Connected to AEDT gRPC session on port 14296.
PyAEDT INFO: Non-graphical mode detected. Disabling Desktop logs.
PyAEDT INFO: Python version 3.11.15 | packaged by Anaconda, Inc. | (main, Mar 11 2026, 17:12:15) [MSC v.1942 64 bit (AMD64)].
PyAEDT INFO: Parsing C:\ffzhzh\LocalFiles\Ansys_Project_Files\temp_train_TSV_RDL_99_1783455414_28540.aedt.
PyAEDT INFO: PyAEDT version 1.0.1.
PyAEDT INFO: Returning found Desktop session with PID 52064!
PyAEDT INFO: File C:\ffzhzh\LocalFiles\Ansys_Project_Files\temp_train_TSV_RDL_99_1783455414_28540.aedt correctly loaded. Elapsed time: 0m 0sec
PyAEDT INFO: Project temp_train_TSV_RDL_99_1783455414_28540 has been opened.
PyAEDT INFO: Active Design set to TSV_RDL
PyAEDT INFO: AEDT objects correctly read
PyAEDT INFO: Modeler class has been initialized! Elapsed time: 0m 0sec
PyAEDT INFO: Project temp_train_TSV_RDL_99_1783455414_28540 Saved correctly
PyAEDT INFO: Key Desktop/ActiveDSOConfigurations/HFSS correctly changed.
PyAEDT INFO: Solving all design setups. Analysis started...
PyAEDT INFO: Design setup None solved correctly in 0.0h 23.0m 2.0s
PyAEDT INFO: Key Desktop/ActiveDSOConfigurations/HFSS correctly changed.
PyAEDT INFO: Exporting Touchstone C:/ffzhzh/LocalFiles/Ansys_Project_Files/temp_train_TSV_RDL_93_1783454112_7600_SNP/temp_train_TSV_RDL_93_1783454112_7600.s2p
PyAEDT INFO: Touchstone correctly exported to C:/ffzhzh/LocalFiles/Ansys_Project_Files/temp_train_TSV_RDL_93_1783454112_7600_SNP/temp_train_TSV_RDL_93_1783454112_7600.s2p
[train / TSV_RDL - Task 93] simulation completed: C:\ffzhzh\SyncFiles\Temp\HFSS_sim\LHS150_50_Connection2\train\TSV_RDL\dut93.s2p
PyAEDT INFO: Desktop has been released and closed.
[train / TSV_RDL - Task 100] simulation started.
PyAEDT INFO: Python version 3.11.15 | packaged by Anaconda, Inc. | (main, Mar 11 2026, 17:12:15) [MSC v.1942 64 bit (AMD64)].
PyAEDT INFO: PyAEDT version 1.0.1.
PyAEDT INFO: Initializing new Desktop session.
PyAEDT INFO: AEDT version 2026.1.
PyAEDT INFO: New AEDT session is starting on gRPC port 13929.
PyAEDT INFO: Starting new AEDT gRPC session on port 13929.
PyAEDT INFO: Launching AEDT server with gRPC transport mode: TransportMode.WNUA
PyAEDT INFO: Electronics Desktop started on gRPC port 13929 after 5.7 seconds.
PyAEDT INFO: AEDT installation Path C:\Program Files\ANSYS Inc\v261\AnsysEM
PyAEDT INFO: Connected to AEDT gRPC session on port 13929.
PyAEDT INFO: Non-graphical mode detected. Disabling Desktop logs.
PyAEDT INFO: Parsing C:\ffzhzh\LocalFiles\Ansys_Project_Files\temp_train_TSV_RDL_100_1783455519_7600.aedt.
PyAEDT INFO: Python version 3.11.15 | packaged by Anaconda, Inc. | (main, Mar 11 2026, 17:12:15) [MSC v.1942 64 bit (AMD64)].
PyAEDT INFO: PyAEDT version 1.0.1.
PyAEDT INFO: Returning found Desktop session with PID 24836!
PyAEDT INFO: File C:\ffzhzh\LocalFiles\Ansys_Project_Files\temp_train_TSV_RDL_100_1783455519_7600.aedt correctly loaded. Elapsed time: 0m 0sec
PyAEDT INFO: Project temp_train_TSV_RDL_100_1783455519_7600 has been opened.
PyAEDT INFO: Active Design set to TSV_RDL
PyAEDT INFO: AEDT objects correctly read
PyAEDT INFO: Modeler class has been initialized! Elapsed time: 0m 0sec
PyAEDT INFO: Project temp_train_TSV_RDL_100_1783455519_7600 Saved correctly
PyAEDT INFO: Key Desktop/ActiveDSOConfigurations/HFSS correctly changed.
PyAEDT INFO: Solving all design setups. Analysis started...
PyAEDT INFO: Design setup None solved correctly in 0.0h 9.0m 13.0s
PyAEDT INFO: Key Desktop/ActiveDSOConfigurations/HFSS correctly changed.
PyAEDT INFO: Exporting Touchstone C:/ffzhzh/LocalFiles/Ansys_Project_Files/temp_train_TSV_RDL_98_1783455054_34316_SNP/temp_train_TSV_RDL_98_1783455054_34316.s2p
PyAEDT INFO: Touchstone correctly exported to C:/ffzhzh/LocalFiles/Ansys_Project_Files/temp_train_TSV_RDL_98_1783455054_34316_SNP/temp_train_TSV_RDL_98_1783455054_34316.s2p
[train / TSV_RDL - Task 98] simulation completed: C:\ffzhzh\SyncFiles\Temp\HFSS_sim\LHS150_50_Connection2\train\TSV_RDL\dut98.s2p
PyAEDT INFO: Desktop has been released and closed.
[train / TSV_RDL - Task 101] simulation started.
PyAEDT INFO: Python version 3.11.15 | packaged by Anaconda, Inc. | (main, Mar 11 2026, 17:12:15) [MSC v.1942 64 bit (AMD64)].
PyAEDT INFO: PyAEDT version 1.0.1.
PyAEDT INFO: Initializing new Desktop session.
PyAEDT INFO: AEDT version 2026.1.
PyAEDT INFO: New AEDT session is starting on gRPC port 12899.
PyAEDT INFO: Starting new AEDT gRPC session on port 12899.
PyAEDT INFO: Launching AEDT server with gRPC transport mode: TransportMode.WNUA
PyAEDT INFO: Electronics Desktop started on gRPC port 12899 after 5.8 seconds.
PyAEDT INFO: AEDT installation Path C:\Program Files\ANSYS Inc\v261\AnsysEM
PyAEDT INFO: Connected to AEDT gRPC session on port 12899.
PyAEDT INFO: Non-graphical mode detected. Disabling Desktop logs.
PyAEDT INFO: Parsing C:\ffzhzh\LocalFiles\Ansys_Project_Files\temp_train_TSV_RDL_101_1783455628_34316.aedt.
PyAEDT INFO: Python version 3.11.15 | packaged by Anaconda, Inc. | (main, Mar 11 2026, 17:12:15) [MSC v.1942 64 bit (AMD64)].
PyAEDT INFO: PyAEDT version 1.0.1.
PyAEDT INFO: Returning found Desktop session with PID 54124!
PyAEDT INFO: File C:\ffzhzh\LocalFiles\Ansys_Project_Files\temp_train_TSV_RDL_101_1783455628_34316.aedt correctly loaded. Elapsed time: 0m 0sec
PyAEDT INFO: Project temp_train_TSV_RDL_101_1783455628_34316 has been opened.
PyAEDT INFO: Active Design set to TSV_RDL
PyAEDT INFO: AEDT objects correctly read
PyAEDT INFO: Modeler class has been initialized! Elapsed time: 0m 0sec
PyAEDT INFO: Project temp_train_TSV_RDL_101_1783455628_34316 Saved correctly
PyAEDT INFO: Key Desktop/ActiveDSOConfigurations/HFSS correctly changed.
PyAEDT ERROR: Error in solving all setups (AnalyzeAll).
PyAEDT INFO: Design setup None solved correctly in 1.0h 0.0m 36.0s
PyAEDT INFO: Key Desktop/ActiveDSOConfigurations/HFSS correctly changed.
[train / TSV_RDL - Task 87] HFSS analyze failed for setup Auto1.
PyAEDT INFO: Desktop has been released and closed.
[train / TSV_RDL - Task 102] simulation started.
PyAEDT INFO: Python version 3.11.15 | packaged by Anaconda, Inc. | (main, Mar 11 2026, 17:12:15) [MSC v.1942 64 bit (AMD64)].
PyAEDT INFO: PyAEDT version 1.0.1.
PyAEDT INFO: Initializing new Desktop session.
PyAEDT INFO: AEDT version 2026.1.
PyAEDT INFO: New AEDT session is starting on gRPC port 6412.
PyAEDT INFO: Starting new AEDT gRPC session on port 6412.
PyAEDT INFO: Launching AEDT server with gRPC transport mode: TransportMode.WNUA
PyAEDT INFO: Electronics Desktop started on gRPC port 6412 after 6.1 seconds.
PyAEDT INFO: AEDT installation Path C:\Program Files\ANSYS Inc\v261\AnsysEM
PyAEDT INFO: Connected to AEDT gRPC session on port 6412.
PyAEDT INFO: Non-graphical mode detected. Disabling Desktop logs.
PyAEDT INFO: Parsing C:\ffzhzh\LocalFiles\Ansys_Project_Files\temp_train_TSV_RDL_102_1783456060_50928.aedt.
PyAEDT INFO: Python version 3.11.15 | packaged by Anaconda, Inc. | (main, Mar 11 2026, 17:12:15) [MSC v.1942 64 bit (AMD64)].
PyAEDT INFO: PyAEDT version 1.0.1.
PyAEDT INFO: Returning found Desktop session with PID 9256!
PyAEDT INFO: File C:\ffzhzh\LocalFiles\Ansys_Project_Files\temp_train_TSV_RDL_102_1783456060_50928.aedt correctly loaded. Elapsed time: 0m 0sec
PyAEDT INFO: Solving all design setups. Analysis started...
PyAEDT INFO: Design setup None solved correctly in 0.0h 10.0m 44.0s
PyAEDT INFO: Key Desktop/ActiveDSOConfigurations/HFSS correctly changed.
PyAEDT INFO: Exporting Touchstone C:/ffzhzh/LocalFiles/Ansys_Project_Files/temp_train_TSV_RDL_99_1783455414_28540_SNP/temp_train_TSV_RDL_99_1783455414_28540.s2p
PyAEDT INFO: Touchstone correctly exported to C:/ffzhzh/LocalFiles/Ansys_Project_Files/temp_train_TSV_RDL_99_1783455414_28540_SNP/temp_train_TSV_RDL_99_1783455414_28540.s2p
PyAEDT INFO: Project temp_train_TSV_RDL_102_1783456060_50928 has been opened.
PyAEDT INFO: Active Design set to TSV_RDL
PyAEDT INFO: AEDT objects correctly read
PyAEDT INFO: Modeler class has been initialized! Elapsed time: 0m 0sec
PyAEDT INFO: Project temp_train_TSV_RDL_102_1783456060_50928 Saved correctly
PyAEDT INFO: Key Desktop/ActiveDSOConfigurations/HFSS correctly changed.
[train / TSV_RDL - Task 99] simulation completed: C:\ffzhzh\SyncFiles\Temp\HFSS_sim\LHS150_50_Connection2\train\TSV_RDL\dut99.s2p
PyAEDT INFO: Desktop has been released and closed.
[train / TSV_RDL - Task 103] simulation started.
PyAEDT INFO: Python version 3.11.15 | packaged by Anaconda, Inc. | (main, Mar 11 2026, 17:12:15) [MSC v.1942 64 bit (AMD64)].
PyAEDT INFO: PyAEDT version 1.0.1.
PyAEDT INFO: Initializing new Desktop session.
PyAEDT INFO: AEDT version 2026.1.
PyAEDT INFO: New AEDT session is starting on gRPC port 1469.
PyAEDT INFO: Starting new AEDT gRPC session on port 1469.
PyAEDT INFO: Launching AEDT server with gRPC transport mode: TransportMode.WNUA
PyAEDT INFO: Solving all design setups. Analysis started...
PyAEDT INFO: Design setup None solved correctly in 0.0h 9.0m 13.0s
PyAEDT INFO: Key Desktop/ActiveDSOConfigurations/HFSS correctly changed.
PyAEDT INFO: Exporting Touchstone C:/ffzhzh/LocalFiles/Ansys_Project_Files/temp_train_TSV_RDL_100_1783455519_7600_SNP/temp_train_TSV_RDL_100_1783455519_7600.s2p
PyAEDT INFO: Touchstone correctly exported to C:/ffzhzh/LocalFiles/Ansys_Project_Files/temp_train_TSV_RDL_100_1783455519_7600_SNP/temp_train_TSV_RDL_100_1783455519_7600.s2p
PyAEDT INFO: Electronics Desktop started on gRPC port 1469 after 5.8 seconds.
PyAEDT INFO: AEDT installation Path C:\Program Files\ANSYS Inc\v261\AnsysEM
PyAEDT INFO: Connected to AEDT gRPC session on port 1469.
PyAEDT INFO: Non-graphical mode detected. Disabling Desktop logs.
PyAEDT INFO: Parsing C:\ffzhzh\LocalFiles\Ansys_Project_Files\temp_train_TSV_RDL_103_1783456079_28540.aedt.
PyAEDT INFO: Python version 3.11.15 | packaged by Anaconda, Inc. | (main, Mar 11 2026, 17:12:15) [MSC v.1942 64 bit (AMD64)].
PyAEDT INFO: PyAEDT version 1.0.1.
PyAEDT INFO: Returning found Desktop session with PID 49256!
PyAEDT INFO: File C:\ffzhzh\LocalFiles\Ansys_Project_Files\temp_train_TSV_RDL_103_1783456079_28540.aedt correctly loaded. Elapsed time: 0m 0sec
[train / TSV_RDL - Task 100] simulation completed: C:\ffzhzh\SyncFiles\Temp\HFSS_sim\LHS150_50_Connection2\train\TSV_RDL\dut100.s2p
PyAEDT INFO: Desktop has been released and closed.
PyAEDT INFO: Project temp_train_TSV_RDL_103_1783456079_28540 has been opened.
[train / TSV_RDL - Task 104] simulation started.
PyAEDT INFO: Python version 3.11.15 | packaged by Anaconda, Inc. | (main, Mar 11 2026, 17:12:15) [MSC v.1942 64 bit (AMD64)].
PyAEDT INFO: PyAEDT version 1.0.1.
PyAEDT INFO: Initializing new Desktop session.
PyAEDT INFO: AEDT version 2026.1.
PyAEDT INFO: New AEDT session is starting on gRPC port 9682.
PyAEDT INFO: Active Design set to TSV_RDL
PyAEDT INFO: AEDT objects correctly read
PyAEDT INFO: Modeler class has been initialized! Elapsed time: 0m 0sec
PyAEDT INFO: Starting new AEDT gRPC session on port 9682.
PyAEDT INFO: Launching AEDT server with gRPC transport mode: TransportMode.WNUA
PyAEDT INFO: Project temp_train_TSV_RDL_103_1783456079_28540 Saved correctly
PyAEDT INFO: Key Desktop/ActiveDSOConfigurations/HFSS correctly changed.
PyAEDT INFO: Electronics Desktop started on gRPC port 9682 after 5.7 seconds.
PyAEDT INFO: AEDT installation Path C:\Program Files\ANSYS Inc\v261\AnsysEM
PyAEDT INFO: Connected to AEDT gRPC session on port 9682.
PyAEDT INFO: Non-graphical mode detected. Disabling Desktop logs.
PyAEDT INFO: Parsing C:\ffzhzh\LocalFiles\Ansys_Project_Files\temp_train_TSV_RDL_104_1783456087_7600.aedt.
PyAEDT INFO: Python version 3.11.15 | packaged by Anaconda, Inc. | (main, Mar 11 2026, 17:12:15) [MSC v.1942 64 bit (AMD64)].
PyAEDT INFO: PyAEDT version 1.0.1.
PyAEDT INFO: Returning found Desktop session with PID 13352!
PyAEDT INFO: File C:\ffzhzh\LocalFiles\Ansys_Project_Files\temp_train_TSV_RDL_104_1783456087_7600.aedt correctly loaded. Elapsed time: 0m 0sec
PyAEDT INFO: Project temp_train_TSV_RDL_104_1783456087_7600 has been opened.
PyAEDT INFO: Active Design set to TSV_RDL
PyAEDT INFO: AEDT objects correctly read
PyAEDT INFO: Modeler class has been initialized! Elapsed time: 0m 0sec
PyAEDT INFO: Project temp_train_TSV_RDL_104_1783456087_7600 Saved correctly
PyAEDT INFO: Key Desktop/ActiveDSOConfigurations/HFSS correctly changed.
PyAEDT INFO: Solving all design setups. Analysis started...
PyAEDT INFO: Design setup None solved correctly in 0.0h 7.0m 58.0s
PyAEDT INFO: Key Desktop/ActiveDSOConfigurations/HFSS correctly changed.
PyAEDT INFO: Exporting Touchstone C:/ffzhzh/LocalFiles/Ansys_Project_Files/temp_train_TSV_RDL_101_1783455628_34316_SNP/temp_train_TSV_RDL_101_1783455628_34316.s2p
PyAEDT INFO: Touchstone correctly exported to C:/ffzhzh/LocalFiles/Ansys_Project_Files/temp_train_TSV_RDL_101_1783455628_34316_SNP/temp_train_TSV_RDL_101_1783455628_34316.s2p
[train / TSV_RDL - Task 101] simulation completed: C:\ffzhzh\SyncFiles\Temp\HFSS_sim\LHS150_50_Connection2\train\TSV_RDL\dut101.s2p
PyAEDT INFO: Desktop has been released and closed.
[train / TSV_RDL - Task 105] simulation started.
PyAEDT INFO: Python version 3.11.15 | packaged by Anaconda, Inc. | (main, Mar 11 2026, 17:12:15) [MSC v.1942 64 bit (AMD64)].
PyAEDT INFO: PyAEDT version 1.0.1.
PyAEDT INFO: Initializing new Desktop session.
PyAEDT INFO: AEDT version 2026.1.
PyAEDT INFO: New AEDT session is starting on gRPC port 10325.
PyAEDT INFO: Starting new AEDT gRPC session on port 10325.
PyAEDT INFO: Launching AEDT server with gRPC transport mode: TransportMode.WNUA
PyAEDT INFO: Electronics Desktop started on gRPC port 10325 after 4.6 seconds.
PyAEDT INFO: AEDT installation Path C:\Program Files\ANSYS Inc\v261\AnsysEM
PyAEDT INFO: Connected to AEDT gRPC session on port 10325.
PyAEDT INFO: Non-graphical mode detected. Disabling Desktop logs.
PyAEDT INFO: Parsing C:\ffzhzh\LocalFiles\Ansys_Project_Files\temp_train_TSV_RDL_105_1783456130_34316.aedt.
PyAEDT INFO: Python version 3.11.15 | packaged by Anaconda, Inc. | (main, Mar 11 2026, 17:12:15) [MSC v.1942 64 bit (AMD64)].
PyAEDT INFO: PyAEDT version 1.0.1.
PyAEDT INFO: Returning found Desktop session with PID 52316!
PyAEDT INFO: File C:\ffzhzh\LocalFiles\Ansys_Project_Files\temp_train_TSV_RDL_105_1783456130_34316.aedt correctly loaded. Elapsed time: 0m 0sec
PyAEDT INFO: Project temp_train_TSV_RDL_105_1783456130_34316 has been opened.
PyAEDT INFO: Active Design set to TSV_RDL
PyAEDT INFO: AEDT objects correctly read
PyAEDT INFO: Modeler class has been initialized! Elapsed time: 0m 0sec
PyAEDT INFO: Project temp_train_TSV_RDL_105_1783456130_34316 Saved correctly
PyAEDT INFO: Key Desktop/ActiveDSOConfigurations/HFSS correctly changed.
PyAEDT INFO: Solving all design setups. Analysis started...
PyAEDT INFO: Design setup None solved correctly in 0.0h 37.0m 25.0s
PyAEDT INFO: Key Desktop/ActiveDSOConfigurations/HFSS correctly changed.
PyAEDT INFO: Exporting Touchstone C:/ffzhzh/LocalFiles/Ansys_Project_Files/temp_train_TSV_RDL_96_1783454233_41684_SNP/temp_train_TSV_RDL_96_1783454233_41684.s2p
PyAEDT INFO: Touchstone correctly exported to C:/ffzhzh/LocalFiles/Ansys_Project_Files/temp_train_TSV_RDL_96_1783454233_41684_SNP/temp_train_TSV_RDL_96_1783454233_41684.s2p
[train / TSV_RDL - Task 96] simulation completed: C:\ffzhzh\SyncFiles\Temp\HFSS_sim\LHS150_50_Connection2\train\TSV_RDL\dut96.s2p
PyAEDT INFO: Desktop has been released and closed.
[train / TSV_RDL - Task 106] simulation started.
PyAEDT INFO: Python version 3.11.15 | packaged by Anaconda, Inc. | (main, Mar 11 2026, 17:12:15) [MSC v.1942 64 bit (AMD64)].
PyAEDT INFO: PyAEDT version 1.0.1.
PyAEDT INFO: Initializing new Desktop session.
PyAEDT INFO: AEDT version 2026.1.
PyAEDT INFO: New AEDT session is starting on gRPC port 6383.
PyAEDT INFO: Starting new AEDT gRPC session on port 6383.
PyAEDT INFO: Launching AEDT server with gRPC transport mode: TransportMode.WNUA
PyAEDT INFO: Electronics Desktop started on gRPC port 6383 after 6.6 seconds.
PyAEDT INFO: AEDT installation Path C:\Program Files\ANSYS Inc\v261\AnsysEM
PyAEDT INFO: Connected to AEDT gRPC session on port 6383.
PyAEDT INFO: Non-graphical mode detected. Disabling Desktop logs.
PyAEDT INFO: Parsing C:\ffzhzh\LocalFiles\Ansys_Project_Files\temp_train_TSV_RDL_106_1783456502_41684.aedt.
PyAEDT INFO: Python version 3.11.15 | packaged by Anaconda, Inc. | (main, Mar 11 2026, 17:12:15) [MSC v.1942 64 bit (AMD64)].
PyAEDT INFO: PyAEDT version 1.0.1.
PyAEDT INFO: Returning found Desktop session with PID 57096!
PyAEDT INFO: File C:\ffzhzh\LocalFiles\Ansys_Project_Files\temp_train_TSV_RDL_106_1783456502_41684.aedt correctly loaded. Elapsed time: 0m 0sec
PyAEDT INFO: Project temp_train_TSV_RDL_106_1783456502_41684 has been opened.
PyAEDT INFO: Active Design set to TSV_RDL
PyAEDT INFO: AEDT objects correctly read
PyAEDT INFO: Modeler class has been initialized! Elapsed time: 0m 0sec
PyAEDT INFO: Project temp_train_TSV_RDL_106_1783456502_41684 Saved correctly
PyAEDT INFO: Key Desktop/ActiveDSOConfigurations/HFSS correctly changed.
PyAEDT INFO: Solving all design setups. Analysis started...
PyAEDT INFO: Design setup None solved correctly in 0.0h 7.0m 15.0s
PyAEDT INFO: Key Desktop/ActiveDSOConfigurations/HFSS correctly changed.
PyAEDT INFO: Exporting Touchstone C:/ffzhzh/LocalFiles/Ansys_Project_Files/temp_train_TSV_RDL_103_1783456079_28540_SNP/temp_train_TSV_RDL_103_1783456079_28540.s2p
PyAEDT INFO: Touchstone correctly exported to C:/ffzhzh/LocalFiles/Ansys_Project_Files/temp_train_TSV_RDL_103_1783456079_28540_SNP/temp_train_TSV_RDL_103_1783456079_28540.s2p
[train / TSV_RDL - Task 103] simulation completed: C:\ffzhzh\SyncFiles\Temp\HFSS_sim\LHS150_50_Connection2\train\TSV_RDL\dut103.s2p
PyAEDT INFO: Desktop has been released and closed.
[train / TSV_RDL - Task 107] simulation started.
PyAEDT INFO: Python version 3.11.15 | packaged by Anaconda, Inc. | (main, Mar 11 2026, 17:12:15) [MSC v.1942 64 bit (AMD64)].
PyAEDT INFO: PyAEDT version 1.0.1.
PyAEDT INFO: Initializing new Desktop session.
PyAEDT INFO: AEDT version 2026.1.
PyAEDT INFO: New AEDT session is starting on gRPC port 11548.
PyAEDT INFO: Starting new AEDT gRPC session on port 11548.
PyAEDT INFO: Launching AEDT server with gRPC transport mode: TransportMode.WNUA
PyAEDT INFO: Electronics Desktop started on gRPC port 11548 after 5.8 seconds.
PyAEDT INFO: AEDT installation Path C:\Program Files\ANSYS Inc\v261\AnsysEM
PyAEDT INFO: Connected to AEDT gRPC session on port 11548.
PyAEDT INFO: Non-graphical mode detected. Disabling Desktop logs.
PyAEDT INFO: Parsing C:\ffzhzh\LocalFiles\Ansys_Project_Files\temp_train_TSV_RDL_107_1783456530_28540.aedt.
PyAEDT INFO: Python version 3.11.15 | packaged by Anaconda, Inc. | (main, Mar 11 2026, 17:12:15) [MSC v.1942 64 bit (AMD64)].
PyAEDT INFO: PyAEDT version 1.0.1.
PyAEDT INFO: Returning found Desktop session with PID 21076!
PyAEDT INFO: File C:\ffzhzh\LocalFiles\Ansys_Project_Files\temp_train_TSV_RDL_107_1783456530_28540.aedt correctly loaded. Elapsed time: 0m 0sec
PyAEDT INFO: Project temp_train_TSV_RDL_107_1783456530_28540 has been opened.
PyAEDT INFO: Active Design set to TSV_RDL
PyAEDT INFO: AEDT objects correctly read
PyAEDT INFO: Modeler class has been initialized! Elapsed time: 0m 0sec
PyAEDT INFO: Project temp_train_TSV_RDL_107_1783456530_28540 Saved correctly
PyAEDT INFO: Key Desktop/ActiveDSOConfigurations/HFSS correctly changed.
PyAEDT INFO: Solving all design setups. Analysis started...
PyAEDT INFO: Design setup None solved correctly in 0.0h 15.0m 21.0s
PyAEDT INFO: Key Desktop/ActiveDSOConfigurations/HFSS correctly changed.
PyAEDT INFO: Exporting Touchstone C:/ffzhzh/LocalFiles/Ansys_Project_Files/temp_train_TSV_RDL_105_1783456130_34316_SNP/temp_train_TSV_RDL_105_1783456130_34316.s2p
PyAEDT INFO: Touchstone correctly exported to C:/ffzhzh/LocalFiles/Ansys_Project_Files/temp_train_TSV_RDL_105_1783456130_34316_SNP/temp_train_TSV_RDL_105_1783456130_34316.s2p
PyAEDT INFO: Solving all design setups. Analysis started...
PyAEDT INFO: Design setup None solved correctly in 0.0h 16.0m 10.0s
PyAEDT INFO: Key Desktop/ActiveDSOConfigurations/HFSS correctly changed.
PyAEDT INFO: Exporting Touchstone C:/ffzhzh/LocalFiles/Ansys_Project_Files/temp_train_TSV_RDL_104_1783456087_7600_SNP/temp_train_TSV_RDL_104_1783456087_7600.s2p
PyAEDT INFO: Touchstone correctly exported to C:/ffzhzh/LocalFiles/Ansys_Project_Files/temp_train_TSV_RDL_104_1783456087_7600_SNP/temp_train_TSV_RDL_104_1783456087_7600.s2p
[train / TSV_RDL - Task 105] simulation completed: C:\ffzhzh\SyncFiles\Temp\HFSS_sim\LHS150_50_Connection2\train\TSV_RDL\dut105.s2p
PyAEDT INFO: Desktop has been released and closed.
[train / TSV_RDL - Task 104] simulation completed: C:\ffzhzh\SyncFiles\Temp\HFSS_sim\LHS150_50_Connection2\train\TSV_RDL\dut104.s2p
PyAEDT INFO: Desktop has been released and closed.
[train / TSV_RDL - Task 108] simulation started.
PyAEDT INFO: Python version 3.11.15 | packaged by Anaconda, Inc. | (main, Mar 11 2026, 17:12:15) [MSC v.1942 64 bit (AMD64)].
PyAEDT INFO: PyAEDT version 1.0.1.
PyAEDT INFO: Initializing new Desktop session.
PyAEDT INFO: AEDT version 2026.1.
PyAEDT INFO: New AEDT session is starting on gRPC port 11947.
[train / TSV_RDL - Task 109] simulation started.
PyAEDT INFO: Python version 3.11.15 | packaged by Anaconda, Inc. | (main, Mar 11 2026, 17:12:15) [MSC v.1942 64 bit (AMD64)].
PyAEDT INFO: PyAEDT version 1.0.1.
PyAEDT INFO: Initializing new Desktop session.
PyAEDT INFO: AEDT version 2026.1.
PyAEDT INFO: New AEDT session is starting on gRPC port 11948.
PyAEDT INFO: Starting new AEDT gRPC session on port 11947.
PyAEDT INFO: Launching AEDT server with gRPC transport mode: TransportMode.WNUA
PyAEDT INFO: Starting new AEDT gRPC session on port 11948.
PyAEDT INFO: Launching AEDT server with gRPC transport mode: TransportMode.WNUA
PyAEDT INFO: Electronics Desktop started on gRPC port 11947 after 6.9 seconds.
PyAEDT INFO: AEDT installation Path C:\Program Files\ANSYS Inc\v261\AnsysEM
PyAEDT INFO: Connected to AEDT gRPC session on port 11947.
PyAEDT INFO: Non-graphical mode detected. Disabling Desktop logs.
PyAEDT INFO: Parsing C:\ffzhzh\LocalFiles\Ansys_Project_Files\temp_train_TSV_RDL_108_1783457072_34316.aedt.
PyAEDT INFO: Python version 3.11.15 | packaged by Anaconda, Inc. | (main, Mar 11 2026, 17:12:15) [MSC v.1942 64 bit (AMD64)].
PyAEDT INFO: PyAEDT version 1.0.1.
PyAEDT INFO: Returning found Desktop session with PID 50948!
PyAEDT INFO: File C:\ffzhzh\LocalFiles\Ansys_Project_Files\temp_train_TSV_RDL_108_1783457072_34316.aedt correctly loaded. Elapsed time: 0m 0sec
PyAEDT INFO: Electronics Desktop started on gRPC port 11948 after 6.8 seconds.
PyAEDT INFO: AEDT installation Path C:\Program Files\ANSYS Inc\v261\AnsysEM
PyAEDT INFO: Connected to AEDT gRPC session on port 11948.
PyAEDT INFO: Non-graphical mode detected. Disabling Desktop logs.
PyAEDT INFO: Parsing C:\ffzhzh\LocalFiles\Ansys_Project_Files\temp_train_TSV_RDL_109_1783457072_7600.aedt.
PyAEDT INFO: Python version 3.11.15 | packaged by Anaconda, Inc. | (main, Mar 11 2026, 17:12:15) [MSC v.1942 64 bit (AMD64)].
PyAEDT INFO: PyAEDT version 1.0.1.
PyAEDT INFO: Returning found Desktop session with PID 31120!
PyAEDT INFO: File C:\ffzhzh\LocalFiles\Ansys_Project_Files\temp_train_TSV_RDL_109_1783457072_7600.aedt correctly loaded. Elapsed time: 0m 0sec
PyAEDT INFO: Project temp_train_TSV_RDL_109_1783457072_7600 has been opened.
PyAEDT INFO: Project temp_train_TSV_RDL_108_1783457072_34316 has been opened.
PyAEDT INFO: Active Design set to TSV_RDL
PyAEDT INFO: Active Design set to TSV_RDL
PyAEDT INFO: AEDT objects correctly read
PyAEDT INFO: AEDT objects correctly read
PyAEDT INFO: Modeler class has been initialized! Elapsed time: 0m 0sec
PyAEDT INFO: Modeler class has been initialized! Elapsed time: 0m 0sec
PyAEDT INFO: Project temp_train_TSV_RDL_109_1783457072_7600 Saved correctly
PyAEDT INFO: Project temp_train_TSV_RDL_108_1783457072_34316 Saved correctly
PyAEDT INFO: Key Desktop/ActiveDSOConfigurations/HFSS correctly changed.
PyAEDT INFO: Key Desktop/ActiveDSOConfigurations/HFSS correctly changed.
PyAEDT INFO: Solving all design setups. Analysis started...
PyAEDT INFO: Design setup None solved correctly in 0.0h 11.0m 13.0s
PyAEDT INFO: Key Desktop/ActiveDSOConfigurations/HFSS correctly changed.
PyAEDT INFO: Exporting Touchstone C:/ffzhzh/LocalFiles/Ansys_Project_Files/temp_train_TSV_RDL_106_1783456502_41684_SNP/temp_train_TSV_RDL_106_1783456502_41684.s2p
PyAEDT INFO: Touchstone correctly exported to C:/ffzhzh/LocalFiles/Ansys_Project_Files/temp_train_TSV_RDL_106_1783456502_41684_SNP/temp_train_TSV_RDL_106_1783456502_41684.s2p
[train / TSV_RDL - Task 106] simulation completed: C:\ffzhzh\SyncFiles\Temp\HFSS_sim\LHS150_50_Connection2\train\TSV_RDL\dut106.s2p
PyAEDT INFO: Desktop has been released and closed.
[train / TSV_RDL - Task 110] simulation started.
PyAEDT INFO: Python version 3.11.15 | packaged by Anaconda, Inc. | (main, Mar 11 2026, 17:12:15) [MSC v.1942 64 bit (AMD64)].
PyAEDT INFO: PyAEDT version 1.0.1.
PyAEDT INFO: Initializing new Desktop session.
PyAEDT INFO: AEDT version 2026.1.
PyAEDT INFO: New AEDT session is starting on gRPC port 11347.
PyAEDT INFO: Starting new AEDT gRPC session on port 11347.
PyAEDT INFO: Launching AEDT server with gRPC transport mode: TransportMode.WNUA
PyAEDT INFO: Electronics Desktop started on gRPC port 11347 after 4.9 seconds.
PyAEDT INFO: AEDT installation Path C:\Program Files\ANSYS Inc\v261\AnsysEM
PyAEDT INFO: Connected to AEDT gRPC session on port 11347.
PyAEDT INFO: Non-graphical mode detected. Disabling Desktop logs.
PyAEDT INFO: Parsing C:\ffzhzh\LocalFiles\Ansys_Project_Files\temp_train_TSV_RDL_110_1783457197_41684.aedt.
PyAEDT INFO: Python version 3.11.15 | packaged by Anaconda, Inc. | (main, Mar 11 2026, 17:12:15) [MSC v.1942 64 bit (AMD64)].
PyAEDT INFO: PyAEDT version 1.0.1.
PyAEDT INFO: Returning found Desktop session with PID 12096!
PyAEDT INFO: File C:\ffzhzh\LocalFiles\Ansys_Project_Files\temp_train_TSV_RDL_110_1783457197_41684.aedt correctly loaded. Elapsed time: 0m 0sec
PyAEDT INFO: Project temp_train_TSV_RDL_110_1783457197_41684 has been opened.
PyAEDT INFO: Active Design set to TSV_RDL
PyAEDT INFO: AEDT objects correctly read
PyAEDT INFO: Modeler class has been initialized! Elapsed time: 0m 0sec
PyAEDT INFO: Project temp_train_TSV_RDL_110_1783457197_41684 Saved correctly
PyAEDT INFO: Key Desktop/ActiveDSOConfigurations/HFSS correctly changed.
PyAEDT INFO: Solving all design setups. Analysis started...
PyAEDT INFO: Design setup None solved correctly in 0.0h 13.0m 6.0s
PyAEDT INFO: Key Desktop/ActiveDSOConfigurations/HFSS correctly changed.
PyAEDT INFO: Exporting Touchstone C:/ffzhzh/LocalFiles/Ansys_Project_Files/temp_train_TSV_RDL_107_1783456530_28540_SNP/temp_train_TSV_RDL_107_1783456530_28540.s2p
PyAEDT INFO: Touchstone correctly exported to C:/ffzhzh/LocalFiles/Ansys_Project_Files/temp_train_TSV_RDL_107_1783456530_28540_SNP/temp_train_TSV_RDL_107_1783456530_28540.s2p
[train / TSV_RDL - Task 107] simulation completed: C:\ffzhzh\SyncFiles\Temp\HFSS_sim\LHS150_50_Connection2\train\TSV_RDL\dut107.s2p
PyAEDT INFO: Desktop has been released and closed.
[train / TSV_RDL - Task 111] simulation started.
PyAEDT INFO: Python version 3.11.15 | packaged by Anaconda, Inc. | (main, Mar 11 2026, 17:12:15) [MSC v.1942 64 bit (AMD64)].
PyAEDT INFO: PyAEDT version 1.0.1.
PyAEDT INFO: Initializing new Desktop session.
PyAEDT INFO: AEDT version 2026.1.
PyAEDT INFO: New AEDT session is starting on gRPC port 2657.
PyAEDT INFO: Starting new AEDT gRPC session on port 2657.
PyAEDT INFO: Launching AEDT server with gRPC transport mode: TransportMode.WNUA
PyAEDT INFO: Electronics Desktop started on gRPC port 2657 after 5.5 seconds.
PyAEDT INFO: AEDT installation Path C:\Program Files\ANSYS Inc\v261\AnsysEM
PyAEDT INFO: Connected to AEDT gRPC session on port 2657.
PyAEDT INFO: Non-graphical mode detected. Disabling Desktop logs.
PyAEDT INFO: Parsing C:\ffzhzh\LocalFiles\Ansys_Project_Files\temp_train_TSV_RDL_111_1783457336_28540.aedt.
PyAEDT INFO: Python version 3.11.15 | packaged by Anaconda, Inc. | (main, Mar 11 2026, 17:12:15) [MSC v.1942 64 bit (AMD64)].
PyAEDT INFO: PyAEDT version 1.0.1.
PyAEDT INFO: Returning found Desktop session with PID 25420!
PyAEDT INFO: File C:\ffzhzh\LocalFiles\Ansys_Project_Files\temp_train_TSV_RDL_111_1783457336_28540.aedt correctly loaded. Elapsed time: 0m 0sec
PyAEDT INFO: Project temp_train_TSV_RDL_111_1783457336_28540 has been opened.
PyAEDT INFO: Active Design set to TSV_RDL
PyAEDT INFO: AEDT objects correctly read
PyAEDT INFO: Modeler class has been initialized! Elapsed time: 0m 0sec
PyAEDT INFO: Project temp_train_TSV_RDL_111_1783457336_28540 Saved correctly
PyAEDT INFO: Key Desktop/ActiveDSOConfigurations/HFSS correctly changed.
PyAEDT INFO: Solving all design setups. Analysis started...
PyAEDT INFO: Design setup None solved correctly in 0.0h 21.0m 48.0s
PyAEDT INFO: Key Desktop/ActiveDSOConfigurations/HFSS correctly changed.
PyAEDT INFO: Exporting Touchstone C:/ffzhzh/LocalFiles/Ansys_Project_Files/temp_train_TSV_RDL_102_1783456060_50928_SNP/temp_train_TSV_RDL_102_1783456060_50928.s2p
PyAEDT INFO: Touchstone correctly exported to C:/ffzhzh/LocalFiles/Ansys_Project_Files/temp_train_TSV_RDL_102_1783456060_50928_SNP/temp_train_TSV_RDL_102_1783456060_50928.s2p
[train / TSV_RDL - Task 102] simulation completed: C:\ffzhzh\SyncFiles\Temp\HFSS_sim\LHS150_50_Connection2\train\TSV_RDL\dut102.s2p
PyAEDT INFO: Desktop has been released and closed.
[train / TSV_RDL - Task 112] simulation started.
PyAEDT INFO: Python version 3.11.15 | packaged by Anaconda, Inc. | (main, Mar 11 2026, 17:12:15) [MSC v.1942 64 bit (AMD64)].
PyAEDT INFO: PyAEDT version 1.0.1.
PyAEDT INFO: Initializing new Desktop session.
PyAEDT INFO: AEDT version 2026.1.
PyAEDT INFO: New AEDT session is starting on gRPC port 9632.
PyAEDT INFO: Starting new AEDT gRPC session on port 9632.
PyAEDT INFO: Launching AEDT server with gRPC transport mode: TransportMode.WNUA
PyAEDT INFO: Electronics Desktop started on gRPC port 9632 after 5.4 seconds.
PyAEDT INFO: AEDT installation Path C:\Program Files\ANSYS Inc\v261\AnsysEM
PyAEDT INFO: Connected to AEDT gRPC session on port 9632.
PyAEDT INFO: Non-graphical mode detected. Disabling Desktop logs.
PyAEDT INFO: Parsing C:\ffzhzh\LocalFiles\Ansys_Project_Files\temp_train_TSV_RDL_112_1783457391_50928.aedt.
PyAEDT INFO: Python version 3.11.15 | packaged by Anaconda, Inc. | (main, Mar 11 2026, 17:12:15) [MSC v.1942 64 bit (AMD64)].
PyAEDT INFO: PyAEDT version 1.0.1.
PyAEDT INFO: Returning found Desktop session with PID 43428!
PyAEDT INFO: File C:\ffzhzh\LocalFiles\Ansys_Project_Files\temp_train_TSV_RDL_112_1783457391_50928.aedt correctly loaded. Elapsed time: 0m 0sec
PyAEDT INFO: Project temp_train_TSV_RDL_112_1783457391_50928 has been opened.
PyAEDT INFO: Active Design set to TSV_RDL
PyAEDT INFO: AEDT objects correctly read
PyAEDT INFO: Modeler class has been initialized! Elapsed time: 0m 0sec
PyAEDT INFO: Project temp_train_TSV_RDL_112_1783457391_50928 Saved correctly
PyAEDT INFO: Key Desktop/ActiveDSOConfigurations/HFSS correctly changed.
PyAEDT INFO: Solving all design setups. Analysis started...
PyAEDT INFO: Design setup None solved correctly in 0.0h 10.0m 10.0s
PyAEDT INFO: Key Desktop/ActiveDSOConfigurations/HFSS correctly changed.
PyAEDT INFO: Exporting Touchstone C:/ffzhzh/LocalFiles/Ansys_Project_Files/temp_train_TSV_RDL_108_1783457072_34316_SNP/temp_train_TSV_RDL_108_1783457072_34316.s2p
PyAEDT INFO: Touchstone correctly exported to C:/ffzhzh/LocalFiles/Ansys_Project_Files/temp_train_TSV_RDL_108_1783457072_34316_SNP/temp_train_TSV_RDL_108_1783457072_34316.s2p
[train / TSV_RDL - Task 108] simulation completed: C:\ffzhzh\SyncFiles\Temp\HFSS_sim\LHS150_50_Connection2\train\TSV_RDL\dut108.s2p
PyAEDT INFO: Desktop has been released and closed.
[train / TSV_RDL - Task 113] simulation started.
PyAEDT INFO: Python version 3.11.15 | packaged by Anaconda, Inc. | (main, Mar 11 2026, 17:12:15) [MSC v.1942 64 bit (AMD64)].
PyAEDT INFO: PyAEDT version 1.0.1.
PyAEDT INFO: Initializing new Desktop session.
PyAEDT INFO: AEDT version 2026.1.
PyAEDT INFO: New AEDT session is starting on gRPC port 13560.
PyAEDT INFO: Starting new AEDT gRPC session on port 13560.
PyAEDT INFO: Launching AEDT server with gRPC transport mode: TransportMode.WNUA
PyAEDT INFO: Electronics Desktop started on gRPC port 13560 after 6.5 seconds.
PyAEDT INFO: AEDT installation Path C:\Program Files\ANSYS Inc\v261\AnsysEM
PyAEDT INFO: Connected to AEDT gRPC session on port 13560.
PyAEDT INFO: Non-graphical mode detected. Disabling Desktop logs.
PyAEDT INFO: Parsing C:\ffzhzh\LocalFiles\Ansys_Project_Files\temp_train_TSV_RDL_113_1783457708_34316.aedt.
PyAEDT INFO: Python version 3.11.15 | packaged by Anaconda, Inc. | (main, Mar 11 2026, 17:12:15) [MSC v.1942 64 bit (AMD64)].
PyAEDT INFO: PyAEDT version 1.0.1.
PyAEDT INFO: Returning found Desktop session with PID 6012!
PyAEDT INFO: File C:\ffzhzh\LocalFiles\Ansys_Project_Files\temp_train_TSV_RDL_113_1783457708_34316.aedt correctly loaded. Elapsed time: 0m 0sec
PyAEDT INFO: Project temp_train_TSV_RDL_113_1783457708_34316 has been opened.
PyAEDT INFO: Active Design set to TSV_RDL
PyAEDT INFO: AEDT objects correctly read
PyAEDT INFO: Modeler class has been initialized! Elapsed time: 0m 0sec
PyAEDT INFO: Project temp_train_TSV_RDL_113_1783457708_34316 Saved correctly
PyAEDT INFO: Key Desktop/ActiveDSOConfigurations/HFSS correctly changed.
PyAEDT INFO: Solving all design setups. Analysis started...
PyAEDT INFO: Design setup None solved correctly in 0.0h 10.0m 48.0s
PyAEDT INFO: Key Desktop/ActiveDSOConfigurations/HFSS correctly changed.
PyAEDT INFO: Exporting Touchstone C:/ffzhzh/LocalFiles/Ansys_Project_Files/temp_train_TSV_RDL_110_1783457197_41684_SNP/temp_train_TSV_RDL_110_1783457197_41684.s2p
PyAEDT INFO: Touchstone correctly exported to C:/ffzhzh/LocalFiles/Ansys_Project_Files/temp_train_TSV_RDL_110_1783457197_41684_SNP/temp_train_TSV_RDL_110_1783457197_41684.s2p
[train / TSV_RDL - Task 110] simulation completed: C:\ffzhzh\SyncFiles\Temp\HFSS_sim\LHS150_50_Connection2\train\TSV_RDL\dut110.s2p
PyAEDT INFO: Desktop has been released and closed.
[train / TSV_RDL - Task 114] simulation started.
PyAEDT INFO: Python version 3.11.15 | packaged by Anaconda, Inc. | (main, Mar 11 2026, 17:12:15) [MSC v.1942 64 bit (AMD64)].
PyAEDT INFO: PyAEDT version 1.0.1.
PyAEDT INFO: Initializing new Desktop session.
PyAEDT INFO: AEDT version 2026.1.
PyAEDT INFO: New AEDT session is starting on gRPC port 5479.
PyAEDT INFO: Starting new AEDT gRPC session on port 5479.
PyAEDT INFO: Launching AEDT server with gRPC transport mode: TransportMode.WNUA
PyAEDT INFO: Electronics Desktop started on gRPC port 5479 after 5.8 seconds.
PyAEDT INFO: AEDT installation Path C:\Program Files\ANSYS Inc\v261\AnsysEM
PyAEDT INFO: Connected to AEDT gRPC session on port 5479.
PyAEDT INFO: Non-graphical mode detected. Disabling Desktop logs.
PyAEDT INFO: Parsing C:\ffzhzh\LocalFiles\Ansys_Project_Files\temp_train_TSV_RDL_114_1783457869_41684.aedt.
PyAEDT INFO: Python version 3.11.15 | packaged by Anaconda, Inc. | (main, Mar 11 2026, 17:12:15) [MSC v.1942 64 bit (AMD64)].
PyAEDT INFO: PyAEDT version 1.0.1.
PyAEDT INFO: Returning found Desktop session with PID 49692!
PyAEDT INFO: File C:\ffzhzh\LocalFiles\Ansys_Project_Files\temp_train_TSV_RDL_114_1783457869_41684.aedt correctly loaded. Elapsed time: 0m 0sec
PyAEDT INFO: Project temp_train_TSV_RDL_114_1783457869_41684 has been opened.
PyAEDT INFO: Active Design set to TSV_RDL
PyAEDT INFO: AEDT objects correctly read
PyAEDT INFO: Modeler class has been initialized! Elapsed time: 0m 0sec
PyAEDT INFO: Project temp_train_TSV_RDL_114_1783457869_41684 Saved correctly
PyAEDT INFO: Key Desktop/ActiveDSOConfigurations/HFSS correctly changed.
PyAEDT INFO: Solving all design setups. Analysis started...
PyAEDT INFO: Design setup None solved correctly in 0.0h 9.0m 1.0s
PyAEDT INFO: Key Desktop/ActiveDSOConfigurations/HFSS correctly changed.
PyAEDT INFO: Exporting Touchstone C:/ffzhzh/LocalFiles/Ansys_Project_Files/temp_train_TSV_RDL_111_1783457336_28540_SNP/temp_train_TSV_RDL_111_1783457336_28540.s2p
PyAEDT INFO: Touchstone correctly exported to C:/ffzhzh/LocalFiles/Ansys_Project_Files/temp_train_TSV_RDL_111_1783457336_28540_SNP/temp_train_TSV_RDL_111_1783457336_28540.s2p
[train / TSV_RDL - Task 111] simulation completed: C:\ffzhzh\SyncFiles\Temp\HFSS_sim\LHS150_50_Connection2\train\TSV_RDL\dut111.s2p
PyAEDT INFO: Desktop has been released and closed.
[train / TSV_RDL - Task 115] simulation started.
PyAEDT INFO: Python version 3.11.15 | packaged by Anaconda, Inc. | (main, Mar 11 2026, 17:12:15) [MSC v.1942 64 bit (AMD64)].
PyAEDT INFO: PyAEDT version 1.0.1.
PyAEDT INFO: Initializing new Desktop session.
PyAEDT INFO: AEDT version 2026.1.
PyAEDT INFO: New AEDT session is starting on gRPC port 8802.
PyAEDT INFO: Starting new AEDT gRPC session on port 8802.
PyAEDT INFO: Launching AEDT server with gRPC transport mode: TransportMode.WNUA
PyAEDT INFO: Electronics Desktop started on gRPC port 8802 after 4.9 seconds.
PyAEDT INFO: AEDT installation Path C:\Program Files\ANSYS Inc\v261\AnsysEM
PyAEDT INFO: Connected to AEDT gRPC session on port 8802.
PyAEDT INFO: Non-graphical mode detected. Disabling Desktop logs.
PyAEDT INFO: Parsing C:\ffzhzh\LocalFiles\Ansys_Project_Files\temp_train_TSV_RDL_115_1783457898_28540.aedt.
PyAEDT INFO: Python version 3.11.15 | packaged by Anaconda, Inc. | (main, Mar 11 2026, 17:12:15) [MSC v.1942 64 bit (AMD64)].
PyAEDT INFO: PyAEDT version 1.0.1.
PyAEDT INFO: Returning found Desktop session with PID 49092!
PyAEDT INFO: File C:\ffzhzh\LocalFiles\Ansys_Project_Files\temp_train_TSV_RDL_115_1783457898_28540.aedt correctly loaded. Elapsed time: 0m 0sec
PyAEDT INFO: Project temp_train_TSV_RDL_115_1783457898_28540 has been opened.
PyAEDT INFO: Active Design set to TSV_RDL
PyAEDT INFO: AEDT objects correctly read
PyAEDT INFO: Modeler class has been initialized! Elapsed time: 0m 0sec
PyAEDT INFO: Project temp_train_TSV_RDL_115_1783457898_28540 Saved correctly
PyAEDT INFO: Key Desktop/ActiveDSOConfigurations/HFSS correctly changed.
PyAEDT INFO: Solving all design setups. Analysis started...
PyAEDT INFO: Design setup None solved correctly in 0.0h 13.0m 26.0s
PyAEDT INFO: Key Desktop/ActiveDSOConfigurations/HFSS correctly changed.
PyAEDT INFO: Exporting Touchstone C:/ffzhzh/LocalFiles/Ansys_Project_Files/temp_train_TSV_RDL_112_1783457391_50928_SNP/temp_train_TSV_RDL_112_1783457391_50928.s2p
PyAEDT INFO: Touchstone correctly exported to C:/ffzhzh/LocalFiles/Ansys_Project_Files/temp_train_TSV_RDL_112_1783457391_50928_SNP/temp_train_TSV_RDL_112_1783457391_50928.s2p
[train / TSV_RDL - Task 112] simulation completed: C:\ffzhzh\SyncFiles\Temp\HFSS_sim\LHS150_50_Connection2\train\TSV_RDL\dut112.s2p
PyAEDT INFO: Desktop has been released and closed.
[train / TSV_RDL - Task 116] simulation started.
PyAEDT INFO: Python version 3.11.15 | packaged by Anaconda, Inc. | (main, Mar 11 2026, 17:12:15) [MSC v.1942 64 bit (AMD64)].
PyAEDT INFO: PyAEDT version 1.0.1.
PyAEDT INFO: Initializing new Desktop session.
PyAEDT INFO: AEDT version 2026.1.
PyAEDT INFO: New AEDT session is starting on gRPC port 3249.
PyAEDT INFO: Starting new AEDT gRPC session on port 3249.
PyAEDT INFO: Launching AEDT server with gRPC transport mode: TransportMode.WNUA
PyAEDT INFO: Solving all design setups. Analysis started...
PyAEDT INFO: Design setup None solved correctly in 0.0h 8.0m 22.0s
PyAEDT INFO: Key Desktop/ActiveDSOConfigurations/HFSS correctly changed.
PyAEDT INFO: Exporting Touchstone C:/ffzhzh/LocalFiles/Ansys_Project_Files/temp_train_TSV_RDL_113_1783457708_34316_SNP/temp_train_TSV_RDL_113_1783457708_34316.s2p
PyAEDT INFO: Touchstone correctly exported to C:/ffzhzh/LocalFiles/Ansys_Project_Files/temp_train_TSV_RDL_113_1783457708_34316_SNP/temp_train_TSV_RDL_113_1783457708_34316.s2p
PyAEDT INFO: Electronics Desktop started on gRPC port 3249 after 6.9 seconds.
PyAEDT INFO: AEDT installation Path C:\Program Files\ANSYS Inc\v261\AnsysEM
PyAEDT INFO: Connected to AEDT gRPC session on port 3249.
PyAEDT INFO: Non-graphical mode detected. Disabling Desktop logs.
PyAEDT INFO: Parsing C:\ffzhzh\LocalFiles\Ansys_Project_Files\temp_train_TSV_RDL_116_1783458218_50928.aedt.
PyAEDT INFO: Python version 3.11.15 | packaged by Anaconda, Inc. | (main, Mar 11 2026, 17:12:15) [MSC v.1942 64 bit (AMD64)].
PyAEDT INFO: PyAEDT version 1.0.1.
PyAEDT INFO: Returning found Desktop session with PID 30656!
PyAEDT INFO: File C:\ffzhzh\LocalFiles\Ansys_Project_Files\temp_train_TSV_RDL_116_1783458218_50928.aedt correctly loaded. Elapsed time: 0m 0sec
PyAEDT INFO: Project temp_train_TSV_RDL_116_1783458218_50928 has been opened.
PyAEDT INFO: Active Design set to TSV_RDL
PyAEDT INFO: AEDT objects correctly read
PyAEDT INFO: Modeler class has been initialized! Elapsed time: 0m 0sec
PyAEDT INFO: Project temp_train_TSV_RDL_116_1783458218_50928 Saved correctly
PyAEDT INFO: Key Desktop/ActiveDSOConfigurations/HFSS correctly changed.
[train / TSV_RDL - Task 113] simulation completed: C:\ffzhzh\SyncFiles\Temp\HFSS_sim\LHS150_50_Connection2\train\TSV_RDL\dut113.s2p
PyAEDT INFO: Desktop has been released and closed.
[train / TSV_RDL - Task 117] simulation started.
PyAEDT INFO: Python version 3.11.15 | packaged by Anaconda, Inc. | (main, Mar 11 2026, 17:12:15) [MSC v.1942 64 bit (AMD64)].
PyAEDT INFO: PyAEDT version 1.0.1.
PyAEDT INFO: Initializing new Desktop session.
PyAEDT INFO: AEDT version 2026.1.
PyAEDT INFO: New AEDT session is starting on gRPC port 3626.
PyAEDT INFO: Starting new AEDT gRPC session on port 3626.
PyAEDT INFO: Launching AEDT server with gRPC transport mode: TransportMode.WNUA
PyAEDT INFO: Electronics Desktop started on gRPC port 3626 after 5.4 seconds.
PyAEDT INFO: AEDT installation Path C:\Program Files\ANSYS Inc\v261\AnsysEM
PyAEDT INFO: Connected to AEDT gRPC session on port 3626.
PyAEDT INFO: Non-graphical mode detected. Disabling Desktop logs.
PyAEDT INFO: Parsing C:\ffzhzh\LocalFiles\Ansys_Project_Files\temp_train_TSV_RDL_117_1783458234_34316.aedt.
PyAEDT INFO: Python version 3.11.15 | packaged by Anaconda, Inc. | (main, Mar 11 2026, 17:12:15) [MSC v.1942 64 bit (AMD64)].
PyAEDT INFO: PyAEDT version 1.0.1.
PyAEDT INFO: Returning found Desktop session with PID 26216!
PyAEDT INFO: File C:\ffzhzh\LocalFiles\Ansys_Project_Files\temp_train_TSV_RDL_117_1783458234_34316.aedt correctly loaded. Elapsed time: 0m 0sec
PyAEDT INFO: Project temp_train_TSV_RDL_117_1783458234_34316 has been opened.
PyAEDT INFO: Active Design set to TSV_RDL
PyAEDT INFO: AEDT objects correctly read
PyAEDT INFO: Modeler class has been initialized! Elapsed time: 0m 0sec
PyAEDT INFO: Project temp_train_TSV_RDL_117_1783458234_34316 Saved correctly
PyAEDT INFO: Key Desktop/ActiveDSOConfigurations/HFSS correctly changed.
PyAEDT INFO: Solving all design setups. Analysis started...
PyAEDT INFO: Design setup None solved correctly in 0.0h 11.0m 33.0s
PyAEDT INFO: Key Desktop/ActiveDSOConfigurations/HFSS correctly changed.
PyAEDT INFO: Exporting Touchstone C:/ffzhzh/LocalFiles/Ansys_Project_Files/temp_train_TSV_RDL_114_1783457869_41684_SNP/temp_train_TSV_RDL_114_1783457869_41684.s2p
PyAEDT INFO: Touchstone correctly exported to C:/ffzhzh/LocalFiles/Ansys_Project_Files/temp_train_TSV_RDL_114_1783457869_41684_SNP/temp_train_TSV_RDL_114_1783457869_41684.s2p
[train / TSV_RDL - Task 114] simulation completed: C:\ffzhzh\SyncFiles\Temp\HFSS_sim\LHS150_50_Connection2\train\TSV_RDL\dut114.s2p
PyAEDT INFO: Desktop has been released and closed.
[train / TSV_RDL - Task 118] simulation started.
PyAEDT INFO: Python version 3.11.15 | packaged by Anaconda, Inc. | (main, Mar 11 2026, 17:12:15) [MSC v.1942 64 bit (AMD64)].
PyAEDT INFO: PyAEDT version 1.0.1.
PyAEDT INFO: Initializing new Desktop session.
PyAEDT INFO: AEDT version 2026.1.
PyAEDT INFO: New AEDT session is starting on gRPC port 4632.
PyAEDT INFO: Starting new AEDT gRPC session on port 4632.
PyAEDT INFO: Launching AEDT server with gRPC transport mode: TransportMode.WNUA
PyAEDT INFO: Electronics Desktop started on gRPC port 4632 after 7.0 seconds.
PyAEDT INFO: AEDT installation Path C:\Program Files\ANSYS Inc\v261\AnsysEM
PyAEDT INFO: Connected to AEDT gRPC session on port 4632.
PyAEDT INFO: Non-graphical mode detected. Disabling Desktop logs.
PyAEDT INFO: Parsing C:\ffzhzh\LocalFiles\Ansys_Project_Files\temp_train_TSV_RDL_118_1783458586_41684.aedt.
PyAEDT INFO: Python version 3.11.15 | packaged by Anaconda, Inc. | (main, Mar 11 2026, 17:12:15) [MSC v.1942 64 bit (AMD64)].
PyAEDT INFO: PyAEDT version 1.0.1.
PyAEDT INFO: Returning found Desktop session with PID 54288!
PyAEDT INFO: File C:\ffzhzh\LocalFiles\Ansys_Project_Files\temp_train_TSV_RDL_118_1783458586_41684.aedt correctly loaded. Elapsed time: 0m 0sec
PyAEDT INFO: Project temp_train_TSV_RDL_118_1783458586_41684 has been opened.
PyAEDT INFO: Active Design set to TSV_RDL
PyAEDT INFO: AEDT objects correctly read
PyAEDT INFO: Modeler class has been initialized! Elapsed time: 0m 0sec
PyAEDT INFO: Project temp_train_TSV_RDL_118_1783458586_41684 Saved correctly
PyAEDT INFO: Key Desktop/ActiveDSOConfigurations/HFSS correctly changed.
PyAEDT INFO: Solving all design setups. Analysis started...
PyAEDT INFO: Design setup None solved correctly in 0.0h 13.0m 10.0s
PyAEDT INFO: Key Desktop/ActiveDSOConfigurations/HFSS correctly changed.
PyAEDT INFO: Exporting Touchstone C:/ffzhzh/LocalFiles/Ansys_Project_Files/temp_train_TSV_RDL_115_1783457898_28540_SNP/temp_train_TSV_RDL_115_1783457898_28540.s2p
PyAEDT INFO: Touchstone correctly exported to C:/ffzhzh/LocalFiles/Ansys_Project_Files/temp_train_TSV_RDL_115_1783457898_28540_SNP/temp_train_TSV_RDL_115_1783457898_28540.s2p
[train / TSV_RDL - Task 115] simulation completed: C:\ffzhzh\SyncFiles\Temp\HFSS_sim\LHS150_50_Connection2\train\TSV_RDL\dut115.s2p
PyAEDT INFO: Desktop has been released and closed.
[train / TSV_RDL - Task 119] simulation started.
PyAEDT INFO: Python version 3.11.15 | packaged by Anaconda, Inc. | (main, Mar 11 2026, 17:12:15) [MSC v.1942 64 bit (AMD64)].
PyAEDT INFO: PyAEDT version 1.0.1.
PyAEDT INFO: Initializing new Desktop session.
PyAEDT INFO: AEDT version 2026.1.
PyAEDT INFO: New AEDT session is starting on gRPC port 11177.
PyAEDT INFO: Starting new AEDT gRPC session on port 11177.
PyAEDT INFO: Launching AEDT server with gRPC transport mode: TransportMode.WNUA
PyAEDT INFO: Electronics Desktop started on gRPC port 11177 after 5.8 seconds.
PyAEDT INFO: AEDT installation Path C:\Program Files\ANSYS Inc\v261\AnsysEM
PyAEDT INFO: Connected to AEDT gRPC session on port 11177.
PyAEDT INFO: Non-graphical mode detected. Disabling Desktop logs.
PyAEDT INFO: Parsing C:\ffzhzh\LocalFiles\Ansys_Project_Files\temp_train_TSV_RDL_119_1783458708_28540.aedt.
PyAEDT INFO: Python version 3.11.15 | packaged by Anaconda, Inc. | (main, Mar 11 2026, 17:12:15) [MSC v.1942 64 bit (AMD64)].
PyAEDT INFO: PyAEDT version 1.0.1.
PyAEDT INFO: Returning found Desktop session with PID 53944!
PyAEDT INFO: File C:\ffzhzh\LocalFiles\Ansys_Project_Files\temp_train_TSV_RDL_119_1783458708_28540.aedt correctly loaded. Elapsed time: 0m 0sec
PyAEDT INFO: Project temp_train_TSV_RDL_119_1783458708_28540 has been opened.
PyAEDT INFO: Active Design set to TSV_RDL
PyAEDT INFO: AEDT objects correctly read
PyAEDT INFO: Modeler class has been initialized! Elapsed time: 0m 0sec
PyAEDT INFO: Project temp_train_TSV_RDL_119_1783458708_28540 Saved correctly
PyAEDT INFO: Key Desktop/ActiveDSOConfigurations/HFSS correctly changed.
PyAEDT INFO: Solving all design setups. Analysis started...
PyAEDT INFO: Design setup None solved correctly in 0.0h 10.0m 12.0s
PyAEDT INFO: Key Desktop/ActiveDSOConfigurations/HFSS correctly changed.
PyAEDT INFO: Exporting Touchstone C:/ffzhzh/LocalFiles/Ansys_Project_Files/temp_train_TSV_RDL_116_1783458218_50928_SNP/temp_train_TSV_RDL_116_1783458218_50928.s2p
PyAEDT INFO: Touchstone correctly exported to C:/ffzhzh/LocalFiles/Ansys_Project_Files/temp_train_TSV_RDL_116_1783458218_50928_SNP/temp_train_TSV_RDL_116_1783458218_50928.s2p
[train / TSV_RDL - Task 116] simulation completed: C:\ffzhzh\SyncFiles\Temp\HFSS_sim\LHS150_50_Connection2\train\TSV_RDL\dut116.s2p
PyAEDT INFO: Desktop has been released and closed.
[train / TSV_RDL - Task 120] simulation started.
PyAEDT INFO: Python version 3.11.15 | packaged by Anaconda, Inc. | (main, Mar 11 2026, 17:12:15) [MSC v.1942 64 bit (AMD64)].
PyAEDT INFO: PyAEDT version 1.0.1.
PyAEDT INFO: Initializing new Desktop session.
PyAEDT INFO: AEDT version 2026.1.
PyAEDT INFO: New AEDT session is starting on gRPC port 9152.
PyAEDT INFO: Starting new AEDT gRPC session on port 9152.
PyAEDT INFO: Launching AEDT server with gRPC transport mode: TransportMode.WNUA
PyAEDT INFO: Electronics Desktop started on gRPC port 9152 after 5.7 seconds.
PyAEDT INFO: AEDT installation Path C:\Program Files\ANSYS Inc\v261\AnsysEM
PyAEDT INFO: Connected to AEDT gRPC session on port 9152.
PyAEDT INFO: Non-graphical mode detected. Disabling Desktop logs.
PyAEDT INFO: Parsing C:\ffzhzh\LocalFiles\Ansys_Project_Files\temp_train_TSV_RDL_120_1783458855_50928.aedt.
PyAEDT INFO: Python version 3.11.15 | packaged by Anaconda, Inc. | (main, Mar 11 2026, 17:12:15) [MSC v.1942 64 bit (AMD64)].
PyAEDT INFO: PyAEDT version 1.0.1.
PyAEDT INFO: Returning found Desktop session with PID 18884!
PyAEDT INFO: File C:\ffzhzh\LocalFiles\Ansys_Project_Files\temp_train_TSV_RDL_120_1783458855_50928.aedt correctly loaded. Elapsed time: 0m 0sec
PyAEDT INFO: Project temp_train_TSV_RDL_120_1783458855_50928 has been opened.
PyAEDT INFO: Active Design set to TSV_RDL
PyAEDT INFO: AEDT objects correctly read
PyAEDT INFO: Modeler class has been initialized! Elapsed time: 0m 0sec
PyAEDT INFO: Project temp_train_TSV_RDL_120_1783458855_50928 Saved correctly
PyAEDT INFO: Key Desktop/ActiveDSOConfigurations/HFSS correctly changed.
PyAEDT INFO: Solving all design setups. Analysis started...
PyAEDT INFO: Design setup None solved correctly in 0.0h 10.0m 32.0s
PyAEDT INFO: Key Desktop/ActiveDSOConfigurations/HFSS correctly changed.
PyAEDT INFO: Exporting Touchstone C:/ffzhzh/LocalFiles/Ansys_Project_Files/temp_train_TSV_RDL_117_1783458234_34316_SNP/temp_train_TSV_RDL_117_1783458234_34316.s2p
PyAEDT INFO: Touchstone correctly exported to C:/ffzhzh/LocalFiles/Ansys_Project_Files/temp_train_TSV_RDL_117_1783458234_34316_SNP/temp_train_TSV_RDL_117_1783458234_34316.s2p
[train / TSV_RDL - Task 117] simulation completed: C:\ffzhzh\SyncFiles\Temp\HFSS_sim\LHS150_50_Connection2\train\TSV_RDL\dut117.s2p
PyAEDT INFO: Desktop has been released and closed.
[train / TSV_RDL - Task 121] simulation started.
PyAEDT INFO: Python version 3.11.15 | packaged by Anaconda, Inc. | (main, Mar 11 2026, 17:12:15) [MSC v.1942 64 bit (AMD64)].
PyAEDT INFO: PyAEDT version 1.0.1.
PyAEDT INFO: Initializing new Desktop session.
PyAEDT INFO: AEDT version 2026.1.
PyAEDT INFO: New AEDT session is starting on gRPC port 14252.
PyAEDT INFO: Starting new AEDT gRPC session on port 14252.
PyAEDT INFO: Launching AEDT server with gRPC transport mode: TransportMode.WNUA
PyAEDT INFO: Electronics Desktop started on gRPC port 14252 after 4.5 seconds.
PyAEDT INFO: AEDT installation Path C:\Program Files\ANSYS Inc\v261\AnsysEM
PyAEDT INFO: Connected to AEDT gRPC session on port 14252.
PyAEDT INFO: Non-graphical mode detected. Disabling Desktop logs.
PyAEDT INFO: Parsing C:\ffzhzh\LocalFiles\Ansys_Project_Files\temp_train_TSV_RDL_121_1783458889_34316.aedt.
PyAEDT INFO: Python version 3.11.15 | packaged by Anaconda, Inc. | (main, Mar 11 2026, 17:12:15) [MSC v.1942 64 bit (AMD64)].
PyAEDT INFO: PyAEDT version 1.0.1.
PyAEDT INFO: Returning found Desktop session with PID 11504!
PyAEDT INFO: File C:\ffzhzh\LocalFiles\Ansys_Project_Files\temp_train_TSV_RDL_121_1783458889_34316.aedt correctly loaded. Elapsed time: 0m 0sec
PyAEDT INFO: Project temp_train_TSV_RDL_121_1783458889_34316 has been opened.
PyAEDT INFO: Active Design set to TSV_RDL
PyAEDT INFO: AEDT objects correctly read
PyAEDT INFO: Modeler class has been initialized! Elapsed time: 0m 0sec
PyAEDT INFO: Project temp_train_TSV_RDL_121_1783458889_34316 Saved correctly
PyAEDT INFO: Key Desktop/ActiveDSOConfigurations/HFSS correctly changed.
PyAEDT INFO: Solving all design setups. Analysis started...
PyAEDT INFO: Design setup None solved correctly in 0.0h 10.0m 16.0s
PyAEDT INFO: Key Desktop/ActiveDSOConfigurations/HFSS correctly changed.
PyAEDT INFO: Exporting Touchstone C:/ffzhzh/LocalFiles/Ansys_Project_Files/temp_train_TSV_RDL_118_1783458586_41684_SNP/temp_train_TSV_RDL_118_1783458586_41684.s2p
PyAEDT INFO: Touchstone correctly exported to C:/ffzhzh/LocalFiles/Ansys_Project_Files/temp_train_TSV_RDL_118_1783458586_41684_SNP/temp_train_TSV_RDL_118_1783458586_41684.s2p
PyAEDT INFO: Solving all design setups. Analysis started...
PyAEDT INFO: Design setup None solved correctly in 0.0h 35.0m 38.0s
PyAEDT INFO: Key Desktop/ActiveDSOConfigurations/HFSS correctly changed.
PyAEDT INFO: Exporting Touchstone C:/ffzhzh/LocalFiles/Ansys_Project_Files/temp_train_TSV_RDL_109_1783457072_7600_SNP/temp_train_TSV_RDL_109_1783457072_7600.s2p
PyAEDT INFO: Touchstone correctly exported to C:/ffzhzh/LocalFiles/Ansys_Project_Files/temp_train_TSV_RDL_109_1783457072_7600_SNP/temp_train_TSV_RDL_109_1783457072_7600.s2p
[train / TSV_RDL - Task 118] simulation completed: C:\ffzhzh\SyncFiles\Temp\HFSS_sim\LHS150_50_Connection2\train\TSV_RDL\dut118.s2p
PyAEDT INFO: Desktop has been released and closed.
[train / TSV_RDL - Task 109] simulation completed: C:\ffzhzh\SyncFiles\Temp\HFSS_sim\LHS150_50_Connection2\train\TSV_RDL\dut109.s2p
PyAEDT INFO: Desktop has been released and closed.
[train / TSV_RDL - Task 122] simulation started.
PyAEDT INFO: Python version 3.11.15 | packaged by Anaconda, Inc. | (main, Mar 11 2026, 17:12:15) [MSC v.1942 64 bit (AMD64)].
PyAEDT INFO: PyAEDT version 1.0.1.
PyAEDT INFO: Initializing new Desktop session.
[train / TSV_RDL - Task 123] simulation started.
PyAEDT INFO: Python version 3.11.15 | packaged by Anaconda, Inc. | (main, Mar 11 2026, 17:12:15) [MSC v.1942 64 bit (AMD64)].
PyAEDT INFO: PyAEDT version 1.0.1.
PyAEDT INFO: Initializing new Desktop session.
PyAEDT INFO: AEDT version 2026.1.
PyAEDT INFO: AEDT version 2026.1.
PyAEDT INFO: New AEDT session is starting on gRPC port 2446.
PyAEDT INFO: New AEDT session is starting on gRPC port 2447.
PyAEDT INFO: Starting new AEDT gRPC session on port 2446.
PyAEDT INFO: Launching AEDT server with gRPC transport mode: TransportMode.WNUA
PyAEDT INFO: Starting new AEDT gRPC session on port 2447.
PyAEDT INFO: Launching AEDT server with gRPC transport mode: TransportMode.WNUA
PyAEDT INFO: Electronics Desktop started on gRPC port 2446 after 7.2 seconds.
PyAEDT INFO: Electronics Desktop started on gRPC port 2447 after 7.1 seconds.
PyAEDT INFO: AEDT installation Path C:\Program Files\ANSYS Inc\v261\AnsysEM
PyAEDT INFO: AEDT installation Path C:\Program Files\ANSYS Inc\v261\AnsysEM
PyAEDT INFO: Connected to AEDT gRPC session on port 2447.
PyAEDT INFO: Connected to AEDT gRPC session on port 2446.
PyAEDT INFO: Non-graphical mode detected. Disabling Desktop logs.
PyAEDT INFO: Non-graphical mode detected. Disabling Desktop logs.
PyAEDT INFO: Parsing C:\ffzhzh\LocalFiles\Ansys_Project_Files\temp_train_TSV_RDL_122_1783459226_41684.aedt.
PyAEDT INFO: Parsing C:\ffzhzh\LocalFiles\Ansys_Project_Files\temp_train_TSV_RDL_123_1783459226_7600.aedt.
PyAEDT INFO: Python version 3.11.15 | packaged by Anaconda, Inc. | (main, Mar 11 2026, 17:12:15) [MSC v.1942 64 bit (AMD64)].
PyAEDT INFO: Python version 3.11.15 | packaged by Anaconda, Inc. | (main, Mar 11 2026, 17:12:15) [MSC v.1942 64 bit (AMD64)].
PyAEDT INFO: PyAEDT version 1.0.1.
PyAEDT INFO: PyAEDT version 1.0.1.
PyAEDT INFO: Returning found Desktop session with PID 54772!
PyAEDT INFO: Returning found Desktop session with PID 29108!
PyAEDT INFO: File C:\ffzhzh\LocalFiles\Ansys_Project_Files\temp_train_TSV_RDL_122_1783459226_41684.aedt correctly loaded. Elapsed time: 0m 0sec
PyAEDT INFO: File C:\ffzhzh\LocalFiles\Ansys_Project_Files\temp_train_TSV_RDL_123_1783459226_7600.aedt correctly loaded. Elapsed time: 0m 0sec
PyAEDT INFO: Project temp_train_TSV_RDL_123_1783459226_7600 has been opened.
PyAEDT INFO: Project temp_train_TSV_RDL_122_1783459226_41684 has been opened.
PyAEDT INFO: Active Design set to TSV_RDL
PyAEDT INFO: Active Design set to TSV_RDL
PyAEDT INFO: AEDT objects correctly read
PyAEDT INFO: AEDT objects correctly read
PyAEDT INFO: Modeler class has been initialized! Elapsed time: 0m 0sec
PyAEDT INFO: Modeler class has been initialized! Elapsed time: 0m 0sec
PyAEDT INFO: Project temp_train_TSV_RDL_123_1783459226_7600 Saved correctly
PyAEDT INFO: Project temp_train_TSV_RDL_122_1783459226_41684 Saved correctly
PyAEDT INFO: Key Desktop/ActiveDSOConfigurations/HFSS correctly changed.
PyAEDT INFO: Key Desktop/ActiveDSOConfigurations/HFSS correctly changed.
PyAEDT INFO: Solving all design setups. Analysis started...
PyAEDT INFO: Design setup None solved correctly in 0.0h 8.0m 10.0s
PyAEDT INFO: Key Desktop/ActiveDSOConfigurations/HFSS correctly changed.
PyAEDT INFO: Exporting Touchstone C:/ffzhzh/LocalFiles/Ansys_Project_Files/temp_train_TSV_RDL_121_1783458889_34316_SNP/temp_train_TSV_RDL_121_1783458889_34316.s2p
PyAEDT INFO: Touchstone correctly exported to C:/ffzhzh/LocalFiles/Ansys_Project_Files/temp_train_TSV_RDL_121_1783458889_34316_SNP/temp_train_TSV_RDL_121_1783458889_34316.s2p
[train / TSV_RDL - Task 121] simulation completed: C:\ffzhzh\SyncFiles\Temp\HFSS_sim\LHS150_50_Connection2\train\TSV_RDL\dut121.s2p
PyAEDT INFO: Desktop has been released and closed.
[train / TSV_RDL - Task 124] simulation started.
PyAEDT INFO: Python version 3.11.15 | packaged by Anaconda, Inc. | (main, Mar 11 2026, 17:12:15) [MSC v.1942 64 bit (AMD64)].
PyAEDT INFO: PyAEDT version 1.0.1.
PyAEDT INFO: Initializing new Desktop session.
PyAEDT INFO: AEDT version 2026.1.
PyAEDT INFO: New AEDT session is starting on gRPC port 5199.
PyAEDT INFO: Starting new AEDT gRPC session on port 5199.
PyAEDT INFO: Launching AEDT server with gRPC transport mode: TransportMode.WNUA
PyAEDT INFO: Electronics Desktop started on gRPC port 5199 after 5.8 seconds.
PyAEDT INFO: AEDT installation Path C:\Program Files\ANSYS Inc\v261\AnsysEM
PyAEDT INFO: Connected to AEDT gRPC session on port 5199.
PyAEDT INFO: Non-graphical mode detected. Disabling Desktop logs.
PyAEDT INFO: Parsing C:\ffzhzh\LocalFiles\Ansys_Project_Files\temp_train_TSV_RDL_124_1783459393_34316.aedt.
PyAEDT INFO: Python version 3.11.15 | packaged by Anaconda, Inc. | (main, Mar 11 2026, 17:12:15) [MSC v.1942 64 bit (AMD64)].
PyAEDT INFO: PyAEDT version 1.0.1.
PyAEDT INFO: Returning found Desktop session with PID 34072!
PyAEDT INFO: File C:\ffzhzh\LocalFiles\Ansys_Project_Files\temp_train_TSV_RDL_124_1783459393_34316.aedt correctly loaded. Elapsed time: 0m 0sec
PyAEDT INFO: Project temp_train_TSV_RDL_124_1783459393_34316 has been opened.
PyAEDT INFO: Active Design set to TSV_RDL
PyAEDT INFO: AEDT objects correctly read
PyAEDT INFO: Modeler class has been initialized! Elapsed time: 0m 0sec
PyAEDT INFO: Project temp_train_TSV_RDL_124_1783459393_34316 Saved correctly
PyAEDT INFO: Key Desktop/ActiveDSOConfigurations/HFSS correctly changed.
PyAEDT INFO: Solving all design setups. Analysis started...
PyAEDT INFO: Design setup None solved correctly in 0.0h 15.0m 43.0s
PyAEDT INFO: Key Desktop/ActiveDSOConfigurations/HFSS correctly changed.
PyAEDT INFO: Exporting Touchstone C:/ffzhzh/LocalFiles/Ansys_Project_Files/temp_train_TSV_RDL_119_1783458708_28540_SNP/temp_train_TSV_RDL_119_1783458708_28540.s2p
PyAEDT INFO: Touchstone correctly exported to C:/ffzhzh/LocalFiles/Ansys_Project_Files/temp_train_TSV_RDL_119_1783458708_28540_SNP/temp_train_TSV_RDL_119_1783458708_28540.s2p
[train / TSV_RDL - Task 119] simulation completed: C:\ffzhzh\SyncFiles\Temp\HFSS_sim\LHS150_50_Connection2\train\TSV_RDL\dut119.s2p
PyAEDT INFO: Desktop has been released and closed.
[train / TSV_RDL - Task 125] simulation started.
PyAEDT INFO: Python version 3.11.15 | packaged by Anaconda, Inc. | (main, Mar 11 2026, 17:12:15) [MSC v.1942 64 bit (AMD64)].
PyAEDT INFO: PyAEDT version 1.0.1.
PyAEDT INFO: Initializing new Desktop session.
PyAEDT INFO: AEDT version 2026.1.
PyAEDT INFO: New AEDT session is starting on gRPC port 9920.
PyAEDT INFO: Starting new AEDT gRPC session on port 9920.
PyAEDT INFO: Launching AEDT server with gRPC transport mode: TransportMode.WNUA
PyAEDT INFO: Electronics Desktop started on gRPC port 9920 after 7.7 seconds.
PyAEDT INFO: AEDT installation Path C:\Program Files\ANSYS Inc\v261\AnsysEM
PyAEDT INFO: Connected to AEDT gRPC session on port 9920.
PyAEDT INFO: Non-graphical mode detected. Disabling Desktop logs.
PyAEDT INFO: Parsing C:\ffzhzh\LocalFiles\Ansys_Project_Files\temp_train_TSV_RDL_125_1783459676_28540.aedt.
PyAEDT INFO: Python version 3.11.15 | packaged by Anaconda, Inc. | (main, Mar 11 2026, 17:12:15) [MSC v.1942 64 bit (AMD64)].
PyAEDT INFO: PyAEDT version 1.0.1.
PyAEDT INFO: Returning found Desktop session with PID 58348!
PyAEDT INFO: File C:\ffzhzh\LocalFiles\Ansys_Project_Files\temp_train_TSV_RDL_125_1783459676_28540.aedt correctly loaded. Elapsed time: 0m 0sec
PyAEDT INFO: Project temp_train_TSV_RDL_125_1783459676_28540 has been opened.
PyAEDT INFO: Active Design set to TSV_RDL
PyAEDT INFO: AEDT objects correctly read
PyAEDT INFO: Modeler class has been initialized! Elapsed time: 0m 0sec
PyAEDT INFO: Project temp_train_TSV_RDL_125_1783459676_28540 Saved correctly
PyAEDT INFO: Key Desktop/ActiveDSOConfigurations/HFSS correctly changed.
PyAEDT INFO: Solving all design setups. Analysis started...
PyAEDT INFO: Design setup None solved correctly in 0.0h 11.0m 55.0s
PyAEDT INFO: Key Desktop/ActiveDSOConfigurations/HFSS correctly changed.
PyAEDT INFO: Exporting Touchstone C:/ffzhzh/LocalFiles/Ansys_Project_Files/temp_train_TSV_RDL_123_1783459226_7600_SNP/temp_train_TSV_RDL_123_1783459226_7600.s2p
PyAEDT INFO: Touchstone correctly exported to C:/ffzhzh/LocalFiles/Ansys_Project_Files/temp_train_TSV_RDL_123_1783459226_7600_SNP/temp_train_TSV_RDL_123_1783459226_7600.s2p
[train / TSV_RDL - Task 123] simulation completed: C:\ffzhzh\SyncFiles\Temp\HFSS_sim\LHS150_50_Connection2\train\TSV_RDL\dut123.s2p
PyAEDT INFO: Desktop has been released and closed.
[train / TSV_RDL - Task 126] simulation started.
PyAEDT INFO: Python version 3.11.15 | packaged by Anaconda, Inc. | (main, Mar 11 2026, 17:12:15) [MSC v.1942 64 bit (AMD64)].
PyAEDT INFO: PyAEDT version 1.0.1.
PyAEDT INFO: Initializing new Desktop session.
PyAEDT INFO: AEDT version 2026.1.
PyAEDT INFO: New AEDT session is starting on gRPC port 8367.
PyAEDT INFO: Starting new AEDT gRPC session on port 8367.
PyAEDT INFO: Launching AEDT server with gRPC transport mode: TransportMode.WNUA
PyAEDT INFO: Electronics Desktop started on gRPC port 8367 after 6.0 seconds.
PyAEDT INFO: AEDT installation Path C:\Program Files\ANSYS Inc\v261\AnsysEM
PyAEDT INFO: Connected to AEDT gRPC session on port 8367.
PyAEDT INFO: Non-graphical mode detected. Disabling Desktop logs.
PyAEDT INFO: Parsing C:\ffzhzh\LocalFiles\Ansys_Project_Files\temp_train_TSV_RDL_126_1783459966_7600.aedt.
PyAEDT INFO: Python version 3.11.15 | packaged by Anaconda, Inc. | (main, Mar 11 2026, 17:12:15) [MSC v.1942 64 bit (AMD64)].
PyAEDT INFO: PyAEDT version 1.0.1.
PyAEDT INFO: Returning found Desktop session with PID 39020!
PyAEDT INFO: File C:\ffzhzh\LocalFiles\Ansys_Project_Files\temp_train_TSV_RDL_126_1783459966_7600.aedt correctly loaded. Elapsed time: 0m 0sec
PyAEDT INFO: Project temp_train_TSV_RDL_126_1783459966_7600 has been opened.
PyAEDT INFO: Active Design set to TSV_RDL
PyAEDT INFO: AEDT objects correctly read
PyAEDT INFO: Modeler class has been initialized! Elapsed time: 0m 0sec
PyAEDT INFO: Project temp_train_TSV_RDL_126_1783459966_7600 Saved correctly
PyAEDT INFO: Key Desktop/ActiveDSOConfigurations/HFSS correctly changed.
PyAEDT INFO: Solving all design setups. Analysis started...
PyAEDT INFO: Design setup None solved correctly in 0.0h 10.0m 58.0s
PyAEDT INFO: Key Desktop/ActiveDSOConfigurations/HFSS correctly changed.
PyAEDT INFO: Exporting Touchstone C:/ffzhzh/LocalFiles/Ansys_Project_Files/temp_train_TSV_RDL_124_1783459393_34316_SNP/temp_train_TSV_RDL_124_1783459393_34316.s2p
PyAEDT INFO: Touchstone correctly exported to C:/ffzhzh/LocalFiles/Ansys_Project_Files/temp_train_TSV_RDL_124_1783459393_34316_SNP/temp_train_TSV_RDL_124_1783459393_34316.s2p
[train / TSV_RDL - Task 124] simulation completed: C:\ffzhzh\SyncFiles\Temp\HFSS_sim\LHS150_50_Connection2\train\TSV_RDL\dut124.s2p
PyAEDT INFO: Desktop has been released and closed.
[train / TSV_RDL - Task 127] simulation started.
PyAEDT INFO: Python version 3.11.15 | packaged by Anaconda, Inc. | (main, Mar 11 2026, 17:12:15) [MSC v.1942 64 bit (AMD64)].
PyAEDT INFO: PyAEDT version 1.0.1.
PyAEDT INFO: Initializing new Desktop session.
PyAEDT INFO: AEDT version 2026.1.
PyAEDT INFO: New AEDT session is starting on gRPC port 13830.
PyAEDT INFO: Starting new AEDT gRPC session on port 13830.
PyAEDT INFO: Launching AEDT server with gRPC transport mode: TransportMode.WNUA
PyAEDT INFO: Electronics Desktop started on gRPC port 13830 after 6.1 seconds.
PyAEDT INFO: AEDT installation Path C:\Program Files\ANSYS Inc\v261\AnsysEM
PyAEDT INFO: Connected to AEDT gRPC session on port 13830.
PyAEDT INFO: Non-graphical mode detected. Disabling Desktop logs.
PyAEDT INFO: Parsing C:\ffzhzh\LocalFiles\Ansys_Project_Files\temp_train_TSV_RDL_127_1783460075_34316.aedt.
PyAEDT INFO: Python version 3.11.15 | packaged by Anaconda, Inc. | (main, Mar 11 2026, 17:12:15) [MSC v.1942 64 bit (AMD64)].
PyAEDT INFO: PyAEDT version 1.0.1.
PyAEDT INFO: Returning found Desktop session with PID 3032!
PyAEDT INFO: File C:\ffzhzh\LocalFiles\Ansys_Project_Files\temp_train_TSV_RDL_127_1783460075_34316.aedt correctly loaded. Elapsed time: 0m 0sec
PyAEDT INFO: Project temp_train_TSV_RDL_127_1783460075_34316 has been opened.
PyAEDT INFO: Active Design set to TSV_RDL
PyAEDT INFO: AEDT objects correctly read
PyAEDT INFO: Modeler class has been initialized! Elapsed time: 0m 0sec
PyAEDT INFO: Project temp_train_TSV_RDL_127_1783460075_34316 Saved correctly
PyAEDT INFO: Key Desktop/ActiveDSOConfigurations/HFSS correctly changed.
PyAEDT INFO: Solving all design setups. Analysis started...
PyAEDT INFO: Design setup None solved correctly in 0.0h 16.0m 40.0s
PyAEDT INFO: Key Desktop/ActiveDSOConfigurations/HFSS correctly changed.
PyAEDT INFO: Exporting Touchstone C:/ffzhzh/LocalFiles/Ansys_Project_Files/temp_train_TSV_RDL_122_1783459226_41684_SNP/temp_train_TSV_RDL_122_1783459226_41684.s2p
PyAEDT INFO: Touchstone correctly exported to C:/ffzhzh/LocalFiles/Ansys_Project_Files/temp_train_TSV_RDL_122_1783459226_41684_SNP/temp_train_TSV_RDL_122_1783459226_41684.s2p
[train / TSV_RDL - Task 122] simulation completed: C:\ffzhzh\SyncFiles\Temp\HFSS_sim\LHS150_50_Connection2\train\TSV_RDL\dut122.s2p
PyAEDT INFO: Desktop has been released and closed.
[train / TSV_RDL - Task 128] simulation started.
PyAEDT INFO: Python version 3.11.15 | packaged by Anaconda, Inc. | (main, Mar 11 2026, 17:12:15) [MSC v.1942 64 bit (AMD64)].
PyAEDT INFO: PyAEDT version 1.0.1.
PyAEDT INFO: Initializing new Desktop session.
PyAEDT INFO: AEDT version 2026.1.
PyAEDT INFO: New AEDT session is starting on gRPC port 12708.
PyAEDT INFO: Starting new AEDT gRPC session on port 12708.
PyAEDT INFO: Launching AEDT server with gRPC transport mode: TransportMode.WNUA
PyAEDT INFO: Electronics Desktop started on gRPC port 12708 after 5.7 seconds.
PyAEDT INFO: AEDT installation Path C:\Program Files\ANSYS Inc\v261\AnsysEM
PyAEDT INFO: Connected to AEDT gRPC session on port 12708.
PyAEDT INFO: Non-graphical mode detected. Disabling Desktop logs.
PyAEDT INFO: Parsing C:\ffzhzh\LocalFiles\Ansys_Project_Files\temp_train_TSV_RDL_128_1783460252_41684.aedt.
PyAEDT INFO: Python version 3.11.15 | packaged by Anaconda, Inc. | (main, Mar 11 2026, 17:12:15) [MSC v.1942 64 bit (AMD64)].
PyAEDT INFO: PyAEDT version 1.0.1.
PyAEDT INFO: Returning found Desktop session with PID 34436!
PyAEDT INFO: File C:\ffzhzh\LocalFiles\Ansys_Project_Files\temp_train_TSV_RDL_128_1783460252_41684.aedt correctly loaded. Elapsed time: 0m 0sec
PyAEDT INFO: Project temp_train_TSV_RDL_128_1783460252_41684 has been opened.
PyAEDT INFO: Active Design set to TSV_RDL
PyAEDT INFO: AEDT objects correctly read
PyAEDT INFO: Modeler class has been initialized! Elapsed time: 0m 0sec
PyAEDT INFO: Project temp_train_TSV_RDL_128_1783460252_41684 Saved correctly
PyAEDT INFO: Key Desktop/ActiveDSOConfigurations/HFSS correctly changed.
PyAEDT INFO: Solving all design setups. Analysis started...
PyAEDT INFO: Design setup None solved correctly in 0.0h 26.0m 21.0s
PyAEDT INFO: Key Desktop/ActiveDSOConfigurations/HFSS correctly changed.
PyAEDT INFO: Exporting Touchstone C:/ffzhzh/LocalFiles/Ansys_Project_Files/temp_train_TSV_RDL_120_1783458855_50928_SNP/temp_train_TSV_RDL_120_1783458855_50928.s2p
PyAEDT INFO: Touchstone correctly exported to C:/ffzhzh/LocalFiles/Ansys_Project_Files/temp_train_TSV_RDL_120_1783458855_50928_SNP/temp_train_TSV_RDL_120_1783458855_50928.s2p
[train / TSV_RDL - Task 120] simulation completed: C:\ffzhzh\SyncFiles\Temp\HFSS_sim\LHS150_50_Connection2\train\TSV_RDL\dut120.s2p
PyAEDT INFO: Desktop has been released and closed.
[train / TSV_RDL - Task 129] simulation started.
PyAEDT INFO: Python version 3.11.15 | packaged by Anaconda, Inc. | (main, Mar 11 2026, 17:12:15) [MSC v.1942 64 bit (AMD64)].
PyAEDT INFO: PyAEDT version 1.0.1.
PyAEDT INFO: Initializing new Desktop session.
PyAEDT INFO: AEDT version 2026.1.
PyAEDT INFO: New AEDT session is starting on gRPC port 11900.
PyAEDT INFO: Starting new AEDT gRPC session on port 11900.
PyAEDT INFO: Launching AEDT server with gRPC transport mode: TransportMode.WNUA
PyAEDT INFO: Electronics Desktop started on gRPC port 11900 after 6.1 seconds.
PyAEDT INFO: AEDT installation Path C:\Program Files\ANSYS Inc\v261\AnsysEM
PyAEDT INFO: Connected to AEDT gRPC session on port 11900.
PyAEDT INFO: Non-graphical mode detected. Disabling Desktop logs.
PyAEDT INFO: Parsing C:\ffzhzh\LocalFiles\Ansys_Project_Files\temp_train_TSV_RDL_129_1783460462_50928.aedt.
PyAEDT INFO: Python version 3.11.15 | packaged by Anaconda, Inc. | (main, Mar 11 2026, 17:12:15) [MSC v.1942 64 bit (AMD64)].
PyAEDT INFO: PyAEDT version 1.0.1.
PyAEDT INFO: Returning found Desktop session with PID 48240!
PyAEDT INFO: File C:\ffzhzh\LocalFiles\Ansys_Project_Files\temp_train_TSV_RDL_129_1783460462_50928.aedt correctly loaded. Elapsed time: 0m 0sec
PyAEDT INFO: Project temp_train_TSV_RDL_129_1783460462_50928 has been opened.
PyAEDT INFO: Active Design set to TSV_RDL
PyAEDT INFO: AEDT objects correctly read
PyAEDT INFO: Modeler class has been initialized! Elapsed time: 0m 0sec
PyAEDT INFO: Project temp_train_TSV_RDL_129_1783460462_50928 Saved correctly
PyAEDT INFO: Key Desktop/ActiveDSOConfigurations/HFSS correctly changed.
PyAEDT INFO: Solving all design setups. Analysis started...
PyAEDT INFO: Design setup None solved correctly in 0.0h 13.0m 59.0s
PyAEDT INFO: Key Desktop/ActiveDSOConfigurations/HFSS correctly changed.
PyAEDT INFO: Exporting Touchstone C:/ffzhzh/LocalFiles/Ansys_Project_Files/temp_train_TSV_RDL_125_1783459676_28540_SNP/temp_train_TSV_RDL_125_1783459676_28540.s2p
PyAEDT INFO: Touchstone correctly exported to C:/ffzhzh/LocalFiles/Ansys_Project_Files/temp_train_TSV_RDL_125_1783459676_28540_SNP/temp_train_TSV_RDL_125_1783459676_28540.s2p
[train / TSV_RDL - Task 125] simulation completed: C:\ffzhzh\SyncFiles\Temp\HFSS_sim\LHS150_50_Connection2\train\TSV_RDL\dut125.s2p
PyAEDT INFO: Desktop has been released and closed.
[train / TSV_RDL - Task 130] simulation started.
PyAEDT INFO: Python version 3.11.15 | packaged by Anaconda, Inc. | (main, Mar 11 2026, 17:12:15) [MSC v.1942 64 bit (AMD64)].
PyAEDT INFO: PyAEDT version 1.0.1.
PyAEDT INFO: Initializing new Desktop session.
PyAEDT INFO: AEDT version 2026.1.
PyAEDT INFO: New AEDT session is starting on gRPC port 7168.
PyAEDT INFO: Starting new AEDT gRPC session on port 7168.
PyAEDT INFO: Launching AEDT server with gRPC transport mode: TransportMode.WNUA
PyAEDT INFO: Electronics Desktop started on gRPC port 7168 after 5.7 seconds.
PyAEDT INFO: AEDT installation Path C:\Program Files\ANSYS Inc\v261\AnsysEM
PyAEDT INFO: Connected to AEDT gRPC session on port 7168.
PyAEDT INFO: Non-graphical mode detected. Disabling Desktop logs.
PyAEDT INFO: Parsing C:\ffzhzh\LocalFiles\Ansys_Project_Files\temp_train_TSV_RDL_130_1783460532_28540.aedt.
PyAEDT INFO: Python version 3.11.15 | packaged by Anaconda, Inc. | (main, Mar 11 2026, 17:12:15) [MSC v.1942 64 bit (AMD64)].
PyAEDT INFO: PyAEDT version 1.0.1.
PyAEDT INFO: Returning found Desktop session with PID 2704!
PyAEDT INFO: File C:\ffzhzh\LocalFiles\Ansys_Project_Files\temp_train_TSV_RDL_130_1783460532_28540.aedt correctly loaded. Elapsed time: 0m 0sec
PyAEDT INFO: Project temp_train_TSV_RDL_130_1783460532_28540 has been opened.
PyAEDT INFO: Active Design set to TSV_RDL
PyAEDT INFO: AEDT objects correctly read
PyAEDT INFO: Modeler class has been initialized! Elapsed time: 0m 0sec
PyAEDT INFO: Project temp_train_TSV_RDL_130_1783460532_28540 Saved correctly
PyAEDT INFO: Key Desktop/ActiveDSOConfigurations/HFSS correctly changed.
PyAEDT INFO: Solving all design setups. Analysis started...
PyAEDT INFO: Design setup None solved correctly in 0.0h 10.0m 54.0s
PyAEDT INFO: Key Desktop/ActiveDSOConfigurations/HFSS correctly changed.
PyAEDT INFO: Exporting Touchstone C:/ffzhzh/LocalFiles/Ansys_Project_Files/temp_train_TSV_RDL_126_1783459966_7600_SNP/temp_train_TSV_RDL_126_1783459966_7600.s2p
PyAEDT INFO: Touchstone correctly exported to C:/ffzhzh/LocalFiles/Ansys_Project_Files/temp_train_TSV_RDL_126_1783459966_7600_SNP/temp_train_TSV_RDL_126_1783459966_7600.s2p
[train / TSV_RDL - Task 126] simulation completed: C:\ffzhzh\SyncFiles\Temp\HFSS_sim\LHS150_50_Connection2\train\TSV_RDL\dut126.s2p
PyAEDT INFO: Desktop has been released and closed.
[train / TSV_RDL - Task 131] simulation started.
PyAEDT INFO: Python version 3.11.15 | packaged by Anaconda, Inc. | (main, Mar 11 2026, 17:12:15) [MSC v.1942 64 bit (AMD64)].
PyAEDT INFO: PyAEDT version 1.0.1.
PyAEDT INFO: Initializing new Desktop session.
PyAEDT INFO: AEDT version 2026.1.
PyAEDT INFO: New AEDT session is starting on gRPC port 6936.
PyAEDT INFO: Starting new AEDT gRPC session on port 6936.
PyAEDT INFO: Launching AEDT server with gRPC transport mode: TransportMode.WNUA
PyAEDT INFO: Electronics Desktop started on gRPC port 6936 after 5.5 seconds.
PyAEDT INFO: AEDT installation Path C:\Program Files\ANSYS Inc\v261\AnsysEM
PyAEDT INFO: Connected to AEDT gRPC session on port 6936.
PyAEDT INFO: Non-graphical mode detected. Disabling Desktop logs.
PyAEDT INFO: Parsing C:\ffzhzh\LocalFiles\Ansys_Project_Files\temp_train_TSV_RDL_131_1783460636_7600.aedt.
PyAEDT INFO: Python version 3.11.15 | packaged by Anaconda, Inc. | (main, Mar 11 2026, 17:12:15) [MSC v.1942 64 bit (AMD64)].
PyAEDT INFO: PyAEDT version 1.0.1.
PyAEDT INFO: Returning found Desktop session with PID 31176!
PyAEDT INFO: File C:\ffzhzh\LocalFiles\Ansys_Project_Files\temp_train_TSV_RDL_131_1783460636_7600.aedt correctly loaded. Elapsed time: 0m 0sec
PyAEDT INFO: Project temp_train_TSV_RDL_131_1783460636_7600 has been opened.
PyAEDT INFO: Active Design set to TSV_RDL
PyAEDT INFO: AEDT objects correctly read
PyAEDT INFO: Modeler class has been initialized! Elapsed time: 0m 0sec
PyAEDT INFO: Project temp_train_TSV_RDL_131_1783460636_7600 Saved correctly
PyAEDT INFO: Key Desktop/ActiveDSOConfigurations/HFSS correctly changed.
PyAEDT INFO: Solving all design setups. Analysis started...
PyAEDT INFO: Design setup None solved correctly in 0.0h 10.0m 30.0s
PyAEDT INFO: Key Desktop/ActiveDSOConfigurations/HFSS correctly changed.
PyAEDT INFO: Exporting Touchstone C:/ffzhzh/LocalFiles/Ansys_Project_Files/temp_train_TSV_RDL_127_1783460075_34316_SNP/temp_train_TSV_RDL_127_1783460075_34316.s2p
PyAEDT INFO: Touchstone correctly exported to C:/ffzhzh/LocalFiles/Ansys_Project_Files/temp_train_TSV_RDL_127_1783460075_34316_SNP/temp_train_TSV_RDL_127_1783460075_34316.s2p
[train / TSV_RDL - Task 127] simulation completed: C:\ffzhzh\SyncFiles\Temp\HFSS_sim\LHS150_50_Connection2\train\TSV_RDL\dut127.s2p
PyAEDT INFO: Desktop has been released and closed.
[train / TSV_RDL - Task 132] simulation started.
PyAEDT INFO: Python version 3.11.15 | packaged by Anaconda, Inc. | (main, Mar 11 2026, 17:12:15) [MSC v.1942 64 bit (AMD64)].
PyAEDT INFO: PyAEDT version 1.0.1.
PyAEDT INFO: Initializing new Desktop session.
PyAEDT INFO: AEDT version 2026.1.
PyAEDT INFO: New AEDT session is starting on gRPC port 1806.
PyAEDT INFO: Starting new AEDT gRPC session on port 1806.
PyAEDT INFO: Launching AEDT server with gRPC transport mode: TransportMode.WNUA
PyAEDT INFO: Electronics Desktop started on gRPC port 1806 after 6.0 seconds.
PyAEDT INFO: AEDT installation Path C:\Program Files\ANSYS Inc\v261\AnsysEM
PyAEDT INFO: Connected to AEDT gRPC session on port 1806.
PyAEDT INFO: Non-graphical mode detected. Disabling Desktop logs.
PyAEDT INFO: Parsing C:\ffzhzh\LocalFiles\Ansys_Project_Files\temp_train_TSV_RDL_132_1783460721_34316.aedt.
PyAEDT INFO: Python version 3.11.15 | packaged by Anaconda, Inc. | (main, Mar 11 2026, 17:12:15) [MSC v.1942 64 bit (AMD64)].
PyAEDT INFO: PyAEDT version 1.0.1.
PyAEDT INFO: Returning found Desktop session with PID 29088!
PyAEDT INFO: File C:\ffzhzh\LocalFiles\Ansys_Project_Files\temp_train_TSV_RDL_132_1783460721_34316.aedt correctly loaded. Elapsed time: 0m 0sec
PyAEDT INFO: Project temp_train_TSV_RDL_132_1783460721_34316 has been opened.
PyAEDT INFO: Active Design set to TSV_RDL
PyAEDT INFO: AEDT objects correctly read
PyAEDT INFO: Modeler class has been initialized! Elapsed time: 0m 0sec
PyAEDT INFO: Project temp_train_TSV_RDL_132_1783460721_34316 Saved correctly
PyAEDT INFO: Key Desktop/ActiveDSOConfigurations/HFSS correctly changed.
PyAEDT INFO: Solving all design setups. Analysis started...
PyAEDT INFO: Design setup None solved correctly in 0.0h 11.0m 2.0s
PyAEDT INFO: Key Desktop/ActiveDSOConfigurations/HFSS correctly changed.
PyAEDT INFO: Exporting Touchstone C:/ffzhzh/LocalFiles/Ansys_Project_Files/temp_train_TSV_RDL_130_1783460532_28540_SNP/temp_train_TSV_RDL_130_1783460532_28540.s2p
PyAEDT INFO: Touchstone correctly exported to C:/ffzhzh/LocalFiles/Ansys_Project_Files/temp_train_TSV_RDL_130_1783460532_28540_SNP/temp_train_TSV_RDL_130_1783460532_28540.s2p
[train / TSV_RDL - Task 130] simulation completed: C:\ffzhzh\SyncFiles\Temp\HFSS_sim\LHS150_50_Connection2\train\TSV_RDL\dut130.s2p
PyAEDT INFO: Desktop has been released and closed.
[train / TSV_RDL - Task 133] simulation started.
PyAEDT INFO: Python version 3.11.15 | packaged by Anaconda, Inc. | (main, Mar 11 2026, 17:12:15) [MSC v.1942 64 bit (AMD64)].
PyAEDT INFO: PyAEDT version 1.0.1.
PyAEDT INFO: Initializing new Desktop session.
PyAEDT INFO: AEDT version 2026.1.
PyAEDT INFO: New AEDT session is starting on gRPC port 5197.
PyAEDT INFO: Starting new AEDT gRPC session on port 5197.
PyAEDT INFO: Launching AEDT server with gRPC transport mode: TransportMode.WNUA
PyAEDT INFO: Solving all design setups. Analysis started...
PyAEDT INFO: Design setup None solved correctly in 0.0h 8.0m 10.0s
PyAEDT INFO: Key Desktop/ActiveDSOConfigurations/HFSS correctly changed.
PyAEDT INFO: Exporting Touchstone C:/ffzhzh/LocalFiles/Ansys_Project_Files/temp_train_TSV_RDL_132_1783460721_34316_SNP/temp_train_TSV_RDL_132_1783460721_34316.s2p
PyAEDT INFO: Touchstone correctly exported to C:/ffzhzh/LocalFiles/Ansys_Project_Files/temp_train_TSV_RDL_132_1783460721_34316_SNP/temp_train_TSV_RDL_132_1783460721_34316.s2p
PyAEDT INFO: Electronics Desktop started on gRPC port 5197 after 7.2 seconds.
PyAEDT INFO: AEDT installation Path C:\Program Files\ANSYS Inc\v261\AnsysEM
PyAEDT INFO: Connected to AEDT gRPC session on port 5197.
PyAEDT INFO: Non-graphical mode detected. Disabling Desktop logs.
PyAEDT INFO: Parsing C:\ffzhzh\LocalFiles\Ansys_Project_Files\temp_train_TSV_RDL_133_1783461218_28540.aedt.
PyAEDT INFO: Python version 3.11.15 | packaged by Anaconda, Inc. | (main, Mar 11 2026, 17:12:15) [MSC v.1942 64 bit (AMD64)].
PyAEDT INFO: PyAEDT version 1.0.1.
PyAEDT INFO: Returning found Desktop session with PID 55452!
PyAEDT INFO: File C:\ffzhzh\LocalFiles\Ansys_Project_Files\temp_train_TSV_RDL_133_1783461218_28540.aedt correctly loaded. Elapsed time: 0m 0sec
PyAEDT INFO: Project temp_train_TSV_RDL_133_1783461218_28540 has been opened.
PyAEDT INFO: Active Design set to TSV_RDL
PyAEDT INFO: AEDT objects correctly read
PyAEDT INFO: Modeler class has been initialized! Elapsed time: 0m 0sec
PyAEDT INFO: Project temp_train_TSV_RDL_133_1783461218_28540 Saved correctly
PyAEDT INFO: Key Desktop/ActiveDSOConfigurations/HFSS correctly changed.
[train / TSV_RDL - Task 132] simulation completed: C:\ffzhzh\SyncFiles\Temp\HFSS_sim\LHS150_50_Connection2\train\TSV_RDL\dut132.s2p
PyAEDT INFO: Desktop has been released and closed.
[train / TSV_RDL - Task 134] simulation started.
PyAEDT INFO: Python version 3.11.15 | packaged by Anaconda, Inc. | (main, Mar 11 2026, 17:12:15) [MSC v.1942 64 bit (AMD64)].
PyAEDT INFO: PyAEDT version 1.0.1.
PyAEDT INFO: Initializing new Desktop session.
PyAEDT INFO: AEDT version 2026.1.
PyAEDT INFO: New AEDT session is starting on gRPC port 8636.
PyAEDT INFO: Starting new AEDT gRPC session on port 8636.
PyAEDT INFO: Launching AEDT server with gRPC transport mode: TransportMode.WNUA
PyAEDT INFO: Solving all design setups. Analysis started...
PyAEDT INFO: Design setup None solved correctly in 0.0h 9.0m 53.0s
PyAEDT INFO: Key Desktop/ActiveDSOConfigurations/HFSS correctly changed.
PyAEDT INFO: Exporting Touchstone C:/ffzhzh/LocalFiles/Ansys_Project_Files/temp_train_TSV_RDL_131_1783460636_7600_SNP/temp_train_TSV_RDL_131_1783460636_7600.s2p
PyAEDT INFO: Touchstone correctly exported to C:/ffzhzh/LocalFiles/Ansys_Project_Files/temp_train_TSV_RDL_131_1783460636_7600_SNP/temp_train_TSV_RDL_131_1783460636_7600.s2p
PyAEDT INFO: Electronics Desktop started on gRPC port 8636 after 5.6 seconds.
PyAEDT INFO: AEDT installation Path C:\Program Files\ANSYS Inc\v261\AnsysEM
PyAEDT INFO: Connected to AEDT gRPC session on port 8636.
PyAEDT INFO: Non-graphical mode detected. Disabling Desktop logs.
PyAEDT INFO: Parsing C:\ffzhzh\LocalFiles\Ansys_Project_Files\temp_train_TSV_RDL_134_1783461236_34316.aedt.
PyAEDT INFO: Python version 3.11.15 | packaged by Anaconda, Inc. | (main, Mar 11 2026, 17:12:15) [MSC v.1942 64 bit (AMD64)].
PyAEDT INFO: PyAEDT version 1.0.1.
PyAEDT INFO: Returning found Desktop session with PID 42320!
PyAEDT INFO: File C:\ffzhzh\LocalFiles\Ansys_Project_Files\temp_train_TSV_RDL_134_1783461236_34316.aedt correctly loaded. Elapsed time: 0m 0sec
[train / TSV_RDL - Task 131] simulation completed: C:\ffzhzh\SyncFiles\Temp\HFSS_sim\LHS150_50_Connection2\train\TSV_RDL\dut131.s2p
PyAEDT INFO: Desktop has been released and closed.
PyAEDT INFO: Project temp_train_TSV_RDL_134_1783461236_34316 has been opened.
[train / TSV_RDL - Task 135] simulation started.
PyAEDT INFO: Python version 3.11.15 | packaged by Anaconda, Inc. | (main, Mar 11 2026, 17:12:15) [MSC v.1942 64 bit (AMD64)].
PyAEDT INFO: PyAEDT version 1.0.1.
PyAEDT INFO: Initializing new Desktop session.
PyAEDT INFO: AEDT version 2026.1.
PyAEDT INFO: New AEDT session is starting on gRPC port 5403.
PyAEDT INFO: Active Design set to TSV_RDL
PyAEDT INFO: AEDT objects correctly read
PyAEDT INFO: Modeler class has been initialized! Elapsed time: 0m 0sec
PyAEDT INFO: Starting new AEDT gRPC session on port 5403.
PyAEDT INFO: Launching AEDT server with gRPC transport mode: TransportMode.WNUA
PyAEDT INFO: Project temp_train_TSV_RDL_134_1783461236_34316 Saved correctly
PyAEDT INFO: Key Desktop/ActiveDSOConfigurations/HFSS correctly changed.
PyAEDT INFO: Electronics Desktop started on gRPC port 5403 after 5.5 seconds.
PyAEDT INFO: AEDT installation Path C:\Program Files\ANSYS Inc\v261\AnsysEM
PyAEDT INFO: Connected to AEDT gRPC session on port 5403.
PyAEDT INFO: Non-graphical mode detected. Disabling Desktop logs.
PyAEDT INFO: Parsing C:\ffzhzh\LocalFiles\Ansys_Project_Files\temp_train_TSV_RDL_135_1783461245_7600.aedt.
PyAEDT INFO: Python version 3.11.15 | packaged by Anaconda, Inc. | (main, Mar 11 2026, 17:12:15) [MSC v.1942 64 bit (AMD64)].
PyAEDT INFO: PyAEDT version 1.0.1.
PyAEDT INFO: Returning found Desktop session with PID 57580!
PyAEDT INFO: File C:\ffzhzh\LocalFiles\Ansys_Project_Files\temp_train_TSV_RDL_135_1783461245_7600.aedt correctly loaded. Elapsed time: 0m 0sec
PyAEDT INFO: Project temp_train_TSV_RDL_135_1783461245_7600 has been opened.
PyAEDT INFO: Active Design set to TSV_RDL
PyAEDT INFO: AEDT objects correctly read
PyAEDT INFO: Modeler class has been initialized! Elapsed time: 0m 0sec
PyAEDT INFO: Project temp_train_TSV_RDL_135_1783461245_7600 Saved correctly
PyAEDT INFO: Key Desktop/ActiveDSOConfigurations/HFSS correctly changed.
PyAEDT INFO: Solving all design setups. Analysis started...
PyAEDT INFO: Design setup None solved correctly in 0.0h 23.0m 17.0s
PyAEDT INFO: Key Desktop/ActiveDSOConfigurations/HFSS correctly changed.
PyAEDT INFO: Exporting Touchstone C:/ffzhzh/LocalFiles/Ansys_Project_Files/temp_train_TSV_RDL_129_1783460462_50928_SNP/temp_train_TSV_RDL_129_1783460462_50928.s2p
PyAEDT INFO: Touchstone correctly exported to C:/ffzhzh/LocalFiles/Ansys_Project_Files/temp_train_TSV_RDL_129_1783460462_50928_SNP/temp_train_TSV_RDL_129_1783460462_50928.s2p
[train / TSV_RDL - Task 129] simulation completed: C:\ffzhzh\SyncFiles\Temp\HFSS_sim\LHS150_50_Connection2\train\TSV_RDL\dut129.s2p
PyAEDT INFO: Desktop has been released and closed.
[train / TSV_RDL - Task 136] simulation started.
PyAEDT INFO: Python version 3.11.15 | packaged by Anaconda, Inc. | (main, Mar 11 2026, 17:12:15) [MSC v.1942 64 bit (AMD64)].
PyAEDT INFO: PyAEDT version 1.0.1.
PyAEDT INFO: Initializing new Desktop session.
PyAEDT INFO: AEDT version 2026.1.
PyAEDT INFO: New AEDT session is starting on gRPC port 7885.
PyAEDT INFO: Starting new AEDT gRPC session on port 7885.
PyAEDT INFO: Launching AEDT server with gRPC transport mode: TransportMode.WNUA
PyAEDT INFO: Electronics Desktop started on gRPC port 7885 after 7.6 seconds.
PyAEDT INFO: AEDT installation Path C:\Program Files\ANSYS Inc\v261\AnsysEM
PyAEDT INFO: Connected to AEDT gRPC session on port 7885.
PyAEDT INFO: Non-graphical mode detected. Disabling Desktop logs.
PyAEDT INFO: Parsing C:\ffzhzh\LocalFiles\Ansys_Project_Files\temp_train_TSV_RDL_136_1783461884_50928.aedt.
PyAEDT INFO: Python version 3.11.15 | packaged by Anaconda, Inc. | (main, Mar 11 2026, 17:12:15) [MSC v.1942 64 bit (AMD64)].
PyAEDT INFO: PyAEDT version 1.0.1.
PyAEDT INFO: Returning found Desktop session with PID 6424!
PyAEDT INFO: File C:\ffzhzh\LocalFiles\Ansys_Project_Files\temp_train_TSV_RDL_136_1783461884_50928.aedt correctly loaded. Elapsed time: 0m 0sec
PyAEDT INFO: Solving all design setups. Analysis started...
PyAEDT INFO: Design setup None solved correctly in 0.0h 10.0m 48.0s
PyAEDT INFO: Key Desktop/ActiveDSOConfigurations/HFSS correctly changed.
PyAEDT INFO: Project temp_train_TSV_RDL_136_1783461884_50928 has been opened.
PyAEDT INFO: Active Design set to TSV_RDL
PyAEDT INFO: AEDT objects correctly read
PyAEDT INFO: Modeler class has been initialized! Elapsed time: 0m 0sec
PyAEDT INFO: Exporting Touchstone C:/ffzhzh/LocalFiles/Ansys_Project_Files/temp_train_TSV_RDL_134_1783461236_34316_SNP/temp_train_TSV_RDL_134_1783461236_34316.s2p
PyAEDT INFO: Touchstone correctly exported to C:/ffzhzh/LocalFiles/Ansys_Project_Files/temp_train_TSV_RDL_134_1783461236_34316_SNP/temp_train_TSV_RDL_134_1783461236_34316.s2p
PyAEDT INFO: Project temp_train_TSV_RDL_136_1783461884_50928 Saved correctly
PyAEDT INFO: Key Desktop/ActiveDSOConfigurations/HFSS correctly changed.
[train / TSV_RDL - Task 134] simulation completed: C:\ffzhzh\SyncFiles\Temp\HFSS_sim\LHS150_50_Connection2\train\TSV_RDL\dut134.s2p
PyAEDT INFO: Desktop has been released and closed.
[train / TSV_RDL - Task 137] simulation started.
PyAEDT INFO: Python version 3.11.15 | packaged by Anaconda, Inc. | (main, Mar 11 2026, 17:12:15) [MSC v.1942 64 bit (AMD64)].
PyAEDT INFO: PyAEDT version 1.0.1.
PyAEDT INFO: Initializing new Desktop session.
PyAEDT INFO: AEDT version 2026.1.
PyAEDT INFO: New AEDT session is starting on gRPC port 13332.
PyAEDT INFO: Starting new AEDT gRPC session on port 13332.
PyAEDT INFO: Launching AEDT server with gRPC transport mode: TransportMode.WNUA
PyAEDT INFO: Electronics Desktop started on gRPC port 13332 after 5.8 seconds.
PyAEDT INFO: AEDT installation Path C:\Program Files\ANSYS Inc\v261\AnsysEM
PyAEDT INFO: Connected to AEDT gRPC session on port 13332.
PyAEDT INFO: Non-graphical mode detected. Disabling Desktop logs.
PyAEDT INFO: Parsing C:\ffzhzh\LocalFiles\Ansys_Project_Files\temp_train_TSV_RDL_137_1783461908_34316.aedt.
PyAEDT INFO: Python version 3.11.15 | packaged by Anaconda, Inc. | (main, Mar 11 2026, 17:12:15) [MSC v.1942 64 bit (AMD64)].
PyAEDT INFO: PyAEDT version 1.0.1.
PyAEDT INFO: Returning found Desktop session with PID 45732!
PyAEDT INFO: File C:\ffzhzh\LocalFiles\Ansys_Project_Files\temp_train_TSV_RDL_137_1783461908_34316.aedt correctly loaded. Elapsed time: 0m 0sec
PyAEDT INFO: Project temp_train_TSV_RDL_137_1783461908_34316 has been opened.
PyAEDT INFO: Active Design set to TSV_RDL
PyAEDT INFO: AEDT objects correctly read
PyAEDT INFO: Modeler class has been initialized! Elapsed time: 0m 0sec
PyAEDT INFO: Project temp_train_TSV_RDL_137_1783461908_34316 Saved correctly
PyAEDT INFO: Key Desktop/ActiveDSOConfigurations/HFSS correctly changed.
PyAEDT INFO: Solving all design setups. Analysis started...
PyAEDT INFO: Design setup None solved correctly in 0.0h 28.0m 19.0s
PyAEDT INFO: Key Desktop/ActiveDSOConfigurations/HFSS correctly changed.
PyAEDT INFO: Exporting Touchstone C:/ffzhzh/LocalFiles/Ansys_Project_Files/temp_train_TSV_RDL_128_1783460252_41684_SNP/temp_train_TSV_RDL_128_1783460252_41684.s2p
PyAEDT INFO: Touchstone correctly exported to C:/ffzhzh/LocalFiles/Ansys_Project_Files/temp_train_TSV_RDL_128_1783460252_41684_SNP/temp_train_TSV_RDL_128_1783460252_41684.s2p
[train / TSV_RDL - Task 128] simulation completed: C:\ffzhzh\SyncFiles\Temp\HFSS_sim\LHS150_50_Connection2\train\TSV_RDL\dut128.s2p
PyAEDT INFO: Desktop has been released and closed.
[train / TSV_RDL - Task 138] simulation started.
PyAEDT INFO: Python version 3.11.15 | packaged by Anaconda, Inc. | (main, Mar 11 2026, 17:12:15) [MSC v.1942 64 bit (AMD64)].
PyAEDT INFO: PyAEDT version 1.0.1.
PyAEDT INFO: Initializing new Desktop session.
PyAEDT INFO: AEDT version 2026.1.
PyAEDT INFO: New AEDT session is starting on gRPC port 12776.
PyAEDT INFO: Starting new AEDT gRPC session on port 12776.
PyAEDT INFO: Launching AEDT server with gRPC transport mode: TransportMode.WNUA
PyAEDT INFO: Electronics Desktop started on gRPC port 12776 after 5.6 seconds.
PyAEDT INFO: AEDT installation Path C:\Program Files\ANSYS Inc\v261\AnsysEM
PyAEDT INFO: Connected to AEDT gRPC session on port 12776.
PyAEDT INFO: Non-graphical mode detected. Disabling Desktop logs.
PyAEDT INFO: Parsing C:\ffzhzh\LocalFiles\Ansys_Project_Files\temp_train_TSV_RDL_138_1783461974_41684.aedt.
PyAEDT INFO: Python version 3.11.15 | packaged by Anaconda, Inc. | (main, Mar 11 2026, 17:12:15) [MSC v.1942 64 bit (AMD64)].
PyAEDT INFO: PyAEDT version 1.0.1.
PyAEDT INFO: Returning found Desktop session with PID 56912!
PyAEDT INFO: File C:\ffzhzh\LocalFiles\Ansys_Project_Files\temp_train_TSV_RDL_138_1783461974_41684.aedt correctly loaded. Elapsed time: 0m 0sec
PyAEDT INFO: Project temp_train_TSV_RDL_138_1783461974_41684 has been opened.
PyAEDT INFO: Active Design set to TSV_RDL
PyAEDT INFO: AEDT objects correctly read
PyAEDT INFO: Modeler class has been initialized! Elapsed time: 0m 0sec
PyAEDT INFO: Project temp_train_TSV_RDL_138_1783461974_41684 Saved correctly
PyAEDT INFO: Key Desktop/ActiveDSOConfigurations/HFSS correctly changed.
PyAEDT INFO: Solving all design setups. Analysis started...
PyAEDT INFO: Design setup None solved correctly in 0.0h 14.0m 27.0s
PyAEDT INFO: Key Desktop/ActiveDSOConfigurations/HFSS correctly changed.
PyAEDT INFO: Exporting Touchstone C:/ffzhzh/LocalFiles/Ansys_Project_Files/temp_train_TSV_RDL_135_1783461245_7600_SNP/temp_train_TSV_RDL_135_1783461245_7600.s2p
PyAEDT INFO: Touchstone correctly exported to C:/ffzhzh/LocalFiles/Ansys_Project_Files/temp_train_TSV_RDL_135_1783461245_7600_SNP/temp_train_TSV_RDL_135_1783461245_7600.s2p
[train / TSV_RDL - Task 135] simulation completed: C:\ffzhzh\SyncFiles\Temp\HFSS_sim\LHS150_50_Connection2\train\TSV_RDL\dut135.s2p
PyAEDT INFO: Desktop has been released and closed.
[train / TSV_RDL - Task 139] simulation started.
PyAEDT INFO: Python version 3.11.15 | packaged by Anaconda, Inc. | (main, Mar 11 2026, 17:12:15) [MSC v.1942 64 bit (AMD64)].
PyAEDT INFO: PyAEDT version 1.0.1.
PyAEDT INFO: Initializing new Desktop session.
PyAEDT INFO: AEDT version 2026.1.
PyAEDT INFO: New AEDT session is starting on gRPC port 2498.
PyAEDT INFO: Starting new AEDT gRPC session on port 2498.
PyAEDT INFO: Launching AEDT server with gRPC transport mode: TransportMode.WNUA
PyAEDT INFO: Electronics Desktop started on gRPC port 2498 after 6.1 seconds.
PyAEDT INFO: AEDT installation Path C:\Program Files\ANSYS Inc\v261\AnsysEM
PyAEDT INFO: Connected to AEDT gRPC session on port 2498.
PyAEDT INFO: Non-graphical mode detected. Disabling Desktop logs.
PyAEDT INFO: Parsing C:\ffzhzh\LocalFiles\Ansys_Project_Files\temp_train_TSV_RDL_139_1783462133_7600.aedt.
PyAEDT INFO: Python version 3.11.15 | packaged by Anaconda, Inc. | (main, Mar 11 2026, 17:12:15) [MSC v.1942 64 bit (AMD64)].
PyAEDT INFO: PyAEDT version 1.0.1.
PyAEDT INFO: Returning found Desktop session with PID 29204!
PyAEDT INFO: File C:\ffzhzh\LocalFiles\Ansys_Project_Files\temp_train_TSV_RDL_139_1783462133_7600.aedt correctly loaded. Elapsed time: 0m 0sec
PyAEDT INFO: Project temp_train_TSV_RDL_139_1783462133_7600 has been opened.
PyAEDT INFO: Active Design set to TSV_RDL
PyAEDT INFO: AEDT objects correctly read
PyAEDT INFO: Modeler class has been initialized! Elapsed time: 0m 0sec
PyAEDT INFO: Project temp_train_TSV_RDL_139_1783462133_7600 Saved correctly
PyAEDT INFO: Key Desktop/ActiveDSOConfigurations/HFSS correctly changed.
PyAEDT INFO: Solving all design setups. Analysis started...
PyAEDT INFO: Design setup None solved correctly in 0.0h 15.0m 58.0s
PyAEDT INFO: Key Desktop/ActiveDSOConfigurations/HFSS correctly changed.
PyAEDT INFO: Exporting Touchstone C:/ffzhzh/LocalFiles/Ansys_Project_Files/temp_train_TSV_RDL_133_1783461218_28540_SNP/temp_train_TSV_RDL_133_1783461218_28540.s2p
PyAEDT INFO: Touchstone correctly exported to C:/ffzhzh/LocalFiles/Ansys_Project_Files/temp_train_TSV_RDL_133_1783461218_28540_SNP/temp_train_TSV_RDL_133_1783461218_28540.s2p
[train / TSV_RDL - Task 133] simulation completed: C:\ffzhzh\SyncFiles\Temp\HFSS_sim\LHS150_50_Connection2\train\TSV_RDL\dut133.s2p
PyAEDT INFO: Desktop has been released and closed.
[train / TSV_RDL - Task 140] simulation started.
PyAEDT INFO: Python version 3.11.15 | packaged by Anaconda, Inc. | (main, Mar 11 2026, 17:12:15) [MSC v.1942 64 bit (AMD64)].
PyAEDT INFO: PyAEDT version 1.0.1.
PyAEDT INFO: Initializing new Desktop session.
PyAEDT INFO: AEDT version 2026.1.
PyAEDT INFO: New AEDT session is starting on gRPC port 10618.
PyAEDT INFO: Starting new AEDT gRPC session on port 10618.
PyAEDT INFO: Launching AEDT server with gRPC transport mode: TransportMode.WNUA
PyAEDT INFO: Electronics Desktop started on gRPC port 10618 after 5.5 seconds.
PyAEDT INFO: AEDT installation Path C:\Program Files\ANSYS Inc\v261\AnsysEM
PyAEDT INFO: Connected to AEDT gRPC session on port 10618.
PyAEDT INFO: Non-graphical mode detected. Disabling Desktop logs.
PyAEDT INFO: Parsing C:\ffzhzh\LocalFiles\Ansys_Project_Files\temp_train_TSV_RDL_140_1783462199_28540.aedt.
PyAEDT INFO: Python version 3.11.15 | packaged by Anaconda, Inc. | (main, Mar 11 2026, 17:12:15) [MSC v.1942 64 bit (AMD64)].
PyAEDT INFO: PyAEDT version 1.0.1.
PyAEDT INFO: Returning found Desktop session with PID 23980!
PyAEDT INFO: File C:\ffzhzh\LocalFiles\Ansys_Project_Files\temp_train_TSV_RDL_140_1783462199_28540.aedt correctly loaded. Elapsed time: 0m 0sec
PyAEDT INFO: Project temp_train_TSV_RDL_140_1783462199_28540 has been opened.
PyAEDT INFO: Active Design set to TSV_RDL
PyAEDT INFO: AEDT objects correctly read
PyAEDT INFO: Modeler class has been initialized! Elapsed time: 0m 0sec
PyAEDT INFO: Project temp_train_TSV_RDL_140_1783462199_28540 Saved correctly
PyAEDT INFO: Key Desktop/ActiveDSOConfigurations/HFSS correctly changed.
PyAEDT INFO: Solving all design setups. Analysis started...
PyAEDT INFO: Design setup None solved correctly in 0.0h 11.0m 8.0s
PyAEDT INFO: Key Desktop/ActiveDSOConfigurations/HFSS correctly changed.
PyAEDT INFO: Exporting Touchstone C:/ffzhzh/LocalFiles/Ansys_Project_Files/temp_train_TSV_RDL_137_1783461908_34316_SNP/temp_train_TSV_RDL_137_1783461908_34316.s2p
PyAEDT INFO: Touchstone correctly exported to C:/ffzhzh/LocalFiles/Ansys_Project_Files/temp_train_TSV_RDL_137_1783461908_34316_SNP/temp_train_TSV_RDL_137_1783461908_34316.s2p
[train / TSV_RDL - Task 137] simulation completed: C:\ffzhzh\SyncFiles\Temp\HFSS_sim\LHS150_50_Connection2\train\TSV_RDL\dut137.s2p
PyAEDT INFO: Desktop has been released and closed.
[train / TSV_RDL - Task 141] simulation started.
PyAEDT INFO: Python version 3.11.15 | packaged by Anaconda, Inc. | (main, Mar 11 2026, 17:12:15) [MSC v.1942 64 bit (AMD64)].
PyAEDT INFO: PyAEDT version 1.0.1.
PyAEDT INFO: Initializing new Desktop session.
PyAEDT INFO: AEDT version 2026.1.
PyAEDT INFO: New AEDT session is starting on gRPC port 6157.
PyAEDT INFO: Starting new AEDT gRPC session on port 6157.
PyAEDT INFO: Launching AEDT server with gRPC transport mode: TransportMode.WNUA
PyAEDT INFO: Electronics Desktop started on gRPC port 6157 after 5.9 seconds.
PyAEDT INFO: AEDT installation Path C:\Program Files\ANSYS Inc\v261\AnsysEM
PyAEDT INFO: Connected to AEDT gRPC session on port 6157.
PyAEDT INFO: Non-graphical mode detected. Disabling Desktop logs.
PyAEDT INFO: Parsing C:\ffzhzh\LocalFiles\Ansys_Project_Files\temp_train_TSV_RDL_141_1783462599_34316.aedt.
PyAEDT INFO: Python version 3.11.15 | packaged by Anaconda, Inc. | (main, Mar 11 2026, 17:12:15) [MSC v.1942 64 bit (AMD64)].
PyAEDT INFO: PyAEDT version 1.0.1.
PyAEDT INFO: Returning found Desktop session with PID 4756!
PyAEDT INFO: File C:\ffzhzh\LocalFiles\Ansys_Project_Files\temp_train_TSV_RDL_141_1783462599_34316.aedt correctly loaded. Elapsed time: 0m 0sec
PyAEDT INFO: Project temp_train_TSV_RDL_141_1783462599_34316 has been opened.
PyAEDT INFO: Active Design set to TSV_RDL
PyAEDT INFO: AEDT objects correctly read
PyAEDT INFO: Modeler class has been initialized! Elapsed time: 0m 0sec
PyAEDT INFO: Project temp_train_TSV_RDL_141_1783462599_34316 Saved correctly
PyAEDT INFO: Key Desktop/ActiveDSOConfigurations/HFSS correctly changed.
PyAEDT INFO: Solving all design setups. Analysis started...
PyAEDT INFO: Design setup None solved correctly in 0.0h 12.0m 29.0s
PyAEDT INFO: Key Desktop/ActiveDSOConfigurations/HFSS correctly changed.
PyAEDT INFO: Exporting Touchstone C:/ffzhzh/LocalFiles/Ansys_Project_Files/temp_train_TSV_RDL_136_1783461884_50928_SNP/temp_train_TSV_RDL_136_1783461884_50928.s2p
PyAEDT INFO: Touchstone correctly exported to C:/ffzhzh/LocalFiles/Ansys_Project_Files/temp_train_TSV_RDL_136_1783461884_50928_SNP/temp_train_TSV_RDL_136_1783461884_50928.s2p
[train / TSV_RDL - Task 136] simulation completed: C:\ffzhzh\SyncFiles\Temp\HFSS_sim\LHS150_50_Connection2\train\TSV_RDL\dut136.s2p
PyAEDT INFO: Desktop has been released and closed.
[train / TSV_RDL - Task 142] simulation started.
PyAEDT INFO: Python version 3.11.15 | packaged by Anaconda, Inc. | (main, Mar 11 2026, 17:12:15) [MSC v.1942 64 bit (AMD64)].
PyAEDT INFO: PyAEDT version 1.0.1.
PyAEDT INFO: Initializing new Desktop session.
PyAEDT INFO: AEDT version 2026.1.
PyAEDT INFO: New AEDT session is starting on gRPC port 7902.
PyAEDT INFO: Starting new AEDT gRPC session on port 7902.
PyAEDT INFO: Launching AEDT server with gRPC transport mode: TransportMode.WNUA
PyAEDT INFO: Solving all design setups. Analysis started...
PyAEDT INFO: Design setup None solved correctly in 0.0h 11.0m 8.0s
PyAEDT INFO: Key Desktop/ActiveDSOConfigurations/HFSS correctly changed.
PyAEDT INFO: Exporting Touchstone C:/ffzhzh/LocalFiles/Ansys_Project_Files/temp_train_TSV_RDL_138_1783461974_41684_SNP/temp_train_TSV_RDL_138_1783461974_41684.s2p
PyAEDT INFO: Touchstone correctly exported to C:/ffzhzh/LocalFiles/Ansys_Project_Files/temp_train_TSV_RDL_138_1783461974_41684_SNP/temp_train_TSV_RDL_138_1783461974_41684.s2p
[train / TSV_RDL - Task 138] simulation completed: C:\ffzhzh\SyncFiles\Temp\HFSS_sim\LHS150_50_Connection2\train\TSV_RDL\dut138.s2p
PyAEDT INFO: Desktop has been released and closed.
PyAEDT INFO: Electronics Desktop started on gRPC port 7902 after 5.7 seconds.
PyAEDT INFO: AEDT installation Path C:\Program Files\ANSYS Inc\v261\AnsysEM
PyAEDT INFO: Connected to AEDT gRPC session on port 7902.
PyAEDT INFO: Non-graphical mode detected. Disabling Desktop logs.
PyAEDT INFO: Parsing C:\ffzhzh\LocalFiles\Ansys_Project_Files\temp_train_TSV_RDL_142_1783462651_50928.aedt.
PyAEDT INFO: Python version 3.11.15 | packaged by Anaconda, Inc. | (main, Mar 11 2026, 17:12:15) [MSC v.1942 64 bit (AMD64)].
PyAEDT INFO: PyAEDT version 1.0.1.
PyAEDT INFO: Returning found Desktop session with PID 53644!
PyAEDT INFO: File C:\ffzhzh\LocalFiles\Ansys_Project_Files\temp_train_TSV_RDL_142_1783462651_50928.aedt correctly loaded. Elapsed time: 0m 0sec
[train / TSV_RDL - Task 143] simulation started.
PyAEDT INFO: Python version 3.11.15 | packaged by Anaconda, Inc. | (main, Mar 11 2026, 17:12:15) [MSC v.1942 64 bit (AMD64)].
PyAEDT INFO: PyAEDT version 1.0.1.
PyAEDT INFO: Initializing new Desktop session.
PyAEDT INFO: AEDT version 2026.1.
PyAEDT INFO: New AEDT session is starting on gRPC port 8699.
PyAEDT INFO: Starting new AEDT gRPC session on port 8699.
PyAEDT INFO: Launching AEDT server with gRPC transport mode: TransportMode.WNUA
PyAEDT INFO: Project temp_train_TSV_RDL_142_1783462651_50928 has been opened.
PyAEDT INFO: Active Design set to TSV_RDL
PyAEDT INFO: AEDT objects correctly read
PyAEDT INFO: Modeler class has been initialized! Elapsed time: 0m 0sec
PyAEDT INFO: Project temp_train_TSV_RDL_142_1783462651_50928 Saved correctly
PyAEDT INFO: Key Desktop/ActiveDSOConfigurations/HFSS correctly changed.
PyAEDT INFO: Electronics Desktop started on gRPC port 8699 after 5.6 seconds.
PyAEDT INFO: AEDT installation Path C:\Program Files\ANSYS Inc\v261\AnsysEM
PyAEDT INFO: Connected to AEDT gRPC session on port 8699.
PyAEDT INFO: Non-graphical mode detected. Disabling Desktop logs.
PyAEDT INFO: Parsing C:\ffzhzh\LocalFiles\Ansys_Project_Files\temp_train_TSV_RDL_143_1783462657_41684.aedt.
PyAEDT INFO: Python version 3.11.15 | packaged by Anaconda, Inc. | (main, Mar 11 2026, 17:12:15) [MSC v.1942 64 bit (AMD64)].
PyAEDT INFO: PyAEDT version 1.0.1.
PyAEDT INFO: Returning found Desktop session with PID 17892!
PyAEDT INFO: File C:\ffzhzh\LocalFiles\Ansys_Project_Files\temp_train_TSV_RDL_143_1783462657_41684.aedt correctly loaded. Elapsed time: 0m 0sec
PyAEDT INFO: Project temp_train_TSV_RDL_143_1783462657_41684 has been opened.
PyAEDT INFO: Active Design set to TSV_RDL
PyAEDT INFO: AEDT objects correctly read
PyAEDT INFO: Modeler class has been initialized! Elapsed time: 0m 0sec
PyAEDT INFO: Project temp_train_TSV_RDL_143_1783462657_41684 Saved correctly
PyAEDT INFO: Key Desktop/ActiveDSOConfigurations/HFSS correctly changed.
PyAEDT INFO: Solving all design setups. Analysis started...
PyAEDT INFO: Design setup None solved correctly in 0.0h 8.0m 55.0s
PyAEDT INFO: Key Desktop/ActiveDSOConfigurations/HFSS correctly changed.
PyAEDT INFO: Exporting Touchstone C:/ffzhzh/LocalFiles/Ansys_Project_Files/temp_train_TSV_RDL_139_1783462133_7600_SNP/temp_train_TSV_RDL_139_1783462133_7600.s2p
PyAEDT INFO: Touchstone correctly exported to C:/ffzhzh/LocalFiles/Ansys_Project_Files/temp_train_TSV_RDL_139_1783462133_7600_SNP/temp_train_TSV_RDL_139_1783462133_7600.s2p
[train / TSV_RDL - Task 139] simulation completed: C:\ffzhzh\SyncFiles\Temp\HFSS_sim\LHS150_50_Connection2\train\TSV_RDL\dut139.s2p
PyAEDT INFO: Desktop has been released and closed.
[train / TSV_RDL - Task 144] simulation started.
PyAEDT INFO: Python version 3.11.15 | packaged by Anaconda, Inc. | (main, Mar 11 2026, 17:12:15) [MSC v.1942 64 bit (AMD64)].
PyAEDT INFO: PyAEDT version 1.0.1.
PyAEDT INFO: Initializing new Desktop session.
PyAEDT INFO: AEDT version 2026.1.
PyAEDT INFO: New AEDT session is starting on gRPC port 10843.
PyAEDT INFO: Starting new AEDT gRPC session on port 10843.
PyAEDT INFO: Launching AEDT server with gRPC transport mode: TransportMode.WNUA
PyAEDT INFO: Electronics Desktop started on gRPC port 10843 after 5.4 seconds.
PyAEDT INFO: AEDT installation Path C:\Program Files\ANSYS Inc\v261\AnsysEM
PyAEDT INFO: Connected to AEDT gRPC session on port 10843.
PyAEDT INFO: Non-graphical mode detected. Disabling Desktop logs.
PyAEDT INFO: Parsing C:\ffzhzh\LocalFiles\Ansys_Project_Files\temp_train_TSV_RDL_144_1783462683_7600.aedt.
PyAEDT INFO: Python version 3.11.15 | packaged by Anaconda, Inc. | (main, Mar 11 2026, 17:12:15) [MSC v.1942 64 bit (AMD64)].
PyAEDT INFO: PyAEDT version 1.0.1.
PyAEDT INFO: Returning found Desktop session with PID 57556!
PyAEDT INFO: File C:\ffzhzh\LocalFiles\Ansys_Project_Files\temp_train_TSV_RDL_144_1783462683_7600.aedt correctly loaded. Elapsed time: 0m 0sec
PyAEDT INFO: Project temp_train_TSV_RDL_144_1783462683_7600 has been opened.
PyAEDT INFO: Active Design set to TSV_RDL
PyAEDT INFO: AEDT objects correctly read
PyAEDT INFO: Modeler class has been initialized! Elapsed time: 0m 0sec
PyAEDT INFO: Project temp_train_TSV_RDL_144_1783462683_7600 Saved correctly
PyAEDT INFO: Key Desktop/ActiveDSOConfigurations/HFSS correctly changed.
PyAEDT INFO: Solving all design setups. Analysis started...
PyAEDT INFO: Design setup None solved correctly in 0.0h 11.0m 45.0s
PyAEDT INFO: Key Desktop/ActiveDSOConfigurations/HFSS correctly changed.
PyAEDT INFO: Exporting Touchstone C:/ffzhzh/LocalFiles/Ansys_Project_Files/temp_train_TSV_RDL_140_1783462199_28540_SNP/temp_train_TSV_RDL_140_1783462199_28540.s2p
PyAEDT INFO: Touchstone correctly exported to C:/ffzhzh/LocalFiles/Ansys_Project_Files/temp_train_TSV_RDL_140_1783462199_28540_SNP/temp_train_TSV_RDL_140_1783462199_28540.s2p
[train / TSV_RDL - Task 140] simulation completed: C:\ffzhzh\SyncFiles\Temp\HFSS_sim\LHS150_50_Connection2\train\TSV_RDL\dut140.s2p
PyAEDT INFO: Desktop has been released and closed.
[train / TSV_RDL - Task 145] simulation started.
PyAEDT INFO: Python version 3.11.15 | packaged by Anaconda, Inc. | (main, Mar 11 2026, 17:12:15) [MSC v.1942 64 bit (AMD64)].
PyAEDT INFO: PyAEDT version 1.0.1.
PyAEDT INFO: Initializing new Desktop session.
PyAEDT INFO: AEDT version 2026.1.
PyAEDT INFO: New AEDT session is starting on gRPC port 2242.
PyAEDT INFO: Starting new AEDT gRPC session on port 2242.
PyAEDT INFO: Launching AEDT server with gRPC transport mode: TransportMode.WNUA
PyAEDT INFO: Electronics Desktop started on gRPC port 2242 after 6.2 seconds.
PyAEDT INFO: AEDT installation Path C:\Program Files\ANSYS Inc\v261\AnsysEM
PyAEDT INFO: Connected to AEDT gRPC session on port 2242.
PyAEDT INFO: Non-graphical mode detected. Disabling Desktop logs.
PyAEDT INFO: Parsing C:\ffzhzh\LocalFiles\Ansys_Project_Files\temp_train_TSV_RDL_145_1783462929_28540.aedt.
PyAEDT INFO: Python version 3.11.15 | packaged by Anaconda, Inc. | (main, Mar 11 2026, 17:12:15) [MSC v.1942 64 bit (AMD64)].
PyAEDT INFO: PyAEDT version 1.0.1.
PyAEDT INFO: Returning found Desktop session with PID 25724!
PyAEDT INFO: File C:\ffzhzh\LocalFiles\Ansys_Project_Files\temp_train_TSV_RDL_145_1783462929_28540.aedt correctly loaded. Elapsed time: 0m 0sec
PyAEDT INFO: Project temp_train_TSV_RDL_145_1783462929_28540 has been opened.
PyAEDT INFO: Active Design set to TSV_RDL
PyAEDT INFO: AEDT objects correctly read
PyAEDT INFO: Modeler class has been initialized! Elapsed time: 0m 0sec
PyAEDT INFO: Project temp_train_TSV_RDL_145_1783462929_28540 Saved correctly
PyAEDT INFO: Key Desktop/ActiveDSOConfigurations/HFSS correctly changed.
PyAEDT INFO: Solving all design setups. Analysis started...
PyAEDT INFO: Design setup None solved correctly in 0.0h 10.0m 18.0s
PyAEDT INFO: Key Desktop/ActiveDSOConfigurations/HFSS correctly changed.
PyAEDT INFO: Exporting Touchstone C:/ffzhzh/LocalFiles/Ansys_Project_Files/temp_train_TSV_RDL_143_1783462657_41684_SNP/temp_train_TSV_RDL_143_1783462657_41684.s2p
PyAEDT INFO: Touchstone correctly exported to C:/ffzhzh/LocalFiles/Ansys_Project_Files/temp_train_TSV_RDL_143_1783462657_41684_SNP/temp_train_TSV_RDL_143_1783462657_41684.s2p
[train / TSV_RDL - Task 143] simulation completed: C:\ffzhzh\SyncFiles\Temp\HFSS_sim\LHS150_50_Connection2\train\TSV_RDL\dut143.s2p
PyAEDT INFO: Desktop has been released and closed.
[train / TSV_RDL - Task 146] simulation started.
PyAEDT INFO: Python version 3.11.15 | packaged by Anaconda, Inc. | (main, Mar 11 2026, 17:12:15) [MSC v.1942 64 bit (AMD64)].
PyAEDT INFO: PyAEDT version 1.0.1.
PyAEDT INFO: Initializing new Desktop session.
PyAEDT INFO: AEDT version 2026.1.
PyAEDT INFO: New AEDT session is starting on gRPC port 2222.
PyAEDT INFO: Starting new AEDT gRPC session on port 2222.
PyAEDT INFO: Launching AEDT server with gRPC transport mode: TransportMode.WNUA
PyAEDT INFO: Electronics Desktop started on gRPC port 2222 after 6.4 seconds.
PyAEDT INFO: AEDT installation Path C:\Program Files\ANSYS Inc\v261\AnsysEM
PyAEDT INFO: Connected to AEDT gRPC session on port 2222.
PyAEDT INFO: Non-graphical mode detected. Disabling Desktop logs.
PyAEDT INFO: Parsing C:\ffzhzh\LocalFiles\Ansys_Project_Files\temp_train_TSV_RDL_146_1783463296_41684.aedt.
PyAEDT INFO: Python version 3.11.15 | packaged by Anaconda, Inc. | (main, Mar 11 2026, 17:12:15) [MSC v.1942 64 bit (AMD64)].
PyAEDT INFO: PyAEDT version 1.0.1.
PyAEDT INFO: Returning found Desktop session with PID 57948!
PyAEDT INFO: File C:\ffzhzh\LocalFiles\Ansys_Project_Files\temp_train_TSV_RDL_146_1783463296_41684.aedt correctly loaded. Elapsed time: 0m 0sec
PyAEDT INFO: Project temp_train_TSV_RDL_146_1783463296_41684 has been opened.
PyAEDT INFO: Active Design set to TSV_RDL
PyAEDT INFO: AEDT objects correctly read
PyAEDT INFO: Modeler class has been initialized! Elapsed time: 0m 0sec
PyAEDT INFO: Project temp_train_TSV_RDL_146_1783463296_41684 Saved correctly
PyAEDT INFO: Key Desktop/ActiveDSOConfigurations/HFSS correctly changed.
PyAEDT INFO: Solving all design setups. Analysis started...
PyAEDT INFO: Design setup None solved correctly in 0.0h 17.0m 4.0s
PyAEDT INFO: Key Desktop/ActiveDSOConfigurations/HFSS correctly changed.
PyAEDT INFO: Exporting Touchstone C:/ffzhzh/LocalFiles/Ansys_Project_Files/temp_train_TSV_RDL_142_1783462651_50928_SNP/temp_train_TSV_RDL_142_1783462651_50928.s2p
PyAEDT INFO: Touchstone correctly exported to C:/ffzhzh/LocalFiles/Ansys_Project_Files/temp_train_TSV_RDL_142_1783462651_50928_SNP/temp_train_TSV_RDL_142_1783462651_50928.s2p
PyAEDT INFO: Solving all design setups. Analysis started...
PyAEDT INFO: Design setup None solved correctly in 0.0h 12.0m 29.0s
PyAEDT INFO: Key Desktop/ActiveDSOConfigurations/HFSS correctly changed.
PyAEDT INFO: Exporting Touchstone C:/ffzhzh/LocalFiles/Ansys_Project_Files/temp_train_TSV_RDL_145_1783462929_28540_SNP/temp_train_TSV_RDL_145_1783462929_28540.s2p
PyAEDT INFO: Touchstone correctly exported to C:/ffzhzh/LocalFiles/Ansys_Project_Files/temp_train_TSV_RDL_145_1783462929_28540_SNP/temp_train_TSV_RDL_145_1783462929_28540.s2p
[train / TSV_RDL - Task 145] simulation completed: C:\ffzhzh\SyncFiles\Temp\HFSS_sim\LHS150_50_Connection2\train\TSV_RDL\dut145.s2p
PyAEDT INFO: Desktop has been released and closed.
[train / TSV_RDL - Task 142] simulation completed: C:\ffzhzh\SyncFiles\Temp\HFSS_sim\LHS150_50_Connection2\train\TSV_RDL\dut142.s2p
PyAEDT INFO: Desktop has been released and closed.
[train / TSV_RDL - Task 147] simulation started.
PyAEDT INFO: Python version 3.11.15 | packaged by Anaconda, Inc. | (main, Mar 11 2026, 17:12:15) [MSC v.1942 64 bit (AMD64)].
PyAEDT INFO: PyAEDT version 1.0.1.
PyAEDT INFO: Initializing new Desktop session.
PyAEDT INFO: AEDT version 2026.1.
PyAEDT INFO: New AEDT session is starting on gRPC port 2754.
[train / TSV_RDL - Task 148] simulation started.
PyAEDT INFO: Python version 3.11.15 | packaged by Anaconda, Inc. | (main, Mar 11 2026, 17:12:15) [MSC v.1942 64 bit (AMD64)].
PyAEDT INFO: PyAEDT version 1.0.1.
PyAEDT INFO: Initializing new Desktop session.
PyAEDT INFO: AEDT version 2026.1.
PyAEDT INFO: Starting new AEDT gRPC session on port 2754.
PyAEDT INFO: Launching AEDT server with gRPC transport mode: TransportMode.WNUA
PyAEDT INFO: New AEDT session is starting on gRPC port 2755.
PyAEDT INFO: Starting new AEDT gRPC session on port 2755.
PyAEDT INFO: Launching AEDT server with gRPC transport mode: TransportMode.WNUA
PyAEDT INFO: Electronics Desktop started on gRPC port 2755 after 5.4 seconds.
PyAEDT INFO: AEDT installation Path C:\Program Files\ANSYS Inc\v261\AnsysEM
PyAEDT INFO: Connected to AEDT gRPC session on port 2755.
PyAEDT INFO: Non-graphical mode detected. Disabling Desktop logs.
PyAEDT INFO: Parsing C:\ffzhzh\LocalFiles\Ansys_Project_Files\temp_train_TSV_RDL_148_1783463701_50928.aedt.
PyAEDT INFO: Python version 3.11.15 | packaged by Anaconda, Inc. | (main, Mar 11 2026, 17:12:15) [MSC v.1942 64 bit (AMD64)].
PyAEDT INFO: PyAEDT version 1.0.1.
PyAEDT INFO: Returning found Desktop session with PID 25408!
PyAEDT INFO: File C:\ffzhzh\LocalFiles\Ansys_Project_Files\temp_train_TSV_RDL_148_1783463701_50928.aedt correctly loaded. Elapsed time: 0m 0sec
PyAEDT INFO: Electronics Desktop started on gRPC port 2754 after 7.0 seconds.
PyAEDT INFO: AEDT installation Path C:\Program Files\ANSYS Inc\v261\AnsysEM
PyAEDT INFO: Connected to AEDT gRPC session on port 2754.
PyAEDT INFO: Non-graphical mode detected. Disabling Desktop logs.
PyAEDT INFO: Parsing C:\ffzhzh\LocalFiles\Ansys_Project_Files\temp_train_TSV_RDL_147_1783463700_28540.aedt.
PyAEDT INFO: Python version 3.11.15 | packaged by Anaconda, Inc. | (main, Mar 11 2026, 17:12:15) [MSC v.1942 64 bit (AMD64)].
PyAEDT INFO: PyAEDT version 1.0.1.
PyAEDT INFO: Returning found Desktop session with PID 24292!
PyAEDT INFO: File C:\ffzhzh\LocalFiles\Ansys_Project_Files\temp_train_TSV_RDL_147_1783463700_28540.aedt correctly loaded. Elapsed time: 0m 0sec
PyAEDT INFO: Project temp_train_TSV_RDL_148_1783463701_50928 has been opened.
PyAEDT INFO: Project temp_train_TSV_RDL_147_1783463700_28540 has been opened.
PyAEDT INFO: Active Design set to TSV_RDL
PyAEDT INFO: AEDT objects correctly read
PyAEDT INFO: Modeler class has been initialized! Elapsed time: 0m 0sec
PyAEDT INFO: Active Design set to TSV_RDL
PyAEDT INFO: AEDT objects correctly read
PyAEDT INFO: Modeler class has been initialized! Elapsed time: 0m 0sec
PyAEDT INFO: Project temp_train_TSV_RDL_148_1783463701_50928 Saved correctly
PyAEDT INFO: Key Desktop/ActiveDSOConfigurations/HFSS correctly changed.
PyAEDT INFO: Project temp_train_TSV_RDL_147_1783463700_28540 Saved correctly
PyAEDT INFO: Key Desktop/ActiveDSOConfigurations/HFSS correctly changed.
PyAEDT INFO: Solving all design setups. Analysis started...
PyAEDT INFO: Design setup None solved correctly in 0.0h 21.0m 11.0s
PyAEDT INFO: Key Desktop/ActiveDSOConfigurations/HFSS correctly changed.
PyAEDT INFO: Exporting Touchstone C:/ffzhzh/LocalFiles/Ansys_Project_Files/temp_train_TSV_RDL_141_1783462599_34316_SNP/temp_train_TSV_RDL_141_1783462599_34316.s2p
PyAEDT INFO: Touchstone correctly exported to C:/ffzhzh/LocalFiles/Ansys_Project_Files/temp_train_TSV_RDL_141_1783462599_34316_SNP/temp_train_TSV_RDL_141_1783462599_34316.s2p
[train / TSV_RDL - Task 141] simulation completed: C:\ffzhzh\SyncFiles\Temp\HFSS_sim\LHS150_50_Connection2\train\TSV_RDL\dut141.s2p
PyAEDT INFO: Desktop has been released and closed.
[train / TSV_RDL - Task 149] simulation started.
PyAEDT INFO: Python version 3.11.15 | packaged by Anaconda, Inc. | (main, Mar 11 2026, 17:12:15) [MSC v.1942 64 bit (AMD64)].
PyAEDT INFO: PyAEDT version 1.0.1.
PyAEDT INFO: Initializing new Desktop session.
PyAEDT INFO: AEDT version 2026.1.
PyAEDT INFO: New AEDT session is starting on gRPC port 7174.
PyAEDT INFO: Starting new AEDT gRPC session on port 7174.
PyAEDT INFO: Launching AEDT server with gRPC transport mode: TransportMode.WNUA
PyAEDT INFO: Electronics Desktop started on gRPC port 7174 after 6.1 seconds.
PyAEDT INFO: AEDT installation Path C:\Program Files\ANSYS Inc\v261\AnsysEM
PyAEDT INFO: Connected to AEDT gRPC session on port 7174.
PyAEDT INFO: Non-graphical mode detected. Disabling Desktop logs.
PyAEDT INFO: Parsing C:\ffzhzh\LocalFiles\Ansys_Project_Files\temp_train_TSV_RDL_149_1783463896_34316.aedt.
PyAEDT INFO: Python version 3.11.15 | packaged by Anaconda, Inc. | (main, Mar 11 2026, 17:12:15) [MSC v.1942 64 bit (AMD64)].
PyAEDT INFO: PyAEDT version 1.0.1.
PyAEDT INFO: Returning found Desktop session with PID 51756!
PyAEDT INFO: File C:\ffzhzh\LocalFiles\Ansys_Project_Files\temp_train_TSV_RDL_149_1783463896_34316.aedt correctly loaded. Elapsed time: 0m 0sec
PyAEDT INFO: Project temp_train_TSV_RDL_149_1783463896_34316 has been opened.
PyAEDT INFO: Active Design set to TSV_RDL
PyAEDT INFO: AEDT objects correctly read
PyAEDT INFO: Modeler class has been initialized! Elapsed time: 0m 0sec
PyAEDT INFO: Project temp_train_TSV_RDL_149_1783463896_34316 Saved correctly
PyAEDT INFO: Key Desktop/ActiveDSOConfigurations/HFSS correctly changed.
PyAEDT INFO: Solving all design setups. Analysis started...
PyAEDT INFO: Design setup None solved correctly in 0.0h 10.0m 14.0s
PyAEDT INFO: Key Desktop/ActiveDSOConfigurations/HFSS correctly changed.
PyAEDT INFO: Exporting Touchstone C:/ffzhzh/LocalFiles/Ansys_Project_Files/temp_train_TSV_RDL_146_1783463296_41684_SNP/temp_train_TSV_RDL_146_1783463296_41684.s2p
PyAEDT INFO: Touchstone correctly exported to C:/ffzhzh/LocalFiles/Ansys_Project_Files/temp_train_TSV_RDL_146_1783463296_41684_SNP/temp_train_TSV_RDL_146_1783463296_41684.s2p
[train / TSV_RDL - Task 146] simulation completed: C:\ffzhzh\SyncFiles\Temp\HFSS_sim\LHS150_50_Connection2\train\TSV_RDL\dut146.s2p
PyAEDT INFO: Desktop has been released and closed.
[test / TSV_RDL - Task 150] simulation started.
PyAEDT INFO: Python version 3.11.15 | packaged by Anaconda, Inc. | (main, Mar 11 2026, 17:12:15) [MSC v.1942 64 bit (AMD64)].
PyAEDT INFO: PyAEDT version 1.0.1.
PyAEDT INFO: Initializing new Desktop session.
PyAEDT INFO: AEDT version 2026.1.
PyAEDT INFO: New AEDT session is starting on gRPC port 2849.
PyAEDT INFO: Starting new AEDT gRPC session on port 2849.
PyAEDT INFO: Launching AEDT server with gRPC transport mode: TransportMode.WNUA
PyAEDT INFO: Electronics Desktop started on gRPC port 2849 after 4.5 seconds.
PyAEDT INFO: AEDT installation Path C:\Program Files\ANSYS Inc\v261\AnsysEM
PyAEDT INFO: Connected to AEDT gRPC session on port 2849.
PyAEDT INFO: Non-graphical mode detected. Disabling Desktop logs.
PyAEDT INFO: Parsing C:\ffzhzh\LocalFiles\Ansys_Project_Files\temp_test_TSV_RDL_150_1783463937_41684.aedt.
PyAEDT INFO: Python version 3.11.15 | packaged by Anaconda, Inc. | (main, Mar 11 2026, 17:12:15) [MSC v.1942 64 bit (AMD64)].
PyAEDT INFO: PyAEDT version 1.0.1.
PyAEDT INFO: Returning found Desktop session with PID 52020!
PyAEDT INFO: File C:\ffzhzh\LocalFiles\Ansys_Project_Files\temp_test_TSV_RDL_150_1783463937_41684.aedt correctly loaded. Elapsed time: 0m 0sec
PyAEDT INFO: Project temp_test_TSV_RDL_150_1783463937_41684 has been opened.
PyAEDT INFO: Active Design set to TSV_RDL
PyAEDT INFO: AEDT objects correctly read
PyAEDT INFO: Modeler class has been initialized! Elapsed time: 0m 0sec
PyAEDT INFO: Project temp_test_TSV_RDL_150_1783463937_41684 Saved correctly
PyAEDT INFO: Key Desktop/ActiveDSOConfigurations/HFSS correctly changed.
PyAEDT INFO: Solving all design setups. Analysis started...
PyAEDT INFO: Design setup None solved correctly in 0.0h 6.0m 35.0s
PyAEDT INFO: Key Desktop/ActiveDSOConfigurations/HFSS correctly changed.
PyAEDT INFO: Exporting Touchstone C:/ffzhzh/LocalFiles/Ansys_Project_Files/temp_train_TSV_RDL_147_1783463700_28540_SNP/temp_train_TSV_RDL_147_1783463700_28540.s2p
PyAEDT INFO: Touchstone correctly exported to C:/ffzhzh/LocalFiles/Ansys_Project_Files/temp_train_TSV_RDL_147_1783463700_28540_SNP/temp_train_TSV_RDL_147_1783463700_28540.s2p
[train / TSV_RDL - Task 147] simulation completed: C:\ffzhzh\SyncFiles\Temp\HFSS_sim\LHS150_50_Connection2\train\TSV_RDL\dut147.s2p
PyAEDT INFO: Desktop has been released and closed.
[test / TSV_RDL - Task 151] simulation started.
PyAEDT INFO: Python version 3.11.15 | packaged by Anaconda, Inc. | (main, Mar 11 2026, 17:12:15) [MSC v.1942 64 bit (AMD64)].
PyAEDT INFO: PyAEDT version 1.0.1.
PyAEDT INFO: Initializing new Desktop session.
PyAEDT INFO: AEDT version 2026.1.
PyAEDT INFO: New AEDT session is starting on gRPC port 2448.
PyAEDT INFO: Starting new AEDT gRPC session on port 2448.
PyAEDT INFO: Launching AEDT server with gRPC transport mode: TransportMode.WNUA
PyAEDT INFO: Electronics Desktop started on gRPC port 2448 after 6.3 seconds.
PyAEDT INFO: AEDT installation Path C:\Program Files\ANSYS Inc\v261\AnsysEM
PyAEDT INFO: Connected to AEDT gRPC session on port 2448.
PyAEDT INFO: Non-graphical mode detected. Disabling Desktop logs.
PyAEDT INFO: Parsing C:\ffzhzh\LocalFiles\Ansys_Project_Files\temp_test_TSV_RDL_151_1783464121_28540.aedt.
PyAEDT INFO: Python version 3.11.15 | packaged by Anaconda, Inc. | (main, Mar 11 2026, 17:12:15) [MSC v.1942 64 bit (AMD64)].
PyAEDT INFO: PyAEDT version 1.0.1.
PyAEDT INFO: Returning found Desktop session with PID 13172!
PyAEDT INFO: File C:\ffzhzh\LocalFiles\Ansys_Project_Files\temp_test_TSV_RDL_151_1783464121_28540.aedt correctly loaded. Elapsed time: 0m 0sec
PyAEDT INFO: Project temp_test_TSV_RDL_151_1783464121_28540 has been opened.
PyAEDT INFO: Active Design set to TSV_RDL
PyAEDT INFO: AEDT objects correctly read
PyAEDT INFO: Modeler class has been initialized! Elapsed time: 0m 0sec
PyAEDT INFO: Project temp_test_TSV_RDL_151_1783464121_28540 Saved correctly
PyAEDT INFO: Key Desktop/ActiveDSOConfigurations/HFSS correctly changed.
PyAEDT INFO: Solving all design setups. Analysis started...
PyAEDT INFO: Design setup None solved correctly in 0.0h 26.0m 39.0s
PyAEDT INFO: Key Desktop/ActiveDSOConfigurations/HFSS correctly changed.
PyAEDT INFO: Exporting Touchstone C:/ffzhzh/LocalFiles/Ansys_Project_Files/temp_train_TSV_RDL_144_1783462683_7600_SNP/temp_train_TSV_RDL_144_1783462683_7600.s2p
PyAEDT INFO: Touchstone correctly exported to C:/ffzhzh/LocalFiles/Ansys_Project_Files/temp_train_TSV_RDL_144_1783462683_7600_SNP/temp_train_TSV_RDL_144_1783462683_7600.s2p
[train / TSV_RDL - Task 144] simulation completed: C:\ffzhzh\SyncFiles\Temp\HFSS_sim\LHS150_50_Connection2\train\TSV_RDL\dut144.s2p
PyAEDT INFO: Desktop has been released and closed.
[test / TSV_RDL - Task 152] simulation started.
PyAEDT INFO: Python version 3.11.15 | packaged by Anaconda, Inc. | (main, Mar 11 2026, 17:12:15) [MSC v.1942 64 bit (AMD64)].
PyAEDT INFO: PyAEDT version 1.0.1.
PyAEDT INFO: Initializing new Desktop session.
PyAEDT INFO: AEDT version 2026.1.
PyAEDT INFO: New AEDT session is starting on gRPC port 6436.
PyAEDT INFO: Starting new AEDT gRPC session on port 6436.
PyAEDT INFO: Launching AEDT server with gRPC transport mode: TransportMode.WNUA
PyAEDT INFO: Electronics Desktop started on gRPC port 6436 after 5.9 seconds.
PyAEDT INFO: AEDT installation Path C:\Program Files\ANSYS Inc\v261\AnsysEM
PyAEDT INFO: Connected to AEDT gRPC session on port 6436.
PyAEDT INFO: Non-graphical mode detected. Disabling Desktop logs.
PyAEDT INFO: Parsing C:\ffzhzh\LocalFiles\Ansys_Project_Files\temp_test_TSV_RDL_152_1783464307_7600.aedt.
PyAEDT INFO: Python version 3.11.15 | packaged by Anaconda, Inc. | (main, Mar 11 2026, 17:12:15) [MSC v.1942 64 bit (AMD64)].
PyAEDT INFO: PyAEDT version 1.0.1.
PyAEDT INFO: Returning found Desktop session with PID 44128!
PyAEDT INFO: File C:\ffzhzh\LocalFiles\Ansys_Project_Files\temp_test_TSV_RDL_152_1783464307_7600.aedt correctly loaded. Elapsed time: 0m 0sec
PyAEDT INFO: Project temp_test_TSV_RDL_152_1783464307_7600 has been opened.
PyAEDT INFO: Active Design set to TSV_RDL
PyAEDT INFO: AEDT objects correctly read
PyAEDT INFO: Modeler class has been initialized! Elapsed time: 0m 0sec
PyAEDT INFO: Project temp_test_TSV_RDL_152_1783464307_7600 Saved correctly
PyAEDT INFO: Key Desktop/ActiveDSOConfigurations/HFSS correctly changed.
PyAEDT INFO: Solving all design setups. Analysis started...
PyAEDT INFO: Design setup None solved correctly in 0.0h 10.0m 14.0s
PyAEDT INFO: Key Desktop/ActiveDSOConfigurations/HFSS correctly changed.
PyAEDT INFO: Exporting Touchstone C:/ffzhzh/LocalFiles/Ansys_Project_Files/temp_train_TSV_RDL_148_1783463701_50928_SNP/temp_train_TSV_RDL_148_1783463701_50928.s2p
PyAEDT INFO: Touchstone correctly exported to C:/ffzhzh/LocalFiles/Ansys_Project_Files/temp_train_TSV_RDL_148_1783463701_50928_SNP/temp_train_TSV_RDL_148_1783463701_50928.s2p
[train / TSV_RDL - Task 148] simulation completed: C:\ffzhzh\SyncFiles\Temp\HFSS_sim\LHS150_50_Connection2\train\TSV_RDL\dut148.s2p
PyAEDT INFO: Desktop has been released and closed.
[test / TSV_RDL - Task 153] simulation started.
PyAEDT INFO: Python version 3.11.15 | packaged by Anaconda, Inc. | (main, Mar 11 2026, 17:12:15) [MSC v.1942 64 bit (AMD64)].
PyAEDT INFO: PyAEDT version 1.0.1.
PyAEDT INFO: Initializing new Desktop session.
PyAEDT INFO: AEDT version 2026.1.
PyAEDT INFO: New AEDT session is starting on gRPC port 13294.
PyAEDT INFO: Starting new AEDT gRPC session on port 13294.
PyAEDT INFO: Launching AEDT server with gRPC transport mode: TransportMode.WNUA
PyAEDT INFO: Electronics Desktop started on gRPC port 13294 after 5.6 seconds.
PyAEDT INFO: AEDT installation Path C:\Program Files\ANSYS Inc\v261\AnsysEM
PyAEDT INFO: Connected to AEDT gRPC session on port 13294.
PyAEDT INFO: Non-graphical mode detected. Disabling Desktop logs.
PyAEDT INFO: Parsing C:\ffzhzh\LocalFiles\Ansys_Project_Files\temp_test_TSV_RDL_153_1783464329_50928.aedt.
PyAEDT INFO: Python version 3.11.15 | packaged by Anaconda, Inc. | (main, Mar 11 2026, 17:12:15) [MSC v.1942 64 bit (AMD64)].
PyAEDT INFO: PyAEDT version 1.0.1.
PyAEDT INFO: Returning found Desktop session with PID 25056!
PyAEDT INFO: File C:\ffzhzh\LocalFiles\Ansys_Project_Files\temp_test_TSV_RDL_153_1783464329_50928.aedt correctly loaded. Elapsed time: 0m 0sec
PyAEDT INFO: Project temp_test_TSV_RDL_153_1783464329_50928 has been opened.
PyAEDT INFO: Active Design set to TSV_RDL
PyAEDT INFO: AEDT objects correctly read
PyAEDT INFO: Modeler class has been initialized! Elapsed time: 0m 0sec
PyAEDT INFO: Project temp_test_TSV_RDL_153_1783464329_50928 Saved correctly
PyAEDT INFO: Key Desktop/ActiveDSOConfigurations/HFSS correctly changed.
PyAEDT INFO: Solving all design setups. Analysis started...
PyAEDT INFO: Design setup None solved correctly in 0.0h 10.0m 24.0s
PyAEDT INFO: Key Desktop/ActiveDSOConfigurations/HFSS correctly changed.
PyAEDT INFO: Exporting Touchstone C:/ffzhzh/LocalFiles/Ansys_Project_Files/temp_train_TSV_RDL_149_1783463896_34316_SNP/temp_train_TSV_RDL_149_1783463896_34316.s2p
PyAEDT INFO: Touchstone correctly exported to C:/ffzhzh/LocalFiles/Ansys_Project_Files/temp_train_TSV_RDL_149_1783463896_34316_SNP/temp_train_TSV_RDL_149_1783463896_34316.s2p
[train / TSV_RDL - Task 149] simulation completed: C:\ffzhzh\SyncFiles\Temp\HFSS_sim\LHS150_50_Connection2\train\TSV_RDL\dut149.s2p
PyAEDT INFO: Desktop has been released and closed.
[test / TSV_RDL - Task 154] simulation started.
PyAEDT INFO: Python version 3.11.15 | packaged by Anaconda, Inc. | (main, Mar 11 2026, 17:12:15) [MSC v.1942 64 bit (AMD64)].
PyAEDT INFO: PyAEDT version 1.0.1.
PyAEDT INFO: Initializing new Desktop session.
PyAEDT INFO: AEDT version 2026.1.
PyAEDT INFO: New AEDT session is starting on gRPC port 10126.
PyAEDT INFO: Starting new AEDT gRPC session on port 10126.
PyAEDT INFO: Launching AEDT server with gRPC transport mode: TransportMode.WNUA
PyAEDT INFO: Electronics Desktop started on gRPC port 10126 after 4.8 seconds.
PyAEDT INFO: AEDT installation Path C:\Program Files\ANSYS Inc\v261\AnsysEM
PyAEDT INFO: Connected to AEDT gRPC session on port 10126.
PyAEDT INFO: Non-graphical mode detected. Disabling Desktop logs.
PyAEDT INFO: Parsing C:\ffzhzh\LocalFiles\Ansys_Project_Files\temp_test_TSV_RDL_154_1783464536_34316.aedt.
PyAEDT INFO: Python version 3.11.15 | packaged by Anaconda, Inc. | (main, Mar 11 2026, 17:12:15) [MSC v.1942 64 bit (AMD64)].
PyAEDT INFO: PyAEDT version 1.0.1.
PyAEDT INFO: Returning found Desktop session with PID 41820!
PyAEDT INFO: File C:\ffzhzh\LocalFiles\Ansys_Project_Files\temp_test_TSV_RDL_154_1783464536_34316.aedt correctly loaded. Elapsed time: 0m 0sec
PyAEDT INFO: Project temp_test_TSV_RDL_154_1783464536_34316 has been opened.
PyAEDT INFO: Active Design set to TSV_RDL
PyAEDT INFO: AEDT objects correctly read
PyAEDT INFO: Modeler class has been initialized! Elapsed time: 0m 0sec
PyAEDT INFO: Project temp_test_TSV_RDL_154_1783464536_34316 Saved correctly
PyAEDT INFO: Key Desktop/ActiveDSOConfigurations/HFSS correctly changed.
PyAEDT INFO: Solving all design setups. Analysis started...
PyAEDT INFO: Design setup None solved correctly in 0.0h 10.0m 32.0s
PyAEDT INFO: Key Desktop/ActiveDSOConfigurations/HFSS correctly changed.
PyAEDT INFO: Exporting Touchstone C:/ffzhzh/LocalFiles/Ansys_Project_Files/temp_test_TSV_RDL_150_1783463937_41684_SNP/temp_test_TSV_RDL_150_1783463937_41684.s2p
PyAEDT INFO: Touchstone correctly exported to C:/ffzhzh/LocalFiles/Ansys_Project_Files/temp_test_TSV_RDL_150_1783463937_41684_SNP/temp_test_TSV_RDL_150_1783463937_41684.s2p
[test / TSV_RDL - Task 150] simulation completed: C:\ffzhzh\SyncFiles\Temp\HFSS_sim\LHS150_50_Connection2\test\TSV_RDL\dut150.s2p
PyAEDT INFO: Desktop has been released and closed.
[test / TSV_RDL - Task 155] simulation started.
PyAEDT INFO: Python version 3.11.15 | packaged by Anaconda, Inc. | (main, Mar 11 2026, 17:12:15) [MSC v.1942 64 bit (AMD64)].
PyAEDT INFO: PyAEDT version 1.0.1.
PyAEDT INFO: Initializing new Desktop session.
PyAEDT INFO: AEDT version 2026.1.
PyAEDT INFO: New AEDT session is starting on gRPC port 14048.
PyAEDT INFO: Starting new AEDT gRPC session on port 14048.
PyAEDT INFO: Launching AEDT server with gRPC transport mode: TransportMode.WNUA
PyAEDT INFO: Electronics Desktop started on gRPC port 14048 after 5.9 seconds.
PyAEDT INFO: AEDT installation Path C:\Program Files\ANSYS Inc\v261\AnsysEM
PyAEDT INFO: Connected to AEDT gRPC session on port 14048.
PyAEDT INFO: Non-graphical mode detected. Disabling Desktop logs.
PyAEDT INFO: Parsing C:\ffzhzh\LocalFiles\Ansys_Project_Files\temp_test_TSV_RDL_155_1783464584_41684.aedt.
PyAEDT INFO: Python version 3.11.15 | packaged by Anaconda, Inc. | (main, Mar 11 2026, 17:12:15) [MSC v.1942 64 bit (AMD64)].
PyAEDT INFO: PyAEDT version 1.0.1.
PyAEDT INFO: Returning found Desktop session with PID 31284!
PyAEDT INFO: File C:\ffzhzh\LocalFiles\Ansys_Project_Files\temp_test_TSV_RDL_155_1783464584_41684.aedt correctly loaded. Elapsed time: 0m 0sec
PyAEDT INFO: Project temp_test_TSV_RDL_155_1783464584_41684 has been opened.
PyAEDT INFO: Active Design set to TSV_RDL
PyAEDT INFO: AEDT objects correctly read
PyAEDT INFO: Modeler class has been initialized! Elapsed time: 0m 0sec
PyAEDT INFO: Project temp_test_TSV_RDL_155_1783464584_41684 Saved correctly
PyAEDT INFO: Key Desktop/ActiveDSOConfigurations/HFSS correctly changed.
PyAEDT INFO: Solving all design setups. Analysis started...
PyAEDT INFO: Design setup None solved correctly in 0.0h 10.0m 42.0s
PyAEDT INFO: Key Desktop/ActiveDSOConfigurations/HFSS correctly changed.
PyAEDT INFO: Exporting Touchstone C:/ffzhzh/LocalFiles/Ansys_Project_Files/temp_test_TSV_RDL_151_1783464121_28540_SNP/temp_test_TSV_RDL_151_1783464121_28540.s2p
PyAEDT INFO: Touchstone correctly exported to C:/ffzhzh/LocalFiles/Ansys_Project_Files/temp_test_TSV_RDL_151_1783464121_28540_SNP/temp_test_TSV_RDL_151_1783464121_28540.s2p
[test / TSV_RDL - Task 151] simulation completed: C:\ffzhzh\SyncFiles\Temp\HFSS_sim\LHS150_50_Connection2\test\TSV_RDL\dut151.s2p
PyAEDT INFO: Desktop has been released and closed.
[test / TSV_RDL - Task 156] simulation started.
PyAEDT INFO: Python version 3.11.15 | packaged by Anaconda, Inc. | (main, Mar 11 2026, 17:12:15) [MSC v.1942 64 bit (AMD64)].
PyAEDT INFO: PyAEDT version 1.0.1.
PyAEDT INFO: Initializing new Desktop session.
PyAEDT INFO: AEDT version 2026.1.
PyAEDT INFO: New AEDT session is starting on gRPC port 2628.
PyAEDT INFO: Starting new AEDT gRPC session on port 2628.
PyAEDT INFO: Launching AEDT server with gRPC transport mode: TransportMode.WNUA
PyAEDT INFO: Electronics Desktop started on gRPC port 2628 after 5.9 seconds.
PyAEDT INFO: AEDT installation Path C:\Program Files\ANSYS Inc\v261\AnsysEM
PyAEDT INFO: Connected to AEDT gRPC session on port 2628.
PyAEDT INFO: Non-graphical mode detected. Disabling Desktop logs.
PyAEDT INFO: Parsing C:\ffzhzh\LocalFiles\Ansys_Project_Files\temp_test_TSV_RDL_156_1783464787_28540.aedt.
PyAEDT INFO: Python version 3.11.15 | packaged by Anaconda, Inc. | (main, Mar 11 2026, 17:12:15) [MSC v.1942 64 bit (AMD64)].
PyAEDT INFO: PyAEDT version 1.0.1.
PyAEDT INFO: Returning found Desktop session with PID 55364!
PyAEDT INFO: File C:\ffzhzh\LocalFiles\Ansys_Project_Files\temp_test_TSV_RDL_156_1783464787_28540.aedt correctly loaded. Elapsed time: 0m 0sec
PyAEDT INFO: Project temp_test_TSV_RDL_156_1783464787_28540 has been opened.
PyAEDT INFO: Active Design set to TSV_RDL
PyAEDT INFO: AEDT objects correctly read
PyAEDT INFO: Modeler class has been initialized! Elapsed time: 0m 0sec
PyAEDT INFO: Project temp_test_TSV_RDL_156_1783464787_28540 Saved correctly
PyAEDT INFO: Key Desktop/ActiveDSOConfigurations/HFSS correctly changed.
PyAEDT INFO: Solving all design setups. Analysis started...
PyAEDT INFO: Design setup None solved correctly in 0.0h 14.0m 29.0s
PyAEDT INFO: Key Desktop/ActiveDSOConfigurations/HFSS correctly changed.
PyAEDT INFO: Exporting Touchstone C:/ffzhzh/LocalFiles/Ansys_Project_Files/temp_test_TSV_RDL_152_1783464307_7600_SNP/temp_test_TSV_RDL_152_1783464307_7600.s2p
PyAEDT INFO: Touchstone correctly exported to C:/ffzhzh/LocalFiles/Ansys_Project_Files/temp_test_TSV_RDL_152_1783464307_7600_SNP/temp_test_TSV_RDL_152_1783464307_7600.s2p
[test / TSV_RDL - Task 152] simulation completed: C:\ffzhzh\SyncFiles\Temp\HFSS_sim\LHS150_50_Connection2\test\TSV_RDL\dut152.s2p
PyAEDT INFO: Desktop has been released and closed.
[test / TSV_RDL - Task 157] simulation started.
PyAEDT INFO: Python version 3.11.15 | packaged by Anaconda, Inc. | (main, Mar 11 2026, 17:12:15) [MSC v.1942 64 bit (AMD64)].
PyAEDT INFO: PyAEDT version 1.0.1.
PyAEDT INFO: Initializing new Desktop session.
PyAEDT INFO: AEDT version 2026.1.
PyAEDT INFO: New AEDT session is starting on gRPC port 11892.
PyAEDT INFO: Starting new AEDT gRPC session on port 11892.
PyAEDT INFO: Launching AEDT server with gRPC transport mode: TransportMode.WNUA
PyAEDT INFO: Solving all design setups. Analysis started...
PyAEDT INFO: Design setup None solved correctly in 0.0h 11.0m 0.0s
PyAEDT INFO: Key Desktop/ActiveDSOConfigurations/HFSS correctly changed.
PyAEDT INFO: Electronics Desktop started on gRPC port 11892 after 6.3 seconds.
PyAEDT INFO: AEDT installation Path C:\Program Files\ANSYS Inc\v261\AnsysEM
PyAEDT INFO: Connected to AEDT gRPC session on port 11892.
PyAEDT INFO: Non-graphical mode detected. Disabling Desktop logs.
PyAEDT INFO: Parsing C:\ffzhzh\LocalFiles\Ansys_Project_Files\temp_test_TSV_RDL_157_1783465198_7600.aedt.
PyAEDT INFO: Python version 3.11.15 | packaged by Anaconda, Inc. | (main, Mar 11 2026, 17:12:15) [MSC v.1942 64 bit (AMD64)].
PyAEDT INFO: PyAEDT version 1.0.1.
PyAEDT INFO: Returning found Desktop session with PID 8616!
PyAEDT INFO: File C:\ffzhzh\LocalFiles\Ansys_Project_Files\temp_test_TSV_RDL_157_1783465198_7600.aedt correctly loaded. Elapsed time: 0m 0sec
PyAEDT INFO: Exporting Touchstone C:/ffzhzh/LocalFiles/Ansys_Project_Files/temp_test_TSV_RDL_154_1783464536_34316_SNP/temp_test_TSV_RDL_154_1783464536_34316.s2p
PyAEDT INFO: Touchstone correctly exported to C:/ffzhzh/LocalFiles/Ansys_Project_Files/temp_test_TSV_RDL_154_1783464536_34316_SNP/temp_test_TSV_RDL_154_1783464536_34316.s2p
PyAEDT INFO: Project temp_test_TSV_RDL_157_1783465198_7600 has been opened.
PyAEDT INFO: Active Design set to TSV_RDL
PyAEDT INFO: AEDT objects correctly read
PyAEDT INFO: Modeler class has been initialized! Elapsed time: 0m 0sec
[test / TSV_RDL - Task 154] simulation completed: C:\ffzhzh\SyncFiles\Temp\HFSS_sim\LHS150_50_Connection2\test\TSV_RDL\dut154.s2p
PyAEDT INFO: Desktop has been released and closed.
PyAEDT INFO: Project temp_test_TSV_RDL_157_1783465198_7600 Saved correctly
PyAEDT INFO: Key Desktop/ActiveDSOConfigurations/HFSS correctly changed.
[test / TSV_RDL - Task 158] simulation started.
PyAEDT INFO: Python version 3.11.15 | packaged by Anaconda, Inc. | (main, Mar 11 2026, 17:12:15) [MSC v.1942 64 bit (AMD64)].
PyAEDT INFO: PyAEDT version 1.0.1.
PyAEDT INFO: Initializing new Desktop session.
PyAEDT INFO: AEDT version 2026.1.
PyAEDT INFO: New AEDT session is starting on gRPC port 3253.
PyAEDT INFO: Starting new AEDT gRPC session on port 3253.
PyAEDT INFO: Launching AEDT server with gRPC transport mode: TransportMode.WNUA
PyAEDT INFO: Electronics Desktop started on gRPC port 3253 after 5.8 seconds.
PyAEDT INFO: AEDT installation Path C:\Program Files\ANSYS Inc\v261\AnsysEM
PyAEDT INFO: Connected to AEDT gRPC session on port 3253.
PyAEDT INFO: Non-graphical mode detected. Disabling Desktop logs.
PyAEDT INFO: Parsing C:\ffzhzh\LocalFiles\Ansys_Project_Files\temp_test_TSV_RDL_158_1783465211_34316.aedt.
PyAEDT INFO: Python version 3.11.15 | packaged by Anaconda, Inc. | (main, Mar 11 2026, 17:12:15) [MSC v.1942 64 bit (AMD64)].
PyAEDT INFO: PyAEDT version 1.0.1.
PyAEDT INFO: Returning found Desktop session with PID 27216!
PyAEDT INFO: File C:\ffzhzh\LocalFiles\Ansys_Project_Files\temp_test_TSV_RDL_158_1783465211_34316.aedt correctly loaded. Elapsed time: 0m 0sec
PyAEDT INFO: Project temp_test_TSV_RDL_158_1783465211_34316 has been opened.
PyAEDT INFO: Active Design set to TSV_RDL
PyAEDT INFO: AEDT objects correctly read
PyAEDT INFO: Modeler class has been initialized! Elapsed time: 0m 0sec
PyAEDT INFO: Project temp_test_TSV_RDL_158_1783465211_34316 Saved correctly
PyAEDT INFO: Key Desktop/ActiveDSOConfigurations/HFSS correctly changed.
PyAEDT INFO: Solving all design setups. Analysis started...
PyAEDT INFO: Design setup None solved correctly in 0.0h 8.0m 11.0s
PyAEDT INFO: Key Desktop/ActiveDSOConfigurations/HFSS correctly changed.
PyAEDT INFO: Solving all design setups. Analysis started...
PyAEDT INFO: Design setup None solved correctly in 0.0h 15.0m 50.0s
PyAEDT INFO: Key Desktop/ActiveDSOConfigurations/HFSS correctly changed.
PyAEDT INFO: Exporting Touchstone C:/ffzhzh/LocalFiles/Ansys_Project_Files/temp_test_TSV_RDL_156_1783464787_28540_SNP/temp_test_TSV_RDL_156_1783464787_28540.s2p
PyAEDT INFO: Touchstone correctly exported to C:/ffzhzh/LocalFiles/Ansys_Project_Files/temp_test_TSV_RDL_156_1783464787_28540_SNP/temp_test_TSV_RDL_156_1783464787_28540.s2p
PyAEDT INFO: Exporting Touchstone C:/ffzhzh/LocalFiles/Ansys_Project_Files/temp_test_TSV_RDL_153_1783464329_50928_SNP/temp_test_TSV_RDL_153_1783464329_50928.s2p
PyAEDT INFO: Touchstone correctly exported to C:/ffzhzh/LocalFiles/Ansys_Project_Files/temp_test_TSV_RDL_153_1783464329_50928_SNP/temp_test_TSV_RDL_153_1783464329_50928.s2p
[test / TSV_RDL - Task 156] simulation completed: C:\ffzhzh\SyncFiles\Temp\HFSS_sim\LHS150_50_Connection2\test\TSV_RDL\dut156.s2p
PyAEDT INFO: Desktop has been released and closed.
[test / TSV_RDL - Task 153] simulation completed: C:\ffzhzh\SyncFiles\Temp\HFSS_sim\LHS150_50_Connection2\test\TSV_RDL\dut153.s2p
PyAEDT INFO: Desktop has been released and closed.
[test / TSV_RDL - Task 159] simulation started.
PyAEDT INFO: Python version 3.11.15 | packaged by Anaconda, Inc. | (main, Mar 11 2026, 17:12:15) [MSC v.1942 64 bit (AMD64)].
PyAEDT INFO: PyAEDT version 1.0.1.
PyAEDT INFO: Initializing new Desktop session.
PyAEDT INFO: AEDT version 2026.1.
PyAEDT INFO: New AEDT session is starting on gRPC port 8117.
[test / TSV_RDL - Task 160] simulation started.
PyAEDT INFO: Python version 3.11.15 | packaged by Anaconda, Inc. | (main, Mar 11 2026, 17:12:15) [MSC v.1942 64 bit (AMD64)].
PyAEDT INFO: PyAEDT version 1.0.1.
PyAEDT INFO: Initializing new Desktop session.
PyAEDT INFO: AEDT version 2026.1.
PyAEDT INFO: Starting new AEDT gRPC session on port 8117.
PyAEDT INFO: Launching AEDT server with gRPC transport mode: TransportMode.WNUA
PyAEDT INFO: New AEDT session is starting on gRPC port 11866.
PyAEDT INFO: Starting new AEDT gRPC session on port 11866.
PyAEDT INFO: Launching AEDT server with gRPC transport mode: TransportMode.WNUA
PyAEDT INFO: Electronics Desktop started on gRPC port 8117 after 5.5 seconds.
PyAEDT INFO: AEDT installation Path C:\Program Files\ANSYS Inc\v261\AnsysEM
PyAEDT INFO: Connected to AEDT gRPC session on port 8117.
PyAEDT INFO: Non-graphical mode detected. Disabling Desktop logs.
PyAEDT INFO: Parsing C:\ffzhzh\LocalFiles\Ansys_Project_Files\temp_test_TSV_RDL_159_1783465293_28540.aedt.
PyAEDT INFO: Python version 3.11.15 | packaged by Anaconda, Inc. | (main, Mar 11 2026, 17:12:15) [MSC v.1942 64 bit (AMD64)].
PyAEDT INFO: PyAEDT version 1.0.1.
PyAEDT INFO: Returning found Desktop session with PID 50040!
PyAEDT INFO: File C:\ffzhzh\LocalFiles\Ansys_Project_Files\temp_test_TSV_RDL_159_1783465293_28540.aedt correctly loaded. Elapsed time: 0m 0sec
PyAEDT INFO: Electronics Desktop started on gRPC port 11866 after 5.5 seconds.
PyAEDT INFO: AEDT installation Path C:\Program Files\ANSYS Inc\v261\AnsysEM
PyAEDT INFO: Connected to AEDT gRPC session on port 11866.
PyAEDT INFO: Non-graphical mode detected. Disabling Desktop logs.
PyAEDT INFO: Parsing C:\ffzhzh\LocalFiles\Ansys_Project_Files\temp_test_TSV_RDL_160_1783465293_50928.aedt.
PyAEDT INFO: Python version 3.11.15 | packaged by Anaconda, Inc. | (main, Mar 11 2026, 17:12:15) [MSC v.1942 64 bit (AMD64)].
PyAEDT INFO: PyAEDT version 1.0.1.
PyAEDT INFO: Returning found Desktop session with PID 40816!
PyAEDT INFO: File C:\ffzhzh\LocalFiles\Ansys_Project_Files\temp_test_TSV_RDL_160_1783465293_50928.aedt correctly loaded. Elapsed time: 0m 0sec
PyAEDT INFO: Project temp_test_TSV_RDL_159_1783465293_28540 has been opened.
PyAEDT INFO: Active Design set to TSV_RDL
PyAEDT INFO: Project temp_test_TSV_RDL_160_1783465293_50928 has been opened.
PyAEDT INFO: AEDT objects correctly read
PyAEDT INFO: Modeler class has been initialized! Elapsed time: 0m 0sec
PyAEDT INFO: Active Design set to TSV_RDL
PyAEDT INFO: AEDT objects correctly read
PyAEDT INFO: Modeler class has been initialized! Elapsed time: 0m 0sec
PyAEDT INFO: Project temp_test_TSV_RDL_159_1783465293_28540 Saved correctly
PyAEDT INFO: Key Desktop/ActiveDSOConfigurations/HFSS correctly changed.
PyAEDT INFO: Project temp_test_TSV_RDL_160_1783465293_50928 Saved correctly
PyAEDT INFO: Key Desktop/ActiveDSOConfigurations/HFSS correctly changed.
PyAEDT INFO: Solving all design setups. Analysis started...
PyAEDT INFO: Design setup None solved correctly in 0.0h 11.0m 53.0s
PyAEDT INFO: Key Desktop/ActiveDSOConfigurations/HFSS correctly changed.
PyAEDT INFO: Exporting Touchstone C:/ffzhzh/LocalFiles/Ansys_Project_Files/temp_test_TSV_RDL_155_1783464584_41684_SNP/temp_test_TSV_RDL_155_1783464584_41684.s2p
PyAEDT INFO: Touchstone correctly exported to C:/ffzhzh/LocalFiles/Ansys_Project_Files/temp_test_TSV_RDL_155_1783464584_41684_SNP/temp_test_TSV_RDL_155_1783464584_41684.s2p
[test / TSV_RDL - Task 155] simulation completed: C:\ffzhzh\SyncFiles\Temp\HFSS_sim\LHS150_50_Connection2\test\TSV_RDL\dut155.s2p
PyAEDT INFO: Desktop has been released and closed.
[test / TSV_RDL - Task 161] simulation started.
PyAEDT INFO: Python version 3.11.15 | packaged by Anaconda, Inc. | (main, Mar 11 2026, 17:12:15) [MSC v.1942 64 bit (AMD64)].
PyAEDT INFO: PyAEDT version 1.0.1.
PyAEDT INFO: Initializing new Desktop session.
PyAEDT INFO: AEDT version 2026.1.
PyAEDT INFO: New AEDT session is starting on gRPC port 4418.
PyAEDT INFO: Starting new AEDT gRPC session on port 4418.
PyAEDT INFO: Launching AEDT server with gRPC transport mode: TransportMode.WNUA
PyAEDT INFO: Electronics Desktop started on gRPC port 4418 after 5.6 seconds.
PyAEDT INFO: AEDT installation Path C:\Program Files\ANSYS Inc\v261\AnsysEM
PyAEDT INFO: Connected to AEDT gRPC session on port 4418.
PyAEDT INFO: Non-graphical mode detected. Disabling Desktop logs.
PyAEDT INFO: Parsing C:\ffzhzh\LocalFiles\Ansys_Project_Files\temp_test_TSV_RDL_161_1783465312_41684.aedt.
PyAEDT INFO: Python version 3.11.15 | packaged by Anaconda, Inc. | (main, Mar 11 2026, 17:12:15) [MSC v.1942 64 bit (AMD64)].
PyAEDT INFO: PyAEDT version 1.0.1.
PyAEDT INFO: Returning found Desktop session with PID 24696!
PyAEDT INFO: File C:\ffzhzh\LocalFiles\Ansys_Project_Files\temp_test_TSV_RDL_161_1783465312_41684.aedt correctly loaded. Elapsed time: 0m 0sec
PyAEDT INFO: Project temp_test_TSV_RDL_161_1783465312_41684 has been opened.
PyAEDT INFO: Active Design set to TSV_RDL
PyAEDT INFO: AEDT objects correctly read
PyAEDT INFO: Modeler class has been initialized! Elapsed time: 0m 0sec
PyAEDT INFO: Project temp_test_TSV_RDL_161_1783465312_41684 Saved correctly
PyAEDT INFO: Key Desktop/ActiveDSOConfigurations/HFSS correctly changed.
PyAEDT INFO: Solving all design setups. Analysis started...
PyAEDT INFO: Design setup None solved correctly in 0.0h 8.0m 32.0s
PyAEDT INFO: Key Desktop/ActiveDSOConfigurations/HFSS correctly changed.
PyAEDT INFO: Exporting Touchstone C:/ffzhzh/LocalFiles/Ansys_Project_Files/temp_test_TSV_RDL_160_1783465293_50928_SNP/temp_test_TSV_RDL_160_1783465293_50928.s2p
PyAEDT INFO: Touchstone correctly exported to C:/ffzhzh/LocalFiles/Ansys_Project_Files/temp_test_TSV_RDL_160_1783465293_50928_SNP/temp_test_TSV_RDL_160_1783465293_50928.s2p
[test / TSV_RDL - Task 160] simulation completed: C:\ffzhzh\SyncFiles\Temp\HFSS_sim\LHS150_50_Connection2\test\TSV_RDL\dut160.s2p
PyAEDT INFO: Desktop has been released and closed.
[test / TSV_RDL - Task 162] simulation started.
PyAEDT INFO: Python version 3.11.15 | packaged by Anaconda, Inc. | (main, Mar 11 2026, 17:12:15) [MSC v.1942 64 bit (AMD64)].
PyAEDT INFO: PyAEDT version 1.0.1.
PyAEDT INFO: Initializing new Desktop session.
PyAEDT INFO: AEDT version 2026.1.
PyAEDT INFO: New AEDT session is starting on gRPC port 8498.
PyAEDT INFO: Starting new AEDT gRPC session on port 8498.
PyAEDT INFO: Launching AEDT server with gRPC transport mode: TransportMode.WNUA
PyAEDT INFO: Solving all design setups. Analysis started...
PyAEDT INFO: Design setup None solved correctly in 0.0h 10.0m 28.0s
PyAEDT INFO: Key Desktop/ActiveDSOConfigurations/HFSS correctly changed.
PyAEDT INFO: Electronics Desktop started on gRPC port 8498 after 7.2 seconds.
PyAEDT INFO: AEDT installation Path C:\Program Files\ANSYS Inc\v261\AnsysEM
PyAEDT INFO: Connected to AEDT gRPC session on port 8498.
PyAEDT INFO: Non-graphical mode detected. Disabling Desktop logs.
PyAEDT INFO: Parsing C:\ffzhzh\LocalFiles\Ansys_Project_Files\temp_test_TSV_RDL_162_1783465830_50928.aedt.
PyAEDT INFO: Python version 3.11.15 | packaged by Anaconda, Inc. | (main, Mar 11 2026, 17:12:15) [MSC v.1942 64 bit (AMD64)].
PyAEDT INFO: PyAEDT version 1.0.1.
PyAEDT INFO: Returning found Desktop session with PID 11508!
PyAEDT INFO: File C:\ffzhzh\LocalFiles\Ansys_Project_Files\temp_test_TSV_RDL_162_1783465830_50928.aedt correctly loaded. Elapsed time: 0m 0sec
PyAEDT INFO: Exporting Touchstone C:/ffzhzh/LocalFiles/Ansys_Project_Files/temp_test_TSV_RDL_157_1783465198_7600_SNP/temp_test_TSV_RDL_157_1783465198_7600.s2p
PyAEDT INFO: Touchstone correctly exported to C:/ffzhzh/LocalFiles/Ansys_Project_Files/temp_test_TSV_RDL_157_1783465198_7600_SNP/temp_test_TSV_RDL_157_1783465198_7600.s2p
PyAEDT INFO: Project temp_test_TSV_RDL_162_1783465830_50928 has been opened.
PyAEDT INFO: Active Design set to TSV_RDL
PyAEDT INFO: AEDT objects correctly read
PyAEDT INFO: Modeler class has been initialized! Elapsed time: 0m 0sec
[test / TSV_RDL - Task 157] simulation completed: C:\ffzhzh\SyncFiles\Temp\HFSS_sim\LHS150_50_Connection2\test\TSV_RDL\dut157.s2p
PyAEDT INFO: Desktop has been released and closed.
PyAEDT INFO: Project temp_test_TSV_RDL_162_1783465830_50928 Saved correctly
PyAEDT INFO: Key Desktop/ActiveDSOConfigurations/HFSS correctly changed.
[test / TSV_RDL - Task 163] simulation started.
PyAEDT INFO: Python version 3.11.15 | packaged by Anaconda, Inc. | (main, Mar 11 2026, 17:12:15) [MSC v.1942 64 bit (AMD64)].
PyAEDT INFO: PyAEDT version 1.0.1.
PyAEDT INFO: Initializing new Desktop session.
PyAEDT INFO: AEDT version 2026.1.
PyAEDT INFO: New AEDT session is starting on gRPC port 9220.
PyAEDT INFO: Starting new AEDT gRPC session on port 9220.
PyAEDT INFO: Launching AEDT server with gRPC transport mode: TransportMode.WNUA
PyAEDT INFO: Electronics Desktop started on gRPC port 9220 after 5.6 seconds.
PyAEDT INFO: AEDT installation Path C:\Program Files\ANSYS Inc\v261\AnsysEM
PyAEDT INFO: Connected to AEDT gRPC session on port 9220.
PyAEDT INFO: Non-graphical mode detected. Disabling Desktop logs.
PyAEDT INFO: Parsing C:\ffzhzh\LocalFiles\Ansys_Project_Files\temp_test_TSV_RDL_163_1783465843_7600.aedt.
PyAEDT INFO: Python version 3.11.15 | packaged by Anaconda, Inc. | (main, Mar 11 2026, 17:12:15) [MSC v.1942 64 bit (AMD64)].
PyAEDT INFO: PyAEDT version 1.0.1.
PyAEDT INFO: Returning found Desktop session with PID 23452!
PyAEDT INFO: File C:\ffzhzh\LocalFiles\Ansys_Project_Files\temp_test_TSV_RDL_163_1783465843_7600.aedt correctly loaded. Elapsed time: 0m 0sec
PyAEDT INFO: Project temp_test_TSV_RDL_163_1783465843_7600 has been opened.
PyAEDT INFO: Active Design set to TSV_RDL
PyAEDT INFO: AEDT objects correctly read
PyAEDT INFO: Modeler class has been initialized! Elapsed time: 0m 0sec
PyAEDT INFO: Project temp_test_TSV_RDL_163_1783465843_7600 Saved correctly
PyAEDT INFO: Key Desktop/ActiveDSOConfigurations/HFSS correctly changed.
PyAEDT INFO: Solving all design setups. Analysis started...
PyAEDT INFO: Design setup None solved correctly in 0.0h 10.0m 38.0s
PyAEDT INFO: Key Desktop/ActiveDSOConfigurations/HFSS correctly changed.
PyAEDT INFO: Exporting Touchstone C:/ffzhzh/LocalFiles/Ansys_Project_Files/temp_test_TSV_RDL_159_1783465293_28540_SNP/temp_test_TSV_RDL_159_1783465293_28540.s2p
PyAEDT INFO: Touchstone correctly exported to C:/ffzhzh/LocalFiles/Ansys_Project_Files/temp_test_TSV_RDL_159_1783465293_28540_SNP/temp_test_TSV_RDL_159_1783465293_28540.s2p
[test / TSV_RDL - Task 159] simulation completed: C:\ffzhzh\SyncFiles\Temp\HFSS_sim\LHS150_50_Connection2\test\TSV_RDL\dut159.s2p
PyAEDT INFO: Desktop has been released and closed.
[test / TSV_RDL - Task 164] simulation started.
PyAEDT INFO: Python version 3.11.15 | packaged by Anaconda, Inc. | (main, Mar 11 2026, 17:12:15) [MSC v.1942 64 bit (AMD64)].
PyAEDT INFO: PyAEDT version 1.0.1.
PyAEDT INFO: Initializing new Desktop session.
PyAEDT INFO: AEDT version 2026.1.
PyAEDT INFO: New AEDT session is starting on gRPC port 6351.
PyAEDT INFO: Starting new AEDT gRPC session on port 6351.
PyAEDT INFO: Launching AEDT server with gRPC transport mode: TransportMode.WNUA
PyAEDT INFO: Electronics Desktop started on gRPC port 6351 after 5.7 seconds.
PyAEDT INFO: AEDT installation Path C:\Program Files\ANSYS Inc\v261\AnsysEM
PyAEDT INFO: Connected to AEDT gRPC session on port 6351.
PyAEDT INFO: Non-graphical mode detected. Disabling Desktop logs.
PyAEDT INFO: Parsing C:\ffzhzh\LocalFiles\Ansys_Project_Files\temp_test_TSV_RDL_164_1783465954_28540.aedt.
PyAEDT INFO: Python version 3.11.15 | packaged by Anaconda, Inc. | (main, Mar 11 2026, 17:12:15) [MSC v.1942 64 bit (AMD64)].
PyAEDT INFO: PyAEDT version 1.0.1.
PyAEDT INFO: Returning found Desktop session with PID 47520!
PyAEDT INFO: File C:\ffzhzh\LocalFiles\Ansys_Project_Files\temp_test_TSV_RDL_164_1783465954_28540.aedt correctly loaded. Elapsed time: 0m 0sec
PyAEDT INFO: Project temp_test_TSV_RDL_164_1783465954_28540 has been opened.
PyAEDT INFO: Active Design set to TSV_RDL
PyAEDT INFO: AEDT objects correctly read
PyAEDT INFO: Modeler class has been initialized! Elapsed time: 0m 0sec
PyAEDT INFO: Project temp_test_TSV_RDL_164_1783465954_28540 Saved correctly
PyAEDT INFO: Key Desktop/ActiveDSOConfigurations/HFSS correctly changed.
PyAEDT INFO: Solving all design setups. Analysis started...
PyAEDT INFO: Design setup None solved correctly in 0.0h 15.0m 25.0s
PyAEDT INFO: Key Desktop/ActiveDSOConfigurations/HFSS correctly changed.
PyAEDT INFO: Exporting Touchstone C:/ffzhzh/LocalFiles/Ansys_Project_Files/temp_test_TSV_RDL_161_1783465312_41684_SNP/temp_test_TSV_RDL_161_1783465312_41684.s2p
PyAEDT INFO: Touchstone correctly exported to C:/ffzhzh/LocalFiles/Ansys_Project_Files/temp_test_TSV_RDL_161_1783465312_41684_SNP/temp_test_TSV_RDL_161_1783465312_41684.s2p
[test / TSV_RDL - Task 161] simulation completed: C:\ffzhzh\SyncFiles\Temp\HFSS_sim\LHS150_50_Connection2\test\TSV_RDL\dut161.s2p
PyAEDT INFO: Desktop has been released and closed.
[test / TSV_RDL - Task 165] simulation started.
PyAEDT INFO: Python version 3.11.15 | packaged by Anaconda, Inc. | (main, Mar 11 2026, 17:12:15) [MSC v.1942 64 bit (AMD64)].
PyAEDT INFO: PyAEDT version 1.0.1.
PyAEDT INFO: Initializing new Desktop session.
PyAEDT INFO: AEDT version 2026.1.
PyAEDT INFO: New AEDT session is starting on gRPC port 4849.
PyAEDT INFO: Starting new AEDT gRPC session on port 4849.
PyAEDT INFO: Launching AEDT server with gRPC transport mode: TransportMode.WNUA
PyAEDT INFO: Electronics Desktop started on gRPC port 4849 after 6.7 seconds.
PyAEDT INFO: AEDT installation Path C:\Program Files\ANSYS Inc\v261\AnsysEM
PyAEDT INFO: Connected to AEDT gRPC session on port 4849.
PyAEDT INFO: Non-graphical mode detected. Disabling Desktop logs.
PyAEDT INFO: Python version 3.11.15 | packaged by Anaconda, Inc. | (main, Mar 11 2026, 17:12:15) [MSC v.1942 64 bit (AMD64)].
PyAEDT INFO: Parsing C:\ffzhzh\LocalFiles\Ansys_Project_Files\temp_test_TSV_RDL_165_1783466261_41684.aedt.
PyAEDT INFO: PyAEDT version 1.0.1.
PyAEDT INFO: Returning found Desktop session with PID 43064!
PyAEDT INFO: File C:\ffzhzh\LocalFiles\Ansys_Project_Files\temp_test_TSV_RDL_165_1783466261_41684.aedt correctly loaded. Elapsed time: 0m 0sec
PyAEDT INFO: Project temp_test_TSV_RDL_165_1783466261_41684 has been opened.
PyAEDT INFO: Active Design set to TSV_RDL
PyAEDT INFO: AEDT objects correctly read
PyAEDT INFO: Modeler class has been initialized! Elapsed time: 0m 0sec
PyAEDT INFO: Project temp_test_TSV_RDL_165_1783466261_41684 Saved correctly
PyAEDT INFO: Key Desktop/ActiveDSOConfigurations/HFSS correctly changed.
PyAEDT INFO: Solving all design setups. Analysis started...
PyAEDT INFO: Design setup None solved correctly in 0.0h 9.0m 1.0s
PyAEDT INFO: Key Desktop/ActiveDSOConfigurations/HFSS correctly changed.
PyAEDT INFO: Exporting Touchstone C:/ffzhzh/LocalFiles/Ansys_Project_Files/temp_test_TSV_RDL_162_1783465830_50928_SNP/temp_test_TSV_RDL_162_1783465830_50928.s2p
PyAEDT INFO: Touchstone correctly exported to C:/ffzhzh/LocalFiles/Ansys_Project_Files/temp_test_TSV_RDL_162_1783465830_50928_SNP/temp_test_TSV_RDL_162_1783465830_50928.s2p
[test / TSV_RDL - Task 162] simulation completed: C:\ffzhzh\SyncFiles\Temp\HFSS_sim\LHS150_50_Connection2\test\TSV_RDL\dut162.s2p
PyAEDT INFO: Desktop has been released and closed.
[test / TSV_RDL - Task 166] simulation started.
PyAEDT INFO: Python version 3.11.15 | packaged by Anaconda, Inc. | (main, Mar 11 2026, 17:12:15) [MSC v.1942 64 bit (AMD64)].
PyAEDT INFO: PyAEDT version 1.0.1.
PyAEDT INFO: Initializing new Desktop session.
PyAEDT INFO: AEDT version 2026.1.
PyAEDT INFO: New AEDT session is starting on gRPC port 1162.
PyAEDT INFO: Starting new AEDT gRPC session on port 1162.
PyAEDT INFO: Launching AEDT server with gRPC transport mode: TransportMode.WNUA
PyAEDT INFO: Electronics Desktop started on gRPC port 1162 after 5.8 seconds.
PyAEDT INFO: AEDT installation Path C:\Program Files\ANSYS Inc\v261\AnsysEM
PyAEDT INFO: Connected to AEDT gRPC session on port 1162.
PyAEDT INFO: Non-graphical mode detected. Disabling Desktop logs.
PyAEDT INFO: Parsing C:\ffzhzh\LocalFiles\Ansys_Project_Files\temp_test_TSV_RDL_166_1783466395_50928.aedt.
PyAEDT INFO: Python version 3.11.15 | packaged by Anaconda, Inc. | (main, Mar 11 2026, 17:12:15) [MSC v.1942 64 bit (AMD64)].
PyAEDT INFO: PyAEDT version 1.0.1.
PyAEDT INFO: Returning found Desktop session with PID 40684!
PyAEDT INFO: File C:\ffzhzh\LocalFiles\Ansys_Project_Files\temp_test_TSV_RDL_166_1783466395_50928.aedt correctly loaded. Elapsed time: 0m 0sec
PyAEDT INFO: Project temp_test_TSV_RDL_166_1783466395_50928 has been opened.
PyAEDT INFO: Active Design set to TSV_RDL
PyAEDT INFO: AEDT objects correctly read
PyAEDT INFO: Modeler class has been initialized! Elapsed time: 0m 0sec
PyAEDT INFO: Project temp_test_TSV_RDL_166_1783466395_50928 Saved correctly
PyAEDT INFO: Key Desktop/ActiveDSOConfigurations/HFSS correctly changed.
PyAEDT INFO: Solving all design setups. Analysis started...
PyAEDT INFO: Design setup None solved correctly in 0.0h 10.0m 6.0s
PyAEDT INFO: Key Desktop/ActiveDSOConfigurations/HFSS correctly changed.
PyAEDT INFO: Exporting Touchstone C:/ffzhzh/LocalFiles/Ansys_Project_Files/temp_test_TSV_RDL_163_1783465843_7600_SNP/temp_test_TSV_RDL_163_1783465843_7600.s2p
PyAEDT INFO: Touchstone correctly exported to C:/ffzhzh/LocalFiles/Ansys_Project_Files/temp_test_TSV_RDL_163_1783465843_7600_SNP/temp_test_TSV_RDL_163_1783465843_7600.s2p
[test / TSV_RDL - Task 163] simulation completed: C:\ffzhzh\SyncFiles\Temp\HFSS_sim\LHS150_50_Connection2\test\TSV_RDL\dut163.s2p
PyAEDT INFO: Desktop has been released and closed.
[test / TSV_RDL - Task 167] simulation started.
PyAEDT INFO: Python version 3.11.15 | packaged by Anaconda, Inc. | (main, Mar 11 2026, 17:12:15) [MSC v.1942 64 bit (AMD64)].
PyAEDT INFO: PyAEDT version 1.0.1.
PyAEDT INFO: Initializing new Desktop session.
PyAEDT INFO: AEDT version 2026.1.
PyAEDT INFO: New AEDT session is starting on gRPC port 1314.
PyAEDT INFO: Starting new AEDT gRPC session on port 1314.
PyAEDT INFO: Launching AEDT server with gRPC transport mode: TransportMode.WNUA
PyAEDT INFO: Electronics Desktop started on gRPC port 1314 after 6.9 seconds.
PyAEDT INFO: AEDT installation Path C:\Program Files\ANSYS Inc\v261\AnsysEM
PyAEDT INFO: Connected to AEDT gRPC session on port 1314.
PyAEDT INFO: Non-graphical mode detected. Disabling Desktop logs.
PyAEDT INFO: Parsing C:\ffzhzh\LocalFiles\Ansys_Project_Files\temp_test_TSV_RDL_167_1783466469_7600.aedt.
PyAEDT INFO: Python version 3.11.15 | packaged by Anaconda, Inc. | (main, Mar 11 2026, 17:12:15) [MSC v.1942 64 bit (AMD64)].
PyAEDT INFO: PyAEDT version 1.0.1.
PyAEDT INFO: Returning found Desktop session with PID 35880!
PyAEDT INFO: File C:\ffzhzh\LocalFiles\Ansys_Project_Files\temp_test_TSV_RDL_167_1783466469_7600.aedt correctly loaded. Elapsed time: 0m 0sec
PyAEDT INFO: Project temp_test_TSV_RDL_167_1783466469_7600 has been opened.
PyAEDT INFO: Active Design set to TSV_RDL
PyAEDT INFO: AEDT objects correctly read
PyAEDT INFO: Modeler class has been initialized! Elapsed time: 0m 0sec
PyAEDT INFO: Project temp_test_TSV_RDL_167_1783466469_7600 Saved correctly
PyAEDT INFO: Key Desktop/ActiveDSOConfigurations/HFSS correctly changed.
PyAEDT INFO: Solving all design setups. Analysis started...
PyAEDT INFO: Design setup None solved correctly in 0.0h 10.0m 28.0s
PyAEDT INFO: Key Desktop/ActiveDSOConfigurations/HFSS correctly changed.
PyAEDT INFO: Exporting Touchstone C:/ffzhzh/LocalFiles/Ansys_Project_Files/temp_test_TSV_RDL_167_1783466469_7600_SNP/temp_test_TSV_RDL_167_1783466469_7600.s2p
PyAEDT INFO: Touchstone correctly exported to C:/ffzhzh/LocalFiles/Ansys_Project_Files/temp_test_TSV_RDL_167_1783466469_7600_SNP/temp_test_TSV_RDL_167_1783466469_7600.s2p
[test / TSV_RDL - Task 167] simulation completed: C:\ffzhzh\SyncFiles\Temp\HFSS_sim\LHS150_50_Connection2\test\TSV_RDL\dut167.s2p
PyAEDT INFO: Desktop has been released and closed.
[test / TSV_RDL - Task 168] simulation started.
PyAEDT INFO: Python version 3.11.15 | packaged by Anaconda, Inc. | (main, Mar 11 2026, 17:12:15) [MSC v.1942 64 bit (AMD64)].
PyAEDT INFO: PyAEDT version 1.0.1.
PyAEDT INFO: Initializing new Desktop session.
PyAEDT INFO: AEDT version 2026.1.
PyAEDT INFO: New AEDT session is starting on gRPC port 12084.
PyAEDT INFO: Starting new AEDT gRPC session on port 12084.
PyAEDT INFO: Launching AEDT server with gRPC transport mode: TransportMode.WNUA
PyAEDT INFO: Electronics Desktop started on gRPC port 12084 after 12.8 seconds.
PyAEDT INFO: AEDT installation Path C:\Program Files\ANSYS Inc\v261\AnsysEM
PyAEDT INFO: Connected to AEDT gRPC session on port 12084.
PyAEDT INFO: Non-graphical mode detected. Disabling Desktop logs.
PyAEDT INFO: Parsing C:\ffzhzh\LocalFiles\Ansys_Project_Files\temp_test_TSV_RDL_168_1783467120_7600.aedt.
PyAEDT INFO: Python version 3.11.15 | packaged by Anaconda, Inc. | (main, Mar 11 2026, 17:12:15) [MSC v.1942 64 bit (AMD64)].
PyAEDT INFO: PyAEDT version 1.0.1.
PyAEDT INFO: Returning found Desktop session with PID 32464!
PyAEDT INFO: File C:\ffzhzh\LocalFiles\Ansys_Project_Files\temp_test_TSV_RDL_168_1783467120_7600.aedt correctly loaded. Elapsed time: 0m 0sec
PyAEDT INFO: Project temp_test_TSV_RDL_168_1783467120_7600 has been opened.
PyAEDT INFO: Active Design set to TSV_RDL
PyAEDT INFO: AEDT objects correctly read
PyAEDT INFO: Modeler class has been initialized! Elapsed time: 0m 0sec
PyAEDT INFO: Project temp_test_TSV_RDL_168_1783467120_7600 Saved correctly
PyAEDT INFO: Key Desktop/ActiveDSOConfigurations/HFSS correctly changed.
PyAEDT INFO: Solving all design setups. Analysis started...
PyAEDT INFO: Design setup None solved correctly in 0.0h 14.0m 31.0s
PyAEDT INFO: Key Desktop/ActiveDSOConfigurations/HFSS correctly changed.
PyAEDT INFO: Exporting Touchstone C:/ffzhzh/LocalFiles/Ansys_Project_Files/temp_test_TSV_RDL_165_1783466261_41684_SNP/temp_test_TSV_RDL_165_1783466261_41684.s2p
PyAEDT INFO: Touchstone correctly exported to C:/ffzhzh/LocalFiles/Ansys_Project_Files/temp_test_TSV_RDL_165_1783466261_41684_SNP/temp_test_TSV_RDL_165_1783466261_41684.s2p
[test / TSV_RDL - Task 165] simulation completed: C:\ffzhzh\SyncFiles\Temp\HFSS_sim\LHS150_50_Connection2\test\TSV_RDL\dut165.s2p
PyAEDT INFO: Desktop has been released and closed.
[test / TSV_RDL - Task 169] simulation started.
PyAEDT INFO: Python version 3.11.15 | packaged by Anaconda, Inc. | (main, Mar 11 2026, 17:12:15) [MSC v.1942 64 bit (AMD64)].
PyAEDT INFO: PyAEDT version 1.0.1.
PyAEDT INFO: Initializing new Desktop session.
PyAEDT INFO: AEDT version 2026.1.
PyAEDT INFO: New AEDT session is starting on gRPC port 10481.
PyAEDT INFO: Starting new AEDT gRPC session on port 10481.
PyAEDT INFO: Launching AEDT server with gRPC transport mode: TransportMode.WNUA
PyAEDT INFO: Electronics Desktop started on gRPC port 10481 after 6.2 seconds.
PyAEDT INFO: AEDT installation Path C:\Program Files\ANSYS Inc\v261\AnsysEM
PyAEDT INFO: Connected to AEDT gRPC session on port 10481.
PyAEDT INFO: Non-graphical mode detected. Disabling Desktop logs.
PyAEDT INFO: Parsing C:\ffzhzh\LocalFiles\Ansys_Project_Files\temp_test_TSV_RDL_169_1783467157_41684.aedt.
PyAEDT INFO: Python version 3.11.15 | packaged by Anaconda, Inc. | (main, Mar 11 2026, 17:12:15) [MSC v.1942 64 bit (AMD64)].
PyAEDT INFO: PyAEDT version 1.0.1.
PyAEDT INFO: Returning found Desktop session with PID 24544!
PyAEDT INFO: File C:\ffzhzh\LocalFiles\Ansys_Project_Files\temp_test_TSV_RDL_169_1783467157_41684.aedt correctly loaded. Elapsed time: 0m 0sec
PyAEDT INFO: Project temp_test_TSV_RDL_169_1783467157_41684 has been opened.
PyAEDT INFO: Active Design set to TSV_RDL
PyAEDT INFO: AEDT objects correctly read
PyAEDT INFO: Modeler class has been initialized! Elapsed time: 0m 0sec
PyAEDT INFO: Project temp_test_TSV_RDL_169_1783467157_41684 Saved correctly
PyAEDT INFO: Key Desktop/ActiveDSOConfigurations/HFSS correctly changed.
PyAEDT INFO: Solving all design setups. Analysis started...
PyAEDT INFO: Design setup None solved correctly in 0.0h 15.0m 1.0s
PyAEDT INFO: Key Desktop/ActiveDSOConfigurations/HFSS correctly changed.
PyAEDT INFO: Exporting Touchstone C:/ffzhzh/LocalFiles/Ansys_Project_Files/temp_test_TSV_RDL_166_1783466395_50928_SNP/temp_test_TSV_RDL_166_1783466395_50928.s2p
PyAEDT INFO: Touchstone correctly exported to C:/ffzhzh/LocalFiles/Ansys_Project_Files/temp_test_TSV_RDL_166_1783466395_50928_SNP/temp_test_TSV_RDL_166_1783466395_50928.s2p
PyAEDT INFO: Solving all design setups. Analysis started...
PyAEDT INFO: Design setup None solved correctly in 0.0h 34.0m 53.0s
PyAEDT INFO: Key Desktop/ActiveDSOConfigurations/HFSS correctly changed.
PyAEDT INFO: Exporting Touchstone C:/ffzhzh/LocalFiles/Ansys_Project_Files/temp_test_TSV_RDL_158_1783465211_34316_SNP/temp_test_TSV_RDL_158_1783465211_34316.s2p
PyAEDT INFO: Touchstone correctly exported to C:/ffzhzh/LocalFiles/Ansys_Project_Files/temp_test_TSV_RDL_158_1783465211_34316_SNP/temp_test_TSV_RDL_158_1783465211_34316.s2p
[test / TSV_RDL - Task 166] simulation completed: C:\ffzhzh\SyncFiles\Temp\HFSS_sim\LHS150_50_Connection2\test\TSV_RDL\dut166.s2p
PyAEDT INFO: Desktop has been released and closed.
[test / TSV_RDL - Task 170] simulation started.
PyAEDT INFO: Python version 3.11.15 | packaged by Anaconda, Inc. | (main, Mar 11 2026, 17:12:15) [MSC v.1942 64 bit (AMD64)].
PyAEDT INFO: PyAEDT version 1.0.1.
PyAEDT INFO: Initializing new Desktop session.
PyAEDT INFO: AEDT version 2026.1.
PyAEDT INFO: New AEDT session is starting on gRPC port 9323.
PyAEDT INFO: Starting new AEDT gRPC session on port 9323.
PyAEDT INFO: Launching AEDT server with gRPC transport mode: TransportMode.WNUA
[test / TSV_RDL - Task 158] simulation completed: C:\ffzhzh\SyncFiles\Temp\HFSS_sim\LHS150_50_Connection2\test\TSV_RDL\dut158.s2p
PyAEDT INFO: Desktop has been released and closed.
[test / TSV_RDL - Task 171] simulation started.
PyAEDT INFO: Python version 3.11.15 | packaged by Anaconda, Inc. | (main, Mar 11 2026, 17:12:15) [MSC v.1942 64 bit (AMD64)].
PyAEDT INFO: PyAEDT version 1.0.1.
PyAEDT INFO: Initializing new Desktop session.
PyAEDT INFO: AEDT version 2026.1.
PyAEDT INFO: New AEDT session is starting on gRPC port 12016.
PyAEDT INFO: Electronics Desktop started on gRPC port 9323 after 5.5 seconds.
PyAEDT INFO: AEDT installation Path C:\Program Files\ANSYS Inc\v261\AnsysEM
PyAEDT INFO: Connected to AEDT gRPC session on port 9323.
PyAEDT INFO: Non-graphical mode detected. Disabling Desktop logs.
PyAEDT INFO: Parsing C:\ffzhzh\LocalFiles\Ansys_Project_Files\temp_test_TSV_RDL_170_1783467320_50928.aedt.
PyAEDT INFO: Python version 3.11.15 | packaged by Anaconda, Inc. | (main, Mar 11 2026, 17:12:15) [MSC v.1942 64 bit (AMD64)].
PyAEDT INFO: PyAEDT version 1.0.1.
PyAEDT INFO: Returning found Desktop session with PID 27412!
PyAEDT INFO: Starting new AEDT gRPC session on port 12016.
PyAEDT INFO: Launching AEDT server with gRPC transport mode: TransportMode.WNUA
PyAEDT INFO: File C:\ffzhzh\LocalFiles\Ansys_Project_Files\temp_test_TSV_RDL_170_1783467320_50928.aedt correctly loaded. Elapsed time: 0m 0sec
PyAEDT INFO: Project temp_test_TSV_RDL_170_1783467320_50928 has been opened.
PyAEDT INFO: Active Design set to TSV_RDL
PyAEDT INFO: AEDT objects correctly read
PyAEDT INFO: Modeler class has been initialized! Elapsed time: 0m 0sec
PyAEDT INFO: Project temp_test_TSV_RDL_170_1783467320_50928 Saved correctly
PyAEDT INFO: Key Desktop/ActiveDSOConfigurations/HFSS correctly changed.
PyAEDT INFO: Electronics Desktop started on gRPC port 12016 after 5.5 seconds.
PyAEDT INFO: AEDT installation Path C:\Program Files\ANSYS Inc\v261\AnsysEM
PyAEDT INFO: Connected to AEDT gRPC session on port 12016.
PyAEDT INFO: Non-graphical mode detected. Disabling Desktop logs.
PyAEDT INFO: Parsing C:\ffzhzh\LocalFiles\Ansys_Project_Files\temp_test_TSV_RDL_171_1783467326_34316.aedt.
PyAEDT INFO: Python version 3.11.15 | packaged by Anaconda, Inc. | (main, Mar 11 2026, 17:12:15) [MSC v.1942 64 bit (AMD64)].
PyAEDT INFO: PyAEDT version 1.0.1.
PyAEDT INFO: Returning found Desktop session with PID 53236!
PyAEDT INFO: File C:\ffzhzh\LocalFiles\Ansys_Project_Files\temp_test_TSV_RDL_171_1783467326_34316.aedt correctly loaded. Elapsed time: 0m 0sec
PyAEDT INFO: Project temp_test_TSV_RDL_171_1783467326_34316 has been opened.
PyAEDT INFO: Active Design set to TSV_RDL
PyAEDT INFO: AEDT objects correctly read
PyAEDT INFO: Modeler class has been initialized! Elapsed time: 0m 0sec
PyAEDT INFO: Project temp_test_TSV_RDL_171_1783467326_34316 Saved correctly
PyAEDT INFO: Key Desktop/ActiveDSOConfigurations/HFSS correctly changed.
PyAEDT INFO: Solving all design setups. Analysis started...
PyAEDT INFO: Design setup None solved correctly in 0.0h 10.0m 56.0s
PyAEDT INFO: Key Desktop/ActiveDSOConfigurations/HFSS correctly changed.
PyAEDT INFO: Exporting Touchstone C:/ffzhzh/LocalFiles/Ansys_Project_Files/temp_test_TSV_RDL_168_1783467120_7600_SNP/temp_test_TSV_RDL_168_1783467120_7600.s2p
PyAEDT INFO: Touchstone correctly exported to C:/ffzhzh/LocalFiles/Ansys_Project_Files/temp_test_TSV_RDL_168_1783467120_7600_SNP/temp_test_TSV_RDL_168_1783467120_7600.s2p
[test / TSV_RDL - Task 168] simulation completed: C:\ffzhzh\SyncFiles\Temp\HFSS_sim\LHS150_50_Connection2\test\TSV_RDL\dut168.s2p
PyAEDT INFO: Desktop has been released and closed.
[test / TSV_RDL - Task 172] simulation started.
PyAEDT INFO: Python version 3.11.15 | packaged by Anaconda, Inc. | (main, Mar 11 2026, 17:12:15) [MSC v.1942 64 bit (AMD64)].
PyAEDT INFO: PyAEDT version 1.0.1.
PyAEDT INFO: Initializing new Desktop session.
PyAEDT INFO: AEDT version 2026.1.
PyAEDT INFO: New AEDT session is starting on gRPC port 1499.
PyAEDT INFO: Solving all design setups. Analysis started...
PyAEDT INFO: Design setup None solved correctly in 0.0h 10.0m 44.0s
PyAEDT INFO: Key Desktop/ActiveDSOConfigurations/HFSS correctly changed.
PyAEDT INFO: Starting new AEDT gRPC session on port 1499.
PyAEDT INFO: Launching AEDT server with gRPC transport mode: TransportMode.WNUA
PyAEDT INFO: Exporting Touchstone C:/ffzhzh/LocalFiles/Ansys_Project_Files/temp_test_TSV_RDL_169_1783467157_41684_SNP/temp_test_TSV_RDL_169_1783467157_41684.s2p
PyAEDT INFO: Touchstone correctly exported to C:/ffzhzh/LocalFiles/Ansys_Project_Files/temp_test_TSV_RDL_169_1783467157_41684_SNP/temp_test_TSV_RDL_169_1783467157_41684.s2p
[test / TSV_RDL - Task 169] simulation completed: C:\ffzhzh\SyncFiles\Temp\HFSS_sim\LHS150_50_Connection2\test\TSV_RDL\dut169.s2p
PyAEDT INFO: Desktop has been released and closed.
[test / TSV_RDL - Task 173] simulation started.
PyAEDT INFO: Python version 3.11.15 | packaged by Anaconda, Inc. | (main, Mar 11 2026, 17:12:15) [MSC v.1942 64 bit (AMD64)].
PyAEDT INFO: PyAEDT version 1.0.1.
PyAEDT INFO: Initializing new Desktop session.
PyAEDT INFO: AEDT version 2026.1.
PyAEDT INFO: New AEDT session is starting on gRPC port 4318.
PyAEDT INFO: Starting new AEDT gRPC session on port 4318.
PyAEDT INFO: Launching AEDT server with gRPC transport mode: TransportMode.WNUA
PyAEDT INFO: Electronics Desktop started on gRPC port 1499 after 7.0 seconds.
PyAEDT INFO: AEDT installation Path C:\Program Files\ANSYS Inc\v261\AnsysEM
PyAEDT INFO: Connected to AEDT gRPC session on port 1499.
PyAEDT INFO: Non-graphical mode detected. Disabling Desktop logs.
PyAEDT INFO: Parsing C:\ffzhzh\LocalFiles\Ansys_Project_Files\temp_test_TSV_RDL_172_1783467812_7600.aedt.
PyAEDT INFO: Python version 3.11.15 | packaged by Anaconda, Inc. | (main, Mar 11 2026, 17:12:15) [MSC v.1942 64 bit (AMD64)].
PyAEDT INFO: PyAEDT version 1.0.1.
PyAEDT INFO: Returning found Desktop session with PID 14836!
PyAEDT INFO: File C:\ffzhzh\LocalFiles\Ansys_Project_Files\temp_test_TSV_RDL_172_1783467812_7600.aedt correctly loaded. Elapsed time: 0m 0sec
PyAEDT INFO: Project temp_test_TSV_RDL_172_1783467812_7600 has been opened.
PyAEDT INFO: Active Design set to TSV_RDL
PyAEDT INFO: AEDT objects correctly read
PyAEDT INFO: Modeler class has been initialized! Elapsed time: 0m 0sec
PyAEDT INFO: Electronics Desktop started on gRPC port 4318 after 5.6 seconds.
PyAEDT INFO: AEDT installation Path C:\Program Files\ANSYS Inc\v261\AnsysEM
PyAEDT INFO: Connected to AEDT gRPC session on port 4318.
PyAEDT INFO: Non-graphical mode detected. Disabling Desktop logs.
PyAEDT INFO: Parsing C:\ffzhzh\LocalFiles\Ansys_Project_Files\temp_test_TSV_RDL_173_1783467817_41684.aedt.
PyAEDT INFO: Python version 3.11.15 | packaged by Anaconda, Inc. | (main, Mar 11 2026, 17:12:15) [MSC v.1942 64 bit (AMD64)].
PyAEDT INFO: PyAEDT version 1.0.1.
PyAEDT INFO: Returning found Desktop session with PID 2356!
PyAEDT INFO: File C:\ffzhzh\LocalFiles\Ansys_Project_Files\temp_test_TSV_RDL_173_1783467817_41684.aedt correctly loaded. Elapsed time: 0m 0sec
PyAEDT INFO: Project temp_test_TSV_RDL_172_1783467812_7600 Saved correctly
PyAEDT INFO: Key Desktop/ActiveDSOConfigurations/HFSS correctly changed.
PyAEDT INFO: Project temp_test_TSV_RDL_173_1783467817_41684 has been opened.
PyAEDT INFO: Active Design set to TSV_RDL
PyAEDT INFO: AEDT objects correctly read
PyAEDT INFO: Modeler class has been initialized! Elapsed time: 0m 0sec
PyAEDT INFO: Project temp_test_TSV_RDL_173_1783467817_41684 Saved correctly
PyAEDT INFO: Key Desktop/ActiveDSOConfigurations/HFSS correctly changed.
PyAEDT INFO: Solving all design setups. Analysis started...
PyAEDT INFO: Design setup None solved correctly in 0.0h 11.0m 43.0s
PyAEDT INFO: Key Desktop/ActiveDSOConfigurations/HFSS correctly changed.
PyAEDT INFO: Exporting Touchstone C:/ffzhzh/LocalFiles/Ansys_Project_Files/temp_test_TSV_RDL_170_1783467320_50928_SNP/temp_test_TSV_RDL_170_1783467320_50928.s2p
PyAEDT INFO: Touchstone correctly exported to C:/ffzhzh/LocalFiles/Ansys_Project_Files/temp_test_TSV_RDL_170_1783467320_50928_SNP/temp_test_TSV_RDL_170_1783467320_50928.s2p
[test / TSV_RDL - Task 170] simulation completed: C:\ffzhzh\SyncFiles\Temp\HFSS_sim\LHS150_50_Connection2\test\TSV_RDL\dut170.s2p
PyAEDT INFO: Desktop has been released and closed.
[test / TSV_RDL - Task 174] simulation started.
PyAEDT INFO: Python version 3.11.15 | packaged by Anaconda, Inc. | (main, Mar 11 2026, 17:12:15) [MSC v.1942 64 bit (AMD64)].
PyAEDT INFO: PyAEDT version 1.0.1.
PyAEDT INFO: Initializing new Desktop session.
PyAEDT INFO: AEDT version 2026.1.
PyAEDT INFO: New AEDT session is starting on gRPC port 11077.
PyAEDT INFO: Starting new AEDT gRPC session on port 11077.
PyAEDT INFO: Launching AEDT server with gRPC transport mode: TransportMode.WNUA
PyAEDT INFO: Electronics Desktop started on gRPC port 11077 after 7.1 seconds.
PyAEDT INFO: AEDT installation Path C:\Program Files\ANSYS Inc\v261\AnsysEM
PyAEDT INFO: Connected to AEDT gRPC session on port 11077.
PyAEDT INFO: Non-graphical mode detected. Disabling Desktop logs.
PyAEDT INFO: Parsing C:\ffzhzh\LocalFiles\Ansys_Project_Files\temp_test_TSV_RDL_174_1783468046_50928.aedt.
PyAEDT INFO: Python version 3.11.15 | packaged by Anaconda, Inc. | (main, Mar 11 2026, 17:12:15) [MSC v.1942 64 bit (AMD64)].
PyAEDT INFO: PyAEDT version 1.0.1.
PyAEDT INFO: Returning found Desktop session with PID 38752!
PyAEDT INFO: File C:\ffzhzh\LocalFiles\Ansys_Project_Files\temp_test_TSV_RDL_174_1783468046_50928.aedt correctly loaded. Elapsed time: 0m 0sec
PyAEDT INFO: Project temp_test_TSV_RDL_174_1783468046_50928 has been opened.
PyAEDT INFO: Active Design set to TSV_RDL
PyAEDT INFO: AEDT objects correctly read
PyAEDT INFO: Modeler class has been initialized! Elapsed time: 0m 0sec
PyAEDT INFO: Project temp_test_TSV_RDL_174_1783468046_50928 Saved correctly
PyAEDT INFO: Key Desktop/ActiveDSOConfigurations/HFSS correctly changed.
PyAEDT INFO: Solving all design setups. Analysis started...
PyAEDT INFO: Design setup None solved correctly in 0.0h 41.0m 58.0s
PyAEDT INFO: Key Desktop/ActiveDSOConfigurations/HFSS correctly changed.
PyAEDT INFO: Exporting Touchstone C:/ffzhzh/LocalFiles/Ansys_Project_Files/temp_test_TSV_RDL_164_1783465954_28540_SNP/temp_test_TSV_RDL_164_1783465954_28540.s2p
PyAEDT INFO: Touchstone correctly exported to C:/ffzhzh/LocalFiles/Ansys_Project_Files/temp_test_TSV_RDL_164_1783465954_28540_SNP/temp_test_TSV_RDL_164_1783465954_28540.s2p
[test / TSV_RDL - Task 164] simulation completed: C:\ffzhzh\SyncFiles\Temp\HFSS_sim\LHS150_50_Connection2\test\TSV_RDL\dut164.s2p
PyAEDT INFO: Desktop has been released and closed.
[test / TSV_RDL - Task 175] simulation started.
PyAEDT INFO: Python version 3.11.15 | packaged by Anaconda, Inc. | (main, Mar 11 2026, 17:12:15) [MSC v.1942 64 bit (AMD64)].
PyAEDT INFO: PyAEDT version 1.0.1.
PyAEDT INFO: Initializing new Desktop session.
PyAEDT INFO: AEDT version 2026.1.
PyAEDT INFO: New AEDT session is starting on gRPC port 14293.
PyAEDT INFO: Starting new AEDT gRPC session on port 14293.
PyAEDT INFO: Launching AEDT server with gRPC transport mode: TransportMode.WNUA
PyAEDT INFO: Electronics Desktop started on gRPC port 14293 after 7.2 seconds.
PyAEDT INFO: AEDT installation Path C:\Program Files\ANSYS Inc\v261\AnsysEM
PyAEDT INFO: Connected to AEDT gRPC session on port 14293.
PyAEDT INFO: Non-graphical mode detected. Disabling Desktop logs.
PyAEDT INFO: Parsing C:\ffzhzh\LocalFiles\Ansys_Project_Files\temp_test_TSV_RDL_175_1783468498_28540.aedt.
PyAEDT INFO: Python version 3.11.15 | packaged by Anaconda, Inc. | (main, Mar 11 2026, 17:12:15) [MSC v.1942 64 bit (AMD64)].
PyAEDT INFO: PyAEDT version 1.0.1.
PyAEDT INFO: Returning found Desktop session with PID 27392!
PyAEDT INFO: File C:\ffzhzh\LocalFiles\Ansys_Project_Files\temp_test_TSV_RDL_175_1783468498_28540.aedt correctly loaded. Elapsed time: 0m 0sec
PyAEDT INFO: Project temp_test_TSV_RDL_175_1783468498_28540 has been opened.
PyAEDT INFO: Active Design set to TSV_RDL
PyAEDT INFO: AEDT objects correctly read
PyAEDT INFO: Modeler class has been initialized! Elapsed time: 0m 0sec
PyAEDT INFO: Project temp_test_TSV_RDL_175_1783468498_28540 Saved correctly
PyAEDT INFO: Key Desktop/ActiveDSOConfigurations/HFSS correctly changed.
PyAEDT INFO: Solving all design setups. Analysis started...
PyAEDT INFO: Design setup None solved correctly in 0.0h 11.0m 31.0s
PyAEDT INFO: Key Desktop/ActiveDSOConfigurations/HFSS correctly changed.
PyAEDT INFO: Exporting Touchstone C:/ffzhzh/LocalFiles/Ansys_Project_Files/temp_test_TSV_RDL_172_1783467812_7600_SNP/temp_test_TSV_RDL_172_1783467812_7600.s2p
PyAEDT INFO: Touchstone correctly exported to C:/ffzhzh/LocalFiles/Ansys_Project_Files/temp_test_TSV_RDL_172_1783467812_7600_SNP/temp_test_TSV_RDL_172_1783467812_7600.s2p
[test / TSV_RDL - Task 172] simulation completed: C:\ffzhzh\SyncFiles\Temp\HFSS_sim\LHS150_50_Connection2\test\TSV_RDL\dut172.s2p
PyAEDT INFO: Desktop has been released and closed.
[test / TSV_RDL - Task 176] simulation started.
PyAEDT INFO: Python version 3.11.15 | packaged by Anaconda, Inc. | (main, Mar 11 2026, 17:12:15) [MSC v.1942 64 bit (AMD64)].
PyAEDT INFO: PyAEDT version 1.0.1.
PyAEDT INFO: Initializing new Desktop session.
PyAEDT INFO: AEDT version 2026.1.
PyAEDT INFO: New AEDT session is starting on gRPC port 7057.
PyAEDT INFO: Starting new AEDT gRPC session on port 7057.
PyAEDT INFO: Launching AEDT server with gRPC transport mode: TransportMode.WNUA
PyAEDT INFO: Electronics Desktop started on gRPC port 7057 after 5.6 seconds.
PyAEDT INFO: AEDT installation Path C:\Program Files\ANSYS Inc\v261\AnsysEM
PyAEDT INFO: Connected to AEDT gRPC session on port 7057.
PyAEDT INFO: Non-graphical mode detected. Disabling Desktop logs.
PyAEDT INFO: Parsing C:\ffzhzh\LocalFiles\Ansys_Project_Files\temp_test_TSV_RDL_176_1783468527_7600.aedt.
PyAEDT INFO: Python version 3.11.15 | packaged by Anaconda, Inc. | (main, Mar 11 2026, 17:12:15) [MSC v.1942 64 bit (AMD64)].
PyAEDT INFO: PyAEDT version 1.0.1.
PyAEDT INFO: Returning found Desktop session with PID 20120!
PyAEDT INFO: File C:\ffzhzh\LocalFiles\Ansys_Project_Files\temp_test_TSV_RDL_176_1783468527_7600.aedt correctly loaded. Elapsed time: 0m 0sec
PyAEDT INFO: Project temp_test_TSV_RDL_176_1783468527_7600 has been opened.
PyAEDT INFO: Active Design set to TSV_RDL
PyAEDT INFO: AEDT objects correctly read
PyAEDT INFO: Modeler class has been initialized! Elapsed time: 0m 0sec
PyAEDT INFO: Project temp_test_TSV_RDL_176_1783468527_7600 Saved correctly
PyAEDT INFO: Key Desktop/ActiveDSOConfigurations/HFSS correctly changed.
PyAEDT INFO: Solving all design setups. Analysis started...
PyAEDT INFO: Design setup None solved correctly in 0.0h 12.0m 38.0s
PyAEDT INFO: Key Desktop/ActiveDSOConfigurations/HFSS correctly changed.
PyAEDT INFO: Exporting Touchstone C:/ffzhzh/LocalFiles/Ansys_Project_Files/temp_test_TSV_RDL_174_1783468046_50928_SNP/temp_test_TSV_RDL_174_1783468046_50928.s2p
PyAEDT INFO: Touchstone correctly exported to C:/ffzhzh/LocalFiles/Ansys_Project_Files/temp_test_TSV_RDL_174_1783468046_50928_SNP/temp_test_TSV_RDL_174_1783468046_50928.s2p
[test / TSV_RDL - Task 174] simulation completed: C:\ffzhzh\SyncFiles\Temp\HFSS_sim\LHS150_50_Connection2\test\TSV_RDL\dut174.s2p
PyAEDT INFO: Desktop has been released and closed.
[test / TSV_RDL - Task 177] simulation started.
PyAEDT INFO: Python version 3.11.15 | packaged by Anaconda, Inc. | (main, Mar 11 2026, 17:12:15) [MSC v.1942 64 bit (AMD64)].
PyAEDT INFO: PyAEDT version 1.0.1.
PyAEDT INFO: Initializing new Desktop session.
PyAEDT INFO: AEDT version 2026.1.
PyAEDT INFO: New AEDT session is starting on gRPC port 11828.
PyAEDT INFO: Starting new AEDT gRPC session on port 11828.
PyAEDT INFO: Launching AEDT server with gRPC transport mode: TransportMode.WNUA
PyAEDT INFO: Electronics Desktop started on gRPC port 11828 after 7.5 seconds.
PyAEDT INFO: AEDT installation Path C:\Program Files\ANSYS Inc\v261\AnsysEM
PyAEDT INFO: Connected to AEDT gRPC session on port 11828.
PyAEDT INFO: Non-graphical mode detected. Disabling Desktop logs.
PyAEDT INFO: Parsing C:\ffzhzh\LocalFiles\Ansys_Project_Files\temp_test_TSV_RDL_177_1783468833_50928.aedt.
PyAEDT INFO: Python version 3.11.15 | packaged by Anaconda, Inc. | (main, Mar 11 2026, 17:12:15) [MSC v.1942 64 bit (AMD64)].
PyAEDT INFO: PyAEDT version 1.0.1.
PyAEDT INFO: Returning found Desktop session with PID 37960!
PyAEDT INFO: File C:\ffzhzh\LocalFiles\Ansys_Project_Files\temp_test_TSV_RDL_177_1783468833_50928.aedt correctly loaded. Elapsed time: 0m 0sec
PyAEDT INFO: Project temp_test_TSV_RDL_177_1783468833_50928 has been opened.
PyAEDT INFO: Active Design set to TSV_RDL
PyAEDT INFO: AEDT objects correctly read
PyAEDT INFO: Modeler class has been initialized! Elapsed time: 0m 0sec
PyAEDT INFO: Project temp_test_TSV_RDL_177_1783468833_50928 Saved correctly
PyAEDT INFO: Key Desktop/ActiveDSOConfigurations/HFSS correctly changed.
PyAEDT INFO: Solving all design setups. Analysis started...
PyAEDT INFO: Design setup None solved correctly in 0.0h 19.0m 43.0s
PyAEDT INFO: Key Desktop/ActiveDSOConfigurations/HFSS correctly changed.
PyAEDT INFO: Exporting Touchstone C:/ffzhzh/LocalFiles/Ansys_Project_Files/temp_test_TSV_RDL_173_1783467817_41684_SNP/temp_test_TSV_RDL_173_1783467817_41684.s2p
PyAEDT INFO: Touchstone correctly exported to C:/ffzhzh/LocalFiles/Ansys_Project_Files/temp_test_TSV_RDL_173_1783467817_41684_SNP/temp_test_TSV_RDL_173_1783467817_41684.s2p
[test / TSV_RDL - Task 173] simulation completed: C:\ffzhzh\SyncFiles\Temp\HFSS_sim\LHS150_50_Connection2\test\TSV_RDL\dut173.s2p
PyAEDT INFO: Desktop has been released and closed.
[test / TSV_RDL - Task 178] simulation started.
PyAEDT INFO: Python version 3.11.15 | packaged by Anaconda, Inc. | (main, Mar 11 2026, 17:12:15) [MSC v.1942 64 bit (AMD64)].
PyAEDT INFO: PyAEDT version 1.0.1.
PyAEDT INFO: Initializing new Desktop session.
PyAEDT INFO: AEDT version 2026.1.
PyAEDT INFO: New AEDT session is starting on gRPC port 7256.
PyAEDT INFO: Starting new AEDT gRPC session on port 7256.
PyAEDT INFO: Launching AEDT server with gRPC transport mode: TransportMode.WNUA
PyAEDT INFO: Electronics Desktop started on gRPC port 7256 after 6.9 seconds.
PyAEDT INFO: AEDT installation Path C:\Program Files\ANSYS Inc\v261\AnsysEM
PyAEDT INFO: Connected to AEDT gRPC session on port 7256.
PyAEDT INFO: Non-graphical mode detected. Disabling Desktop logs.
PyAEDT INFO: Parsing C:\ffzhzh\LocalFiles\Ansys_Project_Files\temp_test_TSV_RDL_178_1783469024_41684.aedt.
PyAEDT INFO: Python version 3.11.15 | packaged by Anaconda, Inc. | (main, Mar 11 2026, 17:12:15) [MSC v.1942 64 bit (AMD64)].
PyAEDT INFO: PyAEDT version 1.0.1.
PyAEDT INFO: Returning found Desktop session with PID 44020!
PyAEDT INFO: File C:\ffzhzh\LocalFiles\Ansys_Project_Files\temp_test_TSV_RDL_178_1783469024_41684.aedt correctly loaded. Elapsed time: 0m 0sec
PyAEDT INFO: Project temp_test_TSV_RDL_178_1783469024_41684 has been opened.
PyAEDT INFO: Active Design set to TSV_RDL
PyAEDT INFO: AEDT objects correctly read
PyAEDT INFO: Modeler class has been initialized! Elapsed time: 0m 0sec
PyAEDT INFO: Project temp_test_TSV_RDL_178_1783469024_41684 Saved correctly
PyAEDT INFO: Key Desktop/ActiveDSOConfigurations/HFSS correctly changed.
=====================================
HFSS batch simulation
AEDT project: C:\ffzhzh\LocalFiles\Ansys_Project_Files\TSV_RDL_Connection2.aedt
AEDT version: 2026.1
Target design: TSV_RDL
Sample splits: {'train': 150, 'test': 50}
=====================================
Configuration check passed.
Record columns: h_tsv, r_tsv, pitch, l_tmrdl, w_tmrdl, t_tmrdl, l_bsmrdl, w_bsmrdl, t_bsmrdl
HFSS thickness mapping: t_tmrdl -> h_tmrdl, t_bsmrdl -> h_bsmrdl
Loaded 150 existing train variations: C:\ffzhzh\SyncFiles\Temp\HFSS_sim\LHS150_50_Connection2\train\TSV_RDL_variations_record.csv
Loaded 50 existing test variations: C:\ffzhzh\SyncFiles\Temp\HFSS_sim\LHS150_50_Connection2\test\TSV_RDL_variations_record.csv
Total tasks: 200
Parallel processes: 5
Cores per simulation: 4
Output directory: C:\ffzhzh\SyncFiles\Temp\HFSS_sim\LHS150_50_Connection2
=====================================

