split,design,idx,status,file
train,TMRDL,700,skipped,C:\ffzhzh\SyncFiles\Temp\HFSS_sim\LHS800\train\TMRDL\dut700.s2p
train,TMRDL,701,skipped,C:\ffzhzh\SyncFiles\Temp\HFSS_sim\LHS800\train\TMRDL\dut701.s2p
train,TMRDL,702,skipped,C:\ffzhzh\SyncFiles\Temp\HFSS_sim\LHS800\train\TMRDL\dut702.s2p
train,TMRDL,703,skipped,C:\ffzhzh\SyncFiles\Temp\HFSS_sim\LHS800\train\TMRDL\dut703.s2p
train,TMRDL,704,skipped,C:\ffzhzh\SyncFiles\Temp\HFSS_sim\LHS800\train\TMRDL\dut704.s2p
train,TMRDL,705,skipped,C:\ffzhzh\SyncFiles\Temp\HFSS_sim\LHS800\train\TMRDL\dut705.s2p
train,TMRDL,706,skipped,C:\ffzhzh\SyncFiles\Temp\HFSS_sim\LHS800\train\TMRDL\dut706.s2p
train,TMRDL,707,skipped,C:\ffzhzh\SyncFiles\Temp\HFSS_sim\LHS800\train\TMRDL\dut707.s2p
train,TMRDL,708,skipped,C:\ffzhzh\SyncFiles\Temp\HFSS_sim\LHS800\train\TMRDL\dut708.s2p
train,TMRDL,709,skipped,C:\ffzhzh\SyncFiles\Temp\HFSS_sim\LHS800\train\TMRDL\dut709.s2p
train,TMRDL,710,skipped,C:\ffzhzh\SyncFiles\Temp\HFSS_sim\LHS800\train\TMRDL\dut710.s2p
train,TMRDL,711,skipped,C:\ffzhzh\SyncFiles\Temp\HFSS_sim\LHS800\train\TMRDL\dut711.s2p
train,TMRDL,712,skipped,C:\ffzhzh\SyncFiles\Temp\HFSS_sim\LHS800\train\TMRDL\dut712.s2p
train,TMRDL,713,skipped,C:\ffzhzh\SyncFiles\Temp\HFSS_sim\LHS800\train\TMRDL\dut713.s2p
train,TMRDL,714,skipped,C:\ffzhzh\SyncFiles\Temp\HFSS_sim\LHS800\train\TMRDL\dut714.s2p
train,TMRDL,715,skipped,C:\ffzhzh\SyncFiles\Temp\HFSS_sim\LHS800\train\TMRDL\dut715.s2p
train,TMRDL,716,skipped,C:\ffzhzh\SyncFiles\Temp\HFSS_sim\LHS800\train\TMRDL\dut716.s2p
train,TMRDL,717,skipped,C:\ffzhzh\SyncFiles\Temp\HFSS_sim\LHS800\train\TMRDL\dut717.s2p
train,TMRDL,718,skipped,C:\ffzhzh\SyncFiles\Temp\HFSS_sim\LHS800\train\TMRDL\dut718.s2p
train,TMRDL,719,skipped,C:\ffzhzh\SyncFiles\Temp\HFSS_sim\LHS800\train\TMRDL\dut719.s2p
train,TMRDL,720,skipped,C:\ffzhzh\SyncFiles\Temp\HFSS_sim\LHS800\train\TMRDL\dut720.s2p
train,TMRDL,721,skipped,C:\ffzhzh\SyncFiles\Temp\HFSS_sim\LHS800\train\TMRDL\dut721.s2p
train,TMRDL,722,skipped,C:\ffzhzh\SyncFiles\Temp\HFSS_sim\LHS800\train\TMRDL\dut722.s2p
train,TMRDL,723,skipped,C:\ffzhzh\SyncFiles\Temp\HFSS_sim\LHS800\train\TMRDL\dut723.s2p
train,TMRDL,724,skipped,C:\ffzhzh\SyncFiles\Temp\HFSS_sim\LHS800\train\TMRDL\dut724.s2p
train,TMRDL,725,skipped,C:\ffzhzh\SyncFiles\Temp\HFSS_sim\LHS800\train\TMRDL\dut725.s2p
train,TMRDL,726,skipped,C:\ffzhzh\SyncFiles\Temp\HFSS_sim\LHS800\train\TMRDL\dut726.s2p
train,TMRDL,727,skipped,C:\ffzhzh\SyncFiles\Temp\HFSS_sim\LHS800\train\TMRDL\dut727.s2p
train,TMRDL,728,skipped,C:\ffzhzh\SyncFiles\Temp\HFSS_sim\LHS800\train\TMRDL\dut728.s2p
train,TMRDL,729,skipped,C:\ffzhzh\SyncFiles\Temp\HFSS_sim\LHS800\train\TMRDL\dut729.s2p
train,TMRDL,730,skipped,C:\ffzhzh\SyncFiles\Temp\HFSS_sim\LHS800\train\TMRDL\dut730.s2p
train,TMRDL,731,skipped,C:\ffzhzh\SyncFiles\Temp\HFSS_sim\LHS800\train\TMRDL\dut731.s2p
train,TMRDL,732,skipped,C:\ffzhzh\SyncFiles\Temp\HFSS_sim\LHS800\train\TMRDL\dut732.s2p
train,TMRDL,733,skipped,C:\ffzhzh\SyncFiles\Temp\HFSS_sim\LHS800\train\TMRDL\dut733.s2p
train,TMRDL,734,skipped,C:\ffzhzh\SyncFiles\Temp\HFSS_sim\LHS800\train\TMRDL\dut734.s2p
train,TMRDL,735,skipped,C:\ffzhzh\SyncFiles\Temp\HFSS_sim\LHS800\train\TMRDL\dut735.s2p
train,TMRDL,736,skipped,C:\ffzhzh\SyncFiles\Temp\HFSS_sim\LHS800\train\TMRDL\dut736.s2p
train,TMRDL,737,skipped,C:\ffzhzh\SyncFiles\Temp\HFSS_sim\LHS800\train\TMRDL\dut737.s2p
train,TMRDL,738,skipped,C:\ffzhzh\SyncFiles\Temp\HFSS_sim\LHS800\train\TMRDL\dut738.s2p
train,TMRDL,739,skipped,C:\ffzhzh\SyncFiles\Temp\HFSS_sim\LHS800\train\TMRDL\dut739.s2p
train,TMRDL,740,skipped,C:\ffzhzh\SyncFiles\Temp\HFSS_sim\LHS800\train\TMRDL\dut740.s2p
train,TMRDL,741,skipped,C:\ffzhzh\SyncFiles\Temp\HFSS_sim\LHS800\train\TMRDL\dut741.s2p
train,TMRDL,742,skipped,C:\ffzhzh\SyncFiles\Temp\HFSS_sim\LHS800\train\TMRDL\dut742.s2p
train,TMRDL,743,skipped,C:\ffzhzh\SyncFiles\Temp\HFSS_sim\LHS800\train\TMRDL\dut743.s2p
train,TMRDL,744,skipped,C:\ffzhzh\SyncFiles\Temp\HFSS_sim\LHS800\train\TMRDL\dut744.s2p
train,TMRDL,745,skipped,C:\ffzhzh\SyncFiles\Temp\HFSS_sim\LHS800\train\TMRDL\dut745.s2p
train,TMRDL,746,skipped,C:\ffzhzh\SyncFiles\Temp\HFSS_sim\LHS800\train\TMRDL\dut746.s2p
train,TMRDL,747,skipped,C:\ffzhzh\SyncFiles\Temp\HFSS_sim\LHS800\train\TMRDL\dut747.s2p
train,TMRDL,748,skipped,C:\ffzhzh\SyncFiles\Temp\HFSS_sim\LHS800\train\TMRDL\dut748.s2p
train,TMRDL,749,skipped,C:\ffzhzh\SyncFiles\Temp\HFSS_sim\LHS800\train\TMRDL\dut749.s2p
train,TMRDL,750,skipped,C:\ffzhzh\SyncFiles\Temp\HFSS_sim\LHS800\train\TMRDL\dut750.s2p
train,TMRDL,751,skipped,C:\ffzhzh\SyncFiles\Temp\HFSS_sim\LHS800\train\TMRDL\dut751.s2p
train,TMRDL,752,skipped,C:\ffzhzh\SyncFiles\Temp\HFSS_sim\LHS800\train\TMRDL\dut752.s2p
train,TMRDL,753,skipped,C:\ffzhzh\SyncFiles\Temp\HFSS_sim\LHS800\train\TMRDL\dut753.s2p
train,TMRDL,754,skipped,C:\ffzhzh\SyncFiles\Temp\HFSS_sim\LHS800\train\TMRDL\dut754.s2p
train,TMRDL,755,skipped,C:\ffzhzh\SyncFiles\Temp\HFSS_sim\LHS800\train\TMRDL\dut755.s2p
train,TMRDL,756,skipped,C:\ffzhzh\SyncFiles\Temp\HFSS_sim\LHS800\train\TMRDL\dut756.s2p
train,TMRDL,757,skipped,C:\ffzhzh\SyncFiles\Temp\HFSS_sim\LHS800\train\TMRDL\dut757.s2p
train,TMRDL,758,skipped,C:\ffzhzh\SyncFiles\Temp\HFSS_sim\LHS800\train\TMRDL\dut758.s2p
train,TMRDL,759,skipped,C:\ffzhzh\SyncFiles\Temp\HFSS_sim\LHS800\train\TMRDL\dut759.s2p
train,TMRDL,760,skipped,C:\ffzhzh\SyncFiles\Temp\HFSS_sim\LHS800\train\TMRDL\dut760.s2p
train,TMRDL,761,skipped,C:\ffzhzh\SyncFiles\Temp\HFSS_sim\LHS800\train\TMRDL\dut761.s2p
train,TMRDL,762,skipped,C:\ffzhzh\SyncFiles\Temp\HFSS_sim\LHS800\train\TMRDL\dut762.s2p
train,TMRDL,763,skipped,C:\ffzhzh\SyncFiles\Temp\HFSS_sim\LHS800\train\TMRDL\dut763.s2p
train,TMRDL,764,skipped,C:\ffzhzh\SyncFiles\Temp\HFSS_sim\LHS800\train\TMRDL\dut764.s2p
train,TMRDL,765,skipped,C:\ffzhzh\SyncFiles\Temp\HFSS_sim\LHS800\train\TMRDL\dut765.s2p
train,TMRDL,766,skipped,C:\ffzhzh\SyncFiles\Temp\HFSS_sim\LHS800\train\TMRDL\dut766.s2p
train,TMRDL,767,skipped,C:\ffzhzh\SyncFiles\Temp\HFSS_sim\LHS800\train\TMRDL\dut767.s2p
train,TMRDL,768,skipped,C:\ffzhzh\SyncFiles\Temp\HFSS_sim\LHS800\train\TMRDL\dut768.s2p
train,TMRDL,769,skipped,C:\ffzhzh\SyncFiles\Temp\HFSS_sim\LHS800\train\TMRDL\dut769.s2p
train,TMRDL,770,skipped,C:\ffzhzh\SyncFiles\Temp\HFSS_sim\LHS800\train\TMRDL\dut770.s2p
train,TMRDL,771,skipped,C:\ffzhzh\SyncFiles\Temp\HFSS_sim\LHS800\train\TMRDL\dut771.s2p
train,TMRDL,772,skipped,C:\ffzhzh\SyncFiles\Temp\HFSS_sim\LHS800\train\TMRDL\dut772.s2p
train,TMRDL,773,skipped,C:\ffzhzh\SyncFiles\Temp\HFSS_sim\LHS800\train\TMRDL\dut773.s2p
train,TMRDL,774,skipped,C:\ffzhzh\SyncFiles\Temp\HFSS_sim\LHS800\train\TMRDL\dut774.s2p
train,TMRDL,775,skipped,C:\ffzhzh\SyncFiles\Temp\HFSS_sim\LHS800\train\TMRDL\dut775.s2p
train,TMRDL,776,skipped,C:\ffzhzh\SyncFiles\Temp\HFSS_sim\LHS800\train\TMRDL\dut776.s2p
train,TMRDL,777,skipped,C:\ffzhzh\SyncFiles\Temp\HFSS_sim\LHS800\train\TMRDL\dut777.s2p
train,TMRDL,778,skipped,C:\ffzhzh\SyncFiles\Temp\HFSS_sim\LHS800\train\TMRDL\dut778.s2p
train,TMRDL,779,skipped,C:\ffzhzh\SyncFiles\Temp\HFSS_sim\LHS800\train\TMRDL\dut779.s2p
train,TMRDL,780,skipped,C:\ffzhzh\SyncFiles\Temp\HFSS_sim\LHS800\train\TMRDL\dut780.s2p
train,TMRDL,781,skipped,C:\ffzhzh\SyncFiles\Temp\HFSS_sim\LHS800\train\TMRDL\dut781.s2p
train,TMRDL,782,skipped,C:\ffzhzh\SyncFiles\Temp\HFSS_sim\LHS800\train\TMRDL\dut782.s2p
train,TMRDL,783,skipped,C:\ffzhzh\SyncFiles\Temp\HFSS_sim\LHS800\train\TMRDL\dut783.s2p
train,TMRDL,784,skipped,C:\ffzhzh\SyncFiles\Temp\HFSS_sim\LHS800\train\TMRDL\dut784.s2p
train,TMRDL,785,skipped,C:\ffzhzh\SyncFiles\Temp\HFSS_sim\LHS800\train\TMRDL\dut785.s2p
train,TMRDL,786,skipped,C:\ffzhzh\SyncFiles\Temp\HFSS_sim\LHS800\train\TMRDL\dut786.s2p
train,TMRDL,787,skipped,C:\ffzhzh\SyncFiles\Temp\HFSS_sim\LHS800\train\TMRDL\dut787.s2p
train,TMRDL,788,skipped,C:\ffzhzh\SyncFiles\Temp\HFSS_sim\LHS800\train\TMRDL\dut788.s2p
train,TMRDL,789,skipped,C:\ffzhzh\SyncFiles\Temp\HFSS_sim\LHS800\train\TMRDL\dut789.s2p
train,TMRDL,790,skipped,C:\ffzhzh\SyncFiles\Temp\HFSS_sim\LHS800\train\TMRDL\dut790.s2p
train,TMRDL,791,skipped,C:\ffzhzh\SyncFiles\Temp\HFSS_sim\LHS800\train\TMRDL\dut791.s2p
train,TMRDL,792,skipped,C:\ffzhzh\SyncFiles\Temp\HFSS_sim\LHS800\train\TMRDL\dut792.s2p
train,TMRDL,793,skipped,C:\ffzhzh\SyncFiles\Temp\HFSS_sim\LHS800\train\TMRDL\dut793.s2p
train,TMRDL,794,skipped,C:\ffzhzh\SyncFiles\Temp\HFSS_sim\LHS800\train\TMRDL\dut794.s2p
train,TMRDL,795,skipped,C:\ffzhzh\SyncFiles\Temp\HFSS_sim\LHS800\train\TMRDL\dut795.s2p
train,TMRDL,796,skipped,C:\ffzhzh\SyncFiles\Temp\HFSS_sim\LHS800\train\TMRDL\dut796.s2p
train,TMRDL,797,skipped,C:\ffzhzh\SyncFiles\Temp\HFSS_sim\LHS800\train\TMRDL\dut797.s2p
train,TMRDL,798,skipped,C:\ffzhzh\SyncFiles\Temp\HFSS_sim\LHS800\train\TMRDL\dut798.s2p
train,TMRDL,799,skipped,C:\ffzhzh\SyncFiles\Temp\HFSS_sim\LHS800\train\TMRDL\dut799.s2p
train,TMRDL,800,skipped,C:\ffzhzh\SyncFiles\Temp\HFSS_sim\LHS800\train\TMRDL\dut800.s2p
train,TMRDL,801,skipped,C:\ffzhzh\SyncFiles\Temp\HFSS_sim\LHS800\train\TMRDL\dut801.s2p
train,TMRDL,802,skipped,C:\ffzhzh\SyncFiles\Temp\HFSS_sim\LHS800\train\TMRDL\dut802.s2p
train,TMRDL,803,skipped,C:\ffzhzh\SyncFiles\Temp\HFSS_sim\LHS800\train\TMRDL\dut803.s2p
train,TMRDL,804,skipped,C:\ffzhzh\SyncFiles\Temp\HFSS_sim\LHS800\train\TMRDL\dut804.s2p
train,TMRDL,805,skipped,C:\ffzhzh\SyncFiles\Temp\HFSS_sim\LHS800\train\TMRDL\dut805.s2p
train,TMRDL,806,skipped,C:\ffzhzh\SyncFiles\Temp\HFSS_sim\LHS800\train\TMRDL\dut806.s2p
train,TMRDL,807,skipped,C:\ffzhzh\SyncFiles\Temp\HFSS_sim\LHS800\train\TMRDL\dut807.s2p
train,TMRDL,808,skipped,C:\ffzhzh\SyncFiles\Temp\HFSS_sim\LHS800\train\TMRDL\dut808.s2p
train,TMRDL,809,skipped,C:\ffzhzh\SyncFiles\Temp\HFSS_sim\LHS800\train\TMRDL\dut809.s2p
train,TMRDL,810,skipped,C:\ffzhzh\SyncFiles\Temp\HFSS_sim\LHS800\train\TMRDL\dut810.s2p
train,TMRDL,811,skipped,C:\ffzhzh\SyncFiles\Temp\HFSS_sim\LHS800\train\TMRDL\dut811.s2p
train,TMRDL,812,skipped,C:\ffzhzh\SyncFiles\Temp\HFSS_sim\LHS800\train\TMRDL\dut812.s2p
train,TMRDL,813,skipped,C:\ffzhzh\SyncFiles\Temp\HFSS_sim\LHS800\train\TMRDL\dut813.s2p
train,TMRDL,814,skipped,C:\ffzhzh\SyncFiles\Temp\HFSS_sim\LHS800\train\TMRDL\dut814.s2p
train,TMRDL,815,skipped,C:\ffzhzh\SyncFiles\Temp\HFSS_sim\LHS800\train\TMRDL\dut815.s2p
train,TMRDL,816,skipped,C:\ffzhzh\SyncFiles\Temp\HFSS_sim\LHS800\train\TMRDL\dut816.s2p
train,TMRDL,817,skipped,C:\ffzhzh\SyncFiles\Temp\HFSS_sim\LHS800\train\TMRDL\dut817.s2p
train,TMRDL,818,skipped,C:\ffzhzh\SyncFiles\Temp\HFSS_sim\LHS800\train\TMRDL\dut818.s2p
train,TMRDL,819,skipped,C:\ffzhzh\SyncFiles\Temp\HFSS_sim\LHS800\train\TMRDL\dut819.s2p
train,TMRDL,820,skipped,C:\ffzhzh\SyncFiles\Temp\HFSS_sim\LHS800\train\TMRDL\dut820.s2p
train,TMRDL,821,skipped,C:\ffzhzh\SyncFiles\Temp\HFSS_sim\LHS800\train\TMRDL\dut821.s2p
train,TMRDL,822,skipped,C:\ffzhzh\SyncFiles\Temp\HFSS_sim\LHS800\train\TMRDL\dut822.s2p
train,TMRDL,823,skipped,C:\ffzhzh\SyncFiles\Temp\HFSS_sim\LHS800\train\TMRDL\dut823.s2p
train,TMRDL,824,skipped,C:\ffzhzh\SyncFiles\Temp\HFSS_sim\LHS800\train\TMRDL\dut824.s2p
train,TMRDL,825,skipped,C:\ffzhzh\SyncFiles\Temp\HFSS_sim\LHS800\train\TMRDL\dut825.s2p
train,TMRDL,826,skipped,C:\ffzhzh\SyncFiles\Temp\HFSS_sim\LHS800\train\TMRDL\dut826.s2p
train,TMRDL,827,skipped,C:\ffzhzh\SyncFiles\Temp\HFSS_sim\LHS800\train\TMRDL\dut827.s2p
train,TMRDL,828,skipped,C:\ffzhzh\SyncFiles\Temp\HFSS_sim\LHS800\train\TMRDL\dut828.s2p
train,TMRDL,829,skipped,C:\ffzhzh\SyncFiles\Temp\HFSS_sim\LHS800\train\TMRDL\dut829.s2p
train,TMRDL,830,skipped,C:\ffzhzh\SyncFiles\Temp\HFSS_sim\LHS800\train\TMRDL\dut830.s2p
train,TMRDL,831,skipped,C:\ffzhzh\SyncFiles\Temp\HFSS_sim\LHS800\train\TMRDL\dut831.s2p
train,TMRDL,832,skipped,C:\ffzhzh\SyncFiles\Temp\HFSS_sim\LHS800\train\TMRDL\dut832.s2p
train,TMRDL,833,skipped,C:\ffzhzh\SyncFiles\Temp\HFSS_sim\LHS800\train\TMRDL\dut833.s2p
train,TMRDL,834,skipped,C:\ffzhzh\SyncFiles\Temp\HFSS_sim\LHS800\train\TMRDL\dut834.s2p
train,TMRDL,835,skipped,C:\ffzhzh\SyncFiles\Temp\HFSS_sim\LHS800\train\TMRDL\dut835.s2p
train,TMRDL,836,skipped,C:\ffzhzh\SyncFiles\Temp\HFSS_sim\LHS800\train\TMRDL\dut836.s2p
train,TMRDL,837,skipped,C:\ffzhzh\SyncFiles\Temp\HFSS_sim\LHS800\train\TMRDL\dut837.s2p
train,TMRDL,838,skipped,C:\ffzhzh\SyncFiles\Temp\HFSS_sim\LHS800\train\TMRDL\dut838.s2p
train,TMRDL,839,skipped,C:\ffzhzh\SyncFiles\Temp\HFSS_sim\LHS800\train\TMRDL\dut839.s2p
train,TMRDL,840,skipped,C:\ffzhzh\SyncFiles\Temp\HFSS_sim\LHS800\train\TMRDL\dut840.s2p
train,TMRDL,841,skipped,C:\ffzhzh\SyncFiles\Temp\HFSS_sim\LHS800\train\TMRDL\dut841.s2p
train,TMRDL,842,skipped,C:\ffzhzh\SyncFiles\Temp\HFSS_sim\LHS800\train\TMRDL\dut842.s2p
train,TMRDL,843,skipped,C:\ffzhzh\SyncFiles\Temp\HFSS_sim\LHS800\train\TMRDL\dut843.s2p
train,TMRDL,844,skipped,C:\ffzhzh\SyncFiles\Temp\HFSS_sim\LHS800\train\TMRDL\dut844.s2p
train,TMRDL,845,skipped,C:\ffzhzh\SyncFiles\Temp\HFSS_sim\LHS800\train\TMRDL\dut845.s2p
train,TMRDL,846,skipped,C:\ffzhzh\SyncFiles\Temp\HFSS_sim\LHS800\train\TMRDL\dut846.s2p
train,TMRDL,847,skipped,C:\ffzhzh\SyncFiles\Temp\HFSS_sim\LHS800\train\TMRDL\dut847.s2p
train,TMRDL,848,skipped,C:\ffzhzh\SyncFiles\Temp\HFSS_sim\LHS800\train\TMRDL\dut848.s2p
train,TMRDL,849,skipped,C:\ffzhzh\SyncFiles\Temp\HFSS_sim\LHS800\train\TMRDL\dut849.s2p
train,TMRDL,850,skipped,C:\ffzhzh\SyncFiles\Temp\HFSS_sim\LHS800\train\TMRDL\dut850.s2p
train,TMRDL,851,skipped,C:\ffzhzh\SyncFiles\Temp\HFSS_sim\LHS800\train\TMRDL\dut851.s2p
train,TMRDL,852,skipped,C:\ffzhzh\SyncFiles\Temp\HFSS_sim\LHS800\train\TMRDL\dut852.s2p
train,TMRDL,853,skipped,C:\ffzhzh\SyncFiles\Temp\HFSS_sim\LHS800\train\TMRDL\dut853.s2p
train,TMRDL,854,skipped,C:\ffzhzh\SyncFiles\Temp\HFSS_sim\LHS800\train\TMRDL\dut854.s2p
train,TMRDL,855,skipped,C:\ffzhzh\SyncFiles\Temp\HFSS_sim\LHS800\train\TMRDL\dut855.s2p
train,TMRDL,856,skipped,C:\ffzhzh\SyncFiles\Temp\HFSS_sim\LHS800\train\TMRDL\dut856.s2p
train,TMRDL,857,skipped,C:\ffzhzh\SyncFiles\Temp\HFSS_sim\LHS800\train\TMRDL\dut857.s2p
train,TMRDL,858,skipped,C:\ffzhzh\SyncFiles\Temp\HFSS_sim\LHS800\train\TMRDL\dut858.s2p
train,TMRDL,859,skipped,C:\ffzhzh\SyncFiles\Temp\HFSS_sim\LHS800\train\TMRDL\dut859.s2p
train,TMRDL,860,skipped,C:\ffzhzh\SyncFiles\Temp\HFSS_sim\LHS800\train\TMRDL\dut860.s2p
train,TMRDL,861,skipped,C:\ffzhzh\SyncFiles\Temp\HFSS_sim\LHS800\train\TMRDL\dut861.s2p
train,TMRDL,862,skipped,C:\ffzhzh\SyncFiles\Temp\HFSS_sim\LHS800\train\TMRDL\dut862.s2p
train,TMRDL,863,skipped,C:\ffzhzh\SyncFiles\Temp\HFSS_sim\LHS800\train\TMRDL\dut863.s2p
train,TMRDL,864,skipped,C:\ffzhzh\SyncFiles\Temp\HFSS_sim\LHS800\train\TMRDL\dut864.s2p
train,TMRDL,865,skipped,C:\ffzhzh\SyncFiles\Temp\HFSS_sim\LHS800\train\TMRDL\dut865.s2p
train,TMRDL,866,skipped,C:\ffzhzh\SyncFiles\Temp\HFSS_sim\LHS800\train\TMRDL\dut866.s2p
train,TMRDL,867,skipped,C:\ffzhzh\SyncFiles\Temp\HFSS_sim\LHS800\train\TMRDL\dut867.s2p
train,TMRDL,868,skipped,C:\ffzhzh\SyncFiles\Temp\HFSS_sim\LHS800\train\TMRDL\dut868.s2p
train,TMRDL,869,skipped,C:\ffzhzh\SyncFiles\Temp\HFSS_sim\LHS800\train\TMRDL\dut869.s2p
train,TMRDL,870,skipped,C:\ffzhzh\SyncFiles\Temp\HFSS_sim\LHS800\train\TMRDL\dut870.s2p
train,TMRDL,871,skipped,C:\ffzhzh\SyncFiles\Temp\HFSS_sim\LHS800\train\TMRDL\dut871.s2p
train,TMRDL,872,skipped,C:\ffzhzh\SyncFiles\Temp\HFSS_sim\LHS800\train\TMRDL\dut872.s2p
train,TMRDL,873,skipped,C:\ffzhzh\SyncFiles\Temp\HFSS_sim\LHS800\train\TMRDL\dut873.s2p
train,TMRDL,874,skipped,C:\ffzhzh\SyncFiles\Temp\HFSS_sim\LHS800\train\TMRDL\dut874.s2p
train,TMRDL,875,skipped,C:\ffzhzh\SyncFiles\Temp\HFSS_sim\LHS800\train\TMRDL\dut875.s2p
train,TMRDL,876,skipped,C:\ffzhzh\SyncFiles\Temp\HFSS_sim\LHS800\train\TMRDL\dut876.s2p
train,TMRDL,877,skipped,C:\ffzhzh\SyncFiles\Temp\HFSS_sim\LHS800\train\TMRDL\dut877.s2p
train,TMRDL,878,skipped,C:\ffzhzh\SyncFiles\Temp\HFSS_sim\LHS800\train\TMRDL\dut878.s2p
train,TMRDL,879,skipped,C:\ffzhzh\SyncFiles\Temp\HFSS_sim\LHS800\train\TMRDL\dut879.s2p
train,TMRDL,880,skipped,C:\ffzhzh\SyncFiles\Temp\HFSS_sim\LHS800\train\TMRDL\dut880.s2p
train,TMRDL,881,skipped,C:\ffzhzh\SyncFiles\Temp\HFSS_sim\LHS800\train\TMRDL\dut881.s2p
train,TMRDL,882,skipped,C:\ffzhzh\SyncFiles\Temp\HFSS_sim\LHS800\train\TMRDL\dut882.s2p
train,TMRDL,883,skipped,C:\ffzhzh\SyncFiles\Temp\HFSS_sim\LHS800\train\TMRDL\dut883.s2p
train,TMRDL,884,skipped,C:\ffzhzh\SyncFiles\Temp\HFSS_sim\LHS800\train\TMRDL\dut884.s2p
train,TMRDL,885,skipped,C:\ffzhzh\SyncFiles\Temp\HFSS_sim\LHS800\train\TMRDL\dut885.s2p
train,TMRDL,886,skipped,C:\ffzhzh\SyncFiles\Temp\HFSS_sim\LHS800\train\TMRDL\dut886.s2p
train,TMRDL,887,skipped,C:\ffzhzh\SyncFiles\Temp\HFSS_sim\LHS800\train\TMRDL\dut887.s2p
train,TMRDL,888,skipped,C:\ffzhzh\SyncFiles\Temp\HFSS_sim\LHS800\train\TMRDL\dut888.s2p
train,TMRDL,889,skipped,C:\ffzhzh\SyncFiles\Temp\HFSS_sim\LHS800\train\TMRDL\dut889.s2p
train,TMRDL,890,skipped,C:\ffzhzh\SyncFiles\Temp\HFSS_sim\LHS800\train\TMRDL\dut890.s2p
train,TMRDL,891,skipped,C:\ffzhzh\SyncFiles\Temp\HFSS_sim\LHS800\train\TMRDL\dut891.s2p
train,TMRDL,892,skipped,C:\ffzhzh\SyncFiles\Temp\HFSS_sim\LHS800\train\TMRDL\dut892.s2p
train,TMRDL,893,skipped,C:\ffzhzh\SyncFiles\Temp\HFSS_sim\LHS800\train\TMRDL\dut893.s2p
train,TMRDL,894,skipped,C:\ffzhzh\SyncFiles\Temp\HFSS_sim\LHS800\train\TMRDL\dut894.s2p
train,TMRDL,895,skipped,C:\ffzhzh\SyncFiles\Temp\HFSS_sim\LHS800\train\TMRDL\dut895.s2p
train,TMRDL,896,skipped,C:\ffzhzh\SyncFiles\Temp\HFSS_sim\LHS800\train\TMRDL\dut896.s2p
train,TMRDL,897,skipped,C:\ffzhzh\SyncFiles\Temp\HFSS_sim\LHS800\train\TMRDL\dut897.s2p
train,TMRDL,898,skipped,C:\ffzhzh\SyncFiles\Temp\HFSS_sim\LHS800\train\TMRDL\dut898.s2p
train,TMRDL,899,skipped,C:\ffzhzh\SyncFiles\Temp\HFSS_sim\LHS800\train\TMRDL\dut899.s2p
train,TMRDL,900,skipped,C:\ffzhzh\SyncFiles\Temp\HFSS_sim\LHS800\train\TMRDL\dut900.s2p
train,TMRDL,901,skipped,C:\ffzhzh\SyncFiles\Temp\HFSS_sim\LHS800\train\TMRDL\dut901.s2p
train,TMRDL,902,skipped,C:\ffzhzh\SyncFiles\Temp\HFSS_sim\LHS800\train\TMRDL\dut902.s2p
train,TMRDL,903,skipped,C:\ffzhzh\SyncFiles\Temp\HFSS_sim\LHS800\train\TMRDL\dut903.s2p
train,TMRDL,904,skipped,C:\ffzhzh\SyncFiles\Temp\HFSS_sim\LHS800\train\TMRDL\dut904.s2p
train,TMRDL,905,skipped,C:\ffzhzh\SyncFiles\Temp\HFSS_sim\LHS800\train\TMRDL\dut905.s2p
train,TMRDL,906,skipped,C:\ffzhzh\SyncFiles\Temp\HFSS_sim\LHS800\train\TMRDL\dut906.s2p
train,TMRDL,907,skipped,C:\ffzhzh\SyncFiles\Temp\HFSS_sim\LHS800\train\TMRDL\dut907.s2p
train,TMRDL,908,skipped,C:\ffzhzh\SyncFiles\Temp\HFSS_sim\LHS800\train\TMRDL\dut908.s2p
train,TMRDL,909,skipped,C:\ffzhzh\SyncFiles\Temp\HFSS_sim\LHS800\train\TMRDL\dut909.s2p
train,TMRDL,910,skipped,C:\ffzhzh\SyncFiles\Temp\HFSS_sim\LHS800\train\TMRDL\dut910.s2p
train,TMRDL,911,skipped,C:\ffzhzh\SyncFiles\Temp\HFSS_sim\LHS800\train\TMRDL\dut911.s2p
train,TMRDL,912,skipped,C:\ffzhzh\SyncFiles\Temp\HFSS_sim\LHS800\train\TMRDL\dut912.s2p
train,TMRDL,913,skipped,C:\ffzhzh\SyncFiles\Temp\HFSS_sim\LHS800\train\TMRDL\dut913.s2p
train,TMRDL,914,skipped,C:\ffzhzh\SyncFiles\Temp\HFSS_sim\LHS800\train\TMRDL\dut914.s2p
train,TMRDL,915,skipped,C:\ffzhzh\SyncFiles\Temp\HFSS_sim\LHS800\train\TMRDL\dut915.s2p
train,TMRDL,916,skipped,C:\ffzhzh\SyncFiles\Temp\HFSS_sim\LHS800\train\TMRDL\dut916.s2p
train,TMRDL,917,skipped,C:\ffzhzh\SyncFiles\Temp\HFSS_sim\LHS800\train\TMRDL\dut917.s2p
train,TMRDL,918,skipped,C:\ffzhzh\SyncFiles\Temp\HFSS_sim\LHS800\train\TMRDL\dut918.s2p
train,TMRDL,919,skipped,C:\ffzhzh\SyncFiles\Temp\HFSS_sim\LHS800\train\TMRDL\dut919.s2p
train,TMRDL,920,skipped,C:\ffzhzh\SyncFiles\Temp\HFSS_sim\LHS800\train\TMRDL\dut920.s2p
train,TMRDL,921,skipped,C:\ffzhzh\SyncFiles\Temp\HFSS_sim\LHS800\train\TMRDL\dut921.s2p
train,TMRDL,922,skipped,C:\ffzhzh\SyncFiles\Temp\HFSS_sim\LHS800\train\TMRDL\dut922.s2p
train,TMRDL,923,skipped,C:\ffzhzh\SyncFiles\Temp\HFSS_sim\LHS800\train\TMRDL\dut923.s2p
train,TMRDL,924,skipped,C:\ffzhzh\SyncFiles\Temp\HFSS_sim\LHS800\train\TMRDL\dut924.s2p
train,TMRDL,925,skipped,C:\ffzhzh\SyncFiles\Temp\HFSS_sim\LHS800\train\TMRDL\dut925.s2p
train,TMRDL,926,skipped,C:\ffzhzh\SyncFiles\Temp\HFSS_sim\LHS800\train\TMRDL\dut926.s2p
train,TMRDL,927,skipped,C:\ffzhzh\SyncFiles\Temp\HFSS_sim\LHS800\train\TMRDL\dut927.s2p
train,TMRDL,928,skipped,C:\ffzhzh\SyncFiles\Temp\HFSS_sim\LHS800\train\TMRDL\dut928.s2p
train,TMRDL,929,skipped,C:\ffzhzh\SyncFiles\Temp\HFSS_sim\LHS800\train\TMRDL\dut929.s2p
train,TMRDL,930,skipped,C:\ffzhzh\SyncFiles\Temp\HFSS_sim\LHS800\train\TMRDL\dut930.s2p
train,TMRDL,931,skipped,C:\ffzhzh\SyncFiles\Temp\HFSS_sim\LHS800\train\TMRDL\dut931.s2p
train,TMRDL,932,skipped,C:\ffzhzh\SyncFiles\Temp\HFSS_sim\LHS800\train\TMRDL\dut932.s2p
train,TMRDL,933,skipped,C:\ffzhzh\SyncFiles\Temp\HFSS_sim\LHS800\train\TMRDL\dut933.s2p
train,TMRDL,934,skipped,C:\ffzhzh\SyncFiles\Temp\HFSS_sim\LHS800\train\TMRDL\dut934.s2p
train,TMRDL,935,skipped,C:\ffzhzh\SyncFiles\Temp\HFSS_sim\LHS800\train\TMRDL\dut935.s2p
train,TMRDL,936,skipped,C:\ffzhzh\SyncFiles\Temp\HFSS_sim\LHS800\train\TMRDL\dut936.s2p
train,TMRDL,937,skipped,C:\ffzhzh\SyncFiles\Temp\HFSS_sim\LHS800\train\TMRDL\dut937.s2p
train,TMRDL,938,skipped,C:\ffzhzh\SyncFiles\Temp\HFSS_sim\LHS800\train\TMRDL\dut938.s2p
train,TMRDL,939,skipped,C:\ffzhzh\SyncFiles\Temp\HFSS_sim\LHS800\train\TMRDL\dut939.s2p
train,TMRDL,940,skipped,C:\ffzhzh\SyncFiles\Temp\HFSS_sim\LHS800\train\TMRDL\dut940.s2p
train,TMRDL,941,skipped,C:\ffzhzh\SyncFiles\Temp\HFSS_sim\LHS800\train\TMRDL\dut941.s2p
train,TMRDL,942,skipped,C:\ffzhzh\SyncFiles\Temp\HFSS_sim\LHS800\train\TMRDL\dut942.s2p
train,TMRDL,943,skipped,C:\ffzhzh\SyncFiles\Temp\HFSS_sim\LHS800\train\TMRDL\dut943.s2p
train,TMRDL,944,skipped,C:\ffzhzh\SyncFiles\Temp\HFSS_sim\LHS800\train\TMRDL\dut944.s2p
train,TMRDL,945,skipped,C:\ffzhzh\SyncFiles\Temp\HFSS_sim\LHS800\train\TMRDL\dut945.s2p
train,TMRDL,946,skipped,C:\ffzhzh\SyncFiles\Temp\HFSS_sim\LHS800\train\TMRDL\dut946.s2p
train,TMRDL,947,skipped,C:\ffzhzh\SyncFiles\Temp\HFSS_sim\LHS800\train\TMRDL\dut947.s2p
train,TMRDL,948,skipped,C:\ffzhzh\SyncFiles\Temp\HFSS_sim\LHS800\train\TMRDL\dut948.s2p
train,TMRDL,949,skipped,C:\ffzhzh\SyncFiles\Temp\HFSS_sim\LHS800\train\TMRDL\dut949.s2p
train,TMRDL,950,skipped,C:\ffzhzh\SyncFiles\Temp\HFSS_sim\LHS800\train\TMRDL\dut950.s2p
train,TMRDL,951,skipped,C:\ffzhzh\SyncFiles\Temp\HFSS_sim\LHS800\train\TMRDL\dut951.s2p
train,TMRDL,952,skipped,C:\ffzhzh\SyncFiles\Temp\HFSS_sim\LHS800\train\TMRDL\dut952.s2p
train,TMRDL,953,skipped,C:\ffzhzh\SyncFiles\Temp\HFSS_sim\LHS800\train\TMRDL\dut953.s2p
train,TMRDL,954,skipped,C:\ffzhzh\SyncFiles\Temp\HFSS_sim\LHS800\train\TMRDL\dut954.s2p
train,TMRDL,955,skipped,C:\ffzhzh\SyncFiles\Temp\HFSS_sim\LHS800\train\TMRDL\dut955.s2p
train,TMRDL,956,skipped,C:\ffzhzh\SyncFiles\Temp\HFSS_sim\LHS800\train\TMRDL\dut956.s2p
train,TMRDL,957,skipped,C:\ffzhzh\SyncFiles\Temp\HFSS_sim\LHS800\train\TMRDL\dut957.s2p
train,TMRDL,958,skipped,C:\ffzhzh\SyncFiles\Temp\HFSS_sim\LHS800\train\TMRDL\dut958.s2p
train,TMRDL,959,skipped,C:\ffzhzh\SyncFiles\Temp\HFSS_sim\LHS800\train\TMRDL\dut959.s2p
train,TMRDL,960,skipped,C:\ffzhzh\SyncFiles\Temp\HFSS_sim\LHS800\train\TMRDL\dut960.s2p
train,TMRDL,961,skipped,C:\ffzhzh\SyncFiles\Temp\HFSS_sim\LHS800\train\TMRDL\dut961.s2p
train,TMRDL,962,skipped,C:\ffzhzh\SyncFiles\Temp\HFSS_sim\LHS800\train\TMRDL\dut962.s2p
train,TMRDL,963,skipped,C:\ffzhzh\SyncFiles\Temp\HFSS_sim\LHS800\train\TMRDL\dut963.s2p
train,TMRDL,964,skipped,C:\ffzhzh\SyncFiles\Temp\HFSS_sim\LHS800\train\TMRDL\dut964.s2p
train,TMRDL,965,skipped,C:\ffzhzh\SyncFiles\Temp\HFSS_sim\LHS800\train\TMRDL\dut965.s2p
train,TMRDL,966,skipped,C:\ffzhzh\SyncFiles\Temp\HFSS_sim\LHS800\train\TMRDL\dut966.s2p
train,TMRDL,967,skipped,C:\ffzhzh\SyncFiles\Temp\HFSS_sim\LHS800\train\TMRDL\dut967.s2p
train,TMRDL,968,skipped,C:\ffzhzh\SyncFiles\Temp\HFSS_sim\LHS800\train\TMRDL\dut968.s2p
train,TMRDL,969,skipped,C:\ffzhzh\SyncFiles\Temp\HFSS_sim\LHS800\train\TMRDL\dut969.s2p
train,TMRDL,970,skipped,C:\ffzhzh\SyncFiles\Temp\HFSS_sim\LHS800\train\TMRDL\dut970.s2p
train,TMRDL,971,skipped,C:\ffzhzh\SyncFiles\Temp\HFSS_sim\LHS800\train\TMRDL\dut971.s2p
train,TMRDL,972,skipped,C:\ffzhzh\SyncFiles\Temp\HFSS_sim\LHS800\train\TMRDL\dut972.s2p
train,TMRDL,973,skipped,C:\ffzhzh\SyncFiles\Temp\HFSS_sim\LHS800\train\TMRDL\dut973.s2p
train,TMRDL,974,skipped,C:\ffzhzh\SyncFiles\Temp\HFSS_sim\LHS800\train\TMRDL\dut974.s2p
train,TMRDL,975,skipped,C:\ffzhzh\SyncFiles\Temp\HFSS_sim\LHS800\train\TMRDL\dut975.s2p
train,TMRDL,976,skipped,C:\ffzhzh\SyncFiles\Temp\HFSS_sim\LHS800\train\TMRDL\dut976.s2p
train,TMRDL,977,skipped,C:\ffzhzh\SyncFiles\Temp\HFSS_sim\LHS800\train\TMRDL\dut977.s2p
train,TMRDL,978,skipped,C:\ffzhzh\SyncFiles\Temp\HFSS_sim\LHS800\train\TMRDL\dut978.s2p
train,TMRDL,979,skipped,C:\ffzhzh\SyncFiles\Temp\HFSS_sim\LHS800\train\TMRDL\dut979.s2p
train,TMRDL,980,skipped,C:\ffzhzh\SyncFiles\Temp\HFSS_sim\LHS800\train\TMRDL\dut980.s2p
train,TMRDL,981,skipped,C:\ffzhzh\SyncFiles\Temp\HFSS_sim\LHS800\train\TMRDL\dut981.s2p
train,TMRDL,982,skipped,C:\ffzhzh\SyncFiles\Temp\HFSS_sim\LHS800\train\TMRDL\dut982.s2p
train,TMRDL,983,skipped,C:\ffzhzh\SyncFiles\Temp\HFSS_sim\LHS800\train\TMRDL\dut983.s2p
train,TMRDL,984,skipped,C:\ffzhzh\SyncFiles\Temp\HFSS_sim\LHS800\train\TMRDL\dut984.s2p
train,TMRDL,985,skipped,C:\ffzhzh\SyncFiles\Temp\HFSS_sim\LHS800\train\TMRDL\dut985.s2p
train,TMRDL,986,skipped,C:\ffzhzh\SyncFiles\Temp\HFSS_sim\LHS800\train\TMRDL\dut986.s2p
train,TMRDL,987,skipped,C:\ffzhzh\SyncFiles\Temp\HFSS_sim\LHS800\train\TMRDL\dut987.s2p
train,TMRDL,988,skipped,C:\ffzhzh\SyncFiles\Temp\HFSS_sim\LHS800\train\TMRDL\dut988.s2p
train,TMRDL,989,skipped,C:\ffzhzh\SyncFiles\Temp\HFSS_sim\LHS800\train\TMRDL\dut989.s2p
train,TMRDL,990,skipped,C:\ffzhzh\SyncFiles\Temp\HFSS_sim\LHS800\train\TMRDL\dut990.s2p
train,TMRDL,991,skipped,C:\ffzhzh\SyncFiles\Temp\HFSS_sim\LHS800\train\TMRDL\dut991.s2p
train,TMRDL,992,skipped,C:\ffzhzh\SyncFiles\Temp\HFSS_sim\LHS800\train\TMRDL\dut992.s2p
train,TMRDL,993,skipped,C:\ffzhzh\SyncFiles\Temp\HFSS_sim\LHS800\train\TMRDL\dut993.s2p
train,TMRDL,994,skipped,C:\ffzhzh\SyncFiles\Temp\HFSS_sim\LHS800\train\TMRDL\dut994.s2p
train,TMRDL,995,skipped,C:\ffzhzh\SyncFiles\Temp\HFSS_sim\LHS800\train\TMRDL\dut995.s2p
train,TMRDL,996,skipped,C:\ffzhzh\SyncFiles\Temp\HFSS_sim\LHS800\train\TMRDL\dut996.s2p
train,TMRDL,997,skipped,C:\ffzhzh\SyncFiles\Temp\HFSS_sim\LHS800\train\TMRDL\dut997.s2p
train,TMRDL,998,skipped,C:\ffzhzh\SyncFiles\Temp\HFSS_sim\LHS800\train\TMRDL\dut998.s2p
train,TMRDL,999,skipped,C:\ffzhzh\SyncFiles\Temp\HFSS_sim\LHS800\train\TMRDL\dut999.s2p
train,TMRDL,1000,skipped,C:\ffzhzh\SyncFiles\Temp\HFSS_sim\LHS800\train\TMRDL\dut1000.s2p
train,TMRDL,1001,skipped,C:\ffzhzh\SyncFiles\Temp\HFSS_sim\LHS800\train\TMRDL\dut1001.s2p
train,TMRDL,1002,skipped,C:\ffzhzh\SyncFiles\Temp\HFSS_sim\LHS800\train\TMRDL\dut1002.s2p
train,TMRDL,1003,skipped,C:\ffzhzh\SyncFiles\Temp\HFSS_sim\LHS800\train\TMRDL\dut1003.s2p
train,TMRDL,1004,skipped,C:\ffzhzh\SyncFiles\Temp\HFSS_sim\LHS800\train\TMRDL\dut1004.s2p
train,TMRDL,1005,skipped,C:\ffzhzh\SyncFiles\Temp\HFSS_sim\LHS800\train\TMRDL\dut1005.s2p
train,TMRDL,1006,skipped,C:\ffzhzh\SyncFiles\Temp\HFSS_sim\LHS800\train\TMRDL\dut1006.s2p
train,TMRDL,1007,skipped,C:\ffzhzh\SyncFiles\Temp\HFSS_sim\LHS800\train\TMRDL\dut1007.s2p
train,TMRDL,1008,skipped,C:\ffzhzh\SyncFiles\Temp\HFSS_sim\LHS800\train\TMRDL\dut1008.s2p
train,TMRDL,1009,skipped,C:\ffzhzh\SyncFiles\Temp\HFSS_sim\LHS800\train\TMRDL\dut1009.s2p
train,TMRDL,1010,skipped,C:\ffzhzh\SyncFiles\Temp\HFSS_sim\LHS800\train\TMRDL\dut1010.s2p
train,TMRDL,1011,skipped,C:\ffzhzh\SyncFiles\Temp\HFSS_sim\LHS800\train\TMRDL\dut1011.s2p
train,TMRDL,1012,skipped,C:\ffzhzh\SyncFiles\Temp\HFSS_sim\LHS800\train\TMRDL\dut1012.s2p
train,TMRDL,1013,skipped,C:\ffzhzh\SyncFiles\Temp\HFSS_sim\LHS800\train\TMRDL\dut1013.s2p
train,TMRDL,1014,skipped,C:\ffzhzh\SyncFiles\Temp\HFSS_sim\LHS800\train\TMRDL\dut1014.s2p
train,TMRDL,1015,skipped,C:\ffzhzh\SyncFiles\Temp\HFSS_sim\LHS800\train\TMRDL\dut1015.s2p
train,TMRDL,1016,skipped,C:\ffzhzh\SyncFiles\Temp\HFSS_sim\LHS800\train\TMRDL\dut1016.s2p
train,TMRDL,1017,skipped,C:\ffzhzh\SyncFiles\Temp\HFSS_sim\LHS800\train\TMRDL\dut1017.s2p
train,TMRDL,1018,skipped,C:\ffzhzh\SyncFiles\Temp\HFSS_sim\LHS800\train\TMRDL\dut1018.s2p
train,TMRDL,1019,skipped,C:\ffzhzh\SyncFiles\Temp\HFSS_sim\LHS800\train\TMRDL\dut1019.s2p
train,TMRDL,1020,skipped,C:\ffzhzh\SyncFiles\Temp\HFSS_sim\LHS800\train\TMRDL\dut1020.s2p
train,TMRDL,1021,skipped,C:\ffzhzh\SyncFiles\Temp\HFSS_sim\LHS800\train\TMRDL\dut1021.s2p
train,TMRDL,1022,skipped,C:\ffzhzh\SyncFiles\Temp\HFSS_sim\LHS800\train\TMRDL\dut1022.s2p
train,TMRDL,1023,skipped,C:\ffzhzh\SyncFiles\Temp\HFSS_sim\LHS800\train\TMRDL\dut1023.s2p
train,TMRDL,1024,skipped,C:\ffzhzh\SyncFiles\Temp\HFSS_sim\LHS800\train\TMRDL\dut1024.s2p
train,TMRDL,1025,skipped,C:\ffzhzh\SyncFiles\Temp\HFSS_sim\LHS800\train\TMRDL\dut1025.s2p
train,TMRDL,1026,skipped,C:\ffzhzh\SyncFiles\Temp\HFSS_sim\LHS800\train\TMRDL\dut1026.s2p
train,TMRDL,1027,skipped,C:\ffzhzh\SyncFiles\Temp\HFSS_sim\LHS800\train\TMRDL\dut1027.s2p
train,TMRDL,1028,skipped,C:\ffzhzh\SyncFiles\Temp\HFSS_sim\LHS800\train\TMRDL\dut1028.s2p
train,TMRDL,1029,skipped,C:\ffzhzh\SyncFiles\Temp\HFSS_sim\LHS800\train\TMRDL\dut1029.s2p
train,TMRDL,1030,skipped,C:\ffzhzh\SyncFiles\Temp\HFSS_sim\LHS800\train\TMRDL\dut1030.s2p
train,TMRDL,1031,skipped,C:\ffzhzh\SyncFiles\Temp\HFSS_sim\LHS800\train\TMRDL\dut1031.s2p
train,TMRDL,1032,skipped,C:\ffzhzh\SyncFiles\Temp\HFSS_sim\LHS800\train\TMRDL\dut1032.s2p
train,TMRDL,1033,skipped,C:\ffzhzh\SyncFiles\Temp\HFSS_sim\LHS800\train\TMRDL\dut1033.s2p
train,TMRDL,1034,skipped,C:\ffzhzh\SyncFiles\Temp\HFSS_sim\LHS800\train\TMRDL\dut1034.s2p
train,TMRDL,1035,skipped,C:\ffzhzh\SyncFiles\Temp\HFSS_sim\LHS800\train\TMRDL\dut1035.s2p
train,TMRDL,1036,skipped,C:\ffzhzh\SyncFiles\Temp\HFSS_sim\LHS800\train\TMRDL\dut1036.s2p
train,TMRDL,1037,skipped,C:\ffzhzh\SyncFiles\Temp\HFSS_sim\LHS800\train\TMRDL\dut1037.s2p
train,TMRDL,1038,skipped,C:\ffzhzh\SyncFiles\Temp\HFSS_sim\LHS800\train\TMRDL\dut1038.s2p
train,TMRDL,1039,skipped,C:\ffzhzh\SyncFiles\Temp\HFSS_sim\LHS800\train\TMRDL\dut1039.s2p
train,TMRDL,1040,skipped,C:\ffzhzh\SyncFiles\Temp\HFSS_sim\LHS800\train\TMRDL\dut1040.s2p
train,TMRDL,1041,skipped,C:\ffzhzh\SyncFiles\Temp\HFSS_sim\LHS800\train\TMRDL\dut1041.s2p
train,TMRDL,1042,skipped,C:\ffzhzh\SyncFiles\Temp\HFSS_sim\LHS800\train\TMRDL\dut1042.s2p
train,TMRDL,1043,skipped,C:\ffzhzh\SyncFiles\Temp\HFSS_sim\LHS800\train\TMRDL\dut1043.s2p
train,TMRDL,1044,skipped,C:\ffzhzh\SyncFiles\Temp\HFSS_sim\LHS800\train\TMRDL\dut1044.s2p
train,TMRDL,1045,skipped,C:\ffzhzh\SyncFiles\Temp\HFSS_sim\LHS800\train\TMRDL\dut1045.s2p
train,TMRDL,1046,skipped,C:\ffzhzh\SyncFiles\Temp\HFSS_sim\LHS800\train\TMRDL\dut1046.s2p
train,TMRDL,1047,skipped,C:\ffzhzh\SyncFiles\Temp\HFSS_sim\LHS800\train\TMRDL\dut1047.s2p
train,TMRDL,1048,skipped,C:\ffzhzh\SyncFiles\Temp\HFSS_sim\LHS800\train\TMRDL\dut1048.s2p
train,TMRDL,1049,skipped,C:\ffzhzh\SyncFiles\Temp\HFSS_sim\LHS800\train\TMRDL\dut1049.s2p
train,TMRDL,1050,skipped,C:\ffzhzh\SyncFiles\Temp\HFSS_sim\LHS800\train\TMRDL\dut1050.s2p
train,TMRDL,1051,skipped,C:\ffzhzh\SyncFiles\Temp\HFSS_sim\LHS800\train\TMRDL\dut1051.s2p
train,TMRDL,1052,skipped,C:\ffzhzh\SyncFiles\Temp\HFSS_sim\LHS800\train\TMRDL\dut1052.s2p
train,TMRDL,1053,skipped,C:\ffzhzh\SyncFiles\Temp\HFSS_sim\LHS800\train\TMRDL\dut1053.s2p
train,TMRDL,1054,skipped,C:\ffzhzh\SyncFiles\Temp\HFSS_sim\LHS800\train\TMRDL\dut1054.s2p
train,TMRDL,1055,skipped,C:\ffzhzh\SyncFiles\Temp\HFSS_sim\LHS800\train\TMRDL\dut1055.s2p
train,TMRDL,1056,skipped,C:\ffzhzh\SyncFiles\Temp\HFSS_sim\LHS800\train\TMRDL\dut1056.s2p
train,TMRDL,1057,skipped,C:\ffzhzh\SyncFiles\Temp\HFSS_sim\LHS800\train\TMRDL\dut1057.s2p
train,TMRDL,1058,skipped,C:\ffzhzh\SyncFiles\Temp\HFSS_sim\LHS800\train\TMRDL\dut1058.s2p
train,TMRDL,1059,skipped,C:\ffzhzh\SyncFiles\Temp\HFSS_sim\LHS800\train\TMRDL\dut1059.s2p
train,TMRDL,1060,skipped,C:\ffzhzh\SyncFiles\Temp\HFSS_sim\LHS800\train\TMRDL\dut1060.s2p
train,TMRDL,1061,skipped,C:\ffzhzh\SyncFiles\Temp\HFSS_sim\LHS800\train\TMRDL\dut1061.s2p
train,TMRDL,1062,skipped,C:\ffzhzh\SyncFiles\Temp\HFSS_sim\LHS800\train\TMRDL\dut1062.s2p
train,TMRDL,1063,skipped,C:\ffzhzh\SyncFiles\Temp\HFSS_sim\LHS800\train\TMRDL\dut1063.s2p
train,TMRDL,1064,skipped,C:\ffzhzh\SyncFiles\Temp\HFSS_sim\LHS800\train\TMRDL\dut1064.s2p
train,TMRDL,1065,skipped,C:\ffzhzh\SyncFiles\Temp\HFSS_sim\LHS800\train\TMRDL\dut1065.s2p
train,TMRDL,1066,skipped,C:\ffzhzh\SyncFiles\Temp\HFSS_sim\LHS800\train\TMRDL\dut1066.s2p
train,TMRDL,1067,skipped,C:\ffzhzh\SyncFiles\Temp\HFSS_sim\LHS800\train\TMRDL\dut1067.s2p
train,TMRDL,1068,skipped,C:\ffzhzh\SyncFiles\Temp\HFSS_sim\LHS800\train\TMRDL\dut1068.s2p
train,TMRDL,1069,skipped,C:\ffzhzh\SyncFiles\Temp\HFSS_sim\LHS800\train\TMRDL\dut1069.s2p
train,TMRDL,1070,skipped,C:\ffzhzh\SyncFiles\Temp\HFSS_sim\LHS800\train\TMRDL\dut1070.s2p
train,TMRDL,1071,skipped,C:\ffzhzh\SyncFiles\Temp\HFSS_sim\LHS800\train\TMRDL\dut1071.s2p
train,TMRDL,1072,skipped,C:\ffzhzh\SyncFiles\Temp\HFSS_sim\LHS800\train\TMRDL\dut1072.s2p
train,TMRDL,1073,skipped,C:\ffzhzh\SyncFiles\Temp\HFSS_sim\LHS800\train\TMRDL\dut1073.s2p
train,TMRDL,1074,skipped,C:\ffzhzh\SyncFiles\Temp\HFSS_sim\LHS800\train\TMRDL\dut1074.s2p
train,TMRDL,1075,skipped,C:\ffzhzh\SyncFiles\Temp\HFSS_sim\LHS800\train\TMRDL\dut1075.s2p
train,TMRDL,1076,skipped,C:\ffzhzh\SyncFiles\Temp\HFSS_sim\LHS800\train\TMRDL\dut1076.s2p
train,TMRDL,1077,skipped,C:\ffzhzh\SyncFiles\Temp\HFSS_sim\LHS800\train\TMRDL\dut1077.s2p
train,TMRDL,1078,skipped,C:\ffzhzh\SyncFiles\Temp\HFSS_sim\LHS800\train\TMRDL\dut1078.s2p
train,TMRDL,1079,skipped,C:\ffzhzh\SyncFiles\Temp\HFSS_sim\LHS800\train\TMRDL\dut1079.s2p
train,TMRDL,1080,skipped,C:\ffzhzh\SyncFiles\Temp\HFSS_sim\LHS800\train\TMRDL\dut1080.s2p
train,TMRDL,1081,skipped,C:\ffzhzh\SyncFiles\Temp\HFSS_sim\LHS800\train\TMRDL\dut1081.s2p
train,TMRDL,1082,skipped,C:\ffzhzh\SyncFiles\Temp\HFSS_sim\LHS800\train\TMRDL\dut1082.s2p
train,TMRDL,1083,skipped,C:\ffzhzh\SyncFiles\Temp\HFSS_sim\LHS800\train\TMRDL\dut1083.s2p
train,TMRDL,1084,skipped,C:\ffzhzh\SyncFiles\Temp\HFSS_sim\LHS800\train\TMRDL\dut1084.s2p
train,TMRDL,1085,skipped,C:\ffzhzh\SyncFiles\Temp\HFSS_sim\LHS800\train\TMRDL\dut1085.s2p
train,TMRDL,1086,skipped,C:\ffzhzh\SyncFiles\Temp\HFSS_sim\LHS800\train\TMRDL\dut1086.s2p
train,TMRDL,1087,skipped,C:\ffzhzh\SyncFiles\Temp\HFSS_sim\LHS800\train\TMRDL\dut1087.s2p
train,TMRDL,1088,skipped,C:\ffzhzh\SyncFiles\Temp\HFSS_sim\LHS800\train\TMRDL\dut1088.s2p
train,TMRDL,1089,skipped,C:\ffzhzh\SyncFiles\Temp\HFSS_sim\LHS800\train\TMRDL\dut1089.s2p
train,TMRDL,1090,skipped,C:\ffzhzh\SyncFiles\Temp\HFSS_sim\LHS800\train\TMRDL\dut1090.s2p
train,TMRDL,1091,skipped,C:\ffzhzh\SyncFiles\Temp\HFSS_sim\LHS800\train\TMRDL\dut1091.s2p
train,TMRDL,1092,skipped,C:\ffzhzh\SyncFiles\Temp\HFSS_sim\LHS800\train\TMRDL\dut1092.s2p
train,TMRDL,1093,skipped,C:\ffzhzh\SyncFiles\Temp\HFSS_sim\LHS800\train\TMRDL\dut1093.s2p
train,TMRDL,1094,skipped,C:\ffzhzh\SyncFiles\Temp\HFSS_sim\LHS800\train\TMRDL\dut1094.s2p
train,TMRDL,1095,skipped,C:\ffzhzh\SyncFiles\Temp\HFSS_sim\LHS800\train\TMRDL\dut1095.s2p
train,TMRDL,1096,skipped,C:\ffzhzh\SyncFiles\Temp\HFSS_sim\LHS800\train\TMRDL\dut1096.s2p
train,TMRDL,1097,skipped,C:\ffzhzh\SyncFiles\Temp\HFSS_sim\LHS800\train\TMRDL\dut1097.s2p
train,TMRDL,1098,skipped,C:\ffzhzh\SyncFiles\Temp\HFSS_sim\LHS800\train\TMRDL\dut1098.s2p
train,TMRDL,1099,skipped,C:\ffzhzh\SyncFiles\Temp\HFSS_sim\LHS800\train\TMRDL\dut1099.s2p
train,TMRDL,1100,skipped,C:\ffzhzh\SyncFiles\Temp\HFSS_sim\LHS800\train\TMRDL\dut1100.s2p
train,TMRDL,1101,skipped,C:\ffzhzh\SyncFiles\Temp\HFSS_sim\LHS800\train\TMRDL\dut1101.s2p
train,TMRDL,1102,skipped,C:\ffzhzh\SyncFiles\Temp\HFSS_sim\LHS800\train\TMRDL\dut1102.s2p
train,TMRDL,1103,skipped,C:\ffzhzh\SyncFiles\Temp\HFSS_sim\LHS800\train\TMRDL\dut1103.s2p
train,TMRDL,1104,skipped,C:\ffzhzh\SyncFiles\Temp\HFSS_sim\LHS800\train\TMRDL\dut1104.s2p
train,TMRDL,1105,skipped,C:\ffzhzh\SyncFiles\Temp\HFSS_sim\LHS800\train\TMRDL\dut1105.s2p
train,TMRDL,1106,skipped,C:\ffzhzh\SyncFiles\Temp\HFSS_sim\LHS800\train\TMRDL\dut1106.s2p
train,TMRDL,1107,skipped,C:\ffzhzh\SyncFiles\Temp\HFSS_sim\LHS800\train\TMRDL\dut1107.s2p
train,TMRDL,1108,skipped,C:\ffzhzh\SyncFiles\Temp\HFSS_sim\LHS800\train\TMRDL\dut1108.s2p
train,TMRDL,1109,skipped,C:\ffzhzh\SyncFiles\Temp\HFSS_sim\LHS800\train\TMRDL\dut1109.s2p
train,TMRDL,1110,skipped,C:\ffzhzh\SyncFiles\Temp\HFSS_sim\LHS800\train\TMRDL\dut1110.s2p
train,TMRDL,1111,skipped,C:\ffzhzh\SyncFiles\Temp\HFSS_sim\LHS800\train\TMRDL\dut1111.s2p
train,TMRDL,1112,skipped,C:\ffzhzh\SyncFiles\Temp\HFSS_sim\LHS800\train\TMRDL\dut1112.s2p
train,TMRDL,1113,skipped,C:\ffzhzh\SyncFiles\Temp\HFSS_sim\LHS800\train\TMRDL\dut1113.s2p
train,TMRDL,1114,skipped,C:\ffzhzh\SyncFiles\Temp\HFSS_sim\LHS800\train\TMRDL\dut1114.s2p
train,TMRDL,1115,skipped,C:\ffzhzh\SyncFiles\Temp\HFSS_sim\LHS800\train\TMRDL\dut1115.s2p
train,TMRDL,1116,skipped,C:\ffzhzh\SyncFiles\Temp\HFSS_sim\LHS800\train\TMRDL\dut1116.s2p
train,TMRDL,1117,skipped,C:\ffzhzh\SyncFiles\Temp\HFSS_sim\LHS800\train\TMRDL\dut1117.s2p
train,TMRDL,1118,skipped,C:\ffzhzh\SyncFiles\Temp\HFSS_sim\LHS800\train\TMRDL\dut1118.s2p
train,TMRDL,1119,skipped,C:\ffzhzh\SyncFiles\Temp\HFSS_sim\LHS800\train\TMRDL\dut1119.s2p
train,TMRDL,1120,skipped,C:\ffzhzh\SyncFiles\Temp\HFSS_sim\LHS800\train\TMRDL\dut1120.s2p
train,TMRDL,1121,skipped,C:\ffzhzh\SyncFiles\Temp\HFSS_sim\LHS800\train\TMRDL\dut1121.s2p
train,TMRDL,1122,skipped,C:\ffzhzh\SyncFiles\Temp\HFSS_sim\LHS800\train\TMRDL\dut1122.s2p
train,TMRDL,1123,skipped,C:\ffzhzh\SyncFiles\Temp\HFSS_sim\LHS800\train\TMRDL\dut1123.s2p
train,TMRDL,1124,skipped,C:\ffzhzh\SyncFiles\Temp\HFSS_sim\LHS800\train\TMRDL\dut1124.s2p
train,TMRDL,1125,skipped,C:\ffzhzh\SyncFiles\Temp\HFSS_sim\LHS800\train\TMRDL\dut1125.s2p
train,TMRDL,1126,skipped,C:\ffzhzh\SyncFiles\Temp\HFSS_sim\LHS800\train\TMRDL\dut1126.s2p
train,TMRDL,1127,skipped,C:\ffzhzh\SyncFiles\Temp\HFSS_sim\LHS800\train\TMRDL\dut1127.s2p
train,TMRDL,1128,skipped,C:\ffzhzh\SyncFiles\Temp\HFSS_sim\LHS800\train\TMRDL\dut1128.s2p
train,TMRDL,1129,skipped,C:\ffzhzh\SyncFiles\Temp\HFSS_sim\LHS800\train\TMRDL\dut1129.s2p
train,TMRDL,1130,skipped,C:\ffzhzh\SyncFiles\Temp\HFSS_sim\LHS800\train\TMRDL\dut1130.s2p
train,TMRDL,1131,skipped,C:\ffzhzh\SyncFiles\Temp\HFSS_sim\LHS800\train\TMRDL\dut1131.s2p
train,TMRDL,1132,skipped,C:\ffzhzh\SyncFiles\Temp\HFSS_sim\LHS800\train\TMRDL\dut1132.s2p
train,TMRDL,1133,skipped,C:\ffzhzh\SyncFiles\Temp\HFSS_sim\LHS800\train\TMRDL\dut1133.s2p
train,TMRDL,1134,skipped,C:\ffzhzh\SyncFiles\Temp\HFSS_sim\LHS800\train\TMRDL\dut1134.s2p
train,TMRDL,1135,skipped,C:\ffzhzh\SyncFiles\Temp\HFSS_sim\LHS800\train\TMRDL\dut1135.s2p
train,TMRDL,1136,skipped,C:\ffzhzh\SyncFiles\Temp\HFSS_sim\LHS800\train\TMRDL\dut1136.s2p
train,TMRDL,1137,skipped,C:\ffzhzh\SyncFiles\Temp\HFSS_sim\LHS800\train\TMRDL\dut1137.s2p
train,TMRDL,1138,skipped,C:\ffzhzh\SyncFiles\Temp\HFSS_sim\LHS800\train\TMRDL\dut1138.s2p
train,TMRDL,1139,skipped,C:\ffzhzh\SyncFiles\Temp\HFSS_sim\LHS800\train\TMRDL\dut1139.s2p
train,TMRDL,1140,skipped,C:\ffzhzh\SyncFiles\Temp\HFSS_sim\LHS800\train\TMRDL\dut1140.s2p
train,TMRDL,1141,skipped,C:\ffzhzh\SyncFiles\Temp\HFSS_sim\LHS800\train\TMRDL\dut1141.s2p
train,TMRDL,1142,skipped,C:\ffzhzh\SyncFiles\Temp\HFSS_sim\LHS800\train\TMRDL\dut1142.s2p
train,TMRDL,1143,skipped,C:\ffzhzh\SyncFiles\Temp\HFSS_sim\LHS800\train\TMRDL\dut1143.s2p
train,TMRDL,1144,skipped,C:\ffzhzh\SyncFiles\Temp\HFSS_sim\LHS800\train\TMRDL\dut1144.s2p
train,TMRDL,1145,skipped,C:\ffzhzh\SyncFiles\Temp\HFSS_sim\LHS800\train\TMRDL\dut1145.s2p
train,TMRDL,1146,skipped,C:\ffzhzh\SyncFiles\Temp\HFSS_sim\LHS800\train\TMRDL\dut1146.s2p
train,TMRDL,1147,skipped,C:\ffzhzh\SyncFiles\Temp\HFSS_sim\LHS800\train\TMRDL\dut1147.s2p
train,TMRDL,1148,skipped,C:\ffzhzh\SyncFiles\Temp\HFSS_sim\LHS800\train\TMRDL\dut1148.s2p
train,TMRDL,1149,skipped,C:\ffzhzh\SyncFiles\Temp\HFSS_sim\LHS800\train\TMRDL\dut1149.s2p
train,TMRDL,1150,skipped,C:\ffzhzh\SyncFiles\Temp\HFSS_sim\LHS800\train\TMRDL\dut1150.s2p
train,TMRDL,1151,skipped,C:\ffzhzh\SyncFiles\Temp\HFSS_sim\LHS800\train\TMRDL\dut1151.s2p
train,TMRDL,1152,skipped,C:\ffzhzh\SyncFiles\Temp\HFSS_sim\LHS800\train\TMRDL\dut1152.s2p
train,TMRDL,1153,skipped,C:\ffzhzh\SyncFiles\Temp\HFSS_sim\LHS800\train\TMRDL\dut1153.s2p
train,TMRDL,1154,skipped,C:\ffzhzh\SyncFiles\Temp\HFSS_sim\LHS800\train\TMRDL\dut1154.s2p
train,TMRDL,1155,skipped,C:\ffzhzh\SyncFiles\Temp\HFSS_sim\LHS800\train\TMRDL\dut1155.s2p
train,TMRDL,1156,skipped,C:\ffzhzh\SyncFiles\Temp\HFSS_sim\LHS800\train\TMRDL\dut1156.s2p
train,TMRDL,1157,skipped,C:\ffzhzh\SyncFiles\Temp\HFSS_sim\LHS800\train\TMRDL\dut1157.s2p
train,TMRDL,1158,skipped,C:\ffzhzh\SyncFiles\Temp\HFSS_sim\LHS800\train\TMRDL\dut1158.s2p
train,TMRDL,1159,skipped,C:\ffzhzh\SyncFiles\Temp\HFSS_sim\LHS800\train\TMRDL\dut1159.s2p
train,TMRDL,1160,skipped,C:\ffzhzh\SyncFiles\Temp\HFSS_sim\LHS800\train\TMRDL\dut1160.s2p
train,TMRDL,1161,skipped,C:\ffzhzh\SyncFiles\Temp\HFSS_sim\LHS800\train\TMRDL\dut1161.s2p
train,TMRDL,1162,skipped,C:\ffzhzh\SyncFiles\Temp\HFSS_sim\LHS800\train\TMRDL\dut1162.s2p
train,TMRDL,1163,skipped,C:\ffzhzh\SyncFiles\Temp\HFSS_sim\LHS800\train\TMRDL\dut1163.s2p
train,TMRDL,1164,skipped,C:\ffzhzh\SyncFiles\Temp\HFSS_sim\LHS800\train\TMRDL\dut1164.s2p
train,TMRDL,1165,skipped,C:\ffzhzh\SyncFiles\Temp\HFSS_sim\LHS800\train\TMRDL\dut1165.s2p
train,TMRDL,1166,skipped,C:\ffzhzh\SyncFiles\Temp\HFSS_sim\LHS800\train\TMRDL\dut1166.s2p
train,TMRDL,1167,skipped,C:\ffzhzh\SyncFiles\Temp\HFSS_sim\LHS800\train\TMRDL\dut1167.s2p
train,TMRDL,1168,skipped,C:\ffzhzh\SyncFiles\Temp\HFSS_sim\LHS800\train\TMRDL\dut1168.s2p
train,TMRDL,1169,skipped,C:\ffzhzh\SyncFiles\Temp\HFSS_sim\LHS800\train\TMRDL\dut1169.s2p
train,TMRDL,1170,skipped,C:\ffzhzh\SyncFiles\Temp\HFSS_sim\LHS800\train\TMRDL\dut1170.s2p
train,TMRDL,1171,skipped,C:\ffzhzh\SyncFiles\Temp\HFSS_sim\LHS800\train\TMRDL\dut1171.s2p
train,TMRDL,1172,skipped,C:\ffzhzh\SyncFiles\Temp\HFSS_sim\LHS800\train\TMRDL\dut1172.s2p
train,TMRDL,1173,skipped,C:\ffzhzh\SyncFiles\Temp\HFSS_sim\LHS800\train\TMRDL\dut1173.s2p
train,TMRDL,1174,skipped,C:\ffzhzh\SyncFiles\Temp\HFSS_sim\LHS800\train\TMRDL\dut1174.s2p
train,TMRDL,1175,skipped,C:\ffzhzh\SyncFiles\Temp\HFSS_sim\LHS800\train\TMRDL\dut1175.s2p
train,TMRDL,1176,skipped,C:\ffzhzh\SyncFiles\Temp\HFSS_sim\LHS800\train\TMRDL\dut1176.s2p
train,TMRDL,1177,skipped,C:\ffzhzh\SyncFiles\Temp\HFSS_sim\LHS800\train\TMRDL\dut1177.s2p
train,TMRDL,1178,skipped,C:\ffzhzh\SyncFiles\Temp\HFSS_sim\LHS800\train\TMRDL\dut1178.s2p
train,TMRDL,1179,skipped,C:\ffzhzh\SyncFiles\Temp\HFSS_sim\LHS800\train\TMRDL\dut1179.s2p
train,TMRDL,1180,skipped,C:\ffzhzh\SyncFiles\Temp\HFSS_sim\LHS800\train\TMRDL\dut1180.s2p
train,TMRDL,1181,skipped,C:\ffzhzh\SyncFiles\Temp\HFSS_sim\LHS800\train\TMRDL\dut1181.s2p
train,TMRDL,1182,skipped,C:\ffzhzh\SyncFiles\Temp\HFSS_sim\LHS800\train\TMRDL\dut1182.s2p
train,TMRDL,1183,skipped,C:\ffzhzh\SyncFiles\Temp\HFSS_sim\LHS800\train\TMRDL\dut1183.s2p
train,TMRDL,1184,skipped,C:\ffzhzh\SyncFiles\Temp\HFSS_sim\LHS800\train\TMRDL\dut1184.s2p
train,TMRDL,1185,skipped,C:\ffzhzh\SyncFiles\Temp\HFSS_sim\LHS800\train\TMRDL\dut1185.s2p
train,TMRDL,1186,skipped,C:\ffzhzh\SyncFiles\Temp\HFSS_sim\LHS800\train\TMRDL\dut1186.s2p
train,TMRDL,1187,skipped,C:\ffzhzh\SyncFiles\Temp\HFSS_sim\LHS800\train\TMRDL\dut1187.s2p
train,TMRDL,1188,skipped,C:\ffzhzh\SyncFiles\Temp\HFSS_sim\LHS800\train\TMRDL\dut1188.s2p
train,TMRDL,1189,skipped,C:\ffzhzh\SyncFiles\Temp\HFSS_sim\LHS800\train\TMRDL\dut1189.s2p
train,TMRDL,1190,skipped,C:\ffzhzh\SyncFiles\Temp\HFSS_sim\LHS800\train\TMRDL\dut1190.s2p
train,TMRDL,1191,skipped,C:\ffzhzh\SyncFiles\Temp\HFSS_sim\LHS800\train\TMRDL\dut1191.s2p
train,TMRDL,1192,skipped,C:\ffzhzh\SyncFiles\Temp\HFSS_sim\LHS800\train\TMRDL\dut1192.s2p
train,TMRDL,1193,skipped,C:\ffzhzh\SyncFiles\Temp\HFSS_sim\LHS800\train\TMRDL\dut1193.s2p
train,TMRDL,1194,skipped,C:\ffzhzh\SyncFiles\Temp\HFSS_sim\LHS800\train\TMRDL\dut1194.s2p
train,TMRDL,1195,skipped,C:\ffzhzh\SyncFiles\Temp\HFSS_sim\LHS800\train\TMRDL\dut1195.s2p
train,TMRDL,1196,skipped,C:\ffzhzh\SyncFiles\Temp\HFSS_sim\LHS800\train\TMRDL\dut1196.s2p
train,TMRDL,1197,skipped,C:\ffzhzh\SyncFiles\Temp\HFSS_sim\LHS800\train\TMRDL\dut1197.s2p
train,TMRDL,1198,skipped,C:\ffzhzh\SyncFiles\Temp\HFSS_sim\LHS800\train\TMRDL\dut1198.s2p
train,TMRDL,1199,skipped,C:\ffzhzh\SyncFiles\Temp\HFSS_sim\LHS800\train\TMRDL\dut1199.s2p
train,TMRDL,1200,skipped,C:\ffzhzh\SyncFiles\Temp\HFSS_sim\LHS800\train\TMRDL\dut1200.s2p
train,TMRDL,1201,skipped,C:\ffzhzh\SyncFiles\Temp\HFSS_sim\LHS800\train\TMRDL\dut1201.s2p
train,TMRDL,1202,skipped,C:\ffzhzh\SyncFiles\Temp\HFSS_sim\LHS800\train\TMRDL\dut1202.s2p
train,TMRDL,1203,skipped,C:\ffzhzh\SyncFiles\Temp\HFSS_sim\LHS800\train\TMRDL\dut1203.s2p
train,TMRDL,1204,skipped,C:\ffzhzh\SyncFiles\Temp\HFSS_sim\LHS800\train\TMRDL\dut1204.s2p
train,TMRDL,1205,skipped,C:\ffzhzh\SyncFiles\Temp\HFSS_sim\LHS800\train\TMRDL\dut1205.s2p
train,TMRDL,1206,skipped,C:\ffzhzh\SyncFiles\Temp\HFSS_sim\LHS800\train\TMRDL\dut1206.s2p
train,TMRDL,1207,skipped,C:\ffzhzh\SyncFiles\Temp\HFSS_sim\LHS800\train\TMRDL\dut1207.s2p
train,TMRDL,1208,skipped,C:\ffzhzh\SyncFiles\Temp\HFSS_sim\LHS800\train\TMRDL\dut1208.s2p
train,TMRDL,1209,skipped,C:\ffzhzh\SyncFiles\Temp\HFSS_sim\LHS800\train\TMRDL\dut1209.s2p
train,TMRDL,1210,skipped,C:\ffzhzh\SyncFiles\Temp\HFSS_sim\LHS800\train\TMRDL\dut1210.s2p
train,TMRDL,1211,skipped,C:\ffzhzh\SyncFiles\Temp\HFSS_sim\LHS800\train\TMRDL\dut1211.s2p
train,TMRDL,1212,skipped,C:\ffzhzh\SyncFiles\Temp\HFSS_sim\LHS800\train\TMRDL\dut1212.s2p
train,TMRDL,1213,skipped,C:\ffzhzh\SyncFiles\Temp\HFSS_sim\LHS800\train\TMRDL\dut1213.s2p
train,TMRDL,1214,skipped,C:\ffzhzh\SyncFiles\Temp\HFSS_sim\LHS800\train\TMRDL\dut1214.s2p
train,TMRDL,1215,skipped,C:\ffzhzh\SyncFiles\Temp\HFSS_sim\LHS800\train\TMRDL\dut1215.s2p
train,TMRDL,1216,skipped,C:\ffzhzh\SyncFiles\Temp\HFSS_sim\LHS800\train\TMRDL\dut1216.s2p
train,TMRDL,1217,skipped,C:\ffzhzh\SyncFiles\Temp\HFSS_sim\LHS800\train\TMRDL\dut1217.s2p
train,TMRDL,1218,skipped,C:\ffzhzh\SyncFiles\Temp\HFSS_sim\LHS800\train\TMRDL\dut1218.s2p
train,TMRDL,1219,skipped,C:\ffzhzh\SyncFiles\Temp\HFSS_sim\LHS800\train\TMRDL\dut1219.s2p
train,TMRDL,1220,skipped,C:\ffzhzh\SyncFiles\Temp\HFSS_sim\LHS800\train\TMRDL\dut1220.s2p
train,TMRDL,1221,skipped,C:\ffzhzh\SyncFiles\Temp\HFSS_sim\LHS800\train\TMRDL\dut1221.s2p
train,TMRDL,1222,skipped,C:\ffzhzh\SyncFiles\Temp\HFSS_sim\LHS800\train\TMRDL\dut1222.s2p
train,TMRDL,1223,skipped,C:\ffzhzh\SyncFiles\Temp\HFSS_sim\LHS800\train\TMRDL\dut1223.s2p
train,TMRDL,1224,skipped,C:\ffzhzh\SyncFiles\Temp\HFSS_sim\LHS800\train\TMRDL\dut1224.s2p
train,TMRDL,1225,skipped,C:\ffzhzh\SyncFiles\Temp\HFSS_sim\LHS800\train\TMRDL\dut1225.s2p
train,TMRDL,1226,skipped,C:\ffzhzh\SyncFiles\Temp\HFSS_sim\LHS800\train\TMRDL\dut1226.s2p
train,TMRDL,1227,skipped,C:\ffzhzh\SyncFiles\Temp\HFSS_sim\LHS800\train\TMRDL\dut1227.s2p
train,TMRDL,1228,skipped,C:\ffzhzh\SyncFiles\Temp\HFSS_sim\LHS800\train\TMRDL\dut1228.s2p
train,TMRDL,1229,skipped,C:\ffzhzh\SyncFiles\Temp\HFSS_sim\LHS800\train\TMRDL\dut1229.s2p
train,TMRDL,1230,skipped,C:\ffzhzh\SyncFiles\Temp\HFSS_sim\LHS800\train\TMRDL\dut1230.s2p
train,TMRDL,1231,skipped,C:\ffzhzh\SyncFiles\Temp\HFSS_sim\LHS800\train\TMRDL\dut1231.s2p
train,TMRDL,1232,skipped,C:\ffzhzh\SyncFiles\Temp\HFSS_sim\LHS800\train\TMRDL\dut1232.s2p
train,TMRDL,1233,skipped,C:\ffzhzh\SyncFiles\Temp\HFSS_sim\LHS800\train\TMRDL\dut1233.s2p
train,TMRDL,1234,skipped,C:\ffzhzh\SyncFiles\Temp\HFSS_sim\LHS800\train\TMRDL\dut1234.s2p
train,TMRDL,1235,skipped,C:\ffzhzh\SyncFiles\Temp\HFSS_sim\LHS800\train\TMRDL\dut1235.s2p
train,TMRDL,1236,skipped,C:\ffzhzh\SyncFiles\Temp\HFSS_sim\LHS800\train\TMRDL\dut1236.s2p
train,TMRDL,1237,skipped,C:\ffzhzh\SyncFiles\Temp\HFSS_sim\LHS800\train\TMRDL\dut1237.s2p
train,TMRDL,1238,skipped,C:\ffzhzh\SyncFiles\Temp\HFSS_sim\LHS800\train\TMRDL\dut1238.s2p
train,TMRDL,1239,skipped,C:\ffzhzh\SyncFiles\Temp\HFSS_sim\LHS800\train\TMRDL\dut1239.s2p
train,TMRDL,1240,skipped,C:\ffzhzh\SyncFiles\Temp\HFSS_sim\LHS800\train\TMRDL\dut1240.s2p
train,TMRDL,1241,skipped,C:\ffzhzh\SyncFiles\Temp\HFSS_sim\LHS800\train\TMRDL\dut1241.s2p
train,TMRDL,1242,skipped,C:\ffzhzh\SyncFiles\Temp\HFSS_sim\LHS800\train\TMRDL\dut1242.s2p
train,TMRDL,1243,skipped,C:\ffzhzh\SyncFiles\Temp\HFSS_sim\LHS800\train\TMRDL\dut1243.s2p
train,TMRDL,1244,skipped,C:\ffzhzh\SyncFiles\Temp\HFSS_sim\LHS800\train\TMRDL\dut1244.s2p
train,TMRDL,1245,skipped,C:\ffzhzh\SyncFiles\Temp\HFSS_sim\LHS800\train\TMRDL\dut1245.s2p
train,TMRDL,1246,skipped,C:\ffzhzh\SyncFiles\Temp\HFSS_sim\LHS800\train\TMRDL\dut1246.s2p
train,TMRDL,1247,skipped,C:\ffzhzh\SyncFiles\Temp\HFSS_sim\LHS800\train\TMRDL\dut1247.s2p
train,TMRDL,1248,skipped,C:\ffzhzh\SyncFiles\Temp\HFSS_sim\LHS800\train\TMRDL\dut1248.s2p
train,TMRDL,1249,skipped,C:\ffzhzh\SyncFiles\Temp\HFSS_sim\LHS800\train\TMRDL\dut1249.s2p
train,TMRDL,1250,skipped,C:\ffzhzh\SyncFiles\Temp\HFSS_sim\LHS800\train\TMRDL\dut1250.s2p
train,TMRDL,1251,skipped,C:\ffzhzh\SyncFiles\Temp\HFSS_sim\LHS800\train\TMRDL\dut1251.s2p
train,TMRDL,1252,skipped,C:\ffzhzh\SyncFiles\Temp\HFSS_sim\LHS800\train\TMRDL\dut1252.s2p
train,TMRDL,1253,skipped,C:\ffzhzh\SyncFiles\Temp\HFSS_sim\LHS800\train\TMRDL\dut1253.s2p
train,TMRDL,1254,skipped,C:\ffzhzh\SyncFiles\Temp\HFSS_sim\LHS800\train\TMRDL\dut1254.s2p
train,TMRDL,1255,skipped,C:\ffzhzh\SyncFiles\Temp\HFSS_sim\LHS800\train\TMRDL\dut1255.s2p
train,TMRDL,1256,skipped,C:\ffzhzh\SyncFiles\Temp\HFSS_sim\LHS800\train\TMRDL\dut1256.s2p
train,TMRDL,1257,skipped,C:\ffzhzh\SyncFiles\Temp\HFSS_sim\LHS800\train\TMRDL\dut1257.s2p
train,TMRDL,1258,skipped,C:\ffzhzh\SyncFiles\Temp\HFSS_sim\LHS800\train\TMRDL\dut1258.s2p
train,TMRDL,1259,skipped,C:\ffzhzh\SyncFiles\Temp\HFSS_sim\LHS800\train\TMRDL\dut1259.s2p
train,TMRDL,1260,skipped,C:\ffzhzh\SyncFiles\Temp\HFSS_sim\LHS800\train\TMRDL\dut1260.s2p
train,TMRDL,1261,skipped,C:\ffzhzh\SyncFiles\Temp\HFSS_sim\LHS800\train\TMRDL\dut1261.s2p
train,TMRDL,1262,skipped,C:\ffzhzh\SyncFiles\Temp\HFSS_sim\LHS800\train\TMRDL\dut1262.s2p
train,TMRDL,1263,skipped,C:\ffzhzh\SyncFiles\Temp\HFSS_sim\LHS800\train\TMRDL\dut1263.s2p
train,TMRDL,1264,skipped,C:\ffzhzh\SyncFiles\Temp\HFSS_sim\LHS800\train\TMRDL\dut1264.s2p
train,TMRDL,1265,skipped,C:\ffzhzh\SyncFiles\Temp\HFSS_sim\LHS800\train\TMRDL\dut1265.s2p
train,TMRDL,1266,skipped,C:\ffzhzh\SyncFiles\Temp\HFSS_sim\LHS800\train\TMRDL\dut1266.s2p
train,TMRDL,1267,skipped,C:\ffzhzh\SyncFiles\Temp\HFSS_sim\LHS800\train\TMRDL\dut1267.s2p
train,TMRDL,1268,skipped,C:\ffzhzh\SyncFiles\Temp\HFSS_sim\LHS800\train\TMRDL\dut1268.s2p
train,TMRDL,1269,skipped,C:\ffzhzh\SyncFiles\Temp\HFSS_sim\LHS800\train\TMRDL\dut1269.s2p
train,TMRDL,1270,skipped,C:\ffzhzh\SyncFiles\Temp\HFSS_sim\LHS800\train\TMRDL\dut1270.s2p
train,TMRDL,1271,skipped,C:\ffzhzh\SyncFiles\Temp\HFSS_sim\LHS800\train\TMRDL\dut1271.s2p
train,TMRDL,1272,skipped,C:\ffzhzh\SyncFiles\Temp\HFSS_sim\LHS800\train\TMRDL\dut1272.s2p
train,TMRDL,1273,skipped,C:\ffzhzh\SyncFiles\Temp\HFSS_sim\LHS800\train\TMRDL\dut1273.s2p
train,TMRDL,1274,skipped,C:\ffzhzh\SyncFiles\Temp\HFSS_sim\LHS800\train\TMRDL\dut1274.s2p
train,TMRDL,1275,skipped,C:\ffzhzh\SyncFiles\Temp\HFSS_sim\LHS800\train\TMRDL\dut1275.s2p
train,TMRDL,1276,skipped,C:\ffzhzh\SyncFiles\Temp\HFSS_sim\LHS800\train\TMRDL\dut1276.s2p
train,TMRDL,1277,skipped,C:\ffzhzh\SyncFiles\Temp\HFSS_sim\LHS800\train\TMRDL\dut1277.s2p
train,TMRDL,1278,skipped,C:\ffzhzh\SyncFiles\Temp\HFSS_sim\LHS800\train\TMRDL\dut1278.s2p
train,TMRDL,1279,skipped,C:\ffzhzh\SyncFiles\Temp\HFSS_sim\LHS800\train\TMRDL\dut1279.s2p
train,TMRDL,1280,skipped,C:\ffzhzh\SyncFiles\Temp\HFSS_sim\LHS800\train\TMRDL\dut1280.s2p
train,TMRDL,1281,skipped,C:\ffzhzh\SyncFiles\Temp\HFSS_sim\LHS800\train\TMRDL\dut1281.s2p
train,TMRDL,1282,skipped,C:\ffzhzh\SyncFiles\Temp\HFSS_sim\LHS800\train\TMRDL\dut1282.s2p
train,TMRDL,1283,skipped,C:\ffzhzh\SyncFiles\Temp\HFSS_sim\LHS800\train\TMRDL\dut1283.s2p
train,TMRDL,1284,skipped,C:\ffzhzh\SyncFiles\Temp\HFSS_sim\LHS800\train\TMRDL\dut1284.s2p
train,TMRDL,1285,skipped,C:\ffzhzh\SyncFiles\Temp\HFSS_sim\LHS800\train\TMRDL\dut1285.s2p
train,TMRDL,1286,skipped,C:\ffzhzh\SyncFiles\Temp\HFSS_sim\LHS800\train\TMRDL\dut1286.s2p
train,TMRDL,1287,skipped,C:\ffzhzh\SyncFiles\Temp\HFSS_sim\LHS800\train\TMRDL\dut1287.s2p
train,TMRDL,1288,skipped,C:\ffzhzh\SyncFiles\Temp\HFSS_sim\LHS800\train\TMRDL\dut1288.s2p
train,TMRDL,1289,skipped,C:\ffzhzh\SyncFiles\Temp\HFSS_sim\LHS800\train\TMRDL\dut1289.s2p
train,TMRDL,1290,skipped,C:\ffzhzh\SyncFiles\Temp\HFSS_sim\LHS800\train\TMRDL\dut1290.s2p
train,TMRDL,1291,skipped,C:\ffzhzh\SyncFiles\Temp\HFSS_sim\LHS800\train\TMRDL\dut1291.s2p
train,TMRDL,1292,skipped,C:\ffzhzh\SyncFiles\Temp\HFSS_sim\LHS800\train\TMRDL\dut1292.s2p
train,TMRDL,1293,skipped,C:\ffzhzh\SyncFiles\Temp\HFSS_sim\LHS800\train\TMRDL\dut1293.s2p
train,TMRDL,1294,skipped,C:\ffzhzh\SyncFiles\Temp\HFSS_sim\LHS800\train\TMRDL\dut1294.s2p
train,TMRDL,1295,skipped,C:\ffzhzh\SyncFiles\Temp\HFSS_sim\LHS800\train\TMRDL\dut1295.s2p
train,TMRDL,1296,skipped,C:\ffzhzh\SyncFiles\Temp\HFSS_sim\LHS800\train\TMRDL\dut1296.s2p
train,TMRDL,1297,skipped,C:\ffzhzh\SyncFiles\Temp\HFSS_sim\LHS800\train\TMRDL\dut1297.s2p
train,TMRDL,1298,skipped,C:\ffzhzh\SyncFiles\Temp\HFSS_sim\LHS800\train\TMRDL\dut1298.s2p
train,TMRDL,1299,skipped,C:\ffzhzh\SyncFiles\Temp\HFSS_sim\LHS800\train\TMRDL\dut1299.s2p
train,TMRDL,1300,skipped,C:\ffzhzh\SyncFiles\Temp\HFSS_sim\LHS800\train\TMRDL\dut1300.s2p
train,TMRDL,1301,skipped,C:\ffzhzh\SyncFiles\Temp\HFSS_sim\LHS800\train\TMRDL\dut1301.s2p
train,TMRDL,1302,skipped,C:\ffzhzh\SyncFiles\Temp\HFSS_sim\LHS800\train\TMRDL\dut1302.s2p
train,TMRDL,1303,skipped,C:\ffzhzh\SyncFiles\Temp\HFSS_sim\LHS800\train\TMRDL\dut1303.s2p
train,TMRDL,1304,skipped,C:\ffzhzh\SyncFiles\Temp\HFSS_sim\LHS800\train\TMRDL\dut1304.s2p
train,TMRDL,1305,skipped,C:\ffzhzh\SyncFiles\Temp\HFSS_sim\LHS800\train\TMRDL\dut1305.s2p
train,TMRDL,1306,skipped,C:\ffzhzh\SyncFiles\Temp\HFSS_sim\LHS800\train\TMRDL\dut1306.s2p
train,TMRDL,1307,skipped,C:\ffzhzh\SyncFiles\Temp\HFSS_sim\LHS800\train\TMRDL\dut1307.s2p
train,TMRDL,1308,skipped,C:\ffzhzh\SyncFiles\Temp\HFSS_sim\LHS800\train\TMRDL\dut1308.s2p
train,TMRDL,1309,skipped,C:\ffzhzh\SyncFiles\Temp\HFSS_sim\LHS800\train\TMRDL\dut1309.s2p
train,TMRDL,1310,skipped,C:\ffzhzh\SyncFiles\Temp\HFSS_sim\LHS800\train\TMRDL\dut1310.s2p
train,TMRDL,1311,skipped,C:\ffzhzh\SyncFiles\Temp\HFSS_sim\LHS800\train\TMRDL\dut1311.s2p
train,TMRDL,1312,skipped,C:\ffzhzh\SyncFiles\Temp\HFSS_sim\LHS800\train\TMRDL\dut1312.s2p
train,TMRDL,1313,skipped,C:\ffzhzh\SyncFiles\Temp\HFSS_sim\LHS800\train\TMRDL\dut1313.s2p
train,TMRDL,1314,skipped,C:\ffzhzh\SyncFiles\Temp\HFSS_sim\LHS800\train\TMRDL\dut1314.s2p
train,TMRDL,1315,skipped,C:\ffzhzh\SyncFiles\Temp\HFSS_sim\LHS800\train\TMRDL\dut1315.s2p
train,TMRDL,1316,skipped,C:\ffzhzh\SyncFiles\Temp\HFSS_sim\LHS800\train\TMRDL\dut1316.s2p
train,TMRDL,1317,skipped,C:\ffzhzh\SyncFiles\Temp\HFSS_sim\LHS800\train\TMRDL\dut1317.s2p
train,TMRDL,1318,skipped,C:\ffzhzh\SyncFiles\Temp\HFSS_sim\LHS800\train\TMRDL\dut1318.s2p
train,TMRDL,1319,skipped,C:\ffzhzh\SyncFiles\Temp\HFSS_sim\LHS800\train\TMRDL\dut1319.s2p
train,TMRDL,1320,skipped,C:\ffzhzh\SyncFiles\Temp\HFSS_sim\LHS800\train\TMRDL\dut1320.s2p
train,TMRDL,1321,skipped,C:\ffzhzh\SyncFiles\Temp\HFSS_sim\LHS800\train\TMRDL\dut1321.s2p
train,TMRDL,1322,skipped,C:\ffzhzh\SyncFiles\Temp\HFSS_sim\LHS800\train\TMRDL\dut1322.s2p
train,TMRDL,1323,skipped,C:\ffzhzh\SyncFiles\Temp\HFSS_sim\LHS800\train\TMRDL\dut1323.s2p
train,TMRDL,1324,skipped,C:\ffzhzh\SyncFiles\Temp\HFSS_sim\LHS800\train\TMRDL\dut1324.s2p
train,TMRDL,1325,skipped,C:\ffzhzh\SyncFiles\Temp\HFSS_sim\LHS800\train\TMRDL\dut1325.s2p
train,TMRDL,1326,skipped,C:\ffzhzh\SyncFiles\Temp\HFSS_sim\LHS800\train\TMRDL\dut1326.s2p
train,TMRDL,1327,skipped,C:\ffzhzh\SyncFiles\Temp\HFSS_sim\LHS800\train\TMRDL\dut1327.s2p
train,TMRDL,1328,skipped,C:\ffzhzh\SyncFiles\Temp\HFSS_sim\LHS800\train\TMRDL\dut1328.s2p
train,TMRDL,1329,skipped,C:\ffzhzh\SyncFiles\Temp\HFSS_sim\LHS800\train\TMRDL\dut1329.s2p
train,TMRDL,1330,skipped,C:\ffzhzh\SyncFiles\Temp\HFSS_sim\LHS800\train\TMRDL\dut1330.s2p
train,TMRDL,1331,skipped,C:\ffzhzh\SyncFiles\Temp\HFSS_sim\LHS800\train\TMRDL\dut1331.s2p
train,TMRDL,1332,skipped,C:\ffzhzh\SyncFiles\Temp\HFSS_sim\LHS800\train\TMRDL\dut1332.s2p
train,TMRDL,1333,skipped,C:\ffzhzh\SyncFiles\Temp\HFSS_sim\LHS800\train\TMRDL\dut1333.s2p
train,TMRDL,1334,skipped,C:\ffzhzh\SyncFiles\Temp\HFSS_sim\LHS800\train\TMRDL\dut1334.s2p
train,TMRDL,1335,skipped,C:\ffzhzh\SyncFiles\Temp\HFSS_sim\LHS800\train\TMRDL\dut1335.s2p
train,TMRDL,1336,skipped,C:\ffzhzh\SyncFiles\Temp\HFSS_sim\LHS800\train\TMRDL\dut1336.s2p
train,TMRDL,1337,skipped,C:\ffzhzh\SyncFiles\Temp\HFSS_sim\LHS800\train\TMRDL\dut1337.s2p
train,TMRDL,1338,skipped,C:\ffzhzh\SyncFiles\Temp\HFSS_sim\LHS800\train\TMRDL\dut1338.s2p
train,TMRDL,1339,skipped,C:\ffzhzh\SyncFiles\Temp\HFSS_sim\LHS800\train\TMRDL\dut1339.s2p
train,TMRDL,1340,skipped,C:\ffzhzh\SyncFiles\Temp\HFSS_sim\LHS800\train\TMRDL\dut1340.s2p
train,TMRDL,1341,skipped,C:\ffzhzh\SyncFiles\Temp\HFSS_sim\LHS800\train\TMRDL\dut1341.s2p
train,TMRDL,1342,skipped,C:\ffzhzh\SyncFiles\Temp\HFSS_sim\LHS800\train\TMRDL\dut1342.s2p
train,TMRDL,1343,skipped,C:\ffzhzh\SyncFiles\Temp\HFSS_sim\LHS800\train\TMRDL\dut1343.s2p
train,TMRDL,1344,skipped,C:\ffzhzh\SyncFiles\Temp\HFSS_sim\LHS800\train\TMRDL\dut1344.s2p
train,TMRDL,1345,skipped,C:\ffzhzh\SyncFiles\Temp\HFSS_sim\LHS800\train\TMRDL\dut1345.s2p
train,TMRDL,1346,skipped,C:\ffzhzh\SyncFiles\Temp\HFSS_sim\LHS800\train\TMRDL\dut1346.s2p
train,TMRDL,1347,skipped,C:\ffzhzh\SyncFiles\Temp\HFSS_sim\LHS800\train\TMRDL\dut1347.s2p
train,TMRDL,1348,skipped,C:\ffzhzh\SyncFiles\Temp\HFSS_sim\LHS800\train\TMRDL\dut1348.s2p
train,TMRDL,1349,skipped,C:\ffzhzh\SyncFiles\Temp\HFSS_sim\LHS800\train\TMRDL\dut1349.s2p
train,TMRDL,1350,skipped,C:\ffzhzh\SyncFiles\Temp\HFSS_sim\LHS800\train\TMRDL\dut1350.s2p
train,TMRDL,1351,skipped,C:\ffzhzh\SyncFiles\Temp\HFSS_sim\LHS800\train\TMRDL\dut1351.s2p
train,TMRDL,1352,skipped,C:\ffzhzh\SyncFiles\Temp\HFSS_sim\LHS800\train\TMRDL\dut1352.s2p
train,TMRDL,1353,skipped,C:\ffzhzh\SyncFiles\Temp\HFSS_sim\LHS800\train\TMRDL\dut1353.s2p
train,TMRDL,1354,skipped,C:\ffzhzh\SyncFiles\Temp\HFSS_sim\LHS800\train\TMRDL\dut1354.s2p
train,TMRDL,1355,skipped,C:\ffzhzh\SyncFiles\Temp\HFSS_sim\LHS800\train\TMRDL\dut1355.s2p
train,TMRDL,1356,skipped,C:\ffzhzh\SyncFiles\Temp\HFSS_sim\LHS800\train\TMRDL\dut1356.s2p
train,TMRDL,1357,skipped,C:\ffzhzh\SyncFiles\Temp\HFSS_sim\LHS800\train\TMRDL\dut1357.s2p
train,TMRDL,1358,skipped,C:\ffzhzh\SyncFiles\Temp\HFSS_sim\LHS800\train\TMRDL\dut1358.s2p
train,TMRDL,1359,skipped,C:\ffzhzh\SyncFiles\Temp\HFSS_sim\LHS800\train\TMRDL\dut1359.s2p
train,TMRDL,1360,skipped,C:\ffzhzh\SyncFiles\Temp\HFSS_sim\LHS800\train\TMRDL\dut1360.s2p
train,TMRDL,1361,skipped,C:\ffzhzh\SyncFiles\Temp\HFSS_sim\LHS800\train\TMRDL\dut1361.s2p
train,TMRDL,1362,skipped,C:\ffzhzh\SyncFiles\Temp\HFSS_sim\LHS800\train\TMRDL\dut1362.s2p
train,TMRDL,1363,skipped,C:\ffzhzh\SyncFiles\Temp\HFSS_sim\LHS800\train\TMRDL\dut1363.s2p
train,TMRDL,1364,skipped,C:\ffzhzh\SyncFiles\Temp\HFSS_sim\LHS800\train\TMRDL\dut1364.s2p
train,TMRDL,1365,skipped,C:\ffzhzh\SyncFiles\Temp\HFSS_sim\LHS800\train\TMRDL\dut1365.s2p
train,TMRDL,1366,skipped,C:\ffzhzh\SyncFiles\Temp\HFSS_sim\LHS800\train\TMRDL\dut1366.s2p
train,TMRDL,1367,skipped,C:\ffzhzh\SyncFiles\Temp\HFSS_sim\LHS800\train\TMRDL\dut1367.s2p
train,TMRDL,1368,skipped,C:\ffzhzh\SyncFiles\Temp\HFSS_sim\LHS800\train\TMRDL\dut1368.s2p
train,TMRDL,1369,skipped,C:\ffzhzh\SyncFiles\Temp\HFSS_sim\LHS800\train\TMRDL\dut1369.s2p
train,TMRDL,1370,skipped,C:\ffzhzh\SyncFiles\Temp\HFSS_sim\LHS800\train\TMRDL\dut1370.s2p
train,TMRDL,1371,skipped,C:\ffzhzh\SyncFiles\Temp\HFSS_sim\LHS800\train\TMRDL\dut1371.s2p
train,TMRDL,1372,skipped,C:\ffzhzh\SyncFiles\Temp\HFSS_sim\LHS800\train\TMRDL\dut1372.s2p
train,TMRDL,1373,skipped,C:\ffzhzh\SyncFiles\Temp\HFSS_sim\LHS800\train\TMRDL\dut1373.s2p
train,TMRDL,1374,skipped,C:\ffzhzh\SyncFiles\Temp\HFSS_sim\LHS800\train\TMRDL\dut1374.s2p
train,TMRDL,1375,skipped,C:\ffzhzh\SyncFiles\Temp\HFSS_sim\LHS800\train\TMRDL\dut1375.s2p
train,TMRDL,1376,skipped,C:\ffzhzh\SyncFiles\Temp\HFSS_sim\LHS800\train\TMRDL\dut1376.s2p
train,TMRDL,1377,skipped,C:\ffzhzh\SyncFiles\Temp\HFSS_sim\LHS800\train\TMRDL\dut1377.s2p
train,TMRDL,1378,skipped,C:\ffzhzh\SyncFiles\Temp\HFSS_sim\LHS800\train\TMRDL\dut1378.s2p
train,TMRDL,1379,skipped,C:\ffzhzh\SyncFiles\Temp\HFSS_sim\LHS800\train\TMRDL\dut1379.s2p
train,TMRDL,1380,skipped,C:\ffzhzh\SyncFiles\Temp\HFSS_sim\LHS800\train\TMRDL\dut1380.s2p
train,TMRDL,1381,skipped,C:\ffzhzh\SyncFiles\Temp\HFSS_sim\LHS800\train\TMRDL\dut1381.s2p
train,TMRDL,1382,skipped,C:\ffzhzh\SyncFiles\Temp\HFSS_sim\LHS800\train\TMRDL\dut1382.s2p
train,TMRDL,1383,skipped,C:\ffzhzh\SyncFiles\Temp\HFSS_sim\LHS800\train\TMRDL\dut1383.s2p
train,TMRDL,1384,skipped,C:\ffzhzh\SyncFiles\Temp\HFSS_sim\LHS800\train\TMRDL\dut1384.s2p
train,TMRDL,1385,skipped,C:\ffzhzh\SyncFiles\Temp\HFSS_sim\LHS800\train\TMRDL\dut1385.s2p
train,TMRDL,1386,skipped,C:\ffzhzh\SyncFiles\Temp\HFSS_sim\LHS800\train\TMRDL\dut1386.s2p
train,TMRDL,1387,skipped,C:\ffzhzh\SyncFiles\Temp\HFSS_sim\LHS800\train\TMRDL\dut1387.s2p
train,TMRDL,1388,skipped,C:\ffzhzh\SyncFiles\Temp\HFSS_sim\LHS800\train\TMRDL\dut1388.s2p
train,TMRDL,1389,skipped,C:\ffzhzh\SyncFiles\Temp\HFSS_sim\LHS800\train\TMRDL\dut1389.s2p
train,TMRDL,1390,skipped,C:\ffzhzh\SyncFiles\Temp\HFSS_sim\LHS800\train\TMRDL\dut1390.s2p
train,TMRDL,1391,skipped,C:\ffzhzh\SyncFiles\Temp\HFSS_sim\LHS800\train\TMRDL\dut1391.s2p
train,TMRDL,1392,skipped,C:\ffzhzh\SyncFiles\Temp\HFSS_sim\LHS800\train\TMRDL\dut1392.s2p
train,TMRDL,1393,skipped,C:\ffzhzh\SyncFiles\Temp\HFSS_sim\LHS800\train\TMRDL\dut1393.s2p
train,TMRDL,1394,skipped,C:\ffzhzh\SyncFiles\Temp\HFSS_sim\LHS800\train\TMRDL\dut1394.s2p
train,TMRDL,1395,skipped,C:\ffzhzh\SyncFiles\Temp\HFSS_sim\LHS800\train\TMRDL\dut1395.s2p
train,TMRDL,1396,skipped,C:\ffzhzh\SyncFiles\Temp\HFSS_sim\LHS800\train\TMRDL\dut1396.s2p
train,TMRDL,1397,skipped,C:\ffzhzh\SyncFiles\Temp\HFSS_sim\LHS800\train\TMRDL\dut1397.s2p
train,TMRDL,1398,skipped,C:\ffzhzh\SyncFiles\Temp\HFSS_sim\LHS800\train\TMRDL\dut1398.s2p
train,TMRDL,1399,skipped,C:\ffzhzh\SyncFiles\Temp\HFSS_sim\LHS800\train\TMRDL\dut1399.s2p
train,TMRDL,1400,skipped,C:\ffzhzh\SyncFiles\Temp\HFSS_sim\LHS800\train\TMRDL\dut1400.s2p
train,TMRDL,1401,skipped,C:\ffzhzh\SyncFiles\Temp\HFSS_sim\LHS800\train\TMRDL\dut1401.s2p
train,TMRDL,1402,skipped,C:\ffzhzh\SyncFiles\Temp\HFSS_sim\LHS800\train\TMRDL\dut1402.s2p
train,TMRDL,1403,skipped,C:\ffzhzh\SyncFiles\Temp\HFSS_sim\LHS800\train\TMRDL\dut1403.s2p
train,TMRDL,1404,skipped,C:\ffzhzh\SyncFiles\Temp\HFSS_sim\LHS800\train\TMRDL\dut1404.s2p
train,TMRDL,1405,skipped,C:\ffzhzh\SyncFiles\Temp\HFSS_sim\LHS800\train\TMRDL\dut1405.s2p
train,TMRDL,1406,skipped,C:\ffzhzh\SyncFiles\Temp\HFSS_sim\LHS800\train\TMRDL\dut1406.s2p
train,TMRDL,1407,skipped,C:\ffzhzh\SyncFiles\Temp\HFSS_sim\LHS800\train\TMRDL\dut1407.s2p
train,TMRDL,1408,skipped,C:\ffzhzh\SyncFiles\Temp\HFSS_sim\LHS800\train\TMRDL\dut1408.s2p
train,TMRDL,1409,skipped,C:\ffzhzh\SyncFiles\Temp\HFSS_sim\LHS800\train\TMRDL\dut1409.s2p
train,TMRDL,1410,skipped,C:\ffzhzh\SyncFiles\Temp\HFSS_sim\LHS800\train\TMRDL\dut1410.s2p
train,TMRDL,1411,skipped,C:\ffzhzh\SyncFiles\Temp\HFSS_sim\LHS800\train\TMRDL\dut1411.s2p
train,TMRDL,1412,skipped,C:\ffzhzh\SyncFiles\Temp\HFSS_sim\LHS800\train\TMRDL\dut1412.s2p
train,TMRDL,1413,skipped,C:\ffzhzh\SyncFiles\Temp\HFSS_sim\LHS800\train\TMRDL\dut1413.s2p
train,TMRDL,1414,skipped,C:\ffzhzh\SyncFiles\Temp\HFSS_sim\LHS800\train\TMRDL\dut1414.s2p
train,TMRDL,1415,skipped,C:\ffzhzh\SyncFiles\Temp\HFSS_sim\LHS800\train\TMRDL\dut1415.s2p
train,TMRDL,1416,skipped,C:\ffzhzh\SyncFiles\Temp\HFSS_sim\LHS800\train\TMRDL\dut1416.s2p
train,TMRDL,1417,skipped,C:\ffzhzh\SyncFiles\Temp\HFSS_sim\LHS800\train\TMRDL\dut1417.s2p
train,TMRDL,1418,skipped,C:\ffzhzh\SyncFiles\Temp\HFSS_sim\LHS800\train\TMRDL\dut1418.s2p
train,TMRDL,1419,skipped,C:\ffzhzh\SyncFiles\Temp\HFSS_sim\LHS800\train\TMRDL\dut1419.s2p
train,TMRDL,1420,skipped,C:\ffzhzh\SyncFiles\Temp\HFSS_sim\LHS800\train\TMRDL\dut1420.s2p
train,TMRDL,1421,skipped,C:\ffzhzh\SyncFiles\Temp\HFSS_sim\LHS800\train\TMRDL\dut1421.s2p
train,TMRDL,1422,skipped,C:\ffzhzh\SyncFiles\Temp\HFSS_sim\LHS800\train\TMRDL\dut1422.s2p
train,TMRDL,1423,skipped,C:\ffzhzh\SyncFiles\Temp\HFSS_sim\LHS800\train\TMRDL\dut1423.s2p
train,TMRDL,1424,skipped,C:\ffzhzh\SyncFiles\Temp\HFSS_sim\LHS800\train\TMRDL\dut1424.s2p
train,TMRDL,1425,skipped,C:\ffzhzh\SyncFiles\Temp\HFSS_sim\LHS800\train\TMRDL\dut1425.s2p
train,TMRDL,1426,skipped,C:\ffzhzh\SyncFiles\Temp\HFSS_sim\LHS800\train\TMRDL\dut1426.s2p
train,TMRDL,1427,skipped,C:\ffzhzh\SyncFiles\Temp\HFSS_sim\LHS800\train\TMRDL\dut1427.s2p
train,TMRDL,1428,skipped,C:\ffzhzh\SyncFiles\Temp\HFSS_sim\LHS800\train\TMRDL\dut1428.s2p
train,TMRDL,1429,skipped,C:\ffzhzh\SyncFiles\Temp\HFSS_sim\LHS800\train\TMRDL\dut1429.s2p
train,TMRDL,1430,skipped,C:\ffzhzh\SyncFiles\Temp\HFSS_sim\LHS800\train\TMRDL\dut1430.s2p
train,TMRDL,1431,skipped,C:\ffzhzh\SyncFiles\Temp\HFSS_sim\LHS800\train\TMRDL\dut1431.s2p
train,TMRDL,1432,skipped,C:\ffzhzh\SyncFiles\Temp\HFSS_sim\LHS800\train\TMRDL\dut1432.s2p
train,TMRDL,1433,skipped,C:\ffzhzh\SyncFiles\Temp\HFSS_sim\LHS800\train\TMRDL\dut1433.s2p
train,TMRDL,1434,skipped,C:\ffzhzh\SyncFiles\Temp\HFSS_sim\LHS800\train\TMRDL\dut1434.s2p
train,TMRDL,1435,skipped,C:\ffzhzh\SyncFiles\Temp\HFSS_sim\LHS800\train\TMRDL\dut1435.s2p
train,TMRDL,1436,skipped,C:\ffzhzh\SyncFiles\Temp\HFSS_sim\LHS800\train\TMRDL\dut1436.s2p
train,TMRDL,1437,skipped,C:\ffzhzh\SyncFiles\Temp\HFSS_sim\LHS800\train\TMRDL\dut1437.s2p
train,TMRDL,1438,skipped,C:\ffzhzh\SyncFiles\Temp\HFSS_sim\LHS800\train\TMRDL\dut1438.s2p
train,TMRDL,1439,skipped,C:\ffzhzh\SyncFiles\Temp\HFSS_sim\LHS800\train\TMRDL\dut1439.s2p
train,TMRDL,1440,skipped,C:\ffzhzh\SyncFiles\Temp\HFSS_sim\LHS800\train\TMRDL\dut1440.s2p
train,TMRDL,1441,skipped,C:\ffzhzh\SyncFiles\Temp\HFSS_sim\LHS800\train\TMRDL\dut1441.s2p
train,TMRDL,1442,skipped,C:\ffzhzh\SyncFiles\Temp\HFSS_sim\LHS800\train\TMRDL\dut1442.s2p
train,TMRDL,1443,skipped,C:\ffzhzh\SyncFiles\Temp\HFSS_sim\LHS800\train\TMRDL\dut1443.s2p
train,TMRDL,1444,skipped,C:\ffzhzh\SyncFiles\Temp\HFSS_sim\LHS800\train\TMRDL\dut1444.s2p
train,TMRDL,1445,skipped,C:\ffzhzh\SyncFiles\Temp\HFSS_sim\LHS800\train\TMRDL\dut1445.s2p
train,TMRDL,1446,skipped,C:\ffzhzh\SyncFiles\Temp\HFSS_sim\LHS800\train\TMRDL\dut1446.s2p
train,TMRDL,1447,skipped,C:\ffzhzh\SyncFiles\Temp\HFSS_sim\LHS800\train\TMRDL\dut1447.s2p
train,TMRDL,1448,skipped,C:\ffzhzh\SyncFiles\Temp\HFSS_sim\LHS800\train\TMRDL\dut1448.s2p
train,TMRDL,1449,skipped,C:\ffzhzh\SyncFiles\Temp\HFSS_sim\LHS800\train\TMRDL\dut1449.s2p
train,TMRDL,1450,skipped,C:\ffzhzh\SyncFiles\Temp\HFSS_sim\LHS800\train\TMRDL\dut1450.s2p
train,TMRDL,1451,skipped,C:\ffzhzh\SyncFiles\Temp\HFSS_sim\LHS800\train\TMRDL\dut1451.s2p
train,TMRDL,1452,skipped,C:\ffzhzh\SyncFiles\Temp\HFSS_sim\LHS800\train\TMRDL\dut1452.s2p
train,TMRDL,1453,skipped,C:\ffzhzh\SyncFiles\Temp\HFSS_sim\LHS800\train\TMRDL\dut1453.s2p
train,TMRDL,1454,skipped,C:\ffzhzh\SyncFiles\Temp\HFSS_sim\LHS800\train\TMRDL\dut1454.s2p
train,TMRDL,1455,skipped,C:\ffzhzh\SyncFiles\Temp\HFSS_sim\LHS800\train\TMRDL\dut1455.s2p
train,TMRDL,1456,skipped,C:\ffzhzh\SyncFiles\Temp\HFSS_sim\LHS800\train\TMRDL\dut1456.s2p
train,TMRDL,1457,skipped,C:\ffzhzh\SyncFiles\Temp\HFSS_sim\LHS800\train\TMRDL\dut1457.s2p
train,TMRDL,1458,skipped,C:\ffzhzh\SyncFiles\Temp\HFSS_sim\LHS800\train\TMRDL\dut1458.s2p
train,TMRDL,1459,skipped,C:\ffzhzh\SyncFiles\Temp\HFSS_sim\LHS800\train\TMRDL\dut1459.s2p
train,TMRDL,1460,skipped,C:\ffzhzh\SyncFiles\Temp\HFSS_sim\LHS800\train\TMRDL\dut1460.s2p
train,TMRDL,1461,skipped,C:\ffzhzh\SyncFiles\Temp\HFSS_sim\LHS800\train\TMRDL\dut1461.s2p
train,TMRDL,1462,skipped,C:\ffzhzh\SyncFiles\Temp\HFSS_sim\LHS800\train\TMRDL\dut1462.s2p
train,TMRDL,1463,skipped,C:\ffzhzh\SyncFiles\Temp\HFSS_sim\LHS800\train\TMRDL\dut1463.s2p
train,TMRDL,1464,skipped,C:\ffzhzh\SyncFiles\Temp\HFSS_sim\LHS800\train\TMRDL\dut1464.s2p
train,TMRDL,1465,skipped,C:\ffzhzh\SyncFiles\Temp\HFSS_sim\LHS800\train\TMRDL\dut1465.s2p
train,TMRDL,1466,skipped,C:\ffzhzh\SyncFiles\Temp\HFSS_sim\LHS800\train\TMRDL\dut1466.s2p
train,TMRDL,1467,skipped,C:\ffzhzh\SyncFiles\Temp\HFSS_sim\LHS800\train\TMRDL\dut1467.s2p
train,TMRDL,1468,skipped,C:\ffzhzh\SyncFiles\Temp\HFSS_sim\LHS800\train\TMRDL\dut1468.s2p
train,TMRDL,1469,skipped,C:\ffzhzh\SyncFiles\Temp\HFSS_sim\LHS800\train\TMRDL\dut1469.s2p
train,TMRDL,1470,skipped,C:\ffzhzh\SyncFiles\Temp\HFSS_sim\LHS800\train\TMRDL\dut1470.s2p
train,TMRDL,1471,skipped,C:\ffzhzh\SyncFiles\Temp\HFSS_sim\LHS800\train\TMRDL\dut1471.s2p
train,TMRDL,1472,skipped,C:\ffzhzh\SyncFiles\Temp\HFSS_sim\LHS800\train\TMRDL\dut1472.s2p
train,TMRDL,1473,skipped,C:\ffzhzh\SyncFiles\Temp\HFSS_sim\LHS800\train\TMRDL\dut1473.s2p
train,TMRDL,1474,skipped,C:\ffzhzh\SyncFiles\Temp\HFSS_sim\LHS800\train\TMRDL\dut1474.s2p
train,TMRDL,1475,skipped,C:\ffzhzh\SyncFiles\Temp\HFSS_sim\LHS800\train\TMRDL\dut1475.s2p
train,TMRDL,1476,skipped,C:\ffzhzh\SyncFiles\Temp\HFSS_sim\LHS800\train\TMRDL\dut1476.s2p
train,TMRDL,1477,skipped,C:\ffzhzh\SyncFiles\Temp\HFSS_sim\LHS800\train\TMRDL\dut1477.s2p
train,TMRDL,1478,skipped,C:\ffzhzh\SyncFiles\Temp\HFSS_sim\LHS800\train\TMRDL\dut1478.s2p
train,TMRDL,1479,skipped,C:\ffzhzh\SyncFiles\Temp\HFSS_sim\LHS800\train\TMRDL\dut1479.s2p
train,TMRDL,1480,skipped,C:\ffzhzh\SyncFiles\Temp\HFSS_sim\LHS800\train\TMRDL\dut1480.s2p
train,TMRDL,1481,skipped,C:\ffzhzh\SyncFiles\Temp\HFSS_sim\LHS800\train\TMRDL\dut1481.s2p
train,TMRDL,1482,skipped,C:\ffzhzh\SyncFiles\Temp\HFSS_sim\LHS800\train\TMRDL\dut1482.s2p
train,TMRDL,1483,skipped,C:\ffzhzh\SyncFiles\Temp\HFSS_sim\LHS800\train\TMRDL\dut1483.s2p
train,TMRDL,1484,skipped,C:\ffzhzh\SyncFiles\Temp\HFSS_sim\LHS800\train\TMRDL\dut1484.s2p
train,TMRDL,1485,skipped,C:\ffzhzh\SyncFiles\Temp\HFSS_sim\LHS800\train\TMRDL\dut1485.s2p
train,TMRDL,1486,skipped,C:\ffzhzh\SyncFiles\Temp\HFSS_sim\LHS800\train\TMRDL\dut1486.s2p
train,TMRDL,1487,skipped,C:\ffzhzh\SyncFiles\Temp\HFSS_sim\LHS800\train\TMRDL\dut1487.s2p
train,TMRDL,1488,skipped,C:\ffzhzh\SyncFiles\Temp\HFSS_sim\LHS800\train\TMRDL\dut1488.s2p
train,TMRDL,1489,skipped,C:\ffzhzh\SyncFiles\Temp\HFSS_sim\LHS800\train\TMRDL\dut1489.s2p
train,TMRDL,1490,skipped,C:\ffzhzh\SyncFiles\Temp\HFSS_sim\LHS800\train\TMRDL\dut1490.s2p
train,TMRDL,1491,skipped,C:\ffzhzh\SyncFiles\Temp\HFSS_sim\LHS800\train\TMRDL\dut1491.s2p
train,TMRDL,1492,skipped,C:\ffzhzh\SyncFiles\Temp\HFSS_sim\LHS800\train\TMRDL\dut1492.s2p
train,TMRDL,1493,skipped,C:\ffzhzh\SyncFiles\Temp\HFSS_sim\LHS800\train\TMRDL\dut1493.s2p
train,TMRDL,1494,skipped,C:\ffzhzh\SyncFiles\Temp\HFSS_sim\LHS800\train\TMRDL\dut1494.s2p
train,TMRDL,1495,skipped,C:\ffzhzh\SyncFiles\Temp\HFSS_sim\LHS800\train\TMRDL\dut1495.s2p
train,TMRDL,1496,skipped,C:\ffzhzh\SyncFiles\Temp\HFSS_sim\LHS800\train\TMRDL\dut1496.s2p
train,TMRDL,1497,skipped,C:\ffzhzh\SyncFiles\Temp\HFSS_sim\LHS800\train\TMRDL\dut1497.s2p
train,TMRDL,1498,skipped,C:\ffzhzh\SyncFiles\Temp\HFSS_sim\LHS800\train\TMRDL\dut1498.s2p
train,TMRDL,1499,skipped,C:\ffzhzh\SyncFiles\Temp\HFSS_sim\LHS800\train\TMRDL\dut1499.s2p
train,BSMRDL,700,skipped,C:\ffzhzh\SyncFiles\Temp\HFSS_sim\LHS800\train\BSMRDL\dut700.s2p
train,BSMRDL,701,skipped,C:\ffzhzh\SyncFiles\Temp\HFSS_sim\LHS800\train\BSMRDL\dut701.s2p
train,BSMRDL,702,skipped,C:\ffzhzh\SyncFiles\Temp\HFSS_sim\LHS800\train\BSMRDL\dut702.s2p
train,BSMRDL,703,skipped,C:\ffzhzh\SyncFiles\Temp\HFSS_sim\LHS800\train\BSMRDL\dut703.s2p
train,BSMRDL,704,skipped,C:\ffzhzh\SyncFiles\Temp\HFSS_sim\LHS800\train\BSMRDL\dut704.s2p
train,BSMRDL,705,skipped,C:\ffzhzh\SyncFiles\Temp\HFSS_sim\LHS800\train\BSMRDL\dut705.s2p
train,BSMRDL,706,skipped,C:\ffzhzh\SyncFiles\Temp\HFSS_sim\LHS800\train\BSMRDL\dut706.s2p
train,BSMRDL,707,skipped,C:\ffzhzh\SyncFiles\Temp\HFSS_sim\LHS800\train\BSMRDL\dut707.s2p
train,BSMRDL,708,skipped,C:\ffzhzh\SyncFiles\Temp\HFSS_sim\LHS800\train\BSMRDL\dut708.s2p
train,BSMRDL,709,skipped,C:\ffzhzh\SyncFiles\Temp\HFSS_sim\LHS800\train\BSMRDL\dut709.s2p
train,BSMRDL,710,skipped,C:\ffzhzh\SyncFiles\Temp\HFSS_sim\LHS800\train\BSMRDL\dut710.s2p
train,BSMRDL,711,skipped,C:\ffzhzh\SyncFiles\Temp\HFSS_sim\LHS800\train\BSMRDL\dut711.s2p
train,BSMRDL,712,skipped,C:\ffzhzh\SyncFiles\Temp\HFSS_sim\LHS800\train\BSMRDL\dut712.s2p
train,BSMRDL,713,skipped,C:\ffzhzh\SyncFiles\Temp\HFSS_sim\LHS800\train\BSMRDL\dut713.s2p
train,BSMRDL,714,skipped,C:\ffzhzh\SyncFiles\Temp\HFSS_sim\LHS800\train\BSMRDL\dut714.s2p
train,BSMRDL,715,skipped,C:\ffzhzh\SyncFiles\Temp\HFSS_sim\LHS800\train\BSMRDL\dut715.s2p
train,BSMRDL,716,skipped,C:\ffzhzh\SyncFiles\Temp\HFSS_sim\LHS800\train\BSMRDL\dut716.s2p
train,BSMRDL,717,skipped,C:\ffzhzh\SyncFiles\Temp\HFSS_sim\LHS800\train\BSMRDL\dut717.s2p
train,BSMRDL,718,skipped,C:\ffzhzh\SyncFiles\Temp\HFSS_sim\LHS800\train\BSMRDL\dut718.s2p
train,BSMRDL,719,skipped,C:\ffzhzh\SyncFiles\Temp\HFSS_sim\LHS800\train\BSMRDL\dut719.s2p
train,BSMRDL,720,skipped,C:\ffzhzh\SyncFiles\Temp\HFSS_sim\LHS800\train\BSMRDL\dut720.s2p
train,BSMRDL,721,skipped,C:\ffzhzh\SyncFiles\Temp\HFSS_sim\LHS800\train\BSMRDL\dut721.s2p
train,BSMRDL,722,skipped,C:\ffzhzh\SyncFiles\Temp\HFSS_sim\LHS800\train\BSMRDL\dut722.s2p
train,BSMRDL,723,skipped,C:\ffzhzh\SyncFiles\Temp\HFSS_sim\LHS800\train\BSMRDL\dut723.s2p
train,BSMRDL,724,skipped,C:\ffzhzh\SyncFiles\Temp\HFSS_sim\LHS800\train\BSMRDL\dut724.s2p
train,BSMRDL,725,skipped,C:\ffzhzh\SyncFiles\Temp\HFSS_sim\LHS800\train\BSMRDL\dut725.s2p
train,BSMRDL,726,skipped,C:\ffzhzh\SyncFiles\Temp\HFSS_sim\LHS800\train\BSMRDL\dut726.s2p
train,BSMRDL,727,skipped,C:\ffzhzh\SyncFiles\Temp\HFSS_sim\LHS800\train\BSMRDL\dut727.s2p
train,BSMRDL,728,skipped,C:\ffzhzh\SyncFiles\Temp\HFSS_sim\LHS800\train\BSMRDL\dut728.s2p
train,BSMRDL,729,skipped,C:\ffzhzh\SyncFiles\Temp\HFSS_sim\LHS800\train\BSMRDL\dut729.s2p
train,BSMRDL,730,skipped,C:\ffzhzh\SyncFiles\Temp\HFSS_sim\LHS800\train\BSMRDL\dut730.s2p
train,BSMRDL,731,skipped,C:\ffzhzh\SyncFiles\Temp\HFSS_sim\LHS800\train\BSMRDL\dut731.s2p
train,BSMRDL,732,skipped,C:\ffzhzh\SyncFiles\Temp\HFSS_sim\LHS800\train\BSMRDL\dut732.s2p
train,BSMRDL,733,skipped,C:\ffzhzh\SyncFiles\Temp\HFSS_sim\LHS800\train\BSMRDL\dut733.s2p
train,BSMRDL,734,skipped,C:\ffzhzh\SyncFiles\Temp\HFSS_sim\LHS800\train\BSMRDL\dut734.s2p
train,BSMRDL,735,skipped,C:\ffzhzh\SyncFiles\Temp\HFSS_sim\LHS800\train\BSMRDL\dut735.s2p
train,BSMRDL,736,skipped,C:\ffzhzh\SyncFiles\Temp\HFSS_sim\LHS800\train\BSMRDL\dut736.s2p
train,BSMRDL,737,skipped,C:\ffzhzh\SyncFiles\Temp\HFSS_sim\LHS800\train\BSMRDL\dut737.s2p
train,BSMRDL,738,skipped,C:\ffzhzh\SyncFiles\Temp\HFSS_sim\LHS800\train\BSMRDL\dut738.s2p
train,BSMRDL,739,skipped,C:\ffzhzh\SyncFiles\Temp\HFSS_sim\LHS800\train\BSMRDL\dut739.s2p
train,BSMRDL,740,skipped,C:\ffzhzh\SyncFiles\Temp\HFSS_sim\LHS800\train\BSMRDL\dut740.s2p
train,BSMRDL,741,skipped,C:\ffzhzh\SyncFiles\Temp\HFSS_sim\LHS800\train\BSMRDL\dut741.s2p
train,BSMRDL,742,skipped,C:\ffzhzh\SyncFiles\Temp\HFSS_sim\LHS800\train\BSMRDL\dut742.s2p
train,BSMRDL,743,skipped,C:\ffzhzh\SyncFiles\Temp\HFSS_sim\LHS800\train\BSMRDL\dut743.s2p
train,BSMRDL,744,skipped,C:\ffzhzh\SyncFiles\Temp\HFSS_sim\LHS800\train\BSMRDL\dut744.s2p
train,BSMRDL,745,skipped,C:\ffzhzh\SyncFiles\Temp\HFSS_sim\LHS800\train\BSMRDL\dut745.s2p
train,BSMRDL,746,skipped,C:\ffzhzh\SyncFiles\Temp\HFSS_sim\LHS800\train\BSMRDL\dut746.s2p
train,BSMRDL,747,skipped,C:\ffzhzh\SyncFiles\Temp\HFSS_sim\LHS800\train\BSMRDL\dut747.s2p
train,BSMRDL,748,skipped,C:\ffzhzh\SyncFiles\Temp\HFSS_sim\LHS800\train\BSMRDL\dut748.s2p
train,BSMRDL,749,skipped,C:\ffzhzh\SyncFiles\Temp\HFSS_sim\LHS800\train\BSMRDL\dut749.s2p
train,BSMRDL,750,skipped,C:\ffzhzh\SyncFiles\Temp\HFSS_sim\LHS800\train\BSMRDL\dut750.s2p
train,BSMRDL,751,skipped,C:\ffzhzh\SyncFiles\Temp\HFSS_sim\LHS800\train\BSMRDL\dut751.s2p
train,BSMRDL,752,skipped,C:\ffzhzh\SyncFiles\Temp\HFSS_sim\LHS800\train\BSMRDL\dut752.s2p
train,BSMRDL,753,skipped,C:\ffzhzh\SyncFiles\Temp\HFSS_sim\LHS800\train\BSMRDL\dut753.s2p
train,BSMRDL,754,skipped,C:\ffzhzh\SyncFiles\Temp\HFSS_sim\LHS800\train\BSMRDL\dut754.s2p
train,BSMRDL,755,skipped,C:\ffzhzh\SyncFiles\Temp\HFSS_sim\LHS800\train\BSMRDL\dut755.s2p
train,BSMRDL,756,skipped,C:\ffzhzh\SyncFiles\Temp\HFSS_sim\LHS800\train\BSMRDL\dut756.s2p
train,BSMRDL,757,skipped,C:\ffzhzh\SyncFiles\Temp\HFSS_sim\LHS800\train\BSMRDL\dut757.s2p
train,BSMRDL,758,skipped,C:\ffzhzh\SyncFiles\Temp\HFSS_sim\LHS800\train\BSMRDL\dut758.s2p
train,BSMRDL,759,skipped,C:\ffzhzh\SyncFiles\Temp\HFSS_sim\LHS800\train\BSMRDL\dut759.s2p
train,BSMRDL,760,skipped,C:\ffzhzh\SyncFiles\Temp\HFSS_sim\LHS800\train\BSMRDL\dut760.s2p
train,BSMRDL,761,skipped,C:\ffzhzh\SyncFiles\Temp\HFSS_sim\LHS800\train\BSMRDL\dut761.s2p
train,BSMRDL,762,skipped,C:\ffzhzh\SyncFiles\Temp\HFSS_sim\LHS800\train\BSMRDL\dut762.s2p
train,BSMRDL,763,skipped,C:\ffzhzh\SyncFiles\Temp\HFSS_sim\LHS800\train\BSMRDL\dut763.s2p
train,BSMRDL,764,skipped,C:\ffzhzh\SyncFiles\Temp\HFSS_sim\LHS800\train\BSMRDL\dut764.s2p
train,BSMRDL,765,skipped,C:\ffzhzh\SyncFiles\Temp\HFSS_sim\LHS800\train\BSMRDL\dut765.s2p
train,BSMRDL,766,skipped,C:\ffzhzh\SyncFiles\Temp\HFSS_sim\LHS800\train\BSMRDL\dut766.s2p
train,BSMRDL,767,skipped,C:\ffzhzh\SyncFiles\Temp\HFSS_sim\LHS800\train\BSMRDL\dut767.s2p
train,BSMRDL,768,skipped,C:\ffzhzh\SyncFiles\Temp\HFSS_sim\LHS800\train\BSMRDL\dut768.s2p
train,BSMRDL,769,skipped,C:\ffzhzh\SyncFiles\Temp\HFSS_sim\LHS800\train\BSMRDL\dut769.s2p
train,BSMRDL,770,skipped,C:\ffzhzh\SyncFiles\Temp\HFSS_sim\LHS800\train\BSMRDL\dut770.s2p
train,BSMRDL,771,skipped,C:\ffzhzh\SyncFiles\Temp\HFSS_sim\LHS800\train\BSMRDL\dut771.s2p
train,BSMRDL,772,skipped,C:\ffzhzh\SyncFiles\Temp\HFSS_sim\LHS800\train\BSMRDL\dut772.s2p
train,BSMRDL,773,skipped,C:\ffzhzh\SyncFiles\Temp\HFSS_sim\LHS800\train\BSMRDL\dut773.s2p
train,BSMRDL,774,skipped,C:\ffzhzh\SyncFiles\Temp\HFSS_sim\LHS800\train\BSMRDL\dut774.s2p
train,BSMRDL,775,skipped,C:\ffzhzh\SyncFiles\Temp\HFSS_sim\LHS800\train\BSMRDL\dut775.s2p
train,BSMRDL,776,skipped,C:\ffzhzh\SyncFiles\Temp\HFSS_sim\LHS800\train\BSMRDL\dut776.s2p
train,BSMRDL,777,skipped,C:\ffzhzh\SyncFiles\Temp\HFSS_sim\LHS800\train\BSMRDL\dut777.s2p
train,BSMRDL,778,skipped,C:\ffzhzh\SyncFiles\Temp\HFSS_sim\LHS800\train\BSMRDL\dut778.s2p
train,BSMRDL,779,skipped,C:\ffzhzh\SyncFiles\Temp\HFSS_sim\LHS800\train\BSMRDL\dut779.s2p
train,BSMRDL,780,skipped,C:\ffzhzh\SyncFiles\Temp\HFSS_sim\LHS800\train\BSMRDL\dut780.s2p
train,BSMRDL,781,skipped,C:\ffzhzh\SyncFiles\Temp\HFSS_sim\LHS800\train\BSMRDL\dut781.s2p
train,BSMRDL,782,skipped,C:\ffzhzh\SyncFiles\Temp\HFSS_sim\LHS800\train\BSMRDL\dut782.s2p
train,BSMRDL,783,skipped,C:\ffzhzh\SyncFiles\Temp\HFSS_sim\LHS800\train\BSMRDL\dut783.s2p
train,BSMRDL,784,skipped,C:\ffzhzh\SyncFiles\Temp\HFSS_sim\LHS800\train\BSMRDL\dut784.s2p
train,BSMRDL,785,skipped,C:\ffzhzh\SyncFiles\Temp\HFSS_sim\LHS800\train\BSMRDL\dut785.s2p
train,BSMRDL,786,skipped,C:\ffzhzh\SyncFiles\Temp\HFSS_sim\LHS800\train\BSMRDL\dut786.s2p
train,BSMRDL,787,skipped,C:\ffzhzh\SyncFiles\Temp\HFSS_sim\LHS800\train\BSMRDL\dut787.s2p
train,BSMRDL,788,skipped,C:\ffzhzh\SyncFiles\Temp\HFSS_sim\LHS800\train\BSMRDL\dut788.s2p
train,BSMRDL,789,skipped,C:\ffzhzh\SyncFiles\Temp\HFSS_sim\LHS800\train\BSMRDL\dut789.s2p
train,BSMRDL,790,skipped,C:\ffzhzh\SyncFiles\Temp\HFSS_sim\LHS800\train\BSMRDL\dut790.s2p
train,BSMRDL,791,skipped,C:\ffzhzh\SyncFiles\Temp\HFSS_sim\LHS800\train\BSMRDL\dut791.s2p
train,BSMRDL,792,skipped,C:\ffzhzh\SyncFiles\Temp\HFSS_sim\LHS800\train\BSMRDL\dut792.s2p
train,BSMRDL,793,skipped,C:\ffzhzh\SyncFiles\Temp\HFSS_sim\LHS800\train\BSMRDL\dut793.s2p
train,BSMRDL,794,skipped,C:\ffzhzh\SyncFiles\Temp\HFSS_sim\LHS800\train\BSMRDL\dut794.s2p
train,BSMRDL,795,skipped,C:\ffzhzh\SyncFiles\Temp\HFSS_sim\LHS800\train\BSMRDL\dut795.s2p
train,BSMRDL,796,skipped,C:\ffzhzh\SyncFiles\Temp\HFSS_sim\LHS800\train\BSMRDL\dut796.s2p
train,BSMRDL,797,skipped,C:\ffzhzh\SyncFiles\Temp\HFSS_sim\LHS800\train\BSMRDL\dut797.s2p
train,BSMRDL,798,skipped,C:\ffzhzh\SyncFiles\Temp\HFSS_sim\LHS800\train\BSMRDL\dut798.s2p
train,BSMRDL,799,skipped,C:\ffzhzh\SyncFiles\Temp\HFSS_sim\LHS800\train\BSMRDL\dut799.s2p
train,BSMRDL,800,skipped,C:\ffzhzh\SyncFiles\Temp\HFSS_sim\LHS800\train\BSMRDL\dut800.s2p
train,BSMRDL,801,skipped,C:\ffzhzh\SyncFiles\Temp\HFSS_sim\LHS800\train\BSMRDL\dut801.s2p
train,BSMRDL,802,skipped,C:\ffzhzh\SyncFiles\Temp\HFSS_sim\LHS800\train\BSMRDL\dut802.s2p
train,BSMRDL,803,skipped,C:\ffzhzh\SyncFiles\Temp\HFSS_sim\LHS800\train\BSMRDL\dut803.s2p
train,BSMRDL,804,skipped,C:\ffzhzh\SyncFiles\Temp\HFSS_sim\LHS800\train\BSMRDL\dut804.s2p
train,BSMRDL,805,skipped,C:\ffzhzh\SyncFiles\Temp\HFSS_sim\LHS800\train\BSMRDL\dut805.s2p
train,BSMRDL,806,skipped,C:\ffzhzh\SyncFiles\Temp\HFSS_sim\LHS800\train\BSMRDL\dut806.s2p
train,BSMRDL,807,skipped,C:\ffzhzh\SyncFiles\Temp\HFSS_sim\LHS800\train\BSMRDL\dut807.s2p
train,BSMRDL,808,skipped,C:\ffzhzh\SyncFiles\Temp\HFSS_sim\LHS800\train\BSMRDL\dut808.s2p
train,BSMRDL,809,skipped,C:\ffzhzh\SyncFiles\Temp\HFSS_sim\LHS800\train\BSMRDL\dut809.s2p
train,BSMRDL,810,skipped,C:\ffzhzh\SyncFiles\Temp\HFSS_sim\LHS800\train\BSMRDL\dut810.s2p
train,BSMRDL,811,skipped,C:\ffzhzh\SyncFiles\Temp\HFSS_sim\LHS800\train\BSMRDL\dut811.s2p
train,BSMRDL,812,skipped,C:\ffzhzh\SyncFiles\Temp\HFSS_sim\LHS800\train\BSMRDL\dut812.s2p
train,BSMRDL,813,skipped,C:\ffzhzh\SyncFiles\Temp\HFSS_sim\LHS800\train\BSMRDL\dut813.s2p
train,BSMRDL,814,skipped,C:\ffzhzh\SyncFiles\Temp\HFSS_sim\LHS800\train\BSMRDL\dut814.s2p
train,BSMRDL,815,skipped,C:\ffzhzh\SyncFiles\Temp\HFSS_sim\LHS800\train\BSMRDL\dut815.s2p
train,BSMRDL,816,skipped,C:\ffzhzh\SyncFiles\Temp\HFSS_sim\LHS800\train\BSMRDL\dut816.s2p
train,BSMRDL,817,skipped,C:\ffzhzh\SyncFiles\Temp\HFSS_sim\LHS800\train\BSMRDL\dut817.s2p
train,BSMRDL,818,skipped,C:\ffzhzh\SyncFiles\Temp\HFSS_sim\LHS800\train\BSMRDL\dut818.s2p
train,BSMRDL,819,skipped,C:\ffzhzh\SyncFiles\Temp\HFSS_sim\LHS800\train\BSMRDL\dut819.s2p
train,BSMRDL,820,skipped,C:\ffzhzh\SyncFiles\Temp\HFSS_sim\LHS800\train\BSMRDL\dut820.s2p
train,BSMRDL,821,skipped,C:\ffzhzh\SyncFiles\Temp\HFSS_sim\LHS800\train\BSMRDL\dut821.s2p
train,BSMRDL,822,skipped,C:\ffzhzh\SyncFiles\Temp\HFSS_sim\LHS800\train\BSMRDL\dut822.s2p
train,BSMRDL,823,skipped,C:\ffzhzh\SyncFiles\Temp\HFSS_sim\LHS800\train\BSMRDL\dut823.s2p
train,BSMRDL,824,skipped,C:\ffzhzh\SyncFiles\Temp\HFSS_sim\LHS800\train\BSMRDL\dut824.s2p
train,BSMRDL,825,skipped,C:\ffzhzh\SyncFiles\Temp\HFSS_sim\LHS800\train\BSMRDL\dut825.s2p
train,BSMRDL,826,skipped,C:\ffzhzh\SyncFiles\Temp\HFSS_sim\LHS800\train\BSMRDL\dut826.s2p
train,BSMRDL,827,skipped,C:\ffzhzh\SyncFiles\Temp\HFSS_sim\LHS800\train\BSMRDL\dut827.s2p
train,BSMRDL,828,skipped,C:\ffzhzh\SyncFiles\Temp\HFSS_sim\LHS800\train\BSMRDL\dut828.s2p
train,BSMRDL,829,skipped,C:\ffzhzh\SyncFiles\Temp\HFSS_sim\LHS800\train\BSMRDL\dut829.s2p
train,BSMRDL,830,skipped,C:\ffzhzh\SyncFiles\Temp\HFSS_sim\LHS800\train\BSMRDL\dut830.s2p
train,BSMRDL,831,skipped,C:\ffzhzh\SyncFiles\Temp\HFSS_sim\LHS800\train\BSMRDL\dut831.s2p
train,BSMRDL,832,skipped,C:\ffzhzh\SyncFiles\Temp\HFSS_sim\LHS800\train\BSMRDL\dut832.s2p
train,BSMRDL,833,skipped,C:\ffzhzh\SyncFiles\Temp\HFSS_sim\LHS800\train\BSMRDL\dut833.s2p
train,BSMRDL,834,skipped,C:\ffzhzh\SyncFiles\Temp\HFSS_sim\LHS800\train\BSMRDL\dut834.s2p
train,BSMRDL,835,skipped,C:\ffzhzh\SyncFiles\Temp\HFSS_sim\LHS800\train\BSMRDL\dut835.s2p
train,BSMRDL,836,skipped,C:\ffzhzh\SyncFiles\Temp\HFSS_sim\LHS800\train\BSMRDL\dut836.s2p
train,BSMRDL,837,skipped,C:\ffzhzh\SyncFiles\Temp\HFSS_sim\LHS800\train\BSMRDL\dut837.s2p
train,BSMRDL,838,skipped,C:\ffzhzh\SyncFiles\Temp\HFSS_sim\LHS800\train\BSMRDL\dut838.s2p
train,BSMRDL,839,skipped,C:\ffzhzh\SyncFiles\Temp\HFSS_sim\LHS800\train\BSMRDL\dut839.s2p
train,BSMRDL,840,skipped,C:\ffzhzh\SyncFiles\Temp\HFSS_sim\LHS800\train\BSMRDL\dut840.s2p
train,BSMRDL,841,skipped,C:\ffzhzh\SyncFiles\Temp\HFSS_sim\LHS800\train\BSMRDL\dut841.s2p
train,BSMRDL,842,skipped,C:\ffzhzh\SyncFiles\Temp\HFSS_sim\LHS800\train\BSMRDL\dut842.s2p
train,BSMRDL,843,skipped,C:\ffzhzh\SyncFiles\Temp\HFSS_sim\LHS800\train\BSMRDL\dut843.s2p
train,BSMRDL,844,skipped,C:\ffzhzh\SyncFiles\Temp\HFSS_sim\LHS800\train\BSMRDL\dut844.s2p
train,BSMRDL,845,skipped,C:\ffzhzh\SyncFiles\Temp\HFSS_sim\LHS800\train\BSMRDL\dut845.s2p
train,BSMRDL,846,skipped,C:\ffzhzh\SyncFiles\Temp\HFSS_sim\LHS800\train\BSMRDL\dut846.s2p
train,BSMRDL,847,skipped,C:\ffzhzh\SyncFiles\Temp\HFSS_sim\LHS800\train\BSMRDL\dut847.s2p
train,BSMRDL,848,skipped,C:\ffzhzh\SyncFiles\Temp\HFSS_sim\LHS800\train\BSMRDL\dut848.s2p
train,BSMRDL,849,skipped,C:\ffzhzh\SyncFiles\Temp\HFSS_sim\LHS800\train\BSMRDL\dut849.s2p
train,BSMRDL,850,skipped,C:\ffzhzh\SyncFiles\Temp\HFSS_sim\LHS800\train\BSMRDL\dut850.s2p
train,BSMRDL,851,skipped,C:\ffzhzh\SyncFiles\Temp\HFSS_sim\LHS800\train\BSMRDL\dut851.s2p
train,BSMRDL,852,skipped,C:\ffzhzh\SyncFiles\Temp\HFSS_sim\LHS800\train\BSMRDL\dut852.s2p
train,BSMRDL,853,skipped,C:\ffzhzh\SyncFiles\Temp\HFSS_sim\LHS800\train\BSMRDL\dut853.s2p
train,BSMRDL,854,skipped,C:\ffzhzh\SyncFiles\Temp\HFSS_sim\LHS800\train\BSMRDL\dut854.s2p
train,BSMRDL,855,skipped,C:\ffzhzh\SyncFiles\Temp\HFSS_sim\LHS800\train\BSMRDL\dut855.s2p
train,BSMRDL,856,skipped,C:\ffzhzh\SyncFiles\Temp\HFSS_sim\LHS800\train\BSMRDL\dut856.s2p
train,BSMRDL,857,skipped,C:\ffzhzh\SyncFiles\Temp\HFSS_sim\LHS800\train\BSMRDL\dut857.s2p
train,BSMRDL,858,skipped,C:\ffzhzh\SyncFiles\Temp\HFSS_sim\LHS800\train\BSMRDL\dut858.s2p
train,BSMRDL,859,skipped,C:\ffzhzh\SyncFiles\Temp\HFSS_sim\LHS800\train\BSMRDL\dut859.s2p
train,BSMRDL,860,skipped,C:\ffzhzh\SyncFiles\Temp\HFSS_sim\LHS800\train\BSMRDL\dut860.s2p
train,BSMRDL,861,skipped,C:\ffzhzh\SyncFiles\Temp\HFSS_sim\LHS800\train\BSMRDL\dut861.s2p
train,BSMRDL,862,skipped,C:\ffzhzh\SyncFiles\Temp\HFSS_sim\LHS800\train\BSMRDL\dut862.s2p
train,BSMRDL,863,skipped,C:\ffzhzh\SyncFiles\Temp\HFSS_sim\LHS800\train\BSMRDL\dut863.s2p
train,BSMRDL,864,skipped,C:\ffzhzh\SyncFiles\Temp\HFSS_sim\LHS800\train\BSMRDL\dut864.s2p
train,BSMRDL,865,skipped,C:\ffzhzh\SyncFiles\Temp\HFSS_sim\LHS800\train\BSMRDL\dut865.s2p
train,BSMRDL,866,skipped,C:\ffzhzh\SyncFiles\Temp\HFSS_sim\LHS800\train\BSMRDL\dut866.s2p
train,BSMRDL,867,skipped,C:\ffzhzh\SyncFiles\Temp\HFSS_sim\LHS800\train\BSMRDL\dut867.s2p
train,BSMRDL,868,skipped,C:\ffzhzh\SyncFiles\Temp\HFSS_sim\LHS800\train\BSMRDL\dut868.s2p
train,BSMRDL,869,skipped,C:\ffzhzh\SyncFiles\Temp\HFSS_sim\LHS800\train\BSMRDL\dut869.s2p
train,BSMRDL,870,skipped,C:\ffzhzh\SyncFiles\Temp\HFSS_sim\LHS800\train\BSMRDL\dut870.s2p
train,BSMRDL,871,skipped,C:\ffzhzh\SyncFiles\Temp\HFSS_sim\LHS800\train\BSMRDL\dut871.s2p
train,BSMRDL,872,skipped,C:\ffzhzh\SyncFiles\Temp\HFSS_sim\LHS800\train\BSMRDL\dut872.s2p
train,BSMRDL,873,skipped,C:\ffzhzh\SyncFiles\Temp\HFSS_sim\LHS800\train\BSMRDL\dut873.s2p
train,BSMRDL,874,skipped,C:\ffzhzh\SyncFiles\Temp\HFSS_sim\LHS800\train\BSMRDL\dut874.s2p
train,BSMRDL,875,skipped,C:\ffzhzh\SyncFiles\Temp\HFSS_sim\LHS800\train\BSMRDL\dut875.s2p
train,BSMRDL,876,skipped,C:\ffzhzh\SyncFiles\Temp\HFSS_sim\LHS800\train\BSMRDL\dut876.s2p
train,BSMRDL,877,skipped,C:\ffzhzh\SyncFiles\Temp\HFSS_sim\LHS800\train\BSMRDL\dut877.s2p
train,BSMRDL,878,skipped,C:\ffzhzh\SyncFiles\Temp\HFSS_sim\LHS800\train\BSMRDL\dut878.s2p
train,BSMRDL,879,skipped,C:\ffzhzh\SyncFiles\Temp\HFSS_sim\LHS800\train\BSMRDL\dut879.s2p
train,BSMRDL,880,skipped,C:\ffzhzh\SyncFiles\Temp\HFSS_sim\LHS800\train\BSMRDL\dut880.s2p
train,BSMRDL,881,skipped,C:\ffzhzh\SyncFiles\Temp\HFSS_sim\LHS800\train\BSMRDL\dut881.s2p
train,BSMRDL,882,skipped,C:\ffzhzh\SyncFiles\Temp\HFSS_sim\LHS800\train\BSMRDL\dut882.s2p
train,BSMRDL,883,skipped,C:\ffzhzh\SyncFiles\Temp\HFSS_sim\LHS800\train\BSMRDL\dut883.s2p
train,BSMRDL,884,skipped,C:\ffzhzh\SyncFiles\Temp\HFSS_sim\LHS800\train\BSMRDL\dut884.s2p
train,BSMRDL,885,skipped,C:\ffzhzh\SyncFiles\Temp\HFSS_sim\LHS800\train\BSMRDL\dut885.s2p
train,BSMRDL,886,skipped,C:\ffzhzh\SyncFiles\Temp\HFSS_sim\LHS800\train\BSMRDL\dut886.s2p
train,BSMRDL,887,skipped,C:\ffzhzh\SyncFiles\Temp\HFSS_sim\LHS800\train\BSMRDL\dut887.s2p
train,BSMRDL,888,skipped,C:\ffzhzh\SyncFiles\Temp\HFSS_sim\LHS800\train\BSMRDL\dut888.s2p
train,BSMRDL,889,skipped,C:\ffzhzh\SyncFiles\Temp\HFSS_sim\LHS800\train\BSMRDL\dut889.s2p
train,BSMRDL,890,skipped,C:\ffzhzh\SyncFiles\Temp\HFSS_sim\LHS800\train\BSMRDL\dut890.s2p
train,BSMRDL,891,skipped,C:\ffzhzh\SyncFiles\Temp\HFSS_sim\LHS800\train\BSMRDL\dut891.s2p
train,BSMRDL,892,skipped,C:\ffzhzh\SyncFiles\Temp\HFSS_sim\LHS800\train\BSMRDL\dut892.s2p
train,BSMRDL,893,skipped,C:\ffzhzh\SyncFiles\Temp\HFSS_sim\LHS800\train\BSMRDL\dut893.s2p
train,BSMRDL,894,skipped,C:\ffzhzh\SyncFiles\Temp\HFSS_sim\LHS800\train\BSMRDL\dut894.s2p
train,BSMRDL,895,skipped,C:\ffzhzh\SyncFiles\Temp\HFSS_sim\LHS800\train\BSMRDL\dut895.s2p
train,BSMRDL,896,skipped,C:\ffzhzh\SyncFiles\Temp\HFSS_sim\LHS800\train\BSMRDL\dut896.s2p
train,BSMRDL,897,skipped,C:\ffzhzh\SyncFiles\Temp\HFSS_sim\LHS800\train\BSMRDL\dut897.s2p
train,BSMRDL,898,skipped,C:\ffzhzh\SyncFiles\Temp\HFSS_sim\LHS800\train\BSMRDL\dut898.s2p
train,BSMRDL,899,skipped,C:\ffzhzh\SyncFiles\Temp\HFSS_sim\LHS800\train\BSMRDL\dut899.s2p
train,BSMRDL,900,skipped,C:\ffzhzh\SyncFiles\Temp\HFSS_sim\LHS800\train\BSMRDL\dut900.s2p
train,BSMRDL,901,skipped,C:\ffzhzh\SyncFiles\Temp\HFSS_sim\LHS800\train\BSMRDL\dut901.s2p
train,BSMRDL,902,skipped,C:\ffzhzh\SyncFiles\Temp\HFSS_sim\LHS800\train\BSMRDL\dut902.s2p
train,BSMRDL,903,skipped,C:\ffzhzh\SyncFiles\Temp\HFSS_sim\LHS800\train\BSMRDL\dut903.s2p
train,BSMRDL,904,skipped,C:\ffzhzh\SyncFiles\Temp\HFSS_sim\LHS800\train\BSMRDL\dut904.s2p
train,BSMRDL,905,skipped,C:\ffzhzh\SyncFiles\Temp\HFSS_sim\LHS800\train\BSMRDL\dut905.s2p
train,BSMRDL,906,skipped,C:\ffzhzh\SyncFiles\Temp\HFSS_sim\LHS800\train\BSMRDL\dut906.s2p
train,BSMRDL,907,skipped,C:\ffzhzh\SyncFiles\Temp\HFSS_sim\LHS800\train\BSMRDL\dut907.s2p
train,BSMRDL,908,skipped,C:\ffzhzh\SyncFiles\Temp\HFSS_sim\LHS800\train\BSMRDL\dut908.s2p
train,BSMRDL,909,skipped,C:\ffzhzh\SyncFiles\Temp\HFSS_sim\LHS800\train\BSMRDL\dut909.s2p
train,BSMRDL,910,skipped,C:\ffzhzh\SyncFiles\Temp\HFSS_sim\LHS800\train\BSMRDL\dut910.s2p
train,BSMRDL,911,skipped,C:\ffzhzh\SyncFiles\Temp\HFSS_sim\LHS800\train\BSMRDL\dut911.s2p
train,BSMRDL,912,skipped,C:\ffzhzh\SyncFiles\Temp\HFSS_sim\LHS800\train\BSMRDL\dut912.s2p
train,BSMRDL,913,skipped,C:\ffzhzh\SyncFiles\Temp\HFSS_sim\LHS800\train\BSMRDL\dut913.s2p
train,BSMRDL,914,skipped,C:\ffzhzh\SyncFiles\Temp\HFSS_sim\LHS800\train\BSMRDL\dut914.s2p
train,BSMRDL,915,skipped,C:\ffzhzh\SyncFiles\Temp\HFSS_sim\LHS800\train\BSMRDL\dut915.s2p
train,BSMRDL,916,skipped,C:\ffzhzh\SyncFiles\Temp\HFSS_sim\LHS800\train\BSMRDL\dut916.s2p
train,BSMRDL,917,skipped,C:\ffzhzh\SyncFiles\Temp\HFSS_sim\LHS800\train\BSMRDL\dut917.s2p
train,BSMRDL,918,skipped,C:\ffzhzh\SyncFiles\Temp\HFSS_sim\LHS800\train\BSMRDL\dut918.s2p
train,BSMRDL,919,skipped,C:\ffzhzh\SyncFiles\Temp\HFSS_sim\LHS800\train\BSMRDL\dut919.s2p
train,BSMRDL,920,skipped,C:\ffzhzh\SyncFiles\Temp\HFSS_sim\LHS800\train\BSMRDL\dut920.s2p
train,BSMRDL,921,skipped,C:\ffzhzh\SyncFiles\Temp\HFSS_sim\LHS800\train\BSMRDL\dut921.s2p
train,BSMRDL,922,skipped,C:\ffzhzh\SyncFiles\Temp\HFSS_sim\LHS800\train\BSMRDL\dut922.s2p
train,BSMRDL,923,skipped,C:\ffzhzh\SyncFiles\Temp\HFSS_sim\LHS800\train\BSMRDL\dut923.s2p
train,BSMRDL,924,skipped,C:\ffzhzh\SyncFiles\Temp\HFSS_sim\LHS800\train\BSMRDL\dut924.s2p
train,BSMRDL,925,skipped,C:\ffzhzh\SyncFiles\Temp\HFSS_sim\LHS800\train\BSMRDL\dut925.s2p
train,BSMRDL,926,skipped,C:\ffzhzh\SyncFiles\Temp\HFSS_sim\LHS800\train\BSMRDL\dut926.s2p
train,BSMRDL,927,skipped,C:\ffzhzh\SyncFiles\Temp\HFSS_sim\LHS800\train\BSMRDL\dut927.s2p
train,BSMRDL,928,skipped,C:\ffzhzh\SyncFiles\Temp\HFSS_sim\LHS800\train\BSMRDL\dut928.s2p
train,BSMRDL,929,skipped,C:\ffzhzh\SyncFiles\Temp\HFSS_sim\LHS800\train\BSMRDL\dut929.s2p
train,BSMRDL,930,skipped,C:\ffzhzh\SyncFiles\Temp\HFSS_sim\LHS800\train\BSMRDL\dut930.s2p
train,BSMRDL,931,skipped,C:\ffzhzh\SyncFiles\Temp\HFSS_sim\LHS800\train\BSMRDL\dut931.s2p
train,BSMRDL,932,skipped,C:\ffzhzh\SyncFiles\Temp\HFSS_sim\LHS800\train\BSMRDL\dut932.s2p
train,BSMRDL,933,skipped,C:\ffzhzh\SyncFiles\Temp\HFSS_sim\LHS800\train\BSMRDL\dut933.s2p
train,BSMRDL,934,skipped,C:\ffzhzh\SyncFiles\Temp\HFSS_sim\LHS800\train\BSMRDL\dut934.s2p
train,BSMRDL,935,skipped,C:\ffzhzh\SyncFiles\Temp\HFSS_sim\LHS800\train\BSMRDL\dut935.s2p
train,BSMRDL,936,skipped,C:\ffzhzh\SyncFiles\Temp\HFSS_sim\LHS800\train\BSMRDL\dut936.s2p
train,BSMRDL,937,skipped,C:\ffzhzh\SyncFiles\Temp\HFSS_sim\LHS800\train\BSMRDL\dut937.s2p
train,BSMRDL,938,skipped,C:\ffzhzh\SyncFiles\Temp\HFSS_sim\LHS800\train\BSMRDL\dut938.s2p
train,BSMRDL,939,skipped,C:\ffzhzh\SyncFiles\Temp\HFSS_sim\LHS800\train\BSMRDL\dut939.s2p
train,BSMRDL,940,skipped,C:\ffzhzh\SyncFiles\Temp\HFSS_sim\LHS800\train\BSMRDL\dut940.s2p
train,BSMRDL,941,skipped,C:\ffzhzh\SyncFiles\Temp\HFSS_sim\LHS800\train\BSMRDL\dut941.s2p
train,BSMRDL,942,skipped,C:\ffzhzh\SyncFiles\Temp\HFSS_sim\LHS800\train\BSMRDL\dut942.s2p
train,BSMRDL,943,skipped,C:\ffzhzh\SyncFiles\Temp\HFSS_sim\LHS800\train\BSMRDL\dut943.s2p
train,BSMRDL,944,skipped,C:\ffzhzh\SyncFiles\Temp\HFSS_sim\LHS800\train\BSMRDL\dut944.s2p
train,BSMRDL,945,skipped,C:\ffzhzh\SyncFiles\Temp\HFSS_sim\LHS800\train\BSMRDL\dut945.s2p
train,BSMRDL,946,skipped,C:\ffzhzh\SyncFiles\Temp\HFSS_sim\LHS800\train\BSMRDL\dut946.s2p
train,BSMRDL,947,skipped,C:\ffzhzh\SyncFiles\Temp\HFSS_sim\LHS800\train\BSMRDL\dut947.s2p
train,BSMRDL,948,skipped,C:\ffzhzh\SyncFiles\Temp\HFSS_sim\LHS800\train\BSMRDL\dut948.s2p
train,BSMRDL,949,skipped,C:\ffzhzh\SyncFiles\Temp\HFSS_sim\LHS800\train\BSMRDL\dut949.s2p
train,BSMRDL,950,skipped,C:\ffzhzh\SyncFiles\Temp\HFSS_sim\LHS800\train\BSMRDL\dut950.s2p
train,BSMRDL,951,skipped,C:\ffzhzh\SyncFiles\Temp\HFSS_sim\LHS800\train\BSMRDL\dut951.s2p
train,BSMRDL,952,skipped,C:\ffzhzh\SyncFiles\Temp\HFSS_sim\LHS800\train\BSMRDL\dut952.s2p
train,BSMRDL,953,skipped,C:\ffzhzh\SyncFiles\Temp\HFSS_sim\LHS800\train\BSMRDL\dut953.s2p
train,BSMRDL,954,skipped,C:\ffzhzh\SyncFiles\Temp\HFSS_sim\LHS800\train\BSMRDL\dut954.s2p
train,BSMRDL,955,skipped,C:\ffzhzh\SyncFiles\Temp\HFSS_sim\LHS800\train\BSMRDL\dut955.s2p
train,BSMRDL,956,skipped,C:\ffzhzh\SyncFiles\Temp\HFSS_sim\LHS800\train\BSMRDL\dut956.s2p
train,BSMRDL,957,skipped,C:\ffzhzh\SyncFiles\Temp\HFSS_sim\LHS800\train\BSMRDL\dut957.s2p
train,BSMRDL,958,skipped,C:\ffzhzh\SyncFiles\Temp\HFSS_sim\LHS800\train\BSMRDL\dut958.s2p
train,BSMRDL,959,skipped,C:\ffzhzh\SyncFiles\Temp\HFSS_sim\LHS800\train\BSMRDL\dut959.s2p
train,BSMRDL,960,skipped,C:\ffzhzh\SyncFiles\Temp\HFSS_sim\LHS800\train\BSMRDL\dut960.s2p
train,BSMRDL,961,skipped,C:\ffzhzh\SyncFiles\Temp\HFSS_sim\LHS800\train\BSMRDL\dut961.s2p
train,BSMRDL,962,skipped,C:\ffzhzh\SyncFiles\Temp\HFSS_sim\LHS800\train\BSMRDL\dut962.s2p
train,BSMRDL,963,skipped,C:\ffzhzh\SyncFiles\Temp\HFSS_sim\LHS800\train\BSMRDL\dut963.s2p
train,BSMRDL,964,skipped,C:\ffzhzh\SyncFiles\Temp\HFSS_sim\LHS800\train\BSMRDL\dut964.s2p
train,BSMRDL,965,skipped,C:\ffzhzh\SyncFiles\Temp\HFSS_sim\LHS800\train\BSMRDL\dut965.s2p
train,BSMRDL,966,skipped,C:\ffzhzh\SyncFiles\Temp\HFSS_sim\LHS800\train\BSMRDL\dut966.s2p
train,BSMRDL,967,skipped,C:\ffzhzh\SyncFiles\Temp\HFSS_sim\LHS800\train\BSMRDL\dut967.s2p
train,BSMRDL,968,skipped,C:\ffzhzh\SyncFiles\Temp\HFSS_sim\LHS800\train\BSMRDL\dut968.s2p
train,BSMRDL,969,skipped,C:\ffzhzh\SyncFiles\Temp\HFSS_sim\LHS800\train\BSMRDL\dut969.s2p
train,BSMRDL,970,skipped,C:\ffzhzh\SyncFiles\Temp\HFSS_sim\LHS800\train\BSMRDL\dut970.s2p
train,BSMRDL,971,skipped,C:\ffzhzh\SyncFiles\Temp\HFSS_sim\LHS800\train\BSMRDL\dut971.s2p
train,BSMRDL,972,skipped,C:\ffzhzh\SyncFiles\Temp\HFSS_sim\LHS800\train\BSMRDL\dut972.s2p
train,BSMRDL,973,skipped,C:\ffzhzh\SyncFiles\Temp\HFSS_sim\LHS800\train\BSMRDL\dut973.s2p
train,BSMRDL,974,skipped,C:\ffzhzh\SyncFiles\Temp\HFSS_sim\LHS800\train\BSMRDL\dut974.s2p
train,BSMRDL,975,skipped,C:\ffzhzh\SyncFiles\Temp\HFSS_sim\LHS800\train\BSMRDL\dut975.s2p
train,BSMRDL,976,skipped,C:\ffzhzh\SyncFiles\Temp\HFSS_sim\LHS800\train\BSMRDL\dut976.s2p
train,BSMRDL,977,skipped,C:\ffzhzh\SyncFiles\Temp\HFSS_sim\LHS800\train\BSMRDL\dut977.s2p
train,BSMRDL,978,skipped,C:\ffzhzh\SyncFiles\Temp\HFSS_sim\LHS800\train\BSMRDL\dut978.s2p
train,BSMRDL,979,skipped,C:\ffzhzh\SyncFiles\Temp\HFSS_sim\LHS800\train\BSMRDL\dut979.s2p
train,BSMRDL,980,skipped,C:\ffzhzh\SyncFiles\Temp\HFSS_sim\LHS800\train\BSMRDL\dut980.s2p
train,BSMRDL,981,skipped,C:\ffzhzh\SyncFiles\Temp\HFSS_sim\LHS800\train\BSMRDL\dut981.s2p
train,BSMRDL,982,skipped,C:\ffzhzh\SyncFiles\Temp\HFSS_sim\LHS800\train\BSMRDL\dut982.s2p
train,BSMRDL,983,skipped,C:\ffzhzh\SyncFiles\Temp\HFSS_sim\LHS800\train\BSMRDL\dut983.s2p
train,BSMRDL,984,skipped,C:\ffzhzh\SyncFiles\Temp\HFSS_sim\LHS800\train\BSMRDL\dut984.s2p
train,BSMRDL,985,skipped,C:\ffzhzh\SyncFiles\Temp\HFSS_sim\LHS800\train\BSMRDL\dut985.s2p
train,BSMRDL,986,skipped,C:\ffzhzh\SyncFiles\Temp\HFSS_sim\LHS800\train\BSMRDL\dut986.s2p
train,BSMRDL,987,skipped,C:\ffzhzh\SyncFiles\Temp\HFSS_sim\LHS800\train\BSMRDL\dut987.s2p
train,BSMRDL,988,skipped,C:\ffzhzh\SyncFiles\Temp\HFSS_sim\LHS800\train\BSMRDL\dut988.s2p
train,BSMRDL,989,skipped,C:\ffzhzh\SyncFiles\Temp\HFSS_sim\LHS800\train\BSMRDL\dut989.s2p
train,BSMRDL,990,skipped,C:\ffzhzh\SyncFiles\Temp\HFSS_sim\LHS800\train\BSMRDL\dut990.s2p
train,BSMRDL,991,skipped,C:\ffzhzh\SyncFiles\Temp\HFSS_sim\LHS800\train\BSMRDL\dut991.s2p
train,BSMRDL,992,skipped,C:\ffzhzh\SyncFiles\Temp\HFSS_sim\LHS800\train\BSMRDL\dut992.s2p
train,BSMRDL,993,skipped,C:\ffzhzh\SyncFiles\Temp\HFSS_sim\LHS800\train\BSMRDL\dut993.s2p
train,BSMRDL,994,skipped,C:\ffzhzh\SyncFiles\Temp\HFSS_sim\LHS800\train\BSMRDL\dut994.s2p
train,BSMRDL,995,skipped,C:\ffzhzh\SyncFiles\Temp\HFSS_sim\LHS800\train\BSMRDL\dut995.s2p
train,BSMRDL,996,skipped,C:\ffzhzh\SyncFiles\Temp\HFSS_sim\LHS800\train\BSMRDL\dut996.s2p
train,BSMRDL,997,skipped,C:\ffzhzh\SyncFiles\Temp\HFSS_sim\LHS800\train\BSMRDL\dut997.s2p
train,BSMRDL,998,skipped,C:\ffzhzh\SyncFiles\Temp\HFSS_sim\LHS800\train\BSMRDL\dut998.s2p
train,BSMRDL,999,skipped,C:\ffzhzh\SyncFiles\Temp\HFSS_sim\LHS800\train\BSMRDL\dut999.s2p
train,BSMRDL,1000,skipped,C:\ffzhzh\SyncFiles\Temp\HFSS_sim\LHS800\train\BSMRDL\dut1000.s2p
train,BSMRDL,1001,skipped,C:\ffzhzh\SyncFiles\Temp\HFSS_sim\LHS800\train\BSMRDL\dut1001.s2p
train,BSMRDL,1002,skipped,C:\ffzhzh\SyncFiles\Temp\HFSS_sim\LHS800\train\BSMRDL\dut1002.s2p
train,BSMRDL,1003,skipped,C:\ffzhzh\SyncFiles\Temp\HFSS_sim\LHS800\train\BSMRDL\dut1003.s2p
train,BSMRDL,1004,skipped,C:\ffzhzh\SyncFiles\Temp\HFSS_sim\LHS800\train\BSMRDL\dut1004.s2p
train,BSMRDL,1005,skipped,C:\ffzhzh\SyncFiles\Temp\HFSS_sim\LHS800\train\BSMRDL\dut1005.s2p
train,BSMRDL,1006,skipped,C:\ffzhzh\SyncFiles\Temp\HFSS_sim\LHS800\train\BSMRDL\dut1006.s2p
train,BSMRDL,1007,skipped,C:\ffzhzh\SyncFiles\Temp\HFSS_sim\LHS800\train\BSMRDL\dut1007.s2p
train,BSMRDL,1008,skipped,C:\ffzhzh\SyncFiles\Temp\HFSS_sim\LHS800\train\BSMRDL\dut1008.s2p
train,BSMRDL,1009,skipped,C:\ffzhzh\SyncFiles\Temp\HFSS_sim\LHS800\train\BSMRDL\dut1009.s2p
train,BSMRDL,1010,skipped,C:\ffzhzh\SyncFiles\Temp\HFSS_sim\LHS800\train\BSMRDL\dut1010.s2p
train,BSMRDL,1011,skipped,C:\ffzhzh\SyncFiles\Temp\HFSS_sim\LHS800\train\BSMRDL\dut1011.s2p
train,BSMRDL,1012,skipped,C:\ffzhzh\SyncFiles\Temp\HFSS_sim\LHS800\train\BSMRDL\dut1012.s2p
train,BSMRDL,1013,skipped,C:\ffzhzh\SyncFiles\Temp\HFSS_sim\LHS800\train\BSMRDL\dut1013.s2p
train,BSMRDL,1014,skipped,C:\ffzhzh\SyncFiles\Temp\HFSS_sim\LHS800\train\BSMRDL\dut1014.s2p
train,BSMRDL,1015,skipped,C:\ffzhzh\SyncFiles\Temp\HFSS_sim\LHS800\train\BSMRDL\dut1015.s2p
train,BSMRDL,1016,skipped,C:\ffzhzh\SyncFiles\Temp\HFSS_sim\LHS800\train\BSMRDL\dut1016.s2p
train,BSMRDL,1017,skipped,C:\ffzhzh\SyncFiles\Temp\HFSS_sim\LHS800\train\BSMRDL\dut1017.s2p
train,BSMRDL,1018,skipped,C:\ffzhzh\SyncFiles\Temp\HFSS_sim\LHS800\train\BSMRDL\dut1018.s2p
train,BSMRDL,1019,skipped,C:\ffzhzh\SyncFiles\Temp\HFSS_sim\LHS800\train\BSMRDL\dut1019.s2p
train,BSMRDL,1020,skipped,C:\ffzhzh\SyncFiles\Temp\HFSS_sim\LHS800\train\BSMRDL\dut1020.s2p
train,BSMRDL,1021,skipped,C:\ffzhzh\SyncFiles\Temp\HFSS_sim\LHS800\train\BSMRDL\dut1021.s2p
train,BSMRDL,1022,skipped,C:\ffzhzh\SyncFiles\Temp\HFSS_sim\LHS800\train\BSMRDL\dut1022.s2p
train,BSMRDL,1023,skipped,C:\ffzhzh\SyncFiles\Temp\HFSS_sim\LHS800\train\BSMRDL\dut1023.s2p
train,BSMRDL,1024,skipped,C:\ffzhzh\SyncFiles\Temp\HFSS_sim\LHS800\train\BSMRDL\dut1024.s2p
train,BSMRDL,1025,skipped,C:\ffzhzh\SyncFiles\Temp\HFSS_sim\LHS800\train\BSMRDL\dut1025.s2p
train,BSMRDL,1026,skipped,C:\ffzhzh\SyncFiles\Temp\HFSS_sim\LHS800\train\BSMRDL\dut1026.s2p
train,BSMRDL,1027,skipped,C:\ffzhzh\SyncFiles\Temp\HFSS_sim\LHS800\train\BSMRDL\dut1027.s2p
train,BSMRDL,1028,skipped,C:\ffzhzh\SyncFiles\Temp\HFSS_sim\LHS800\train\BSMRDL\dut1028.s2p
train,BSMRDL,1029,skipped,C:\ffzhzh\SyncFiles\Temp\HFSS_sim\LHS800\train\BSMRDL\dut1029.s2p
train,BSMRDL,1030,skipped,C:\ffzhzh\SyncFiles\Temp\HFSS_sim\LHS800\train\BSMRDL\dut1030.s2p
train,BSMRDL,1031,skipped,C:\ffzhzh\SyncFiles\Temp\HFSS_sim\LHS800\train\BSMRDL\dut1031.s2p
train,BSMRDL,1032,skipped,C:\ffzhzh\SyncFiles\Temp\HFSS_sim\LHS800\train\BSMRDL\dut1032.s2p
train,BSMRDL,1033,skipped,C:\ffzhzh\SyncFiles\Temp\HFSS_sim\LHS800\train\BSMRDL\dut1033.s2p
train,BSMRDL,1034,skipped,C:\ffzhzh\SyncFiles\Temp\HFSS_sim\LHS800\train\BSMRDL\dut1034.s2p
train,BSMRDL,1035,skipped,C:\ffzhzh\SyncFiles\Temp\HFSS_sim\LHS800\train\BSMRDL\dut1035.s2p
train,BSMRDL,1036,skipped,C:\ffzhzh\SyncFiles\Temp\HFSS_sim\LHS800\train\BSMRDL\dut1036.s2p
train,BSMRDL,1037,skipped,C:\ffzhzh\SyncFiles\Temp\HFSS_sim\LHS800\train\BSMRDL\dut1037.s2p
train,BSMRDL,1038,skipped,C:\ffzhzh\SyncFiles\Temp\HFSS_sim\LHS800\train\BSMRDL\dut1038.s2p
train,BSMRDL,1039,skipped,C:\ffzhzh\SyncFiles\Temp\HFSS_sim\LHS800\train\BSMRDL\dut1039.s2p
train,BSMRDL,1040,skipped,C:\ffzhzh\SyncFiles\Temp\HFSS_sim\LHS800\train\BSMRDL\dut1040.s2p
train,BSMRDL,1041,skipped,C:\ffzhzh\SyncFiles\Temp\HFSS_sim\LHS800\train\BSMRDL\dut1041.s2p
train,BSMRDL,1042,skipped,C:\ffzhzh\SyncFiles\Temp\HFSS_sim\LHS800\train\BSMRDL\dut1042.s2p
train,BSMRDL,1043,skipped,C:\ffzhzh\SyncFiles\Temp\HFSS_sim\LHS800\train\BSMRDL\dut1043.s2p
train,BSMRDL,1044,skipped,C:\ffzhzh\SyncFiles\Temp\HFSS_sim\LHS800\train\BSMRDL\dut1044.s2p
train,BSMRDL,1045,skipped,C:\ffzhzh\SyncFiles\Temp\HFSS_sim\LHS800\train\BSMRDL\dut1045.s2p
train,BSMRDL,1046,skipped,C:\ffzhzh\SyncFiles\Temp\HFSS_sim\LHS800\train\BSMRDL\dut1046.s2p
train,BSMRDL,1047,skipped,C:\ffzhzh\SyncFiles\Temp\HFSS_sim\LHS800\train\BSMRDL\dut1047.s2p
train,BSMRDL,1048,skipped,C:\ffzhzh\SyncFiles\Temp\HFSS_sim\LHS800\train\BSMRDL\dut1048.s2p
train,BSMRDL,1049,skipped,C:\ffzhzh\SyncFiles\Temp\HFSS_sim\LHS800\train\BSMRDL\dut1049.s2p
train,BSMRDL,1050,skipped,C:\ffzhzh\SyncFiles\Temp\HFSS_sim\LHS800\train\BSMRDL\dut1050.s2p
train,BSMRDL,1051,skipped,C:\ffzhzh\SyncFiles\Temp\HFSS_sim\LHS800\train\BSMRDL\dut1051.s2p
train,BSMRDL,1052,skipped,C:\ffzhzh\SyncFiles\Temp\HFSS_sim\LHS800\train\BSMRDL\dut1052.s2p
train,BSMRDL,1053,skipped,C:\ffzhzh\SyncFiles\Temp\HFSS_sim\LHS800\train\BSMRDL\dut1053.s2p
train,BSMRDL,1054,skipped,C:\ffzhzh\SyncFiles\Temp\HFSS_sim\LHS800\train\BSMRDL\dut1054.s2p
train,BSMRDL,1055,skipped,C:\ffzhzh\SyncFiles\Temp\HFSS_sim\LHS800\train\BSMRDL\dut1055.s2p
train,BSMRDL,1056,skipped,C:\ffzhzh\SyncFiles\Temp\HFSS_sim\LHS800\train\BSMRDL\dut1056.s2p
train,BSMRDL,1057,skipped,C:\ffzhzh\SyncFiles\Temp\HFSS_sim\LHS800\train\BSMRDL\dut1057.s2p
train,BSMRDL,1058,skipped,C:\ffzhzh\SyncFiles\Temp\HFSS_sim\LHS800\train\BSMRDL\dut1058.s2p
train,BSMRDL,1059,skipped,C:\ffzhzh\SyncFiles\Temp\HFSS_sim\LHS800\train\BSMRDL\dut1059.s2p
train,BSMRDL,1060,skipped,C:\ffzhzh\SyncFiles\Temp\HFSS_sim\LHS800\train\BSMRDL\dut1060.s2p
train,BSMRDL,1061,skipped,C:\ffzhzh\SyncFiles\Temp\HFSS_sim\LHS800\train\BSMRDL\dut1061.s2p
train,BSMRDL,1062,skipped,C:\ffzhzh\SyncFiles\Temp\HFSS_sim\LHS800\train\BSMRDL\dut1062.s2p
train,BSMRDL,1063,skipped,C:\ffzhzh\SyncFiles\Temp\HFSS_sim\LHS800\train\BSMRDL\dut1063.s2p
train,BSMRDL,1064,skipped,C:\ffzhzh\SyncFiles\Temp\HFSS_sim\LHS800\train\BSMRDL\dut1064.s2p
train,BSMRDL,1065,skipped,C:\ffzhzh\SyncFiles\Temp\HFSS_sim\LHS800\train\BSMRDL\dut1065.s2p
train,BSMRDL,1066,skipped,C:\ffzhzh\SyncFiles\Temp\HFSS_sim\LHS800\train\BSMRDL\dut1066.s2p
train,BSMRDL,1067,skipped,C:\ffzhzh\SyncFiles\Temp\HFSS_sim\LHS800\train\BSMRDL\dut1067.s2p
train,BSMRDL,1068,skipped,C:\ffzhzh\SyncFiles\Temp\HFSS_sim\LHS800\train\BSMRDL\dut1068.s2p
train,BSMRDL,1069,skipped,C:\ffzhzh\SyncFiles\Temp\HFSS_sim\LHS800\train\BSMRDL\dut1069.s2p
train,BSMRDL,1070,skipped,C:\ffzhzh\SyncFiles\Temp\HFSS_sim\LHS800\train\BSMRDL\dut1070.s2p
train,BSMRDL,1071,skipped,C:\ffzhzh\SyncFiles\Temp\HFSS_sim\LHS800\train\BSMRDL\dut1071.s2p
train,BSMRDL,1072,skipped,C:\ffzhzh\SyncFiles\Temp\HFSS_sim\LHS800\train\BSMRDL\dut1072.s2p
train,BSMRDL,1073,skipped,C:\ffzhzh\SyncFiles\Temp\HFSS_sim\LHS800\train\BSMRDL\dut1073.s2p
train,BSMRDL,1074,skipped,C:\ffzhzh\SyncFiles\Temp\HFSS_sim\LHS800\train\BSMRDL\dut1074.s2p
train,BSMRDL,1075,skipped,C:\ffzhzh\SyncFiles\Temp\HFSS_sim\LHS800\train\BSMRDL\dut1075.s2p
train,BSMRDL,1076,skipped,C:\ffzhzh\SyncFiles\Temp\HFSS_sim\LHS800\train\BSMRDL\dut1076.s2p
train,BSMRDL,1077,skipped,C:\ffzhzh\SyncFiles\Temp\HFSS_sim\LHS800\train\BSMRDL\dut1077.s2p
train,BSMRDL,1078,skipped,C:\ffzhzh\SyncFiles\Temp\HFSS_sim\LHS800\train\BSMRDL\dut1078.s2p
train,BSMRDL,1079,skipped,C:\ffzhzh\SyncFiles\Temp\HFSS_sim\LHS800\train\BSMRDL\dut1079.s2p
train,BSMRDL,1080,skipped,C:\ffzhzh\SyncFiles\Temp\HFSS_sim\LHS800\train\BSMRDL\dut1080.s2p
train,BSMRDL,1081,skipped,C:\ffzhzh\SyncFiles\Temp\HFSS_sim\LHS800\train\BSMRDL\dut1081.s2p
train,BSMRDL,1082,skipped,C:\ffzhzh\SyncFiles\Temp\HFSS_sim\LHS800\train\BSMRDL\dut1082.s2p
train,BSMRDL,1083,skipped,C:\ffzhzh\SyncFiles\Temp\HFSS_sim\LHS800\train\BSMRDL\dut1083.s2p
train,BSMRDL,1084,skipped,C:\ffzhzh\SyncFiles\Temp\HFSS_sim\LHS800\train\BSMRDL\dut1084.s2p
train,BSMRDL,1085,skipped,C:\ffzhzh\SyncFiles\Temp\HFSS_sim\LHS800\train\BSMRDL\dut1085.s2p
train,BSMRDL,1086,skipped,C:\ffzhzh\SyncFiles\Temp\HFSS_sim\LHS800\train\BSMRDL\dut1086.s2p
train,BSMRDL,1087,skipped,C:\ffzhzh\SyncFiles\Temp\HFSS_sim\LHS800\train\BSMRDL\dut1087.s2p
train,BSMRDL,1088,skipped,C:\ffzhzh\SyncFiles\Temp\HFSS_sim\LHS800\train\BSMRDL\dut1088.s2p
train,BSMRDL,1089,skipped,C:\ffzhzh\SyncFiles\Temp\HFSS_sim\LHS800\train\BSMRDL\dut1089.s2p
train,BSMRDL,1090,skipped,C:\ffzhzh\SyncFiles\Temp\HFSS_sim\LHS800\train\BSMRDL\dut1090.s2p
train,BSMRDL,1091,skipped,C:\ffzhzh\SyncFiles\Temp\HFSS_sim\LHS800\train\BSMRDL\dut1091.s2p
train,BSMRDL,1092,skipped,C:\ffzhzh\SyncFiles\Temp\HFSS_sim\LHS800\train\BSMRDL\dut1092.s2p
train,BSMRDL,1093,skipped,C:\ffzhzh\SyncFiles\Temp\HFSS_sim\LHS800\train\BSMRDL\dut1093.s2p
train,BSMRDL,1094,skipped,C:\ffzhzh\SyncFiles\Temp\HFSS_sim\LHS800\train\BSMRDL\dut1094.s2p
train,BSMRDL,1095,skipped,C:\ffzhzh\SyncFiles\Temp\HFSS_sim\LHS800\train\BSMRDL\dut1095.s2p
train,BSMRDL,1096,skipped,C:\ffzhzh\SyncFiles\Temp\HFSS_sim\LHS800\train\BSMRDL\dut1096.s2p
train,BSMRDL,1097,skipped,C:\ffzhzh\SyncFiles\Temp\HFSS_sim\LHS800\train\BSMRDL\dut1097.s2p
train,BSMRDL,1098,skipped,C:\ffzhzh\SyncFiles\Temp\HFSS_sim\LHS800\train\BSMRDL\dut1098.s2p
train,BSMRDL,1099,skipped,C:\ffzhzh\SyncFiles\Temp\HFSS_sim\LHS800\train\BSMRDL\dut1099.s2p
train,BSMRDL,1100,skipped,C:\ffzhzh\SyncFiles\Temp\HFSS_sim\LHS800\train\BSMRDL\dut1100.s2p
train,BSMRDL,1101,skipped,C:\ffzhzh\SyncFiles\Temp\HFSS_sim\LHS800\train\BSMRDL\dut1101.s2p
train,BSMRDL,1102,skipped,C:\ffzhzh\SyncFiles\Temp\HFSS_sim\LHS800\train\BSMRDL\dut1102.s2p
train,BSMRDL,1103,skipped,C:\ffzhzh\SyncFiles\Temp\HFSS_sim\LHS800\train\BSMRDL\dut1103.s2p
train,BSMRDL,1104,skipped,C:\ffzhzh\SyncFiles\Temp\HFSS_sim\LHS800\train\BSMRDL\dut1104.s2p
train,BSMRDL,1105,skipped,C:\ffzhzh\SyncFiles\Temp\HFSS_sim\LHS800\train\BSMRDL\dut1105.s2p
train,BSMRDL,1106,skipped,C:\ffzhzh\SyncFiles\Temp\HFSS_sim\LHS800\train\BSMRDL\dut1106.s2p
train,BSMRDL,1107,skipped,C:\ffzhzh\SyncFiles\Temp\HFSS_sim\LHS800\train\BSMRDL\dut1107.s2p
train,BSMRDL,1108,skipped,C:\ffzhzh\SyncFiles\Temp\HFSS_sim\LHS800\train\BSMRDL\dut1108.s2p
train,BSMRDL,1109,skipped,C:\ffzhzh\SyncFiles\Temp\HFSS_sim\LHS800\train\BSMRDL\dut1109.s2p
train,BSMRDL,1110,skipped,C:\ffzhzh\SyncFiles\Temp\HFSS_sim\LHS800\train\BSMRDL\dut1110.s2p
train,BSMRDL,1111,skipped,C:\ffzhzh\SyncFiles\Temp\HFSS_sim\LHS800\train\BSMRDL\dut1111.s2p
train,BSMRDL,1112,skipped,C:\ffzhzh\SyncFiles\Temp\HFSS_sim\LHS800\train\BSMRDL\dut1112.s2p
train,BSMRDL,1113,skipped,C:\ffzhzh\SyncFiles\Temp\HFSS_sim\LHS800\train\BSMRDL\dut1113.s2p
train,BSMRDL,1114,skipped,C:\ffzhzh\SyncFiles\Temp\HFSS_sim\LHS800\train\BSMRDL\dut1114.s2p
train,BSMRDL,1115,skipped,C:\ffzhzh\SyncFiles\Temp\HFSS_sim\LHS800\train\BSMRDL\dut1115.s2p
train,BSMRDL,1116,skipped,C:\ffzhzh\SyncFiles\Temp\HFSS_sim\LHS800\train\BSMRDL\dut1116.s2p
train,BSMRDL,1117,skipped,C:\ffzhzh\SyncFiles\Temp\HFSS_sim\LHS800\train\BSMRDL\dut1117.s2p
train,BSMRDL,1118,skipped,C:\ffzhzh\SyncFiles\Temp\HFSS_sim\LHS800\train\BSMRDL\dut1118.s2p
train,BSMRDL,1119,skipped,C:\ffzhzh\SyncFiles\Temp\HFSS_sim\LHS800\train\BSMRDL\dut1119.s2p
train,BSMRDL,1120,skipped,C:\ffzhzh\SyncFiles\Temp\HFSS_sim\LHS800\train\BSMRDL\dut1120.s2p
train,BSMRDL,1121,skipped,C:\ffzhzh\SyncFiles\Temp\HFSS_sim\LHS800\train\BSMRDL\dut1121.s2p
train,BSMRDL,1122,skipped,C:\ffzhzh\SyncFiles\Temp\HFSS_sim\LHS800\train\BSMRDL\dut1122.s2p
train,BSMRDL,1123,skipped,C:\ffzhzh\SyncFiles\Temp\HFSS_sim\LHS800\train\BSMRDL\dut1123.s2p
train,BSMRDL,1124,skipped,C:\ffzhzh\SyncFiles\Temp\HFSS_sim\LHS800\train\BSMRDL\dut1124.s2p
train,BSMRDL,1125,skipped,C:\ffzhzh\SyncFiles\Temp\HFSS_sim\LHS800\train\BSMRDL\dut1125.s2p
train,BSMRDL,1126,skipped,C:\ffzhzh\SyncFiles\Temp\HFSS_sim\LHS800\train\BSMRDL\dut1126.s2p
train,BSMRDL,1127,skipped,C:\ffzhzh\SyncFiles\Temp\HFSS_sim\LHS800\train\BSMRDL\dut1127.s2p
train,BSMRDL,1128,skipped,C:\ffzhzh\SyncFiles\Temp\HFSS_sim\LHS800\train\BSMRDL\dut1128.s2p
train,BSMRDL,1129,skipped,C:\ffzhzh\SyncFiles\Temp\HFSS_sim\LHS800\train\BSMRDL\dut1129.s2p
train,BSMRDL,1130,skipped,C:\ffzhzh\SyncFiles\Temp\HFSS_sim\LHS800\train\BSMRDL\dut1130.s2p
train,BSMRDL,1131,skipped,C:\ffzhzh\SyncFiles\Temp\HFSS_sim\LHS800\train\BSMRDL\dut1131.s2p
train,BSMRDL,1132,skipped,C:\ffzhzh\SyncFiles\Temp\HFSS_sim\LHS800\train\BSMRDL\dut1132.s2p
train,BSMRDL,1133,skipped,C:\ffzhzh\SyncFiles\Temp\HFSS_sim\LHS800\train\BSMRDL\dut1133.s2p
train,BSMRDL,1134,skipped,C:\ffzhzh\SyncFiles\Temp\HFSS_sim\LHS800\train\BSMRDL\dut1134.s2p
train,BSMRDL,1135,skipped,C:\ffzhzh\SyncFiles\Temp\HFSS_sim\LHS800\train\BSMRDL\dut1135.s2p
train,BSMRDL,1136,skipped,C:\ffzhzh\SyncFiles\Temp\HFSS_sim\LHS800\train\BSMRDL\dut1136.s2p
train,BSMRDL,1137,skipped,C:\ffzhzh\SyncFiles\Temp\HFSS_sim\LHS800\train\BSMRDL\dut1137.s2p
train,BSMRDL,1138,skipped,C:\ffzhzh\SyncFiles\Temp\HFSS_sim\LHS800\train\BSMRDL\dut1138.s2p
train,BSMRDL,1139,skipped,C:\ffzhzh\SyncFiles\Temp\HFSS_sim\LHS800\train\BSMRDL\dut1139.s2p
train,BSMRDL,1140,skipped,C:\ffzhzh\SyncFiles\Temp\HFSS_sim\LHS800\train\BSMRDL\dut1140.s2p
train,BSMRDL,1141,skipped,C:\ffzhzh\SyncFiles\Temp\HFSS_sim\LHS800\train\BSMRDL\dut1141.s2p
train,BSMRDL,1142,skipped,C:\ffzhzh\SyncFiles\Temp\HFSS_sim\LHS800\train\BSMRDL\dut1142.s2p
train,BSMRDL,1143,skipped,C:\ffzhzh\SyncFiles\Temp\HFSS_sim\LHS800\train\BSMRDL\dut1143.s2p
train,BSMRDL,1144,skipped,C:\ffzhzh\SyncFiles\Temp\HFSS_sim\LHS800\train\BSMRDL\dut1144.s2p
train,BSMRDL,1145,skipped,C:\ffzhzh\SyncFiles\Temp\HFSS_sim\LHS800\train\BSMRDL\dut1145.s2p
train,BSMRDL,1146,skipped,C:\ffzhzh\SyncFiles\Temp\HFSS_sim\LHS800\train\BSMRDL\dut1146.s2p
train,BSMRDL,1147,skipped,C:\ffzhzh\SyncFiles\Temp\HFSS_sim\LHS800\train\BSMRDL\dut1147.s2p
train,BSMRDL,1148,skipped,C:\ffzhzh\SyncFiles\Temp\HFSS_sim\LHS800\train\BSMRDL\dut1148.s2p
train,BSMRDL,1149,skipped,C:\ffzhzh\SyncFiles\Temp\HFSS_sim\LHS800\train\BSMRDL\dut1149.s2p
train,BSMRDL,1150,skipped,C:\ffzhzh\SyncFiles\Temp\HFSS_sim\LHS800\train\BSMRDL\dut1150.s2p
train,BSMRDL,1151,skipped,C:\ffzhzh\SyncFiles\Temp\HFSS_sim\LHS800\train\BSMRDL\dut1151.s2p
train,BSMRDL,1152,skipped,C:\ffzhzh\SyncFiles\Temp\HFSS_sim\LHS800\train\BSMRDL\dut1152.s2p
train,BSMRDL,1153,skipped,C:\ffzhzh\SyncFiles\Temp\HFSS_sim\LHS800\train\BSMRDL\dut1153.s2p
train,BSMRDL,1154,skipped,C:\ffzhzh\SyncFiles\Temp\HFSS_sim\LHS800\train\BSMRDL\dut1154.s2p
train,BSMRDL,1155,skipped,C:\ffzhzh\SyncFiles\Temp\HFSS_sim\LHS800\train\BSMRDL\dut1155.s2p
train,BSMRDL,1156,skipped,C:\ffzhzh\SyncFiles\Temp\HFSS_sim\LHS800\train\BSMRDL\dut1156.s2p
train,BSMRDL,1157,skipped,C:\ffzhzh\SyncFiles\Temp\HFSS_sim\LHS800\train\BSMRDL\dut1157.s2p
train,BSMRDL,1158,skipped,C:\ffzhzh\SyncFiles\Temp\HFSS_sim\LHS800\train\BSMRDL\dut1158.s2p
train,BSMRDL,1159,skipped,C:\ffzhzh\SyncFiles\Temp\HFSS_sim\LHS800\train\BSMRDL\dut1159.s2p
train,BSMRDL,1160,skipped,C:\ffzhzh\SyncFiles\Temp\HFSS_sim\LHS800\train\BSMRDL\dut1160.s2p
train,BSMRDL,1161,skipped,C:\ffzhzh\SyncFiles\Temp\HFSS_sim\LHS800\train\BSMRDL\dut1161.s2p
train,BSMRDL,1162,skipped,C:\ffzhzh\SyncFiles\Temp\HFSS_sim\LHS800\train\BSMRDL\dut1162.s2p
train,BSMRDL,1163,skipped,C:\ffzhzh\SyncFiles\Temp\HFSS_sim\LHS800\train\BSMRDL\dut1163.s2p
train,BSMRDL,1164,skipped,C:\ffzhzh\SyncFiles\Temp\HFSS_sim\LHS800\train\BSMRDL\dut1164.s2p
train,BSMRDL,1165,skipped,C:\ffzhzh\SyncFiles\Temp\HFSS_sim\LHS800\train\BSMRDL\dut1165.s2p
train,BSMRDL,1166,skipped,C:\ffzhzh\SyncFiles\Temp\HFSS_sim\LHS800\train\BSMRDL\dut1166.s2p
train,BSMRDL,1167,skipped,C:\ffzhzh\SyncFiles\Temp\HFSS_sim\LHS800\train\BSMRDL\dut1167.s2p
train,BSMRDL,1168,skipped,C:\ffzhzh\SyncFiles\Temp\HFSS_sim\LHS800\train\BSMRDL\dut1168.s2p
train,BSMRDL,1169,skipped,C:\ffzhzh\SyncFiles\Temp\HFSS_sim\LHS800\train\BSMRDL\dut1169.s2p
train,BSMRDL,1170,skipped,C:\ffzhzh\SyncFiles\Temp\HFSS_sim\LHS800\train\BSMRDL\dut1170.s2p
train,BSMRDL,1171,skipped,C:\ffzhzh\SyncFiles\Temp\HFSS_sim\LHS800\train\BSMRDL\dut1171.s2p
train,BSMRDL,1172,skipped,C:\ffzhzh\SyncFiles\Temp\HFSS_sim\LHS800\train\BSMRDL\dut1172.s2p
train,BSMRDL,1173,skipped,C:\ffzhzh\SyncFiles\Temp\HFSS_sim\LHS800\train\BSMRDL\dut1173.s2p
train,BSMRDL,1174,skipped,C:\ffzhzh\SyncFiles\Temp\HFSS_sim\LHS800\train\BSMRDL\dut1174.s2p
train,BSMRDL,1175,skipped,C:\ffzhzh\SyncFiles\Temp\HFSS_sim\LHS800\train\BSMRDL\dut1175.s2p
train,BSMRDL,1176,skipped,C:\ffzhzh\SyncFiles\Temp\HFSS_sim\LHS800\train\BSMRDL\dut1176.s2p
train,BSMRDL,1177,skipped,C:\ffzhzh\SyncFiles\Temp\HFSS_sim\LHS800\train\BSMRDL\dut1177.s2p
train,BSMRDL,1178,skipped,C:\ffzhzh\SyncFiles\Temp\HFSS_sim\LHS800\train\BSMRDL\dut1178.s2p
train,BSMRDL,1179,skipped,C:\ffzhzh\SyncFiles\Temp\HFSS_sim\LHS800\train\BSMRDL\dut1179.s2p
train,BSMRDL,1180,skipped,C:\ffzhzh\SyncFiles\Temp\HFSS_sim\LHS800\train\BSMRDL\dut1180.s2p
train,BSMRDL,1181,skipped,C:\ffzhzh\SyncFiles\Temp\HFSS_sim\LHS800\train\BSMRDL\dut1181.s2p
train,BSMRDL,1182,skipped,C:\ffzhzh\SyncFiles\Temp\HFSS_sim\LHS800\train\BSMRDL\dut1182.s2p
train,BSMRDL,1183,skipped,C:\ffzhzh\SyncFiles\Temp\HFSS_sim\LHS800\train\BSMRDL\dut1183.s2p
train,BSMRDL,1184,skipped,C:\ffzhzh\SyncFiles\Temp\HFSS_sim\LHS800\train\BSMRDL\dut1184.s2p
train,BSMRDL,1185,skipped,C:\ffzhzh\SyncFiles\Temp\HFSS_sim\LHS800\train\BSMRDL\dut1185.s2p
train,BSMRDL,1186,skipped,C:\ffzhzh\SyncFiles\Temp\HFSS_sim\LHS800\train\BSMRDL\dut1186.s2p
train,BSMRDL,1187,skipped,C:\ffzhzh\SyncFiles\Temp\HFSS_sim\LHS800\train\BSMRDL\dut1187.s2p
train,BSMRDL,1188,skipped,C:\ffzhzh\SyncFiles\Temp\HFSS_sim\LHS800\train\BSMRDL\dut1188.s2p
train,BSMRDL,1189,skipped,C:\ffzhzh\SyncFiles\Temp\HFSS_sim\LHS800\train\BSMRDL\dut1189.s2p
train,BSMRDL,1190,skipped,C:\ffzhzh\SyncFiles\Temp\HFSS_sim\LHS800\train\BSMRDL\dut1190.s2p
train,BSMRDL,1191,skipped,C:\ffzhzh\SyncFiles\Temp\HFSS_sim\LHS800\train\BSMRDL\dut1191.s2p
train,BSMRDL,1192,skipped,C:\ffzhzh\SyncFiles\Temp\HFSS_sim\LHS800\train\BSMRDL\dut1192.s2p
train,BSMRDL,1193,skipped,C:\ffzhzh\SyncFiles\Temp\HFSS_sim\LHS800\train\BSMRDL\dut1193.s2p
train,BSMRDL,1194,skipped,C:\ffzhzh\SyncFiles\Temp\HFSS_sim\LHS800\train\BSMRDL\dut1194.s2p
train,BSMRDL,1195,skipped,C:\ffzhzh\SyncFiles\Temp\HFSS_sim\LHS800\train\BSMRDL\dut1195.s2p
train,BSMRDL,1196,skipped,C:\ffzhzh\SyncFiles\Temp\HFSS_sim\LHS800\train\BSMRDL\dut1196.s2p
train,BSMRDL,1197,skipped,C:\ffzhzh\SyncFiles\Temp\HFSS_sim\LHS800\train\BSMRDL\dut1197.s2p
train,BSMRDL,1198,skipped,C:\ffzhzh\SyncFiles\Temp\HFSS_sim\LHS800\train\BSMRDL\dut1198.s2p
train,BSMRDL,1199,skipped,C:\ffzhzh\SyncFiles\Temp\HFSS_sim\LHS800\train\BSMRDL\dut1199.s2p
train,BSMRDL,1200,skipped,C:\ffzhzh\SyncFiles\Temp\HFSS_sim\LHS800\train\BSMRDL\dut1200.s2p
train,BSMRDL,1201,skipped,C:\ffzhzh\SyncFiles\Temp\HFSS_sim\LHS800\train\BSMRDL\dut1201.s2p
train,BSMRDL,1202,skipped,C:\ffzhzh\SyncFiles\Temp\HFSS_sim\LHS800\train\BSMRDL\dut1202.s2p
train,BSMRDL,1203,skipped,C:\ffzhzh\SyncFiles\Temp\HFSS_sim\LHS800\train\BSMRDL\dut1203.s2p
train,BSMRDL,1204,skipped,C:\ffzhzh\SyncFiles\Temp\HFSS_sim\LHS800\train\BSMRDL\dut1204.s2p
train,BSMRDL,1205,skipped,C:\ffzhzh\SyncFiles\Temp\HFSS_sim\LHS800\train\BSMRDL\dut1205.s2p
train,BSMRDL,1206,skipped,C:\ffzhzh\SyncFiles\Temp\HFSS_sim\LHS800\train\BSMRDL\dut1206.s2p
train,BSMRDL,1207,skipped,C:\ffzhzh\SyncFiles\Temp\HFSS_sim\LHS800\train\BSMRDL\dut1207.s2p
train,BSMRDL,1208,skipped,C:\ffzhzh\SyncFiles\Temp\HFSS_sim\LHS800\train\BSMRDL\dut1208.s2p
train,BSMRDL,1209,skipped,C:\ffzhzh\SyncFiles\Temp\HFSS_sim\LHS800\train\BSMRDL\dut1209.s2p
train,BSMRDL,1210,skipped,C:\ffzhzh\SyncFiles\Temp\HFSS_sim\LHS800\train\BSMRDL\dut1210.s2p
train,BSMRDL,1211,skipped,C:\ffzhzh\SyncFiles\Temp\HFSS_sim\LHS800\train\BSMRDL\dut1211.s2p
train,BSMRDL,1212,skipped,C:\ffzhzh\SyncFiles\Temp\HFSS_sim\LHS800\train\BSMRDL\dut1212.s2p
train,BSMRDL,1213,skipped,C:\ffzhzh\SyncFiles\Temp\HFSS_sim\LHS800\train\BSMRDL\dut1213.s2p
train,BSMRDL,1214,skipped,C:\ffzhzh\SyncFiles\Temp\HFSS_sim\LHS800\train\BSMRDL\dut1214.s2p
train,BSMRDL,1215,skipped,C:\ffzhzh\SyncFiles\Temp\HFSS_sim\LHS800\train\BSMRDL\dut1215.s2p
train,BSMRDL,1216,skipped,C:\ffzhzh\SyncFiles\Temp\HFSS_sim\LHS800\train\BSMRDL\dut1216.s2p
train,BSMRDL,1217,skipped,C:\ffzhzh\SyncFiles\Temp\HFSS_sim\LHS800\train\BSMRDL\dut1217.s2p
train,BSMRDL,1218,skipped,C:\ffzhzh\SyncFiles\Temp\HFSS_sim\LHS800\train\BSMRDL\dut1218.s2p
train,BSMRDL,1219,skipped,C:\ffzhzh\SyncFiles\Temp\HFSS_sim\LHS800\train\BSMRDL\dut1219.s2p
train,BSMRDL,1220,skipped,C:\ffzhzh\SyncFiles\Temp\HFSS_sim\LHS800\train\BSMRDL\dut1220.s2p
train,BSMRDL,1221,skipped,C:\ffzhzh\SyncFiles\Temp\HFSS_sim\LHS800\train\BSMRDL\dut1221.s2p
train,BSMRDL,1222,skipped,C:\ffzhzh\SyncFiles\Temp\HFSS_sim\LHS800\train\BSMRDL\dut1222.s2p
train,BSMRDL,1223,skipped,C:\ffzhzh\SyncFiles\Temp\HFSS_sim\LHS800\train\BSMRDL\dut1223.s2p
train,BSMRDL,1224,skipped,C:\ffzhzh\SyncFiles\Temp\HFSS_sim\LHS800\train\BSMRDL\dut1224.s2p
train,BSMRDL,1225,skipped,C:\ffzhzh\SyncFiles\Temp\HFSS_sim\LHS800\train\BSMRDL\dut1225.s2p
train,BSMRDL,1226,skipped,C:\ffzhzh\SyncFiles\Temp\HFSS_sim\LHS800\train\BSMRDL\dut1226.s2p
train,BSMRDL,1227,skipped,C:\ffzhzh\SyncFiles\Temp\HFSS_sim\LHS800\train\BSMRDL\dut1227.s2p
train,BSMRDL,1228,skipped,C:\ffzhzh\SyncFiles\Temp\HFSS_sim\LHS800\train\BSMRDL\dut1228.s2p
train,BSMRDL,1229,skipped,C:\ffzhzh\SyncFiles\Temp\HFSS_sim\LHS800\train\BSMRDL\dut1229.s2p
train,BSMRDL,1230,skipped,C:\ffzhzh\SyncFiles\Temp\HFSS_sim\LHS800\train\BSMRDL\dut1230.s2p
train,BSMRDL,1231,skipped,C:\ffzhzh\SyncFiles\Temp\HFSS_sim\LHS800\train\BSMRDL\dut1231.s2p
train,BSMRDL,1232,skipped,C:\ffzhzh\SyncFiles\Temp\HFSS_sim\LHS800\train\BSMRDL\dut1232.s2p
train,BSMRDL,1233,skipped,C:\ffzhzh\SyncFiles\Temp\HFSS_sim\LHS800\train\BSMRDL\dut1233.s2p
train,BSMRDL,1234,skipped,C:\ffzhzh\SyncFiles\Temp\HFSS_sim\LHS800\train\BSMRDL\dut1234.s2p
train,BSMRDL,1235,skipped,C:\ffzhzh\SyncFiles\Temp\HFSS_sim\LHS800\train\BSMRDL\dut1235.s2p
train,BSMRDL,1236,skipped,C:\ffzhzh\SyncFiles\Temp\HFSS_sim\LHS800\train\BSMRDL\dut1236.s2p
train,BSMRDL,1237,skipped,C:\ffzhzh\SyncFiles\Temp\HFSS_sim\LHS800\train\BSMRDL\dut1237.s2p
train,BSMRDL,1238,skipped,C:\ffzhzh\SyncFiles\Temp\HFSS_sim\LHS800\train\BSMRDL\dut1238.s2p
train,BSMRDL,1239,skipped,C:\ffzhzh\SyncFiles\Temp\HFSS_sim\LHS800\train\BSMRDL\dut1239.s2p
train,BSMRDL,1240,skipped,C:\ffzhzh\SyncFiles\Temp\HFSS_sim\LHS800\train\BSMRDL\dut1240.s2p
train,BSMRDL,1241,skipped,C:\ffzhzh\SyncFiles\Temp\HFSS_sim\LHS800\train\BSMRDL\dut1241.s2p
train,BSMRDL,1242,skipped,C:\ffzhzh\SyncFiles\Temp\HFSS_sim\LHS800\train\BSMRDL\dut1242.s2p
train,BSMRDL,1243,skipped,C:\ffzhzh\SyncFiles\Temp\HFSS_sim\LHS800\train\BSMRDL\dut1243.s2p
train,BSMRDL,1244,skipped,C:\ffzhzh\SyncFiles\Temp\HFSS_sim\LHS800\train\BSMRDL\dut1244.s2p
train,BSMRDL,1245,skipped,C:\ffzhzh\SyncFiles\Temp\HFSS_sim\LHS800\train\BSMRDL\dut1245.s2p
train,BSMRDL,1246,skipped,C:\ffzhzh\SyncFiles\Temp\HFSS_sim\LHS800\train\BSMRDL\dut1246.s2p
train,BSMRDL,1247,skipped,C:\ffzhzh\SyncFiles\Temp\HFSS_sim\LHS800\train\BSMRDL\dut1247.s2p
train,BSMRDL,1248,skipped,C:\ffzhzh\SyncFiles\Temp\HFSS_sim\LHS800\train\BSMRDL\dut1248.s2p
train,BSMRDL,1249,skipped,C:\ffzhzh\SyncFiles\Temp\HFSS_sim\LHS800\train\BSMRDL\dut1249.s2p
train,BSMRDL,1250,skipped,C:\ffzhzh\SyncFiles\Temp\HFSS_sim\LHS800\train\BSMRDL\dut1250.s2p
train,BSMRDL,1251,skipped,C:\ffzhzh\SyncFiles\Temp\HFSS_sim\LHS800\train\BSMRDL\dut1251.s2p
train,BSMRDL,1252,skipped,C:\ffzhzh\SyncFiles\Temp\HFSS_sim\LHS800\train\BSMRDL\dut1252.s2p
train,BSMRDL,1253,skipped,C:\ffzhzh\SyncFiles\Temp\HFSS_sim\LHS800\train\BSMRDL\dut1253.s2p
train,BSMRDL,1254,skipped,C:\ffzhzh\SyncFiles\Temp\HFSS_sim\LHS800\train\BSMRDL\dut1254.s2p
train,BSMRDL,1255,skipped,C:\ffzhzh\SyncFiles\Temp\HFSS_sim\LHS800\train\BSMRDL\dut1255.s2p
train,BSMRDL,1256,skipped,C:\ffzhzh\SyncFiles\Temp\HFSS_sim\LHS800\train\BSMRDL\dut1256.s2p
train,BSMRDL,1257,skipped,C:\ffzhzh\SyncFiles\Temp\HFSS_sim\LHS800\train\BSMRDL\dut1257.s2p
train,BSMRDL,1258,skipped,C:\ffzhzh\SyncFiles\Temp\HFSS_sim\LHS800\train\BSMRDL\dut1258.s2p
train,BSMRDL,1259,skipped,C:\ffzhzh\SyncFiles\Temp\HFSS_sim\LHS800\train\BSMRDL\dut1259.s2p
train,BSMRDL,1260,skipped,C:\ffzhzh\SyncFiles\Temp\HFSS_sim\LHS800\train\BSMRDL\dut1260.s2p
train,BSMRDL,1261,skipped,C:\ffzhzh\SyncFiles\Temp\HFSS_sim\LHS800\train\BSMRDL\dut1261.s2p
train,BSMRDL,1262,skipped,C:\ffzhzh\SyncFiles\Temp\HFSS_sim\LHS800\train\BSMRDL\dut1262.s2p
train,BSMRDL,1263,skipped,C:\ffzhzh\SyncFiles\Temp\HFSS_sim\LHS800\train\BSMRDL\dut1263.s2p
train,BSMRDL,1264,skipped,C:\ffzhzh\SyncFiles\Temp\HFSS_sim\LHS800\train\BSMRDL\dut1264.s2p
train,BSMRDL,1265,skipped,C:\ffzhzh\SyncFiles\Temp\HFSS_sim\LHS800\train\BSMRDL\dut1265.s2p
train,BSMRDL,1266,skipped,C:\ffzhzh\SyncFiles\Temp\HFSS_sim\LHS800\train\BSMRDL\dut1266.s2p
train,BSMRDL,1267,skipped,C:\ffzhzh\SyncFiles\Temp\HFSS_sim\LHS800\train\BSMRDL\dut1267.s2p
train,BSMRDL,1268,skipped,C:\ffzhzh\SyncFiles\Temp\HFSS_sim\LHS800\train\BSMRDL\dut1268.s2p
train,BSMRDL,1269,skipped,C:\ffzhzh\SyncFiles\Temp\HFSS_sim\LHS800\train\BSMRDL\dut1269.s2p
train,BSMRDL,1270,skipped,C:\ffzhzh\SyncFiles\Temp\HFSS_sim\LHS800\train\BSMRDL\dut1270.s2p
train,BSMRDL,1271,skipped,C:\ffzhzh\SyncFiles\Temp\HFSS_sim\LHS800\train\BSMRDL\dut1271.s2p
train,BSMRDL,1272,skipped,C:\ffzhzh\SyncFiles\Temp\HFSS_sim\LHS800\train\BSMRDL\dut1272.s2p
train,BSMRDL,1273,skipped,C:\ffzhzh\SyncFiles\Temp\HFSS_sim\LHS800\train\BSMRDL\dut1273.s2p
train,BSMRDL,1274,skipped,C:\ffzhzh\SyncFiles\Temp\HFSS_sim\LHS800\train\BSMRDL\dut1274.s2p
train,BSMRDL,1275,skipped,C:\ffzhzh\SyncFiles\Temp\HFSS_sim\LHS800\train\BSMRDL\dut1275.s2p
train,BSMRDL,1276,skipped,C:\ffzhzh\SyncFiles\Temp\HFSS_sim\LHS800\train\BSMRDL\dut1276.s2p
train,BSMRDL,1277,skipped,C:\ffzhzh\SyncFiles\Temp\HFSS_sim\LHS800\train\BSMRDL\dut1277.s2p
train,BSMRDL,1278,skipped,C:\ffzhzh\SyncFiles\Temp\HFSS_sim\LHS800\train\BSMRDL\dut1278.s2p
train,BSMRDL,1279,skipped,C:\ffzhzh\SyncFiles\Temp\HFSS_sim\LHS800\train\BSMRDL\dut1279.s2p
train,BSMRDL,1280,skipped,C:\ffzhzh\SyncFiles\Temp\HFSS_sim\LHS800\train\BSMRDL\dut1280.s2p
train,BSMRDL,1281,skipped,C:\ffzhzh\SyncFiles\Temp\HFSS_sim\LHS800\train\BSMRDL\dut1281.s2p
train,BSMRDL,1282,skipped,C:\ffzhzh\SyncFiles\Temp\HFSS_sim\LHS800\train\BSMRDL\dut1282.s2p
train,BSMRDL,1283,skipped,C:\ffzhzh\SyncFiles\Temp\HFSS_sim\LHS800\train\BSMRDL\dut1283.s2p
train,BSMRDL,1284,skipped,C:\ffzhzh\SyncFiles\Temp\HFSS_sim\LHS800\train\BSMRDL\dut1284.s2p
train,BSMRDL,1285,skipped,C:\ffzhzh\SyncFiles\Temp\HFSS_sim\LHS800\train\BSMRDL\dut1285.s2p
train,BSMRDL,1286,skipped,C:\ffzhzh\SyncFiles\Temp\HFSS_sim\LHS800\train\BSMRDL\dut1286.s2p
train,BSMRDL,1287,skipped,C:\ffzhzh\SyncFiles\Temp\HFSS_sim\LHS800\train\BSMRDL\dut1287.s2p
train,BSMRDL,1288,skipped,C:\ffzhzh\SyncFiles\Temp\HFSS_sim\LHS800\train\BSMRDL\dut1288.s2p
train,BSMRDL,1289,skipped,C:\ffzhzh\SyncFiles\Temp\HFSS_sim\LHS800\train\BSMRDL\dut1289.s2p
train,BSMRDL,1290,skipped,C:\ffzhzh\SyncFiles\Temp\HFSS_sim\LHS800\train\BSMRDL\dut1290.s2p
train,BSMRDL,1291,skipped,C:\ffzhzh\SyncFiles\Temp\HFSS_sim\LHS800\train\BSMRDL\dut1291.s2p
train,BSMRDL,1292,skipped,C:\ffzhzh\SyncFiles\Temp\HFSS_sim\LHS800\train\BSMRDL\dut1292.s2p
train,BSMRDL,1293,skipped,C:\ffzhzh\SyncFiles\Temp\HFSS_sim\LHS800\train\BSMRDL\dut1293.s2p
train,BSMRDL,1294,skipped,C:\ffzhzh\SyncFiles\Temp\HFSS_sim\LHS800\train\BSMRDL\dut1294.s2p
train,BSMRDL,1295,skipped,C:\ffzhzh\SyncFiles\Temp\HFSS_sim\LHS800\train\BSMRDL\dut1295.s2p
train,BSMRDL,1296,skipped,C:\ffzhzh\SyncFiles\Temp\HFSS_sim\LHS800\train\BSMRDL\dut1296.s2p
train,BSMRDL,1297,skipped,C:\ffzhzh\SyncFiles\Temp\HFSS_sim\LHS800\train\BSMRDL\dut1297.s2p
train,BSMRDL,1298,skipped,C:\ffzhzh\SyncFiles\Temp\HFSS_sim\LHS800\train\BSMRDL\dut1298.s2p
train,BSMRDL,1299,skipped,C:\ffzhzh\SyncFiles\Temp\HFSS_sim\LHS800\train\BSMRDL\dut1299.s2p
train,BSMRDL,1300,skipped,C:\ffzhzh\SyncFiles\Temp\HFSS_sim\LHS800\train\BSMRDL\dut1300.s2p
train,BSMRDL,1301,skipped,C:\ffzhzh\SyncFiles\Temp\HFSS_sim\LHS800\train\BSMRDL\dut1301.s2p
train,BSMRDL,1302,skipped,C:\ffzhzh\SyncFiles\Temp\HFSS_sim\LHS800\train\BSMRDL\dut1302.s2p
train,BSMRDL,1303,skipped,C:\ffzhzh\SyncFiles\Temp\HFSS_sim\LHS800\train\BSMRDL\dut1303.s2p
train,BSMRDL,1304,skipped,C:\ffzhzh\SyncFiles\Temp\HFSS_sim\LHS800\train\BSMRDL\dut1304.s2p
train,BSMRDL,1305,skipped,C:\ffzhzh\SyncFiles\Temp\HFSS_sim\LHS800\train\BSMRDL\dut1305.s2p
train,BSMRDL,1306,skipped,C:\ffzhzh\SyncFiles\Temp\HFSS_sim\LHS800\train\BSMRDL\dut1306.s2p
train,BSMRDL,1307,skipped,C:\ffzhzh\SyncFiles\Temp\HFSS_sim\LHS800\train\BSMRDL\dut1307.s2p
train,BSMRDL,1308,skipped,C:\ffzhzh\SyncFiles\Temp\HFSS_sim\LHS800\train\BSMRDL\dut1308.s2p
train,BSMRDL,1309,skipped,C:\ffzhzh\SyncFiles\Temp\HFSS_sim\LHS800\train\BSMRDL\dut1309.s2p
train,BSMRDL,1310,skipped,C:\ffzhzh\SyncFiles\Temp\HFSS_sim\LHS800\train\BSMRDL\dut1310.s2p
train,BSMRDL,1311,skipped,C:\ffzhzh\SyncFiles\Temp\HFSS_sim\LHS800\train\BSMRDL\dut1311.s2p
train,BSMRDL,1312,skipped,C:\ffzhzh\SyncFiles\Temp\HFSS_sim\LHS800\train\BSMRDL\dut1312.s2p
train,BSMRDL,1313,skipped,C:\ffzhzh\SyncFiles\Temp\HFSS_sim\LHS800\train\BSMRDL\dut1313.s2p
train,BSMRDL,1314,skipped,C:\ffzhzh\SyncFiles\Temp\HFSS_sim\LHS800\train\BSMRDL\dut1314.s2p
train,BSMRDL,1315,skipped,C:\ffzhzh\SyncFiles\Temp\HFSS_sim\LHS800\train\BSMRDL\dut1315.s2p
train,BSMRDL,1316,skipped,C:\ffzhzh\SyncFiles\Temp\HFSS_sim\LHS800\train\BSMRDL\dut1316.s2p
train,BSMRDL,1317,skipped,C:\ffzhzh\SyncFiles\Temp\HFSS_sim\LHS800\train\BSMRDL\dut1317.s2p
train,BSMRDL,1318,skipped,C:\ffzhzh\SyncFiles\Temp\HFSS_sim\LHS800\train\BSMRDL\dut1318.s2p
train,BSMRDL,1319,skipped,C:\ffzhzh\SyncFiles\Temp\HFSS_sim\LHS800\train\BSMRDL\dut1319.s2p
train,BSMRDL,1320,skipped,C:\ffzhzh\SyncFiles\Temp\HFSS_sim\LHS800\train\BSMRDL\dut1320.s2p
train,BSMRDL,1321,skipped,C:\ffzhzh\SyncFiles\Temp\HFSS_sim\LHS800\train\BSMRDL\dut1321.s2p
train,BSMRDL,1322,skipped,C:\ffzhzh\SyncFiles\Temp\HFSS_sim\LHS800\train\BSMRDL\dut1322.s2p
train,BSMRDL,1323,skipped,C:\ffzhzh\SyncFiles\Temp\HFSS_sim\LHS800\train\BSMRDL\dut1323.s2p
train,BSMRDL,1324,skipped,C:\ffzhzh\SyncFiles\Temp\HFSS_sim\LHS800\train\BSMRDL\dut1324.s2p
train,BSMRDL,1325,skipped,C:\ffzhzh\SyncFiles\Temp\HFSS_sim\LHS800\train\BSMRDL\dut1325.s2p
train,BSMRDL,1326,skipped,C:\ffzhzh\SyncFiles\Temp\HFSS_sim\LHS800\train\BSMRDL\dut1326.s2p
train,BSMRDL,1327,skipped,C:\ffzhzh\SyncFiles\Temp\HFSS_sim\LHS800\train\BSMRDL\dut1327.s2p
train,BSMRDL,1328,skipped,C:\ffzhzh\SyncFiles\Temp\HFSS_sim\LHS800\train\BSMRDL\dut1328.s2p
train,BSMRDL,1329,skipped,C:\ffzhzh\SyncFiles\Temp\HFSS_sim\LHS800\train\BSMRDL\dut1329.s2p
train,BSMRDL,1330,skipped,C:\ffzhzh\SyncFiles\Temp\HFSS_sim\LHS800\train\BSMRDL\dut1330.s2p
train,BSMRDL,1331,skipped,C:\ffzhzh\SyncFiles\Temp\HFSS_sim\LHS800\train\BSMRDL\dut1331.s2p
train,BSMRDL,1332,skipped,C:\ffzhzh\SyncFiles\Temp\HFSS_sim\LHS800\train\BSMRDL\dut1332.s2p
train,BSMRDL,1333,skipped,C:\ffzhzh\SyncFiles\Temp\HFSS_sim\LHS800\train\BSMRDL\dut1333.s2p
train,BSMRDL,1334,skipped,C:\ffzhzh\SyncFiles\Temp\HFSS_sim\LHS800\train\BSMRDL\dut1334.s2p
train,BSMRDL,1335,skipped,C:\ffzhzh\SyncFiles\Temp\HFSS_sim\LHS800\train\BSMRDL\dut1335.s2p
train,BSMRDL,1336,skipped,C:\ffzhzh\SyncFiles\Temp\HFSS_sim\LHS800\train\BSMRDL\dut1336.s2p
train,BSMRDL,1337,skipped,C:\ffzhzh\SyncFiles\Temp\HFSS_sim\LHS800\train\BSMRDL\dut1337.s2p
train,BSMRDL,1338,skipped,C:\ffzhzh\SyncFiles\Temp\HFSS_sim\LHS800\train\BSMRDL\dut1338.s2p
train,BSMRDL,1339,skipped,C:\ffzhzh\SyncFiles\Temp\HFSS_sim\LHS800\train\BSMRDL\dut1339.s2p
train,BSMRDL,1340,skipped,C:\ffzhzh\SyncFiles\Temp\HFSS_sim\LHS800\train\BSMRDL\dut1340.s2p
train,BSMRDL,1341,skipped,C:\ffzhzh\SyncFiles\Temp\HFSS_sim\LHS800\train\BSMRDL\dut1341.s2p
train,BSMRDL,1342,skipped,C:\ffzhzh\SyncFiles\Temp\HFSS_sim\LHS800\train\BSMRDL\dut1342.s2p
train,BSMRDL,1343,skipped,C:\ffzhzh\SyncFiles\Temp\HFSS_sim\LHS800\train\BSMRDL\dut1343.s2p
train,BSMRDL,1344,skipped,C:\ffzhzh\SyncFiles\Temp\HFSS_sim\LHS800\train\BSMRDL\dut1344.s2p
train,BSMRDL,1345,skipped,C:\ffzhzh\SyncFiles\Temp\HFSS_sim\LHS800\train\BSMRDL\dut1345.s2p
train,BSMRDL,1346,skipped,C:\ffzhzh\SyncFiles\Temp\HFSS_sim\LHS800\train\BSMRDL\dut1346.s2p
train,BSMRDL,1347,skipped,C:\ffzhzh\SyncFiles\Temp\HFSS_sim\LHS800\train\BSMRDL\dut1347.s2p
train,BSMRDL,1348,skipped,C:\ffzhzh\SyncFiles\Temp\HFSS_sim\LHS800\train\BSMRDL\dut1348.s2p
train,BSMRDL,1349,skipped,C:\ffzhzh\SyncFiles\Temp\HFSS_sim\LHS800\train\BSMRDL\dut1349.s2p
train,BSMRDL,1350,skipped,C:\ffzhzh\SyncFiles\Temp\HFSS_sim\LHS800\train\BSMRDL\dut1350.s2p
train,BSMRDL,1351,skipped,C:\ffzhzh\SyncFiles\Temp\HFSS_sim\LHS800\train\BSMRDL\dut1351.s2p
train,BSMRDL,1352,skipped,C:\ffzhzh\SyncFiles\Temp\HFSS_sim\LHS800\train\BSMRDL\dut1352.s2p
train,BSMRDL,1353,skipped,C:\ffzhzh\SyncFiles\Temp\HFSS_sim\LHS800\train\BSMRDL\dut1353.s2p
train,BSMRDL,1354,skipped,C:\ffzhzh\SyncFiles\Temp\HFSS_sim\LHS800\train\BSMRDL\dut1354.s2p
train,BSMRDL,1355,skipped,C:\ffzhzh\SyncFiles\Temp\HFSS_sim\LHS800\train\BSMRDL\dut1355.s2p
train,BSMRDL,1356,skipped,C:\ffzhzh\SyncFiles\Temp\HFSS_sim\LHS800\train\BSMRDL\dut1356.s2p
train,BSMRDL,1357,skipped,C:\ffzhzh\SyncFiles\Temp\HFSS_sim\LHS800\train\BSMRDL\dut1357.s2p
train,BSMRDL,1358,skipped,C:\ffzhzh\SyncFiles\Temp\HFSS_sim\LHS800\train\BSMRDL\dut1358.s2p
train,BSMRDL,1359,skipped,C:\ffzhzh\SyncFiles\Temp\HFSS_sim\LHS800\train\BSMRDL\dut1359.s2p
train,BSMRDL,1360,skipped,C:\ffzhzh\SyncFiles\Temp\HFSS_sim\LHS800\train\BSMRDL\dut1360.s2p
train,BSMRDL,1361,skipped,C:\ffzhzh\SyncFiles\Temp\HFSS_sim\LHS800\train\BSMRDL\dut1361.s2p
train,BSMRDL,1362,skipped,C:\ffzhzh\SyncFiles\Temp\HFSS_sim\LHS800\train\BSMRDL\dut1362.s2p
train,BSMRDL,1363,skipped,C:\ffzhzh\SyncFiles\Temp\HFSS_sim\LHS800\train\BSMRDL\dut1363.s2p
train,BSMRDL,1364,skipped,C:\ffzhzh\SyncFiles\Temp\HFSS_sim\LHS800\train\BSMRDL\dut1364.s2p
train,BSMRDL,1365,skipped,C:\ffzhzh\SyncFiles\Temp\HFSS_sim\LHS800\train\BSMRDL\dut1365.s2p
train,BSMRDL,1366,skipped,C:\ffzhzh\SyncFiles\Temp\HFSS_sim\LHS800\train\BSMRDL\dut1366.s2p
train,BSMRDL,1367,skipped,C:\ffzhzh\SyncFiles\Temp\HFSS_sim\LHS800\train\BSMRDL\dut1367.s2p
train,BSMRDL,1368,skipped,C:\ffzhzh\SyncFiles\Temp\HFSS_sim\LHS800\train\BSMRDL\dut1368.s2p
train,BSMRDL,1369,skipped,C:\ffzhzh\SyncFiles\Temp\HFSS_sim\LHS800\train\BSMRDL\dut1369.s2p
train,BSMRDL,1370,skipped,C:\ffzhzh\SyncFiles\Temp\HFSS_sim\LHS800\train\BSMRDL\dut1370.s2p
train,BSMRDL,1371,skipped,C:\ffzhzh\SyncFiles\Temp\HFSS_sim\LHS800\train\BSMRDL\dut1371.s2p
train,BSMRDL,1372,skipped,C:\ffzhzh\SyncFiles\Temp\HFSS_sim\LHS800\train\BSMRDL\dut1372.s2p
train,BSMRDL,1373,skipped,C:\ffzhzh\SyncFiles\Temp\HFSS_sim\LHS800\train\BSMRDL\dut1373.s2p
train,BSMRDL,1374,skipped,C:\ffzhzh\SyncFiles\Temp\HFSS_sim\LHS800\train\BSMRDL\dut1374.s2p
train,BSMRDL,1375,skipped,C:\ffzhzh\SyncFiles\Temp\HFSS_sim\LHS800\train\BSMRDL\dut1375.s2p
train,BSMRDL,1376,skipped,C:\ffzhzh\SyncFiles\Temp\HFSS_sim\LHS800\train\BSMRDL\dut1376.s2p
train,BSMRDL,1377,skipped,C:\ffzhzh\SyncFiles\Temp\HFSS_sim\LHS800\train\BSMRDL\dut1377.s2p
train,BSMRDL,1378,skipped,C:\ffzhzh\SyncFiles\Temp\HFSS_sim\LHS800\train\BSMRDL\dut1378.s2p
train,BSMRDL,1379,skipped,C:\ffzhzh\SyncFiles\Temp\HFSS_sim\LHS800\train\BSMRDL\dut1379.s2p
train,BSMRDL,1380,skipped,C:\ffzhzh\SyncFiles\Temp\HFSS_sim\LHS800\train\BSMRDL\dut1380.s2p
train,BSMRDL,1381,skipped,C:\ffzhzh\SyncFiles\Temp\HFSS_sim\LHS800\train\BSMRDL\dut1381.s2p
train,BSMRDL,1382,skipped,C:\ffzhzh\SyncFiles\Temp\HFSS_sim\LHS800\train\BSMRDL\dut1382.s2p
train,BSMRDL,1383,skipped,C:\ffzhzh\SyncFiles\Temp\HFSS_sim\LHS800\train\BSMRDL\dut1383.s2p
train,BSMRDL,1384,skipped,C:\ffzhzh\SyncFiles\Temp\HFSS_sim\LHS800\train\BSMRDL\dut1384.s2p
train,BSMRDL,1385,skipped,C:\ffzhzh\SyncFiles\Temp\HFSS_sim\LHS800\train\BSMRDL\dut1385.s2p
train,BSMRDL,1386,skipped,C:\ffzhzh\SyncFiles\Temp\HFSS_sim\LHS800\train\BSMRDL\dut1386.s2p
train,BSMRDL,1387,skipped,C:\ffzhzh\SyncFiles\Temp\HFSS_sim\LHS800\train\BSMRDL\dut1387.s2p
train,BSMRDL,1388,skipped,C:\ffzhzh\SyncFiles\Temp\HFSS_sim\LHS800\train\BSMRDL\dut1388.s2p
train,BSMRDL,1389,skipped,C:\ffzhzh\SyncFiles\Temp\HFSS_sim\LHS800\train\BSMRDL\dut1389.s2p
train,BSMRDL,1390,skipped,C:\ffzhzh\SyncFiles\Temp\HFSS_sim\LHS800\train\BSMRDL\dut1390.s2p
train,BSMRDL,1391,skipped,C:\ffzhzh\SyncFiles\Temp\HFSS_sim\LHS800\train\BSMRDL\dut1391.s2p
train,BSMRDL,1392,skipped,C:\ffzhzh\SyncFiles\Temp\HFSS_sim\LHS800\train\BSMRDL\dut1392.s2p
train,BSMRDL,1393,skipped,C:\ffzhzh\SyncFiles\Temp\HFSS_sim\LHS800\train\BSMRDL\dut1393.s2p
train,BSMRDL,1394,skipped,C:\ffzhzh\SyncFiles\Temp\HFSS_sim\LHS800\train\BSMRDL\dut1394.s2p
train,BSMRDL,1395,skipped,C:\ffzhzh\SyncFiles\Temp\HFSS_sim\LHS800\train\BSMRDL\dut1395.s2p
train,BSMRDL,1396,skipped,C:\ffzhzh\SyncFiles\Temp\HFSS_sim\LHS800\train\BSMRDL\dut1396.s2p
train,BSMRDL,1397,skipped,C:\ffzhzh\SyncFiles\Temp\HFSS_sim\LHS800\train\BSMRDL\dut1397.s2p
train,BSMRDL,1398,skipped,C:\ffzhzh\SyncFiles\Temp\HFSS_sim\LHS800\train\BSMRDL\dut1398.s2p
train,BSMRDL,1399,skipped,C:\ffzhzh\SyncFiles\Temp\HFSS_sim\LHS800\train\BSMRDL\dut1399.s2p
train,BSMRDL,1400,skipped,C:\ffzhzh\SyncFiles\Temp\HFSS_sim\LHS800\train\BSMRDL\dut1400.s2p
train,BSMRDL,1401,skipped,C:\ffzhzh\SyncFiles\Temp\HFSS_sim\LHS800\train\BSMRDL\dut1401.s2p
train,BSMRDL,1402,skipped,C:\ffzhzh\SyncFiles\Temp\HFSS_sim\LHS800\train\BSMRDL\dut1402.s2p
train,BSMRDL,1403,skipped,C:\ffzhzh\SyncFiles\Temp\HFSS_sim\LHS800\train\BSMRDL\dut1403.s2p
train,BSMRDL,1404,skipped,C:\ffzhzh\SyncFiles\Temp\HFSS_sim\LHS800\train\BSMRDL\dut1404.s2p
train,BSMRDL,1405,skipped,C:\ffzhzh\SyncFiles\Temp\HFSS_sim\LHS800\train\BSMRDL\dut1405.s2p
train,BSMRDL,1406,skipped,C:\ffzhzh\SyncFiles\Temp\HFSS_sim\LHS800\train\BSMRDL\dut1406.s2p
train,BSMRDL,1407,skipped,C:\ffzhzh\SyncFiles\Temp\HFSS_sim\LHS800\train\BSMRDL\dut1407.s2p
train,BSMRDL,1408,skipped,C:\ffzhzh\SyncFiles\Temp\HFSS_sim\LHS800\train\BSMRDL\dut1408.s2p
train,BSMRDL,1409,skipped,C:\ffzhzh\SyncFiles\Temp\HFSS_sim\LHS800\train\BSMRDL\dut1409.s2p
train,BSMRDL,1410,skipped,C:\ffzhzh\SyncFiles\Temp\HFSS_sim\LHS800\train\BSMRDL\dut1410.s2p
train,BSMRDL,1411,skipped,C:\ffzhzh\SyncFiles\Temp\HFSS_sim\LHS800\train\BSMRDL\dut1411.s2p
train,BSMRDL,1412,skipped,C:\ffzhzh\SyncFiles\Temp\HFSS_sim\LHS800\train\BSMRDL\dut1412.s2p
train,BSMRDL,1413,skipped,C:\ffzhzh\SyncFiles\Temp\HFSS_sim\LHS800\train\BSMRDL\dut1413.s2p
train,BSMRDL,1414,skipped,C:\ffzhzh\SyncFiles\Temp\HFSS_sim\LHS800\train\BSMRDL\dut1414.s2p
train,BSMRDL,1415,skipped,C:\ffzhzh\SyncFiles\Temp\HFSS_sim\LHS800\train\BSMRDL\dut1415.s2p
train,BSMRDL,1416,skipped,C:\ffzhzh\SyncFiles\Temp\HFSS_sim\LHS800\train\BSMRDL\dut1416.s2p
train,BSMRDL,1417,skipped,C:\ffzhzh\SyncFiles\Temp\HFSS_sim\LHS800\train\BSMRDL\dut1417.s2p
train,BSMRDL,1418,skipped,C:\ffzhzh\SyncFiles\Temp\HFSS_sim\LHS800\train\BSMRDL\dut1418.s2p
train,BSMRDL,1419,skipped,C:\ffzhzh\SyncFiles\Temp\HFSS_sim\LHS800\train\BSMRDL\dut1419.s2p
train,BSMRDL,1420,skipped,C:\ffzhzh\SyncFiles\Temp\HFSS_sim\LHS800\train\BSMRDL\dut1420.s2p
train,BSMRDL,1421,skipped,C:\ffzhzh\SyncFiles\Temp\HFSS_sim\LHS800\train\BSMRDL\dut1421.s2p
train,BSMRDL,1422,skipped,C:\ffzhzh\SyncFiles\Temp\HFSS_sim\LHS800\train\BSMRDL\dut1422.s2p
train,BSMRDL,1423,skipped,C:\ffzhzh\SyncFiles\Temp\HFSS_sim\LHS800\train\BSMRDL\dut1423.s2p
train,BSMRDL,1424,skipped,C:\ffzhzh\SyncFiles\Temp\HFSS_sim\LHS800\train\BSMRDL\dut1424.s2p
train,BSMRDL,1425,skipped,C:\ffzhzh\SyncFiles\Temp\HFSS_sim\LHS800\train\BSMRDL\dut1425.s2p
train,BSMRDL,1426,skipped,C:\ffzhzh\SyncFiles\Temp\HFSS_sim\LHS800\train\BSMRDL\dut1426.s2p
train,BSMRDL,1427,skipped,C:\ffzhzh\SyncFiles\Temp\HFSS_sim\LHS800\train\BSMRDL\dut1427.s2p
train,BSMRDL,1428,skipped,C:\ffzhzh\SyncFiles\Temp\HFSS_sim\LHS800\train\BSMRDL\dut1428.s2p
train,BSMRDL,1429,skipped,C:\ffzhzh\SyncFiles\Temp\HFSS_sim\LHS800\train\BSMRDL\dut1429.s2p
train,BSMRDL,1430,skipped,C:\ffzhzh\SyncFiles\Temp\HFSS_sim\LHS800\train\BSMRDL\dut1430.s2p
train,BSMRDL,1431,skipped,C:\ffzhzh\SyncFiles\Temp\HFSS_sim\LHS800\train\BSMRDL\dut1431.s2p
train,BSMRDL,1432,skipped,C:\ffzhzh\SyncFiles\Temp\HFSS_sim\LHS800\train\BSMRDL\dut1432.s2p
train,BSMRDL,1433,skipped,C:\ffzhzh\SyncFiles\Temp\HFSS_sim\LHS800\train\BSMRDL\dut1433.s2p
train,BSMRDL,1434,skipped,C:\ffzhzh\SyncFiles\Temp\HFSS_sim\LHS800\train\BSMRDL\dut1434.s2p
train,BSMRDL,1435,skipped,C:\ffzhzh\SyncFiles\Temp\HFSS_sim\LHS800\train\BSMRDL\dut1435.s2p
train,BSMRDL,1436,skipped,C:\ffzhzh\SyncFiles\Temp\HFSS_sim\LHS800\train\BSMRDL\dut1436.s2p
train,BSMRDL,1437,skipped,C:\ffzhzh\SyncFiles\Temp\HFSS_sim\LHS800\train\BSMRDL\dut1437.s2p
train,BSMRDL,1438,skipped,C:\ffzhzh\SyncFiles\Temp\HFSS_sim\LHS800\train\BSMRDL\dut1438.s2p
train,BSMRDL,1439,skipped,C:\ffzhzh\SyncFiles\Temp\HFSS_sim\LHS800\train\BSMRDL\dut1439.s2p
train,BSMRDL,1440,skipped,C:\ffzhzh\SyncFiles\Temp\HFSS_sim\LHS800\train\BSMRDL\dut1440.s2p
train,BSMRDL,1441,skipped,C:\ffzhzh\SyncFiles\Temp\HFSS_sim\LHS800\train\BSMRDL\dut1441.s2p
train,BSMRDL,1442,skipped,C:\ffzhzh\SyncFiles\Temp\HFSS_sim\LHS800\train\BSMRDL\dut1442.s2p
train,BSMRDL,1443,skipped,C:\ffzhzh\SyncFiles\Temp\HFSS_sim\LHS800\train\BSMRDL\dut1443.s2p
train,BSMRDL,1444,skipped,C:\ffzhzh\SyncFiles\Temp\HFSS_sim\LHS800\train\BSMRDL\dut1444.s2p
train,BSMRDL,1445,skipped,C:\ffzhzh\SyncFiles\Temp\HFSS_sim\LHS800\train\BSMRDL\dut1445.s2p
train,BSMRDL,1446,skipped,C:\ffzhzh\SyncFiles\Temp\HFSS_sim\LHS800\train\BSMRDL\dut1446.s2p
train,BSMRDL,1447,skipped,C:\ffzhzh\SyncFiles\Temp\HFSS_sim\LHS800\train\BSMRDL\dut1447.s2p
train,BSMRDL,1448,skipped,C:\ffzhzh\SyncFiles\Temp\HFSS_sim\LHS800\train\BSMRDL\dut1448.s2p
train,BSMRDL,1449,skipped,C:\ffzhzh\SyncFiles\Temp\HFSS_sim\LHS800\train\BSMRDL\dut1449.s2p
train,BSMRDL,1450,skipped,C:\ffzhzh\SyncFiles\Temp\HFSS_sim\LHS800\train\BSMRDL\dut1450.s2p
train,BSMRDL,1451,skipped,C:\ffzhzh\SyncFiles\Temp\HFSS_sim\LHS800\train\BSMRDL\dut1451.s2p
train,BSMRDL,1452,skipped,C:\ffzhzh\SyncFiles\Temp\HFSS_sim\LHS800\train\BSMRDL\dut1452.s2p
train,BSMRDL,1453,skipped,C:\ffzhzh\SyncFiles\Temp\HFSS_sim\LHS800\train\BSMRDL\dut1453.s2p
train,BSMRDL,1454,skipped,C:\ffzhzh\SyncFiles\Temp\HFSS_sim\LHS800\train\BSMRDL\dut1454.s2p
train,BSMRDL,1455,skipped,C:\ffzhzh\SyncFiles\Temp\HFSS_sim\LHS800\train\BSMRDL\dut1455.s2p
train,BSMRDL,1456,skipped,C:\ffzhzh\SyncFiles\Temp\HFSS_sim\LHS800\train\BSMRDL\dut1456.s2p
train,BSMRDL,1457,skipped,C:\ffzhzh\SyncFiles\Temp\HFSS_sim\LHS800\train\BSMRDL\dut1457.s2p
train,BSMRDL,1458,skipped,C:\ffzhzh\SyncFiles\Temp\HFSS_sim\LHS800\train\BSMRDL\dut1458.s2p
train,BSMRDL,1459,skipped,C:\ffzhzh\SyncFiles\Temp\HFSS_sim\LHS800\train\BSMRDL\dut1459.s2p
train,BSMRDL,1460,skipped,C:\ffzhzh\SyncFiles\Temp\HFSS_sim\LHS800\train\BSMRDL\dut1460.s2p
train,BSMRDL,1461,skipped,C:\ffzhzh\SyncFiles\Temp\HFSS_sim\LHS800\train\BSMRDL\dut1461.s2p
train,BSMRDL,1462,skipped,C:\ffzhzh\SyncFiles\Temp\HFSS_sim\LHS800\train\BSMRDL\dut1462.s2p
train,BSMRDL,1463,skipped,C:\ffzhzh\SyncFiles\Temp\HFSS_sim\LHS800\train\BSMRDL\dut1463.s2p
train,BSMRDL,1464,skipped,C:\ffzhzh\SyncFiles\Temp\HFSS_sim\LHS800\train\BSMRDL\dut1464.s2p
train,BSMRDL,1465,skipped,C:\ffzhzh\SyncFiles\Temp\HFSS_sim\LHS800\train\BSMRDL\dut1465.s2p
train,BSMRDL,1466,skipped,C:\ffzhzh\SyncFiles\Temp\HFSS_sim\LHS800\train\BSMRDL\dut1466.s2p
train,BSMRDL,1467,skipped,C:\ffzhzh\SyncFiles\Temp\HFSS_sim\LHS800\train\BSMRDL\dut1467.s2p
train,BSMRDL,1468,skipped,C:\ffzhzh\SyncFiles\Temp\HFSS_sim\LHS800\train\BSMRDL\dut1468.s2p
train,BSMRDL,1469,skipped,C:\ffzhzh\SyncFiles\Temp\HFSS_sim\LHS800\train\BSMRDL\dut1469.s2p
train,BSMRDL,1470,skipped,C:\ffzhzh\SyncFiles\Temp\HFSS_sim\LHS800\train\BSMRDL\dut1470.s2p
train,BSMRDL,1471,skipped,C:\ffzhzh\SyncFiles\Temp\HFSS_sim\LHS800\train\BSMRDL\dut1471.s2p
train,BSMRDL,1472,skipped,C:\ffzhzh\SyncFiles\Temp\HFSS_sim\LHS800\train\BSMRDL\dut1472.s2p
train,BSMRDL,1473,skipped,C:\ffzhzh\SyncFiles\Temp\HFSS_sim\LHS800\train\BSMRDL\dut1473.s2p
train,BSMRDL,1474,skipped,C:\ffzhzh\SyncFiles\Temp\HFSS_sim\LHS800\train\BSMRDL\dut1474.s2p
train,BSMRDL,1475,skipped,C:\ffzhzh\SyncFiles\Temp\HFSS_sim\LHS800\train\BSMRDL\dut1475.s2p
train,BSMRDL,1476,skipped,C:\ffzhzh\SyncFiles\Temp\HFSS_sim\LHS800\train\BSMRDL\dut1476.s2p
train,BSMRDL,1477,skipped,C:\ffzhzh\SyncFiles\Temp\HFSS_sim\LHS800\train\BSMRDL\dut1477.s2p
train,BSMRDL,1478,skipped,C:\ffzhzh\SyncFiles\Temp\HFSS_sim\LHS800\train\BSMRDL\dut1478.s2p
train,BSMRDL,1479,skipped,C:\ffzhzh\SyncFiles\Temp\HFSS_sim\LHS800\train\BSMRDL\dut1479.s2p
train,BSMRDL,1480,skipped,C:\ffzhzh\SyncFiles\Temp\HFSS_sim\LHS800\train\BSMRDL\dut1480.s2p
train,BSMRDL,1481,skipped,C:\ffzhzh\SyncFiles\Temp\HFSS_sim\LHS800\train\BSMRDL\dut1481.s2p
train,BSMRDL,1482,skipped,C:\ffzhzh\SyncFiles\Temp\HFSS_sim\LHS800\train\BSMRDL\dut1482.s2p
train,BSMRDL,1483,skipped,C:\ffzhzh\SyncFiles\Temp\HFSS_sim\LHS800\train\BSMRDL\dut1483.s2p
train,BSMRDL,1484,skipped,C:\ffzhzh\SyncFiles\Temp\HFSS_sim\LHS800\train\BSMRDL\dut1484.s2p
train,BSMRDL,1485,skipped,C:\ffzhzh\SyncFiles\Temp\HFSS_sim\LHS800\train\BSMRDL\dut1485.s2p
train,BSMRDL,1486,skipped,C:\ffzhzh\SyncFiles\Temp\HFSS_sim\LHS800\train\BSMRDL\dut1486.s2p
train,BSMRDL,1487,skipped,C:\ffzhzh\SyncFiles\Temp\HFSS_sim\LHS800\train\BSMRDL\dut1487.s2p
train,BSMRDL,1488,skipped,C:\ffzhzh\SyncFiles\Temp\HFSS_sim\LHS800\train\BSMRDL\dut1488.s2p
train,BSMRDL,1489,skipped,C:\ffzhzh\SyncFiles\Temp\HFSS_sim\LHS800\train\BSMRDL\dut1489.s2p
train,BSMRDL,1490,skipped,C:\ffzhzh\SyncFiles\Temp\HFSS_sim\LHS800\train\BSMRDL\dut1490.s2p
train,BSMRDL,1491,skipped,C:\ffzhzh\SyncFiles\Temp\HFSS_sim\LHS800\train\BSMRDL\dut1491.s2p
train,BSMRDL,1492,skipped,C:\ffzhzh\SyncFiles\Temp\HFSS_sim\LHS800\train\BSMRDL\dut1492.s2p
train,BSMRDL,1493,skipped,C:\ffzhzh\SyncFiles\Temp\HFSS_sim\LHS800\train\BSMRDL\dut1493.s2p
train,BSMRDL,1494,skipped,C:\ffzhzh\SyncFiles\Temp\HFSS_sim\LHS800\train\BSMRDL\dut1494.s2p
train,BSMRDL,1495,skipped,C:\ffzhzh\SyncFiles\Temp\HFSS_sim\LHS800\train\BSMRDL\dut1495.s2p
train,BSMRDL,1496,skipped,C:\ffzhzh\SyncFiles\Temp\HFSS_sim\LHS800\train\BSMRDL\dut1496.s2p
train,BSMRDL,1497,skipped,C:\ffzhzh\SyncFiles\Temp\HFSS_sim\LHS800\train\BSMRDL\dut1497.s2p
train,BSMRDL,1498,skipped,C:\ffzhzh\SyncFiles\Temp\HFSS_sim\LHS800\train\BSMRDL\dut1498.s2p
train,BSMRDL,1499,skipped,C:\ffzhzh\SyncFiles\Temp\HFSS_sim\LHS800\train\BSMRDL\dut1499.s2p
train,TSV,700,skipped,C:\ffzhzh\SyncFiles\Temp\HFSS_sim\LHS800\train\TSV\dut700.s2p
train,TSV,701,skipped,C:\ffzhzh\SyncFiles\Temp\HFSS_sim\LHS800\train\TSV\dut701.s2p
train,TSV,702,skipped,C:\ffzhzh\SyncFiles\Temp\HFSS_sim\LHS800\train\TSV\dut702.s2p
train,TSV,703,skipped,C:\ffzhzh\SyncFiles\Temp\HFSS_sim\LHS800\train\TSV\dut703.s2p
train,TSV,704,skipped,C:\ffzhzh\SyncFiles\Temp\HFSS_sim\LHS800\train\TSV\dut704.s2p
train,TSV,705,skipped,C:\ffzhzh\SyncFiles\Temp\HFSS_sim\LHS800\train\TSV\dut705.s2p
train,TSV,706,skipped,C:\ffzhzh\SyncFiles\Temp\HFSS_sim\LHS800\train\TSV\dut706.s2p
train,TSV,707,skipped,C:\ffzhzh\SyncFiles\Temp\HFSS_sim\LHS800\train\TSV\dut707.s2p
train,TSV,708,skipped,C:\ffzhzh\SyncFiles\Temp\HFSS_sim\LHS800\train\TSV\dut708.s2p
train,TSV,709,skipped,C:\ffzhzh\SyncFiles\Temp\HFSS_sim\LHS800\train\TSV\dut709.s2p
train,TSV,710,skipped,C:\ffzhzh\SyncFiles\Temp\HFSS_sim\LHS800\train\TSV\dut710.s2p
train,TSV,711,skipped,C:\ffzhzh\SyncFiles\Temp\HFSS_sim\LHS800\train\TSV\dut711.s2p
train,TSV,712,skipped,C:\ffzhzh\SyncFiles\Temp\HFSS_sim\LHS800\train\TSV\dut712.s2p
train,TSV,713,skipped,C:\ffzhzh\SyncFiles\Temp\HFSS_sim\LHS800\train\TSV\dut713.s2p
train,TSV,714,skipped,C:\ffzhzh\SyncFiles\Temp\HFSS_sim\LHS800\train\TSV\dut714.s2p
train,TSV,715,skipped,C:\ffzhzh\SyncFiles\Temp\HFSS_sim\LHS800\train\TSV\dut715.s2p
train,TSV,716,skipped,C:\ffzhzh\SyncFiles\Temp\HFSS_sim\LHS800\train\TSV\dut716.s2p
train,TSV,717,skipped,C:\ffzhzh\SyncFiles\Temp\HFSS_sim\LHS800\train\TSV\dut717.s2p
train,TSV,718,skipped,C:\ffzhzh\SyncFiles\Temp\HFSS_sim\LHS800\train\TSV\dut718.s2p
train,TSV,719,skipped,C:\ffzhzh\SyncFiles\Temp\HFSS_sim\LHS800\train\TSV\dut719.s2p
train,TSV,720,skipped,C:\ffzhzh\SyncFiles\Temp\HFSS_sim\LHS800\train\TSV\dut720.s2p
train,TSV,721,skipped,C:\ffzhzh\SyncFiles\Temp\HFSS_sim\LHS800\train\TSV\dut721.s2p
train,TSV,722,skipped,C:\ffzhzh\SyncFiles\Temp\HFSS_sim\LHS800\train\TSV\dut722.s2p
train,TSV,723,skipped,C:\ffzhzh\SyncFiles\Temp\HFSS_sim\LHS800\train\TSV\dut723.s2p
train,TSV,724,skipped,C:\ffzhzh\SyncFiles\Temp\HFSS_sim\LHS800\train\TSV\dut724.s2p
train,TSV,725,skipped,C:\ffzhzh\SyncFiles\Temp\HFSS_sim\LHS800\train\TSV\dut725.s2p
train,TSV,726,skipped,C:\ffzhzh\SyncFiles\Temp\HFSS_sim\LHS800\train\TSV\dut726.s2p
train,TSV,727,skipped,C:\ffzhzh\SyncFiles\Temp\HFSS_sim\LHS800\train\TSV\dut727.s2p
train,TSV,728,skipped,C:\ffzhzh\SyncFiles\Temp\HFSS_sim\LHS800\train\TSV\dut728.s2p
train,TSV,729,skipped,C:\ffzhzh\SyncFiles\Temp\HFSS_sim\LHS800\train\TSV\dut729.s2p
train,TSV,730,skipped,C:\ffzhzh\SyncFiles\Temp\HFSS_sim\LHS800\train\TSV\dut730.s2p
train,TSV,731,skipped,C:\ffzhzh\SyncFiles\Temp\HFSS_sim\LHS800\train\TSV\dut731.s2p
train,TSV,732,skipped,C:\ffzhzh\SyncFiles\Temp\HFSS_sim\LHS800\train\TSV\dut732.s2p
train,TSV,733,skipped,C:\ffzhzh\SyncFiles\Temp\HFSS_sim\LHS800\train\TSV\dut733.s2p
train,TSV,734,skipped,C:\ffzhzh\SyncFiles\Temp\HFSS_sim\LHS800\train\TSV\dut734.s2p
train,TSV,735,skipped,C:\ffzhzh\SyncFiles\Temp\HFSS_sim\LHS800\train\TSV\dut735.s2p
train,TSV,736,skipped,C:\ffzhzh\SyncFiles\Temp\HFSS_sim\LHS800\train\TSV\dut736.s2p
train,TSV,737,skipped,C:\ffzhzh\SyncFiles\Temp\HFSS_sim\LHS800\train\TSV\dut737.s2p
train,TSV,738,skipped,C:\ffzhzh\SyncFiles\Temp\HFSS_sim\LHS800\train\TSV\dut738.s2p
train,TSV,739,skipped,C:\ffzhzh\SyncFiles\Temp\HFSS_sim\LHS800\train\TSV\dut739.s2p
train,TSV,740,skipped,C:\ffzhzh\SyncFiles\Temp\HFSS_sim\LHS800\train\TSV\dut740.s2p
train,TSV,741,skipped,C:\ffzhzh\SyncFiles\Temp\HFSS_sim\LHS800\train\TSV\dut741.s2p
train,TSV,742,skipped,C:\ffzhzh\SyncFiles\Temp\HFSS_sim\LHS800\train\TSV\dut742.s2p
train,TSV,743,skipped,C:\ffzhzh\SyncFiles\Temp\HFSS_sim\LHS800\train\TSV\dut743.s2p
train,TSV,744,skipped,C:\ffzhzh\SyncFiles\Temp\HFSS_sim\LHS800\train\TSV\dut744.s2p
train,TSV,745,skipped,C:\ffzhzh\SyncFiles\Temp\HFSS_sim\LHS800\train\TSV\dut745.s2p
train,TSV,746,skipped,C:\ffzhzh\SyncFiles\Temp\HFSS_sim\LHS800\train\TSV\dut746.s2p
train,TSV,747,skipped,C:\ffzhzh\SyncFiles\Temp\HFSS_sim\LHS800\train\TSV\dut747.s2p
train,TSV,748,skipped,C:\ffzhzh\SyncFiles\Temp\HFSS_sim\LHS800\train\TSV\dut748.s2p
train,TSV,749,skipped,C:\ffzhzh\SyncFiles\Temp\HFSS_sim\LHS800\train\TSV\dut749.s2p
train,TSV,750,skipped,C:\ffzhzh\SyncFiles\Temp\HFSS_sim\LHS800\train\TSV\dut750.s2p
train,TSV,751,skipped,C:\ffzhzh\SyncFiles\Temp\HFSS_sim\LHS800\train\TSV\dut751.s2p
train,TSV,752,skipped,C:\ffzhzh\SyncFiles\Temp\HFSS_sim\LHS800\train\TSV\dut752.s2p
train,TSV,753,skipped,C:\ffzhzh\SyncFiles\Temp\HFSS_sim\LHS800\train\TSV\dut753.s2p
train,TSV,754,skipped,C:\ffzhzh\SyncFiles\Temp\HFSS_sim\LHS800\train\TSV\dut754.s2p
train,TSV,755,skipped,C:\ffzhzh\SyncFiles\Temp\HFSS_sim\LHS800\train\TSV\dut755.s2p
train,TSV,756,skipped,C:\ffzhzh\SyncFiles\Temp\HFSS_sim\LHS800\train\TSV\dut756.s2p
train,TSV,757,skipped,C:\ffzhzh\SyncFiles\Temp\HFSS_sim\LHS800\train\TSV\dut757.s2p
train,TSV,758,skipped,C:\ffzhzh\SyncFiles\Temp\HFSS_sim\LHS800\train\TSV\dut758.s2p
train,TSV,759,skipped,C:\ffzhzh\SyncFiles\Temp\HFSS_sim\LHS800\train\TSV\dut759.s2p
train,TSV,760,skipped,C:\ffzhzh\SyncFiles\Temp\HFSS_sim\LHS800\train\TSV\dut760.s2p
train,TSV,761,skipped,C:\ffzhzh\SyncFiles\Temp\HFSS_sim\LHS800\train\TSV\dut761.s2p
train,TSV,762,skipped,C:\ffzhzh\SyncFiles\Temp\HFSS_sim\LHS800\train\TSV\dut762.s2p
train,TSV,763,skipped,C:\ffzhzh\SyncFiles\Temp\HFSS_sim\LHS800\train\TSV\dut763.s2p
train,TSV,764,skipped,C:\ffzhzh\SyncFiles\Temp\HFSS_sim\LHS800\train\TSV\dut764.s2p
train,TSV,765,skipped,C:\ffzhzh\SyncFiles\Temp\HFSS_sim\LHS800\train\TSV\dut765.s2p
train,TSV,766,skipped,C:\ffzhzh\SyncFiles\Temp\HFSS_sim\LHS800\train\TSV\dut766.s2p
train,TSV,767,skipped,C:\ffzhzh\SyncFiles\Temp\HFSS_sim\LHS800\train\TSV\dut767.s2p
train,TSV,768,skipped,C:\ffzhzh\SyncFiles\Temp\HFSS_sim\LHS800\train\TSV\dut768.s2p
train,TSV,769,skipped,C:\ffzhzh\SyncFiles\Temp\HFSS_sim\LHS800\train\TSV\dut769.s2p
train,TSV,770,skipped,C:\ffzhzh\SyncFiles\Temp\HFSS_sim\LHS800\train\TSV\dut770.s2p
train,TSV,771,skipped,C:\ffzhzh\SyncFiles\Temp\HFSS_sim\LHS800\train\TSV\dut771.s2p
train,TSV,772,skipped,C:\ffzhzh\SyncFiles\Temp\HFSS_sim\LHS800\train\TSV\dut772.s2p
train,TSV,773,skipped,C:\ffzhzh\SyncFiles\Temp\HFSS_sim\LHS800\train\TSV\dut773.s2p
train,TSV,774,skipped,C:\ffzhzh\SyncFiles\Temp\HFSS_sim\LHS800\train\TSV\dut774.s2p
train,TSV,775,skipped,C:\ffzhzh\SyncFiles\Temp\HFSS_sim\LHS800\train\TSV\dut775.s2p
train,TSV,776,skipped,C:\ffzhzh\SyncFiles\Temp\HFSS_sim\LHS800\train\TSV\dut776.s2p
train,TSV,777,skipped,C:\ffzhzh\SyncFiles\Temp\HFSS_sim\LHS800\train\TSV\dut777.s2p
train,TSV,778,skipped,C:\ffzhzh\SyncFiles\Temp\HFSS_sim\LHS800\train\TSV\dut778.s2p
train,TSV,779,skipped,C:\ffzhzh\SyncFiles\Temp\HFSS_sim\LHS800\train\TSV\dut779.s2p
train,TSV,780,skipped,C:\ffzhzh\SyncFiles\Temp\HFSS_sim\LHS800\train\TSV\dut780.s2p
train,TSV,781,skipped,C:\ffzhzh\SyncFiles\Temp\HFSS_sim\LHS800\train\TSV\dut781.s2p
train,TSV,782,skipped,C:\ffzhzh\SyncFiles\Temp\HFSS_sim\LHS800\train\TSV\dut782.s2p
train,TSV,783,skipped,C:\ffzhzh\SyncFiles\Temp\HFSS_sim\LHS800\train\TSV\dut783.s2p
train,TSV,784,skipped,C:\ffzhzh\SyncFiles\Temp\HFSS_sim\LHS800\train\TSV\dut784.s2p
train,TSV,785,skipped,C:\ffzhzh\SyncFiles\Temp\HFSS_sim\LHS800\train\TSV\dut785.s2p
train,TSV,786,skipped,C:\ffzhzh\SyncFiles\Temp\HFSS_sim\LHS800\train\TSV\dut786.s2p
train,TSV,787,skipped,C:\ffzhzh\SyncFiles\Temp\HFSS_sim\LHS800\train\TSV\dut787.s2p
train,TSV,788,skipped,C:\ffzhzh\SyncFiles\Temp\HFSS_sim\LHS800\train\TSV\dut788.s2p
train,TSV,789,skipped,C:\ffzhzh\SyncFiles\Temp\HFSS_sim\LHS800\train\TSV\dut789.s2p
train,TSV,790,skipped,C:\ffzhzh\SyncFiles\Temp\HFSS_sim\LHS800\train\TSV\dut790.s2p
train,TSV,791,skipped,C:\ffzhzh\SyncFiles\Temp\HFSS_sim\LHS800\train\TSV\dut791.s2p
train,TSV,792,skipped,C:\ffzhzh\SyncFiles\Temp\HFSS_sim\LHS800\train\TSV\dut792.s2p
train,TSV,793,skipped,C:\ffzhzh\SyncFiles\Temp\HFSS_sim\LHS800\train\TSV\dut793.s2p
train,TSV,794,skipped,C:\ffzhzh\SyncFiles\Temp\HFSS_sim\LHS800\train\TSV\dut794.s2p
train,TSV,795,skipped,C:\ffzhzh\SyncFiles\Temp\HFSS_sim\LHS800\train\TSV\dut795.s2p
train,TSV,796,skipped,C:\ffzhzh\SyncFiles\Temp\HFSS_sim\LHS800\train\TSV\dut796.s2p
train,TSV,797,skipped,C:\ffzhzh\SyncFiles\Temp\HFSS_sim\LHS800\train\TSV\dut797.s2p
train,TSV,798,skipped,C:\ffzhzh\SyncFiles\Temp\HFSS_sim\LHS800\train\TSV\dut798.s2p
train,TSV,799,skipped,C:\ffzhzh\SyncFiles\Temp\HFSS_sim\LHS800\train\TSV\dut799.s2p
train,TSV,800,skipped,C:\ffzhzh\SyncFiles\Temp\HFSS_sim\LHS800\train\TSV\dut800.s2p
train,TSV,801,skipped,C:\ffzhzh\SyncFiles\Temp\HFSS_sim\LHS800\train\TSV\dut801.s2p
train,TSV,802,skipped,C:\ffzhzh\SyncFiles\Temp\HFSS_sim\LHS800\train\TSV\dut802.s2p
train,TSV,803,skipped,C:\ffzhzh\SyncFiles\Temp\HFSS_sim\LHS800\train\TSV\dut803.s2p
train,TSV,804,skipped,C:\ffzhzh\SyncFiles\Temp\HFSS_sim\LHS800\train\TSV\dut804.s2p
train,TSV,805,skipped,C:\ffzhzh\SyncFiles\Temp\HFSS_sim\LHS800\train\TSV\dut805.s2p
train,TSV,806,skipped,C:\ffzhzh\SyncFiles\Temp\HFSS_sim\LHS800\train\TSV\dut806.s2p
train,TSV,807,skipped,C:\ffzhzh\SyncFiles\Temp\HFSS_sim\LHS800\train\TSV\dut807.s2p
train,TSV,808,skipped,C:\ffzhzh\SyncFiles\Temp\HFSS_sim\LHS800\train\TSV\dut808.s2p
train,TSV,809,skipped,C:\ffzhzh\SyncFiles\Temp\HFSS_sim\LHS800\train\TSV\dut809.s2p
train,TSV,810,skipped,C:\ffzhzh\SyncFiles\Temp\HFSS_sim\LHS800\train\TSV\dut810.s2p
train,TSV,811,skipped,C:\ffzhzh\SyncFiles\Temp\HFSS_sim\LHS800\train\TSV\dut811.s2p
train,TSV,812,skipped,C:\ffzhzh\SyncFiles\Temp\HFSS_sim\LHS800\train\TSV\dut812.s2p
train,TSV,813,skipped,C:\ffzhzh\SyncFiles\Temp\HFSS_sim\LHS800\train\TSV\dut813.s2p
train,TSV,814,skipped,C:\ffzhzh\SyncFiles\Temp\HFSS_sim\LHS800\train\TSV\dut814.s2p
train,TSV,815,skipped,C:\ffzhzh\SyncFiles\Temp\HFSS_sim\LHS800\train\TSV\dut815.s2p
train,TSV,816,skipped,C:\ffzhzh\SyncFiles\Temp\HFSS_sim\LHS800\train\TSV\dut816.s2p
train,TSV,817,skipped,C:\ffzhzh\SyncFiles\Temp\HFSS_sim\LHS800\train\TSV\dut817.s2p
train,TSV,818,skipped,C:\ffzhzh\SyncFiles\Temp\HFSS_sim\LHS800\train\TSV\dut818.s2p
train,TSV,819,skipped,C:\ffzhzh\SyncFiles\Temp\HFSS_sim\LHS800\train\TSV\dut819.s2p
train,TSV,820,skipped,C:\ffzhzh\SyncFiles\Temp\HFSS_sim\LHS800\train\TSV\dut820.s2p
train,TSV,821,skipped,C:\ffzhzh\SyncFiles\Temp\HFSS_sim\LHS800\train\TSV\dut821.s2p
train,TSV,822,skipped,C:\ffzhzh\SyncFiles\Temp\HFSS_sim\LHS800\train\TSV\dut822.s2p
train,TSV,823,skipped,C:\ffzhzh\SyncFiles\Temp\HFSS_sim\LHS800\train\TSV\dut823.s2p
train,TSV,824,skipped,C:\ffzhzh\SyncFiles\Temp\HFSS_sim\LHS800\train\TSV\dut824.s2p
train,TSV,825,skipped,C:\ffzhzh\SyncFiles\Temp\HFSS_sim\LHS800\train\TSV\dut825.s2p
train,TSV,826,skipped,C:\ffzhzh\SyncFiles\Temp\HFSS_sim\LHS800\train\TSV\dut826.s2p
train,TSV,827,skipped,C:\ffzhzh\SyncFiles\Temp\HFSS_sim\LHS800\train\TSV\dut827.s2p
train,TSV,828,skipped,C:\ffzhzh\SyncFiles\Temp\HFSS_sim\LHS800\train\TSV\dut828.s2p
train,TSV,829,skipped,C:\ffzhzh\SyncFiles\Temp\HFSS_sim\LHS800\train\TSV\dut829.s2p
train,TSV,830,skipped,C:\ffzhzh\SyncFiles\Temp\HFSS_sim\LHS800\train\TSV\dut830.s2p
train,TSV,831,skipped,C:\ffzhzh\SyncFiles\Temp\HFSS_sim\LHS800\train\TSV\dut831.s2p
train,TSV,832,skipped,C:\ffzhzh\SyncFiles\Temp\HFSS_sim\LHS800\train\TSV\dut832.s2p
train,TSV,833,skipped,C:\ffzhzh\SyncFiles\Temp\HFSS_sim\LHS800\train\TSV\dut833.s2p
train,TSV,834,skipped,C:\ffzhzh\SyncFiles\Temp\HFSS_sim\LHS800\train\TSV\dut834.s2p
train,TSV,835,skipped,C:\ffzhzh\SyncFiles\Temp\HFSS_sim\LHS800\train\TSV\dut835.s2p
train,TSV,836,skipped,C:\ffzhzh\SyncFiles\Temp\HFSS_sim\LHS800\train\TSV\dut836.s2p
train,TSV,837,skipped,C:\ffzhzh\SyncFiles\Temp\HFSS_sim\LHS800\train\TSV\dut837.s2p
train,TSV,838,skipped,C:\ffzhzh\SyncFiles\Temp\HFSS_sim\LHS800\train\TSV\dut838.s2p
train,TSV,839,skipped,C:\ffzhzh\SyncFiles\Temp\HFSS_sim\LHS800\train\TSV\dut839.s2p
train,TSV,840,skipped,C:\ffzhzh\SyncFiles\Temp\HFSS_sim\LHS800\train\TSV\dut840.s2p
train,TSV,841,skipped,C:\ffzhzh\SyncFiles\Temp\HFSS_sim\LHS800\train\TSV\dut841.s2p
train,TSV,842,skipped,C:\ffzhzh\SyncFiles\Temp\HFSS_sim\LHS800\train\TSV\dut842.s2p
train,TSV,843,skipped,C:\ffzhzh\SyncFiles\Temp\HFSS_sim\LHS800\train\TSV\dut843.s2p
train,TSV,844,skipped,C:\ffzhzh\SyncFiles\Temp\HFSS_sim\LHS800\train\TSV\dut844.s2p
train,TSV,845,skipped,C:\ffzhzh\SyncFiles\Temp\HFSS_sim\LHS800\train\TSV\dut845.s2p
train,TSV,846,skipped,C:\ffzhzh\SyncFiles\Temp\HFSS_sim\LHS800\train\TSV\dut846.s2p
train,TSV,847,skipped,C:\ffzhzh\SyncFiles\Temp\HFSS_sim\LHS800\train\TSV\dut847.s2p
train,TSV,848,skipped,C:\ffzhzh\SyncFiles\Temp\HFSS_sim\LHS800\train\TSV\dut848.s2p
train,TSV,849,skipped,C:\ffzhzh\SyncFiles\Temp\HFSS_sim\LHS800\train\TSV\dut849.s2p
train,TSV,850,skipped,C:\ffzhzh\SyncFiles\Temp\HFSS_sim\LHS800\train\TSV\dut850.s2p
train,TSV,851,skipped,C:\ffzhzh\SyncFiles\Temp\HFSS_sim\LHS800\train\TSV\dut851.s2p
train,TSV,852,skipped,C:\ffzhzh\SyncFiles\Temp\HFSS_sim\LHS800\train\TSV\dut852.s2p
train,TSV,853,skipped,C:\ffzhzh\SyncFiles\Temp\HFSS_sim\LHS800\train\TSV\dut853.s2p
train,TSV,854,skipped,C:\ffzhzh\SyncFiles\Temp\HFSS_sim\LHS800\train\TSV\dut854.s2p
train,TSV,855,skipped,C:\ffzhzh\SyncFiles\Temp\HFSS_sim\LHS800\train\TSV\dut855.s2p
train,TSV,856,skipped,C:\ffzhzh\SyncFiles\Temp\HFSS_sim\LHS800\train\TSV\dut856.s2p
train,TSV,857,skipped,C:\ffzhzh\SyncFiles\Temp\HFSS_sim\LHS800\train\TSV\dut857.s2p
train,TSV,858,skipped,C:\ffzhzh\SyncFiles\Temp\HFSS_sim\LHS800\train\TSV\dut858.s2p
train,TSV,859,skipped,C:\ffzhzh\SyncFiles\Temp\HFSS_sim\LHS800\train\TSV\dut859.s2p
train,TSV,860,skipped,C:\ffzhzh\SyncFiles\Temp\HFSS_sim\LHS800\train\TSV\dut860.s2p
train,TSV,861,skipped,C:\ffzhzh\SyncFiles\Temp\HFSS_sim\LHS800\train\TSV\dut861.s2p
train,TSV,862,skipped,C:\ffzhzh\SyncFiles\Temp\HFSS_sim\LHS800\train\TSV\dut862.s2p
train,TSV,863,skipped,C:\ffzhzh\SyncFiles\Temp\HFSS_sim\LHS800\train\TSV\dut863.s2p
train,TSV,864,skipped,C:\ffzhzh\SyncFiles\Temp\HFSS_sim\LHS800\train\TSV\dut864.s2p
train,TSV,865,skipped,C:\ffzhzh\SyncFiles\Temp\HFSS_sim\LHS800\train\TSV\dut865.s2p
train,TSV,866,skipped,C:\ffzhzh\SyncFiles\Temp\HFSS_sim\LHS800\train\TSV\dut866.s2p
train,TSV,867,skipped,C:\ffzhzh\SyncFiles\Temp\HFSS_sim\LHS800\train\TSV\dut867.s2p
train,TSV,868,skipped,C:\ffzhzh\SyncFiles\Temp\HFSS_sim\LHS800\train\TSV\dut868.s2p
train,TSV,869,skipped,C:\ffzhzh\SyncFiles\Temp\HFSS_sim\LHS800\train\TSV\dut869.s2p
train,TSV,870,skipped,C:\ffzhzh\SyncFiles\Temp\HFSS_sim\LHS800\train\TSV\dut870.s2p
train,TSV,871,skipped,C:\ffzhzh\SyncFiles\Temp\HFSS_sim\LHS800\train\TSV\dut871.s2p
train,TSV,872,skipped,C:\ffzhzh\SyncFiles\Temp\HFSS_sim\LHS800\train\TSV\dut872.s2p
train,TSV,873,skipped,C:\ffzhzh\SyncFiles\Temp\HFSS_sim\LHS800\train\TSV\dut873.s2p
train,TSV,874,skipped,C:\ffzhzh\SyncFiles\Temp\HFSS_sim\LHS800\train\TSV\dut874.s2p
train,TSV,875,skipped,C:\ffzhzh\SyncFiles\Temp\HFSS_sim\LHS800\train\TSV\dut875.s2p
train,TSV,876,skipped,C:\ffzhzh\SyncFiles\Temp\HFSS_sim\LHS800\train\TSV\dut876.s2p
train,TSV,877,skipped,C:\ffzhzh\SyncFiles\Temp\HFSS_sim\LHS800\train\TSV\dut877.s2p
train,TSV,878,skipped,C:\ffzhzh\SyncFiles\Temp\HFSS_sim\LHS800\train\TSV\dut878.s2p
train,TSV,879,skipped,C:\ffzhzh\SyncFiles\Temp\HFSS_sim\LHS800\train\TSV\dut879.s2p
train,TSV,880,skipped,C:\ffzhzh\SyncFiles\Temp\HFSS_sim\LHS800\train\TSV\dut880.s2p
train,TSV,881,skipped,C:\ffzhzh\SyncFiles\Temp\HFSS_sim\LHS800\train\TSV\dut881.s2p
train,TSV,882,skipped,C:\ffzhzh\SyncFiles\Temp\HFSS_sim\LHS800\train\TSV\dut882.s2p
train,TSV,883,skipped,C:\ffzhzh\SyncFiles\Temp\HFSS_sim\LHS800\train\TSV\dut883.s2p
train,TSV,884,skipped,C:\ffzhzh\SyncFiles\Temp\HFSS_sim\LHS800\train\TSV\dut884.s2p
train,TSV,885,skipped,C:\ffzhzh\SyncFiles\Temp\HFSS_sim\LHS800\train\TSV\dut885.s2p
train,TSV,886,skipped,C:\ffzhzh\SyncFiles\Temp\HFSS_sim\LHS800\train\TSV\dut886.s2p
train,TSV,887,skipped,C:\ffzhzh\SyncFiles\Temp\HFSS_sim\LHS800\train\TSV\dut887.s2p
train,TSV,888,skipped,C:\ffzhzh\SyncFiles\Temp\HFSS_sim\LHS800\train\TSV\dut888.s2p
train,TSV,889,skipped,C:\ffzhzh\SyncFiles\Temp\HFSS_sim\LHS800\train\TSV\dut889.s2p
train,TSV,890,skipped,C:\ffzhzh\SyncFiles\Temp\HFSS_sim\LHS800\train\TSV\dut890.s2p
train,TSV,891,skipped,C:\ffzhzh\SyncFiles\Temp\HFSS_sim\LHS800\train\TSV\dut891.s2p
train,TSV,892,skipped,C:\ffzhzh\SyncFiles\Temp\HFSS_sim\LHS800\train\TSV\dut892.s2p
train,TSV,893,skipped,C:\ffzhzh\SyncFiles\Temp\HFSS_sim\LHS800\train\TSV\dut893.s2p
train,TSV,894,skipped,C:\ffzhzh\SyncFiles\Temp\HFSS_sim\LHS800\train\TSV\dut894.s2p
train,TSV,895,skipped,C:\ffzhzh\SyncFiles\Temp\HFSS_sim\LHS800\train\TSV\dut895.s2p
train,TSV,896,skipped,C:\ffzhzh\SyncFiles\Temp\HFSS_sim\LHS800\train\TSV\dut896.s2p
train,TSV,897,skipped,C:\ffzhzh\SyncFiles\Temp\HFSS_sim\LHS800\train\TSV\dut897.s2p
train,TSV,898,skipped,C:\ffzhzh\SyncFiles\Temp\HFSS_sim\LHS800\train\TSV\dut898.s2p
train,TSV,899,skipped,C:\ffzhzh\SyncFiles\Temp\HFSS_sim\LHS800\train\TSV\dut899.s2p
train,TSV,900,skipped,C:\ffzhzh\SyncFiles\Temp\HFSS_sim\LHS800\train\TSV\dut900.s2p
train,TSV,901,skipped,C:\ffzhzh\SyncFiles\Temp\HFSS_sim\LHS800\train\TSV\dut901.s2p
train,TSV,902,skipped,C:\ffzhzh\SyncFiles\Temp\HFSS_sim\LHS800\train\TSV\dut902.s2p
train,TSV,903,skipped,C:\ffzhzh\SyncFiles\Temp\HFSS_sim\LHS800\train\TSV\dut903.s2p
train,TSV,904,skipped,C:\ffzhzh\SyncFiles\Temp\HFSS_sim\LHS800\train\TSV\dut904.s2p
train,TSV,905,skipped,C:\ffzhzh\SyncFiles\Temp\HFSS_sim\LHS800\train\TSV\dut905.s2p
train,TSV,906,skipped,C:\ffzhzh\SyncFiles\Temp\HFSS_sim\LHS800\train\TSV\dut906.s2p
train,TSV,907,skipped,C:\ffzhzh\SyncFiles\Temp\HFSS_sim\LHS800\train\TSV\dut907.s2p
train,TSV,908,skipped,C:\ffzhzh\SyncFiles\Temp\HFSS_sim\LHS800\train\TSV\dut908.s2p
train,TSV,909,skipped,C:\ffzhzh\SyncFiles\Temp\HFSS_sim\LHS800\train\TSV\dut909.s2p
train,TSV,910,skipped,C:\ffzhzh\SyncFiles\Temp\HFSS_sim\LHS800\train\TSV\dut910.s2p
train,TSV,911,skipped,C:\ffzhzh\SyncFiles\Temp\HFSS_sim\LHS800\train\TSV\dut911.s2p
train,TSV,912,skipped,C:\ffzhzh\SyncFiles\Temp\HFSS_sim\LHS800\train\TSV\dut912.s2p
train,TSV,913,skipped,C:\ffzhzh\SyncFiles\Temp\HFSS_sim\LHS800\train\TSV\dut913.s2p
train,TSV,914,skipped,C:\ffzhzh\SyncFiles\Temp\HFSS_sim\LHS800\train\TSV\dut914.s2p
train,TSV,915,skipped,C:\ffzhzh\SyncFiles\Temp\HFSS_sim\LHS800\train\TSV\dut915.s2p
train,TSV,916,skipped,C:\ffzhzh\SyncFiles\Temp\HFSS_sim\LHS800\train\TSV\dut916.s2p
train,TSV,917,skipped,C:\ffzhzh\SyncFiles\Temp\HFSS_sim\LHS800\train\TSV\dut917.s2p
train,TSV,918,skipped,C:\ffzhzh\SyncFiles\Temp\HFSS_sim\LHS800\train\TSV\dut918.s2p
train,TSV,919,skipped,C:\ffzhzh\SyncFiles\Temp\HFSS_sim\LHS800\train\TSV\dut919.s2p
train,TSV,920,skipped,C:\ffzhzh\SyncFiles\Temp\HFSS_sim\LHS800\train\TSV\dut920.s2p
train,TSV,921,skipped,C:\ffzhzh\SyncFiles\Temp\HFSS_sim\LHS800\train\TSV\dut921.s2p
train,TSV,922,skipped,C:\ffzhzh\SyncFiles\Temp\HFSS_sim\LHS800\train\TSV\dut922.s2p
train,TSV,923,skipped,C:\ffzhzh\SyncFiles\Temp\HFSS_sim\LHS800\train\TSV\dut923.s2p
train,TSV,924,skipped,C:\ffzhzh\SyncFiles\Temp\HFSS_sim\LHS800\train\TSV\dut924.s2p
train,TSV,925,skipped,C:\ffzhzh\SyncFiles\Temp\HFSS_sim\LHS800\train\TSV\dut925.s2p
train,TSV,926,skipped,C:\ffzhzh\SyncFiles\Temp\HFSS_sim\LHS800\train\TSV\dut926.s2p
train,TSV,927,skipped,C:\ffzhzh\SyncFiles\Temp\HFSS_sim\LHS800\train\TSV\dut927.s2p
train,TSV,928,skipped,C:\ffzhzh\SyncFiles\Temp\HFSS_sim\LHS800\train\TSV\dut928.s2p
train,TSV,929,skipped,C:\ffzhzh\SyncFiles\Temp\HFSS_sim\LHS800\train\TSV\dut929.s2p
train,TSV,930,skipped,C:\ffzhzh\SyncFiles\Temp\HFSS_sim\LHS800\train\TSV\dut930.s2p
train,TSV,931,skipped,C:\ffzhzh\SyncFiles\Temp\HFSS_sim\LHS800\train\TSV\dut931.s2p
train,TSV,932,skipped,C:\ffzhzh\SyncFiles\Temp\HFSS_sim\LHS800\train\TSV\dut932.s2p
train,TSV,933,skipped,C:\ffzhzh\SyncFiles\Temp\HFSS_sim\LHS800\train\TSV\dut933.s2p
train,TSV,934,skipped,C:\ffzhzh\SyncFiles\Temp\HFSS_sim\LHS800\train\TSV\dut934.s2p
train,TSV,935,skipped,C:\ffzhzh\SyncFiles\Temp\HFSS_sim\LHS800\train\TSV\dut935.s2p
train,TSV,936,skipped,C:\ffzhzh\SyncFiles\Temp\HFSS_sim\LHS800\train\TSV\dut936.s2p
train,TSV,937,skipped,C:\ffzhzh\SyncFiles\Temp\HFSS_sim\LHS800\train\TSV\dut937.s2p
train,TSV,938,skipped,C:\ffzhzh\SyncFiles\Temp\HFSS_sim\LHS800\train\TSV\dut938.s2p
train,TSV,939,skipped,C:\ffzhzh\SyncFiles\Temp\HFSS_sim\LHS800\train\TSV\dut939.s2p
train,TSV,940,skipped,C:\ffzhzh\SyncFiles\Temp\HFSS_sim\LHS800\train\TSV\dut940.s2p
train,TSV,941,skipped,C:\ffzhzh\SyncFiles\Temp\HFSS_sim\LHS800\train\TSV\dut941.s2p
train,TSV,942,skipped,C:\ffzhzh\SyncFiles\Temp\HFSS_sim\LHS800\train\TSV\dut942.s2p
train,TSV,943,skipped,C:\ffzhzh\SyncFiles\Temp\HFSS_sim\LHS800\train\TSV\dut943.s2p
train,TSV,944,skipped,C:\ffzhzh\SyncFiles\Temp\HFSS_sim\LHS800\train\TSV\dut944.s2p
train,TSV,945,skipped,C:\ffzhzh\SyncFiles\Temp\HFSS_sim\LHS800\train\TSV\dut945.s2p
train,TSV,946,skipped,C:\ffzhzh\SyncFiles\Temp\HFSS_sim\LHS800\train\TSV\dut946.s2p
train,TSV,947,skipped,C:\ffzhzh\SyncFiles\Temp\HFSS_sim\LHS800\train\TSV\dut947.s2p
train,TSV,948,skipped,C:\ffzhzh\SyncFiles\Temp\HFSS_sim\LHS800\train\TSV\dut948.s2p
train,TSV,949,skipped,C:\ffzhzh\SyncFiles\Temp\HFSS_sim\LHS800\train\TSV\dut949.s2p
train,TSV,950,skipped,C:\ffzhzh\SyncFiles\Temp\HFSS_sim\LHS800\train\TSV\dut950.s2p
train,TSV,951,skipped,C:\ffzhzh\SyncFiles\Temp\HFSS_sim\LHS800\train\TSV\dut951.s2p
train,TSV,952,skipped,C:\ffzhzh\SyncFiles\Temp\HFSS_sim\LHS800\train\TSV\dut952.s2p
train,TSV,953,skipped,C:\ffzhzh\SyncFiles\Temp\HFSS_sim\LHS800\train\TSV\dut953.s2p
train,TSV,954,skipped,C:\ffzhzh\SyncFiles\Temp\HFSS_sim\LHS800\train\TSV\dut954.s2p
train,TSV,955,skipped,C:\ffzhzh\SyncFiles\Temp\HFSS_sim\LHS800\train\TSV\dut955.s2p
train,TSV,956,skipped,C:\ffzhzh\SyncFiles\Temp\HFSS_sim\LHS800\train\TSV\dut956.s2p
train,TSV,957,skipped,C:\ffzhzh\SyncFiles\Temp\HFSS_sim\LHS800\train\TSV\dut957.s2p
train,TSV,958,skipped,C:\ffzhzh\SyncFiles\Temp\HFSS_sim\LHS800\train\TSV\dut958.s2p
train,TSV,959,skipped,C:\ffzhzh\SyncFiles\Temp\HFSS_sim\LHS800\train\TSV\dut959.s2p
train,TSV,960,skipped,C:\ffzhzh\SyncFiles\Temp\HFSS_sim\LHS800\train\TSV\dut960.s2p
train,TSV,961,skipped,C:\ffzhzh\SyncFiles\Temp\HFSS_sim\LHS800\train\TSV\dut961.s2p
train,TSV,962,skipped,C:\ffzhzh\SyncFiles\Temp\HFSS_sim\LHS800\train\TSV\dut962.s2p
train,TSV,963,skipped,C:\ffzhzh\SyncFiles\Temp\HFSS_sim\LHS800\train\TSV\dut963.s2p
train,TSV,964,skipped,C:\ffzhzh\SyncFiles\Temp\HFSS_sim\LHS800\train\TSV\dut964.s2p
train,TSV,965,skipped,C:\ffzhzh\SyncFiles\Temp\HFSS_sim\LHS800\train\TSV\dut965.s2p
train,TSV,966,skipped,C:\ffzhzh\SyncFiles\Temp\HFSS_sim\LHS800\train\TSV\dut966.s2p
train,TSV,967,skipped,C:\ffzhzh\SyncFiles\Temp\HFSS_sim\LHS800\train\TSV\dut967.s2p
train,TSV,968,skipped,C:\ffzhzh\SyncFiles\Temp\HFSS_sim\LHS800\train\TSV\dut968.s2p
train,TSV,969,skipped,C:\ffzhzh\SyncFiles\Temp\HFSS_sim\LHS800\train\TSV\dut969.s2p
train,TSV,970,skipped,C:\ffzhzh\SyncFiles\Temp\HFSS_sim\LHS800\train\TSV\dut970.s2p
train,TSV,971,skipped,C:\ffzhzh\SyncFiles\Temp\HFSS_sim\LHS800\train\TSV\dut971.s2p
train,TSV,972,skipped,C:\ffzhzh\SyncFiles\Temp\HFSS_sim\LHS800\train\TSV\dut972.s2p
train,TSV,973,skipped,C:\ffzhzh\SyncFiles\Temp\HFSS_sim\LHS800\train\TSV\dut973.s2p
train,TSV,974,skipped,C:\ffzhzh\SyncFiles\Temp\HFSS_sim\LHS800\train\TSV\dut974.s2p
train,TSV,975,skipped,C:\ffzhzh\SyncFiles\Temp\HFSS_sim\LHS800\train\TSV\dut975.s2p
train,TSV,976,skipped,C:\ffzhzh\SyncFiles\Temp\HFSS_sim\LHS800\train\TSV\dut976.s2p
train,TSV,977,skipped,C:\ffzhzh\SyncFiles\Temp\HFSS_sim\LHS800\train\TSV\dut977.s2p
train,TSV,978,skipped,C:\ffzhzh\SyncFiles\Temp\HFSS_sim\LHS800\train\TSV\dut978.s2p
train,TSV,979,skipped,C:\ffzhzh\SyncFiles\Temp\HFSS_sim\LHS800\train\TSV\dut979.s2p
train,TSV,980,skipped,C:\ffzhzh\SyncFiles\Temp\HFSS_sim\LHS800\train\TSV\dut980.s2p
train,TSV,981,skipped,C:\ffzhzh\SyncFiles\Temp\HFSS_sim\LHS800\train\TSV\dut981.s2p
train,TSV,982,skipped,C:\ffzhzh\SyncFiles\Temp\HFSS_sim\LHS800\train\TSV\dut982.s2p
train,TSV,983,skipped,C:\ffzhzh\SyncFiles\Temp\HFSS_sim\LHS800\train\TSV\dut983.s2p
train,TSV,984,skipped,C:\ffzhzh\SyncFiles\Temp\HFSS_sim\LHS800\train\TSV\dut984.s2p
train,TSV,985,skipped,C:\ffzhzh\SyncFiles\Temp\HFSS_sim\LHS800\train\TSV\dut985.s2p
train,TSV,986,skipped,C:\ffzhzh\SyncFiles\Temp\HFSS_sim\LHS800\train\TSV\dut986.s2p
train,TSV,987,skipped,C:\ffzhzh\SyncFiles\Temp\HFSS_sim\LHS800\train\TSV\dut987.s2p
train,TSV,988,skipped,C:\ffzhzh\SyncFiles\Temp\HFSS_sim\LHS800\train\TSV\dut988.s2p
train,TSV,989,skipped,C:\ffzhzh\SyncFiles\Temp\HFSS_sim\LHS800\train\TSV\dut989.s2p
train,TSV,990,skipped,C:\ffzhzh\SyncFiles\Temp\HFSS_sim\LHS800\train\TSV\dut990.s2p
train,TSV,991,skipped,C:\ffzhzh\SyncFiles\Temp\HFSS_sim\LHS800\train\TSV\dut991.s2p
train,TSV,992,skipped,C:\ffzhzh\SyncFiles\Temp\HFSS_sim\LHS800\train\TSV\dut992.s2p
train,TSV,993,skipped,C:\ffzhzh\SyncFiles\Temp\HFSS_sim\LHS800\train\TSV\dut993.s2p
train,TSV,994,skipped,C:\ffzhzh\SyncFiles\Temp\HFSS_sim\LHS800\train\TSV\dut994.s2p
train,TSV,995,skipped,C:\ffzhzh\SyncFiles\Temp\HFSS_sim\LHS800\train\TSV\dut995.s2p
train,TSV,996,skipped,C:\ffzhzh\SyncFiles\Temp\HFSS_sim\LHS800\train\TSV\dut996.s2p
train,TSV,997,skipped,C:\ffzhzh\SyncFiles\Temp\HFSS_sim\LHS800\train\TSV\dut997.s2p
train,TSV,998,skipped,C:\ffzhzh\SyncFiles\Temp\HFSS_sim\LHS800\train\TSV\dut998.s2p
train,TSV,999,skipped,C:\ffzhzh\SyncFiles\Temp\HFSS_sim\LHS800\train\TSV\dut999.s2p
train,TSV,1000,skipped,C:\ffzhzh\SyncFiles\Temp\HFSS_sim\LHS800\train\TSV\dut1000.s2p
train,TSV,1001,skipped,C:\ffzhzh\SyncFiles\Temp\HFSS_sim\LHS800\train\TSV\dut1001.s2p
train,TSV,1002,skipped,C:\ffzhzh\SyncFiles\Temp\HFSS_sim\LHS800\train\TSV\dut1002.s2p
train,TSV,1003,skipped,C:\ffzhzh\SyncFiles\Temp\HFSS_sim\LHS800\train\TSV\dut1003.s2p
train,TSV,1004,skipped,C:\ffzhzh\SyncFiles\Temp\HFSS_sim\LHS800\train\TSV\dut1004.s2p
train,TSV,1005,skipped,C:\ffzhzh\SyncFiles\Temp\HFSS_sim\LHS800\train\TSV\dut1005.s2p
train,TSV,1006,skipped,C:\ffzhzh\SyncFiles\Temp\HFSS_sim\LHS800\train\TSV\dut1006.s2p
train,TSV,1007,skipped,C:\ffzhzh\SyncFiles\Temp\HFSS_sim\LHS800\train\TSV\dut1007.s2p
train,TSV,1008,skipped,C:\ffzhzh\SyncFiles\Temp\HFSS_sim\LHS800\train\TSV\dut1008.s2p
train,TSV,1009,skipped,C:\ffzhzh\SyncFiles\Temp\HFSS_sim\LHS800\train\TSV\dut1009.s2p
train,TSV,1010,skipped,C:\ffzhzh\SyncFiles\Temp\HFSS_sim\LHS800\train\TSV\dut1010.s2p
train,TSV,1011,skipped,C:\ffzhzh\SyncFiles\Temp\HFSS_sim\LHS800\train\TSV\dut1011.s2p
train,TSV,1012,skipped,C:\ffzhzh\SyncFiles\Temp\HFSS_sim\LHS800\train\TSV\dut1012.s2p
train,TSV,1013,skipped,C:\ffzhzh\SyncFiles\Temp\HFSS_sim\LHS800\train\TSV\dut1013.s2p
train,TSV,1014,skipped,C:\ffzhzh\SyncFiles\Temp\HFSS_sim\LHS800\train\TSV\dut1014.s2p
train,TSV,1015,skipped,C:\ffzhzh\SyncFiles\Temp\HFSS_sim\LHS800\train\TSV\dut1015.s2p
train,TSV,1016,skipped,C:\ffzhzh\SyncFiles\Temp\HFSS_sim\LHS800\train\TSV\dut1016.s2p
train,TSV,1017,skipped,C:\ffzhzh\SyncFiles\Temp\HFSS_sim\LHS800\train\TSV\dut1017.s2p
train,TSV,1018,skipped,C:\ffzhzh\SyncFiles\Temp\HFSS_sim\LHS800\train\TSV\dut1018.s2p
train,TSV,1019,skipped,C:\ffzhzh\SyncFiles\Temp\HFSS_sim\LHS800\train\TSV\dut1019.s2p
train,TSV,1020,skipped,C:\ffzhzh\SyncFiles\Temp\HFSS_sim\LHS800\train\TSV\dut1020.s2p
train,TSV,1021,skipped,C:\ffzhzh\SyncFiles\Temp\HFSS_sim\LHS800\train\TSV\dut1021.s2p
train,TSV,1022,skipped,C:\ffzhzh\SyncFiles\Temp\HFSS_sim\LHS800\train\TSV\dut1022.s2p
train,TSV,1023,skipped,C:\ffzhzh\SyncFiles\Temp\HFSS_sim\LHS800\train\TSV\dut1023.s2p
train,TSV,1024,skipped,C:\ffzhzh\SyncFiles\Temp\HFSS_sim\LHS800\train\TSV\dut1024.s2p
train,TSV,1025,skipped,C:\ffzhzh\SyncFiles\Temp\HFSS_sim\LHS800\train\TSV\dut1025.s2p
train,TSV,1026,skipped,C:\ffzhzh\SyncFiles\Temp\HFSS_sim\LHS800\train\TSV\dut1026.s2p
train,TSV,1027,skipped,C:\ffzhzh\SyncFiles\Temp\HFSS_sim\LHS800\train\TSV\dut1027.s2p
train,TSV,1028,skipped,C:\ffzhzh\SyncFiles\Temp\HFSS_sim\LHS800\train\TSV\dut1028.s2p
train,TSV,1029,skipped,C:\ffzhzh\SyncFiles\Temp\HFSS_sim\LHS800\train\TSV\dut1029.s2p
train,TSV,1030,skipped,C:\ffzhzh\SyncFiles\Temp\HFSS_sim\LHS800\train\TSV\dut1030.s2p
train,TSV,1031,skipped,C:\ffzhzh\SyncFiles\Temp\HFSS_sim\LHS800\train\TSV\dut1031.s2p
train,TSV,1032,skipped,C:\ffzhzh\SyncFiles\Temp\HFSS_sim\LHS800\train\TSV\dut1032.s2p
train,TSV,1033,skipped,C:\ffzhzh\SyncFiles\Temp\HFSS_sim\LHS800\train\TSV\dut1033.s2p
train,TSV,1034,skipped,C:\ffzhzh\SyncFiles\Temp\HFSS_sim\LHS800\train\TSV\dut1034.s2p
train,TSV,1035,skipped,C:\ffzhzh\SyncFiles\Temp\HFSS_sim\LHS800\train\TSV\dut1035.s2p
train,TSV,1036,skipped,C:\ffzhzh\SyncFiles\Temp\HFSS_sim\LHS800\train\TSV\dut1036.s2p
train,TSV,1037,skipped,C:\ffzhzh\SyncFiles\Temp\HFSS_sim\LHS800\train\TSV\dut1037.s2p
train,TSV,1038,skipped,C:\ffzhzh\SyncFiles\Temp\HFSS_sim\LHS800\train\TSV\dut1038.s2p
train,TSV,1039,skipped,C:\ffzhzh\SyncFiles\Temp\HFSS_sim\LHS800\train\TSV\dut1039.s2p
train,TSV,1040,skipped,C:\ffzhzh\SyncFiles\Temp\HFSS_sim\LHS800\train\TSV\dut1040.s2p
train,TSV,1041,skipped,C:\ffzhzh\SyncFiles\Temp\HFSS_sim\LHS800\train\TSV\dut1041.s2p
train,TSV,1042,skipped,C:\ffzhzh\SyncFiles\Temp\HFSS_sim\LHS800\train\TSV\dut1042.s2p
train,TSV,1043,skipped,C:\ffzhzh\SyncFiles\Temp\HFSS_sim\LHS800\train\TSV\dut1043.s2p
train,TSV,1044,skipped,C:\ffzhzh\SyncFiles\Temp\HFSS_sim\LHS800\train\TSV\dut1044.s2p
train,TSV,1045,skipped,C:\ffzhzh\SyncFiles\Temp\HFSS_sim\LHS800\train\TSV\dut1045.s2p
train,TSV,1046,skipped,C:\ffzhzh\SyncFiles\Temp\HFSS_sim\LHS800\train\TSV\dut1046.s2p
train,TSV,1047,skipped,C:\ffzhzh\SyncFiles\Temp\HFSS_sim\LHS800\train\TSV\dut1047.s2p
train,TSV,1048,skipped,C:\ffzhzh\SyncFiles\Temp\HFSS_sim\LHS800\train\TSV\dut1048.s2p
train,TSV,1049,skipped,C:\ffzhzh\SyncFiles\Temp\HFSS_sim\LHS800\train\TSV\dut1049.s2p
train,TSV,1050,skipped,C:\ffzhzh\SyncFiles\Temp\HFSS_sim\LHS800\train\TSV\dut1050.s2p
train,TSV,1051,skipped,C:\ffzhzh\SyncFiles\Temp\HFSS_sim\LHS800\train\TSV\dut1051.s2p
train,TSV,1052,skipped,C:\ffzhzh\SyncFiles\Temp\HFSS_sim\LHS800\train\TSV\dut1052.s2p
train,TSV,1053,skipped,C:\ffzhzh\SyncFiles\Temp\HFSS_sim\LHS800\train\TSV\dut1053.s2p
train,TSV,1054,skipped,C:\ffzhzh\SyncFiles\Temp\HFSS_sim\LHS800\train\TSV\dut1054.s2p
train,TSV,1055,skipped,C:\ffzhzh\SyncFiles\Temp\HFSS_sim\LHS800\train\TSV\dut1055.s2p
train,TSV,1056,skipped,C:\ffzhzh\SyncFiles\Temp\HFSS_sim\LHS800\train\TSV\dut1056.s2p
train,TSV,1057,skipped,C:\ffzhzh\SyncFiles\Temp\HFSS_sim\LHS800\train\TSV\dut1057.s2p
train,TSV,1058,skipped,C:\ffzhzh\SyncFiles\Temp\HFSS_sim\LHS800\train\TSV\dut1058.s2p
train,TSV,1059,skipped,C:\ffzhzh\SyncFiles\Temp\HFSS_sim\LHS800\train\TSV\dut1059.s2p
train,TSV,1060,skipped,C:\ffzhzh\SyncFiles\Temp\HFSS_sim\LHS800\train\TSV\dut1060.s2p
train,TSV,1061,skipped,C:\ffzhzh\SyncFiles\Temp\HFSS_sim\LHS800\train\TSV\dut1061.s2p
train,TSV,1062,skipped,C:\ffzhzh\SyncFiles\Temp\HFSS_sim\LHS800\train\TSV\dut1062.s2p
train,TSV,1063,skipped,C:\ffzhzh\SyncFiles\Temp\HFSS_sim\LHS800\train\TSV\dut1063.s2p
train,TSV,1064,skipped,C:\ffzhzh\SyncFiles\Temp\HFSS_sim\LHS800\train\TSV\dut1064.s2p
train,TSV,1065,skipped,C:\ffzhzh\SyncFiles\Temp\HFSS_sim\LHS800\train\TSV\dut1065.s2p
train,TSV,1066,skipped,C:\ffzhzh\SyncFiles\Temp\HFSS_sim\LHS800\train\TSV\dut1066.s2p
train,TSV,1067,skipped,C:\ffzhzh\SyncFiles\Temp\HFSS_sim\LHS800\train\TSV\dut1067.s2p
train,TSV,1068,skipped,C:\ffzhzh\SyncFiles\Temp\HFSS_sim\LHS800\train\TSV\dut1068.s2p
train,TSV,1069,skipped,C:\ffzhzh\SyncFiles\Temp\HFSS_sim\LHS800\train\TSV\dut1069.s2p
train,TSV,1070,skipped,C:\ffzhzh\SyncFiles\Temp\HFSS_sim\LHS800\train\TSV\dut1070.s2p
train,TSV,1071,skipped,C:\ffzhzh\SyncFiles\Temp\HFSS_sim\LHS800\train\TSV\dut1071.s2p
train,TSV,1072,skipped,C:\ffzhzh\SyncFiles\Temp\HFSS_sim\LHS800\train\TSV\dut1072.s2p
train,TSV,1073,skipped,C:\ffzhzh\SyncFiles\Temp\HFSS_sim\LHS800\train\TSV\dut1073.s2p
train,TSV,1074,skipped,C:\ffzhzh\SyncFiles\Temp\HFSS_sim\LHS800\train\TSV\dut1074.s2p
train,TSV,1075,skipped,C:\ffzhzh\SyncFiles\Temp\HFSS_sim\LHS800\train\TSV\dut1075.s2p
train,TSV,1076,skipped,C:\ffzhzh\SyncFiles\Temp\HFSS_sim\LHS800\train\TSV\dut1076.s2p
train,TSV,1077,skipped,C:\ffzhzh\SyncFiles\Temp\HFSS_sim\LHS800\train\TSV\dut1077.s2p
train,TSV,1078,skipped,C:\ffzhzh\SyncFiles\Temp\HFSS_sim\LHS800\train\TSV\dut1078.s2p
train,TSV,1079,skipped,C:\ffzhzh\SyncFiles\Temp\HFSS_sim\LHS800\train\TSV\dut1079.s2p
train,TSV,1080,skipped,C:\ffzhzh\SyncFiles\Temp\HFSS_sim\LHS800\train\TSV\dut1080.s2p
train,TSV,1081,skipped,C:\ffzhzh\SyncFiles\Temp\HFSS_sim\LHS800\train\TSV\dut1081.s2p
train,TSV,1082,skipped,C:\ffzhzh\SyncFiles\Temp\HFSS_sim\LHS800\train\TSV\dut1082.s2p
train,TSV,1083,skipped,C:\ffzhzh\SyncFiles\Temp\HFSS_sim\LHS800\train\TSV\dut1083.s2p
train,TSV,1084,skipped,C:\ffzhzh\SyncFiles\Temp\HFSS_sim\LHS800\train\TSV\dut1084.s2p
train,TSV,1085,skipped,C:\ffzhzh\SyncFiles\Temp\HFSS_sim\LHS800\train\TSV\dut1085.s2p
train,TSV,1086,skipped,C:\ffzhzh\SyncFiles\Temp\HFSS_sim\LHS800\train\TSV\dut1086.s2p
train,TSV,1087,skipped,C:\ffzhzh\SyncFiles\Temp\HFSS_sim\LHS800\train\TSV\dut1087.s2p
train,TSV,1088,skipped,C:\ffzhzh\SyncFiles\Temp\HFSS_sim\LHS800\train\TSV\dut1088.s2p
train,TSV,1089,skipped,C:\ffzhzh\SyncFiles\Temp\HFSS_sim\LHS800\train\TSV\dut1089.s2p
train,TSV,1090,skipped,C:\ffzhzh\SyncFiles\Temp\HFSS_sim\LHS800\train\TSV\dut1090.s2p
train,TSV,1091,skipped,C:\ffzhzh\SyncFiles\Temp\HFSS_sim\LHS800\train\TSV\dut1091.s2p
train,TSV,1092,skipped,C:\ffzhzh\SyncFiles\Temp\HFSS_sim\LHS800\train\TSV\dut1092.s2p
train,TSV,1093,skipped,C:\ffzhzh\SyncFiles\Temp\HFSS_sim\LHS800\train\TSV\dut1093.s2p
train,TSV,1094,skipped,C:\ffzhzh\SyncFiles\Temp\HFSS_sim\LHS800\train\TSV\dut1094.s2p
train,TSV,1095,skipped,C:\ffzhzh\SyncFiles\Temp\HFSS_sim\LHS800\train\TSV\dut1095.s2p
train,TSV,1096,skipped,C:\ffzhzh\SyncFiles\Temp\HFSS_sim\LHS800\train\TSV\dut1096.s2p
train,TSV,1097,skipped,C:\ffzhzh\SyncFiles\Temp\HFSS_sim\LHS800\train\TSV\dut1097.s2p
train,TSV,1098,skipped,C:\ffzhzh\SyncFiles\Temp\HFSS_sim\LHS800\train\TSV\dut1098.s2p
train,TSV,1099,skipped,C:\ffzhzh\SyncFiles\Temp\HFSS_sim\LHS800\train\TSV\dut1099.s2p
train,TSV,1100,skipped,C:\ffzhzh\SyncFiles\Temp\HFSS_sim\LHS800\train\TSV\dut1100.s2p
train,TSV,1101,skipped,C:\ffzhzh\SyncFiles\Temp\HFSS_sim\LHS800\train\TSV\dut1101.s2p
train,TSV,1102,skipped,C:\ffzhzh\SyncFiles\Temp\HFSS_sim\LHS800\train\TSV\dut1102.s2p
train,TSV,1103,skipped,C:\ffzhzh\SyncFiles\Temp\HFSS_sim\LHS800\train\TSV\dut1103.s2p
train,TSV,1104,skipped,C:\ffzhzh\SyncFiles\Temp\HFSS_sim\LHS800\train\TSV\dut1104.s2p
train,TSV,1105,skipped,C:\ffzhzh\SyncFiles\Temp\HFSS_sim\LHS800\train\TSV\dut1105.s2p
train,TSV,1106,skipped,C:\ffzhzh\SyncFiles\Temp\HFSS_sim\LHS800\train\TSV\dut1106.s2p
train,TSV,1107,skipped,C:\ffzhzh\SyncFiles\Temp\HFSS_sim\LHS800\train\TSV\dut1107.s2p
train,TSV,1108,skipped,C:\ffzhzh\SyncFiles\Temp\HFSS_sim\LHS800\train\TSV\dut1108.s2p
train,TSV,1109,skipped,C:\ffzhzh\SyncFiles\Temp\HFSS_sim\LHS800\train\TSV\dut1109.s2p
train,TSV,1110,skipped,C:\ffzhzh\SyncFiles\Temp\HFSS_sim\LHS800\train\TSV\dut1110.s2p
train,TSV,1111,skipped,C:\ffzhzh\SyncFiles\Temp\HFSS_sim\LHS800\train\TSV\dut1111.s2p
train,TSV,1112,skipped,C:\ffzhzh\SyncFiles\Temp\HFSS_sim\LHS800\train\TSV\dut1112.s2p
train,TSV,1113,skipped,C:\ffzhzh\SyncFiles\Temp\HFSS_sim\LHS800\train\TSV\dut1113.s2p
train,TSV,1114,skipped,C:\ffzhzh\SyncFiles\Temp\HFSS_sim\LHS800\train\TSV\dut1114.s2p
train,TSV,1115,skipped,C:\ffzhzh\SyncFiles\Temp\HFSS_sim\LHS800\train\TSV\dut1115.s2p
train,TSV,1116,skipped,C:\ffzhzh\SyncFiles\Temp\HFSS_sim\LHS800\train\TSV\dut1116.s2p
train,TSV,1117,skipped,C:\ffzhzh\SyncFiles\Temp\HFSS_sim\LHS800\train\TSV\dut1117.s2p
train,TSV,1118,skipped,C:\ffzhzh\SyncFiles\Temp\HFSS_sim\LHS800\train\TSV\dut1118.s2p
train,TSV,1119,skipped,C:\ffzhzh\SyncFiles\Temp\HFSS_sim\LHS800\train\TSV\dut1119.s2p
train,TSV,1120,skipped,C:\ffzhzh\SyncFiles\Temp\HFSS_sim\LHS800\train\TSV\dut1120.s2p
train,TSV,1121,skipped,C:\ffzhzh\SyncFiles\Temp\HFSS_sim\LHS800\train\TSV\dut1121.s2p
train,TSV,1122,skipped,C:\ffzhzh\SyncFiles\Temp\HFSS_sim\LHS800\train\TSV\dut1122.s2p
train,TSV,1123,skipped,C:\ffzhzh\SyncFiles\Temp\HFSS_sim\LHS800\train\TSV\dut1123.s2p
train,TSV,1124,skipped,C:\ffzhzh\SyncFiles\Temp\HFSS_sim\LHS800\train\TSV\dut1124.s2p
train,TSV,1125,skipped,C:\ffzhzh\SyncFiles\Temp\HFSS_sim\LHS800\train\TSV\dut1125.s2p
train,TSV,1126,skipped,C:\ffzhzh\SyncFiles\Temp\HFSS_sim\LHS800\train\TSV\dut1126.s2p
train,TSV,1127,skipped,C:\ffzhzh\SyncFiles\Temp\HFSS_sim\LHS800\train\TSV\dut1127.s2p
train,TSV,1128,skipped,C:\ffzhzh\SyncFiles\Temp\HFSS_sim\LHS800\train\TSV\dut1128.s2p
train,TSV,1129,skipped,C:\ffzhzh\SyncFiles\Temp\HFSS_sim\LHS800\train\TSV\dut1129.s2p
train,TSV,1130,skipped,C:\ffzhzh\SyncFiles\Temp\HFSS_sim\LHS800\train\TSV\dut1130.s2p
train,TSV,1131,skipped,C:\ffzhzh\SyncFiles\Temp\HFSS_sim\LHS800\train\TSV\dut1131.s2p
train,TSV,1132,skipped,C:\ffzhzh\SyncFiles\Temp\HFSS_sim\LHS800\train\TSV\dut1132.s2p
train,TSV,1133,skipped,C:\ffzhzh\SyncFiles\Temp\HFSS_sim\LHS800\train\TSV\dut1133.s2p
train,TSV,1134,skipped,C:\ffzhzh\SyncFiles\Temp\HFSS_sim\LHS800\train\TSV\dut1134.s2p
train,TSV,1135,skipped,C:\ffzhzh\SyncFiles\Temp\HFSS_sim\LHS800\train\TSV\dut1135.s2p
train,TSV,1136,skipped,C:\ffzhzh\SyncFiles\Temp\HFSS_sim\LHS800\train\TSV\dut1136.s2p
train,TSV,1137,skipped,C:\ffzhzh\SyncFiles\Temp\HFSS_sim\LHS800\train\TSV\dut1137.s2p
train,TSV,1138,skipped,C:\ffzhzh\SyncFiles\Temp\HFSS_sim\LHS800\train\TSV\dut1138.s2p
train,TSV,1139,skipped,C:\ffzhzh\SyncFiles\Temp\HFSS_sim\LHS800\train\TSV\dut1139.s2p
train,TSV,1140,skipped,C:\ffzhzh\SyncFiles\Temp\HFSS_sim\LHS800\train\TSV\dut1140.s2p
train,TSV,1141,skipped,C:\ffzhzh\SyncFiles\Temp\HFSS_sim\LHS800\train\TSV\dut1141.s2p
train,TSV,1142,skipped,C:\ffzhzh\SyncFiles\Temp\HFSS_sim\LHS800\train\TSV\dut1142.s2p
train,TSV,1143,skipped,C:\ffzhzh\SyncFiles\Temp\HFSS_sim\LHS800\train\TSV\dut1143.s2p
train,TSV,1144,skipped,C:\ffzhzh\SyncFiles\Temp\HFSS_sim\LHS800\train\TSV\dut1144.s2p
train,TSV,1145,skipped,C:\ffzhzh\SyncFiles\Temp\HFSS_sim\LHS800\train\TSV\dut1145.s2p
train,TSV,1146,skipped,C:\ffzhzh\SyncFiles\Temp\HFSS_sim\LHS800\train\TSV\dut1146.s2p
train,TSV,1147,skipped,C:\ffzhzh\SyncFiles\Temp\HFSS_sim\LHS800\train\TSV\dut1147.s2p
train,TSV,1148,skipped,C:\ffzhzh\SyncFiles\Temp\HFSS_sim\LHS800\train\TSV\dut1148.s2p
train,TSV,1149,skipped,C:\ffzhzh\SyncFiles\Temp\HFSS_sim\LHS800\train\TSV\dut1149.s2p
train,TSV,1150,skipped,C:\ffzhzh\SyncFiles\Temp\HFSS_sim\LHS800\train\TSV\dut1150.s2p
train,TSV,1151,skipped,C:\ffzhzh\SyncFiles\Temp\HFSS_sim\LHS800\train\TSV\dut1151.s2p
train,TSV,1152,skipped,C:\ffzhzh\SyncFiles\Temp\HFSS_sim\LHS800\train\TSV\dut1152.s2p
train,TSV,1153,skipped,C:\ffzhzh\SyncFiles\Temp\HFSS_sim\LHS800\train\TSV\dut1153.s2p
train,TSV,1154,skipped,C:\ffzhzh\SyncFiles\Temp\HFSS_sim\LHS800\train\TSV\dut1154.s2p
train,TSV,1155,skipped,C:\ffzhzh\SyncFiles\Temp\HFSS_sim\LHS800\train\TSV\dut1155.s2p
train,TSV,1156,skipped,C:\ffzhzh\SyncFiles\Temp\HFSS_sim\LHS800\train\TSV\dut1156.s2p
train,TSV,1157,skipped,C:\ffzhzh\SyncFiles\Temp\HFSS_sim\LHS800\train\TSV\dut1157.s2p
train,TSV,1158,skipped,C:\ffzhzh\SyncFiles\Temp\HFSS_sim\LHS800\train\TSV\dut1158.s2p
train,TSV,1159,skipped,C:\ffzhzh\SyncFiles\Temp\HFSS_sim\LHS800\train\TSV\dut1159.s2p
train,TSV,1160,skipped,C:\ffzhzh\SyncFiles\Temp\HFSS_sim\LHS800\train\TSV\dut1160.s2p
train,TSV,1161,skipped,C:\ffzhzh\SyncFiles\Temp\HFSS_sim\LHS800\train\TSV\dut1161.s2p
train,TSV,1162,skipped,C:\ffzhzh\SyncFiles\Temp\HFSS_sim\LHS800\train\TSV\dut1162.s2p
train,TSV,1163,skipped,C:\ffzhzh\SyncFiles\Temp\HFSS_sim\LHS800\train\TSV\dut1163.s2p
train,TSV,1164,skipped,C:\ffzhzh\SyncFiles\Temp\HFSS_sim\LHS800\train\TSV\dut1164.s2p
train,TSV,1165,skipped,C:\ffzhzh\SyncFiles\Temp\HFSS_sim\LHS800\train\TSV\dut1165.s2p
train,TSV,1166,skipped,C:\ffzhzh\SyncFiles\Temp\HFSS_sim\LHS800\train\TSV\dut1166.s2p
train,TSV,1167,skipped,C:\ffzhzh\SyncFiles\Temp\HFSS_sim\LHS800\train\TSV\dut1167.s2p
train,TSV,1168,skipped,C:\ffzhzh\SyncFiles\Temp\HFSS_sim\LHS800\train\TSV\dut1168.s2p
train,TSV,1169,skipped,C:\ffzhzh\SyncFiles\Temp\HFSS_sim\LHS800\train\TSV\dut1169.s2p
train,TSV,1170,skipped,C:\ffzhzh\SyncFiles\Temp\HFSS_sim\LHS800\train\TSV\dut1170.s2p
train,TSV,1171,skipped,C:\ffzhzh\SyncFiles\Temp\HFSS_sim\LHS800\train\TSV\dut1171.s2p
train,TSV,1172,skipped,C:\ffzhzh\SyncFiles\Temp\HFSS_sim\LHS800\train\TSV\dut1172.s2p
train,TSV,1173,skipped,C:\ffzhzh\SyncFiles\Temp\HFSS_sim\LHS800\train\TSV\dut1173.s2p
train,TSV,1174,skipped,C:\ffzhzh\SyncFiles\Temp\HFSS_sim\LHS800\train\TSV\dut1174.s2p
train,TSV,1175,skipped,C:\ffzhzh\SyncFiles\Temp\HFSS_sim\LHS800\train\TSV\dut1175.s2p
train,TSV,1176,skipped,C:\ffzhzh\SyncFiles\Temp\HFSS_sim\LHS800\train\TSV\dut1176.s2p
train,TSV,1177,skipped,C:\ffzhzh\SyncFiles\Temp\HFSS_sim\LHS800\train\TSV\dut1177.s2p
train,TSV,1178,skipped,C:\ffzhzh\SyncFiles\Temp\HFSS_sim\LHS800\train\TSV\dut1178.s2p
train,TSV,1179,skipped,C:\ffzhzh\SyncFiles\Temp\HFSS_sim\LHS800\train\TSV\dut1179.s2p
train,TSV,1180,skipped,C:\ffzhzh\SyncFiles\Temp\HFSS_sim\LHS800\train\TSV\dut1180.s2p
train,TSV,1181,skipped,C:\ffzhzh\SyncFiles\Temp\HFSS_sim\LHS800\train\TSV\dut1181.s2p
train,TSV,1182,skipped,C:\ffzhzh\SyncFiles\Temp\HFSS_sim\LHS800\train\TSV\dut1182.s2p
train,TSV,1183,skipped,C:\ffzhzh\SyncFiles\Temp\HFSS_sim\LHS800\train\TSV\dut1183.s2p
train,TSV,1184,skipped,C:\ffzhzh\SyncFiles\Temp\HFSS_sim\LHS800\train\TSV\dut1184.s2p
train,TSV,1185,skipped,C:\ffzhzh\SyncFiles\Temp\HFSS_sim\LHS800\train\TSV\dut1185.s2p
train,TSV,1186,skipped,C:\ffzhzh\SyncFiles\Temp\HFSS_sim\LHS800\train\TSV\dut1186.s2p
train,TSV,1187,skipped,C:\ffzhzh\SyncFiles\Temp\HFSS_sim\LHS800\train\TSV\dut1187.s2p
train,TSV,1188,skipped,C:\ffzhzh\SyncFiles\Temp\HFSS_sim\LHS800\train\TSV\dut1188.s2p
train,TSV,1189,skipped,C:\ffzhzh\SyncFiles\Temp\HFSS_sim\LHS800\train\TSV\dut1189.s2p
train,TSV,1190,skipped,C:\ffzhzh\SyncFiles\Temp\HFSS_sim\LHS800\train\TSV\dut1190.s2p
train,TSV,1191,skipped,C:\ffzhzh\SyncFiles\Temp\HFSS_sim\LHS800\train\TSV\dut1191.s2p
train,TSV,1192,skipped,C:\ffzhzh\SyncFiles\Temp\HFSS_sim\LHS800\train\TSV\dut1192.s2p
train,TSV,1193,skipped,C:\ffzhzh\SyncFiles\Temp\HFSS_sim\LHS800\train\TSV\dut1193.s2p
train,TSV,1194,skipped,C:\ffzhzh\SyncFiles\Temp\HFSS_sim\LHS800\train\TSV\dut1194.s2p
train,TSV,1195,skipped,C:\ffzhzh\SyncFiles\Temp\HFSS_sim\LHS800\train\TSV\dut1195.s2p
train,TSV,1196,skipped,C:\ffzhzh\SyncFiles\Temp\HFSS_sim\LHS800\train\TSV\dut1196.s2p
train,TSV,1197,skipped,C:\ffzhzh\SyncFiles\Temp\HFSS_sim\LHS800\train\TSV\dut1197.s2p
train,TSV,1198,skipped,C:\ffzhzh\SyncFiles\Temp\HFSS_sim\LHS800\train\TSV\dut1198.s2p
train,TSV,1199,skipped,C:\ffzhzh\SyncFiles\Temp\HFSS_sim\LHS800\train\TSV\dut1199.s2p
train,TSV,1200,skipped,C:\ffzhzh\SyncFiles\Temp\HFSS_sim\LHS800\train\TSV\dut1200.s2p
train,TSV,1201,skipped,C:\ffzhzh\SyncFiles\Temp\HFSS_sim\LHS800\train\TSV\dut1201.s2p
train,TSV,1202,skipped,C:\ffzhzh\SyncFiles\Temp\HFSS_sim\LHS800\train\TSV\dut1202.s2p
train,TSV,1203,skipped,C:\ffzhzh\SyncFiles\Temp\HFSS_sim\LHS800\train\TSV\dut1203.s2p
train,TSV,1204,skipped,C:\ffzhzh\SyncFiles\Temp\HFSS_sim\LHS800\train\TSV\dut1204.s2p
train,TSV,1205,skipped,C:\ffzhzh\SyncFiles\Temp\HFSS_sim\LHS800\train\TSV\dut1205.s2p
train,TSV,1206,skipped,C:\ffzhzh\SyncFiles\Temp\HFSS_sim\LHS800\train\TSV\dut1206.s2p
train,TSV,1207,skipped,C:\ffzhzh\SyncFiles\Temp\HFSS_sim\LHS800\train\TSV\dut1207.s2p
train,TSV,1208,skipped,C:\ffzhzh\SyncFiles\Temp\HFSS_sim\LHS800\train\TSV\dut1208.s2p
train,TSV,1209,skipped,C:\ffzhzh\SyncFiles\Temp\HFSS_sim\LHS800\train\TSV\dut1209.s2p
train,TSV,1210,skipped,C:\ffzhzh\SyncFiles\Temp\HFSS_sim\LHS800\train\TSV\dut1210.s2p
train,TSV,1211,skipped,C:\ffzhzh\SyncFiles\Temp\HFSS_sim\LHS800\train\TSV\dut1211.s2p
train,TSV,1212,skipped,C:\ffzhzh\SyncFiles\Temp\HFSS_sim\LHS800\train\TSV\dut1212.s2p
train,TSV,1213,skipped,C:\ffzhzh\SyncFiles\Temp\HFSS_sim\LHS800\train\TSV\dut1213.s2p
train,TSV,1214,skipped,C:\ffzhzh\SyncFiles\Temp\HFSS_sim\LHS800\train\TSV\dut1214.s2p
train,TSV,1215,skipped,C:\ffzhzh\SyncFiles\Temp\HFSS_sim\LHS800\train\TSV\dut1215.s2p
train,TSV,1216,skipped,C:\ffzhzh\SyncFiles\Temp\HFSS_sim\LHS800\train\TSV\dut1216.s2p
train,TSV,1217,skipped,C:\ffzhzh\SyncFiles\Temp\HFSS_sim\LHS800\train\TSV\dut1217.s2p
train,TSV,1218,skipped,C:\ffzhzh\SyncFiles\Temp\HFSS_sim\LHS800\train\TSV\dut1218.s2p
train,TSV,1219,skipped,C:\ffzhzh\SyncFiles\Temp\HFSS_sim\LHS800\train\TSV\dut1219.s2p
train,TSV,1220,skipped,C:\ffzhzh\SyncFiles\Temp\HFSS_sim\LHS800\train\TSV\dut1220.s2p
train,TSV,1221,skipped,C:\ffzhzh\SyncFiles\Temp\HFSS_sim\LHS800\train\TSV\dut1221.s2p
train,TSV,1222,skipped,C:\ffzhzh\SyncFiles\Temp\HFSS_sim\LHS800\train\TSV\dut1222.s2p
train,TSV,1223,skipped,C:\ffzhzh\SyncFiles\Temp\HFSS_sim\LHS800\train\TSV\dut1223.s2p
train,TSV,1224,skipped,C:\ffzhzh\SyncFiles\Temp\HFSS_sim\LHS800\train\TSV\dut1224.s2p
train,TSV,1225,skipped,C:\ffzhzh\SyncFiles\Temp\HFSS_sim\LHS800\train\TSV\dut1225.s2p
train,TSV,1226,skipped,C:\ffzhzh\SyncFiles\Temp\HFSS_sim\LHS800\train\TSV\dut1226.s2p
train,TSV,1227,skipped,C:\ffzhzh\SyncFiles\Temp\HFSS_sim\LHS800\train\TSV\dut1227.s2p
train,TSV,1228,skipped,C:\ffzhzh\SyncFiles\Temp\HFSS_sim\LHS800\train\TSV\dut1228.s2p
train,TSV,1229,skipped,C:\ffzhzh\SyncFiles\Temp\HFSS_sim\LHS800\train\TSV\dut1229.s2p
train,TSV,1230,skipped,C:\ffzhzh\SyncFiles\Temp\HFSS_sim\LHS800\train\TSV\dut1230.s2p
train,TSV,1231,skipped,C:\ffzhzh\SyncFiles\Temp\HFSS_sim\LHS800\train\TSV\dut1231.s2p
train,TSV,1232,skipped,C:\ffzhzh\SyncFiles\Temp\HFSS_sim\LHS800\train\TSV\dut1232.s2p
train,TSV,1233,skipped,C:\ffzhzh\SyncFiles\Temp\HFSS_sim\LHS800\train\TSV\dut1233.s2p
train,TSV,1234,skipped,C:\ffzhzh\SyncFiles\Temp\HFSS_sim\LHS800\train\TSV\dut1234.s2p
train,TSV,1235,skipped,C:\ffzhzh\SyncFiles\Temp\HFSS_sim\LHS800\train\TSV\dut1235.s2p
train,TSV,1236,skipped,C:\ffzhzh\SyncFiles\Temp\HFSS_sim\LHS800\train\TSV\dut1236.s2p
train,TSV,1237,skipped,C:\ffzhzh\SyncFiles\Temp\HFSS_sim\LHS800\train\TSV\dut1237.s2p
train,TSV,1238,skipped,C:\ffzhzh\SyncFiles\Temp\HFSS_sim\LHS800\train\TSV\dut1238.s2p
train,TSV,1239,skipped,C:\ffzhzh\SyncFiles\Temp\HFSS_sim\LHS800\train\TSV\dut1239.s2p
train,TSV,1240,skipped,C:\ffzhzh\SyncFiles\Temp\HFSS_sim\LHS800\train\TSV\dut1240.s2p
train,TSV,1241,skipped,C:\ffzhzh\SyncFiles\Temp\HFSS_sim\LHS800\train\TSV\dut1241.s2p
train,TSV,1242,skipped,C:\ffzhzh\SyncFiles\Temp\HFSS_sim\LHS800\train\TSV\dut1242.s2p
train,TSV,1243,skipped,C:\ffzhzh\SyncFiles\Temp\HFSS_sim\LHS800\train\TSV\dut1243.s2p
train,TSV,1244,skipped,C:\ffzhzh\SyncFiles\Temp\HFSS_sim\LHS800\train\TSV\dut1244.s2p
train,TSV,1245,skipped,C:\ffzhzh\SyncFiles\Temp\HFSS_sim\LHS800\train\TSV\dut1245.s2p
train,TSV,1246,skipped,C:\ffzhzh\SyncFiles\Temp\HFSS_sim\LHS800\train\TSV\dut1246.s2p
train,TSV,1247,skipped,C:\ffzhzh\SyncFiles\Temp\HFSS_sim\LHS800\train\TSV\dut1247.s2p
train,TSV,1248,skipped,C:\ffzhzh\SyncFiles\Temp\HFSS_sim\LHS800\train\TSV\dut1248.s2p
train,TSV,1249,skipped,C:\ffzhzh\SyncFiles\Temp\HFSS_sim\LHS800\train\TSV\dut1249.s2p
train,TSV,1250,skipped,C:\ffzhzh\SyncFiles\Temp\HFSS_sim\LHS800\train\TSV\dut1250.s2p
train,TSV,1251,skipped,C:\ffzhzh\SyncFiles\Temp\HFSS_sim\LHS800\train\TSV\dut1251.s2p
train,TSV,1252,skipped,C:\ffzhzh\SyncFiles\Temp\HFSS_sim\LHS800\train\TSV\dut1252.s2p
train,TSV,1253,skipped,C:\ffzhzh\SyncFiles\Temp\HFSS_sim\LHS800\train\TSV\dut1253.s2p
train,TSV,1254,skipped,C:\ffzhzh\SyncFiles\Temp\HFSS_sim\LHS800\train\TSV\dut1254.s2p
train,TSV,1255,skipped,C:\ffzhzh\SyncFiles\Temp\HFSS_sim\LHS800\train\TSV\dut1255.s2p
train,TSV,1256,skipped,C:\ffzhzh\SyncFiles\Temp\HFSS_sim\LHS800\train\TSV\dut1256.s2p
train,TSV,1257,skipped,C:\ffzhzh\SyncFiles\Temp\HFSS_sim\LHS800\train\TSV\dut1257.s2p
train,TSV,1258,skipped,C:\ffzhzh\SyncFiles\Temp\HFSS_sim\LHS800\train\TSV\dut1258.s2p
train,TSV,1259,skipped,C:\ffzhzh\SyncFiles\Temp\HFSS_sim\LHS800\train\TSV\dut1259.s2p
train,TSV,1260,skipped,C:\ffzhzh\SyncFiles\Temp\HFSS_sim\LHS800\train\TSV\dut1260.s2p
train,TSV,1261,skipped,C:\ffzhzh\SyncFiles\Temp\HFSS_sim\LHS800\train\TSV\dut1261.s2p
train,TSV,1262,skipped,C:\ffzhzh\SyncFiles\Temp\HFSS_sim\LHS800\train\TSV\dut1262.s2p
train,TSV,1263,skipped,C:\ffzhzh\SyncFiles\Temp\HFSS_sim\LHS800\train\TSV\dut1263.s2p
train,TSV,1264,skipped,C:\ffzhzh\SyncFiles\Temp\HFSS_sim\LHS800\train\TSV\dut1264.s2p
train,TSV,1265,skipped,C:\ffzhzh\SyncFiles\Temp\HFSS_sim\LHS800\train\TSV\dut1265.s2p
train,TSV,1266,skipped,C:\ffzhzh\SyncFiles\Temp\HFSS_sim\LHS800\train\TSV\dut1266.s2p
train,TSV,1267,skipped,C:\ffzhzh\SyncFiles\Temp\HFSS_sim\LHS800\train\TSV\dut1267.s2p
train,TSV,1268,skipped,C:\ffzhzh\SyncFiles\Temp\HFSS_sim\LHS800\train\TSV\dut1268.s2p
train,TSV,1269,skipped,C:\ffzhzh\SyncFiles\Temp\HFSS_sim\LHS800\train\TSV\dut1269.s2p
train,TSV,1270,skipped,C:\ffzhzh\SyncFiles\Temp\HFSS_sim\LHS800\train\TSV\dut1270.s2p
train,TSV,1271,skipped,C:\ffzhzh\SyncFiles\Temp\HFSS_sim\LHS800\train\TSV\dut1271.s2p
train,TSV,1272,skipped,C:\ffzhzh\SyncFiles\Temp\HFSS_sim\LHS800\train\TSV\dut1272.s2p
train,TSV,1273,skipped,C:\ffzhzh\SyncFiles\Temp\HFSS_sim\LHS800\train\TSV\dut1273.s2p
train,TSV,1274,skipped,C:\ffzhzh\SyncFiles\Temp\HFSS_sim\LHS800\train\TSV\dut1274.s2p
train,TSV,1275,skipped,C:\ffzhzh\SyncFiles\Temp\HFSS_sim\LHS800\train\TSV\dut1275.s2p
train,TSV,1276,skipped,C:\ffzhzh\SyncFiles\Temp\HFSS_sim\LHS800\train\TSV\dut1276.s2p
train,TSV,1277,skipped,C:\ffzhzh\SyncFiles\Temp\HFSS_sim\LHS800\train\TSV\dut1277.s2p
train,TSV,1278,skipped,C:\ffzhzh\SyncFiles\Temp\HFSS_sim\LHS800\train\TSV\dut1278.s2p
train,TSV,1279,skipped,C:\ffzhzh\SyncFiles\Temp\HFSS_sim\LHS800\train\TSV\dut1279.s2p
train,TSV,1280,skipped,C:\ffzhzh\SyncFiles\Temp\HFSS_sim\LHS800\train\TSV\dut1280.s2p
train,TSV,1281,skipped,C:\ffzhzh\SyncFiles\Temp\HFSS_sim\LHS800\train\TSV\dut1281.s2p
train,TSV,1282,skipped,C:\ffzhzh\SyncFiles\Temp\HFSS_sim\LHS800\train\TSV\dut1282.s2p
train,TSV,1283,skipped,C:\ffzhzh\SyncFiles\Temp\HFSS_sim\LHS800\train\TSV\dut1283.s2p
train,TSV,1284,skipped,C:\ffzhzh\SyncFiles\Temp\HFSS_sim\LHS800\train\TSV\dut1284.s2p
train,TSV,1285,skipped,C:\ffzhzh\SyncFiles\Temp\HFSS_sim\LHS800\train\TSV\dut1285.s2p
train,TSV,1286,skipped,C:\ffzhzh\SyncFiles\Temp\HFSS_sim\LHS800\train\TSV\dut1286.s2p
train,TSV,1287,skipped,C:\ffzhzh\SyncFiles\Temp\HFSS_sim\LHS800\train\TSV\dut1287.s2p
train,TSV,1288,skipped,C:\ffzhzh\SyncFiles\Temp\HFSS_sim\LHS800\train\TSV\dut1288.s2p
train,TSV,1289,skipped,C:\ffzhzh\SyncFiles\Temp\HFSS_sim\LHS800\train\TSV\dut1289.s2p
train,TSV,1290,skipped,C:\ffzhzh\SyncFiles\Temp\HFSS_sim\LHS800\train\TSV\dut1290.s2p
train,TSV,1291,skipped,C:\ffzhzh\SyncFiles\Temp\HFSS_sim\LHS800\train\TSV\dut1291.s2p
train,TSV,1292,skipped,C:\ffzhzh\SyncFiles\Temp\HFSS_sim\LHS800\train\TSV\dut1292.s2p
train,TSV,1293,skipped,C:\ffzhzh\SyncFiles\Temp\HFSS_sim\LHS800\train\TSV\dut1293.s2p
train,TSV,1294,skipped,C:\ffzhzh\SyncFiles\Temp\HFSS_sim\LHS800\train\TSV\dut1294.s2p
train,TSV,1295,skipped,C:\ffzhzh\SyncFiles\Temp\HFSS_sim\LHS800\train\TSV\dut1295.s2p
train,TSV,1296,skipped,C:\ffzhzh\SyncFiles\Temp\HFSS_sim\LHS800\train\TSV\dut1296.s2p
train,TSV,1297,skipped,C:\ffzhzh\SyncFiles\Temp\HFSS_sim\LHS800\train\TSV\dut1297.s2p
train,TSV,1298,skipped,C:\ffzhzh\SyncFiles\Temp\HFSS_sim\LHS800\train\TSV\dut1298.s2p
train,TSV,1299,skipped,C:\ffzhzh\SyncFiles\Temp\HFSS_sim\LHS800\train\TSV\dut1299.s2p
train,TSV,1300,skipped,C:\ffzhzh\SyncFiles\Temp\HFSS_sim\LHS800\train\TSV\dut1300.s2p
train,TSV,1301,skipped,C:\ffzhzh\SyncFiles\Temp\HFSS_sim\LHS800\train\TSV\dut1301.s2p
train,TSV,1302,skipped,C:\ffzhzh\SyncFiles\Temp\HFSS_sim\LHS800\train\TSV\dut1302.s2p
train,TSV,1303,skipped,C:\ffzhzh\SyncFiles\Temp\HFSS_sim\LHS800\train\TSV\dut1303.s2p
train,TSV,1304,skipped,C:\ffzhzh\SyncFiles\Temp\HFSS_sim\LHS800\train\TSV\dut1304.s2p
train,TSV,1305,skipped,C:\ffzhzh\SyncFiles\Temp\HFSS_sim\LHS800\train\TSV\dut1305.s2p
train,TSV,1306,skipped,C:\ffzhzh\SyncFiles\Temp\HFSS_sim\LHS800\train\TSV\dut1306.s2p
train,TSV,1307,skipped,C:\ffzhzh\SyncFiles\Temp\HFSS_sim\LHS800\train\TSV\dut1307.s2p
train,TSV,1308,skipped,C:\ffzhzh\SyncFiles\Temp\HFSS_sim\LHS800\train\TSV\dut1308.s2p
train,TSV,1309,skipped,C:\ffzhzh\SyncFiles\Temp\HFSS_sim\LHS800\train\TSV\dut1309.s2p
train,TSV,1310,skipped,C:\ffzhzh\SyncFiles\Temp\HFSS_sim\LHS800\train\TSV\dut1310.s2p
train,TSV,1311,skipped,C:\ffzhzh\SyncFiles\Temp\HFSS_sim\LHS800\train\TSV\dut1311.s2p
train,TSV,1312,skipped,C:\ffzhzh\SyncFiles\Temp\HFSS_sim\LHS800\train\TSV\dut1312.s2p
train,TSV,1313,skipped,C:\ffzhzh\SyncFiles\Temp\HFSS_sim\LHS800\train\TSV\dut1313.s2p
train,TSV,1314,skipped,C:\ffzhzh\SyncFiles\Temp\HFSS_sim\LHS800\train\TSV\dut1314.s2p
train,TSV,1315,skipped,C:\ffzhzh\SyncFiles\Temp\HFSS_sim\LHS800\train\TSV\dut1315.s2p
train,TSV,1316,skipped,C:\ffzhzh\SyncFiles\Temp\HFSS_sim\LHS800\train\TSV\dut1316.s2p
train,TSV,1317,skipped,C:\ffzhzh\SyncFiles\Temp\HFSS_sim\LHS800\train\TSV\dut1317.s2p
train,TSV,1318,skipped,C:\ffzhzh\SyncFiles\Temp\HFSS_sim\LHS800\train\TSV\dut1318.s2p
train,TSV,1319,skipped,C:\ffzhzh\SyncFiles\Temp\HFSS_sim\LHS800\train\TSV\dut1319.s2p
train,TSV,1320,skipped,C:\ffzhzh\SyncFiles\Temp\HFSS_sim\LHS800\train\TSV\dut1320.s2p
train,TSV,1321,skipped,C:\ffzhzh\SyncFiles\Temp\HFSS_sim\LHS800\train\TSV\dut1321.s2p
train,TSV,1322,skipped,C:\ffzhzh\SyncFiles\Temp\HFSS_sim\LHS800\train\TSV\dut1322.s2p
train,TSV,1323,skipped,C:\ffzhzh\SyncFiles\Temp\HFSS_sim\LHS800\train\TSV\dut1323.s2p
train,TSV,1324,skipped,C:\ffzhzh\SyncFiles\Temp\HFSS_sim\LHS800\train\TSV\dut1324.s2p
train,TSV,1325,skipped,C:\ffzhzh\SyncFiles\Temp\HFSS_sim\LHS800\train\TSV\dut1325.s2p
train,TSV,1326,skipped,C:\ffzhzh\SyncFiles\Temp\HFSS_sim\LHS800\train\TSV\dut1326.s2p
train,TSV,1327,skipped,C:\ffzhzh\SyncFiles\Temp\HFSS_sim\LHS800\train\TSV\dut1327.s2p
train,TSV,1328,skipped,C:\ffzhzh\SyncFiles\Temp\HFSS_sim\LHS800\train\TSV\dut1328.s2p
train,TSV,1329,skipped,C:\ffzhzh\SyncFiles\Temp\HFSS_sim\LHS800\train\TSV\dut1329.s2p
train,TSV,1330,skipped,C:\ffzhzh\SyncFiles\Temp\HFSS_sim\LHS800\train\TSV\dut1330.s2p
train,TSV,1331,skipped,C:\ffzhzh\SyncFiles\Temp\HFSS_sim\LHS800\train\TSV\dut1331.s2p
train,TSV,1332,skipped,C:\ffzhzh\SyncFiles\Temp\HFSS_sim\LHS800\train\TSV\dut1332.s2p
train,TSV,1333,skipped,C:\ffzhzh\SyncFiles\Temp\HFSS_sim\LHS800\train\TSV\dut1333.s2p
train,TSV,1334,skipped,C:\ffzhzh\SyncFiles\Temp\HFSS_sim\LHS800\train\TSV\dut1334.s2p
train,TSV,1335,skipped,C:\ffzhzh\SyncFiles\Temp\HFSS_sim\LHS800\train\TSV\dut1335.s2p
train,TSV,1336,skipped,C:\ffzhzh\SyncFiles\Temp\HFSS_sim\LHS800\train\TSV\dut1336.s2p
train,TSV,1337,skipped,C:\ffzhzh\SyncFiles\Temp\HFSS_sim\LHS800\train\TSV\dut1337.s2p
train,TSV,1338,skipped,C:\ffzhzh\SyncFiles\Temp\HFSS_sim\LHS800\train\TSV\dut1338.s2p
train,TSV,1339,skipped,C:\ffzhzh\SyncFiles\Temp\HFSS_sim\LHS800\train\TSV\dut1339.s2p
train,TSV,1340,skipped,C:\ffzhzh\SyncFiles\Temp\HFSS_sim\LHS800\train\TSV\dut1340.s2p
train,TSV,1341,skipped,C:\ffzhzh\SyncFiles\Temp\HFSS_sim\LHS800\train\TSV\dut1341.s2p
train,TSV,1342,skipped,C:\ffzhzh\SyncFiles\Temp\HFSS_sim\LHS800\train\TSV\dut1342.s2p
train,TSV,1343,skipped,C:\ffzhzh\SyncFiles\Temp\HFSS_sim\LHS800\train\TSV\dut1343.s2p
train,TSV,1344,skipped,C:\ffzhzh\SyncFiles\Temp\HFSS_sim\LHS800\train\TSV\dut1344.s2p
train,TSV,1345,skipped,C:\ffzhzh\SyncFiles\Temp\HFSS_sim\LHS800\train\TSV\dut1345.s2p
train,TSV,1346,skipped,C:\ffzhzh\SyncFiles\Temp\HFSS_sim\LHS800\train\TSV\dut1346.s2p
train,TSV,1347,skipped,C:\ffzhzh\SyncFiles\Temp\HFSS_sim\LHS800\train\TSV\dut1347.s2p
train,TSV,1348,skipped,C:\ffzhzh\SyncFiles\Temp\HFSS_sim\LHS800\train\TSV\dut1348.s2p
train,TSV,1349,skipped,C:\ffzhzh\SyncFiles\Temp\HFSS_sim\LHS800\train\TSV\dut1349.s2p
train,TSV,1350,skipped,C:\ffzhzh\SyncFiles\Temp\HFSS_sim\LHS800\train\TSV\dut1350.s2p
train,TSV,1351,skipped,C:\ffzhzh\SyncFiles\Temp\HFSS_sim\LHS800\train\TSV\dut1351.s2p
train,TSV,1352,skipped,C:\ffzhzh\SyncFiles\Temp\HFSS_sim\LHS800\train\TSV\dut1352.s2p
train,TSV,1353,skipped,C:\ffzhzh\SyncFiles\Temp\HFSS_sim\LHS800\train\TSV\dut1353.s2p
train,TSV,1354,skipped,C:\ffzhzh\SyncFiles\Temp\HFSS_sim\LHS800\train\TSV\dut1354.s2p
train,TSV,1355,skipped,C:\ffzhzh\SyncFiles\Temp\HFSS_sim\LHS800\train\TSV\dut1355.s2p
train,TSV,1356,skipped,C:\ffzhzh\SyncFiles\Temp\HFSS_sim\LHS800\train\TSV\dut1356.s2p
train,TSV,1357,skipped,C:\ffzhzh\SyncFiles\Temp\HFSS_sim\LHS800\train\TSV\dut1357.s2p
train,TSV,1358,skipped,C:\ffzhzh\SyncFiles\Temp\HFSS_sim\LHS800\train\TSV\dut1358.s2p
train,TSV,1359,skipped,C:\ffzhzh\SyncFiles\Temp\HFSS_sim\LHS800\train\TSV\dut1359.s2p
train,TSV,1360,skipped,C:\ffzhzh\SyncFiles\Temp\HFSS_sim\LHS800\train\TSV\dut1360.s2p
train,TSV,1361,skipped,C:\ffzhzh\SyncFiles\Temp\HFSS_sim\LHS800\train\TSV\dut1361.s2p
train,TSV,1362,skipped,C:\ffzhzh\SyncFiles\Temp\HFSS_sim\LHS800\train\TSV\dut1362.s2p
train,TSV,1363,skipped,C:\ffzhzh\SyncFiles\Temp\HFSS_sim\LHS800\train\TSV\dut1363.s2p
train,TSV,1364,skipped,C:\ffzhzh\SyncFiles\Temp\HFSS_sim\LHS800\train\TSV\dut1364.s2p
train,TSV,1365,skipped,C:\ffzhzh\SyncFiles\Temp\HFSS_sim\LHS800\train\TSV\dut1365.s2p
train,TSV,1366,skipped,C:\ffzhzh\SyncFiles\Temp\HFSS_sim\LHS800\train\TSV\dut1366.s2p
train,TSV,1367,skipped,C:\ffzhzh\SyncFiles\Temp\HFSS_sim\LHS800\train\TSV\dut1367.s2p
train,TSV,1368,skipped,C:\ffzhzh\SyncFiles\Temp\HFSS_sim\LHS800\train\TSV\dut1368.s2p
train,TSV,1369,skipped,C:\ffzhzh\SyncFiles\Temp\HFSS_sim\LHS800\train\TSV\dut1369.s2p
train,TSV,1370,skipped,C:\ffzhzh\SyncFiles\Temp\HFSS_sim\LHS800\train\TSV\dut1370.s2p
train,TSV,1371,skipped,C:\ffzhzh\SyncFiles\Temp\HFSS_sim\LHS800\train\TSV\dut1371.s2p
train,TSV,1372,skipped,C:\ffzhzh\SyncFiles\Temp\HFSS_sim\LHS800\train\TSV\dut1372.s2p
train,TSV,1373,skipped,C:\ffzhzh\SyncFiles\Temp\HFSS_sim\LHS800\train\TSV\dut1373.s2p
train,TSV,1374,skipped,C:\ffzhzh\SyncFiles\Temp\HFSS_sim\LHS800\train\TSV\dut1374.s2p
train,TSV,1375,skipped,C:\ffzhzh\SyncFiles\Temp\HFSS_sim\LHS800\train\TSV\dut1375.s2p
train,TSV,1376,skipped,C:\ffzhzh\SyncFiles\Temp\HFSS_sim\LHS800\train\TSV\dut1376.s2p
train,TSV,1377,skipped,C:\ffzhzh\SyncFiles\Temp\HFSS_sim\LHS800\train\TSV\dut1377.s2p
train,TSV,1378,skipped,C:\ffzhzh\SyncFiles\Temp\HFSS_sim\LHS800\train\TSV\dut1378.s2p
train,TSV,1379,skipped,C:\ffzhzh\SyncFiles\Temp\HFSS_sim\LHS800\train\TSV\dut1379.s2p
train,TSV,1380,skipped,C:\ffzhzh\SyncFiles\Temp\HFSS_sim\LHS800\train\TSV\dut1380.s2p
train,TSV,1381,skipped,C:\ffzhzh\SyncFiles\Temp\HFSS_sim\LHS800\train\TSV\dut1381.s2p
train,TSV,1382,skipped,C:\ffzhzh\SyncFiles\Temp\HFSS_sim\LHS800\train\TSV\dut1382.s2p
train,TSV,1383,skipped,C:\ffzhzh\SyncFiles\Temp\HFSS_sim\LHS800\train\TSV\dut1383.s2p
train,TSV,1384,skipped,C:\ffzhzh\SyncFiles\Temp\HFSS_sim\LHS800\train\TSV\dut1384.s2p
train,TSV,1385,skipped,C:\ffzhzh\SyncFiles\Temp\HFSS_sim\LHS800\train\TSV\dut1385.s2p
train,TSV,1386,skipped,C:\ffzhzh\SyncFiles\Temp\HFSS_sim\LHS800\train\TSV\dut1386.s2p
train,TSV,1387,skipped,C:\ffzhzh\SyncFiles\Temp\HFSS_sim\LHS800\train\TSV\dut1387.s2p
train,TSV,1388,skipped,C:\ffzhzh\SyncFiles\Temp\HFSS_sim\LHS800\train\TSV\dut1388.s2p
train,TSV,1389,skipped,C:\ffzhzh\SyncFiles\Temp\HFSS_sim\LHS800\train\TSV\dut1389.s2p
train,TSV,1390,skipped,C:\ffzhzh\SyncFiles\Temp\HFSS_sim\LHS800\train\TSV\dut1390.s2p
train,TSV,1391,skipped,C:\ffzhzh\SyncFiles\Temp\HFSS_sim\LHS800\train\TSV\dut1391.s2p
train,TSV,1392,skipped,C:\ffzhzh\SyncFiles\Temp\HFSS_sim\LHS800\train\TSV\dut1392.s2p
train,TSV,1393,skipped,C:\ffzhzh\SyncFiles\Temp\HFSS_sim\LHS800\train\TSV\dut1393.s2p
train,TSV,1394,skipped,C:\ffzhzh\SyncFiles\Temp\HFSS_sim\LHS800\train\TSV\dut1394.s2p
train,TSV,1395,skipped,C:\ffzhzh\SyncFiles\Temp\HFSS_sim\LHS800\train\TSV\dut1395.s2p
train,TSV,1396,skipped,C:\ffzhzh\SyncFiles\Temp\HFSS_sim\LHS800\train\TSV\dut1396.s2p
train,TSV,1397,skipped,C:\ffzhzh\SyncFiles\Temp\HFSS_sim\LHS800\train\TSV\dut1397.s2p
train,TSV,1398,skipped,C:\ffzhzh\SyncFiles\Temp\HFSS_sim\LHS800\train\TSV\dut1398.s2p
train,TSV,1399,skipped,C:\ffzhzh\SyncFiles\Temp\HFSS_sim\LHS800\train\TSV\dut1399.s2p
train,TSV,1400,skipped,C:\ffzhzh\SyncFiles\Temp\HFSS_sim\LHS800\train\TSV\dut1400.s2p
train,TSV,1401,skipped,C:\ffzhzh\SyncFiles\Temp\HFSS_sim\LHS800\train\TSV\dut1401.s2p
train,TSV,1402,skipped,C:\ffzhzh\SyncFiles\Temp\HFSS_sim\LHS800\train\TSV\dut1402.s2p
train,TSV,1403,skipped,C:\ffzhzh\SyncFiles\Temp\HFSS_sim\LHS800\train\TSV\dut1403.s2p
train,TSV,1404,skipped,C:\ffzhzh\SyncFiles\Temp\HFSS_sim\LHS800\train\TSV\dut1404.s2p
train,TSV,1405,skipped,C:\ffzhzh\SyncFiles\Temp\HFSS_sim\LHS800\train\TSV\dut1405.s2p
train,TSV,1406,skipped,C:\ffzhzh\SyncFiles\Temp\HFSS_sim\LHS800\train\TSV\dut1406.s2p
train,TSV,1407,skipped,C:\ffzhzh\SyncFiles\Temp\HFSS_sim\LHS800\train\TSV\dut1407.s2p
train,TSV,1408,skipped,C:\ffzhzh\SyncFiles\Temp\HFSS_sim\LHS800\train\TSV\dut1408.s2p
train,TSV,1409,skipped,C:\ffzhzh\SyncFiles\Temp\HFSS_sim\LHS800\train\TSV\dut1409.s2p
train,TSV,1410,skipped,C:\ffzhzh\SyncFiles\Temp\HFSS_sim\LHS800\train\TSV\dut1410.s2p
train,TSV,1411,skipped,C:\ffzhzh\SyncFiles\Temp\HFSS_sim\LHS800\train\TSV\dut1411.s2p
train,TSV,1412,skipped,C:\ffzhzh\SyncFiles\Temp\HFSS_sim\LHS800\train\TSV\dut1412.s2p
train,TSV,1413,skipped,C:\ffzhzh\SyncFiles\Temp\HFSS_sim\LHS800\train\TSV\dut1413.s2p
train,TSV,1414,skipped,C:\ffzhzh\SyncFiles\Temp\HFSS_sim\LHS800\train\TSV\dut1414.s2p
train,TSV,1415,skipped,C:\ffzhzh\SyncFiles\Temp\HFSS_sim\LHS800\train\TSV\dut1415.s2p
train,TSV,1416,skipped,C:\ffzhzh\SyncFiles\Temp\HFSS_sim\LHS800\train\TSV\dut1416.s2p
train,TSV,1417,skipped,C:\ffzhzh\SyncFiles\Temp\HFSS_sim\LHS800\train\TSV\dut1417.s2p
train,TSV,1418,skipped,C:\ffzhzh\SyncFiles\Temp\HFSS_sim\LHS800\train\TSV\dut1418.s2p
train,TSV,1419,skipped,C:\ffzhzh\SyncFiles\Temp\HFSS_sim\LHS800\train\TSV\dut1419.s2p
train,TSV,1420,skipped,C:\ffzhzh\SyncFiles\Temp\HFSS_sim\LHS800\train\TSV\dut1420.s2p
train,TSV,1421,skipped,C:\ffzhzh\SyncFiles\Temp\HFSS_sim\LHS800\train\TSV\dut1421.s2p
train,TSV,1422,skipped,C:\ffzhzh\SyncFiles\Temp\HFSS_sim\LHS800\train\TSV\dut1422.s2p
train,TSV,1423,skipped,C:\ffzhzh\SyncFiles\Temp\HFSS_sim\LHS800\train\TSV\dut1423.s2p
train,TSV,1424,skipped,C:\ffzhzh\SyncFiles\Temp\HFSS_sim\LHS800\train\TSV\dut1424.s2p
train,TSV,1425,skipped,C:\ffzhzh\SyncFiles\Temp\HFSS_sim\LHS800\train\TSV\dut1425.s2p
train,TSV,1426,skipped,C:\ffzhzh\SyncFiles\Temp\HFSS_sim\LHS800\train\TSV\dut1426.s2p
train,TSV,1427,skipped,C:\ffzhzh\SyncFiles\Temp\HFSS_sim\LHS800\train\TSV\dut1427.s2p
train,TSV,1428,skipped,C:\ffzhzh\SyncFiles\Temp\HFSS_sim\LHS800\train\TSV\dut1428.s2p
train,TSV,1429,skipped,C:\ffzhzh\SyncFiles\Temp\HFSS_sim\LHS800\train\TSV\dut1429.s2p
train,TSV,1430,skipped,C:\ffzhzh\SyncFiles\Temp\HFSS_sim\LHS800\train\TSV\dut1430.s2p
train,TSV,1431,skipped,C:\ffzhzh\SyncFiles\Temp\HFSS_sim\LHS800\train\TSV\dut1431.s2p
train,TSV,1432,skipped,C:\ffzhzh\SyncFiles\Temp\HFSS_sim\LHS800\train\TSV\dut1432.s2p
train,TSV,1433,skipped,C:\ffzhzh\SyncFiles\Temp\HFSS_sim\LHS800\train\TSV\dut1433.s2p
train,TSV,1434,skipped,C:\ffzhzh\SyncFiles\Temp\HFSS_sim\LHS800\train\TSV\dut1434.s2p
train,TSV,1435,skipped,C:\ffzhzh\SyncFiles\Temp\HFSS_sim\LHS800\train\TSV\dut1435.s2p
train,TSV,1436,skipped,C:\ffzhzh\SyncFiles\Temp\HFSS_sim\LHS800\train\TSV\dut1436.s2p
train,TSV,1437,skipped,C:\ffzhzh\SyncFiles\Temp\HFSS_sim\LHS800\train\TSV\dut1437.s2p
train,TSV,1438,skipped,C:\ffzhzh\SyncFiles\Temp\HFSS_sim\LHS800\train\TSV\dut1438.s2p
train,TSV,1439,skipped,C:\ffzhzh\SyncFiles\Temp\HFSS_sim\LHS800\train\TSV\dut1439.s2p
train,TSV,1440,skipped,C:\ffzhzh\SyncFiles\Temp\HFSS_sim\LHS800\train\TSV\dut1440.s2p
train,TSV,1441,skipped,C:\ffzhzh\SyncFiles\Temp\HFSS_sim\LHS800\train\TSV\dut1441.s2p
train,TSV,1442,skipped,C:\ffzhzh\SyncFiles\Temp\HFSS_sim\LHS800\train\TSV\dut1442.s2p
train,TSV,1443,skipped,C:\ffzhzh\SyncFiles\Temp\HFSS_sim\LHS800\train\TSV\dut1443.s2p
train,TSV,1444,skipped,C:\ffzhzh\SyncFiles\Temp\HFSS_sim\LHS800\train\TSV\dut1444.s2p
train,TSV,1445,skipped,C:\ffzhzh\SyncFiles\Temp\HFSS_sim\LHS800\train\TSV\dut1445.s2p
train,TSV,1446,skipped,C:\ffzhzh\SyncFiles\Temp\HFSS_sim\LHS800\train\TSV\dut1446.s2p
train,TSV,1447,skipped,C:\ffzhzh\SyncFiles\Temp\HFSS_sim\LHS800\train\TSV\dut1447.s2p
train,TSV,1448,skipped,C:\ffzhzh\SyncFiles\Temp\HFSS_sim\LHS800\train\TSV\dut1448.s2p
train,TSV,1449,skipped,C:\ffzhzh\SyncFiles\Temp\HFSS_sim\LHS800\train\TSV\dut1449.s2p
train,TSV,1450,skipped,C:\ffzhzh\SyncFiles\Temp\HFSS_sim\LHS800\train\TSV\dut1450.s2p
train,TSV,1451,skipped,C:\ffzhzh\SyncFiles\Temp\HFSS_sim\LHS800\train\TSV\dut1451.s2p
train,TSV,1452,skipped,C:\ffzhzh\SyncFiles\Temp\HFSS_sim\LHS800\train\TSV\dut1452.s2p
train,TSV,1453,skipped,C:\ffzhzh\SyncFiles\Temp\HFSS_sim\LHS800\train\TSV\dut1453.s2p
train,TSV,1454,skipped,C:\ffzhzh\SyncFiles\Temp\HFSS_sim\LHS800\train\TSV\dut1454.s2p
train,TSV,1455,skipped,C:\ffzhzh\SyncFiles\Temp\HFSS_sim\LHS800\train\TSV\dut1455.s2p
train,TSV,1456,skipped,C:\ffzhzh\SyncFiles\Temp\HFSS_sim\LHS800\train\TSV\dut1456.s2p
train,TSV,1457,skipped,C:\ffzhzh\SyncFiles\Temp\HFSS_sim\LHS800\train\TSV\dut1457.s2p
train,TSV,1458,skipped,C:\ffzhzh\SyncFiles\Temp\HFSS_sim\LHS800\train\TSV\dut1458.s2p
train,TSV,1459,skipped,C:\ffzhzh\SyncFiles\Temp\HFSS_sim\LHS800\train\TSV\dut1459.s2p
train,TSV,1460,skipped,C:\ffzhzh\SyncFiles\Temp\HFSS_sim\LHS800\train\TSV\dut1460.s2p
train,TSV,1461,skipped,C:\ffzhzh\SyncFiles\Temp\HFSS_sim\LHS800\train\TSV\dut1461.s2p
train,TSV,1462,skipped,C:\ffzhzh\SyncFiles\Temp\HFSS_sim\LHS800\train\TSV\dut1462.s2p
train,TSV,1463,skipped,C:\ffzhzh\SyncFiles\Temp\HFSS_sim\LHS800\train\TSV\dut1463.s2p
train,TSV,1464,skipped,C:\ffzhzh\SyncFiles\Temp\HFSS_sim\LHS800\train\TSV\dut1464.s2p
train,TSV,1465,skipped,C:\ffzhzh\SyncFiles\Temp\HFSS_sim\LHS800\train\TSV\dut1465.s2p
train,TSV,1466,skipped,C:\ffzhzh\SyncFiles\Temp\HFSS_sim\LHS800\train\TSV\dut1466.s2p
train,TSV,1467,skipped,C:\ffzhzh\SyncFiles\Temp\HFSS_sim\LHS800\train\TSV\dut1467.s2p
train,TSV,1468,skipped,C:\ffzhzh\SyncFiles\Temp\HFSS_sim\LHS800\train\TSV\dut1468.s2p
train,TSV,1469,skipped,C:\ffzhzh\SyncFiles\Temp\HFSS_sim\LHS800\train\TSV\dut1469.s2p
train,TSV,1470,skipped,C:\ffzhzh\SyncFiles\Temp\HFSS_sim\LHS800\train\TSV\dut1470.s2p
train,TSV,1471,skipped,C:\ffzhzh\SyncFiles\Temp\HFSS_sim\LHS800\train\TSV\dut1471.s2p
train,TSV,1472,skipped,C:\ffzhzh\SyncFiles\Temp\HFSS_sim\LHS800\train\TSV\dut1472.s2p
train,TSV,1473,skipped,C:\ffzhzh\SyncFiles\Temp\HFSS_sim\LHS800\train\TSV\dut1473.s2p
train,TSV,1474,skipped,C:\ffzhzh\SyncFiles\Temp\HFSS_sim\LHS800\train\TSV\dut1474.s2p
train,TSV,1475,skipped,C:\ffzhzh\SyncFiles\Temp\HFSS_sim\LHS800\train\TSV\dut1475.s2p
train,TSV,1476,skipped,C:\ffzhzh\SyncFiles\Temp\HFSS_sim\LHS800\train\TSV\dut1476.s2p
train,TSV,1477,skipped,C:\ffzhzh\SyncFiles\Temp\HFSS_sim\LHS800\train\TSV\dut1477.s2p
train,TSV,1478,skipped,C:\ffzhzh\SyncFiles\Temp\HFSS_sim\LHS800\train\TSV\dut1478.s2p
train,TSV,1479,skipped,C:\ffzhzh\SyncFiles\Temp\HFSS_sim\LHS800\train\TSV\dut1479.s2p
train,TSV,1480,skipped,C:\ffzhzh\SyncFiles\Temp\HFSS_sim\LHS800\train\TSV\dut1480.s2p
train,TSV,1481,skipped,C:\ffzhzh\SyncFiles\Temp\HFSS_sim\LHS800\train\TSV\dut1481.s2p
train,TSV,1482,skipped,C:\ffzhzh\SyncFiles\Temp\HFSS_sim\LHS800\train\TSV\dut1482.s2p
train,TSV,1483,skipped,C:\ffzhzh\SyncFiles\Temp\HFSS_sim\LHS800\train\TSV\dut1483.s2p
train,TSV,1484,skipped,C:\ffzhzh\SyncFiles\Temp\HFSS_sim\LHS800\train\TSV\dut1484.s2p
train,TSV,1485,skipped,C:\ffzhzh\SyncFiles\Temp\HFSS_sim\LHS800\train\TSV\dut1485.s2p
train,TSV,1486,skipped,C:\ffzhzh\SyncFiles\Temp\HFSS_sim\LHS800\train\TSV\dut1486.s2p
train,TSV,1487,skipped,C:\ffzhzh\SyncFiles\Temp\HFSS_sim\LHS800\train\TSV\dut1487.s2p
train,TSV,1488,skipped,C:\ffzhzh\SyncFiles\Temp\HFSS_sim\LHS800\train\TSV\dut1488.s2p
train,TSV,1489,skipped,C:\ffzhzh\SyncFiles\Temp\HFSS_sim\LHS800\train\TSV\dut1489.s2p
train,TSV,1490,skipped,C:\ffzhzh\SyncFiles\Temp\HFSS_sim\LHS800\train\TSV\dut1490.s2p
train,TSV,1491,skipped,C:\ffzhzh\SyncFiles\Temp\HFSS_sim\LHS800\train\TSV\dut1491.s2p
train,TSV,1492,skipped,C:\ffzhzh\SyncFiles\Temp\HFSS_sim\LHS800\train\TSV\dut1492.s2p
train,TSV,1493,skipped,C:\ffzhzh\SyncFiles\Temp\HFSS_sim\LHS800\train\TSV\dut1493.s2p
train,TSV,1494,skipped,C:\ffzhzh\SyncFiles\Temp\HFSS_sim\LHS800\train\TSV\dut1494.s2p
train,TSV,1495,skipped,C:\ffzhzh\SyncFiles\Temp\HFSS_sim\LHS800\train\TSV\dut1495.s2p
train,TSV,1496,skipped,C:\ffzhzh\SyncFiles\Temp\HFSS_sim\LHS800\train\TSV\dut1496.s2p
train,TSV,1497,skipped,C:\ffzhzh\SyncFiles\Temp\HFSS_sim\LHS800\train\TSV\dut1497.s2p
train,TSV,1498,skipped,C:\ffzhzh\SyncFiles\Temp\HFSS_sim\LHS800\train\TSV\dut1498.s2p
train,TSV,1499,skipped,C:\ffzhzh\SyncFiles\Temp\HFSS_sim\LHS800\train\TSV\dut1499.s2p
train,TSV_RDL,700,skipped,C:\ffzhzh\SyncFiles\Temp\HFSS_sim\LHS800\train\TSV_RDL\dut700.s2p
train,TSV_RDL,701,skipped,C:\ffzhzh\SyncFiles\Temp\HFSS_sim\LHS800\train\TSV_RDL\dut701.s2p
train,TSV_RDL,702,skipped,C:\ffzhzh\SyncFiles\Temp\HFSS_sim\LHS800\train\TSV_RDL\dut702.s2p
train,TSV_RDL,703,skipped,C:\ffzhzh\SyncFiles\Temp\HFSS_sim\LHS800\train\TSV_RDL\dut703.s2p
train,TSV_RDL,704,skipped,C:\ffzhzh\SyncFiles\Temp\HFSS_sim\LHS800\train\TSV_RDL\dut704.s2p
train,TSV_RDL,705,skipped,C:\ffzhzh\SyncFiles\Temp\HFSS_sim\LHS800\train\TSV_RDL\dut705.s2p
train,TSV_RDL,706,skipped,C:\ffzhzh\SyncFiles\Temp\HFSS_sim\LHS800\train\TSV_RDL\dut706.s2p
train,TSV_RDL,707,skipped,C:\ffzhzh\SyncFiles\Temp\HFSS_sim\LHS800\train\TSV_RDL\dut707.s2p
train,TSV_RDL,708,skipped,C:\ffzhzh\SyncFiles\Temp\HFSS_sim\LHS800\train\TSV_RDL\dut708.s2p
train,TSV_RDL,709,skipped,C:\ffzhzh\SyncFiles\Temp\HFSS_sim\LHS800\train\TSV_RDL\dut709.s2p
train,TSV_RDL,710,skipped,C:\ffzhzh\SyncFiles\Temp\HFSS_sim\LHS800\train\TSV_RDL\dut710.s2p
train,TSV_RDL,711,skipped,C:\ffzhzh\SyncFiles\Temp\HFSS_sim\LHS800\train\TSV_RDL\dut711.s2p
train,TSV_RDL,712,skipped,C:\ffzhzh\SyncFiles\Temp\HFSS_sim\LHS800\train\TSV_RDL\dut712.s2p
train,TSV_RDL,713,skipped,C:\ffzhzh\SyncFiles\Temp\HFSS_sim\LHS800\train\TSV_RDL\dut713.s2p
train,TSV_RDL,714,skipped,C:\ffzhzh\SyncFiles\Temp\HFSS_sim\LHS800\train\TSV_RDL\dut714.s2p
train,TSV_RDL,715,skipped,C:\ffzhzh\SyncFiles\Temp\HFSS_sim\LHS800\train\TSV_RDL\dut715.s2p
train,TSV_RDL,716,skipped,C:\ffzhzh\SyncFiles\Temp\HFSS_sim\LHS800\train\TSV_RDL\dut716.s2p
train,TSV_RDL,717,skipped,C:\ffzhzh\SyncFiles\Temp\HFSS_sim\LHS800\train\TSV_RDL\dut717.s2p
train,TSV_RDL,718,skipped,C:\ffzhzh\SyncFiles\Temp\HFSS_sim\LHS800\train\TSV_RDL\dut718.s2p
train,TSV_RDL,719,skipped,C:\ffzhzh\SyncFiles\Temp\HFSS_sim\LHS800\train\TSV_RDL\dut719.s2p
train,TSV_RDL,720,skipped,C:\ffzhzh\SyncFiles\Temp\HFSS_sim\LHS800\train\TSV_RDL\dut720.s2p
train,TSV_RDL,721,skipped,C:\ffzhzh\SyncFiles\Temp\HFSS_sim\LHS800\train\TSV_RDL\dut721.s2p
train,TSV_RDL,722,skipped,C:\ffzhzh\SyncFiles\Temp\HFSS_sim\LHS800\train\TSV_RDL\dut722.s2p
train,TSV_RDL,723,skipped,C:\ffzhzh\SyncFiles\Temp\HFSS_sim\LHS800\train\TSV_RDL\dut723.s2p
train,TSV_RDL,724,skipped,C:\ffzhzh\SyncFiles\Temp\HFSS_sim\LHS800\train\TSV_RDL\dut724.s2p
train,TSV_RDL,725,skipped,C:\ffzhzh\SyncFiles\Temp\HFSS_sim\LHS800\train\TSV_RDL\dut725.s2p
train,TSV_RDL,726,skipped,C:\ffzhzh\SyncFiles\Temp\HFSS_sim\LHS800\train\TSV_RDL\dut726.s2p
train,TSV_RDL,727,skipped,C:\ffzhzh\SyncFiles\Temp\HFSS_sim\LHS800\train\TSV_RDL\dut727.s2p
train,TSV_RDL,728,skipped,C:\ffzhzh\SyncFiles\Temp\HFSS_sim\LHS800\train\TSV_RDL\dut728.s2p
train,TSV_RDL,729,skipped,C:\ffzhzh\SyncFiles\Temp\HFSS_sim\LHS800\train\TSV_RDL\dut729.s2p
train,TSV_RDL,730,skipped,C:\ffzhzh\SyncFiles\Temp\HFSS_sim\LHS800\train\TSV_RDL\dut730.s2p
train,TSV_RDL,731,skipped,C:\ffzhzh\SyncFiles\Temp\HFSS_sim\LHS800\train\TSV_RDL\dut731.s2p
train,TSV_RDL,732,skipped,C:\ffzhzh\SyncFiles\Temp\HFSS_sim\LHS800\train\TSV_RDL\dut732.s2p
train,TSV_RDL,733,skipped,C:\ffzhzh\SyncFiles\Temp\HFSS_sim\LHS800\train\TSV_RDL\dut733.s2p
train,TSV_RDL,734,skipped,C:\ffzhzh\SyncFiles\Temp\HFSS_sim\LHS800\train\TSV_RDL\dut734.s2p
train,TSV_RDL,735,skipped,C:\ffzhzh\SyncFiles\Temp\HFSS_sim\LHS800\train\TSV_RDL\dut735.s2p
train,TSV_RDL,736,skipped,C:\ffzhzh\SyncFiles\Temp\HFSS_sim\LHS800\train\TSV_RDL\dut736.s2p
train,TSV_RDL,737,skipped,C:\ffzhzh\SyncFiles\Temp\HFSS_sim\LHS800\train\TSV_RDL\dut737.s2p
train,TSV_RDL,738,skipped,C:\ffzhzh\SyncFiles\Temp\HFSS_sim\LHS800\train\TSV_RDL\dut738.s2p
train,TSV_RDL,739,skipped,C:\ffzhzh\SyncFiles\Temp\HFSS_sim\LHS800\train\TSV_RDL\dut739.s2p
train,TSV_RDL,740,skipped,C:\ffzhzh\SyncFiles\Temp\HFSS_sim\LHS800\train\TSV_RDL\dut740.s2p
train,TSV_RDL,741,skipped,C:\ffzhzh\SyncFiles\Temp\HFSS_sim\LHS800\train\TSV_RDL\dut741.s2p
train,TSV_RDL,742,skipped,C:\ffzhzh\SyncFiles\Temp\HFSS_sim\LHS800\train\TSV_RDL\dut742.s2p
train,TSV_RDL,743,skipped,C:\ffzhzh\SyncFiles\Temp\HFSS_sim\LHS800\train\TSV_RDL\dut743.s2p
train,TSV_RDL,744,skipped,C:\ffzhzh\SyncFiles\Temp\HFSS_sim\LHS800\train\TSV_RDL\dut744.s2p
train,TSV_RDL,745,skipped,C:\ffzhzh\SyncFiles\Temp\HFSS_sim\LHS800\train\TSV_RDL\dut745.s2p
train,TSV_RDL,746,skipped,C:\ffzhzh\SyncFiles\Temp\HFSS_sim\LHS800\train\TSV_RDL\dut746.s2p
train,TSV_RDL,747,skipped,C:\ffzhzh\SyncFiles\Temp\HFSS_sim\LHS800\train\TSV_RDL\dut747.s2p
train,TSV_RDL,748,skipped,C:\ffzhzh\SyncFiles\Temp\HFSS_sim\LHS800\train\TSV_RDL\dut748.s2p
train,TSV_RDL,749,skipped,C:\ffzhzh\SyncFiles\Temp\HFSS_sim\LHS800\train\TSV_RDL\dut749.s2p
train,TSV_RDL,750,skipped,C:\ffzhzh\SyncFiles\Temp\HFSS_sim\LHS800\train\TSV_RDL\dut750.s2p
train,TSV_RDL,751,skipped,C:\ffzhzh\SyncFiles\Temp\HFSS_sim\LHS800\train\TSV_RDL\dut751.s2p
train,TSV_RDL,752,skipped,C:\ffzhzh\SyncFiles\Temp\HFSS_sim\LHS800\train\TSV_RDL\dut752.s2p
train,TSV_RDL,753,skipped,C:\ffzhzh\SyncFiles\Temp\HFSS_sim\LHS800\train\TSV_RDL\dut753.s2p
train,TSV_RDL,754,skipped,C:\ffzhzh\SyncFiles\Temp\HFSS_sim\LHS800\train\TSV_RDL\dut754.s2p
train,TSV_RDL,755,skipped,C:\ffzhzh\SyncFiles\Temp\HFSS_sim\LHS800\train\TSV_RDL\dut755.s2p
train,TSV_RDL,756,skipped,C:\ffzhzh\SyncFiles\Temp\HFSS_sim\LHS800\train\TSV_RDL\dut756.s2p
train,TSV_RDL,757,skipped,C:\ffzhzh\SyncFiles\Temp\HFSS_sim\LHS800\train\TSV_RDL\dut757.s2p
train,TSV_RDL,758,skipped,C:\ffzhzh\SyncFiles\Temp\HFSS_sim\LHS800\train\TSV_RDL\dut758.s2p
train,TSV_RDL,759,skipped,C:\ffzhzh\SyncFiles\Temp\HFSS_sim\LHS800\train\TSV_RDL\dut759.s2p
train,TSV_RDL,760,skipped,C:\ffzhzh\SyncFiles\Temp\HFSS_sim\LHS800\train\TSV_RDL\dut760.s2p
train,TSV_RDL,761,skipped,C:\ffzhzh\SyncFiles\Temp\HFSS_sim\LHS800\train\TSV_RDL\dut761.s2p
train,TSV_RDL,762,skipped,C:\ffzhzh\SyncFiles\Temp\HFSS_sim\LHS800\train\TSV_RDL\dut762.s2p
train,TSV_RDL,763,skipped,C:\ffzhzh\SyncFiles\Temp\HFSS_sim\LHS800\train\TSV_RDL\dut763.s2p
train,TSV_RDL,764,skipped,C:\ffzhzh\SyncFiles\Temp\HFSS_sim\LHS800\train\TSV_RDL\dut764.s2p
train,TSV_RDL,765,skipped,C:\ffzhzh\SyncFiles\Temp\HFSS_sim\LHS800\train\TSV_RDL\dut765.s2p
train,TSV_RDL,766,skipped,C:\ffzhzh\SyncFiles\Temp\HFSS_sim\LHS800\train\TSV_RDL\dut766.s2p
train,TSV_RDL,767,skipped,C:\ffzhzh\SyncFiles\Temp\HFSS_sim\LHS800\train\TSV_RDL\dut767.s2p
train,TSV_RDL,768,skipped,C:\ffzhzh\SyncFiles\Temp\HFSS_sim\LHS800\train\TSV_RDL\dut768.s2p
train,TSV_RDL,769,skipped,C:\ffzhzh\SyncFiles\Temp\HFSS_sim\LHS800\train\TSV_RDL\dut769.s2p
train,TSV_RDL,770,skipped,C:\ffzhzh\SyncFiles\Temp\HFSS_sim\LHS800\train\TSV_RDL\dut770.s2p
train,TSV_RDL,771,skipped,C:\ffzhzh\SyncFiles\Temp\HFSS_sim\LHS800\train\TSV_RDL\dut771.s2p
train,TSV_RDL,772,skipped,C:\ffzhzh\SyncFiles\Temp\HFSS_sim\LHS800\train\TSV_RDL\dut772.s2p
train,TSV_RDL,773,skipped,C:\ffzhzh\SyncFiles\Temp\HFSS_sim\LHS800\train\TSV_RDL\dut773.s2p
train,TSV_RDL,774,skipped,C:\ffzhzh\SyncFiles\Temp\HFSS_sim\LHS800\train\TSV_RDL\dut774.s2p
train,TSV_RDL,775,skipped,C:\ffzhzh\SyncFiles\Temp\HFSS_sim\LHS800\train\TSV_RDL\dut775.s2p
train,TSV_RDL,776,skipped,C:\ffzhzh\SyncFiles\Temp\HFSS_sim\LHS800\train\TSV_RDL\dut776.s2p
train,TSV_RDL,777,skipped,C:\ffzhzh\SyncFiles\Temp\HFSS_sim\LHS800\train\TSV_RDL\dut777.s2p
train,TSV_RDL,778,skipped,C:\ffzhzh\SyncFiles\Temp\HFSS_sim\LHS800\train\TSV_RDL\dut778.s2p
train,TSV_RDL,779,skipped,C:\ffzhzh\SyncFiles\Temp\HFSS_sim\LHS800\train\TSV_RDL\dut779.s2p
train,TSV_RDL,780,skipped,C:\ffzhzh\SyncFiles\Temp\HFSS_sim\LHS800\train\TSV_RDL\dut780.s2p
train,TSV_RDL,781,skipped,C:\ffzhzh\SyncFiles\Temp\HFSS_sim\LHS800\train\TSV_RDL\dut781.s2p
train,TSV_RDL,782,skipped,C:\ffzhzh\SyncFiles\Temp\HFSS_sim\LHS800\train\TSV_RDL\dut782.s2p
train,TSV_RDL,783,skipped,C:\ffzhzh\SyncFiles\Temp\HFSS_sim\LHS800\train\TSV_RDL\dut783.s2p
train,TSV_RDL,784,skipped,C:\ffzhzh\SyncFiles\Temp\HFSS_sim\LHS800\train\TSV_RDL\dut784.s2p
train,TSV_RDL,785,skipped,C:\ffzhzh\SyncFiles\Temp\HFSS_sim\LHS800\train\TSV_RDL\dut785.s2p
train,TSV_RDL,786,skipped,C:\ffzhzh\SyncFiles\Temp\HFSS_sim\LHS800\train\TSV_RDL\dut786.s2p
train,TSV_RDL,787,skipped,C:\ffzhzh\SyncFiles\Temp\HFSS_sim\LHS800\train\TSV_RDL\dut787.s2p
train,TSV_RDL,788,skipped,C:\ffzhzh\SyncFiles\Temp\HFSS_sim\LHS800\train\TSV_RDL\dut788.s2p
train,TSV_RDL,789,skipped,C:\ffzhzh\SyncFiles\Temp\HFSS_sim\LHS800\train\TSV_RDL\dut789.s2p
train,TSV_RDL,790,skipped,C:\ffzhzh\SyncFiles\Temp\HFSS_sim\LHS800\train\TSV_RDL\dut790.s2p
train,TSV_RDL,791,skipped,C:\ffzhzh\SyncFiles\Temp\HFSS_sim\LHS800\train\TSV_RDL\dut791.s2p
train,TSV_RDL,792,skipped,C:\ffzhzh\SyncFiles\Temp\HFSS_sim\LHS800\train\TSV_RDL\dut792.s2p
train,TSV_RDL,793,skipped,C:\ffzhzh\SyncFiles\Temp\HFSS_sim\LHS800\train\TSV_RDL\dut793.s2p
train,TSV_RDL,794,skipped,C:\ffzhzh\SyncFiles\Temp\HFSS_sim\LHS800\train\TSV_RDL\dut794.s2p
train,TSV_RDL,795,skipped,C:\ffzhzh\SyncFiles\Temp\HFSS_sim\LHS800\train\TSV_RDL\dut795.s2p
train,TSV_RDL,796,skipped,C:\ffzhzh\SyncFiles\Temp\HFSS_sim\LHS800\train\TSV_RDL\dut796.s2p
train,TSV_RDL,797,skipped,C:\ffzhzh\SyncFiles\Temp\HFSS_sim\LHS800\train\TSV_RDL\dut797.s2p
train,TSV_RDL,798,skipped,C:\ffzhzh\SyncFiles\Temp\HFSS_sim\LHS800\train\TSV_RDL\dut798.s2p
train,TSV_RDL,799,skipped,C:\ffzhzh\SyncFiles\Temp\HFSS_sim\LHS800\train\TSV_RDL\dut799.s2p
train,TSV_RDL,800,skipped,C:\ffzhzh\SyncFiles\Temp\HFSS_sim\LHS800\train\TSV_RDL\dut800.s2p
train,TSV_RDL,801,skipped,C:\ffzhzh\SyncFiles\Temp\HFSS_sim\LHS800\train\TSV_RDL\dut801.s2p
train,TSV_RDL,802,skipped,C:\ffzhzh\SyncFiles\Temp\HFSS_sim\LHS800\train\TSV_RDL\dut802.s2p
train,TSV_RDL,803,skipped,C:\ffzhzh\SyncFiles\Temp\HFSS_sim\LHS800\train\TSV_RDL\dut803.s2p
train,TSV_RDL,804,skipped,C:\ffzhzh\SyncFiles\Temp\HFSS_sim\LHS800\train\TSV_RDL\dut804.s2p
train,TSV_RDL,805,skipped,C:\ffzhzh\SyncFiles\Temp\HFSS_sim\LHS800\train\TSV_RDL\dut805.s2p
train,TSV_RDL,806,skipped,C:\ffzhzh\SyncFiles\Temp\HFSS_sim\LHS800\train\TSV_RDL\dut806.s2p
train,TSV_RDL,807,skipped,C:\ffzhzh\SyncFiles\Temp\HFSS_sim\LHS800\train\TSV_RDL\dut807.s2p
train,TSV_RDL,808,skipped,C:\ffzhzh\SyncFiles\Temp\HFSS_sim\LHS800\train\TSV_RDL\dut808.s2p
train,TSV_RDL,809,skipped,C:\ffzhzh\SyncFiles\Temp\HFSS_sim\LHS800\train\TSV_RDL\dut809.s2p
train,TSV_RDL,810,skipped,C:\ffzhzh\SyncFiles\Temp\HFSS_sim\LHS800\train\TSV_RDL\dut810.s2p
train,TSV_RDL,811,skipped,C:\ffzhzh\SyncFiles\Temp\HFSS_sim\LHS800\train\TSV_RDL\dut811.s2p
train,TSV_RDL,812,skipped,C:\ffzhzh\SyncFiles\Temp\HFSS_sim\LHS800\train\TSV_RDL\dut812.s2p
train,TSV_RDL,813,skipped,C:\ffzhzh\SyncFiles\Temp\HFSS_sim\LHS800\train\TSV_RDL\dut813.s2p
train,TSV_RDL,814,skipped,C:\ffzhzh\SyncFiles\Temp\HFSS_sim\LHS800\train\TSV_RDL\dut814.s2p
train,TSV_RDL,815,skipped,C:\ffzhzh\SyncFiles\Temp\HFSS_sim\LHS800\train\TSV_RDL\dut815.s2p
train,TSV_RDL,816,skipped,C:\ffzhzh\SyncFiles\Temp\HFSS_sim\LHS800\train\TSV_RDL\dut816.s2p
train,TSV_RDL,817,skipped,C:\ffzhzh\SyncFiles\Temp\HFSS_sim\LHS800\train\TSV_RDL\dut817.s2p
train,TSV_RDL,818,skipped,C:\ffzhzh\SyncFiles\Temp\HFSS_sim\LHS800\train\TSV_RDL\dut818.s2p
train,TSV_RDL,819,skipped,C:\ffzhzh\SyncFiles\Temp\HFSS_sim\LHS800\train\TSV_RDL\dut819.s2p
train,TSV_RDL,820,skipped,C:\ffzhzh\SyncFiles\Temp\HFSS_sim\LHS800\train\TSV_RDL\dut820.s2p
train,TSV_RDL,821,skipped,C:\ffzhzh\SyncFiles\Temp\HFSS_sim\LHS800\train\TSV_RDL\dut821.s2p
train,TSV_RDL,822,skipped,C:\ffzhzh\SyncFiles\Temp\HFSS_sim\LHS800\train\TSV_RDL\dut822.s2p
train,TSV_RDL,823,skipped,C:\ffzhzh\SyncFiles\Temp\HFSS_sim\LHS800\train\TSV_RDL\dut823.s2p
train,TSV_RDL,824,skipped,C:\ffzhzh\SyncFiles\Temp\HFSS_sim\LHS800\train\TSV_RDL\dut824.s2p
train,TSV_RDL,825,skipped,C:\ffzhzh\SyncFiles\Temp\HFSS_sim\LHS800\train\TSV_RDL\dut825.s2p
train,TSV_RDL,826,skipped,C:\ffzhzh\SyncFiles\Temp\HFSS_sim\LHS800\train\TSV_RDL\dut826.s2p
train,TSV_RDL,827,skipped,C:\ffzhzh\SyncFiles\Temp\HFSS_sim\LHS800\train\TSV_RDL\dut827.s2p
train,TSV_RDL,828,skipped,C:\ffzhzh\SyncFiles\Temp\HFSS_sim\LHS800\train\TSV_RDL\dut828.s2p
train,TSV_RDL,829,skipped,C:\ffzhzh\SyncFiles\Temp\HFSS_sim\LHS800\train\TSV_RDL\dut829.s2p
train,TSV_RDL,830,skipped,C:\ffzhzh\SyncFiles\Temp\HFSS_sim\LHS800\train\TSV_RDL\dut830.s2p
train,TSV_RDL,831,skipped,C:\ffzhzh\SyncFiles\Temp\HFSS_sim\LHS800\train\TSV_RDL\dut831.s2p
train,TSV_RDL,832,skipped,C:\ffzhzh\SyncFiles\Temp\HFSS_sim\LHS800\train\TSV_RDL\dut832.s2p
train,TSV_RDL,833,skipped,C:\ffzhzh\SyncFiles\Temp\HFSS_sim\LHS800\train\TSV_RDL\dut833.s2p
train,TSV_RDL,834,skipped,C:\ffzhzh\SyncFiles\Temp\HFSS_sim\LHS800\train\TSV_RDL\dut834.s2p
train,TSV_RDL,835,skipped,C:\ffzhzh\SyncFiles\Temp\HFSS_sim\LHS800\train\TSV_RDL\dut835.s2p
train,TSV_RDL,836,skipped,C:\ffzhzh\SyncFiles\Temp\HFSS_sim\LHS800\train\TSV_RDL\dut836.s2p
train,TSV_RDL,837,skipped,C:\ffzhzh\SyncFiles\Temp\HFSS_sim\LHS800\train\TSV_RDL\dut837.s2p
train,TSV_RDL,838,skipped,C:\ffzhzh\SyncFiles\Temp\HFSS_sim\LHS800\train\TSV_RDL\dut838.s2p
train,TSV_RDL,839,skipped,C:\ffzhzh\SyncFiles\Temp\HFSS_sim\LHS800\train\TSV_RDL\dut839.s2p
train,TSV_RDL,840,skipped,C:\ffzhzh\SyncFiles\Temp\HFSS_sim\LHS800\train\TSV_RDL\dut840.s2p
train,TSV_RDL,841,skipped,C:\ffzhzh\SyncFiles\Temp\HFSS_sim\LHS800\train\TSV_RDL\dut841.s2p
train,TSV_RDL,842,skipped,C:\ffzhzh\SyncFiles\Temp\HFSS_sim\LHS800\train\TSV_RDL\dut842.s2p
train,TSV_RDL,843,skipped,C:\ffzhzh\SyncFiles\Temp\HFSS_sim\LHS800\train\TSV_RDL\dut843.s2p
train,TSV_RDL,844,skipped,C:\ffzhzh\SyncFiles\Temp\HFSS_sim\LHS800\train\TSV_RDL\dut844.s2p
train,TSV_RDL,845,skipped,C:\ffzhzh\SyncFiles\Temp\HFSS_sim\LHS800\train\TSV_RDL\dut845.s2p
train,TSV_RDL,846,skipped,C:\ffzhzh\SyncFiles\Temp\HFSS_sim\LHS800\train\TSV_RDL\dut846.s2p
train,TSV_RDL,847,skipped,C:\ffzhzh\SyncFiles\Temp\HFSS_sim\LHS800\train\TSV_RDL\dut847.s2p
train,TSV_RDL,848,skipped,C:\ffzhzh\SyncFiles\Temp\HFSS_sim\LHS800\train\TSV_RDL\dut848.s2p
train,TSV_RDL,849,skipped,C:\ffzhzh\SyncFiles\Temp\HFSS_sim\LHS800\train\TSV_RDL\dut849.s2p
train,TSV_RDL,850,skipped,C:\ffzhzh\SyncFiles\Temp\HFSS_sim\LHS800\train\TSV_RDL\dut850.s2p
train,TSV_RDL,851,skipped,C:\ffzhzh\SyncFiles\Temp\HFSS_sim\LHS800\train\TSV_RDL\dut851.s2p
train,TSV_RDL,852,skipped,C:\ffzhzh\SyncFiles\Temp\HFSS_sim\LHS800\train\TSV_RDL\dut852.s2p
train,TSV_RDL,853,skipped,C:\ffzhzh\SyncFiles\Temp\HFSS_sim\LHS800\train\TSV_RDL\dut853.s2p
train,TSV_RDL,854,skipped,C:\ffzhzh\SyncFiles\Temp\HFSS_sim\LHS800\train\TSV_RDL\dut854.s2p
train,TSV_RDL,855,skipped,C:\ffzhzh\SyncFiles\Temp\HFSS_sim\LHS800\train\TSV_RDL\dut855.s2p
train,TSV_RDL,856,skipped,C:\ffzhzh\SyncFiles\Temp\HFSS_sim\LHS800\train\TSV_RDL\dut856.s2p
train,TSV_RDL,857,skipped,C:\ffzhzh\SyncFiles\Temp\HFSS_sim\LHS800\train\TSV_RDL\dut857.s2p
train,TSV_RDL,858,skipped,C:\ffzhzh\SyncFiles\Temp\HFSS_sim\LHS800\train\TSV_RDL\dut858.s2p
train,TSV_RDL,859,skipped,C:\ffzhzh\SyncFiles\Temp\HFSS_sim\LHS800\train\TSV_RDL\dut859.s2p
train,TSV_RDL,860,skipped,C:\ffzhzh\SyncFiles\Temp\HFSS_sim\LHS800\train\TSV_RDL\dut860.s2p
train,TSV_RDL,861,skipped,C:\ffzhzh\SyncFiles\Temp\HFSS_sim\LHS800\train\TSV_RDL\dut861.s2p
train,TSV_RDL,862,skipped,C:\ffzhzh\SyncFiles\Temp\HFSS_sim\LHS800\train\TSV_RDL\dut862.s2p
train,TSV_RDL,863,skipped,C:\ffzhzh\SyncFiles\Temp\HFSS_sim\LHS800\train\TSV_RDL\dut863.s2p
train,TSV_RDL,864,skipped,C:\ffzhzh\SyncFiles\Temp\HFSS_sim\LHS800\train\TSV_RDL\dut864.s2p
train,TSV_RDL,865,skipped,C:\ffzhzh\SyncFiles\Temp\HFSS_sim\LHS800\train\TSV_RDL\dut865.s2p
train,TSV_RDL,866,skipped,C:\ffzhzh\SyncFiles\Temp\HFSS_sim\LHS800\train\TSV_RDL\dut866.s2p
train,TSV_RDL,867,skipped,C:\ffzhzh\SyncFiles\Temp\HFSS_sim\LHS800\train\TSV_RDL\dut867.s2p
train,TSV_RDL,868,skipped,C:\ffzhzh\SyncFiles\Temp\HFSS_sim\LHS800\train\TSV_RDL\dut868.s2p
train,TSV_RDL,869,skipped,C:\ffzhzh\SyncFiles\Temp\HFSS_sim\LHS800\train\TSV_RDL\dut869.s2p
train,TSV_RDL,870,skipped,C:\ffzhzh\SyncFiles\Temp\HFSS_sim\LHS800\train\TSV_RDL\dut870.s2p
train,TSV_RDL,871,skipped,C:\ffzhzh\SyncFiles\Temp\HFSS_sim\LHS800\train\TSV_RDL\dut871.s2p
train,TSV_RDL,872,skipped,C:\ffzhzh\SyncFiles\Temp\HFSS_sim\LHS800\train\TSV_RDL\dut872.s2p
train,TSV_RDL,873,skipped,C:\ffzhzh\SyncFiles\Temp\HFSS_sim\LHS800\train\TSV_RDL\dut873.s2p
train,TSV_RDL,874,skipped,C:\ffzhzh\SyncFiles\Temp\HFSS_sim\LHS800\train\TSV_RDL\dut874.s2p
train,TSV_RDL,875,skipped,C:\ffzhzh\SyncFiles\Temp\HFSS_sim\LHS800\train\TSV_RDL\dut875.s2p
train,TSV_RDL,876,skipped,C:\ffzhzh\SyncFiles\Temp\HFSS_sim\LHS800\train\TSV_RDL\dut876.s2p
train,TSV_RDL,877,skipped,C:\ffzhzh\SyncFiles\Temp\HFSS_sim\LHS800\train\TSV_RDL\dut877.s2p
train,TSV_RDL,878,skipped,C:\ffzhzh\SyncFiles\Temp\HFSS_sim\LHS800\train\TSV_RDL\dut878.s2p
train,TSV_RDL,879,skipped,C:\ffzhzh\SyncFiles\Temp\HFSS_sim\LHS800\train\TSV_RDL\dut879.s2p
train,TSV_RDL,880,skipped,C:\ffzhzh\SyncFiles\Temp\HFSS_sim\LHS800\train\TSV_RDL\dut880.s2p
train,TSV_RDL,881,skipped,C:\ffzhzh\SyncFiles\Temp\HFSS_sim\LHS800\train\TSV_RDL\dut881.s2p
train,TSV_RDL,882,skipped,C:\ffzhzh\SyncFiles\Temp\HFSS_sim\LHS800\train\TSV_RDL\dut882.s2p
train,TSV_RDL,883,skipped,C:\ffzhzh\SyncFiles\Temp\HFSS_sim\LHS800\train\TSV_RDL\dut883.s2p
train,TSV_RDL,884,skipped,C:\ffzhzh\SyncFiles\Temp\HFSS_sim\LHS800\train\TSV_RDL\dut884.s2p
train,TSV_RDL,885,skipped,C:\ffzhzh\SyncFiles\Temp\HFSS_sim\LHS800\train\TSV_RDL\dut885.s2p
train,TSV_RDL,886,skipped,C:\ffzhzh\SyncFiles\Temp\HFSS_sim\LHS800\train\TSV_RDL\dut886.s2p
train,TSV_RDL,887,skipped,C:\ffzhzh\SyncFiles\Temp\HFSS_sim\LHS800\train\TSV_RDL\dut887.s2p
train,TSV_RDL,888,skipped,C:\ffzhzh\SyncFiles\Temp\HFSS_sim\LHS800\train\TSV_RDL\dut888.s2p
train,TSV_RDL,889,skipped,C:\ffzhzh\SyncFiles\Temp\HFSS_sim\LHS800\train\TSV_RDL\dut889.s2p
train,TSV_RDL,890,skipped,C:\ffzhzh\SyncFiles\Temp\HFSS_sim\LHS800\train\TSV_RDL\dut890.s2p
train,TSV_RDL,891,skipped,C:\ffzhzh\SyncFiles\Temp\HFSS_sim\LHS800\train\TSV_RDL\dut891.s2p
train,TSV_RDL,892,skipped,C:\ffzhzh\SyncFiles\Temp\HFSS_sim\LHS800\train\TSV_RDL\dut892.s2p
train,TSV_RDL,893,skipped,C:\ffzhzh\SyncFiles\Temp\HFSS_sim\LHS800\train\TSV_RDL\dut893.s2p
train,TSV_RDL,894,skipped,C:\ffzhzh\SyncFiles\Temp\HFSS_sim\LHS800\train\TSV_RDL\dut894.s2p
train,TSV_RDL,895,skipped,C:\ffzhzh\SyncFiles\Temp\HFSS_sim\LHS800\train\TSV_RDL\dut895.s2p
train,TSV_RDL,896,skipped,C:\ffzhzh\SyncFiles\Temp\HFSS_sim\LHS800\train\TSV_RDL\dut896.s2p
train,TSV_RDL,897,skipped,C:\ffzhzh\SyncFiles\Temp\HFSS_sim\LHS800\train\TSV_RDL\dut897.s2p
train,TSV_RDL,898,skipped,C:\ffzhzh\SyncFiles\Temp\HFSS_sim\LHS800\train\TSV_RDL\dut898.s2p
train,TSV_RDL,899,skipped,C:\ffzhzh\SyncFiles\Temp\HFSS_sim\LHS800\train\TSV_RDL\dut899.s2p
train,TSV_RDL,900,skipped,C:\ffzhzh\SyncFiles\Temp\HFSS_sim\LHS800\train\TSV_RDL\dut900.s2p
train,TSV_RDL,901,skipped,C:\ffzhzh\SyncFiles\Temp\HFSS_sim\LHS800\train\TSV_RDL\dut901.s2p
train,TSV_RDL,902,skipped,C:\ffzhzh\SyncFiles\Temp\HFSS_sim\LHS800\train\TSV_RDL\dut902.s2p
train,TSV_RDL,903,skipped,C:\ffzhzh\SyncFiles\Temp\HFSS_sim\LHS800\train\TSV_RDL\dut903.s2p
train,TSV_RDL,904,skipped,C:\ffzhzh\SyncFiles\Temp\HFSS_sim\LHS800\train\TSV_RDL\dut904.s2p
train,TSV_RDL,905,skipped,C:\ffzhzh\SyncFiles\Temp\HFSS_sim\LHS800\train\TSV_RDL\dut905.s2p
train,TSV_RDL,906,skipped,C:\ffzhzh\SyncFiles\Temp\HFSS_sim\LHS800\train\TSV_RDL\dut906.s2p
train,TSV_RDL,907,skipped,C:\ffzhzh\SyncFiles\Temp\HFSS_sim\LHS800\train\TSV_RDL\dut907.s2p
train,TSV_RDL,908,skipped,C:\ffzhzh\SyncFiles\Temp\HFSS_sim\LHS800\train\TSV_RDL\dut908.s2p
train,TSV_RDL,909,skipped,C:\ffzhzh\SyncFiles\Temp\HFSS_sim\LHS800\train\TSV_RDL\dut909.s2p
train,TSV_RDL,910,skipped,C:\ffzhzh\SyncFiles\Temp\HFSS_sim\LHS800\train\TSV_RDL\dut910.s2p
train,TSV_RDL,911,skipped,C:\ffzhzh\SyncFiles\Temp\HFSS_sim\LHS800\train\TSV_RDL\dut911.s2p
train,TSV_RDL,912,skipped,C:\ffzhzh\SyncFiles\Temp\HFSS_sim\LHS800\train\TSV_RDL\dut912.s2p
train,TSV_RDL,913,skipped,C:\ffzhzh\SyncFiles\Temp\HFSS_sim\LHS800\train\TSV_RDL\dut913.s2p
train,TSV_RDL,914,skipped,C:\ffzhzh\SyncFiles\Temp\HFSS_sim\LHS800\train\TSV_RDL\dut914.s2p
train,TSV_RDL,915,skipped,C:\ffzhzh\SyncFiles\Temp\HFSS_sim\LHS800\train\TSV_RDL\dut915.s2p
train,TSV_RDL,916,skipped,C:\ffzhzh\SyncFiles\Temp\HFSS_sim\LHS800\train\TSV_RDL\dut916.s2p
train,TSV_RDL,917,skipped,C:\ffzhzh\SyncFiles\Temp\HFSS_sim\LHS800\train\TSV_RDL\dut917.s2p
train,TSV_RDL,918,skipped,C:\ffzhzh\SyncFiles\Temp\HFSS_sim\LHS800\train\TSV_RDL\dut918.s2p
train,TSV_RDL,919,skipped,C:\ffzhzh\SyncFiles\Temp\HFSS_sim\LHS800\train\TSV_RDL\dut919.s2p
train,TSV_RDL,920,skipped,C:\ffzhzh\SyncFiles\Temp\HFSS_sim\LHS800\train\TSV_RDL\dut920.s2p
train,TSV_RDL,921,skipped,C:\ffzhzh\SyncFiles\Temp\HFSS_sim\LHS800\train\TSV_RDL\dut921.s2p
train,TSV_RDL,922,skipped,C:\ffzhzh\SyncFiles\Temp\HFSS_sim\LHS800\train\TSV_RDL\dut922.s2p
train,TSV_RDL,923,skipped,C:\ffzhzh\SyncFiles\Temp\HFSS_sim\LHS800\train\TSV_RDL\dut923.s2p
train,TSV_RDL,924,skipped,C:\ffzhzh\SyncFiles\Temp\HFSS_sim\LHS800\train\TSV_RDL\dut924.s2p
train,TSV_RDL,925,skipped,C:\ffzhzh\SyncFiles\Temp\HFSS_sim\LHS800\train\TSV_RDL\dut925.s2p
train,TSV_RDL,926,skipped,C:\ffzhzh\SyncFiles\Temp\HFSS_sim\LHS800\train\TSV_RDL\dut926.s2p
train,TSV_RDL,927,skipped,C:\ffzhzh\SyncFiles\Temp\HFSS_sim\LHS800\train\TSV_RDL\dut927.s2p
train,TSV_RDL,928,skipped,C:\ffzhzh\SyncFiles\Temp\HFSS_sim\LHS800\train\TSV_RDL\dut928.s2p
train,TSV_RDL,929,skipped,C:\ffzhzh\SyncFiles\Temp\HFSS_sim\LHS800\train\TSV_RDL\dut929.s2p
train,TSV_RDL,930,skipped,C:\ffzhzh\SyncFiles\Temp\HFSS_sim\LHS800\train\TSV_RDL\dut930.s2p
train,TSV_RDL,931,skipped,C:\ffzhzh\SyncFiles\Temp\HFSS_sim\LHS800\train\TSV_RDL\dut931.s2p
train,TSV_RDL,932,skipped,C:\ffzhzh\SyncFiles\Temp\HFSS_sim\LHS800\train\TSV_RDL\dut932.s2p
train,TSV_RDL,933,skipped,C:\ffzhzh\SyncFiles\Temp\HFSS_sim\LHS800\train\TSV_RDL\dut933.s2p
train,TSV_RDL,934,skipped,C:\ffzhzh\SyncFiles\Temp\HFSS_sim\LHS800\train\TSV_RDL\dut934.s2p
train,TSV_RDL,935,skipped,C:\ffzhzh\SyncFiles\Temp\HFSS_sim\LHS800\train\TSV_RDL\dut935.s2p
train,TSV_RDL,936,skipped,C:\ffzhzh\SyncFiles\Temp\HFSS_sim\LHS800\train\TSV_RDL\dut936.s2p
train,TSV_RDL,937,skipped,C:\ffzhzh\SyncFiles\Temp\HFSS_sim\LHS800\train\TSV_RDL\dut937.s2p
train,TSV_RDL,938,skipped,C:\ffzhzh\SyncFiles\Temp\HFSS_sim\LHS800\train\TSV_RDL\dut938.s2p
train,TSV_RDL,939,skipped,C:\ffzhzh\SyncFiles\Temp\HFSS_sim\LHS800\train\TSV_RDL\dut939.s2p
train,TSV_RDL,940,skipped,C:\ffzhzh\SyncFiles\Temp\HFSS_sim\LHS800\train\TSV_RDL\dut940.s2p
train,TSV_RDL,941,skipped,C:\ffzhzh\SyncFiles\Temp\HFSS_sim\LHS800\train\TSV_RDL\dut941.s2p
train,TSV_RDL,942,skipped,C:\ffzhzh\SyncFiles\Temp\HFSS_sim\LHS800\train\TSV_RDL\dut942.s2p
train,TSV_RDL,943,skipped,C:\ffzhzh\SyncFiles\Temp\HFSS_sim\LHS800\train\TSV_RDL\dut943.s2p
train,TSV_RDL,944,skipped,C:\ffzhzh\SyncFiles\Temp\HFSS_sim\LHS800\train\TSV_RDL\dut944.s2p
train,TSV_RDL,945,skipped,C:\ffzhzh\SyncFiles\Temp\HFSS_sim\LHS800\train\TSV_RDL\dut945.s2p
train,TSV_RDL,946,skipped,C:\ffzhzh\SyncFiles\Temp\HFSS_sim\LHS800\train\TSV_RDL\dut946.s2p
train,TSV_RDL,947,skipped,C:\ffzhzh\SyncFiles\Temp\HFSS_sim\LHS800\train\TSV_RDL\dut947.s2p
train,TSV_RDL,948,skipped,C:\ffzhzh\SyncFiles\Temp\HFSS_sim\LHS800\train\TSV_RDL\dut948.s2p
train,TSV_RDL,949,skipped,C:\ffzhzh\SyncFiles\Temp\HFSS_sim\LHS800\train\TSV_RDL\dut949.s2p
train,TSV_RDL,950,skipped,C:\ffzhzh\SyncFiles\Temp\HFSS_sim\LHS800\train\TSV_RDL\dut950.s2p
train,TSV_RDL,951,skipped,C:\ffzhzh\SyncFiles\Temp\HFSS_sim\LHS800\train\TSV_RDL\dut951.s2p
train,TSV_RDL,952,skipped,C:\ffzhzh\SyncFiles\Temp\HFSS_sim\LHS800\train\TSV_RDL\dut952.s2p
train,TSV_RDL,953,skipped,C:\ffzhzh\SyncFiles\Temp\HFSS_sim\LHS800\train\TSV_RDL\dut953.s2p
train,TSV_RDL,954,skipped,C:\ffzhzh\SyncFiles\Temp\HFSS_sim\LHS800\train\TSV_RDL\dut954.s2p
train,TSV_RDL,955,skipped,C:\ffzhzh\SyncFiles\Temp\HFSS_sim\LHS800\train\TSV_RDL\dut955.s2p
train,TSV_RDL,956,skipped,C:\ffzhzh\SyncFiles\Temp\HFSS_sim\LHS800\train\TSV_RDL\dut956.s2p
train,TSV_RDL,957,skipped,C:\ffzhzh\SyncFiles\Temp\HFSS_sim\LHS800\train\TSV_RDL\dut957.s2p
train,TSV_RDL,958,skipped,C:\ffzhzh\SyncFiles\Temp\HFSS_sim\LHS800\train\TSV_RDL\dut958.s2p
train,TSV_RDL,959,skipped,C:\ffzhzh\SyncFiles\Temp\HFSS_sim\LHS800\train\TSV_RDL\dut959.s2p
train,TSV_RDL,960,skipped,C:\ffzhzh\SyncFiles\Temp\HFSS_sim\LHS800\train\TSV_RDL\dut960.s2p
train,TSV_RDL,961,skipped,C:\ffzhzh\SyncFiles\Temp\HFSS_sim\LHS800\train\TSV_RDL\dut961.s2p
train,TSV_RDL,962,skipped,C:\ffzhzh\SyncFiles\Temp\HFSS_sim\LHS800\train\TSV_RDL\dut962.s2p
train,TSV_RDL,963,skipped,C:\ffzhzh\SyncFiles\Temp\HFSS_sim\LHS800\train\TSV_RDL\dut963.s2p
train,TSV_RDL,964,skipped,C:\ffzhzh\SyncFiles\Temp\HFSS_sim\LHS800\train\TSV_RDL\dut964.s2p
train,TSV_RDL,965,skipped,C:\ffzhzh\SyncFiles\Temp\HFSS_sim\LHS800\train\TSV_RDL\dut965.s2p
train,TSV_RDL,966,skipped,C:\ffzhzh\SyncFiles\Temp\HFSS_sim\LHS800\train\TSV_RDL\dut966.s2p
train,TSV_RDL,967,skipped,C:\ffzhzh\SyncFiles\Temp\HFSS_sim\LHS800\train\TSV_RDL\dut967.s2p
train,TSV_RDL,968,skipped,C:\ffzhzh\SyncFiles\Temp\HFSS_sim\LHS800\train\TSV_RDL\dut968.s2p
train,TSV_RDL,969,skipped,C:\ffzhzh\SyncFiles\Temp\HFSS_sim\LHS800\train\TSV_RDL\dut969.s2p
train,TSV_RDL,970,skipped,C:\ffzhzh\SyncFiles\Temp\HFSS_sim\LHS800\train\TSV_RDL\dut970.s2p
train,TSV_RDL,971,skipped,C:\ffzhzh\SyncFiles\Temp\HFSS_sim\LHS800\train\TSV_RDL\dut971.s2p
train,TSV_RDL,972,skipped,C:\ffzhzh\SyncFiles\Temp\HFSS_sim\LHS800\train\TSV_RDL\dut972.s2p
train,TSV_RDL,973,skipped,C:\ffzhzh\SyncFiles\Temp\HFSS_sim\LHS800\train\TSV_RDL\dut973.s2p
train,TSV_RDL,974,skipped,C:\ffzhzh\SyncFiles\Temp\HFSS_sim\LHS800\train\TSV_RDL\dut974.s2p
train,TSV_RDL,975,skipped,C:\ffzhzh\SyncFiles\Temp\HFSS_sim\LHS800\train\TSV_RDL\dut975.s2p
train,TSV_RDL,976,skipped,C:\ffzhzh\SyncFiles\Temp\HFSS_sim\LHS800\train\TSV_RDL\dut976.s2p
train,TSV_RDL,977,skipped,C:\ffzhzh\SyncFiles\Temp\HFSS_sim\LHS800\train\TSV_RDL\dut977.s2p
train,TSV_RDL,978,skipped,C:\ffzhzh\SyncFiles\Temp\HFSS_sim\LHS800\train\TSV_RDL\dut978.s2p
train,TSV_RDL,979,skipped,C:\ffzhzh\SyncFiles\Temp\HFSS_sim\LHS800\train\TSV_RDL\dut979.s2p
train,TSV_RDL,980,skipped,C:\ffzhzh\SyncFiles\Temp\HFSS_sim\LHS800\train\TSV_RDL\dut980.s2p
train,TSV_RDL,981,skipped,C:\ffzhzh\SyncFiles\Temp\HFSS_sim\LHS800\train\TSV_RDL\dut981.s2p
train,TSV_RDL,982,skipped,C:\ffzhzh\SyncFiles\Temp\HFSS_sim\LHS800\train\TSV_RDL\dut982.s2p
train,TSV_RDL,983,skipped,C:\ffzhzh\SyncFiles\Temp\HFSS_sim\LHS800\train\TSV_RDL\dut983.s2p
train,TSV_RDL,984,skipped,C:\ffzhzh\SyncFiles\Temp\HFSS_sim\LHS800\train\TSV_RDL\dut984.s2p
train,TSV_RDL,985,skipped,C:\ffzhzh\SyncFiles\Temp\HFSS_sim\LHS800\train\TSV_RDL\dut985.s2p
train,TSV_RDL,986,skipped,C:\ffzhzh\SyncFiles\Temp\HFSS_sim\LHS800\train\TSV_RDL\dut986.s2p
train,TSV_RDL,987,skipped,C:\ffzhzh\SyncFiles\Temp\HFSS_sim\LHS800\train\TSV_RDL\dut987.s2p
train,TSV_RDL,988,skipped,C:\ffzhzh\SyncFiles\Temp\HFSS_sim\LHS800\train\TSV_RDL\dut988.s2p
train,TSV_RDL,989,skipped,C:\ffzhzh\SyncFiles\Temp\HFSS_sim\LHS800\train\TSV_RDL\dut989.s2p
train,TSV_RDL,990,skipped,C:\ffzhzh\SyncFiles\Temp\HFSS_sim\LHS800\train\TSV_RDL\dut990.s2p
train,TSV_RDL,991,skipped,C:\ffzhzh\SyncFiles\Temp\HFSS_sim\LHS800\train\TSV_RDL\dut991.s2p
train,TSV_RDL,992,skipped,C:\ffzhzh\SyncFiles\Temp\HFSS_sim\LHS800\train\TSV_RDL\dut992.s2p
train,TSV_RDL,993,skipped,C:\ffzhzh\SyncFiles\Temp\HFSS_sim\LHS800\train\TSV_RDL\dut993.s2p
train,TSV_RDL,994,skipped,C:\ffzhzh\SyncFiles\Temp\HFSS_sim\LHS800\train\TSV_RDL\dut994.s2p
train,TSV_RDL,995,skipped,C:\ffzhzh\SyncFiles\Temp\HFSS_sim\LHS800\train\TSV_RDL\dut995.s2p
train,TSV_RDL,996,skipped,C:\ffzhzh\SyncFiles\Temp\HFSS_sim\LHS800\train\TSV_RDL\dut996.s2p
train,TSV_RDL,997,skipped,C:\ffzhzh\SyncFiles\Temp\HFSS_sim\LHS800\train\TSV_RDL\dut997.s2p
train,TSV_RDL,998,skipped,C:\ffzhzh\SyncFiles\Temp\HFSS_sim\LHS800\train\TSV_RDL\dut998.s2p
train,TSV_RDL,999,skipped,C:\ffzhzh\SyncFiles\Temp\HFSS_sim\LHS800\train\TSV_RDL\dut999.s2p
train,TSV_RDL,1000,skipped,C:\ffzhzh\SyncFiles\Temp\HFSS_sim\LHS800\train\TSV_RDL\dut1000.s2p
train,TSV_RDL,1001,skipped,C:\ffzhzh\SyncFiles\Temp\HFSS_sim\LHS800\train\TSV_RDL\dut1001.s2p
train,TSV_RDL,1002,skipped,C:\ffzhzh\SyncFiles\Temp\HFSS_sim\LHS800\train\TSV_RDL\dut1002.s2p
train,TSV_RDL,1003,skipped,C:\ffzhzh\SyncFiles\Temp\HFSS_sim\LHS800\train\TSV_RDL\dut1003.s2p
train,TSV_RDL,1004,skipped,C:\ffzhzh\SyncFiles\Temp\HFSS_sim\LHS800\train\TSV_RDL\dut1004.s2p
train,TSV_RDL,1005,skipped,C:\ffzhzh\SyncFiles\Temp\HFSS_sim\LHS800\train\TSV_RDL\dut1005.s2p
train,TSV_RDL,1006,skipped,C:\ffzhzh\SyncFiles\Temp\HFSS_sim\LHS800\train\TSV_RDL\dut1006.s2p
train,TSV_RDL,1007,skipped,C:\ffzhzh\SyncFiles\Temp\HFSS_sim\LHS800\train\TSV_RDL\dut1007.s2p
train,TSV_RDL,1008,skipped,C:\ffzhzh\SyncFiles\Temp\HFSS_sim\LHS800\train\TSV_RDL\dut1008.s2p
train,TSV_RDL,1009,skipped,C:\ffzhzh\SyncFiles\Temp\HFSS_sim\LHS800\train\TSV_RDL\dut1009.s2p
train,TSV_RDL,1010,skipped,C:\ffzhzh\SyncFiles\Temp\HFSS_sim\LHS800\train\TSV_RDL\dut1010.s2p
train,TSV_RDL,1011,skipped,C:\ffzhzh\SyncFiles\Temp\HFSS_sim\LHS800\train\TSV_RDL\dut1011.s2p
train,TSV_RDL,1012,skipped,C:\ffzhzh\SyncFiles\Temp\HFSS_sim\LHS800\train\TSV_RDL\dut1012.s2p
train,TSV_RDL,1013,skipped,C:\ffzhzh\SyncFiles\Temp\HFSS_sim\LHS800\train\TSV_RDL\dut1013.s2p
train,TSV_RDL,1014,skipped,C:\ffzhzh\SyncFiles\Temp\HFSS_sim\LHS800\train\TSV_RDL\dut1014.s2p
train,TSV_RDL,1015,skipped,C:\ffzhzh\SyncFiles\Temp\HFSS_sim\LHS800\train\TSV_RDL\dut1015.s2p
train,TSV_RDL,1016,skipped,C:\ffzhzh\SyncFiles\Temp\HFSS_sim\LHS800\train\TSV_RDL\dut1016.s2p
train,TSV_RDL,1017,skipped,C:\ffzhzh\SyncFiles\Temp\HFSS_sim\LHS800\train\TSV_RDL\dut1017.s2p
train,TSV_RDL,1018,skipped,C:\ffzhzh\SyncFiles\Temp\HFSS_sim\LHS800\train\TSV_RDL\dut1018.s2p
train,TSV_RDL,1019,skipped,C:\ffzhzh\SyncFiles\Temp\HFSS_sim\LHS800\train\TSV_RDL\dut1019.s2p
train,TSV_RDL,1020,skipped,C:\ffzhzh\SyncFiles\Temp\HFSS_sim\LHS800\train\TSV_RDL\dut1020.s2p
train,TSV_RDL,1021,skipped,C:\ffzhzh\SyncFiles\Temp\HFSS_sim\LHS800\train\TSV_RDL\dut1021.s2p
train,TSV_RDL,1022,skipped,C:\ffzhzh\SyncFiles\Temp\HFSS_sim\LHS800\train\TSV_RDL\dut1022.s2p
train,TSV_RDL,1023,skipped,C:\ffzhzh\SyncFiles\Temp\HFSS_sim\LHS800\train\TSV_RDL\dut1023.s2p
train,TSV_RDL,1024,skipped,C:\ffzhzh\SyncFiles\Temp\HFSS_sim\LHS800\train\TSV_RDL\dut1024.s2p
train,TSV_RDL,1025,skipped,C:\ffzhzh\SyncFiles\Temp\HFSS_sim\LHS800\train\TSV_RDL\dut1025.s2p
train,TSV_RDL,1026,skipped,C:\ffzhzh\SyncFiles\Temp\HFSS_sim\LHS800\train\TSV_RDL\dut1026.s2p
train,TSV_RDL,1027,skipped,C:\ffzhzh\SyncFiles\Temp\HFSS_sim\LHS800\train\TSV_RDL\dut1027.s2p
train,TSV_RDL,1028,skipped,C:\ffzhzh\SyncFiles\Temp\HFSS_sim\LHS800\train\TSV_RDL\dut1028.s2p
train,TSV_RDL,1029,skipped,C:\ffzhzh\SyncFiles\Temp\HFSS_sim\LHS800\train\TSV_RDL\dut1029.s2p
train,TSV_RDL,1030,skipped,C:\ffzhzh\SyncFiles\Temp\HFSS_sim\LHS800\train\TSV_RDL\dut1030.s2p
train,TSV_RDL,1031,skipped,C:\ffzhzh\SyncFiles\Temp\HFSS_sim\LHS800\train\TSV_RDL\dut1031.s2p
train,TSV_RDL,1032,skipped,C:\ffzhzh\SyncFiles\Temp\HFSS_sim\LHS800\train\TSV_RDL\dut1032.s2p
train,TSV_RDL,1033,skipped,C:\ffzhzh\SyncFiles\Temp\HFSS_sim\LHS800\train\TSV_RDL\dut1033.s2p
train,TSV_RDL,1034,skipped,C:\ffzhzh\SyncFiles\Temp\HFSS_sim\LHS800\train\TSV_RDL\dut1034.s2p
train,TSV_RDL,1035,skipped,C:\ffzhzh\SyncFiles\Temp\HFSS_sim\LHS800\train\TSV_RDL\dut1035.s2p
train,TSV_RDL,1036,skipped,C:\ffzhzh\SyncFiles\Temp\HFSS_sim\LHS800\train\TSV_RDL\dut1036.s2p
train,TSV_RDL,1037,skipped,C:\ffzhzh\SyncFiles\Temp\HFSS_sim\LHS800\train\TSV_RDL\dut1037.s2p
train,TSV_RDL,1038,skipped,C:\ffzhzh\SyncFiles\Temp\HFSS_sim\LHS800\train\TSV_RDL\dut1038.s2p
train,TSV_RDL,1039,skipped,C:\ffzhzh\SyncFiles\Temp\HFSS_sim\LHS800\train\TSV_RDL\dut1039.s2p
train,TSV_RDL,1040,skipped,C:\ffzhzh\SyncFiles\Temp\HFSS_sim\LHS800\train\TSV_RDL\dut1040.s2p
train,TSV_RDL,1041,skipped,C:\ffzhzh\SyncFiles\Temp\HFSS_sim\LHS800\train\TSV_RDL\dut1041.s2p
train,TSV_RDL,1042,skipped,C:\ffzhzh\SyncFiles\Temp\HFSS_sim\LHS800\train\TSV_RDL\dut1042.s2p
train,TSV_RDL,1043,skipped,C:\ffzhzh\SyncFiles\Temp\HFSS_sim\LHS800\train\TSV_RDL\dut1043.s2p
train,TSV_RDL,1044,skipped,C:\ffzhzh\SyncFiles\Temp\HFSS_sim\LHS800\train\TSV_RDL\dut1044.s2p
train,TSV_RDL,1045,skipped,C:\ffzhzh\SyncFiles\Temp\HFSS_sim\LHS800\train\TSV_RDL\dut1045.s2p
train,TSV_RDL,1046,skipped,C:\ffzhzh\SyncFiles\Temp\HFSS_sim\LHS800\train\TSV_RDL\dut1046.s2p
train,TSV_RDL,1047,skipped,C:\ffzhzh\SyncFiles\Temp\HFSS_sim\LHS800\train\TSV_RDL\dut1047.s2p
train,TSV_RDL,1048,skipped,C:\ffzhzh\SyncFiles\Temp\HFSS_sim\LHS800\train\TSV_RDL\dut1048.s2p
train,TSV_RDL,1049,skipped,C:\ffzhzh\SyncFiles\Temp\HFSS_sim\LHS800\train\TSV_RDL\dut1049.s2p
train,TSV_RDL,1050,skipped,C:\ffzhzh\SyncFiles\Temp\HFSS_sim\LHS800\train\TSV_RDL\dut1050.s2p
train,TSV_RDL,1051,skipped,C:\ffzhzh\SyncFiles\Temp\HFSS_sim\LHS800\train\TSV_RDL\dut1051.s2p
train,TSV_RDL,1052,skipped,C:\ffzhzh\SyncFiles\Temp\HFSS_sim\LHS800\train\TSV_RDL\dut1052.s2p
train,TSV_RDL,1053,skipped,C:\ffzhzh\SyncFiles\Temp\HFSS_sim\LHS800\train\TSV_RDL\dut1053.s2p
train,TSV_RDL,1054,skipped,C:\ffzhzh\SyncFiles\Temp\HFSS_sim\LHS800\train\TSV_RDL\dut1054.s2p
train,TSV_RDL,1055,skipped,C:\ffzhzh\SyncFiles\Temp\HFSS_sim\LHS800\train\TSV_RDL\dut1055.s2p
train,TSV_RDL,1056,skipped,C:\ffzhzh\SyncFiles\Temp\HFSS_sim\LHS800\train\TSV_RDL\dut1056.s2p
train,TSV_RDL,1057,skipped,C:\ffzhzh\SyncFiles\Temp\HFSS_sim\LHS800\train\TSV_RDL\dut1057.s2p
train,TSV_RDL,1058,skipped,C:\ffzhzh\SyncFiles\Temp\HFSS_sim\LHS800\train\TSV_RDL\dut1058.s2p
train,TSV_RDL,1059,skipped,C:\ffzhzh\SyncFiles\Temp\HFSS_sim\LHS800\train\TSV_RDL\dut1059.s2p
train,TSV_RDL,1060,skipped,C:\ffzhzh\SyncFiles\Temp\HFSS_sim\LHS800\train\TSV_RDL\dut1060.s2p
train,TSV_RDL,1061,skipped,C:\ffzhzh\SyncFiles\Temp\HFSS_sim\LHS800\train\TSV_RDL\dut1061.s2p
train,TSV_RDL,1062,skipped,C:\ffzhzh\SyncFiles\Temp\HFSS_sim\LHS800\train\TSV_RDL\dut1062.s2p
train,TSV_RDL,1063,skipped,C:\ffzhzh\SyncFiles\Temp\HFSS_sim\LHS800\train\TSV_RDL\dut1063.s2p
train,TSV_RDL,1064,skipped,C:\ffzhzh\SyncFiles\Temp\HFSS_sim\LHS800\train\TSV_RDL\dut1064.s2p
train,TSV_RDL,1065,skipped,C:\ffzhzh\SyncFiles\Temp\HFSS_sim\LHS800\train\TSV_RDL\dut1065.s2p
train,TSV_RDL,1066,skipped,C:\ffzhzh\SyncFiles\Temp\HFSS_sim\LHS800\train\TSV_RDL\dut1066.s2p
train,TSV_RDL,1067,skipped,C:\ffzhzh\SyncFiles\Temp\HFSS_sim\LHS800\train\TSV_RDL\dut1067.s2p
train,TSV_RDL,1068,skipped,C:\ffzhzh\SyncFiles\Temp\HFSS_sim\LHS800\train\TSV_RDL\dut1068.s2p
train,TSV_RDL,1069,skipped,C:\ffzhzh\SyncFiles\Temp\HFSS_sim\LHS800\train\TSV_RDL\dut1069.s2p
train,TSV_RDL,1070,skipped,C:\ffzhzh\SyncFiles\Temp\HFSS_sim\LHS800\train\TSV_RDL\dut1070.s2p
train,TSV_RDL,1071,skipped,C:\ffzhzh\SyncFiles\Temp\HFSS_sim\LHS800\train\TSV_RDL\dut1071.s2p
train,TSV_RDL,1072,skipped,C:\ffzhzh\SyncFiles\Temp\HFSS_sim\LHS800\train\TSV_RDL\dut1072.s2p
train,TSV_RDL,1073,skipped,C:\ffzhzh\SyncFiles\Temp\HFSS_sim\LHS800\train\TSV_RDL\dut1073.s2p
train,TSV_RDL,1074,skipped,C:\ffzhzh\SyncFiles\Temp\HFSS_sim\LHS800\train\TSV_RDL\dut1074.s2p
train,TSV_RDL,1075,skipped,C:\ffzhzh\SyncFiles\Temp\HFSS_sim\LHS800\train\TSV_RDL\dut1075.s2p
train,TSV_RDL,1076,skipped,C:\ffzhzh\SyncFiles\Temp\HFSS_sim\LHS800\train\TSV_RDL\dut1076.s2p
train,TSV_RDL,1077,skipped,C:\ffzhzh\SyncFiles\Temp\HFSS_sim\LHS800\train\TSV_RDL\dut1077.s2p
train,TSV_RDL,1078,skipped,C:\ffzhzh\SyncFiles\Temp\HFSS_sim\LHS800\train\TSV_RDL\dut1078.s2p
train,TSV_RDL,1079,skipped,C:\ffzhzh\SyncFiles\Temp\HFSS_sim\LHS800\train\TSV_RDL\dut1079.s2p
train,TSV_RDL,1080,skipped,C:\ffzhzh\SyncFiles\Temp\HFSS_sim\LHS800\train\TSV_RDL\dut1080.s2p
train,TSV_RDL,1081,skipped,C:\ffzhzh\SyncFiles\Temp\HFSS_sim\LHS800\train\TSV_RDL\dut1081.s2p
train,TSV_RDL,1082,skipped,C:\ffzhzh\SyncFiles\Temp\HFSS_sim\LHS800\train\TSV_RDL\dut1082.s2p
train,TSV_RDL,1083,skipped,C:\ffzhzh\SyncFiles\Temp\HFSS_sim\LHS800\train\TSV_RDL\dut1083.s2p
train,TSV_RDL,1084,skipped,C:\ffzhzh\SyncFiles\Temp\HFSS_sim\LHS800\train\TSV_RDL\dut1084.s2p
train,TSV_RDL,1085,skipped,C:\ffzhzh\SyncFiles\Temp\HFSS_sim\LHS800\train\TSV_RDL\dut1085.s2p
train,TSV_RDL,1086,skipped,C:\ffzhzh\SyncFiles\Temp\HFSS_sim\LHS800\train\TSV_RDL\dut1086.s2p
train,TSV_RDL,1087,skipped,C:\ffzhzh\SyncFiles\Temp\HFSS_sim\LHS800\train\TSV_RDL\dut1087.s2p
train,TSV_RDL,1088,skipped,C:\ffzhzh\SyncFiles\Temp\HFSS_sim\LHS800\train\TSV_RDL\dut1088.s2p
train,TSV_RDL,1089,skipped,C:\ffzhzh\SyncFiles\Temp\HFSS_sim\LHS800\train\TSV_RDL\dut1089.s2p
train,TSV_RDL,1090,skipped,C:\ffzhzh\SyncFiles\Temp\HFSS_sim\LHS800\train\TSV_RDL\dut1090.s2p
train,TSV_RDL,1091,skipped,C:\ffzhzh\SyncFiles\Temp\HFSS_sim\LHS800\train\TSV_RDL\dut1091.s2p
train,TSV_RDL,1092,skipped,C:\ffzhzh\SyncFiles\Temp\HFSS_sim\LHS800\train\TSV_RDL\dut1092.s2p
train,TSV_RDL,1093,skipped,C:\ffzhzh\SyncFiles\Temp\HFSS_sim\LHS800\train\TSV_RDL\dut1093.s2p
train,TSV_RDL,1094,skipped,C:\ffzhzh\SyncFiles\Temp\HFSS_sim\LHS800\train\TSV_RDL\dut1094.s2p
train,TSV_RDL,1095,skipped,C:\ffzhzh\SyncFiles\Temp\HFSS_sim\LHS800\train\TSV_RDL\dut1095.s2p
train,TSV_RDL,1096,skipped,C:\ffzhzh\SyncFiles\Temp\HFSS_sim\LHS800\train\TSV_RDL\dut1096.s2p
train,TSV_RDL,1097,skipped,C:\ffzhzh\SyncFiles\Temp\HFSS_sim\LHS800\train\TSV_RDL\dut1097.s2p
train,TSV_RDL,1098,skipped,C:\ffzhzh\SyncFiles\Temp\HFSS_sim\LHS800\train\TSV_RDL\dut1098.s2p
train,TSV_RDL,1099,skipped,C:\ffzhzh\SyncFiles\Temp\HFSS_sim\LHS800\train\TSV_RDL\dut1099.s2p
train,TSV_RDL,1100,skipped,C:\ffzhzh\SyncFiles\Temp\HFSS_sim\LHS800\train\TSV_RDL\dut1100.s2p
train,TSV_RDL,1101,skipped,C:\ffzhzh\SyncFiles\Temp\HFSS_sim\LHS800\train\TSV_RDL\dut1101.s2p
train,TSV_RDL,1102,skipped,C:\ffzhzh\SyncFiles\Temp\HFSS_sim\LHS800\train\TSV_RDL\dut1102.s2p
train,TSV_RDL,1103,skipped,C:\ffzhzh\SyncFiles\Temp\HFSS_sim\LHS800\train\TSV_RDL\dut1103.s2p
train,TSV_RDL,1104,skipped,C:\ffzhzh\SyncFiles\Temp\HFSS_sim\LHS800\train\TSV_RDL\dut1104.s2p
train,TSV_RDL,1105,skipped,C:\ffzhzh\SyncFiles\Temp\HFSS_sim\LHS800\train\TSV_RDL\dut1105.s2p
train,TSV_RDL,1106,skipped,C:\ffzhzh\SyncFiles\Temp\HFSS_sim\LHS800\train\TSV_RDL\dut1106.s2p
train,TSV_RDL,1107,skipped,C:\ffzhzh\SyncFiles\Temp\HFSS_sim\LHS800\train\TSV_RDL\dut1107.s2p
train,TSV_RDL,1108,skipped,C:\ffzhzh\SyncFiles\Temp\HFSS_sim\LHS800\train\TSV_RDL\dut1108.s2p
train,TSV_RDL,1109,skipped,C:\ffzhzh\SyncFiles\Temp\HFSS_sim\LHS800\train\TSV_RDL\dut1109.s2p
train,TSV_RDL,1110,skipped,C:\ffzhzh\SyncFiles\Temp\HFSS_sim\LHS800\train\TSV_RDL\dut1110.s2p
train,TSV_RDL,1111,skipped,C:\ffzhzh\SyncFiles\Temp\HFSS_sim\LHS800\train\TSV_RDL\dut1111.s2p
train,TSV_RDL,1112,skipped,C:\ffzhzh\SyncFiles\Temp\HFSS_sim\LHS800\train\TSV_RDL\dut1112.s2p
train,TSV_RDL,1113,skipped,C:\ffzhzh\SyncFiles\Temp\HFSS_sim\LHS800\train\TSV_RDL\dut1113.s2p
train,TSV_RDL,1114,skipped,C:\ffzhzh\SyncFiles\Temp\HFSS_sim\LHS800\train\TSV_RDL\dut1114.s2p
train,TSV_RDL,1115,skipped,C:\ffzhzh\SyncFiles\Temp\HFSS_sim\LHS800\train\TSV_RDL\dut1115.s2p
train,TSV_RDL,1116,skipped,C:\ffzhzh\SyncFiles\Temp\HFSS_sim\LHS800\train\TSV_RDL\dut1116.s2p
train,TSV_RDL,1117,skipped,C:\ffzhzh\SyncFiles\Temp\HFSS_sim\LHS800\train\TSV_RDL\dut1117.s2p
train,TSV_RDL,1118,skipped,C:\ffzhzh\SyncFiles\Temp\HFSS_sim\LHS800\train\TSV_RDL\dut1118.s2p
train,TSV_RDL,1119,skipped,C:\ffzhzh\SyncFiles\Temp\HFSS_sim\LHS800\train\TSV_RDL\dut1119.s2p
train,TSV_RDL,1120,skipped,C:\ffzhzh\SyncFiles\Temp\HFSS_sim\LHS800\train\TSV_RDL\dut1120.s2p
train,TSV_RDL,1121,skipped,C:\ffzhzh\SyncFiles\Temp\HFSS_sim\LHS800\train\TSV_RDL\dut1121.s2p
train,TSV_RDL,1122,skipped,C:\ffzhzh\SyncFiles\Temp\HFSS_sim\LHS800\train\TSV_RDL\dut1122.s2p
train,TSV_RDL,1123,skipped,C:\ffzhzh\SyncFiles\Temp\HFSS_sim\LHS800\train\TSV_RDL\dut1123.s2p
train,TSV_RDL,1124,skipped,C:\ffzhzh\SyncFiles\Temp\HFSS_sim\LHS800\train\TSV_RDL\dut1124.s2p
train,TSV_RDL,1125,skipped,C:\ffzhzh\SyncFiles\Temp\HFSS_sim\LHS800\train\TSV_RDL\dut1125.s2p
train,TSV_RDL,1126,skipped,C:\ffzhzh\SyncFiles\Temp\HFSS_sim\LHS800\train\TSV_RDL\dut1126.s2p
train,TSV_RDL,1127,skipped,C:\ffzhzh\SyncFiles\Temp\HFSS_sim\LHS800\train\TSV_RDL\dut1127.s2p
train,TSV_RDL,1128,skipped,C:\ffzhzh\SyncFiles\Temp\HFSS_sim\LHS800\train\TSV_RDL\dut1128.s2p
train,TSV_RDL,1129,skipped,C:\ffzhzh\SyncFiles\Temp\HFSS_sim\LHS800\train\TSV_RDL\dut1129.s2p
train,TSV_RDL,1130,skipped,C:\ffzhzh\SyncFiles\Temp\HFSS_sim\LHS800\train\TSV_RDL\dut1130.s2p
train,TSV_RDL,1131,skipped,C:\ffzhzh\SyncFiles\Temp\HFSS_sim\LHS800\train\TSV_RDL\dut1131.s2p
train,TSV_RDL,1132,skipped,C:\ffzhzh\SyncFiles\Temp\HFSS_sim\LHS800\train\TSV_RDL\dut1132.s2p
train,TSV_RDL,1133,skipped,C:\ffzhzh\SyncFiles\Temp\HFSS_sim\LHS800\train\TSV_RDL\dut1133.s2p
train,TSV_RDL,1134,skipped,C:\ffzhzh\SyncFiles\Temp\HFSS_sim\LHS800\train\TSV_RDL\dut1134.s2p
train,TSV_RDL,1135,skipped,C:\ffzhzh\SyncFiles\Temp\HFSS_sim\LHS800\train\TSV_RDL\dut1135.s2p
train,TSV_RDL,1136,skipped,C:\ffzhzh\SyncFiles\Temp\HFSS_sim\LHS800\train\TSV_RDL\dut1136.s2p
train,TSV_RDL,1137,skipped,C:\ffzhzh\SyncFiles\Temp\HFSS_sim\LHS800\train\TSV_RDL\dut1137.s2p
train,TSV_RDL,1138,skipped,C:\ffzhzh\SyncFiles\Temp\HFSS_sim\LHS800\train\TSV_RDL\dut1138.s2p
train,TSV_RDL,1139,skipped,C:\ffzhzh\SyncFiles\Temp\HFSS_sim\LHS800\train\TSV_RDL\dut1139.s2p
train,TSV_RDL,1140,skipped,C:\ffzhzh\SyncFiles\Temp\HFSS_sim\LHS800\train\TSV_RDL\dut1140.s2p
train,TSV_RDL,1141,skipped,C:\ffzhzh\SyncFiles\Temp\HFSS_sim\LHS800\train\TSV_RDL\dut1141.s2p
train,TSV_RDL,1142,skipped,C:\ffzhzh\SyncFiles\Temp\HFSS_sim\LHS800\train\TSV_RDL\dut1142.s2p
train,TSV_RDL,1143,skipped,C:\ffzhzh\SyncFiles\Temp\HFSS_sim\LHS800\train\TSV_RDL\dut1143.s2p
train,TSV_RDL,1144,skipped,C:\ffzhzh\SyncFiles\Temp\HFSS_sim\LHS800\train\TSV_RDL\dut1144.s2p
train,TSV_RDL,1145,skipped,C:\ffzhzh\SyncFiles\Temp\HFSS_sim\LHS800\train\TSV_RDL\dut1145.s2p
train,TSV_RDL,1146,skipped,C:\ffzhzh\SyncFiles\Temp\HFSS_sim\LHS800\train\TSV_RDL\dut1146.s2p
train,TSV_RDL,1147,skipped,C:\ffzhzh\SyncFiles\Temp\HFSS_sim\LHS800\train\TSV_RDL\dut1147.s2p
train,TSV_RDL,1148,skipped,C:\ffzhzh\SyncFiles\Temp\HFSS_sim\LHS800\train\TSV_RDL\dut1148.s2p
train,TSV_RDL,1149,skipped,C:\ffzhzh\SyncFiles\Temp\HFSS_sim\LHS800\train\TSV_RDL\dut1149.s2p
train,TSV_RDL,1150,skipped,C:\ffzhzh\SyncFiles\Temp\HFSS_sim\LHS800\train\TSV_RDL\dut1150.s2p
train,TSV_RDL,1151,skipped,C:\ffzhzh\SyncFiles\Temp\HFSS_sim\LHS800\train\TSV_RDL\dut1151.s2p
train,TSV_RDL,1152,skipped,C:\ffzhzh\SyncFiles\Temp\HFSS_sim\LHS800\train\TSV_RDL\dut1152.s2p
train,TSV_RDL,1153,skipped,C:\ffzhzh\SyncFiles\Temp\HFSS_sim\LHS800\train\TSV_RDL\dut1153.s2p
train,TSV_RDL,1154,skipped,C:\ffzhzh\SyncFiles\Temp\HFSS_sim\LHS800\train\TSV_RDL\dut1154.s2p
train,TSV_RDL,1155,skipped,C:\ffzhzh\SyncFiles\Temp\HFSS_sim\LHS800\train\TSV_RDL\dut1155.s2p
train,TSV_RDL,1156,skipped,C:\ffzhzh\SyncFiles\Temp\HFSS_sim\LHS800\train\TSV_RDL\dut1156.s2p
train,TSV_RDL,1157,skipped,C:\ffzhzh\SyncFiles\Temp\HFSS_sim\LHS800\train\TSV_RDL\dut1157.s2p
train,TSV_RDL,1158,skipped,C:\ffzhzh\SyncFiles\Temp\HFSS_sim\LHS800\train\TSV_RDL\dut1158.s2p
train,TSV_RDL,1159,skipped,C:\ffzhzh\SyncFiles\Temp\HFSS_sim\LHS800\train\TSV_RDL\dut1159.s2p
train,TSV_RDL,1160,skipped,C:\ffzhzh\SyncFiles\Temp\HFSS_sim\LHS800\train\TSV_RDL\dut1160.s2p
train,TSV_RDL,1161,skipped,C:\ffzhzh\SyncFiles\Temp\HFSS_sim\LHS800\train\TSV_RDL\dut1161.s2p
train,TSV_RDL,1162,skipped,C:\ffzhzh\SyncFiles\Temp\HFSS_sim\LHS800\train\TSV_RDL\dut1162.s2p
train,TSV_RDL,1163,skipped,C:\ffzhzh\SyncFiles\Temp\HFSS_sim\LHS800\train\TSV_RDL\dut1163.s2p
train,TSV_RDL,1164,skipped,C:\ffzhzh\SyncFiles\Temp\HFSS_sim\LHS800\train\TSV_RDL\dut1164.s2p
train,TSV_RDL,1165,skipped,C:\ffzhzh\SyncFiles\Temp\HFSS_sim\LHS800\train\TSV_RDL\dut1165.s2p
train,TSV_RDL,1166,skipped,C:\ffzhzh\SyncFiles\Temp\HFSS_sim\LHS800\train\TSV_RDL\dut1166.s2p
train,TSV_RDL,1167,skipped,C:\ffzhzh\SyncFiles\Temp\HFSS_sim\LHS800\train\TSV_RDL\dut1167.s2p
train,TSV_RDL,1168,skipped,C:\ffzhzh\SyncFiles\Temp\HFSS_sim\LHS800\train\TSV_RDL\dut1168.s2p
train,TSV_RDL,1169,skipped,C:\ffzhzh\SyncFiles\Temp\HFSS_sim\LHS800\train\TSV_RDL\dut1169.s2p
train,TSV_RDL,1170,skipped,C:\ffzhzh\SyncFiles\Temp\HFSS_sim\LHS800\train\TSV_RDL\dut1170.s2p
train,TSV_RDL,1171,skipped,C:\ffzhzh\SyncFiles\Temp\HFSS_sim\LHS800\train\TSV_RDL\dut1171.s2p
train,TSV_RDL,1172,skipped,C:\ffzhzh\SyncFiles\Temp\HFSS_sim\LHS800\train\TSV_RDL\dut1172.s2p
train,TSV_RDL,1173,skipped,C:\ffzhzh\SyncFiles\Temp\HFSS_sim\LHS800\train\TSV_RDL\dut1173.s2p
train,TSV_RDL,1174,skipped,C:\ffzhzh\SyncFiles\Temp\HFSS_sim\LHS800\train\TSV_RDL\dut1174.s2p
train,TSV_RDL,1175,skipped,C:\ffzhzh\SyncFiles\Temp\HFSS_sim\LHS800\train\TSV_RDL\dut1175.s2p
train,TSV_RDL,1176,skipped,C:\ffzhzh\SyncFiles\Temp\HFSS_sim\LHS800\train\TSV_RDL\dut1176.s2p
train,TSV_RDL,1177,skipped,C:\ffzhzh\SyncFiles\Temp\HFSS_sim\LHS800\train\TSV_RDL\dut1177.s2p
train,TSV_RDL,1178,skipped,C:\ffzhzh\SyncFiles\Temp\HFSS_sim\LHS800\train\TSV_RDL\dut1178.s2p
train,TSV_RDL,1179,skipped,C:\ffzhzh\SyncFiles\Temp\HFSS_sim\LHS800\train\TSV_RDL\dut1179.s2p
train,TSV_RDL,1180,skipped,C:\ffzhzh\SyncFiles\Temp\HFSS_sim\LHS800\train\TSV_RDL\dut1180.s2p
train,TSV_RDL,1181,skipped,C:\ffzhzh\SyncFiles\Temp\HFSS_sim\LHS800\train\TSV_RDL\dut1181.s2p
train,TSV_RDL,1182,skipped,C:\ffzhzh\SyncFiles\Temp\HFSS_sim\LHS800\train\TSV_RDL\dut1182.s2p
train,TSV_RDL,1183,skipped,C:\ffzhzh\SyncFiles\Temp\HFSS_sim\LHS800\train\TSV_RDL\dut1183.s2p
train,TSV_RDL,1184,skipped,C:\ffzhzh\SyncFiles\Temp\HFSS_sim\LHS800\train\TSV_RDL\dut1184.s2p
train,TSV_RDL,1185,skipped,C:\ffzhzh\SyncFiles\Temp\HFSS_sim\LHS800\train\TSV_RDL\dut1185.s2p
train,TSV_RDL,1186,skipped,C:\ffzhzh\SyncFiles\Temp\HFSS_sim\LHS800\train\TSV_RDL\dut1186.s2p
train,TSV_RDL,1187,skipped,C:\ffzhzh\SyncFiles\Temp\HFSS_sim\LHS800\train\TSV_RDL\dut1187.s2p
train,TSV_RDL,1188,skipped,C:\ffzhzh\SyncFiles\Temp\HFSS_sim\LHS800\train\TSV_RDL\dut1188.s2p
train,TSV_RDL,1189,skipped,C:\ffzhzh\SyncFiles\Temp\HFSS_sim\LHS800\train\TSV_RDL\dut1189.s2p
train,TSV_RDL,1190,skipped,C:\ffzhzh\SyncFiles\Temp\HFSS_sim\LHS800\train\TSV_RDL\dut1190.s2p
train,TSV_RDL,1191,skipped,C:\ffzhzh\SyncFiles\Temp\HFSS_sim\LHS800\train\TSV_RDL\dut1191.s2p
train,TSV_RDL,1192,skipped,C:\ffzhzh\SyncFiles\Temp\HFSS_sim\LHS800\train\TSV_RDL\dut1192.s2p
train,TSV_RDL,1193,skipped,C:\ffzhzh\SyncFiles\Temp\HFSS_sim\LHS800\train\TSV_RDL\dut1193.s2p
train,TSV_RDL,1194,skipped,C:\ffzhzh\SyncFiles\Temp\HFSS_sim\LHS800\train\TSV_RDL\dut1194.s2p
train,TSV_RDL,1195,skipped,C:\ffzhzh\SyncFiles\Temp\HFSS_sim\LHS800\train\TSV_RDL\dut1195.s2p
train,TSV_RDL,1196,skipped,C:\ffzhzh\SyncFiles\Temp\HFSS_sim\LHS800\train\TSV_RDL\dut1196.s2p
train,TSV_RDL,1197,skipped,C:\ffzhzh\SyncFiles\Temp\HFSS_sim\LHS800\train\TSV_RDL\dut1197.s2p
train,TSV_RDL,1198,skipped,C:\ffzhzh\SyncFiles\Temp\HFSS_sim\LHS800\train\TSV_RDL\dut1198.s2p
train,TSV_RDL,1199,skipped,C:\ffzhzh\SyncFiles\Temp\HFSS_sim\LHS800\train\TSV_RDL\dut1199.s2p
train,TSV_RDL,1200,skipped,C:\ffzhzh\SyncFiles\Temp\HFSS_sim\LHS800\train\TSV_RDL\dut1200.s2p
train,TSV_RDL,1201,skipped,C:\ffzhzh\SyncFiles\Temp\HFSS_sim\LHS800\train\TSV_RDL\dut1201.s2p
train,TSV_RDL,1202,skipped,C:\ffzhzh\SyncFiles\Temp\HFSS_sim\LHS800\train\TSV_RDL\dut1202.s2p
train,TSV_RDL,1203,skipped,C:\ffzhzh\SyncFiles\Temp\HFSS_sim\LHS800\train\TSV_RDL\dut1203.s2p
train,TSV_RDL,1204,skipped,C:\ffzhzh\SyncFiles\Temp\HFSS_sim\LHS800\train\TSV_RDL\dut1204.s2p
train,TSV_RDL,1205,skipped,C:\ffzhzh\SyncFiles\Temp\HFSS_sim\LHS800\train\TSV_RDL\dut1205.s2p
train,TSV_RDL,1206,skipped,C:\ffzhzh\SyncFiles\Temp\HFSS_sim\LHS800\train\TSV_RDL\dut1206.s2p
train,TSV_RDL,1207,skipped,C:\ffzhzh\SyncFiles\Temp\HFSS_sim\LHS800\train\TSV_RDL\dut1207.s2p
train,TSV_RDL,1208,skipped,C:\ffzhzh\SyncFiles\Temp\HFSS_sim\LHS800\train\TSV_RDL\dut1208.s2p
train,TSV_RDL,1209,skipped,C:\ffzhzh\SyncFiles\Temp\HFSS_sim\LHS800\train\TSV_RDL\dut1209.s2p
train,TSV_RDL,1210,skipped,C:\ffzhzh\SyncFiles\Temp\HFSS_sim\LHS800\train\TSV_RDL\dut1210.s2p
train,TSV_RDL,1211,skipped,C:\ffzhzh\SyncFiles\Temp\HFSS_sim\LHS800\train\TSV_RDL\dut1211.s2p
train,TSV_RDL,1212,skipped,C:\ffzhzh\SyncFiles\Temp\HFSS_sim\LHS800\train\TSV_RDL\dut1212.s2p
train,TSV_RDL,1213,skipped,C:\ffzhzh\SyncFiles\Temp\HFSS_sim\LHS800\train\TSV_RDL\dut1213.s2p
train,TSV_RDL,1214,skipped,C:\ffzhzh\SyncFiles\Temp\HFSS_sim\LHS800\train\TSV_RDL\dut1214.s2p
train,TSV_RDL,1215,skipped,C:\ffzhzh\SyncFiles\Temp\HFSS_sim\LHS800\train\TSV_RDL\dut1215.s2p
train,TSV_RDL,1216,skipped,C:\ffzhzh\SyncFiles\Temp\HFSS_sim\LHS800\train\TSV_RDL\dut1216.s2p
train,TSV_RDL,1217,skipped,C:\ffzhzh\SyncFiles\Temp\HFSS_sim\LHS800\train\TSV_RDL\dut1217.s2p
train,TSV_RDL,1218,skipped,C:\ffzhzh\SyncFiles\Temp\HFSS_sim\LHS800\train\TSV_RDL\dut1218.s2p
train,TSV_RDL,1219,skipped,C:\ffzhzh\SyncFiles\Temp\HFSS_sim\LHS800\train\TSV_RDL\dut1219.s2p
train,TSV_RDL,1220,skipped,C:\ffzhzh\SyncFiles\Temp\HFSS_sim\LHS800\train\TSV_RDL\dut1220.s2p
train,TSV_RDL,1221,skipped,C:\ffzhzh\SyncFiles\Temp\HFSS_sim\LHS800\train\TSV_RDL\dut1221.s2p
train,TSV_RDL,1222,skipped,C:\ffzhzh\SyncFiles\Temp\HFSS_sim\LHS800\train\TSV_RDL\dut1222.s2p
train,TSV_RDL,1223,skipped,C:\ffzhzh\SyncFiles\Temp\HFSS_sim\LHS800\train\TSV_RDL\dut1223.s2p
train,TSV_RDL,1224,skipped,C:\ffzhzh\SyncFiles\Temp\HFSS_sim\LHS800\train\TSV_RDL\dut1224.s2p
train,TSV_RDL,1225,skipped,C:\ffzhzh\SyncFiles\Temp\HFSS_sim\LHS800\train\TSV_RDL\dut1225.s2p
train,TSV_RDL,1226,skipped,C:\ffzhzh\SyncFiles\Temp\HFSS_sim\LHS800\train\TSV_RDL\dut1226.s2p
train,TSV_RDL,1227,skipped,C:\ffzhzh\SyncFiles\Temp\HFSS_sim\LHS800\train\TSV_RDL\dut1227.s2p
train,TSV_RDL,1228,skipped,C:\ffzhzh\SyncFiles\Temp\HFSS_sim\LHS800\train\TSV_RDL\dut1228.s2p
train,TSV_RDL,1229,skipped,C:\ffzhzh\SyncFiles\Temp\HFSS_sim\LHS800\train\TSV_RDL\dut1229.s2p
train,TSV_RDL,1230,skipped,C:\ffzhzh\SyncFiles\Temp\HFSS_sim\LHS800\train\TSV_RDL\dut1230.s2p
train,TSV_RDL,1231,skipped,C:\ffzhzh\SyncFiles\Temp\HFSS_sim\LHS800\train\TSV_RDL\dut1231.s2p
train,TSV_RDL,1232,skipped,C:\ffzhzh\SyncFiles\Temp\HFSS_sim\LHS800\train\TSV_RDL\dut1232.s2p
train,TSV_RDL,1233,skipped,C:\ffzhzh\SyncFiles\Temp\HFSS_sim\LHS800\train\TSV_RDL\dut1233.s2p
train,TSV_RDL,1234,skipped,C:\ffzhzh\SyncFiles\Temp\HFSS_sim\LHS800\train\TSV_RDL\dut1234.s2p
train,TSV_RDL,1235,skipped,C:\ffzhzh\SyncFiles\Temp\HFSS_sim\LHS800\train\TSV_RDL\dut1235.s2p
train,TSV_RDL,1236,skipped,C:\ffzhzh\SyncFiles\Temp\HFSS_sim\LHS800\train\TSV_RDL\dut1236.s2p
train,TSV_RDL,1237,skipped,C:\ffzhzh\SyncFiles\Temp\HFSS_sim\LHS800\train\TSV_RDL\dut1237.s2p
train,TSV_RDL,1238,skipped,C:\ffzhzh\SyncFiles\Temp\HFSS_sim\LHS800\train\TSV_RDL\dut1238.s2p
train,TSV_RDL,1239,skipped,C:\ffzhzh\SyncFiles\Temp\HFSS_sim\LHS800\train\TSV_RDL\dut1239.s2p
train,TSV_RDL,1240,skipped,C:\ffzhzh\SyncFiles\Temp\HFSS_sim\LHS800\train\TSV_RDL\dut1240.s2p
train,TSV_RDL,1241,skipped,C:\ffzhzh\SyncFiles\Temp\HFSS_sim\LHS800\train\TSV_RDL\dut1241.s2p
train,TSV_RDL,1242,skipped,C:\ffzhzh\SyncFiles\Temp\HFSS_sim\LHS800\train\TSV_RDL\dut1242.s2p
train,TSV_RDL,1243,skipped,C:\ffzhzh\SyncFiles\Temp\HFSS_sim\LHS800\train\TSV_RDL\dut1243.s2p
train,TSV_RDL,1244,skipped,C:\ffzhzh\SyncFiles\Temp\HFSS_sim\LHS800\train\TSV_RDL\dut1244.s2p
train,TSV_RDL,1245,skipped,C:\ffzhzh\SyncFiles\Temp\HFSS_sim\LHS800\train\TSV_RDL\dut1245.s2p
train,TSV_RDL,1246,skipped,C:\ffzhzh\SyncFiles\Temp\HFSS_sim\LHS800\train\TSV_RDL\dut1246.s2p
train,TSV_RDL,1247,skipped,C:\ffzhzh\SyncFiles\Temp\HFSS_sim\LHS800\train\TSV_RDL\dut1247.s2p
train,TSV_RDL,1248,skipped,C:\ffzhzh\SyncFiles\Temp\HFSS_sim\LHS800\train\TSV_RDL\dut1248.s2p
train,TSV_RDL,1249,skipped,C:\ffzhzh\SyncFiles\Temp\HFSS_sim\LHS800\train\TSV_RDL\dut1249.s2p
train,TSV_RDL,1250,skipped,C:\ffzhzh\SyncFiles\Temp\HFSS_sim\LHS800\train\TSV_RDL\dut1250.s2p
train,TSV_RDL,1251,skipped,C:\ffzhzh\SyncFiles\Temp\HFSS_sim\LHS800\train\TSV_RDL\dut1251.s2p
train,TSV_RDL,1252,skipped,C:\ffzhzh\SyncFiles\Temp\HFSS_sim\LHS800\train\TSV_RDL\dut1252.s2p
train,TSV_RDL,1253,skipped,C:\ffzhzh\SyncFiles\Temp\HFSS_sim\LHS800\train\TSV_RDL\dut1253.s2p
train,TSV_RDL,1254,skipped,C:\ffzhzh\SyncFiles\Temp\HFSS_sim\LHS800\train\TSV_RDL\dut1254.s2p
train,TSV_RDL,1255,skipped,C:\ffzhzh\SyncFiles\Temp\HFSS_sim\LHS800\train\TSV_RDL\dut1255.s2p
train,TSV_RDL,1256,skipped,C:\ffzhzh\SyncFiles\Temp\HFSS_sim\LHS800\train\TSV_RDL\dut1256.s2p
train,TSV_RDL,1257,skipped,C:\ffzhzh\SyncFiles\Temp\HFSS_sim\LHS800\train\TSV_RDL\dut1257.s2p
train,TSV_RDL,1258,skipped,C:\ffzhzh\SyncFiles\Temp\HFSS_sim\LHS800\train\TSV_RDL\dut1258.s2p
train,TSV_RDL,1259,skipped,C:\ffzhzh\SyncFiles\Temp\HFSS_sim\LHS800\train\TSV_RDL\dut1259.s2p
train,TSV_RDL,1260,skipped,C:\ffzhzh\SyncFiles\Temp\HFSS_sim\LHS800\train\TSV_RDL\dut1260.s2p
train,TSV_RDL,1261,skipped,C:\ffzhzh\SyncFiles\Temp\HFSS_sim\LHS800\train\TSV_RDL\dut1261.s2p
train,TSV_RDL,1262,skipped,C:\ffzhzh\SyncFiles\Temp\HFSS_sim\LHS800\train\TSV_RDL\dut1262.s2p
train,TSV_RDL,1263,skipped,C:\ffzhzh\SyncFiles\Temp\HFSS_sim\LHS800\train\TSV_RDL\dut1263.s2p
train,TSV_RDL,1264,skipped,C:\ffzhzh\SyncFiles\Temp\HFSS_sim\LHS800\train\TSV_RDL\dut1264.s2p
train,TSV_RDL,1265,skipped,C:\ffzhzh\SyncFiles\Temp\HFSS_sim\LHS800\train\TSV_RDL\dut1265.s2p
train,TSV_RDL,1266,skipped,C:\ffzhzh\SyncFiles\Temp\HFSS_sim\LHS800\train\TSV_RDL\dut1266.s2p
train,TSV_RDL,1267,skipped,C:\ffzhzh\SyncFiles\Temp\HFSS_sim\LHS800\train\TSV_RDL\dut1267.s2p
train,TSV_RDL,1268,skipped,C:\ffzhzh\SyncFiles\Temp\HFSS_sim\LHS800\train\TSV_RDL\dut1268.s2p
train,TSV_RDL,1269,skipped,C:\ffzhzh\SyncFiles\Temp\HFSS_sim\LHS800\train\TSV_RDL\dut1269.s2p
train,TSV_RDL,1270,skipped,C:\ffzhzh\SyncFiles\Temp\HFSS_sim\LHS800\train\TSV_RDL\dut1270.s2p
train,TSV_RDL,1271,skipped,C:\ffzhzh\SyncFiles\Temp\HFSS_sim\LHS800\train\TSV_RDL\dut1271.s2p
train,TSV_RDL,1272,skipped,C:\ffzhzh\SyncFiles\Temp\HFSS_sim\LHS800\train\TSV_RDL\dut1272.s2p
train,TSV_RDL,1273,skipped,C:\ffzhzh\SyncFiles\Temp\HFSS_sim\LHS800\train\TSV_RDL\dut1273.s2p
train,TSV_RDL,1274,skipped,C:\ffzhzh\SyncFiles\Temp\HFSS_sim\LHS800\train\TSV_RDL\dut1274.s2p
train,TSV_RDL,1275,skipped,C:\ffzhzh\SyncFiles\Temp\HFSS_sim\LHS800\train\TSV_RDL\dut1275.s2p
train,TSV_RDL,1276,skipped,C:\ffzhzh\SyncFiles\Temp\HFSS_sim\LHS800\train\TSV_RDL\dut1276.s2p
train,TSV_RDL,1277,skipped,C:\ffzhzh\SyncFiles\Temp\HFSS_sim\LHS800\train\TSV_RDL\dut1277.s2p
train,TSV_RDL,1278,skipped,C:\ffzhzh\SyncFiles\Temp\HFSS_sim\LHS800\train\TSV_RDL\dut1278.s2p
train,TSV_RDL,1279,skipped,C:\ffzhzh\SyncFiles\Temp\HFSS_sim\LHS800\train\TSV_RDL\dut1279.s2p
train,TSV_RDL,1280,skipped,C:\ffzhzh\SyncFiles\Temp\HFSS_sim\LHS800\train\TSV_RDL\dut1280.s2p
train,TSV_RDL,1281,skipped,C:\ffzhzh\SyncFiles\Temp\HFSS_sim\LHS800\train\TSV_RDL\dut1281.s2p
train,TSV_RDL,1282,skipped,C:\ffzhzh\SyncFiles\Temp\HFSS_sim\LHS800\train\TSV_RDL\dut1282.s2p
train,TSV_RDL,1283,skipped,C:\ffzhzh\SyncFiles\Temp\HFSS_sim\LHS800\train\TSV_RDL\dut1283.s2p
train,TSV_RDL,1284,skipped,C:\ffzhzh\SyncFiles\Temp\HFSS_sim\LHS800\train\TSV_RDL\dut1284.s2p
train,TSV_RDL,1285,skipped,C:\ffzhzh\SyncFiles\Temp\HFSS_sim\LHS800\train\TSV_RDL\dut1285.s2p
train,TSV_RDL,1286,skipped,C:\ffzhzh\SyncFiles\Temp\HFSS_sim\LHS800\train\TSV_RDL\dut1286.s2p
train,TSV_RDL,1287,skipped,C:\ffzhzh\SyncFiles\Temp\HFSS_sim\LHS800\train\TSV_RDL\dut1287.s2p
train,TSV_RDL,1288,skipped,C:\ffzhzh\SyncFiles\Temp\HFSS_sim\LHS800\train\TSV_RDL\dut1288.s2p
train,TSV_RDL,1289,skipped,C:\ffzhzh\SyncFiles\Temp\HFSS_sim\LHS800\train\TSV_RDL\dut1289.s2p
train,TSV_RDL,1290,skipped,C:\ffzhzh\SyncFiles\Temp\HFSS_sim\LHS800\train\TSV_RDL\dut1290.s2p
train,TSV_RDL,1291,skipped,C:\ffzhzh\SyncFiles\Temp\HFSS_sim\LHS800\train\TSV_RDL\dut1291.s2p
train,TSV_RDL,1292,skipped,C:\ffzhzh\SyncFiles\Temp\HFSS_sim\LHS800\train\TSV_RDL\dut1292.s2p
train,TSV_RDL,1293,skipped,C:\ffzhzh\SyncFiles\Temp\HFSS_sim\LHS800\train\TSV_RDL\dut1293.s2p
train,TSV_RDL,1294,skipped,C:\ffzhzh\SyncFiles\Temp\HFSS_sim\LHS800\train\TSV_RDL\dut1294.s2p
train,TSV_RDL,1295,skipped,C:\ffzhzh\SyncFiles\Temp\HFSS_sim\LHS800\train\TSV_RDL\dut1295.s2p
train,TSV_RDL,1296,skipped,C:\ffzhzh\SyncFiles\Temp\HFSS_sim\LHS800\train\TSV_RDL\dut1296.s2p
train,TSV_RDL,1297,skipped,C:\ffzhzh\SyncFiles\Temp\HFSS_sim\LHS800\train\TSV_RDL\dut1297.s2p
train,TSV_RDL,1298,skipped,C:\ffzhzh\SyncFiles\Temp\HFSS_sim\LHS800\train\TSV_RDL\dut1298.s2p
train,TSV_RDL,1299,skipped,C:\ffzhzh\SyncFiles\Temp\HFSS_sim\LHS800\train\TSV_RDL\dut1299.s2p
train,TSV_RDL,1300,skipped,C:\ffzhzh\SyncFiles\Temp\HFSS_sim\LHS800\train\TSV_RDL\dut1300.s2p
train,TSV_RDL,1301,skipped,C:\ffzhzh\SyncFiles\Temp\HFSS_sim\LHS800\train\TSV_RDL\dut1301.s2p
train,TSV_RDL,1302,skipped,C:\ffzhzh\SyncFiles\Temp\HFSS_sim\LHS800\train\TSV_RDL\dut1302.s2p
train,TSV_RDL,1303,skipped,C:\ffzhzh\SyncFiles\Temp\HFSS_sim\LHS800\train\TSV_RDL\dut1303.s2p
train,TSV_RDL,1304,skipped,C:\ffzhzh\SyncFiles\Temp\HFSS_sim\LHS800\train\TSV_RDL\dut1304.s2p
train,TSV_RDL,1305,skipped,C:\ffzhzh\SyncFiles\Temp\HFSS_sim\LHS800\train\TSV_RDL\dut1305.s2p
train,TSV_RDL,1306,skipped,C:\ffzhzh\SyncFiles\Temp\HFSS_sim\LHS800\train\TSV_RDL\dut1306.s2p
train,TSV_RDL,1307,skipped,C:\ffzhzh\SyncFiles\Temp\HFSS_sim\LHS800\train\TSV_RDL\dut1307.s2p
train,TSV_RDL,1308,skipped,C:\ffzhzh\SyncFiles\Temp\HFSS_sim\LHS800\train\TSV_RDL\dut1308.s2p
train,TSV_RDL,1309,skipped,C:\ffzhzh\SyncFiles\Temp\HFSS_sim\LHS800\train\TSV_RDL\dut1309.s2p
train,TSV_RDL,1310,skipped,C:\ffzhzh\SyncFiles\Temp\HFSS_sim\LHS800\train\TSV_RDL\dut1310.s2p
train,TSV_RDL,1311,skipped,C:\ffzhzh\SyncFiles\Temp\HFSS_sim\LHS800\train\TSV_RDL\dut1311.s2p
train,TSV_RDL,1312,skipped,C:\ffzhzh\SyncFiles\Temp\HFSS_sim\LHS800\train\TSV_RDL\dut1312.s2p
train,TSV_RDL,1313,skipped,C:\ffzhzh\SyncFiles\Temp\HFSS_sim\LHS800\train\TSV_RDL\dut1313.s2p
train,TSV_RDL,1314,skipped,C:\ffzhzh\SyncFiles\Temp\HFSS_sim\LHS800\train\TSV_RDL\dut1314.s2p
train,TSV_RDL,1315,skipped,C:\ffzhzh\SyncFiles\Temp\HFSS_sim\LHS800\train\TSV_RDL\dut1315.s2p
train,TSV_RDL,1316,skipped,C:\ffzhzh\SyncFiles\Temp\HFSS_sim\LHS800\train\TSV_RDL\dut1316.s2p
train,TSV_RDL,1317,skipped,C:\ffzhzh\SyncFiles\Temp\HFSS_sim\LHS800\train\TSV_RDL\dut1317.s2p
train,TSV_RDL,1318,skipped,C:\ffzhzh\SyncFiles\Temp\HFSS_sim\LHS800\train\TSV_RDL\dut1318.s2p
train,TSV_RDL,1319,skipped,C:\ffzhzh\SyncFiles\Temp\HFSS_sim\LHS800\train\TSV_RDL\dut1319.s2p
train,TSV_RDL,1320,skipped,C:\ffzhzh\SyncFiles\Temp\HFSS_sim\LHS800\train\TSV_RDL\dut1320.s2p
train,TSV_RDL,1321,skipped,C:\ffzhzh\SyncFiles\Temp\HFSS_sim\LHS800\train\TSV_RDL\dut1321.s2p
train,TSV_RDL,1322,skipped,C:\ffzhzh\SyncFiles\Temp\HFSS_sim\LHS800\train\TSV_RDL\dut1322.s2p
train,TSV_RDL,1323,skipped,C:\ffzhzh\SyncFiles\Temp\HFSS_sim\LHS800\train\TSV_RDL\dut1323.s2p
train,TSV_RDL,1324,skipped,C:\ffzhzh\SyncFiles\Temp\HFSS_sim\LHS800\train\TSV_RDL\dut1324.s2p
train,TSV_RDL,1325,skipped,C:\ffzhzh\SyncFiles\Temp\HFSS_sim\LHS800\train\TSV_RDL\dut1325.s2p
train,TSV_RDL,1326,skipped,C:\ffzhzh\SyncFiles\Temp\HFSS_sim\LHS800\train\TSV_RDL\dut1326.s2p
train,TSV_RDL,1327,skipped,C:\ffzhzh\SyncFiles\Temp\HFSS_sim\LHS800\train\TSV_RDL\dut1327.s2p
train,TSV_RDL,1328,skipped,C:\ffzhzh\SyncFiles\Temp\HFSS_sim\LHS800\train\TSV_RDL\dut1328.s2p
train,TSV_RDL,1329,skipped,C:\ffzhzh\SyncFiles\Temp\HFSS_sim\LHS800\train\TSV_RDL\dut1329.s2p
train,TSV_RDL,1330,skipped,C:\ffzhzh\SyncFiles\Temp\HFSS_sim\LHS800\train\TSV_RDL\dut1330.s2p
train,TSV_RDL,1331,skipped,C:\ffzhzh\SyncFiles\Temp\HFSS_sim\LHS800\train\TSV_RDL\dut1331.s2p
train,TSV_RDL,1332,skipped,C:\ffzhzh\SyncFiles\Temp\HFSS_sim\LHS800\train\TSV_RDL\dut1332.s2p
train,TSV_RDL,1333,skipped,C:\ffzhzh\SyncFiles\Temp\HFSS_sim\LHS800\train\TSV_RDL\dut1333.s2p
train,TSV_RDL,1334,skipped,C:\ffzhzh\SyncFiles\Temp\HFSS_sim\LHS800\train\TSV_RDL\dut1334.s2p
train,TSV_RDL,1335,skipped,C:\ffzhzh\SyncFiles\Temp\HFSS_sim\LHS800\train\TSV_RDL\dut1335.s2p
train,TSV_RDL,1336,skipped,C:\ffzhzh\SyncFiles\Temp\HFSS_sim\LHS800\train\TSV_RDL\dut1336.s2p
train,TSV_RDL,1337,skipped,C:\ffzhzh\SyncFiles\Temp\HFSS_sim\LHS800\train\TSV_RDL\dut1337.s2p
train,TSV_RDL,1338,skipped,C:\ffzhzh\SyncFiles\Temp\HFSS_sim\LHS800\train\TSV_RDL\dut1338.s2p
train,TSV_RDL,1339,skipped,C:\ffzhzh\SyncFiles\Temp\HFSS_sim\LHS800\train\TSV_RDL\dut1339.s2p
train,TSV_RDL,1340,skipped,C:\ffzhzh\SyncFiles\Temp\HFSS_sim\LHS800\train\TSV_RDL\dut1340.s2p
train,TSV_RDL,1341,skipped,C:\ffzhzh\SyncFiles\Temp\HFSS_sim\LHS800\train\TSV_RDL\dut1341.s2p
train,TSV_RDL,1342,skipped,C:\ffzhzh\SyncFiles\Temp\HFSS_sim\LHS800\train\TSV_RDL\dut1342.s2p
train,TSV_RDL,1343,skipped,C:\ffzhzh\SyncFiles\Temp\HFSS_sim\LHS800\train\TSV_RDL\dut1343.s2p
train,TSV_RDL,1344,skipped,C:\ffzhzh\SyncFiles\Temp\HFSS_sim\LHS800\train\TSV_RDL\dut1344.s2p
train,TSV_RDL,1345,skipped,C:\ffzhzh\SyncFiles\Temp\HFSS_sim\LHS800\train\TSV_RDL\dut1345.s2p
train,TSV_RDL,1346,skipped,C:\ffzhzh\SyncFiles\Temp\HFSS_sim\LHS800\train\TSV_RDL\dut1346.s2p
train,TSV_RDL,1347,skipped,C:\ffzhzh\SyncFiles\Temp\HFSS_sim\LHS800\train\TSV_RDL\dut1347.s2p
train,TSV_RDL,1348,skipped,C:\ffzhzh\SyncFiles\Temp\HFSS_sim\LHS800\train\TSV_RDL\dut1348.s2p
train,TSV_RDL,1349,skipped,C:\ffzhzh\SyncFiles\Temp\HFSS_sim\LHS800\train\TSV_RDL\dut1349.s2p
train,TSV_RDL,1350,skipped,C:\ffzhzh\SyncFiles\Temp\HFSS_sim\LHS800\train\TSV_RDL\dut1350.s2p
train,TSV_RDL,1351,skipped,C:\ffzhzh\SyncFiles\Temp\HFSS_sim\LHS800\train\TSV_RDL\dut1351.s2p
train,TSV_RDL,1352,skipped,C:\ffzhzh\SyncFiles\Temp\HFSS_sim\LHS800\train\TSV_RDL\dut1352.s2p
train,TSV_RDL,1353,skipped,C:\ffzhzh\SyncFiles\Temp\HFSS_sim\LHS800\train\TSV_RDL\dut1353.s2p
train,TSV_RDL,1354,skipped,C:\ffzhzh\SyncFiles\Temp\HFSS_sim\LHS800\train\TSV_RDL\dut1354.s2p
train,TSV_RDL,1355,skipped,C:\ffzhzh\SyncFiles\Temp\HFSS_sim\LHS800\train\TSV_RDL\dut1355.s2p
train,TSV_RDL,1356,skipped,C:\ffzhzh\SyncFiles\Temp\HFSS_sim\LHS800\train\TSV_RDL\dut1356.s2p
train,TSV_RDL,1357,skipped,C:\ffzhzh\SyncFiles\Temp\HFSS_sim\LHS800\train\TSV_RDL\dut1357.s2p
train,TSV_RDL,1358,skipped,C:\ffzhzh\SyncFiles\Temp\HFSS_sim\LHS800\train\TSV_RDL\dut1358.s2p
train,TSV_RDL,1359,skipped,C:\ffzhzh\SyncFiles\Temp\HFSS_sim\LHS800\train\TSV_RDL\dut1359.s2p
train,TSV_RDL,1360,skipped,C:\ffzhzh\SyncFiles\Temp\HFSS_sim\LHS800\train\TSV_RDL\dut1360.s2p
train,TSV_RDL,1361,skipped,C:\ffzhzh\SyncFiles\Temp\HFSS_sim\LHS800\train\TSV_RDL\dut1361.s2p
train,TSV_RDL,1362,skipped,C:\ffzhzh\SyncFiles\Temp\HFSS_sim\LHS800\train\TSV_RDL\dut1362.s2p
train,TSV_RDL,1363,skipped,C:\ffzhzh\SyncFiles\Temp\HFSS_sim\LHS800\train\TSV_RDL\dut1363.s2p
train,TSV_RDL,1364,skipped,C:\ffzhzh\SyncFiles\Temp\HFSS_sim\LHS800\train\TSV_RDL\dut1364.s2p
train,TSV_RDL,1365,skipped,C:\ffzhzh\SyncFiles\Temp\HFSS_sim\LHS800\train\TSV_RDL\dut1365.s2p
train,TSV_RDL,1366,skipped,C:\ffzhzh\SyncFiles\Temp\HFSS_sim\LHS800\train\TSV_RDL\dut1366.s2p
train,TSV_RDL,1367,skipped,C:\ffzhzh\SyncFiles\Temp\HFSS_sim\LHS800\train\TSV_RDL\dut1367.s2p
train,TSV_RDL,1368,skipped,C:\ffzhzh\SyncFiles\Temp\HFSS_sim\LHS800\train\TSV_RDL\dut1368.s2p
train,TSV_RDL,1369,skipped,C:\ffzhzh\SyncFiles\Temp\HFSS_sim\LHS800\train\TSV_RDL\dut1369.s2p
train,TSV_RDL,1370,skipped,C:\ffzhzh\SyncFiles\Temp\HFSS_sim\LHS800\train\TSV_RDL\dut1370.s2p
train,TSV_RDL,1371,skipped,C:\ffzhzh\SyncFiles\Temp\HFSS_sim\LHS800\train\TSV_RDL\dut1371.s2p
train,TSV_RDL,1372,skipped,C:\ffzhzh\SyncFiles\Temp\HFSS_sim\LHS800\train\TSV_RDL\dut1372.s2p
train,TSV_RDL,1373,skipped,C:\ffzhzh\SyncFiles\Temp\HFSS_sim\LHS800\train\TSV_RDL\dut1373.s2p
train,TSV_RDL,1374,skipped,C:\ffzhzh\SyncFiles\Temp\HFSS_sim\LHS800\train\TSV_RDL\dut1374.s2p
train,TSV_RDL,1375,skipped,C:\ffzhzh\SyncFiles\Temp\HFSS_sim\LHS800\train\TSV_RDL\dut1375.s2p
train,TSV_RDL,1376,skipped,C:\ffzhzh\SyncFiles\Temp\HFSS_sim\LHS800\train\TSV_RDL\dut1376.s2p
train,TSV_RDL,1377,skipped,C:\ffzhzh\SyncFiles\Temp\HFSS_sim\LHS800\train\TSV_RDL\dut1377.s2p
train,TSV_RDL,1378,skipped,C:\ffzhzh\SyncFiles\Temp\HFSS_sim\LHS800\train\TSV_RDL\dut1378.s2p
train,TSV_RDL,1379,skipped,C:\ffzhzh\SyncFiles\Temp\HFSS_sim\LHS800\train\TSV_RDL\dut1379.s2p
train,TSV_RDL,1380,skipped,C:\ffzhzh\SyncFiles\Temp\HFSS_sim\LHS800\train\TSV_RDL\dut1380.s2p
train,TSV_RDL,1381,skipped,C:\ffzhzh\SyncFiles\Temp\HFSS_sim\LHS800\train\TSV_RDL\dut1381.s2p
train,TSV_RDL,1382,skipped,C:\ffzhzh\SyncFiles\Temp\HFSS_sim\LHS800\train\TSV_RDL\dut1382.s2p
train,TSV_RDL,1383,skipped,C:\ffzhzh\SyncFiles\Temp\HFSS_sim\LHS800\train\TSV_RDL\dut1383.s2p
train,TSV_RDL,1384,skipped,C:\ffzhzh\SyncFiles\Temp\HFSS_sim\LHS800\train\TSV_RDL\dut1384.s2p
train,TSV_RDL,1385,skipped,C:\ffzhzh\SyncFiles\Temp\HFSS_sim\LHS800\train\TSV_RDL\dut1385.s2p
train,TSV_RDL,1386,skipped,C:\ffzhzh\SyncFiles\Temp\HFSS_sim\LHS800\train\TSV_RDL\dut1386.s2p
train,TSV_RDL,1387,skipped,C:\ffzhzh\SyncFiles\Temp\HFSS_sim\LHS800\train\TSV_RDL\dut1387.s2p
train,TSV_RDL,1388,skipped,C:\ffzhzh\SyncFiles\Temp\HFSS_sim\LHS800\train\TSV_RDL\dut1388.s2p
train,TSV_RDL,1389,skipped,C:\ffzhzh\SyncFiles\Temp\HFSS_sim\LHS800\train\TSV_RDL\dut1389.s2p
train,TSV_RDL,1390,skipped,C:\ffzhzh\SyncFiles\Temp\HFSS_sim\LHS800\train\TSV_RDL\dut1390.s2p
train,TSV_RDL,1391,skipped,C:\ffzhzh\SyncFiles\Temp\HFSS_sim\LHS800\train\TSV_RDL\dut1391.s2p
train,TSV_RDL,1392,skipped,C:\ffzhzh\SyncFiles\Temp\HFSS_sim\LHS800\train\TSV_RDL\dut1392.s2p
train,TSV_RDL,1393,skipped,C:\ffzhzh\SyncFiles\Temp\HFSS_sim\LHS800\train\TSV_RDL\dut1393.s2p
train,TSV_RDL,1394,skipped,C:\ffzhzh\SyncFiles\Temp\HFSS_sim\LHS800\train\TSV_RDL\dut1394.s2p
train,TSV_RDL,1395,skipped,C:\ffzhzh\SyncFiles\Temp\HFSS_sim\LHS800\train\TSV_RDL\dut1395.s2p
train,TSV_RDL,1396,skipped,C:\ffzhzh\SyncFiles\Temp\HFSS_sim\LHS800\train\TSV_RDL\dut1396.s2p
train,TSV_RDL,1397,skipped,C:\ffzhzh\SyncFiles\Temp\HFSS_sim\LHS800\train\TSV_RDL\dut1397.s2p
train,TSV_RDL,1398,skipped,C:\ffzhzh\SyncFiles\Temp\HFSS_sim\LHS800\train\TSV_RDL\dut1398.s2p
train,TSV_RDL,1399,skipped,C:\ffzhzh\SyncFiles\Temp\HFSS_sim\LHS800\train\TSV_RDL\dut1399.s2p
train,TSV_RDL,1400,skipped,C:\ffzhzh\SyncFiles\Temp\HFSS_sim\LHS800\train\TSV_RDL\dut1400.s2p
train,TSV_RDL,1401,skipped,C:\ffzhzh\SyncFiles\Temp\HFSS_sim\LHS800\train\TSV_RDL\dut1401.s2p
train,TSV_RDL,1402,skipped,C:\ffzhzh\SyncFiles\Temp\HFSS_sim\LHS800\train\TSV_RDL\dut1402.s2p
train,TSV_RDL,1403,skipped,C:\ffzhzh\SyncFiles\Temp\HFSS_sim\LHS800\train\TSV_RDL\dut1403.s2p
train,TSV_RDL,1404,skipped,C:\ffzhzh\SyncFiles\Temp\HFSS_sim\LHS800\train\TSV_RDL\dut1404.s2p
train,TSV_RDL,1405,skipped,C:\ffzhzh\SyncFiles\Temp\HFSS_sim\LHS800\train\TSV_RDL\dut1405.s2p
train,TSV_RDL,1406,skipped,C:\ffzhzh\SyncFiles\Temp\HFSS_sim\LHS800\train\TSV_RDL\dut1406.s2p
train,TSV_RDL,1407,skipped,C:\ffzhzh\SyncFiles\Temp\HFSS_sim\LHS800\train\TSV_RDL\dut1407.s2p
train,TSV_RDL,1408,skipped,C:\ffzhzh\SyncFiles\Temp\HFSS_sim\LHS800\train\TSV_RDL\dut1408.s2p
train,TSV_RDL,1409,skipped,C:\ffzhzh\SyncFiles\Temp\HFSS_sim\LHS800\train\TSV_RDL\dut1409.s2p
train,TSV_RDL,1410,skipped,C:\ffzhzh\SyncFiles\Temp\HFSS_sim\LHS800\train\TSV_RDL\dut1410.s2p
train,TSV_RDL,1411,skipped,C:\ffzhzh\SyncFiles\Temp\HFSS_sim\LHS800\train\TSV_RDL\dut1411.s2p
train,TSV_RDL,1412,skipped,C:\ffzhzh\SyncFiles\Temp\HFSS_sim\LHS800\train\TSV_RDL\dut1412.s2p
train,TSV_RDL,1413,skipped,C:\ffzhzh\SyncFiles\Temp\HFSS_sim\LHS800\train\TSV_RDL\dut1413.s2p
train,TSV_RDL,1414,skipped,C:\ffzhzh\SyncFiles\Temp\HFSS_sim\LHS800\train\TSV_RDL\dut1414.s2p
train,TSV_RDL,1415,skipped,C:\ffzhzh\SyncFiles\Temp\HFSS_sim\LHS800\train\TSV_RDL\dut1415.s2p
train,TSV_RDL,1416,skipped,C:\ffzhzh\SyncFiles\Temp\HFSS_sim\LHS800\train\TSV_RDL\dut1416.s2p
train,TSV_RDL,1417,skipped,C:\ffzhzh\SyncFiles\Temp\HFSS_sim\LHS800\train\TSV_RDL\dut1417.s2p
train,TSV_RDL,1418,skipped,C:\ffzhzh\SyncFiles\Temp\HFSS_sim\LHS800\train\TSV_RDL\dut1418.s2p
train,TSV_RDL,1419,skipped,C:\ffzhzh\SyncFiles\Temp\HFSS_sim\LHS800\train\TSV_RDL\dut1419.s2p
train,TSV_RDL,1420,skipped,C:\ffzhzh\SyncFiles\Temp\HFSS_sim\LHS800\train\TSV_RDL\dut1420.s2p
train,TSV_RDL,1421,skipped,C:\ffzhzh\SyncFiles\Temp\HFSS_sim\LHS800\train\TSV_RDL\dut1421.s2p
train,TSV_RDL,1422,skipped,C:\ffzhzh\SyncFiles\Temp\HFSS_sim\LHS800\train\TSV_RDL\dut1422.s2p
train,TSV_RDL,1423,skipped,C:\ffzhzh\SyncFiles\Temp\HFSS_sim\LHS800\train\TSV_RDL\dut1423.s2p
train,TSV_RDL,1424,skipped,C:\ffzhzh\SyncFiles\Temp\HFSS_sim\LHS800\train\TSV_RDL\dut1424.s2p
train,TSV_RDL,1425,skipped,C:\ffzhzh\SyncFiles\Temp\HFSS_sim\LHS800\train\TSV_RDL\dut1425.s2p
train,TSV_RDL,1426,skipped,C:\ffzhzh\SyncFiles\Temp\HFSS_sim\LHS800\train\TSV_RDL\dut1426.s2p
train,TSV_RDL,1427,skipped,C:\ffzhzh\SyncFiles\Temp\HFSS_sim\LHS800\train\TSV_RDL\dut1427.s2p
train,TSV_RDL,1428,skipped,C:\ffzhzh\SyncFiles\Temp\HFSS_sim\LHS800\train\TSV_RDL\dut1428.s2p
train,TSV_RDL,1429,skipped,C:\ffzhzh\SyncFiles\Temp\HFSS_sim\LHS800\train\TSV_RDL\dut1429.s2p
train,TSV_RDL,1430,skipped,C:\ffzhzh\SyncFiles\Temp\HFSS_sim\LHS800\train\TSV_RDL\dut1430.s2p
train,TSV_RDL,1431,skipped,C:\ffzhzh\SyncFiles\Temp\HFSS_sim\LHS800\train\TSV_RDL\dut1431.s2p
train,TSV_RDL,1432,skipped,C:\ffzhzh\SyncFiles\Temp\HFSS_sim\LHS800\train\TSV_RDL\dut1432.s2p
train,TSV_RDL,1433,skipped,C:\ffzhzh\SyncFiles\Temp\HFSS_sim\LHS800\train\TSV_RDL\dut1433.s2p
train,TSV_RDL,1434,skipped,C:\ffzhzh\SyncFiles\Temp\HFSS_sim\LHS800\train\TSV_RDL\dut1434.s2p
train,TSV_RDL,1435,skipped,C:\ffzhzh\SyncFiles\Temp\HFSS_sim\LHS800\train\TSV_RDL\dut1435.s2p
train,TSV_RDL,1436,skipped,C:\ffzhzh\SyncFiles\Temp\HFSS_sim\LHS800\train\TSV_RDL\dut1436.s2p
train,TSV_RDL,1437,skipped,C:\ffzhzh\SyncFiles\Temp\HFSS_sim\LHS800\train\TSV_RDL\dut1437.s2p
train,TSV_RDL,1438,skipped,C:\ffzhzh\SyncFiles\Temp\HFSS_sim\LHS800\train\TSV_RDL\dut1438.s2p
train,TSV_RDL,1439,skipped,C:\ffzhzh\SyncFiles\Temp\HFSS_sim\LHS800\train\TSV_RDL\dut1439.s2p
train,TSV_RDL,1440,skipped,C:\ffzhzh\SyncFiles\Temp\HFSS_sim\LHS800\train\TSV_RDL\dut1440.s2p
train,TSV_RDL,1441,skipped,C:\ffzhzh\SyncFiles\Temp\HFSS_sim\LHS800\train\TSV_RDL\dut1441.s2p
train,TSV_RDL,1442,skipped,C:\ffzhzh\SyncFiles\Temp\HFSS_sim\LHS800\train\TSV_RDL\dut1442.s2p
train,TSV_RDL,1443,skipped,C:\ffzhzh\SyncFiles\Temp\HFSS_sim\LHS800\train\TSV_RDL\dut1443.s2p
train,TSV_RDL,1444,skipped,C:\ffzhzh\SyncFiles\Temp\HFSS_sim\LHS800\train\TSV_RDL\dut1444.s2p
train,TSV_RDL,1445,skipped,C:\ffzhzh\SyncFiles\Temp\HFSS_sim\LHS800\train\TSV_RDL\dut1445.s2p
train,TSV_RDL,1446,skipped,C:\ffzhzh\SyncFiles\Temp\HFSS_sim\LHS800\train\TSV_RDL\dut1446.s2p
train,TSV_RDL,1447,skipped,C:\ffzhzh\SyncFiles\Temp\HFSS_sim\LHS800\train\TSV_RDL\dut1447.s2p
train,TSV_RDL,1448,skipped,C:\ffzhzh\SyncFiles\Temp\HFSS_sim\LHS800\train\TSV_RDL\dut1448.s2p
train,TSV_RDL,1449,skipped,C:\ffzhzh\SyncFiles\Temp\HFSS_sim\LHS800\train\TSV_RDL\dut1449.s2p
train,TSV_RDL,1450,skipped,C:\ffzhzh\SyncFiles\Temp\HFSS_sim\LHS800\train\TSV_RDL\dut1450.s2p
train,TSV_RDL,1451,skipped,C:\ffzhzh\SyncFiles\Temp\HFSS_sim\LHS800\train\TSV_RDL\dut1451.s2p
train,TSV_RDL,1452,skipped,C:\ffzhzh\SyncFiles\Temp\HFSS_sim\LHS800\train\TSV_RDL\dut1452.s2p
train,TSV_RDL,1453,skipped,C:\ffzhzh\SyncFiles\Temp\HFSS_sim\LHS800\train\TSV_RDL\dut1453.s2p
train,TSV_RDL,1454,skipped,C:\ffzhzh\SyncFiles\Temp\HFSS_sim\LHS800\train\TSV_RDL\dut1454.s2p
train,TSV_RDL,1455,skipped,C:\ffzhzh\SyncFiles\Temp\HFSS_sim\LHS800\train\TSV_RDL\dut1455.s2p
train,TSV_RDL,1456,skipped,C:\ffzhzh\SyncFiles\Temp\HFSS_sim\LHS800\train\TSV_RDL\dut1456.s2p
train,TSV_RDL,1457,skipped,C:\ffzhzh\SyncFiles\Temp\HFSS_sim\LHS800\train\TSV_RDL\dut1457.s2p
train,TSV_RDL,1458,skipped,C:\ffzhzh\SyncFiles\Temp\HFSS_sim\LHS800\train\TSV_RDL\dut1458.s2p
train,TSV_RDL,1459,skipped,C:\ffzhzh\SyncFiles\Temp\HFSS_sim\LHS800\train\TSV_RDL\dut1459.s2p
train,TSV_RDL,1460,skipped,C:\ffzhzh\SyncFiles\Temp\HFSS_sim\LHS800\train\TSV_RDL\dut1460.s2p
train,TSV_RDL,1461,skipped,C:\ffzhzh\SyncFiles\Temp\HFSS_sim\LHS800\train\TSV_RDL\dut1461.s2p
train,TSV_RDL,1462,skipped,C:\ffzhzh\SyncFiles\Temp\HFSS_sim\LHS800\train\TSV_RDL\dut1462.s2p
train,TSV_RDL,1463,skipped,C:\ffzhzh\SyncFiles\Temp\HFSS_sim\LHS800\train\TSV_RDL\dut1463.s2p
train,TSV_RDL,1464,skipped,C:\ffzhzh\SyncFiles\Temp\HFSS_sim\LHS800\train\TSV_RDL\dut1464.s2p
train,TSV_RDL,1465,skipped,C:\ffzhzh\SyncFiles\Temp\HFSS_sim\LHS800\train\TSV_RDL\dut1465.s2p
train,TSV_RDL,1466,skipped,C:\ffzhzh\SyncFiles\Temp\HFSS_sim\LHS800\train\TSV_RDL\dut1466.s2p
train,TSV_RDL,1467,skipped,C:\ffzhzh\SyncFiles\Temp\HFSS_sim\LHS800\train\TSV_RDL\dut1467.s2p
train,TSV_RDL,1468,skipped,C:\ffzhzh\SyncFiles\Temp\HFSS_sim\LHS800\train\TSV_RDL\dut1468.s2p
train,TSV_RDL,1469,skipped,C:\ffzhzh\SyncFiles\Temp\HFSS_sim\LHS800\train\TSV_RDL\dut1469.s2p
train,TSV_RDL,1470,skipped,C:\ffzhzh\SyncFiles\Temp\HFSS_sim\LHS800\train\TSV_RDL\dut1470.s2p
train,TSV_RDL,1471,skipped,C:\ffzhzh\SyncFiles\Temp\HFSS_sim\LHS800\train\TSV_RDL\dut1471.s2p
train,TSV_RDL,1472,skipped,C:\ffzhzh\SyncFiles\Temp\HFSS_sim\LHS800\train\TSV_RDL\dut1472.s2p
train,TSV_RDL,1473,skipped,C:\ffzhzh\SyncFiles\Temp\HFSS_sim\LHS800\train\TSV_RDL\dut1473.s2p
train,TSV_RDL,1474,skipped,C:\ffzhzh\SyncFiles\Temp\HFSS_sim\LHS800\train\TSV_RDL\dut1474.s2p
train,TSV_RDL,1475,skipped,C:\ffzhzh\SyncFiles\Temp\HFSS_sim\LHS800\train\TSV_RDL\dut1475.s2p
train,TSV_RDL,1476,skipped,C:\ffzhzh\SyncFiles\Temp\HFSS_sim\LHS800\train\TSV_RDL\dut1476.s2p
train,TSV_RDL,1477,skipped,C:\ffzhzh\SyncFiles\Temp\HFSS_sim\LHS800\train\TSV_RDL\dut1477.s2p
train,TSV_RDL,1478,skipped,C:\ffzhzh\SyncFiles\Temp\HFSS_sim\LHS800\train\TSV_RDL\dut1478.s2p
train,TSV_RDL,1479,skipped,C:\ffzhzh\SyncFiles\Temp\HFSS_sim\LHS800\train\TSV_RDL\dut1479.s2p
train,TSV_RDL,1480,skipped,C:\ffzhzh\SyncFiles\Temp\HFSS_sim\LHS800\train\TSV_RDL\dut1480.s2p
train,TSV_RDL,1481,skipped,C:\ffzhzh\SyncFiles\Temp\HFSS_sim\LHS800\train\TSV_RDL\dut1481.s2p
train,TSV_RDL,1482,skipped,C:\ffzhzh\SyncFiles\Temp\HFSS_sim\LHS800\train\TSV_RDL\dut1482.s2p
train,TSV_RDL,1483,skipped,C:\ffzhzh\SyncFiles\Temp\HFSS_sim\LHS800\train\TSV_RDL\dut1483.s2p
train,TSV_RDL,1484,skipped,C:\ffzhzh\SyncFiles\Temp\HFSS_sim\LHS800\train\TSV_RDL\dut1484.s2p
train,TSV_RDL,1485,skipped,C:\ffzhzh\SyncFiles\Temp\HFSS_sim\LHS800\train\TSV_RDL\dut1485.s2p
train,TSV_RDL,1486,skipped,C:\ffzhzh\SyncFiles\Temp\HFSS_sim\LHS800\train\TSV_RDL\dut1486.s2p
train,TSV_RDL,1487,skipped,C:\ffzhzh\SyncFiles\Temp\HFSS_sim\LHS800\train\TSV_RDL\dut1487.s2p
train,TSV_RDL,1488,completed,C:\ffzhzh\SyncFiles\Temp\HFSS_sim\LHS800\train\TSV_RDL\dut1488.s2p
train,TSV_RDL,1489,completed,C:\ffzhzh\SyncFiles\Temp\HFSS_sim\LHS800\train\TSV_RDL\dut1489.s2p
train,TSV_RDL,1490,skipped,C:\ffzhzh\SyncFiles\Temp\HFSS_sim\LHS800\train\TSV_RDL\dut1490.s2p
train,TSV_RDL,1491,skipped,C:\ffzhzh\SyncFiles\Temp\HFSS_sim\LHS800\train\TSV_RDL\dut1491.s2p
train,TSV_RDL,1492,skipped,C:\ffzhzh\SyncFiles\Temp\HFSS_sim\LHS800\train\TSV_RDL\dut1492.s2p
train,TSV_RDL,1493,skipped,C:\ffzhzh\SyncFiles\Temp\HFSS_sim\LHS800\train\TSV_RDL\dut1493.s2p
train,TSV_RDL,1494,skipped,C:\ffzhzh\SyncFiles\Temp\HFSS_sim\LHS800\train\TSV_RDL\dut1494.s2p
train,TSV_RDL,1495,skipped,C:\ffzhzh\SyncFiles\Temp\HFSS_sim\LHS800\train\TSV_RDL\dut1495.s2p
train,TSV_RDL,1496,skipped,C:\ffzhzh\SyncFiles\Temp\HFSS_sim\LHS800\train\TSV_RDL\dut1496.s2p
train,TSV_RDL,1497,skipped,C:\ffzhzh\SyncFiles\Temp\HFSS_sim\LHS800\train\TSV_RDL\dut1497.s2p
train,TSV_RDL,1498,skipped,C:\ffzhzh\SyncFiles\Temp\HFSS_sim\LHS800\train\TSV_RDL\dut1498.s2p
train,TSV_RDL,1499,skipped,C:\ffzhzh\SyncFiles\Temp\HFSS_sim\LHS800\train\TSV_RDL\dut1499.s2p
