 
Ansys Electronics Desktop Version 2026.1.0, Build: 2026-02-02 02:17:35
Location: C:\Program Files\ANSYS Inc\v261\AnsysEM\ansysedt.exe
Non Graphical Mode: No Project??
Starting Batch Run: 10:03:04 AM  Jul 01, 2026
Running as user : FENG\ffzhz
Temp directory: C:\ffzhzh\LocalFiles\Ansys_Temp
Project directory: C:\ffzhzh\LocalFiles\Ansys_Project_Files
[info] gRPC server started on port 9582 of local host. Only connections from the local host initiated by the same user are permitted.

[error] Project:TSV_RDL_Connection, Cannot connect to license server system.
 The license server manager (lmgrd) has not been started yet,
 the wrong port@host or license file is being used, or the
 port or hostname in the license file has been changed.
Feature
hfss_gui
Server name
127.0.0.1
License path
1055@localhost;
FlexNet Licensing error
-15,10.  System Error
10061 "WinSock
Connection refused"

 (10:03:26 AM  Jul 01, 2026)
[error] Project:TSV_RDL_Connection, Cannot connect to license server system.
 The license server manager (lmgrd) has not been started yet,
 the wrong port@host or license file is being used, or the
 port or hostname in the license file has been changed.
Feature
hfss_gui
Server name
127.0.0.1
License path
1055@localhost;
FlexNet Licensing error
-15,10.  System Error
10061 "WinSock
Connection refused"

 (10:03:36 AM  Jul 01, 2026)
[error] Project:TSV_RDL_Connection, Cannot connect to license server system.
 The license server manager (lmgrd) has not been started yet,
 the wrong port@host or license file is being used, or the
 port or hostname in the license file has been changed.
Feature
hfss_gui
Server name
127.0.0.1
License path
1055@localhost;
FlexNet Licensing error
-15,10.  System Error
10061 "WinSock
Connection refused"

 (10:03:45 AM  Jul 01, 2026)
[error] Project:TSV_RDL_Connection, Cannot connect to license server system.
 The license server manager (lmgrd) has not been started yet,
 the wrong port@host or license file is being used, or the
 port or hostname in the license file has been changed.
Feature
hfss_gui
Server name
127.0.0.1
License path
1055@localhost;
FlexNet Licensing error
-15,10.  System Error
10061 "WinSock
Connection refused"

 (10:03:54 AM  Jul 01, 2026)
[info] Project:TSV_RDL_Connection, The following designs have been opened in read only mode: TMRDL, TSV_RDL, TSV, BSMRDL. Read only mode can be enabled and disabled for different design types in the General/Project page of the General Options dialog. (10:03:54 AM  Jul 01, 2026)
[error] Project:TSV_RDL_Connection, Design:BSMRDL (Terminal Network), Script macro error: Access to the requested resource is not permitted. (10:03:55 AM  Jul 01, 2026)
[error] Project:TSV_RDL_Connection, Design:BSMRDL (Terminal Network), Script macro error: Access to the requested resource is not permitted. (10:03:55 AM  Jul 01, 2026)
[error] Project:TSV_RDL_Connection, Design:BSMRDL (Terminal Network), Script macro error: Access to the requested resource is not permitted. (10:03:55 AM  Jul 01, 2026)
Stopping Batch Run: 10:04:02 AM  Jul 01, 2026
 
Ansys Electronics Desktop Version 2026.1.0, Build: 2026-02-02 02:17:35
Location: C:\Program Files\ANSYS Inc\v261\AnsysEM\ansysedt.exe
Non Graphical Mode: No Project??
Starting Batch Run: 10:08:41 AM  Jul 01, 2026
Running as user : FENG\ffzhz
Temp directory: C:\ffzhzh\LocalFiles\Ansys_Temp
Project directory: C:\ffzhzh\LocalFiles\Ansys_Project_Files
[info] gRPC server started on port 11779 of local host. Only connections from the local host initiated by the same user are permitted.

[error] Project:temp_TMRDL_0_1782871720_21264, Cannot connect to license server system.
 The license server manager (lmgrd) has not been started yet,
 the wrong port@host or license file is being used, or the
 port or hostname in the license file has been changed.
Feature
hfss_gui
Server name
127.0.0.1
License path
1055@localhost;
FlexNet Licensing error
-15,10.  System Error
10061 "WinSock
Connection refused"

 (10:08:59 AM  Jul 01, 2026)
[error] Project:temp_TMRDL_0_1782871720_21264, Cannot connect to license server system.
 The license server manager (lmgrd) has not been started yet,
 the wrong port@host or license file is being used, or the
 port or hostname in the license file has been changed.
Feature
hfss_gui
Server name
127.0.0.1
License path
1055@localhost;
FlexNet Licensing error
-15,10.  System Error
10061 "WinSock
Connection refused"

 (10:09:08 AM  Jul 01, 2026)
[error] Project:temp_TMRDL_0_1782871720_21264, Cannot connect to license server system.
 The license server manager (lmgrd) has not been started yet,
 the wrong port@host or license file is being used, or the
 port or hostname in the license file has been changed.
Feature
hfss_gui
Server name
127.0.0.1
License path
1055@localhost;
FlexNet Licensing error
-15,10.  System Error
10061 "WinSock
Connection refused"

 (10:09:17 AM  Jul 01, 2026)
[error] Project:temp_TMRDL_0_1782871720_21264, Cannot connect to license server system.
 The license server manager (lmgrd) has not been started yet,
 the wrong port@host or license file is being used, or the
 port or hostname in the license file has been changed.
Feature
hfss_gui
Server name
127.0.0.1
License path
1055@localhost;
FlexNet Licensing error
-15,10.  System Error
10061 "WinSock
Connection refused"

 (10:09:26 AM  Jul 01, 2026)
[info] Project:temp_TMRDL_0_1782871720_21264, The following designs have been opened in read only mode: TMRDL, BSMRDL, TSV_RDL, TSV. Read only mode can be enabled and disabled for different design types in the General/Project page of the General Options dialog. (10:09:27 AM  Jul 01, 2026)
[error] Project:temp_TMRDL_0_1782871720_21264, Design:BSMRDL (Terminal Network), Script macro error: Access to the requested resource is not permitted. (10:09:27 AM  Jul 01, 2026)
Stopping Batch Run: 10:09:27 AM  Jul 01, 2026
 
Ansys Electronics Desktop Version 2026.1.0, Build: 2026-02-02 02:17:35
Location: C:\Program Files\ANSYS Inc\v261\AnsysEM\ansysedt.exe
Non Graphical Mode: No Project??
Starting Batch Run: 10:09:31 AM  Jul 01, 2026
Running as user : FENG\ffzhz
Temp directory: C:\ffzhzh\LocalFiles\Ansys_Temp
Project directory: C:\ffzhzh\LocalFiles\Ansys_Project_Files
[info] gRPC server started on port 1957 of local host. Only connections from the local host initiated by the same user are permitted.

[error] Project:temp_BSMRDL_0_1782871770_21264, Cannot connect to license server system.
 The license server manager (lmgrd) has not been started yet,
 the wrong port@host or license file is being used, or the
 port or hostname in the license file has been changed.
Feature
hfss_gui
Server name
127.0.0.1
License path
1055@localhost;
FlexNet Licensing error
-15,10.  System Error
10061 "WinSock
Connection refused"

 (10:09:49 AM  Jul 01, 2026)
[error] Project:temp_BSMRDL_0_1782871770_21264, Cannot connect to license server system.
 The license server manager (lmgrd) has not been started yet,
 the wrong port@host or license file is being used, or the
 port or hostname in the license file has been changed.
Feature
hfss_gui
Server name
127.0.0.1
License path
1055@localhost;
FlexNet Licensing error
-15,10.  System Error
10061 "WinSock
Connection refused"

 (10:09:58 AM  Jul 01, 2026)
[error] Project:temp_BSMRDL_0_1782871770_21264, Cannot connect to license server system.
 The license server manager (lmgrd) has not been started yet,
 the wrong port@host or license file is being used, or the
 port or hostname in the license file has been changed.
Feature
hfss_gui
Server name
127.0.0.1
License path
1055@localhost;
FlexNet Licensing error
-15,10.  System Error
10061 "WinSock
Connection refused"

 (10:10:07 AM  Jul 01, 2026)
[error] Project:temp_BSMRDL_0_1782871770_21264, Cannot connect to license server system.
 The license server manager (lmgrd) has not been started yet,
 the wrong port@host or license file is being used, or the
 port or hostname in the license file has been changed.
Feature
hfss_gui
Server name
127.0.0.1
License path
1055@localhost;
FlexNet Licensing error
-15,10.  System Error
10061 "WinSock
Connection refused"

 (10:10:17 AM  Jul 01, 2026)
[info] Project:temp_BSMRDL_0_1782871770_21264, The following designs have been opened in read only mode: BSMRDL, TSV_RDL, TMRDL, TSV. Read only mode can be enabled and disabled for different design types in the General/Project page of the General Options dialog. (10:10:17 AM  Jul 01, 2026)
[error] Project:temp_BSMRDL_0_1782871770_21264, Design:BSMRDL (Terminal Network), Script macro error: Access to the requested resource is not permitted. (10:10:17 AM  Jul 01, 2026)
Stopping Batch Run: 10:10:20 AM  Jul 01, 2026
 
Ansys Electronics Desktop Version 2026.1.0, Build: 2026-02-02 02:17:35
Location: C:\Program Files\ANSYS Inc\v261\AnsysEM\ansysedt.exe
Non Graphical Mode: No Project??
Starting Batch Run: 10:10:24 AM  Jul 01, 2026
Running as user : FENG\ffzhz
Temp directory: C:\ffzhzh\LocalFiles\Ansys_Temp
Project directory: C:\ffzhzh\LocalFiles\Ansys_Project_Files
[info] gRPC server started on port 3995 of local host. Only connections from the local host initiated by the same user are permitted.

[error] Project:temp_TSV_RDL_0_1782871822_21264, Cannot connect to license server system.
 The license server manager (lmgrd) has not been started yet,
 the wrong port@host or license file is being used, or the
 port or hostname in the license file has been changed.
Feature
hfss_gui
Server name
127.0.0.1
License path
1055@localhost;
FlexNet Licensing error
-15,10.  System Error
10061 "WinSock
Connection refused"

 (10:10:42 AM  Jul 01, 2026)
[error] Project:temp_TSV_RDL_0_1782871822_21264, Cannot connect to license server system.
 The license server manager (lmgrd) has not been started yet,
 the wrong port@host or license file is being used, or the
 port or hostname in the license file has been changed.
Feature
hfss_gui
Server name
127.0.0.1
License path
1055@localhost;
FlexNet Licensing error
-15,10.  System Error
10061 "WinSock
Connection refused"

 (10:10:51 AM  Jul 01, 2026)
[error] Project:temp_TSV_RDL_0_1782871822_21264, Cannot connect to license server system.
 The license server manager (lmgrd) has not been started yet,
 the wrong port@host or license file is being used, or the
 port or hostname in the license file has been changed.
Feature
hfss_gui
Server name
127.0.0.1
License path
1055@localhost;
FlexNet Licensing error
-15,10.  System Error
10061 "WinSock
Connection refused"

 (10:11:00 AM  Jul 01, 2026)
[error] Project:temp_TSV_RDL_0_1782871822_21264, Cannot connect to license server system.
 The license server manager (lmgrd) has not been started yet,
 the wrong port@host or license file is being used, or the
 port or hostname in the license file has been changed.
Feature
hfss_gui
Server name
127.0.0.1
License path
1055@localhost;
FlexNet Licensing error
-15,10.  System Error
10061 "WinSock
Connection refused"

 (10:11:09 AM  Jul 01, 2026)
[info] Project:temp_TSV_RDL_0_1782871822_21264, The following designs have been opened in read only mode: BSMRDL, TSV_RDL, TSV, TMRDL. Read only mode can be enabled and disabled for different design types in the General/Project page of the General Options dialog. (10:11:10 AM  Jul 01, 2026)
[error] Project:temp_TSV_RDL_0_1782871822_21264, Design:BSMRDL (Terminal Network), Script macro error: Access to the requested resource is not permitted. (10:11:10 AM  Jul 01, 2026)
Stopping Batch Run: 10:11:20 AM  Jul 01, 2026
 
Ansys Electronics Desktop Version 2026.1.0, Build: 2026-02-02 02:17:35
Location: C:\Program Files\ANSYS Inc\v261\AnsysEM\ansysedt.exe
Non Graphical Mode: No Project??
Starting Batch Run: 10:17:59 AM  Jul 01, 2026
Running as user : FENG\ffzhz
Temp directory: C:\ffzhzh\LocalFiles\Ansys_Temp
Project directory: C:\ffzhzh\LocalFiles\Ansys_Project_Files
[info] gRPC server started on port 1611 of local host. Only connections from the local host initiated by the same user are permitted.

[error] Project:temp_TMRDL_0_1782872278_8860, Cannot connect to license server system.
 The license server manager (lmgrd) has not been started yet,
 the wrong port@host or license file is being used, or the
 port or hostname in the license file has been changed.
Feature
hfss_gui
Server name
127.0.0.1
License path
1055@localhost;
FlexNet Licensing error
-15,10.  System Error
10061 "WinSock
Connection refused"

 (10:18:17 AM  Jul 01, 2026)
[error] Project:temp_TMRDL_0_1782872278_8860, Cannot connect to license server system.
 The license server manager (lmgrd) has not been started yet,
 the wrong port@host or license file is being used, or the
 port or hostname in the license file has been changed.
Feature
hfss_gui
Server name
127.0.0.1
License path
1055@localhost;
FlexNet Licensing error
-15,10.  System Error
10061 "WinSock
Connection refused"

 (10:18:26 AM  Jul 01, 2026)
[error] Project:temp_TMRDL_0_1782872278_8860, Cannot connect to license server system.
 The license server manager (lmgrd) has not been started yet,
 the wrong port@host or license file is being used, or the
 port or hostname in the license file has been changed.
Feature
hfss_gui
Server name
127.0.0.1
License path
1055@localhost;
FlexNet Licensing error
-15,10.  System Error
10061 "WinSock
Connection refused"

 (10:18:35 AM  Jul 01, 2026)
[error] Project:temp_TMRDL_0_1782872278_8860, Cannot connect to license server system.
 The license server manager (lmgrd) has not been started yet,
 the wrong port@host or license file is being used, or the
 port or hostname in the license file has been changed.
Feature
hfss_gui
Server name
127.0.0.1
License path
1055@localhost;
FlexNet Licensing error
-15,10.  System Error
10061 "WinSock
Connection refused"

 (10:18:44 AM  Jul 01, 2026)
[info] Project:temp_TMRDL_0_1782872278_8860, The following designs have been opened in read only mode: BSMRDL, TSV_RDL, TMRDL, TSV. Read only mode can be enabled and disabled for different design types in the General/Project page of the General Options dialog. (10:18:45 AM  Jul 01, 2026)
[error] Project:temp_TMRDL_0_1782872278_8860, Design:BSMRDL (Terminal Network), Script macro error: Access to the requested resource is not permitted. (10:18:45 AM  Jul 01, 2026)
Stopping Batch Run: 10:18:53 AM  Jul 01, 2026
 
Ansys Electronics Desktop Version 2026.1.0, Build: 2026-02-02 02:17:35
Location: C:\Program Files\ANSYS Inc\v261\AnsysEM\ansysedt.exe
Non Graphical Mode: No Project??
Starting Batch Run: 10:18:57 AM  Jul 01, 2026
Running as user : FENG\ffzhz
Temp directory: C:\ffzhzh\LocalFiles\Ansys_Temp
Project directory: C:\ffzhzh\LocalFiles\Ansys_Project_Files
[info] gRPC server started on port 4757 of local host. Only connections from the local host initiated by the same user are permitted.

[error] Project:temp_BSMRDL_0_1782872335_8860, Cannot connect to license server system.
 The license server manager (lmgrd) has not been started yet,
 the wrong port@host or license file is being used, or the
 port or hostname in the license file has been changed.
Feature
hfss_gui
Server name
127.0.0.1
License path
1055@localhost;
FlexNet Licensing error
-15,10.  System Error
10061 "WinSock
Connection refused"

 (10:19:14 AM  Jul 01, 2026)
[error] Project:temp_BSMRDL_0_1782872335_8860, Cannot connect to license server system.
 The license server manager (lmgrd) has not been started yet,
 the wrong port@host or license file is being used, or the
 port or hostname in the license file has been changed.
Feature
hfss_gui
Server name
127.0.0.1
License path
1055@localhost;
FlexNet Licensing error
-15,10.  System Error
10061 "WinSock
Connection refused"

 (10:19:23 AM  Jul 01, 2026)
[error] Project:temp_BSMRDL_0_1782872335_8860, Cannot connect to license server system.
 The license server manager (lmgrd) has not been started yet,
 the wrong port@host or license file is being used, or the
 port or hostname in the license file has been changed.
Feature
hfss_gui
Server name
127.0.0.1
License path
1055@localhost;
FlexNet Licensing error
-15,10.  System Error
10061 "WinSock
Connection refused"

 (10:19:32 AM  Jul 01, 2026)
[error] Project:temp_BSMRDL_0_1782872335_8860, Cannot connect to license server system.
 The license server manager (lmgrd) has not been started yet,
 the wrong port@host or license file is being used, or the
 port or hostname in the license file has been changed.
Feature
hfss_gui
Server name
127.0.0.1
License path
1055@localhost;
FlexNet Licensing error
-15,10.  System Error
10061 "WinSock
Connection refused"

 (10:19:42 AM  Jul 01, 2026)
[info] Project:temp_BSMRDL_0_1782872335_8860, The following designs have been opened in read only mode: BSMRDL, TMRDL, TSV_RDL, TSV. Read only mode can be enabled and disabled for different design types in the General/Project page of the General Options dialog. (10:19:42 AM  Jul 01, 2026)
[error] Project:temp_BSMRDL_0_1782872335_8860, Design:BSMRDL (Terminal Network), Script macro error: Access to the requested resource is not permitted. (10:19:42 AM  Jul 01, 2026)
Stopping Batch Run: 10:19:43 AM  Jul 01, 2026
 
Ansys Electronics Desktop Version 2026.1.0, Build: 2026-02-02 02:17:35
Location: C:\Program Files\ANSYS Inc\v261\AnsysEM\ansysedt.exe
Non Graphical Mode: No Project??
Starting Batch Run: 10:19:47 AM  Jul 01, 2026
Running as user : FENG\ffzhz
Temp directory: C:\ffzhzh\LocalFiles\Ansys_Temp
Project directory: C:\ffzhzh\LocalFiles\Ansys_Project_Files
[info] gRPC server started on port 2493 of local host. Only connections from the local host initiated by the same user are permitted.

 
Ansys Electronics Desktop Version 2026.1.0, Build: 2026-02-02 02:17:35
Location: C:\Program Files\ANSYS Inc\v261\AnsysEM\ansysedt.exe
Non Graphical Mode: No Project??
Starting Batch Run: 10:20:45 AM  Jul 01, 2026
Running as user : FENG\ffzhz
Temp directory: C:\ffzhzh\LocalFiles\Ansys_Temp
Project directory: C:\ffzhzh\LocalFiles\Ansys_Project_Files
[info] gRPC server started on port 2584 of local host. Only connections from the local host initiated by the same user are permitted.

 
Ansys Electronics Desktop Version 2026.1.0, Build: 2026-02-02 02:17:35
Location: C:\Program Files\ANSYS Inc\v261\AnsysEM\ansysedt.exe
Non Graphical Mode: No Project??
Starting Batch Run: 10:31:58 AM  Jul 01, 2026
Running as user : FENG\ffzhz
Temp directory: C:\ffzhzh\LocalFiles\Ansys_Temp
Project directory: C:\ffzhzh\LocalFiles\Ansys_Project_Files
[info] gRPC server started on port 3593 of local host. Only connections from the local host initiated by the same user are permitted.

[error] Project:temp_BSMRDL_0_1782873116_19428, Cannot connect to license server system.
 The license server manager (lmgrd) has not been started yet,
 the wrong port@host or license file is being used, or the
 port or hostname in the license file has been changed.
Feature
hfss_gui
Server name
127.0.0.1
License path
1055@localhost;
FlexNet Licensing error
-15,10.  System Error
10061 "WinSock
Connection refused"

 (10:32:15 AM  Jul 01, 2026)
[error] Project:temp_BSMRDL_0_1782873116_19428, Cannot connect to license server system.
 The license server manager (lmgrd) has not been started yet,
 the wrong port@host or license file is being used, or the
 port or hostname in the license file has been changed.
Feature
hfss_gui
Server name
127.0.0.1
License path
1055@localhost;
FlexNet Licensing error
-15,10.  System Error
10061 "WinSock
Connection refused"

 (10:32:25 AM  Jul 01, 2026)
[error] Project:temp_BSMRDL_0_1782873116_19428, Cannot connect to license server system.
 The license server manager (lmgrd) has not been started yet,
 the wrong port@host or license file is being used, or the
 port or hostname in the license file has been changed.
Feature
hfss_gui
Server name
127.0.0.1
License path
1055@localhost;
FlexNet Licensing error
-15,10.  System Error
10061 "WinSock
Connection refused"

 (10:32:34 AM  Jul 01, 2026)
[error] Project:temp_BSMRDL_0_1782873116_19428, Cannot connect to license server system.
 The license server manager (lmgrd) has not been started yet,
 the wrong port@host or license file is being used, or the
 port or hostname in the license file has been changed.
Feature
hfss_gui
Server name
127.0.0.1
License path
1055@localhost;
FlexNet Licensing error
-15,10.  System Error
10061 "WinSock
Connection refused"

 (10:32:43 AM  Jul 01, 2026)
[info] Project:temp_BSMRDL_0_1782873116_19428, The following designs have been opened in read only mode: BSMRDL, TSV_RDL, TMRDL, TSV. Read only mode can be enabled and disabled for different design types in the General/Project page of the General Options dialog. (10:32:43 AM  Jul 01, 2026)
[error] Project:temp_BSMRDL_0_1782873116_19428, Design:BSMRDL (Terminal Network), Script macro error: Access to the requested resource is not permitted. (10:32:44 AM  Jul 01, 2026)
Stopping Batch Run: 10:32:44 AM  Jul 01, 2026
 
Ansys Electronics Desktop Version 2026.1.0, Build: 2026-02-02 02:17:35
Location: C:\Program Files\ANSYS Inc\v261\AnsysEM\ansysedt.exe
Non Graphical Mode: No Project??
Starting Batch Run: 10:32:49 AM  Jul 01, 2026
Running as user : FENG\ffzhz
Temp directory: C:\ffzhzh\LocalFiles\Ansys_Temp
Project directory: C:\ffzhzh\LocalFiles\Ansys_Project_Files
[info] gRPC server started on port 4672 of local host. Only connections from the local host initiated by the same user are permitted.

[error] Project:temp_TSV_0_1782873167_19428, Cannot connect to license server system.
 The license server manager (lmgrd) has not been started yet,
 the wrong port@host or license file is being used, or the
 port or hostname in the license file has been changed.
Feature
hfss_gui
Server name
127.0.0.1
License path
1055@localhost;
FlexNet Licensing error
-15,10.  System Error
10061 "WinSock
Connection refused"

 (10:33:06 AM  Jul 01, 2026)
[error] Project:temp_TSV_0_1782873167_19428, Cannot connect to license server system.
 The license server manager (lmgrd) has not been started yet,
 the wrong port@host or license file is being used, or the
 port or hostname in the license file has been changed.
Feature
hfss_gui
Server name
127.0.0.1
License path
1055@localhost;
FlexNet Licensing error
-15,10.  System Error
10061 "WinSock
Connection refused"

 (10:33:16 AM  Jul 01, 2026)
[error] Project:temp_TSV_0_1782873167_19428, Cannot connect to license server system.
 The license server manager (lmgrd) has not been started yet,
 the wrong port@host or license file is being used, or the
 port or hostname in the license file has been changed.
Feature
hfss_gui
Server name
127.0.0.1
License path
1055@localhost;
FlexNet Licensing error
-15,10.  System Error
10061 "WinSock
Connection refused"

 (10:33:25 AM  Jul 01, 2026)
[error] Project:temp_TSV_0_1782873167_19428, Cannot connect to license server system.
 The license server manager (lmgrd) has not been started yet,
 the wrong port@host or license file is being used, or the
 port or hostname in the license file has been changed.
Feature
hfss_gui
Server name
127.0.0.1
License path
1055@localhost;
FlexNet Licensing error
-15,10.  System Error
10061 "WinSock
Connection refused"

 (10:33:34 AM  Jul 01, 2026)
[info] Project:temp_TSV_0_1782873167_19428, The following designs have been opened in read only mode: TSV, TMRDL, TSV_RDL, BSMRDL. Read only mode can be enabled and disabled for different design types in the General/Project page of the General Options dialog. (10:33:34 AM  Jul 01, 2026)
[error] Project:temp_TSV_0_1782873167_19428, Design:BSMRDL (Terminal Network), Script macro error: Access to the requested resource is not permitted. (10:33:35 AM  Jul 01, 2026)
Stopping Batch Run: 10:33:35 AM  Jul 01, 2026
 
Ansys Electronics Desktop Version 2026.1.0, Build: 2026-02-02 02:17:35
Location: C:\Program Files\ANSYS Inc\v261\AnsysEM\ansysedt.exe
Non Graphical Mode: No Project??
Starting Batch Run: 10:33:40 AM  Jul 01, 2026
Running as user : FENG\ffzhz
Temp directory: C:\ffzhzh\LocalFiles\Ansys_Temp
Project directory: C:\ffzhzh\LocalFiles\Ansys_Project_Files
[info] gRPC server started on port 8642 of local host. Only connections from the local host initiated by the same user are permitted.

[error] Project:temp_TSV_RDL_0_1782873218_19428, Cannot connect to license server system.
 The license server manager (lmgrd) has not been started yet,
 the wrong port@host or license file is being used, or the
 port or hostname in the license file has been changed.
Feature
hfss_gui
Server name
127.0.0.1
License path
1055@localhost;
FlexNet Licensing error
-15,10.  System Error
10061 "WinSock
Connection refused"

 (10:33:58 AM  Jul 01, 2026)
[error] Project:temp_TSV_RDL_0_1782873218_19428, Cannot connect to license server system.
 The license server manager (lmgrd) has not been started yet,
 the wrong port@host or license file is being used, or the
 port or hostname in the license file has been changed.
Feature
hfss_gui
Server name
127.0.0.1
License path
1055@localhost;
FlexNet Licensing error
-15,10.  System Error
10061 "WinSock
Connection refused"

 (10:34:07 AM  Jul 01, 2026)
[error] Project:temp_TSV_RDL_0_1782873218_19428, Cannot connect to license server system.
 The license server manager (lmgrd) has not been started yet,
 the wrong port@host or license file is being used, or the
 port or hostname in the license file has been changed.
Feature
hfss_gui
Server name
127.0.0.1
License path
1055@localhost;
FlexNet Licensing error
-15,10.  System Error
10061 "WinSock
Connection refused"

 (10:34:16 AM  Jul 01, 2026)
[error] Project:temp_TSV_RDL_0_1782873218_19428, Cannot connect to license server system.
 The license server manager (lmgrd) has not been started yet,
 the wrong port@host or license file is being used, or the
 port or hostname in the license file has been changed.
Feature
hfss_gui
Server name
127.0.0.1
License path
1055@localhost;
FlexNet Licensing error
-15,10.  System Error
10061 "WinSock
Connection refused"

 (10:34:25 AM  Jul 01, 2026)
[info] Project:temp_TSV_RDL_0_1782873218_19428, The following designs have been opened in read only mode: TMRDL, TSV_RDL, TSV, BSMRDL. Read only mode can be enabled and disabled for different design types in the General/Project page of the General Options dialog. (10:34:25 AM  Jul 01, 2026)
[error] Project:temp_TSV_RDL_0_1782873218_19428, Design:BSMRDL (Terminal Network), Script macro error: Access to the requested resource is not permitted. (10:34:26 AM  Jul 01, 2026)
Stopping Batch Run: 10:34:32 AM  Jul 01, 2026
 
Ansys Electronics Desktop Version 2026.1.0, Build: 2026-02-02 02:17:35
Location: C:\Program Files\ANSYS Inc\v261\AnsysEM\ansysedt.exe
Non Graphical Mode: No Project??
Starting Batch Run: 10:47:48 PM  Jul 07, 2026
Running as user : FENG\ffzhz
Temp directory: C:\ffzhzh\LocalFiles\Ansys_Temp
Project directory: C:\ffzhzh\LocalFiles\Ansys_Project_Files
[info] gRPC server started on port 7060 of local host. Only connections from the local host initiated by the same user are permitted.

[info] Project:temp_train_TSV_RDL_0_1783435666_41684, Design:TSV_RDL (Terminal Network), An interpolating frequency sweep with 1000 points has been started using HFSS - Solving Distributed. (10:59:42 PM  Jul 07, 2026)
[[info] Project:temp_train_TSV_RDL_3_1783435666_34316, Design:TSV_RDL (Terminal Network), An interpolating frequency sweep with 1000 points has been started using HFSS - Solving Distributed. (11:04:18 PM  Jul 07, 2026)
[info] Project:temp_train_TSV_RDL_3_1783435666_34316, Design:TSV_RDL (Terminal Network), Interpolati[info] Project:temp_train_TSV_RDL_1_1783435666_50928, Design:TSV_RDL (Terminal Network), An interpolating frequency sweep with 1000 points has been started using HFSS - Solving Distributed. (11:08:10 PM  Jul 07, 2026)
[info] Project:temp_train_TSV_RDL_1_1783435666_50928, Design:TSV_RDL (Terminal Network), Interpolating frequency sweep complete. Converged. (11:08:10 PM  Jul 07, 2026)
[info] Project:temp_train_TSV_RDL_1_1783435666_50928, Design:TSV_RDL (Terminal Network), Normal completion of simulation on server: Local Machine. (11:08:10 PM  Jul 07, 2026)
[info] Project:temp_train_TSV_RDL_1_1783435666_50928, Design:TSV_RDL (Terminal Network), Touchstone export: Writing to "C:/ffzhzh/LocalFiles/Ansys_Project_Files/temp_train_TSV_RDL_1_1783435666_50928_SNP/temp_train_TSV_RDL_1_1783435666_50928.s2p" (11:08:11 PM  Jul 07, 2026)
Stopp[info] Project:temp_train_TSV_RDL_5_1783436399_41684, Design:TSV_RDL (Terminal Network), An interpolating frequency sweep with 1000 points has been started using HFSS - Solving Distributed. (11:12:30 PM  Jul 07, 2026)
[info] Project:temp_train_TSV_RDL_5_1783436399_41684, Design:TSV_RDL (Terminal Network), Interpolating frequency sweep complete. Converged. (11:12:30 PM  Jul 07, 2026)
[info] Project:temp_train_TSV_RDL_5_1783436399_41684, Design:TSV_RDL (Terminal Network), Normal completion of[info] Project:temp_train_TSV_RDL_6_1783436430_28540, Design:TSV_RDL (Terminal Network), An interpolating frequency sweep with 1000 points has been started using HFSS - Solving Distributed. (11:12:40 PM  Jul 07, 2026)
[info] Project:temp_train_TSV_RDL_6_1783436430_28540, Design:TSV_RDL (Terminal Network), Interpolating frequency sweep complete. Converged. (11:12:40 PM  Jul 07, 2026)
[info] Project:temp_train_TSV_RDL_6_1783436430_28540, Design:TSV_RDL (Terminal Network), Normal completion of[info] Project:temp_train_TSV_RDL_7_1783436546_7600, Design:TSV_RDL (Terminal Network), An interpolating frequency sweep with 1000 points has been started using HFSS - Solving Distributed. (11:15:59 PM  Jul 07, 2026)
[info] Project:temp_train_TSV_RDL_7_1783436546_7600, Design:TSV_RDL (Terminal Network), Interpolating frequency sweep complete. Converged. (11:15:59 PM  Jul 07, 2026)
[info] Project:temp_train_TSV_RDL_7_1783436546_7600, Design:TSV_RDL (Terminal Network), Normal completion of s[info] Project:temp_train_TSV_RDL_8_1783436672_34316, Design:TSV_RDL (Terminal Network), An interpolating frequency sweep with 1000 points has been started using HFSS - Solving Distributed. (11:20:15 PM  Jul 07, 2026)
[info] Project:temp_train_TSV_RDL_8_1783436672_34316, Design:TSV_RDL (Terminal Network), Interpolating frequency sweep complete. Converged. (11:20:15 PM  Jul 07, 2026)
[info] Project:temp_train_TSV_RDL_8_1783436672_34316, Design:TSV_RDL (Terminal Network), Normal completion o[info] Project:temp_train_TSV_RDL_9_1783436902_50928, Design:TSV_RDL (Terminal Network), An interpolating frequency sweep with 1000 points has been started using HFSS - Solving Distributed. (11:24:27 PM  Jul 07, 2026)
[info] Project:temp_train_TSV_RDL_9_1783436902_50928, Design:TSV_RDL (Terminal Network), Interpolating frequency sweep complete. Converged. (11:24:27 PM  Jul 07, 2026)
[info] Project:temp_train_TSV_RDL_9_1783436902_50928, Design:TSV_RDL (Terminal Network), Normal completion of simulation on server: Local Machine. (11:24:28 PM  Jul 07, 2026)
[info] Project:temp_train_TSV_RDL_9_1783436902_50928, Design:TSV_RDL (Terminal Network), Touchstone export: Writing to "C:/ffzhzh/LocalFiles/Ansys_Project_Files/temp_train_TSV_RDL_9_1783436902_50928_SNP/temp_train_TSV_RDL_9_1783436902_50928.s2p" (11:24:28 PM  Jul 07, 2026)
Stopping Batch Run: 11:24:35 PM  Jul 07, 2026
[info] Project:temp_train_TSV_RDL_10_1783437163_41684, Design:TSV_RDL (Terminal Network), Normal completio[info] Project:temp_train_TSV_RDL_11_1783437167_28540, Design:TSV_RDL (Terminal Network), An interpolating frequency sweep with 1000 points has been started using HFSS - Solving Distributed. (11:25:02 PM  Jul 07, 2026)
[info] Project:temp_train_TSV_RDL_11_1783437167_28540, Design:TSV_RDL (Terminal Network), Interpolating frequency sweep complete. Converged. (11:25:02 PM  Jul 07, 2026)
[info] Project:temp_train_TSV_RDL_11_1783437167_28540, Design:TSV_RDL (Terminal Network), Normal completion[info] Project:temp_train_TSV_RDL_12_1783437372_7600, Design:TSV_RDL (Terminal Network), An interpolating frequency sweep with 1000 points has been started using HFSS - Solving Distributed. (11:50:45 PM  Jul 07, 2026)
[info] Project:temp_train_TSV_RDL_12_1783437372_7600, Design:TSV_RDL (Terminal Network), Interpolating frequency sweep complete. Converged. (11:50:45 PM  Jul 07, 2026)
[info] Project:temp_train_TSV_RDL_12_1783437372_7600, Design:TSV_RDL (Terminal Network), Normal completion of simulation on server: Local Machine. (11:50:45 PM  Jul 07, 2026)
[info] Project:temp_train_TSV_RDL_12_1783437372_7600, Design:TSV_RDL (Terminal Network), Touchstone export: Writing to "C:/ffzhzh/LocalFiles/Ansys_Project_Files/temp_train_TSV_RDL_12_1783437372_7600_SNP/temp_train_TSV_RDL_12_1783437372_7600.s2p" (11:50:47 PM  Jul 07, 2026)
Stopping Batch Run: 11:50:53 PM  Jul 07, 2026
[info] Project:temp_train_TSV_RDL_13_1783437629_34316, Design:TSV_RDL (Terminal Network), Normal completio[info] Project:temp_train_TSV_RDL_14_1783437809_41684, Design:TSV_RDL (Terminal Network), An interpolating frequency sweep with 1000 points has been started using HFSS - Solving Distributed. (11:37:00 PM  Jul 07, 2026)
[info] Project:temp_train_TSV_RDL_14_1783437809_41684, Design:TSV_RDL (Terminal Network), Interpolating frequency sweep complete. Converged. (11:37:00 PM  Jul 07, 2026)
[info] Project:temp_train_TSV_RDL_14_1783437809_41684, Design:TSV_RDL (Terminal Network), Normal completion of simulation on server: Local Machine. (11:37:00 PM  Jul 07, 2026)
[info] Project:temp_train_TSV_RDL_14_1783437809_41684, Design:TSV_RDL (Terminal Network), Touchstone export: Writing to "C:/ffzhzh/LocalFiles/Ansys_Project_Files/temp_train_TSV_RDL_14_1783437809_41684_SNP/temp_train_TSV_RDL_14_1783437809_41684.s2p" (11:37:01 PM  Jul 07, 2026)
Stopping Batch Run: 11:37:07 PM  Jul 07, 2026
inal Network), An interpolating frequency sweep with 1000 points has been started using HFSS - Solving[info] Project:temp_train_TSV_RDL_16_1783437914_28540, Design:TSV_RDL (Terminal Network), An interpolating frequency sweep with 1000 points has been started using HFSS - Solving Distributed. (11:39:07 PM  Jul 07, 2026)
[info] Project:temp_train_TSV_RDL_16_1783437914_28540, Design:TSV_RDL (Terminal Network), Interpolating frequency sweep complete. Converged. (11:39:07 PM  Jul 07, 2026)
[info] Project:temp_train_TSV_RDL_16_1783437914_28540, Design:TSV_RDL (Terminal Network), Normal completion of simulation on server: Local Machine. (11:39:07 PM  Jul 07, 2026)
[info] Project:temp_train_TSV_RDL_16_1783437914_28540, Design:TSV_RDL (Terminal Network), Touchstone export: Writing to "C:/ffzhzh/LocalFiles/Ansys_Project_Files/temp_train_TSV_RDL_16_1783437914_28540_SNP/temp_train_TSV_RDL_16_1783437914_28540.s2p" (11:39:10 PM  Jul 07, 2026)
Stopping Batch Run: 11:39:11 PM  Jul 07, 2026
ting Batch Run: 11:31:42 PM  Jul 07, 2026
Running as user : FENG\ffzhz
Temp directory: C:\ffzhzh\LocalFiles\Ansys_Temp
Project directory: C:\ffzhzh\LocalFiles\Ansys_Project_Files
[info] gRPC server started on port 6430 of local host. Only connections from the local host initiated by the same user are permitted.

[info] Project:temp_train_TSV_RDL_17_1783438299_50928, Design:TSV_RDL (Terminal Network), An interpolating frequency sweep with 1000 points has been started using HFSS - Solving Distributed. (11:45:02 PM  Jul 07, 2026)
[info] Project:temp_train_TSV_RDL_17_1783438299_50928, Design:TSV_RDL (Terminal Network), Interpolating frequency sweep complete. Converged. (11:45:02 PM  Jul 07, 2026)
[info] Project:temp_train_TSV_RDL_17_1783438299_50928, Design:TSV_RDL (Terminal Network), Normal completio[info] Project:temp_train_TSV_RDL_18_1783438321_34316, Design:TSV_RDL (Terminal Network), An interpolating frequency sweep with 1000 points has been started using HFSS - Solving Distributed. (11:56:46 PM  Jul 07, 2026)
[info] Project:temp_train_TSV_RDL_18_1783438321_34316, Design:TSV_RDL (Terminal Network), Interpolating frequency sweep complete. Converged. (11:56:46 PM  Jul 07, 2026)
[info] Project:temp_train_TSV_RDL_18_1783438321_34316, Design:TSV_RDL (Terminal Network), Normal completion of simulation on server: Local Machine. (11:56:46 PM  Jul 07, 2026)
[info] Project:temp_train_TSV_RDL_18_1783438321_34316, Design:TSV_RDL (Terminal Network), Touchstone export: Writing to "C:/ffzhzh/LocalFiles/Ansys_Project_Files/temp_train_TSV_RDL_18_1783438321_34316_SNP/temp_train_TSV_RDL_18_1783438321_34316.s2p" (11:56:47 PM  Jul 07, 2026)
Stopping Batch Run: 11:56:53 PM  Jul 07, 2026
 Project:temp_train_TSV_RDL_19_1783438631_41684, Design:TSV_RDL (Terminal Network), Normal completion of simulation on server: Local Machine. (11:49:03 PM  Jul 07, 2026)
[info] Project:temp_train_TSV_RDL_19_1783438631_41684, Design:TSV_RDL (Terminal Network), Touchstone export: Writing to "C:/ffzhzh/LocalFiles/Ansys_Project_Files/temp_train_TSV_RDL_19_1783438631_41684_SNP/temp_train_TSV_RDL_19_1783438631_41684.s2p" ([info] Project:temp_train_TSV_RDL_20_1783438755_28540, Design:TSV_RDL (Terminal Network), An interpolating frequency sweep with 1000 points has been started using HFSS - Solving Distributed. (11:52:05 PM  Jul 07, 2026)
[info] Project:temp_train_TSV_RDL_20_1783438755_28540, Design:TSV_RDL (Terminal Network), Interpolating frequency sweep complete. Converged. (11:52:05 PM  Jul 07, 2026)
[info] Project:temp_train_TSV_RDL_20_1783438755_28540, Design:TSV_RDL (Terminal Network), Normal completion[info] Project:temp_train_TSV_RDL_21_1783439117_50928, Design:TSV_RDL (Terminal Network), An interpolating frequency sweep with 1000 points has been started using HFSS - Solving Distributed. (11:57:01 PM  Jul 07, 2026)
[info] Project:temp_train_TSV_RDL_21_1783439117_50928, Design:TSV_RDL (Terminal Network), Interpolating frequency sweep complete. Converged. (11:57:01 PM  Jul 07, 2026)
[info] Project:temp_train_TSV_RDL_21_1783439117_50928, Design:TSV_RDL (Terminal Network), Normal completio[info] Project:temp_train_TSV_RDL_22_1783439358_41684, Design:TSV_RDL (Terminal Network), An interpolating frequency sweep with 1000 points has been started using HFSS - Solving Distributed. (12:09:28 AM  Jul 08, 2026)
[info] Project:temp_train_TSV_RDL_22_1783439358_41684, Design:TSV_RDL (Terminal Network), Interpolating frequency sweep complete. Converged. (12:09:28 AM  Jul 08, 2026)
[info] Project:temp_train_TSV_RDL_22_1783439358_41684, Design:TSV_RDL (Terminal Network), Normal completion of simulation on server: Local Machine. (12:09:28 AM  Jul 08, 2026)
[info] Project:temp_train_TSV_RDL_22_1783439358_41684, Design:TSV_RDL (Terminal Network), Touchstone export: Writing to "C:/ffzhzh/LocalFiles/Ansys_Project_Files/temp_train_TSV_RDL_22_1783439358_41684_SNP/temp_train_TSV_RDL_22_1783439358_41684.s2p" (12:09:29 AM  Jul 08, 2026)
Stopping Batch Run: 12:09:35 AM  Jul 08, 2026
roject:temp_train_TSV_RDL_23_1783439457_7600, Design:TSV_RDL (Terminal Network), Normal completion o[info] Project:temp_train_TSV_RDL_24_1783439537_28540, Design:TSV_RDL (Terminal Network), An interpolating frequency sweep with 1000 points has been started using HFSS - Solving Distributed. (12:28:50 AM  Jul 08, 2026)
[info] Project:temp_train_TSV_RDL_24_1783439537_28540, Design:TSV_RDL (Terminal Network), Interpolating frequency sweep complete. Converged. (12:28:50 AM  Jul 08, 2026)
[info] Project:temp_train_TSV_RDL_24_1783439537_28540, Design:TSV_RDL (Terminal Network), Normal completion of simulation on server: Local Machine. (12:28:50 AM  Jul 08, 2026)
[info] Project:temp_train_TSV_RDL_24_1783439537_28540, Design:TSV_RDL (Terminal Network), Touchstone export: Writing to "C:/ffzhzh/LocalFiles/Ansys_Project_Files/temp_train_TSV_RDL_24_1783439537_28540_SNP/temp_train_TSV_RDL_24_1783439537_28540.s2p" (12:28:51 AM  Jul 08, 2026)
Stopping Batch Run: 12:29:01 AM  Jul 08, 2026
 Project:temp_train_TSV_RDL_25_1783439816_34316, Design:TSV_RDL (Terminal Network), Normal completion of simulation on server: Local Machine. (12:06:54 AM  Jul 08, 2026)
[info] Project:temp_train_TSV_RDL_25_1783439816_34316, Design:TSV_RDL (Terminal Network), Touchstone export: Writing to "C:/ffzhzh/LocalFiles/Ansys_Project_Files/temp_train_TSV_RDL_25_1783439816_34316_SNP/temp_train_TSV_RDL_25_1783439816_34316.s2p" [info] Project:temp_train_TSV_RDL_26_1783439830_50928, Design:TSV_RDL (Terminal Network), An interpolating frequency sweep with 1000 points has been started using HFSS - Solving Distributed. (12:09:23 AM  Jul 08, 2026)
[info] Project:temp_train_TSV_RDL_26_1783439830_50928, Design:TSV_RDL (Terminal Network), Interpolating frequency sweep complete. Converged. (12:09:23 AM  Jul 08, 2026)
[info] Project:temp_train_TSV_RDL_26_1783439830_50928, Design:TSV_RDL (Terminal Network), Normal completion of simulation on server: Local Machine. (12:09:24 AM  Jul 08, 2026)
[info[info] Project:temp_train_TSV_RDL_27_1783440423_7600, Design:TSV_RDL (Terminal Network), An interpolating frequency sweep with 1000 points has been started using HFSS - Solving Distributed. (12:19:49 AM  Jul 08, 2026)
[info] Project:temp_train_TSV_RDL_27_1783440423_7600, Design:TSV_RDL (Terminal Network), Interpolating frequency sweep complete. Converged. (12:19:49 AM  Jul 08, 2026)
[info] Project:temp_train_TSV_RDL_27_1783440423_7600, Design:TSV_RDL (Terminal Network), Normal completion of simulation on server: Local Machine. (12:19:49 AM  Jul 08, 2026)
[info] Project:temp_train_TSV_RDL_27_1783440423_7600, Design:TSV_RDL (Terminal Network), Touchstone export: Writing to "C:/ffzhzh/LocalFiles/Ansys_Project_Files/temp_train_TSV_RDL_27_1783440423_7600_SNP/temp_train_TSV_RDL_27_1783440423_7600.s2p" (12:19:51 AM  Jul 08, 2026)
Stopping Batch Ru[info] Project:temp_train_TSV_RDL_29_1783440577_50928, Design:TSV_RDL (Terminal Network), An interpolating frequency sweep with 1000 points has been started using HFSS - Solving Distributed. (12:20:54 AM  Jul 08, 2026)
[info] Project:temp_train_TSV_RDL_29_1783440577_50928, Design:TSV_RDL (Terminal Network), Interpolating frequency sweep complete. Converged. (12:20:54 AM  Jul 08, 2026)
[info] Project:temp_train_TSV_RDL_29_1783440577_50928, Design:TSV_RDL (Terminal Network), Normal completion of simulation on server: Local Machine. (12:20:54 AM  Jul 08, 2026)
[info] Project:temp_train_TSV_RDL_29_1783440577_50928, Design:TSV_RDL (Terminal Network), Touchstone export: Writing to "C:/ffzhzh/LocalFiles/Ansys_Project_Files/temp_train_TSV_RDL_29_1783440577_50928_SNP/temp_train_TSV_RDL_29_1783440577_50928.s2p" (12:20:55 AM  Jul 08, 2026)
Stopping Batch Run: 12:21:05 AM  Jul 08, 2026
r[info] Project:temp_train_TSV_RDL_31_1783441013_34316, Design:TSV_RDL (Terminal Network), An interpolating frequency sweep with 1000 points has been started using HFSS - Solving Distributed. (12:26:02 AM  Jul 08, 2026)
[info] Project:temp_train_TSV_RDL_31_1783441013_34316, Design:TSV_RDL (Terminal Network), Interpolating frequency sweep complete. Converged. (12:26:02 AM  Jul 08, 2026)
[info] Project:temp_train_TSV_RDL_31_1783441013_34316, Design:TSV_RDL (Terminal Network), Normal completio[info] Project:temp_train_TSV_RDL_32_1783441203_7600, Design:TSV_RDL (Terminal Network), An interpolating frequency sweep with 1000 points has been started using HFSS - Solving Distributed. (12:34:06 AM  Jul 08, 2026)
[info] Project:temp_train_TSV_RDL_32_1783441203_7600, Design:TSV_RDL (Terminal Network), Interpolating frequency sweep complete. Converged. (12:34:06 AM  Jul 08, 2026)
[info] Project:temp_train_TSV_RDL_32_1783441203_7600, Design:TSV_RDL (Terminal Network), Normal completion of simulation on server: Local Machine. (12:34:07 AM  Jul 08, 2026)
[info] Project:temp_train_TSV_RDL_32_1783441203_7600, Design:TSV_RDL (Terminal Network), Touchstone export: Writing to "C:/ffzhzh/LocalFiles/Ansys_Project_Files/temp_train_TSV_RDL_32_1783441203_7600_SNP/temp_train_TSV_RDL_32_1783441203_7600.s2p" (12:34:08 AM  Jul 08, 2026)
Stopping Batch Run: 12:34:16 AM  Jul 08, 2026
[info] Project:temp_train_TSV_RDL_33_1783441255_41684, Design:TSV_RDL (Terminal Network), Normal completio[info] Project:temp_train_TSV_RDL_34_1783441268_50928, Design:TSV_RDL (Terminal Network), An interpolating frequency sweep with 1000 points has been started using HFSS - Solving Distributed. (12:57:46 AM  Jul 08, 2026)
[info] Project:temp_train_TSV_RDL_34_1783441268_50928, Design:TSV_RDL (Terminal Network), Interpolating frequency sweep complete. Converged. (12:57:46 AM  Jul 08, 2026)
[info] Project:temp_train_TSV_RDL_34_1783441268_50928, Design:TSV_RDL (Terminal Network), Normal completion of simulation on server: Local Machine. (12:57:46 AM  Jul 08, 2026)
[info] Project:temp_train_TSV_RDL_34_1783441268_50928, Design:TSV_RDL (Terminal Network), Touchstone export: Writing to "C:/ffzhzh/LocalFiles/Ansys_Project_Files/temp_train_TSV_RDL_34_1783441268_50928_SNP/temp_train_TSV_RDL_34_1783441268_50928.s2p" (12:57:47 AM  Jul 08, 2026)
Stopping Batch Run: 12:57:58 AM  Jul 08, 2026
 Project:temp_train_TSV_RDL_35_1783441574_34316, Design:TSV_RDL (Terminal Network), Normal completio[info] Project:temp_train_TSV_RDL_37_1783441745_28540, Design:TSV_RDL (Terminal Network), An interpolating frequency sweep with 1000 points has been started using HFSS - Solving Distributed. (12:59:04 AM  Jul 08, 2026)
[info] Project:temp_train_TSV_RDL_37_1783441745_28540, Design:TSV_RDL (Terminal Network), Interpolating frequency sweep complete. Converged. (12:59:04 AM  Jul 08, 2026)
[info] Project:temp_train_TSV_RDL_37_1783441745_28540, Design:TSV_RDL (Terminal Network), Normal completio[info] Project:temp_train_TSV_RDL_38_1783442060_7600, Design:TSV_RDL (Terminal Network), An interpolating frequency sweep with 1000 points has been started using HFSS - Solving Distributed. (01:01:05 AM  Jul 08, 2026)
[info] Project:temp_train_TSV_RDL_38_1783442060_7600, Design:TSV_RDL (Terminal Network), Interpolating frequency sweep complete. Converged. (01:01:05 AM  Jul 08, 2026)
[info] Project:temp_train_TSV_RDL_38_1783442060_7600, Design:TSV_RDL (Terminal Network), Normal completion of simulation on server: Local Machine. (01:01:05 AM  Jul 08, 2026)
[info] Project:temp_train_TSV_RDL_38_1783442060_7600, Design:TSV_RDL (Terminal Network), Touchstone export: Writing to "C:/ffzhzh/LocalFiles/Ansys_Project_Files/temp_train_TSV_RDL_38_1783442060_7600_SNP/temp_train_TSV_RDL_38_1783442060_7600.s2p" (01:01:06 AM  Jul 08, 2026)
Stopping Batch Run: 1:01:13 AM  Jul 08, 2026

[info] Project:temp_train_TSV_RDL_39_1783442261_34316, Design:TSV_RDL (Terminal Network), Normal completio[info] Project:temp_train_TSV_RDL_40_1783442484_41684, Design:TSV_RDL (Terminal Network), An interpolating frequency sweep with 1000 points has been started using HFSS - Solving Distributed. (12:57:49 AM  Jul 08, 2026)
[info] Project:temp_train_TSV_RDL_40_1783442484_41684, Design:TSV_RDL (Terminal Network), Interpolating frequency sweep complete. Converged. (12:57:49 AM  Jul 08, 2026)
[info] Project:temp_train_TSV_RDL_40_1783442484_41684, Design:TSV_RDL (Terminal Network), Normal completion of simulation on server: Local Machine. (12:57:50 AM  Jul 08, 2026)
[info] Project:temp_train_TSV_RDL_40_1783442484_41684, Design:TSV_RDL (Terminal Network), Touchstone export: Writing to "C:/ffzhzh/LocalFiles/Ansys_Project_Files/temp_train_TSV_RDL_40_1783442484_41684_SNP/temp_train_TSV_RDL_40_1783442484_41684.s2p" (12:57:51 AM  Jul 08, 2026)
Stopping Batch Run: 12:58:00 AM  Jul 08, 2026

[info] Project:temp_train_TSV_RDL_41_1783443012_34316, Design:TSV_RDL (Terminal Network), An interpolating frequency sweep with 1000 points has been started using HFSS - Solving Distributed. (01:25:02 AM  Jul 08, 2026)
[info] Project:temp_train_TSV_RDL_41_1783443012_34316, Design:TSV_RDL (Terminal Network), Interpolating frequency sweep complete. Converged. (01:25:02 AM  Jul 08, 2026)
[info] Project:temp_train_TSV_RDL_41_1783443012_34316, Design:TSV_RDL (Terminal Network), Normal completion of simulation on server: Local Machine. (01:25:03 AM  Jul 08, 2026)
[info] Project:temp_train_TSV_RDL_41_1783443012_34316, Design:TSV_RDL (Terminal Network), Touchstone export: Writing to "C:/ffzhzh/LocalFiles/Ansys_Project_Files/temp_train_TSV_RDL_41_1783443012_34316_SNP/temp_train_TSV_RDL_41_1783443012_34316.s2p" (01:25:04 AM  Jul 08, 2026)
Stopping Batch Run: 1:25:11 AM  Jul 08, 2026
o] Project:temp_train_TSV_RDL_42_1783443482_50928, Design:TSV_RDL (Terminal Network), Normal completion of simulation on server: Local Machine. (01:21:45 AM  Jul 08, 2026)
[info] Project:temp_train_TSV_RDL_42_1783443482_50928, Design:TSV_RDL (Terminal Network), Touchstone export: Writing to "C:/ffzhzh/LocalFiles/Ansys_Project_Files/temp_train_TSV_RDL_42_1783443482_50928_SNP/temp_train_TSV_RDL_42_1783443482_50928.s2p" (01:21:47 AM  Jul 08, 2026)
Stopping Batch Run: 1:21:55 AM  Jul 08, 2026
] Project:temp_train_TSV_RDL_44_1783443558_28540, Design:TSV_RDL (Terminal Network), Normal completi[info] Project:temp_train_TSV_RDL_45_1783443677_7600, Design:TSV_RDL (Terminal Network), An interpolating frequency sweep with 1000 points has been started using HFSS - Solving Distributed. (01:41:57 AM  Jul 08, 2026)
[info] Project:temp_train_TSV_RDL_45_1783443677_7600, Design:TSV_RDL (Terminal Network), Interpolating frequency sweep complete. Converged. (01:41:57 AM  Jul 08, 2026)
[info] Project:temp_train_TSV_RDL_45_1783443677_7600, Design:TSV_RDL (Terminal Network), Normal completion of simulation on server: Local Machine. (01:41:57 AM  Jul 08, 2026)
[info] Project:temp_train_TSV_RDL_45_1783443677_7600, Design:TSV_RDL (Terminal Network), Touchstone export: Writing to "C:/ffzhzh/LocalFiles/Ansys_Project_Files/temp_train_TSV_RDL_45_1783443677_7600_SNP/temp_train_TSV_RDL_45_1783443677_7600.s2p" (01:41:59 AM  Jul 08, 2026)
Stopping Batch Run: 1:42:07 AM  Jul 08, 2026
ed.

[info] Project:temp_train_TSV_RDL_46_1783444072_28540, Design:TSV_RDL (Terminal Network), An interpolating frequency sweep with 1000 points has been started using HFSS - Solving Distributed. (01:31:19 AM  Jul 08, 2026)
[info] Project:temp_train_TSV_RDL_46_1783444072_28540, Design:TSV_RDL (Terminal Network), Interpolating frequency sweep complete. Converged. (01:31:19 AM  Jul 08, 2026)
[info] Project:temp_train_TSV_RDL_46_1783444072_28540, Design:TSV_RDL (Terminal Network), Normal completion of simulation on server: Local Machine. (01:31:19 AM  Jul 08, 2026)
[info] Project:temp_train_TSV_RDL_46_1783444072_28540, Design:TSV_RDL (Terminal Network), Touchstone export: Writing to "C:/ffzhzh/LocalFiles/Ansys_Project_Files/temp_train_TSV_RDL_46_1783444072_28540_SNP/temp_train_TSV_RDL_46_1783444072_28540.s2p" (01:31:20 AM  Jul 08, 2026)
Stopping Batch Run: 1:31:31 AM  Jul 08, 2026
 Project:temp_train_TSV_RDL_47_1783444615_41684, Design:TSV_RDL (Terminal Network), Normal completio[info] Project:temp_train_TSV_RDL_48_1783444919_50928, Design:TSV_RDL (Terminal Network), An interpolating frequency sweep with 1000 points has been started using HFSS - Solving Distributed. (01:35:11 AM  Jul 08, 2026)
[info] Project:temp_train_TSV_RDL_48_1783444919_50928, Design:TSV_RDL (Terminal Network), Interpolating frequency sweep complete. Converged. (01:35:11 AM  Jul 08, 2026)
[info] Project:temp_train_TSV_RDL_48_1783444919_50928, Design:TSV_RDL (Terminal Network), Normal completio[info] Project:temp_train_TSV_RDL_49_1783445115_34316, Design:TSV_RDL (Terminal Network), An interpolating frequency sweep with 1000 points has been started using HFSS - Solving Distributed. (02:08:53 AM  Jul 08, 2026)
[info] Project:temp_train_TSV_RDL_49_1783445115_34316, Design:TSV_RDL (Terminal Network), Interpolating frequency sweep complete. Converged. (02:08:53 AM  Jul 08, 2026)
[info] Project:temp_train_TSV_RDL_49_1783445115_34316, Design:TSV_RDL (Terminal Network), Normal completion of simulation on server: Local Machine. (02:08:53 AM  Jul 08, 2026)
[info] Project:temp_train_TSV_RDL_49_1783445115_34316, Design:TSV_RDL (Terminal Network), Touchstone export: Writing to "C:/ffzhzh/LocalFiles/Ansys_Project_Files/temp_train_TSV_RDL_49_1783445115_34316_SNP/temp_train_TSV_RDL_49_1783445115_34316.s2p" (02:08:54 AM  Jul 08, 2026)
Stopping Batch Run: 2:09:04 AM  Jul 08, 2026
 Project:temp_train_TSV_RDL_50_1783445392_41684, Design:TSV_RDL (Terminal Network), Normal completi[info] Project:temp_train_TSV_RDL_51_1783445495_28540, Design:TSV_RDL (Terminal Network), An interpolating frequency sweep with 1000 points has been started using HFSS - Solving Distributed. (01:44:23 AM  Jul 08, 2026)
[info] Project:temp_train_TSV_RDL_51_1783445495_28540, Design:TSV_RDL (Terminal Network), Interpolating frequency sweep complete. Converged. (01:44:23 AM  Jul 08, 2026)
[info] Project:temp_train_TSV_RDL_51_1783445495_28540, Design:TSV_RDL (Terminal Network), Normal completio[info] Project:temp_train_TSV_RDL_52_1783445724_50928, Design:TSV_RDL (Terminal Network), An interpolating frequency sweep with 1000 points has been started using HFSS - Solving Distributed. (01:51:03 AM  Jul 08, 2026)
[info] Project:temp_train_TSV_RDL_52_1783445724_50928, Design:TSV_RDL (Terminal Network), Interpolating frequency sweep complete. Converged. (01:51:03 AM  Jul 08, 2026)
[info] Project:temp_train_TSV_RDL_52_1783445724_50928, Design:TSV_RDL (Terminal Network), Normal completio[info] Project:temp_train_TSV_RDL_53_1783446130_7600, Design:TSV_RDL (Terminal Network), An interpolating frequency sweep with 1000 points has been started using HFSS - Solving Distributed. (01:53:19 AM  Jul 08, 2026)
[info] Project:temp_train_TSV_RDL_53_1783446130_7600, Design:TSV_RDL (Terminal Network), Interpolating frequency sweep complete. Converged. (01:53:19 AM  Jul 08, 2026)
[info] Project:temp_train_TSV_RDL_53_1783446130_7600, Design:TSV_RDL (Terminal Network), Normal completion of simulation on server: Local Machine. (01:53:19 AM  Jul 08, 2026)
[info] Project:temp_train_TSV_RDL_53_1783446130_7600, Design:TSV_RDL (Terminal Network), Touchstone export: Writing to "C:/ffzhzh/LocalFiles/Ansys_Project_Files/temp_train_TSV_RDL_53_1783446130_7600_SNP/temp_train_TSV_RDL_53_1783446130_7600.s2p" (01:53:20 AM  Jul 08, 2026)
Stopping Batch Run: 1:53:28 AM  Jul 08, 2026
[info] Project:temp_train_TSV_RDL_54_1783446217_41684, Design:TSV_RDL (Terminal Network), Normal completio[info] Project:temp_train_TSV_RDL_55_1783446276_28540, Design:TSV_RDL (Terminal Network), An interpolating frequency sweep with 1000 points has been started using HFSS - Solving Distributed. (01:57:03 AM  Jul 08, 2026)
[info] Project:temp_train_TSV_RDL_55_1783446276_28540, Design:TSV_RDL (Terminal Network), Interpolating frequency sweep complete. Converged. (01:57:03 AM  Jul 08, 2026)
[info] Project:temp_train_TSV_RDL_55_1783446276_28540, Design:TSV_RDL (Terminal Network), Normal completi[info] Project:temp_train_TSV_RDL_56_1783446677_50928, Design:TSV_RDL (Terminal Network), An interpolating frequency sweep with 1000 points has been started using HFSS - Solving Distributed. (02:15:30 AM  Jul 08, 2026)
[info] Project:temp_train_TSV_RDL_56_1783446677_50928, Design:TSV_RDL (Terminal Network), Interpolating frequency sweep complete. Converged. (02:15:30 AM  Jul 08, 2026)
[info] Project:temp_train_TSV_RDL_56_1783446677_50928, Design:TSV_RDL (Terminal Network), Normal completion of simulation on server: Local Machine. (02:15:30 AM  Jul 08, 2026)
[info] Project:temp_train_TSV_RDL_56_1783446677_50928, Design:TSV_RDL (Terminal Network), Touchstone export: Writing to "C:/ffzhzh/LocalFiles/Ansys_Project_Files/temp_train_TSV_RDL_56_1783446677_50928_SNP/temp_train_TSV_RDL_56_1783446677_50928.s2p" (02:15:31 AM  Jul 08, 2026)
Stopping Batch Run: 2:15:40 AM  Jul 08, 2026
 Project:temp_train_TSV_RDL_57_1783446748_41684, Design:TSV_RDL (Terminal Network), Normal completio[info] Project:temp_train_TSV_RDL_58_1783446811_7600, Design:TSV_RDL (Terminal Network), An interpolating frequency sweep with 1000 points has been started using HFSS - Solving Distributed. (02:03:54 AM  Jul 08, 2026)
[info] Project:temp_train_TSV_RDL_58_1783446811_7600, Design:TSV_RDL (Terminal Network), Interpolating frequency sweep complete. Converged. (02:03:54 AM  Jul 08, 2026)
[info] Project:temp_train_TSV_RDL_58_1783446811_7600, Design:TSV_RDL (Terminal Network), Normal completion of simulation on server: Local Machine. (02:03:54 AM  Jul 08, 2026)
[info] Project:temp_train_TSV_RDL_58_1783446811_7600, Design:TSV_RDL (Terminal Network), Touchstone export: Writing to "C:/ffzhzh/LocalFiles/Ansys_Project_Files/temp_train_TSV_RDL_58_1783446811_7600_SNP/temp_train_TSV_RDL_58_1783446811_7600.s2p" (02:03:55 AM  Jul 08, 2026)
Stopping Batch Run: 2:04:04 AM  Jul 08, 2026
(Terminal Network), Solving frequencies ... (Nondomain solver), process hf3d: Port 2 supports an additional propagating and/or slowly decaying mode whose attenuation is   1.809e-01 and propagation constant is  -3.953e+02 (02:02:45 AM  Jul 08, 2026)
[info] Project:temp_train_TSV_RDL_59_1783447036_28540, Design:TSV_RDL (Terminal Network), An interpolating frequency sweep with 1000 points has been started using HFSS - Solving Distributed. (02:09:09 AM  Jul 08, 2026)
[info] Project:temp_train_TSV_RDL_59_1783447036_28540, Design:TSV_RDL (Terminal Network), Interpolating frequency sweep complete. Converged. (02:09:09 AM  Jul 08, 2026)
[info] Project:temp_train_TSV_RDL_59_1783447036_28540, Design:TSV_RDL (Terminal Network), Normal completi[info] Project:temp_train_TSV_RDL_60_1783447390_41684, Design:TSV_RDL (Terminal Network), An interpolating frequency sweep with 1000 points has been started using HFSS - Solving Distributed. (02:19:43 AM  Jul 08, 2026)
[info] Project:temp_train_TSV_RDL_60_1783447390_41684, Design:TSV_RDL (Terminal Network), Interpolating frequency sweep complete. Converged. (02:19:43 AM  Jul 08, 2026)
[info] Project:temp_train_TSV_RDL_60_1783447390_41684, Design:TSV_RDL (Terminal Network), Normal completion of simulation on server: Local Machine. (02:19:43 AM  Jul 08, 2026)
[info] Project:temp_train_TSV_RDL_60_1783447390_41684, Design:TSV_RDL (Terminal Network), Touchstone export: Writing to "C:/ffzhzh/LocalFiles/Ansys_Project_Files/temp_train_TSV_RDL_60_1783447390_41684_SNP/temp_train_TSV_RDL_60_1783447390_41684.s2p" (02:19:44 AM  Jul 08, 2026)
Stopping Batch Run: 2:19:51 AM  Jul 08, 2026
roject:temp_train_TSV_RDL_61_1783447448_7600, Design:TSV_RDL (Terminal Network), Normal completion o[info] Project:temp_train_TSV_RDL_62_1783447748_34316, Design:TSV_RDL (Terminal Network), An interpolating frequency sweep with 1000 points has been started using HFSS - Solving Distributed. (02:19:52 AM  Jul 08, 2026)
[info] Project:temp_train_TSV_RDL_62_1783447748_34316, Design:TSV_RDL (Terminal Network), Interpolating frequency sweep complete. Converged. (02:19:52 AM  Jul 08, 2026)
[info] Project:temp_train_TSV_RDL_62_1783447748_34316, Design:TSV_RDL (Terminal Network), Normal completion of simulation on server: Local Machine. (02:19:52 AM  Jul 08, 2026)
[info] Project:temp_train_TSV_RDL_62_1783447748_34316, Design:TSV_RDL (Terminal Network), Touchstone export: Writing to "C:/ffzhzh/LocalFiles/Ansys_Project_Files/temp_train_TSV_RDL_62_1783447748_34316_SNP/temp_train_TSV_RDL_62_1783447748_34316.s2p" (02:19:52 AM  Jul 08, 2026)
Stopping Batch Run: 2:20:00 AM  Jul 08, 2026
] Project:temp_train_TSV_RDL_63_1783447762_28540, Design:TSV_RDL (Terminal Network), Normal completi[info] Project:temp_train_TSV_RDL_64_1783448114_7600, Design:TSV_RDL (Terminal Network), An interpolating frequency sweep with 1000 points has been started using HFSS - Solving Distributed. (02:35:15 AM  Jul 08, 2026)
[info] Project:temp_train_TSV_RDL_64_1783448114_7600, Design:TSV_RDL (Terminal Network), Interpolating frequency sweep complete. Converged. (02:35:15 AM  Jul 08, 2026)
[info] Project:temp_train_TSV_RDL_64_1783448114_7600, Design:TSV_RDL (Terminal Network), Normal completion of simulation on server: Local Machine. (02:35:16 AM  Jul 08, 2026)
[info] Project:temp_train_TSV_RDL_64_1783448114_7600, Design:TSV_RDL (Terminal Network), Touchstone export: Writing to "C:/ffzhzh/LocalFiles/Ansys_Project_Files/temp_train_TSV_RDL_64_1783448114_7600_SNP/temp_train_TSV_RDL_64_1783448114_7600.s2p" (02:35:17 AM  Jul 08, 2026)
Stopping Batch Run: 2:35:27 AM  Jul 08, 2026

[info] Project:temp_train_TSV_RDL_65_1783448143_50928, Design:TSV_RDL (Terminal Network), Normal completion of simulation on server: Local Machine. (02:30:41 AM  Jul 08, 2026)
[info] Project:temp_train_TSV_RDL_65_1783448143_50928, Design:TSV_RDL (Terminal Network), Touchstone export: Writing to "C:/ffzhzh/LocalFiles/Ansys_Project_Files/temp_train_TSV_RDL_65_1783448143_50928_SNP/temp_train_TSV_RDL_65_1783448143_50928.s2p" (02:30:42 AM  Jul 08, 2026)
Stopping Batch Run: 2:30:51 AM  Jul 08, 2026
 Project:temp_train_TSV_RDL_66_1783448323_28540, Design:TSV_RDL (Terminal Network), Normal completi[info] Project:temp_train_TSV_RDL_67_1783448394_41684, Design:TSV_RDL (Terminal Network), An interpolating frequency sweep with 1000 points has been started using HFSS - Solving Distributed. (02:54:30 AM  Jul 08, 2026)
[info] Project:temp_train_TSV_RDL_67_1783448394_41684, Design:TSV_RDL (Terminal Network), Interpolating frequency sweep complete. Converged. (02:54:30 AM  Jul 08, 2026)
[info] Project:temp_train_TSV_RDL_67_1783448394_41684, Design:TSV_RDL (Terminal Network), Normal completion of simulation on server: Local Machine. (02:54:30 AM  Jul 08, 2026)
[info] Project:temp_train_TSV_RDL_67_1783448394_41684, Design:TSV_RDL (Terminal Network), Touchstone export: Writing to "C:/ffzhzh/LocalFiles/Ansys_Project_Files/temp_train_TSV_RDL_67_1783448394_41684_SNP/temp_train_TSV_RDL_67_1783448394_41684.s2p" (02:54:32 AM  Jul 08, 2026)
Stopping Batch Run: 2:54:39 AM  Jul 08, 2026
nal Network), An interpolating frequency sweep with 1000 points has been started using HFSS - Solving Distributed. (02:33:08 AM  Jul 08, 2026)
[info] Project:temp_train_TSV_RDL_68_1783448404_34316, Design:TSV_RDL (Terminal Network), Interpolating frequency sweep complete. Converged. (02:33:08 AM  Jul 08, 2026)
[info] Project:temp_train_TSV_RDL_68_1783448404_34316, Design:TSV_RDL (Terminal Network), Normal completi[info] Project:temp_train_TSV_RDL_69_1783449020_28540, Design:TSV_RDL (Terminal Network), An interpolating frequency sweep with 1000 points has been started using HFSS - Solving Distributed. (03:03:43 AM  Jul 08, 2026)
[info] Project:temp_train_TSV_RDL_69_1783449020_28540, Design:TSV_RDL (Terminal Network), Interpolating frequency sweep complete. Converged. (03:03:43 AM  Jul 08, 2026)
[info] Project:temp_train_TSV_RDL_69_1783449020_28540, Design:TSV_RDL (Terminal Network), Normal completion of simulation on server: Local Machine. (03:03:43 AM  Jul 08, 2026)
[info] Project:temp_train_TSV_RDL_69_1783449020_28540, Design:TSV_RDL (Terminal Network), Touchstone export: Writing to "C:/ffzhzh/LocalFiles/Ansys_Project_Files/temp_train_TSV_RDL_69_1783449020_28540_SNP/temp_train_TSV_RDL_69_1783449020_28540.s2p" (03:03:45 AM  Jul 08, 2026)
Stopping Batch Run: 3:03:54 AM  Jul 08, 2026
 Project:temp_train_TSV_RDL_70_1783449054_50928, Design:TSV_RDL (Terminal Network), Normal completi[info] Project:temp_train_TSV_RDL_71_1783449199_34316, Design:TSV_RDL (Terminal Network), An interpolating frequency sweep with 1000 points has been started using HFSS - Solving Distributed. (02:43:30 AM  Jul 08, 2026)
[info] Project:temp_train_TSV_RDL_71_1783449199_34316, Design:TSV_RDL (Terminal Network), Interpolating frequency sweep complete. Converged. (02:43:30 AM  Jul 08, 2026)
[info] Project:temp_train_TSV_RDL_71_1783449199_34316, Design:TSV_RDL (Terminal Network), Normal completi[info] Project:temp_train_TSV_RDL_72_1783449331_7600, Design:TSV_RDL (Terminal Network), An interpolating frequency sweep with 1000 points has been started using HFSS - Solving Distributed. (02:47:55 AM  Jul 08, 2026)
[info] Project:temp_train_TSV_RDL_72_1783449331_7600, Design:TSV_RDL (Terminal Network), Interpolating frequency sweep complete. Converged. (02:47:55 AM  Jul 08, 2026)
[info] Project:temp_train_TSV_RDL_72_1783449331_7600, Design:TSV_RDL (Terminal Network), Normal completion [info] Project:temp_train_TSV_RDL_73_1783449796_50928, Design:TSV_RDL (Terminal Network), An interpolating frequency sweep with 1000 points has been started using HFSS - Solving Distributed. (02:56:54 AM  Jul 08, 2026)
[info] Project:temp_train_TSV_RDL_73_1783449796_50928, Design:TSV_RDL (Terminal Network), Interpolating frequency sweep complete. Converged. (02:56:54 AM  Jul 08, 2026)
[info] Project:temp_train_TSV_RDL_73_1783449796_50928, Design:TSV_RDL (Terminal Network), Normal completi[info] Project:temp_train_TSV_RDL_74_1783449827_34316, Design:TSV_RDL (Terminal Network), An interpolating frequency sweep with 1000 points has been started using HFSS - Solving Distributed. (03:08:55 AM  Jul 08, 2026)
[info] Project:temp_train_TSV_RDL_74_1783449827_34316, Design:TSV_RDL (Terminal Network), Interpolating frequency sweep complete. Converged. (03:08:55 AM  Jul 08, 2026)
[info] Project:temp_train_TSV_RDL_74_1783449827_34316, Design:TSV_RDL (Terminal Network), Normal completion of simulation on server: Local Machine. (03:08:55 AM  Jul 08, 2026)
[info] Project:temp_train_TSV_RDL_74_1783449827_34316, Design:TSV_RDL (Terminal Network), Touchstone export: Writing to "C:/ffzhzh/LocalFiles/Ansys_Project_Files/temp_train_TSV_RDL_74_1783449827_34316_SNP/temp_train_TSV_RDL_74_1783449827_34316.s2p" (03:08:56 AM  Jul 08, 2026)
Stopping Batch Run: 3:09:05 AM  Jul 08, 2026
roject:temp_train_TSV_RDL_75_1783450086_7600, Design:TSV_RDL (Terminal Network), Normal completion [info] Project:temp_train_TSV_RDL_76_1783450484_41684, Design:TSV_RDL[info] Project:temp_train_TSV_RDL_75_1783450086_7600, Design:TSV_RDL (Terminal Network), Touchstone export: Writing to "C:/ffzhzh/LocalFiles/Ansys_Project_Files/temp_train_TSV_RDL_75_1783450086_7600_SNP/temp_train_TSV_RDL_75_1783450086_7600.s2p" (03:06:22 AM  Jul 08, 2026)
Stopping Batch Run: 3:06:29 AM  Jul 08, 2026
[info] Project:temp_train_TSV_RDL_76_1783450484_41684, Design:TSV_RDL (Terminal Network), Normal completio[info] Project:temp_train_TSV_RDL_77_1783450627_50928, Design:TSV_RDL (Terminal Network), An interpolating frequency sweep with 1000 points has been started using HFSS - Solving Distributed. (03:18:33 AM  Jul 08, 2026)
[info] Project:temp_train_TSV_RDL_77_1783450627_50928, Design:TSV_RDL (Terminal Network), Interpolating frequency sweep complete. Converged. (03:18:33 AM  Jul 08, 2026)
[info] Project:temp_train_TSV_RDL_77_1783450627_50928, Design:TSV_RDL (Terminal Network), Normal completion of simulation on server: Local Machine. (03:18:33 AM  Jul 08, 2026)
[info] Project:temp_train_TSV_RDL_77_1783450627_50928, Design:TSV_RDL (Terminal Network), Touchstone export: Writing to "C:/ffzhzh/LocalFiles/Ansys_Project_Files/temp_train_TSV_RDL_77_1783450627_50928_SNP/temp_train_TSV_RDL_77_1783450627_50928.s2p" (03:18:34 AM  Jul 08, 2026)
Stopping Batch Run: 3:18:40 AM  Jul 08, 2026
] Project:temp_train_TSV_RDL_78_1783451040_28540, Design:TSV_RDL (Terminal Network), Normal completion of simulation on server: Local Machine. (03:15:54 AM  Jul 08, 2026)
[info] Project:temp_train_TSV_RDL_78_1783451040_28540, Design:TSV_RDL (Terminal Network), Touchstone export: Writing to "C:/ffzhzh/LocalFiles/Ansys[info] Project:temp_train_TSV_RDL_80_1783451194_41684, Design:TSV_RDL (Terminal Network), An interpo[info] Project:temp_train_TSV_RDL_79_1783451193_7600, Design:TSV_RDL (Terminal Network), An interpolating frequency sweep with 1000 points has been started using HFSS - Solving Distributed. (03:18:07 AM  Jul 08, 2026)
[info] Project:temp_train_TSV_RDL_79_1783451193_7600, Design:TSV_RDL (Terminal Network), Interpolating frequency sweep complete. Converged. (03:18:07 AM  Jul 08, 2026)
[info] P[info] Project:temp_train_TSV_RDL_81_1783451347_34316, Design:TSV_RDL (Terminal Network), An interpolating frequency sweep with 1000 points has been started using HFSS - Solving Distributed. (03:25:22 AM  Jul 08, 2026)
[info] Project:temp_train_TSV_RDL_81_1783451347_34316, Design:TSV_RDL (Terminal Network), Interpolating frequency sweep complete. Converged. (03:25:22 AM  Jul 08, 2026)
[info] Project:temp_train_TSV_RDL_81_1783451347_34316, Design:TSV_RDL (Terminal Network), Normal completion of simulation on server: Local Machine. (03:25:22 AM  Jul 08, 2026)
[info] Project:temp_train_TSV_RDL_81_1783451347_34316, Design:TSV_RDL (Terminal Network), Touchstone export: Writing to "C:/ffzhzh/LocalFiles/Ansys_Project_Files/temp_train_TSV_RDL_81_1783451347_34316_SNP/temp_train_TSV_RDL_81_1783451347_34316.s2p"[info] Project:temp_train_TSV_RDL_82_1783451769_28540, Design:TSV_RDL (Terminal Network), An interpolating frequency sweep with 1000 points has been started using HFSS - Solving Distributed. (03:28:52 AM  Jul 08, 2026)
[info] Project:temp_train_TSV_RDL_82_1783451769_28540, Design:TSV_RDL (Terminal Network), Interpolating frequency sweep complete. Converged. (03:28:52 AM  Jul 08, 2026)
[info] Project:temp_train_TSV_RDL_82_1783451769_28540, Design:TSV_RDL (Terminal Network), Normal completion of simulation on server: Local Machine. (03:28:52 AM  Jul 08, 2026)
[info] Project:temp_train_TSV_RDL_82_1783451769_28540, Design:TSV_RDL (Terminal Network), Touchstone export: Writing to "C:/ffzhzh/LocalFiles/Ansys_Project_Files/temp_train_TSV_RDL_82_1783451769_28540_SNP/temp_train_TSV_RDL_82_1783451769_28540.s2p" (03:28:53 AM  Jul 08, 2026)
Stopping Batch Run: 3:29:01 AM  Jul 08, 2026
] Project:temp_train_TSV_RDL_83_1783451840_41684, Design:TSV_RDL (Terminal Network), Normal completi[info] Project:temp_train_TSV_RDL_84_1783451899_7600, Design:TSV_RDL (Terminal Network), An interpolating frequency sweep with 1000 points has been started using HFSS - Solving Distributed. (03:37:06 AM  Jul 08, 2026)
[info] Project:temp_train_TSV_RDL_84_1783451899_7600, Design:TSV_RDL (Terminal Network), Interpolating frequency sweep complete. Converged. (03:37:06 AM  Jul 08, 2026)
[info] Project:temp_train_TSV_RDL_84_1783451899_7600, Design:TSV_RDL (Terminal Network), Normal completion of simulation on server: Local Machine. (03:37:06 AM  Jul 08, 2026)
[info] Project:temp_train_TSV_RDL_84_1783451899_7600, Design:TSV_RDL (Terminal Network), Touchstone export:[info] Project:temp_train_TSV_RDL_86_1783452336_34316, Design:TSV_RDL (Terminal Network), An interpolating frequency sweep with 1000 points has been started using HFSS - Solving Distributed. (03:56:37 AM  Jul 08, 2026)
[info] Project:temp_train_TSV_RDL_86_1783452336_34316, Design:TSV_RDL (Terminal Network), Interpolating frequency sweep complete. Converged. (03:56:37 AM  Jul 08, 2026)
[info] Project:temp_train_TSV_RDL_86_1783452336_34316, Design:TSV_RDL (Terminal Network), Normal completion of simulation on server: Local Machine. (03:56:37 AM  Jul 08, 2026)
[info] Project:temp_train_TSV_RDL_86_1783452336_34316, Design:TSV_RDL (Terminal Network), Touchstone export: Writing to "C:/ffzhzh/LocalFiles/Ansys_Project_Files/temp_train_TSV_RDL_86_1783452336_34316_SNP/temp_train_TSV_RDL_86_1783452336_34316.s2p" (03:56:39 AM  Jul 08, 2026)
Stopping Batch Run: 3:56:49 AM  Jul 08, 2026

[info] Project:temp_train_TSV_RDL_87_1783452403_50928, Design:TSV_RDL (Terminal Network), Failed to delete temporary files on server 'localhost'. Found File mpiHostfile.txt. You may want to manually delete directory 'C:\ffzhzh\LocalFiles\Ansys_Temp\hfss_Feng_17652.pjt'. (04:27:29 AM  Jul 08, 2026)
[info] Project:temp_train_TSV_RDL_87_1783452403_50928, Design:TSV_RDL (Terminal Network), An interpolating frequency sweep with 1000 points has been started using HFSS - Solving Distributed. (04:27:29 AM  Jul 08, 2026)
[error] Project:temp_train_TSV_RDL_87_1783452403_50928, Design:TSV_RDL (Terminal Network), Simulation has stopped since solver is hanging (04:27:29 AM  Jul 08, 2026)
[warning] Project:temp_train_TSV_RDL_87_1783452403_50928, Design:TSV_RDL (Terminal Network), Interpolating frequency sweep did NOT converge. (04:27:29 AM  Jul 08, 2026)
[error] Project:temp_train_TSV_RDL_87_1783452403_50928, Design:TSV_RDL (Terminal Network), Sweep Sweep failed (04:27:29 AM  Jul 08, 2026)
[error] Project:temp_train_TSV_RDL_87_1783452403_50928, Design:TSV_RDL (Terminal Network), Simulation completed with execution error on server: Local Machine. (04:27:30 AM  Jul 08, 2026)
[error] Project:temp_train_TSV_RDL_87_1783452403_50928, Design:TSV_RDL (Terminal Network), Script macro error: Simulation for temp_train_TSV_RDL_87_1783452403_50928 : TSV_RDL has failed with execution error.  (04:27:30 AM  Jul 08, 2026)
Stopping Batch Run: 4:27:36 AM  Jul 08, 2026
rk), Touchstone export: Writing to "C:/ffzhzh/LocalFiles/Ansys_Project_Files/temp_train_TSV_RDL_88_1783452466_41684_SNP/temp_train_TSV_RDL_88_1783452466_41684.s2p" (03:45:18 AM  Jul 08, 2026)
Stopping Batch Run: 3:45:29 AM  Jul 08, 2026
 Project:temp_train_TSV_RDL_89_1783452544_28540, Design:TSV_RDL (Terminal Network), Normal completio[info] Project:temp_train_TSV_RDL_90_1783453042_7600, Design:TSV_RDL (Terminal Network), An interpolating frequency sweep with 1000 points has been started using HFSS - Solving Distributed. (03:54:58 AM  Jul 08, 2026)
[info] Project:temp_train_TSV_RDL_90_1783453042_7600, Design:TSV_RDL (Terminal Network), Interpolating frequency sweep complete. Converged. (03:54:58 AM  Jul 08, 2026)
[info] Project:temp_train_TSV_RDL_90_1783453042_7600, Design:TSV_RDL (Terminal Network), Normal completion of simulation on server: Local Machine. (03:54:59 AM  Jul 08, 2026)
[info] Project:temp_train_TSV_RDL_90_1783453042_7600, Design:TSV_RDL (Terminal Network), Touchstone export: Writing to "C:/ffzhzh/LocalFiles/Ansys_Project_Files/temp_train_TSV_RDL_90_1783453042_7600_SNP/temp_train_TSV_RDL_90_1783453042_7600.s2p" (03:55:00 AM  Jul 08, 2026)
Stopping Batch Run: 3:55:09 AM  Jul 08, 2026
ed.

[info] Project:temp_train_TSV_RDL_91_1783453342_28540, Design:TSV_RDL (Terminal Network), An interpolating frequency sweep with 1000 points has been started using HFSS - Solving Distributed. (03:56:03 AM  Jul 08, 2026)
[info] Project:temp_train_TSV_RDL_91_1783453342_28540, Design:TSV_RDL (Terminal Network), Interpolating frequency sweep complete. Converged. (03:56:03 AM  Jul 08, 2026)
[info] Project:temp_train_TSV_RDL_91_1783453342_28540, Design:TSV_RDL (Terminal Network), Normal completi[info] Project:temp_train_TSV_RDL_92_1783453532_41684, Design:TSV_RDL (Terminal Network), An interpolating frequency sweep with 1000 points has been started using HFSS - Solving Distributed. (03:56:59 AM  Jul 08, 2026)
[info] Project:temp_train_TSV_RDL_92_1783453532_41684, Design:TSV_RDL (Terminal Network), Interpolating frequency sweep complete. Converged. (03:56:59 AM  Jul 08, 2026)
[info] Project:temp_train_TSV_RDL_92_1783453532_41684, Design:TSV_RDL (Terminal Network), Normal completi[info] Project:temp_train_TSV_RDL_93_1783454112_7600, Design:TSV_RDL (Terminal Network), An interpolating frequency sweep with 1000 points has been started using HFSS - Solving Distributed. (04:18:27 AM  Jul 08, 2026)
[info] Project:temp_train_TSV_RDL_93_1783454112_7600, Design:TSV_RDL (Terminal Network), Interpolating frequency sweep complete. Converged. (04:18:27 AM  Jul 08, 2026)
[info] Project:temp_train_TSV_RDL_93_1783454112_7600, Design:TSV_RDL (Terminal Network), Normal completion of simulation on server: Local Machine. (04:18:27 AM  Jul 08, 2026)
[info] Project:temp_train_TSV_RDL_93_1783454112_7600, Design:TSV_RDL (Terminal Network), Touchstone export: Writing to "C:/ffzhzh/LocalFiles/Ansys_Project_Files/temp_train_TSV_RDL_93_1783454112_7600_SNP/temp_train_TSV_RDL_93_1783454112_7600.s2p" (04:18:28 AM  Jul 08, 2026)
Stopping Batch Run: 4:18:36 AM  Jul 08, 2026
[info] Project:temp_train_TSV_RDL_94_1783454177_28540, Design:TSV_RDL (Terminal Network), Normal completio[info] Project:temp_train_TSV_RDL_95_1783454212_34316, Design:TSV_RDL (Terminal Network), An interpolating frequency sweep with 1000 points has been started using HFSS - Solving Distributed. (04:10:39 AM  Jul 08, 2026)
[info] Project:temp_train_TSV_RDL_95_1783454212_34316, Design:TSV_RDL (Terminal Network), Interpolating frequency sweep complete. Converged. (04:10:39 AM  Jul 08, 2026)
[info] Project:temp_train_TSV_RDL_95_1783454212_34316, Design:TSV_RDL (Terminal Network), Normal completi[info] Project:temp_train_TSV_RDL_96_1783454233_41684, Design:TSV_RDL (Terminal Network), An interpolating frequency sweep with 1000 points has been started using HFSS - Solving Distributed. (04:34:47 AM  Jul 08, 2026)
[info] Project:temp_train_TSV_RDL_96_1783454233_41684, Design:TSV_RDL (Terminal Network), Interpolating frequency sweep complete. Converged. (04:34:47 AM  Jul 08, 2026)
[info] Project:temp_train_TSV_RDL_96_1783454233_41684, Design:TSV_RDL (Terminal Network), Normal completion of simulation on server: Local Machine. (04:34:47 AM  Jul 08, 2026)
[info] Project:temp_train_TSV_RDL_96_1783454233_41684, Design:TSV_RDL (Terminal Network), Touchstone export: Writing to "C:/ffzhzh/LocalFiles/Ansys_Project_Files/temp_train_TSV_RDL_96_1783454233_41684_SNP/temp_train_TSV_RDL_96_1783454233_41684.s2p" (04:34:49 AM  Jul 08, 2026)
Stopping Batch Run: 4:34:58 AM  Jul 08, 2026
] Project:temp_train_TSV_RDL_97_1783454744_28540, Design:TSV_RDL (Terminal Network), Normal completio[info] Project:temp_train_TSV_RDL_98_1783455054_34316, Design:TSV_RDL (Terminal Network), An interpolating frequency sweep with 1000 points has been started using HFSS - Solving Distributed. (04:20:18 AM  Jul 08, 2026)
[info] Project:temp_train_TSV_RDL_98_1783455054_34316, Design:TSV_RDL (Terminal Network), Interpolating frequency sweep complete. Converged. (04:20:18 AM  Jul 08, 2026)
[info] Project:temp_train_TSV_RDL_98_1783455054_34316, Design:TSV_RDL (Terminal Network), Normal completion of simulation on server: Local Machine. (04:20:18 AM  Jul 08, 2026)
[info] Project:temp_train_TSV_RDL_98_1783455054_34316, Design:TSV_RDL (Terminal Network), Touchstone export: Writing to "C:/ffzhzh/LocalFiles/Ansys_Project_Files/temp_train_TSV_RDL_98_1783455054_34316_SNP/temp_train_TSV_RDL_98_1783455054_34316.s2p" (04:20:19 AM  Jul 08, 2026)
Stopping Batch Run: 4:20:26 AM  Jul 08, 2026
[info] Project:temp_train_TSV_RDL_99_1783455414_28540, Design:TSV_RDL (Terminal Network), An interpolating frequency sweep with 1000 points has been started using HFSS - Solving Distributed. (04:27:48 AM  Jul 08, 2026)
[info] Project:temp_train_TSV_RDL_99_1783455414_28540, Design:TSV_RDL (Terminal Network), Interpolating frequency sweep complete. Converged. (04:27:48 AM  Jul 08, 2026)
[info] Project:temp_train_TSV_RDL_99_1783455414_28540, Design:TSV_RDL (Terminal Network), Normal completion of simulation on server: Local Machine. (04:27:48 AM  Jul 08, 2026)
[info] Project:temp_train_TSV_RDL_99_1783455414_28540, Design:TSV_RDL (Terminal Network), Touchstone export: Writing to "C:/ffzhzh/LocalFiles/Ansys_Project_Files/temp_train_TSV_RDL_99_1783455414_28540_SNP/temp_train_TSV_RDL_99_1783455414_28540.s2p" [info] Project:temp_train_TSV_RDL_100_1783455519_7600, Design:TSV_RDL (Terminal Network), An interpolating frequency sweep with 1000 points has been started using HFSS - Solvin[info] Project:temp_train_TSV_RDL_101_1783455628_34316, Design:TSV_RDL (Terminal Network), An interpolating frequency sweep with 1000 points has been started using HFSS - Solving Distributed. (04:28:36 AM  Jul 08, 2026)
[info] Project:temp_train_TSV_RDL_101_1783455628_34316, Design:TSV_RDL (Terminal Network), Interpolating frequency sweep complete. Converged. (04:28:36 AM  Jul 08, 2026)
[info] Project:temp_train_TSV_RDL_101_1783455628_34316, Design:TSV_RDL (Terminal Network), Normal compl[info] Project:temp_train_TSV_RDL_102_1783456060_50928, Design:TSV_RDL (Terminal Network), An interpolating frequency sweep with 1000 points has been started using HFSS - Solving Distributed. (04:49:39 AM  Jul 08, 2026)
[info] Project:temp_train_TSV_RDL_102_1783456060_50928, Design:TSV_RDL (Terminal Network), Interpolating frequency sweep complete. Converged. (04:49:39 AM  Jul 08, 2026)
[info] Project:temp_train_TSV_RDL_102_1783456060_50928, Design:TSV_RDL (Terminal Network), Normal completion of simulation on server: Local Machine. (04:49:39 AM  Jul 08, 2026)
[info] Project:temp_train_TSV_RDL_102_1783456060_50928, Design:TSV_RDL (Terminal Network), Touchstone export: Writing to "C:/ffzhzh/LocalFiles/Ansys_Project_Files/temp_train_TSV_RDL_102_1783456060_50928_SNP/temp_train_TSV_RDL_102_1783456060_50928.s2p" (04:49:40 AM  Jul 08, 2026)
Stopping Batch Run: 4:49:48 AM  Jul 08, 2026
ject:temp_train_TSV_RDL_103_1783456079_28540, Design:TSV_RDL (Terminal Network), Normal compl[info] Project:temp_train_TSV_RDL_104_1783456087_7600, Design:TSV_RDL (Terminal Network), An interpolating frequency sweep with 1000 points has been started using HFSS - Solving Distributed. (04:44:27 AM  Jul 08, 2026)
[info] Project:temp_train_TSV_RDL_104_1783456087_7600, Design:TSV_RDL (Terminal Network), Interpolating frequency sweep complete. Converged. (04:44:27 AM  Jul 08, 2026)
[info] Project:temp_train_TSV_RDL_104_1783456087_7600, Design:TSV_RDL (Terminal Network), Normal completion of simulation on server: Local Machine. (04:44:27 AM  Jul 08, 2026)
[info] Project:temp_train_TSV_RDL_104_1783456087_7600, Design:TSV_RDL (Terminal Network), Touchstone export: Writing to "C:/ffzhzh/LocalFiles/Ansys_Project_Files/temp_train_TSV_RDL_104_1783456087_7600_SNP/temp_train_TSV_RDL_104_1783456087_7600.s2p" (04:44:28 AM  Jul 08, 2026)
Stopping Batch Run: 4:44:29 AM  Jul 08, 2026
fo] Project:temp_train_TSV_RDL_105_1783456130_34316, Design:TSV_RDL (Terminal Network), Normal completion of simulation on server: Local Machine. (04:44:20 AM  Jul 08, 2026)
[info] Project:temp_train_TSV_RDL_105_1783456130_34316, Design:TSV_RDL (Terminal Network), Touchstone export: Writing to "C:/ffzhzh/LocalFiles/Ansys_Project_Files/temp_train_TSV_RDL_105_1783456130_34316_SNP/temp_train_TSV_RDL_105_1783456130_34316.s2p" (04:44:22 AM  Jul 08, 2026)
Stopping Batch Run: 4:44:28 AM  Jul 08, 2026
Network), Solving frequencies ... (Nondomain solver), process hf3d: Port 2 supports an additio[info] Project:temp_train_TSV_RDL_107_1783456530_28540, Design:TSV_RDL (Terminal Network), An interpolating frequency sweep with 1000 points has been started using HFSS - Solving Distributed. (04:48:45 AM  Jul 08, 2026)
[info] Project:temp_train_TSV_RDL_107_1783456530_28540, Design:TSV_RDL (Terminal Network), Interpolating frequency sweep complete. Converged. (04:48:45 AM  Jul 08, 2026)
[info] Project:temp_train_TSV_RDL_107_1783456530_28540, Design:TSV_RDL (Terminal Network), Normal completion of simulation on server: Local Machine. (04:48:45 AM  Jul 08, 2026)
[info] Project:temp_train_TSV_RDL_107_1783456530_28540, Design:TSV_RDL ([info] Project:temp_train_TSV_RDL_108_1783457072_34316, Design:TSV_RDL (Terminal Network), An interpolating frequency sweep with 1000 points has been started using HFSS - Solving Distributed. (04:54:53 AM  Jul 08, 2026)[info] Project:temp_train_TSV_RDL_109_1783457072_7600, Design:TSV_RDL (Terminal Network), An interpolating frequency sweep with 1000 points has been started using HFSS - Solving Distributed. (05:20:21 AM  Jul 08, 2026)
[info] Project:temp_train_TSV_RDL_109_1783457072_7600, Design:TSV_RDL (Terminal Network), Interpolating frequency sweep complete. Converged. (05:20:21 AM  Jul 08, 2026)
[info] Project:temp_train_TSV_RDL_109_1783457072_7600, Design:TSV_RDL (Terminal Network), Normal completion of simulation on server: Local Machine. (05:20:21 AM  Jul 08, 2026)
[info] Project:temp_train_TSV_RDL_109_1783457072_7600, Design:TSV_RDL (Terminal Network), Touchstone export: Writing to "C:/ffzhzh/LocalFiles/Ansys_Project_Files/temp_train_TSV_RDL_109_1783457072_7600_SNP/temp_train_TSV_RDL_109_1783457072_7600.s2p" (05:20:22 AM  Jul 08, 2026)
Stopping Batch Run: 5:20:23 AM  Jul 08, 2026
 2026)
[info] Project:temp_train_TSV_RDL_110_1783457197_41684, Design:TSV_RDL (Terminal Network), Interpolating frequency sweep complete. Converged. (04:57:34 AM  Jul 08, 2026)
[info] Project:temp_train_TSV_RDL_110_1783457197_41684, Design:TSV_RDL (Terminal Network), Normal compl[info] Project:temp_train_TSV_RDL_111_1783457336_28540, Design:TSV_RDL (Terminal Network), An interpolating frequency sweep with 1000 points has been started using HFSS - Solving Distributed. (04:58:07 AM  Jul 08, 2026)
[info] Project:temp_train_TSV_RDL_111_1783457336_28540, Design:TSV_RDL (Terminal Network), Interpolating frequency sweep complete. Converged. (04:58:07 AM  Jul 08, 2026)
[info] Project:temp_train_TSV_RDL_111_1783457336_28540, Design:TSV_RDL (Terminal Network), Normal completion of simulation on server: Local Machine. (04:58:07 AM  Jul 08, 2026)
[info] Project:temp_train_TSV_RDL_111_1783457336_28540, Design:TSV_RDL (Terminal Network), Touchstone export: Writing to "C:/ffzhzh/LocalFiles/Ansys_Project_Files/temp_train_TSV_RDL_111_1783457336_28540_SNP/temp_train_TSV_RDL_111_1783457336_28540[info] Project:temp_train_TSV_RDL_112_1783457391_50928, Design:TSV_RDL (Terminal Network), An interpolating frequency sweep with 1000 points has been started using HFSS - Solv[info] Project:temp_train_TSV_RDL_113_1783457708_34316, Design:TSV_RDL (Terminal Network), An interpolating frequency sweep with 1000 points has been started using HFSS - Solving Distributed. (05:03:43 AM  Jul 08, 2026)
[info] Project:temp_train_TSV_RDL_113_1783457708_34316, Design:TSV_RDL (Terminal Network), Interpolating frequency sweep complete. Converged. (05:03:43 AM  Jul 08, 2026)
[info] Project:temp_train_TSV_RDL_113_1783457708_34316, Design:TSV_RDL (Terminal Network), Normal completion of simulation on server: Local Machine. (05:03:43 AM  Jul 08, 2026)
[info] Project:temp_train_TSV_RDL_113_1783457708_34316, Design:TSV_RDL (Terminal Network), Touchstone export: Writing to "C:/ffzhzh/LocalFiles/Ansys_Project_Files/temp_train_TSV_RDL_113_1783457708_34316_SNP/temp_train_TSV_RDL_113_1783457708_34316[info] Project:temp_train_TSV_RDL_114_1783457869_41684, Design:TSV_RDL (Terminal Network), An interpolating frequency sweep with 1000 points has been started using HFSS - Sol[info] Project:temp_train_TSV_RDL_115_1783457898_28540, Design:TSV_RDL (Terminal Network), An interpolating frequency sweep with 1000 points has been started using HFSS - Solving Distributed. (05:11:37 AM  Jul 08, 2026)
[info] Project:temp_train_TSV_RDL_115_1783457898_28540, Design:TSV_RDL (Terminal Network), Interpolating frequency sweep complete. Converged. (05:11:37 AM  Jul 08, 2026)
[info] Project:temp_train_TSV_RDL_115_1783457898_28540, Design:TSV_RDL (Terminal Network), Normal compl[info] Project:temp_train_TSV_RDL_116_1783458218_50928, Design:TSV_RDL (Terminal Network), An interpolating frequency sweep with 1000 points has been started using HFSS - Solving Distributed. (05:14:01 AM  Jul 08, 2026)
[info] Project:temp_train_TSV_RDL_116_1783458218_50928, Design:TSV_RDL (Terminal Network), Interpolating frequency sweep complete. Converged. (05:14:01 AM  Jul 08, 2026)
[info] Project:temp_train_TSV_RDL_116_1783458218_50928, Design:TSV_RDL (Terminal Network), Normal compl[info] Project:temp_train_TSV_RDL_117_1783458234_34316, Design:TSV_RDL (Terminal Network), An interpolating frequency sweep with 1000 points has been started using HFSS - Solving Distributed. (05:14:35 AM  Jul 08, 2026)
[info] Project:temp_train_TSV_RDL_117_1783458234_34316, Design:TSV_RDL (Terminal Network), Interpolating frequency sweep complete. Converged. (05:14:35 AM  Jul 08, 2026)
[info] Project:temp_train_TSV_RDL_117_1783458234_34316, Design:TSV_RDL (Terminal Network), Normal compl[info] Project:temp_train_TSV_RDL_118_1783458586_41684, Design:TSV_RDL (Terminal Network), An interpolating frequency sweep with 1000 points has been started using HFSS - Solving Distributed. (05:20:13 AM  Jul 08, 2026)
[info] Project:temp_train_TSV_RDL_118_1783458586_41684, Design:TSV_RDL (Terminal Network), Interpolating frequency sweep complete. Converged. (05:20:13 AM  Jul 08, 2026)
[info] Project:temp_train_TSV_RDL_118_1783458586_41684, Design:TSV_RDL (Terminal Network), Normal comple[info] Project:temp_train_TSV_RDL_119_1783458708_28540, Design:TSV_RDL (Terminal Network), An interpolating frequency sweep with 1000 points has been started using HFSS - Solving Distributed. (05:27:41 AM  Jul 08, 2026)
[info] Project:temp_train_TSV_RDL_119_1783458708_28540, Design:TSV_RDL (Terminal Network), Interpolating frequency sweep complete. Converged. (05:27:41 AM  Jul 08, 2026)
[info] Project:temp_train_TSV_RDL_119_1783458708_28540, Design:TSV_RDL (Terminal Network), Normal compl[info] Project:temp_train_TSV_RDL_120_1783458855_50928, Design:TSV_RDL (Terminal Network), An interpolating frequency sweep with 1000 points has been started using HFSS - Solving Distributed. (05:40:46 AM  Jul 08, 2026)
[info] Project:temp_train_TSV_RDL_120_1783458855_50928, Design:TSV_RDL (Terminal Network), Interpolating frequency sweep complete. Converged. (05:40:46 AM  Jul 08, 2026)
[info] Project:temp_train_TSV_RDL_120_1783458855_50928, Design:TSV_RDL (Terminal Network), Normal completion of simulation on server: Local Machine. (05:40:46 AM  Jul 08, 2026)
[info] Project:temp_train_TSV_RDL_120_1783458855_50928, Design:TSV_RDL (Terminal Network), Touchstone export: Writing to "C:/ffzhzh/LocalFiles/Ansys_Project_Files/temp_train_TSV_RDL_120_1783458855_50928_SNP/temp_train_TSV_RDL_120_1783458855_50928.s2p" (05:40:47 AM  Jul 08, 2026)
Stopping Batch Run: 5:40:57 AM  Jul 08, 2026
oject:temp_train_TSV_RDL_121_1783458889_34316, Design:TSV_RDL (Terminal Network), Normal compl[info] Project:temp_train_TSV_RDL_122_1783459226_41684, Design:TSV_RDL (Terminal Network), An interpolating frequency sweep with 1000 points has been started using HFSS - Solving Distributed. (05:37:18 AM  Jul 08, 2026)
[info] Project:temp_train_TSV_RDL_122_1783459226_41684, Design:TSV_RDL (Terminal Network), Interpolating frequency sweep complete. Converged. (05:37:18 AM  Jul 08, 2026)
[info] Project:temp_train_TSV_RDL_122_1783459226_41684, Design:TSV_RDL (Terminal Network), Normal completion of simulation on server: Local Machine. (05:37:19 AM  Jul 08, 2026)
[info] Project:temp_train_TSV_RDL_122_1783459226_41684, Design:TSV_RDL (Terminal Network), Touchstone export: Writing to "C:/ffzhzh/LocalFiles/Ansys_Project_Files/temp_train_TSV_RDL_122_1783459226_41684_SNP/temp_train_TSV_RDL_122_1783459226_41684.s2p" (05:37:20 AM  Jul 08, 2026)
Stopping Batch Run: 5:37:28 AM  Jul 08, 2026
[info] Project:temp_train_TSV_RDL_124_1783459393_34316, Design:TSV_RDL (Terminal Network), An interpolating frequency sweep with 1000 points has been started using HFSS - Solving Distributed. (05:34:21 AM  Jul 08, 2026)
[info] Project:temp_train_TSV_RDL_124_1783459393_34316, Design:TSV_RDL (Terminal Network), Interpolating frequency sweep complete. Converged. (05:34:21 AM  Jul 08, 2026)
[info] Project:temp_train_TSV_RDL_124_1783459393_34316, Design:TSV_RDL (Terminal Network), Normal compl[info] Project:temp_train_TSV_RDL_125_1783459676_28540, Design:TSV_RDL (Terminal Network), An interpolating frequency sweep with 1000 points has been started using HFSS - Solving Distributed. (05:42:07 AM  Jul 08, 2026)
[info] Project:temp_train_TSV_RDL_125_1783459676_28540, Design:TSV_RDL (Terminal Network), Interpolating frequency sweep complete. Converged. (05:42:07 AM  Jul 08, 2026)
[info] Project:temp_train_TSV_RDL_125_1783459676_28540, Design:TSV_RDL (Terminal Network), Normal compl[info] Project:temp_train_TSV_RDL_126_1783459966_7600, Design:TSV_RDL (Terminal Network), An interpolating frequency sweep with 1000 points has been started using HFSS - Solving Distributed. (05:43:51 AM  Jul 08, 2026)
[info] Project:temp_train_TSV_RDL_126_1783459966_7600, Design:TSV_RDL (Terminal Network), Interpolating frequency sweep complete. Converged. (05:43:51 AM  Jul 08, 2026)
[info] Project:temp_train_TSV_RDL_126_1783459966_7600, Design:TSV_RDL (Terminal Network), Normal completio[info] Project:temp_train_TSV_RDL_127_1783460075_34316, Design:TSV_RDL (Terminal Network), An interpolating frequency sweep with 1000 points has been started using HFSS - Solving Distributed. (05:45:17 AM  Jul 08, 2026)
[info] Project:temp_train_TSV_RDL_127_1783460075_34316, Design:TSV_RDL (Terminal Network), Interpolating frequency sweep complete. Converged. (05:45:17 AM  Jul 08, 2026)
[info] Project:temp_train_TSV_RDL_127_1783460075_34316, Design:TSV_RDL (Terminal Network), Normal comple[info] Project:temp_train_TSV_RDL_128_1783460252_41684, Design:TSV_RDL (Terminal Network), An interpolating frequency sweep with 1000 points has been started using HFSS - Solving Distributed. (06:06:01 AM  Jul 08, 2026)
[info] Project:temp_train_TSV_RDL_128_1783460252_41684, Design:TSV_RDL (Terminal Network), Interpolating frequency sweep complete. Converged. (06:06:01 AM  Jul 08, 2026)
[info] Project:temp_train_TSV_RDL_128_1783460252_41684, Design:TSV_RDL (Terminal Network), Normal completion of simulation on server: Local Machine. (06:06:01 AM  Jul 08, 2026)
[info] Project:temp_train_TSV_RDL_128_1783460252_41684, Design:TSV_RDL (Terminal Network), Touchstone export: Writing to "C:/ffzhzh/LocalFiles/Ansys_Project_Files/temp_train_TSV_RDL_128_1783460252_41684_SNP/temp_train_TSV_RDL_128_1783460252_41684.s2p" (06:06:02 AM  Jul 08, 2026)
Stopping Batch Run: 6:06:10 AM  Jul 08, 2026
oject:temp_train_TSV_RDL_129_1783460462_50928, Design:TSV_RDL (Terminal Network), Normal completion of simulation on server: Local Machine. (06:04:29 AM  Jul 08, 2026)
[info] Project:temp_train_TSV_RDL_129_1783460462_50928, Design:TSV_RDL (Terminal Network), Touchstone export: Writing to "C:/ffzhzh/LocalFiles/Ansys_Project_Files/temp_train_TSV_RDL_129_1783460462_50928_SNP/temp_train_TSV_RDL_129_1783460462_50928.s2p" (06:04:31 AM  Jul 08, 2026)
Stopping Batch Run: 6:04:39 AM  Jul 08, 2026
ject:temp_train_TSV_RDL_130_1783460532_28540, Design:TSV_RDL (Terminal Network), Normal compl[info] Project:temp_train_TSV_RDL_131_1783460636_7600, Design:TSV_RDL (Terminal Network), An interpolating frequency sweep with 1000 points has been started using HFSS - Solving Distributed. (05:53:59 AM  Jul 08, 2026)
[info] Project:temp_train_TSV_RDL_131_1783460636_7600, Design:TSV_RDL (Terminal Network), Interpolating frequency sweep complete. Converged. (05:53:59 AM  Jul 08, 2026)
[info] Project:temp_train_TSV_RDL_131_1783460636_7600, Design:TSV_RDL (Terminal Network), Normal completion of simulation on server: Local Machine. (05:53:59 AM  Jul 08, 2026)
[info] Project:temp_train_TSV_RDL_131_1783460636_7600, Design:TSV_RDL (Terminal Network), Touchstone export: Writing to "C:/ffzhzh/LocalFiles/Ansys_Project_Files/temp_train_TSV_RDL_131_1783460636_7600_SNP/temp_train_TSV_RDL_131_1783460636_7600.s2p" (05:54:01 AM  Jul 08, 2026)
Stopping Batch Run: 5:54:02 AM  Jul 08, 2026
97 of local host. Only connections from the local host initiated by the same user are permitted.

[info] Project:temp_train_TSV_RDL_133_1783461218_28540, Design:TSV_RDL (Terminal Network), An interpolating frequency sweep with 1000 points has been started using HFSS - Solving Distributed. (06:09:47 AM  Jul 08, 2026)
[info] Project:temp_train_TSV_RDL_133_1783461218_28540, Design:TSV_RDL (Terminal Network), Interpolating frequency sweep complete. Converged. (06:09:47 AM  Jul 08, 2026)
[info] Project:temp_train_TSV_RDL_133_1783461218_28540, Design:TSV_RDL (Terminal Network), Normal completion of simulation on server: Local Machine. (06:09:48 AM  Jul 08, 2026)
[info] Project:temp_train_TSV_RDL_133_1783461218_28540, Design:TSV_RDL (Terminal Network), Touchstone export: Writing to "C:/ffzhzh/LocalFiles/Ansys_Project_Files/temp_train_TSV_RDL_133_1783461218_28540_SNP/temp_train_TSV_RDL_133_1783461218_28540.s2p" (06:09:49 AM  Jul 08, 2026)
Stopping Batch Run: 6:09:55 AM  Jul 08, 2026
[info] Project:temp_train_TSV_RDL_134_1783461236_34316, Design:TSV_RDL (Terminal Network), An interpolating frequency sweep with 1000 points has been started using HFSS - Solving Distributed. (06:04:54 AM  Jul 08, 2026)
[info] Project:temp_train_TSV_RDL_134_1783461236_34316, Design:TSV_RDL (Terminal Network), Interpolating frequency sweep complete. Converged. (06:04:54 AM  Jul 08, 2026)
[info] Project:temp_train_TSV_RDL_134_1783461236_34316, Design:TSV_RDL (Terminal Network), Normal compl[info] Project:temp_train_TSV_RDL_135_1783461245_7600, Design:TSV_RDL (Terminal Network), An interpolating frequency sweep with 1000 points has been started using HFSS - Solving Distributed. (06:08:41 AM  Jul 08, 2026)
[info] Project:temp_train_TSV_RDL_135_1783461245_7600, Design:TSV_RDL (Terminal Network), Interpolating frequency sweep complete. Converged. (06:08:41 AM  Jul 08, 2026)
[info] Project:temp_train_TSV_RDL_135_1783461245_7600, Design:TSV_RDL (Terminal Network), Normal completi[info] Project:temp_train_TSV_RDL_136_1783461884_50928, Design:TSV_RDL (Terminal Network), An interpolating frequency sweep with 1000 points has been started using HFSS - Solving Distributed. (06:17:25 AM  Jul 08, 2026)
[info] Project:temp_train_TSV_RDL_136_1783461884_50928, Design:TSV_RDL (Terminal Network), Interpolating frequency sweep complete. Converged. (06:17:25 AM  Jul 08, 2026)
[info] Project:temp_train_TSV_RDL_136_1783461884_50928, Design:TSV_RDL (Terminal Network), Normal completion of simulation on server: Local Machine. (06:17:26 AM  Jul 08, 2026)
[info] Project:temp_train_TSV_RDL_136_1783461884_50928, Design:TSV_RDL (Terminal Network), Touchstone export: Writing to "C:/ffzhzh/LocalFiles/Ansys_Project_Files/temp_train_TSV_RDL_136_1783461884_50928_SNP/temp_train_TSV_RDL_136_1783461884_50928.s2p" (06:17:27 AM  Jul 08, 2026)
Stopping Batch Run: 6:17:28 AM  Jul 08, 2026
 Network), An interpolating frequency sweep with 1000 points has been started using HFSS - Solv[info] Project:temp_train_TSV_RDL_138_1783461974_41684, Design:TSV_RDL (Terminal Network), An interpolating frequency sweep with 1000 points has been started using HFSS - Solving Distributed. (06:17:32 AM  Jul 08, 2026)
[info] Project:temp_train_TSV_RDL_138_1783461974_41684, Design:TSV_RDL (Terminal Network), Interpolating frequency sweep complete. Converged. (06:17:32 AM  Jul 08, 2026)
[info] Project:temp_train_TSV_RDL_138_1783461974_41684, Design:TSV_RDL (Terminal Network), Normal compl[info] Project:temp_train_TSV_RDL_139_1783462133_7600, Design:TSV_RDL (Terminal Network), An interpolating frequency sweep with 1000 points has been started using HFSS - Solving Distributed. (06:17:58 AM  Jul 08, 2026)
[info] Project:temp_train_TSV_RDL_139_1783462133_7600, Design:TSV_RDL (Terminal Network), Interpolating frequency sweep complete. Converged. (06:17:58 AM  Jul 08, 2026)
[info] Project:temp_train_TSV_RDL_139_1783462133_7600, Design:TSV_RDL (Terminal Network), Normal completio[info] Project:temp_train_TSV_RDL_140_1783462199_28540, Design:TSV_RDL (Terminal Network), An interpolating frequency sweep with 1000 points has been started using HFSS - Solving Distributed. (06:21:53 AM  Jul 08, 2026)
[info] Project:temp_train_TSV_RDL_140_1783462199_28540, Design:TSV_RDL (Terminal Network), Interpolating frequency sweep complete. Converged. (06:21:53 AM  Jul 08, 2026)
[info] Project:temp_train_TSV_RDL_140_1783462199_28540, Design:TSV_RDL (Terminal Network), Normal compl[info] Project:temp_train_TSV_RDL_141_1783462599_34316, Design:TSV_RDL (Terminal Network), An interpolating frequency sweep with 1000 points has been started using HFSS - Solving Distributed. (06:38:00 AM  Jul 08, 2026)
[info] Project:temp_train_TSV_RDL_141_1783462599_34316, Design:TSV_RDL (Terminal Network), Interpolating frequency sweep complete. Converged. (06:38:00 AM  Jul 08, 2026)
[info] Project:temp_train_TSV_RDL_141_1783462599_34316, Design:TSV_RDL (Terminal Network), Normal completion of simulation on server: Local Machine. (06:38:01 AM  Jul 08, 2026)
[info] Project:temp_train_TSV_RDL_141_1783462599_34316, Design:TSV_RDL (Terminal Network), Touchstone export: Writing to "C:/ffzhzh/LocalFiles/Ansys_Project_Files/temp_train_TSV_RDL_141_1783462599_34316_SNP/temp_train_TSV_RDL_141_1783462599_34316.s2p" (06:38:02 AM  Jul 08, 2026)
Stopping Batch Run: 6:38:12 AM  Jul 08, 2026
ject:temp_train_TSV_RDL_142_1783462651_50928, Design:TSV_RDL (Terminal Network), Normal completion of simulation on server: Local Machine. (06:34:45 AM  Jul 08, 2026)
[info] Project:temp_train_TSV_RDL_142_1783462651_50928, Design:TSV_RDL (Terminal Network), Touchstone export: Writing to "C:/ffzhzh/LocalFiles/Ansys_Project_Files/temp_train_TSV_RDL_142_1783462651_50928_SNP/temp_train_TSV_RDL_142_1783462651_50928.s2p" (06:34:46 AM  Jul 08, 2026)
Stopping Batch Run: 6:34:57 AM  Jul 08, 2026
ject:temp_train_TSV_RDL_143_1783462657_41684, Design:TSV_RDL (Terminal Network), Normal comple[info] Project:temp_train_TSV_RDL_144_1783462683_7600, Design:TSV_RDL (Terminal Network), Solving frequencies ... (Nondomain solver), process hf3d: Port 2 supports an additional propagating and/or slowly decaying mode whose attenuation is   1.996e-01 and propagation constant is  -4.047e+02 (06:28:08 AM  Jul 08, 2026)
[info] Project:temp_train_TSV_RDL_144_1783462683_7600, Design:TSV_RDL (Terminal Network), An interpolating frequency sweep with 1000 points has been started using HFSS - Solving Distributed. (06:44:52 AM  Jul 08, 2026)
[info] Project:temp_train_TSV_RDL_144_1783462683_7600, Design:TSV_RDL (Terminal Network), Interpolating frequency sweep complete. Converged. (06:44:52 AM  Jul 08, 2026)
[info] Project:temp_train_TSV_RDL_144_1783462683_7600, Design:TSV_RDL (Terminal Network), Normal completion of simulation on server: Local Machine. (06:44:52 AM  Jul 08, 2026)
[info] Project:temp_train_TSV_RDL_144_1783462683_7600, Design:TSV_RDL (Terminal Network), Touchstone export: Writing to "C:/ffzhzh/LocalFiles/Ansys_Project_Files/temp_train_TSV_RDL_144_1783462683_7600_SNP/temp_train_TSV_RDL_144_1783462683_7600.s2p" (06:44:53 AM  Jul 08, 2026)
Stopping Batch Run: 6:45:03 AM  Jul 08, 2026
fo] Project:temp_train_TSV_RDL_145_1783462929_28540, Design:TSV_RDL (Terminal Network), Normal compl[info] Project:temp_train_TSV_RDL_146_1783463296_41684, Design:TSV_RDL (Terminal Network), An interpolating frequency sweep with 1000 points has been started using HFSS - Solving Distributed. (06:38:42 AM  Jul 08, 2026)
[info] Project:temp_train_TSV_RDL_146_1783463296_41684, Design:TSV_RDL (Terminal Network), Interpolating frequency sweep complete. Converged. (06:38:42 AM  Jul 08, 2026)
[info] Project:temp_train_TSV_RDL_146_1783463296_41684, Design:TSV_RDL (Terminal Network), Normal completion of simulation on server: Local Machine. (06:38:42 AM  Jul 08, 2026)
[info] Project:temp_train_TSV_RDL_146_1783463296_41684, Design:TSV_RDL (Terminal Network), Touchstone export: Writing to "C:/ffzhzh/LocalFiles/Ansys_Project_Files/temp_train_TSV_RDL_146_1783463296_41684_SNP/temp_train_TSV_RDL_146_1783463296_41684.s2p" (06:38:43 AM  Jul 08, 2026)
Stopping Batch Run: 6:38:53 AM  Jul 08, 2026
[info] Project:temp_train_TSV_RDL_147_1783463700_28540, Design:TSV_RDL (Terminal Network), Solving frequencies ... (Nondomain solver), process hf3d: Port 1 supports an additional propagating and/or slowly decaying mode [info] Project:temp_train_TSV_RDL_148_1783463701_50928, Design:TSV_RDL (Terminal Network), An interpolating frequency sweep with 1000 points has been started using HFSS - Solving Distributed. (06:45:24 AM  Jul 08, 2026)
[info] Project:temp_train_TSV_RDL_148_1783463701_50928, Design:TSV_RDL (Terminal Network), Interpolating frequency sweep complete. Converged. (06:45:24 AM  Jul 08, 2026)
[info] Project:temp_train_TSV_RDL_148_1783463701_50928, Design:TSV_RDL (Terminal Network), Normal compl[info] Project:temp_train_TSV_RDL_149_1783463896_34316, Design:TSV_RDL (Terminal Network), An interpolating frequency sweep with 1000 points has been started using HFSS - Solving Distributed. (06:48:50 AM  Jul 08, 2026)
[info] Project:temp_train_TSV_RDL_149_1783463896_34316, Design:TSV_RDL (Terminal Network), Interpolating frequency sweep complete. Converged. (06:48:50 AM  Jul 08, 2026)
[info] Project:temp_train_TSV_RDL_149_1783463896_34316, Design:TSV_RDL (Terminal Network), Normal compl[info] Project:temp_test_TSV_RDL_150_1783463937_41684, Design:TSV_RDL (Terminal Network), An interpolating frequency sweep with 1000 points has been started using HFSS - Solving Distributed. (06:49:38 AM  Jul 08, 2026)
[info] Project:temp_test_TSV_RDL_150_1783463937_41684, Design:TSV_RDL (Terminal Network), Interpolating frequency sweep complete. Converged. (06:49:38 AM  Jul 08, 2026)
[info] Project:temp_test_TSV_RDL_150_1783463937_41684, Design:TSV_RDL (Terminal Network), Normal completion of simulation on server: Local Machine. (06:49:39 AM  Jul 08, 2026)
[info] Project:temp_test_TSV_RDL_150_1783463937_41684, Design:TSV_RDL (Terminal Network), Touchstone export: Writing to "C:/ffzhzh/LocalFiles/Ansys_Project_Files/temp_test_TSV_RDL_150_1783463937_41684_SNP/temp_test_TSV_RDL_150_1783463937_41684.s2p" (06:49:40 AM  Jul 08, 2026)
Stopping Batch Run: 6:49:41 AM  Jul 08, 2026
DL (Terminal Network), Solving frequencies ... (Nondomain solver), process hf3d: Port 2 supports an addition[info] Project:temp_test_TSV_RDL_152_1783464307_7600, Design:TSV_RDL (Terminal Network), An interpolating frequency sweep with 1000 points has been started using HFSS - Solving Distributed. (06:59:46 AM  Jul 08, 2026)
[info] Project:temp_test_TSV_RDL_152_1783464307_7600, Design:TSV_RDL (Terminal Network), Interpolating frequency sweep complete. Converged. (06:59:46 AM  Jul 08, 2026)
[info] Project:temp_test_TSV_RDL_152_1783464307_7600, Design:TSV_RDL (Terminal Network), Normal completion o[info] Project:temp_test_TSV_RDL_153_1783464329_50928, Design:TSV_RDL (Terminal Network), An interpolating frequency sweep with 1000 points has been started using HFSS - Solving Distributed. (07:01:29 AM  Jul 08, 2026)
[info] Project:temp_test_TSV_RDL_153_1783464329_50928, Design:TSV_RDL (Terminal Network), Interpolating frequency sweep complete. Converged. (07:01:29 AM  Jul 08, 2026)
[info] Project:temp_test_TSV_RDL_153_1783464329_50928, Design:TSV_RDL (Terminal Network), Normal completion of simulation on server: Local Machine. (07:01:29 AM  Jul 08, 2026)
[info] Project:temp_test_TSV_RDL_153_1783464329_50928, Design:TSV_RDL (Terminal Network), Touchstone export: Writing to "C:/ffzhzh/LocalFiles/Ansys_Project_Files/temp_test_TSV_RDL_153_1783464329_50928_SNP/temp_test_TSV_RDL_153_1783464329_50928.s2p" (07:01:30 AM  Jul 08, 2026)
Stopping Batch Run: 7:01:31 AM  Jul 08, 2026
inal Network), An interpolating frequency sweep with 1000 points has been started using HFSS - Solvin[info] Project:temp_test_TSV_RDL_155_1783464584_41684, Design:TSV_RDL (Terminal Network), An interpolating frequency sweep with 1000 points has been started using HFSS - Solving Distributed. (07:01:47 AM  Jul 08, 2026)
[info] Project:temp_test_TSV_RDL_155_1783464584_41684, Design:TSV_RDL (Terminal Network), Interpolating frequency sweep complete. Converged. (07:01:47 AM  Jul 08, 2026)
[info] Project:temp_test_TSV_RDL_155_1783464584_41684, Design:TSV_RDL (Terminal Network), Normal completion of simulation on server: Local Machine. (07:01:47 AM  Jul 08, 2026)
[info] Project:temp_test_TSV_RDL_155_1783464584_41684, Design:TSV_RDL (Terminal Network), Touchstone export: Writing to "C:/ffzhzh/LocalFiles/Ansys_Project_Files/temp_test_TSV_RDL_155_1783464584_41684_SNP/temp_test_TSV_RDL_155_1783464584_41684.s2p" (07:01:48 AM  Jul 08, 2026)
Stopping Batch Run: 7:01:49 AM  Jul 08, 2026
 Project:temp_test_TSV_RDL_156_1783464787_28540, Design:TSV_RDL (Terminal Network), Normal completio[info] Project:temp_test_TSV_RDL_157_1783465198_7600, Design:TSV_RDL (Terminal Network), An interpolating frequency sweep with 1000 points has been started using HFSS - Solving Distributed. (07:10:38 AM  Jul 08, 2026)
[info] Project:temp_test_TSV_RDL_157_1783465198_7600, Design:TSV_RDL (Terminal Network), Interpolating frequency sweep complete. Converged. (07:10:38 AM  Jul 08, 2026)
[info] Project:temp_test_TSV_RDL_157_1783465198_7600, Design:TSV_RDL (Terminal Network), Normal completion [info] Project:temp_test_TSV_RDL_158_1783465211_34316, Design:TSV_RDL (Terminal Network), An interpolating frequency sweep with 1000 points has been started using HFSS - Solving Distributed. (07:35:14 AM  Jul 08, 2026)
[info] Project:temp_test_TSV_RDL_158_1783465211_34316, Design:TSV_RDL (Terminal Network), Interpolating frequency sweep complete. Converged. (07:35:14 AM  Jul 08, 2026)
[info] Project:temp_test_TSV_RDL_158_1783465211_34316, Design:TSV_RDL (Terminal Network), Normal completion of simulation on server: Local Machine. (07:35:14 AM  Jul 08, 2026)
[info] Project:temp_test_TSV_RDL_158_1783465211_34316, Design:TSV_RDL (Terminal Network), Touchstone export: Writing to "C:/ffzhzh/LocalFiles/Ansys_Project_Files/temp_test_TSV_RDL_158_1783465211_34316_SNP/temp_test_TSV_RDL_158_1783465211_34316.s2p" (07:35:16 AM  Jul 08, 2026)
Stopping Batch Run: 7:35:22 AM  Jul 08, 2026
 Project:temp_test_TSV_RDL_159_1783465293_28540, Design:TSV_RDL (Terminal Network), Normal completion of simulation on server: Local Machine. (07:12:20 AM  Jul 08, 2026)
[info] Project:temp_test_TSV_RDL_159_1783465293_28540, Design:TSV_RDL (Terminal Network), Touchstone export: Writing to "C:/ffzhzh/LocalFiles/Ansys_[info] Project:temp_test_TSV_RDL_161_1783465312_41684, Design:TSV_RDL (Terminal Network), An interpolating frequency sweep with 1000 points has been started using HFSS - Solving Distributed. (07:17:27 AM  Jul 08, 2026)
[info] Project:temp_test_TSV_RDL_161_1783465312_41684, Design:TSV_RDL (Terminal Network), Interpolating frequency sweep complete. Converged. (07:17:27 AM  Jul 08, 2026)
[info] Project:temp_test_TSV_RDL_161_1783465312_41684, Design:TSV_RDL (Terminal Network), Normal completion of simulation on server: Local Machine. (07:17:27 AM  Jul 08, 2026)
[info] Project:temp_test_TSV_RDL_161_1783465312_41684, Design:TSV_RDL (Terminal Network), Touchstone export: Writing to "C:/ffzhzh/LocalFiles/Ansys_Project_Files/temp_test_TSV_RDL_161_1783465312_41684_SNP/temp_test_TSV_RDL_161_1783465312_41684.s2p" (07:17:28 AM  Jul 08, 2026)
Stopping Batch Run: 7:17:36 AM  Jul 08, 2026
[info] Project:temp_test_TSV_RDL_162_1783465830_50928, Design:TSV_RDL (Terminal Network), An interpolating frequency sweep with 1000 points has been started using HFSS - Solving Distributed. (07:19:43 AM  Jul 08, 2026)
[info] Project:temp_test_TSV_RDL_162_1783465830_50928, Design:TSV_RDL (Terminal Network), Interpolating frequency sweep complete. Converged. (07:19:43 AM  Jul 08, 2026)
[info] Project:temp_test_TSV_RDL_162_1783465830_50928, Design:TSV_RDL (Terminal Network), Normal completi[info] Project:temp_test_TSV_RDL_163_1783465843_7600, Design:TSV_RDL (Terminal Network), An interpolating frequency sweep with 1000 points has been started using HFSS - Solving Distributed. (07:20:58 AM  Jul 08, 2026)
[info] Project:temp_test_TSV_RDL_163_1783465843_7600, Design:TSV_RDL (Terminal Network), Interpolating frequency sweep complete. Converged. (07:20:58 AM  Jul 08, 2026)
[info] Project:temp_test_TSV_RDL_163_1783465843_7600, Design:TSV_RDL (Terminal Network), Normal completion [info] Project:temp_test_TSV_RDL_164_1783465954_28540, Design:TSV_RDL (Terminal Network), An interpolating frequency sweep with 1000 points has been started using HFSS - Solving Distributed. (07:54:42 AM  Jul 08, 2026)
[info] Project:temp_test_TSV_RDL_164_1783465954_28540, Design:TSV_RDL (Terminal Network), Interpolating frequency sweep complete. Converged. (07:54:42 AM  Jul 08, 2026)
[info] Project:temp_test_TSV_RDL_164_1783465954_28540, Design:TSV_RDL (Terminal Network), Normal completion of simulation on server: Local Machine. (07:54:42 AM  Jul 08, 2026)
[info] Project:temp_test_TSV_RDL_164_1783465954_28540, Design:TSV_RDL (Terminal Network), Touchstone export: Writing to "C:/ffzhzh/LocalFiles/Ansys_Project_Files/temp_test_TSV_RDL_164_1783465954_28540_SNP/temp_test_TSV_RDL_164_1783465954_28540.s2p" (07:54:44 AM  Jul 08, 2026)
Stopping Batch Run: 7:54:53 AM  Jul 08, 2026
nal Network), An interpolating frequency sweep with 1000 points has been started using HFSS - Solvi[info] Project:temp_test_TSV_RDL_166_1783466395_50928, Design:TSV_RDL (Terminal Network), An interpolating frequency sweep with 1000 points has been started using HFSS - Solving Distributed. (07:35:07 AM  Jul 08, 2026)
[info] Project:temp_test_TSV_RDL_166_1783466395_50928, Design:TSV_RDL (Terminal Network), Interpolating frequency sweep complete. Converged. (07:35:07 AM  Jul 08, 2026)
[info] Project:temp_test_TSV_RDL_166_1783466395_50928, Design:TSV_RDL (Terminal Network), Normal completion of simulation on server: Local Machine. (07:35:07 AM  Jul 08, 2026)
[info] Project:temp_test_TSV_RDL_166_1783466395_50928, Design:TSV_RDL (Terminal Network), Touchstone export: Writing to "C:/ffzhzh/LocalFiles/Ansys_Project_Files/temp_test_TSV_RDL_166_1783466395_50928_SNP/temp_test_TSV_RDL_166_1783466395_50928.s2p" (07:35:08 AM  Jul 08, 2026)
Stopping Batch Run: 7:35:16 AM  Jul 08, 2026
roject:temp_test_TSV_RDL_167_1783466469_7600, Design:TSV_RDL (Terminal Network), Normal completion of simulation on server: Local Machine. (07:31:49 AM  Jul 08, 2026)
[info] Project:temp_test_TSV_RDL_167_1783466469_7600, Design:TSV_RDL (Terminal Network), Touchstone export: Writing to "C:/ffzhzh/LocalFiles/Ansys_Project_Files/temp_test_TSV_RDL_167_1783466469_7600_SNP/temp_test_TSV_RDL_167_1783466469_7600.s2p" (07:31:50 AM  Jul 08, 2026)
Stopping Batch Run: 7:31:57 AM  Jul 08, 2026
 
Ansys Electronics Desktop Version 2026.1.0, Build: 2026-02-02 02:17:35
Location: C:\Program Files\ANSYS Inc\v261\AnsysEM\ansysedt.exe
Non Graphical Mode: No Project??
Starting Batch Run: 7:32:03 AM  Jul 08, 2026
Running as user : FENG\ffzhz
Temp directory: C:\ffzhzh\LocalFiles\Ansys_Temp
Project directory: C:\ffzhzh\LocalFiles\Ansys_Project_Files
[info] gRPC server started on port 12084 of local host. Only connections from the local host initiated by the same user are permitted.

[info] Project:temp_test_TSV_RDL_168_1783467120_7600, Design:TSV_RDL (Terminal Network), An interpolating frequency sweep with 1000 points has been started using HFSS - Solving Distributed. (07:43:15 AM  Jul 08, 2026)
[info] Project:temp_test_TSV_RDL_168_1783467120_7600, Design:TSV_RDL (Terminal Network), Interpolating frequency sweep complete. Converged. (07:43:15 AM  Jul 08, 2026)
[info] Project:temp_test_TSV_RDL_168_1783467120_7600, Design:TSV_RDL (Terminal Network), Normal completion o[info] Project:temp_test_TSV_RDL_169_1783467157_41684, Design:TSV_RDL (Terminal Network), An interpolating frequency sweep with 1000 points has been started using HFSS - Solving Distributed. (07:43:32 AM  Jul 08, 2026)
[info] Project:temp_test_TSV_RDL_169_1783467157_41684, Design:TSV_RDL (Terminal Network), Interpolating frequency sweep complete. Converged. (07:43:32 AM  Jul 08, 2026)
[info] Project:temp_test_TSV_RDL_169_1783467157_41684, Design:TSV_RDL (Terminal Network), Normal completi[info] Project:temp_test_TSV_RDL_170_1783467320_50928, Design:TSV_RDL (Terminal Network), An interpolating frequency sweep with 1000 points has been started using HFSS - Solving Distributed. (07:47:12 AM  Jul 08, 2026)
[info] Project:temp_test_TSV_RDL_170_1783467320_50928, Design:TSV_RDL (Terminal Network), Interpolating frequency sweep complete. Converged. (07:47:12 AM  Jul 08, 2026)
[info] Project:temp_test_TSV_RDL_170_1783467320_50928, Design:TSV_RDL (Terminal Network), Normal completio[warning] Project:temp_test_TSV_RDL_171_1783467326_34316, Design:TSV_RDL (Terminal Network), Com Engine non-responsive since 08:06:37, July 08, 2026. 
 Can be due to CPU intensive processing or network problems. 
 If persisting for long, manually kill the com engine process and restart analysis. Retrying.....  (08:07:37 AM  Jul 08, 2026)
[error] Project:temp_test_TSV_RDL_171_1783467326_34316, Design:TSV_RDL (Terminal Network), Machine Local Machine: Engine terminated unexpectedly, or machine reported error or was inaccessible. (08:08:36 AM  Jul 08, 2026)
 (Terminal Network), An interpolating frequency sweep with 1000 points has been started using HFSS - Solving Distributed. (07:55:14 AM  Jul 08, 2026)
[info] Project:temp_test_TSV_RDL_172_1783467812_7600, Design:TSV_RDL (Terminal Network), Interpolating frequency sweep complete. Converged. (07:55:14 AM  Jul 08, 2026)
[info] Project:temp_test_TSV_RDL_172_1783467812_7600, Design:TSV_RDL (Terminal Network), Normal completion [info] Project:temp_test_TSV_RDL_173_1783467817_41684, Design:TSV_RDL (Terminal Network), An interpolating frequency sweep with 1000 points has been started using HFSS - Solving Distributed. (08:03:29 AM  Jul 08, 2026)
[info] Project:temp_test_TSV_RDL_173_1783467817_41684, Design:TSV_RDL (Terminal Network), Interpolating frequency sweep complete. Converged. (08:03:29 AM  Jul 08, 2026)
[info] Project:temp_test_TSV_RDL_173_1783467817_41684, Design:TSV_RDL (Terminal Network), Normal completion of simulation on server: Local Machine. (08:03:30 AM  Jul 08, 2026)
[info] Project:temp_test_TSV_RDL_173_1783467817_41684, Design:TSV_RDL (Terminal Network), Touchstone export: Writing to "C:/ffzhzh/LocalFiles/Ansys_Project_Files/temp_test_TSV_RDL_173_1783467817_41684_SNP/temp_test_TSV_RDL_173_1783467817_41684.s2p" (08:03:31 AM  Jul 08, 2026)
Stopping Batch Run: 8:03:40 AM  Jul 08, 2026
inal Network), An interpolating frequency sweep with 1000 points has been started using HFSS - Solving Distributed. (08:00:16 AM  Jul 08, 2026)
[info] Project:temp_test_TSV_RDL_174_1783468046_50928, Design:TSV_RDL (Terminal Network), Interpolating frequency sweep complete. Converged. (08:00:16 AM  Jul 08, 2026)
[info] Project:temp_test_TSV_RDL_174_1783468046_50928, Design:TSV_RDL (Terminal Network), Normal completio[info] Project:temp_test_TSV_RDL_175_1783468498_28540, Design:TSV_RDL (Terminal Network), An interpolating frequency sweep with 1000 points has been started using HFSS - Solving Distributed. (08:09:18 AM  Jul 08, 2026)
[info] Project:temp_test_TSV_RDL_175_1783468498_28540, Design:TSV_RDL (Terminal Network), Interpolating frequency sweep complete. Converged. (08:09:18 AM  Jul 08, 2026)
[info] Project:temp_test_TSV_RDL_175_1783468498_28540, Design:TSV_RDL (Terminal Network), Normal completion of simulation on server: Local Machine. (08:09:18 AM  Jul 08, 2026)
rminal Network), An interpolating frequency sweep with 1000 points has been started using HFSS - Solving Distributed. (08:07:58 AM  Jul 08, 2026)
[info] Project:temp_test_TSV_RDL_176_1783468527_7600, Design:TSV_RDL (Terminal Network), Interpolating frequency sweep complete. Converged. (08:07:58 AM  Jul 08, 2026)
[info] Project:temp_test_TSV_RDL_176_1783468527_7600, Design:TSV_RDL (Terminal Network), Normal completion o[info] Project:temp_test_TSV_RDL_177_1783468833_50928, Design:TSV_RDL (Terminal Network), An interpolating frequency sweep with 1000 points has been started using HFSS - Solving Distributed. (08:13:24 AM  Jul 08, 2026)
[info] Project:temp_test_TSV_RDL_177_1783468833_50928, Design:TSV_RDL (Terminal Network), Interpolating frequency sweep complete. Converged. (08:13:24 AM  Jul 08, 2026)
[info] Project:temp_test_TSV_RDL_177_1783468833_50928, Design:TSV_RDL (Terminal Network), Normal completion of simulation on server: Local Machine. (08:13:24 AM  Jul 08, 2026)
 
Ansys Electronics Desktop Version 2026.1.0, Build: 2026-02-02 02:17:35
Location: C:\Program Files\ANSYS Inc\v261\AnsysEM\ansysedt.exe
Non Graphical Mode: No Project??
Starting Batch Run: 9:24:15 AM  Jul 08, 2026
Running as user : FENG\ffzhz
Temp directory: C:\ffzhzh\LocalFiles\Ansys_Temp
Project directory: C:\ffzhzh\LocalFiles\Ansys_Project_Files
[info] gRPC server started on port 3904 of local host. Only connections from the local host initiated by the same user are permitted.

[info] Project:temp_test_TSV_RDL_171_1783473852_33644, Design:TSV_RDL (Terminal Network), An interpolating frequency sweep with 1000 points has been started using HFSS - Solving Distributed. (09:57:10 AM  Jul 08, 2026)
[info] Project:temp_test_TSV_RDL_171_1783473852_33644, Design:TSV_RDL (Terminal Network), Interpolating frequency sweep complete. Converged. (09:57:10 AM  Jul 08, 2026)
[info] Project:temp_test_TSV_RDL_171_1783473852_33644, Design:TSV_RDL (Terminal Network), Normal completion of simulation on server: Local Machine. (09:57:10 AM  Jul 08, 2026)
[info] Project:temp_test_TSV_RDL_171_1783473852_33644, Design:TSV_RDL (Terminal Network), Touchstone export: Writing to "C:/ffzhzh/LocalFiles/Ansys_Project_Files/temp_test_TSV_RDL_171_1783473852_33644_SNP/temp_test_TSV_RDL_171_1783473852_33644.s2p" (09:57:14 AM  Jul 08, 2026)
Stopping Batch Run: 9:57:22 AM  Jul 08, 2026
rt: Writing to "C:/ffzhzh/LocalFiles/Ansys_Project_Files/temp_train_TSV_RDL_87_1783473852_46308_SNP/temp_train_TSV_RDL_87_1783473852_46308.s2p" (09:51:14 AM  Jul 08, 2026)
Stopping Batch Run: 9:51:15 AM  Jul 08, 2026
Running as user : FENG\ffzhz
Temp directory: C:\ffzhzh\LocalFiles\Ansys_Temp
Project directory: C:\ffzhzh\LocalFiles\Ansys_Project_Files
[info] gRPC server started on port 5674 of local host. Only connections from the local host initiated by the same user are permitted.

[info] Project:temp_test_TSV_RDL_176_1783474584_48356, Design:TSV_RDL (Terminal Network), An interpolating frequency sweep with 1000 points has been started using HFSS - Solving Distributed. (09:47:23 AM  Jul 08, 2026)
[info] Project:temp_test_TSV_RDL_176_1783474584_48356, Design:TSV_RDL (Terminal Network), Interpolating frequency sweep complete. Converged. (09:47:23 AM  Jul 08, 2026)
[info] Project:temp_test_TSV_RDL_176_1783474584_48356, Design:TSV_RDL (Terminal Network), Normal completion of simulation on server: Local Machine. (09:47:23 AM  Jul 08, 2026)
[info] Project:temp_test_TSV_RDL_176_1783474584_48356, Design:TSV_RDL (Terminal Network), Touchstone export: Writing to "C:/ffzhzh/LocalFiles/Ansys_Project_Files/temp_test_TSV_RDL_176_1783474584_48356_SNP/temp_test_TSV_RDL_176_1783474584_48356.s2p" (09:47:24 AM  Jul 08, 2026)
Stopping Batch Run: 9:47:31 AM  Jul 08, 2026
 
Ansys Electronics Desktop Version 2026.1.0, Build: 2026-02-02 02:17:35
Location: C:\Program Files\ANSYS Inc\v261\AnsysEM\ansysedt.exe
Non Graphical Mode: No Project??
Starting Batch Run: 9:47:37 AM  Jul 08, 2026
Running as user : FENG\ffzhz
Temp directory: C:\ffzhzh\LocalFiles\Ansys_Temp
Project directory: C:\ffzhzh\LocalFiles\Ansys_Project_Files
[info] gRPC server started on port 12969 of local host. Only connections from the local host initiated by the same user are permitted.

[info] Project:temp_test_TSV_RDL_177_1783475254_48356, Design:TSV_RDL (Terminal Network), An interpolating frequency sweep with 1000 points has been started using HFSS - Solving Distributed. (10:00:16 AM  Jul 08, 2026)
[info] Project:temp_test_TSV_RDL_177_1783475254_48356, Design:TSV_RDL (Terminal Network), Interpolating frequency sweep complete. Converged. (10:00:16 AM  Jul 08, 2026)
[info] Project:temp_test_TSV_RDL_177_1783475254_48356, Design:TSV_RDL (Terminal Network), Normal completion of simulation on server: Local Machine. (10:00:16 AM  Jul 08, 2026)
[info] Project:temp_test_TSV_RDL_177_1783475254_48356, Design:TSV_RDL (Terminal Network), Touchstone export: Writing to "C:/ffzhzh/LocalFiles/Ansys_Project_Files/temp_test_TSV_RDL_177_1783475254_48356_SNP/temp_test_TSV_RDL_177_1783475254_48356.s2p"[info] Project:temp_test_TSV_RDL_178_1783475478_46308, Design:TSV_RDL (Terminal Network), An interpolating frequency sweep with 1000 points has been started using HFSS - Solving Distributed. (10:05:30 AM  Jul 08, 2026)
[info] Project:temp_test_TSV_RDL_178_1783475478_46308, Design:TSV_RDL (Terminal Network), Interpolating frequency sweep complete. Converged. (10:05:30 AM  Jul 08, 2026)
[info] Project:temp_test_TSV_RDL_178_1783475478_46308, Design:TSV_RDL (Terminal Network), Normal completi[info] Project:temp_test_TSV_RDL_179_1783475844_33644, Design:TSV_RDL (Terminal Network), An interpolating frequency sweep with 1000 points has been started using HFSS - Solving Distributed. (10:07:52 AM  Jul 08, 2026)
[info] Project:temp_test_TSV_RDL_179_1783475844_33644, Design:TSV_RDL (Terminal Network), Interpolating frequency sweep complete. Converged. (10:07:52 AM  Jul 08, 2026)
[info] Project:temp_test_TSV_RDL_179_1783475844_33644, Design:TSV_RDL (Terminal Network), Normal completio[info] Project:temp_test_TSV_RDL_180_1783476023_48356, Design:TSV_RDL (Terminal Network), An interpolating frequency sweep with 1000 points has been started using HFSS - Solving Distributed. (10:28:42 AM  Jul 08, 2026)
[info] Project:temp_test_TSV_RDL_180_1783476023_48356, Design:TSV_RDL (Terminal Network), Interpolating frequency sweep complete. Converged. (10:28:42 AM  Jul 08, 2026)
[info] Project:temp_test_TSV_RDL_180_1783476023_48356, Design:TSV_RDL (Terminal Network), Normal completion of simulation on server: Local Machine. (10:28:42 AM  Jul 08, 2026)
[info] Project:temp_test_TSV_RDL_180_1783476023_48356, Design:TSV_RDL (Terminal Network), Touchstone export: Writing to "C:/ffzhzh/LocalFiles/Ansys_Project_Files/temp_test_TSV_RDL_180_1783476023_48356_SNP/temp_test_TSV_RDL_180_1783476023_48356.s2p" (10:28:45 AM  Jul 08, 2026)
Stopping Batch Run: 10:28:47 AM  Jul 08, 2026
 Project:temp_test_TSV_RDL_181_1783476337_46308, Design:TSV_RDL (Terminal Network), Normal completion of simulation on server: Local Machine. (10:17:15 AM  Jul 08, 2026)
[info] Project:temp_test_TSV_RDL_181_1783476337_46308, Design:TSV_RDL (Terminal Network), Touchstone export: Writing to "C:/ffzhzh/LocalFiles/Ansys_Project_Files/temp_test_TSV_RDL_181_1783476337_46308_SNP/temp_test_TSV_RDL_181_1783476337_46308.s2p" (10:17:16 AM  Jul 08, 2026)
Stopping Batch Run: 10:17:23 AM  Jul 08, 2026
 Project:temp_test_TSV_RDL_182_1783476478_33644, Design:TSV_RDL (Terminal Network), Normal completion of simulation on server: Local Machine. (10:16:49 AM  Jul 08, 2026)
[info] Project:temp_test_TSV_RDL_182_1783476478_33644, Design:TSV_RDL (Terminal Network), Touchstone export: Writing to "C:/ffzhzh/LocalFiles/Ansys_Project_Files/temp_test_TSV_RDL_182_1783476478_33644_SNP/temp_test_TSV_RDL_182_1783476478_33644.s2p" (10:16:50 AM  Jul 08, 2026)
Stopping Batch Run: 10:16:58 AM  Jul 08, 2026
 
Ansys Electronics Desktop Version 2026.1.0, Build: 2026-02-02 02:17:35
Location: C:\Program Files\ANSYS Inc\v261\AnsysEM\ansysedt.exe
Non Graphical Mode: No Project??
Starting Batch Run: 10:17:03 AM  Jul 08, 2026
Running as user : FENG\ffzhz
Temp directory: C:\ffzhzh\LocalFiles\Ansys_Temp
Project directory: C:\ffzhzh\LocalFiles\Ansys_Project_Files
[info] gRPC server started on port 6967 of local host. Only connections from the local host initiated by the same user are permitted.

[info] Project:temp_test_TSV_RDL_183_1783477021_33644, Design:TSV_RDL (Terminal Network), An interpolating frequency sweep with 1000 points has been started using HFSS - Solving Distributed. (10:24:15 AM  Jul 08, 2026)
[info] Project:temp_test_TSV_RDL_183_1783477021_33644, Design:TSV_RDL (Terminal Network), Interpolating frequency sweep complete. Converged. (10:24:15 AM  Jul 08, 2026)
[info] Project:temp_test_TSV_RDL_183_1783477021_33644, Design:TSV_RDL (Terminal Network), Normal completio[info] Project:temp_test_TSV_RDL_184_1783477046_46308, Design:TSV_RDL (Terminal Network), An interpolating frequency sweep with 1000 points has been started using HFSS - Solving Distributed. (10:24:17 AM  Jul 08, 2026)
[info] Project:temp_test_TSV_RDL_184_1783477046_46308, Design:TSV_RDL (Terminal Network), Interpolating frequency sweep complete.Stopping Batch Run: 10:24:24 AM  Jul 08, 2026
 Project:temp_test_TSV_RDL_184_1783477046_46308, Design:TSV_RDL (Terminal Network), Normal completion of simulation on server: Local Machine. (10:24:17 AM  Jul 08, 2026)
[info] Project:temp_test_TSV_RDL_184_1783477046_46308, Design:TSV_RDL (Terminal Network), Touchstone export: Writing to "C:/ffzhzh/LocalFiles/Ansys_Project_Files/temp_test_TSV_RDL_184_1783477046_46308_SNP/temp_test_TSV_RDL_184_1783477046_46308.s2p" (10:24:18 AM  Jul 08, 2026)
Stopping Batch Run: 10:24:19 AM  Jul 08, 2026
 
Ansys Electronics Desktop Version 2026.1.0, Build: 2026-02-02 02:17:35
Location: C:\Program Files\ANSYS Inc\v261\AnsysEM\ansysedt.exe
Non Graphical Mode: No Project??
Starting Batch Run: 10:24:24 AM  Jul 08, 2026
Running as user : FENG\ffzhz
Temp directory: C:\ffzhzh\LocalFiles\Ansys_Temp
Project directory: C:\ffzhzh\LocalFiles\Ansys_Project_Files
[info] gRPC server started on port 13139 of local host. Only connections from the local host initiated by the same user are permitted.

[info] Project:temp_test_TSV_RDL_185_1783477462_46308, Design:TSV_RDL (Terminal Network), An interpolating frequency sweep with 1000 points has been started using HFSS - Solving Distributed. (10:34:38 AM  Jul 08, 2026)
[info] Project:temp_test_TSV_RDL_185_1783477462_46308, Design:TSV_RDL (Terminal Network), Interpolating frequency sweep complete. Converged. (10:34:38 AM  Jul 08, 2026)
[info] Project:temp_test_TSV_RDL_185_1783477462_46308, Design:TSV_RDL (Terminal Network), Normal completion[info] Project:temp_test_TSV_RDL_186_1783477466_33644, Design:TSV_RDL (Terminal Network), An interpolating frequency sweep with 1000 points has been started using HFSS - Solving Distributed. (10:35:22 AM  Jul 08, 2026)
[info] Project:temp_test_TSV_RDL_186_1783477466_33644, Design:TSV_RDL (Terminal Network), Interpolating frequency sweep complete. Converged. (10:35:22 AM  Jul 08, 2026)
[info] Project:temp_test_TSV_RDL_186_1783477466_33644, Design:TSV_RDL (Terminal Network), Normal completion of simulation on server: Local Machine. (10:35:22 AM  Jul 08, 2026)
[info] Project:temp_test_TSV_RDL_186_1783477466_33644, Design:TSV_RDL (Terminal Network), Touchstone export: Writing to "C:/ffzhzh/LocalFiles/Ansys_Project_Files/temp_test_TSV_RDL_186_1783477466_33644_SNP/temp_test_TSV_RDL_186_1783477466_33644.s2p" [info] Project:temp_test_TSV_RDL_187_1783477730_48356, Design:TSV_RDL (Terminal Network), An interpolating frequency sweep with 1000 points has been started using HFSS - Solving Distributed. (10:37:53 AM  Jul 08, 2026)
[info] Project:temp_test_TSV_RDL_187_1783477730_48356, Design:TSV_RDL (Terminal Network), Interpolating frequency sweep complete. Converged. (10:37:53 AM  Jul 08, 2026)
[info] Project:temp_test_TSV_RDL_187_1783477730_48356, Design:TSV_RDL (Terminal Network), Normal completio[info] Project:temp_test_TSV_RDL_188_1783478084_46308, Design:TSV_RDL (Terminal Network), An interpolating frequency sweep with 1000 points has been started using HFSS - Solving Distributed. (10:45:01 AM  Jul 08, 2026)
[info] Project:temp_test_TSV_RDL_188_1783478084_46308, Design:TSV_RDL (Terminal Network), Interpolating frequency sweep complete. Converged. (10:45:01 AM  Jul 08, 2026)
[info] Project:temp_test_TSV_RDL_188_1783478084_46308, Design:TSV_RDL (Terminal Network), Normal completion[info] Project:temp_test_TSV_RDL_189_1783478128_33644, Design:TSV_RDL (Terminal Network), An interpolating frequency sweep with 1000 points has been started using HFSS - Solving Distributed. (10:45:41 AM  Jul 08, 2026)
[info] Project:temp_test_TSV_RDL_189_1783478128_33644, Design:TSV_RDL (Terminal Network), Interpolating frequency sweep complete. Converged. (10:45:41 AM  Jul 08, 2026)
[info] Project:temp_test_TSV_RDL_189_1783478128_33644, Design:TSV_RDL (Terminal Network), Normal completion[info] Project:temp_test_TSV_RDL_190_1783478280_48356, Design:TSV_RDL (Terminal Network), An interpolating frequency sweep with 1000 points has been started using HFSS - Solving Distributed. (11:13:30 AM  Jul 08, 2026)
[info] Project:temp_test_TSV_RDL_190_1783478280_48356, Design:TSV_RDL (Terminal Network), Interpolating frequency sweep complete. Converged. (11:13:30 AM  Jul 08, 2026)
[info] Project:temp_test_TSV_RDL_190_1783478280_48356, Design:TSV_RDL (Terminal Network), Normal completion of simulation on server: Local Machine. (11:13:30 AM  Jul 08, 2026)
[info] Project:temp_test_TSV_RDL_190_1783478280_48356, Design:TSV_RDL (Terminal Network), Touchstone export: Writing to "C:/ffzhzh/LocalFiles/Ansys_Project_Files/temp_test_TSV_RDL_190_1783478280_48356_SNP/temp_test_TSV_RDL_190_1783478280_48356.s2p" (11:13:34 AM  Jul 08, 2026)
Stopping Batch Run: 11:13:34 AM  Jul 08, 2026
] Project:temp_test_TSV_RDL_191_1783478710_46308, Design:TSV_RDL (Terminal Network), Normal completion[info] Project:temp_test_TSV_RDL_192_1783478748_33644, Design:TSV_RDL (Terminal Network), An interpolating frequency sweep with 1000 points has been started using HFSS - Solving Distributed. (10:55:09 AM  Jul 08, 2026)
[info] Project:temp_test_TSV_RDL_192_1783478748_33644, Design:TSV_RDL (Terminal Network), Interpolating frequency sweep complete. Converged. (10:55:09 AM  Jul 08, 2026)
[info] Project:temp_test_TSV_RDL_192_1783478748_33644, Design:TSV_RDL (Terminal Network), Normal completion of simulation on server: Local Machine. (10:55:09 AM  Jul 08, 2026)
[info] Project:temp_test_TSV_RDL_192_1783478748_33644, Design:TSV_RDL (Terminal Network), Touchstone export: Writing to "C:/ffzhzh/LocalFiles/Ansys_Project_Files/temp_test_TSV_RDL_192_1783478748_33644_SNP/temp_test_TSV_RDL_192_1783478748_33644.s2p" (10:55:14 AM  Jul 08, 2026)
Stopping Batch Run: 10:55:15 AM  Jul 08, 2026
[info] Project:temp_test_TSV_RDL_193_1783479283_46308, Design:TSV_RDL (Terminal Network), An interpolating frequency sweep with 1000 points has been started using HFSS - Solving Distributed. (11:03:05 AM  Jul 08, 2026)
[info] Project:temp_test_TSV_RDL_193_1783479283_46308, Design:TSV_RDL (Terminal Network), Interpolating frequency sweep complete. Converged. (11:03:05 AM  Jul 08, 2026)
[info] Project:temp_test_TSV_RDL_193_1783479283_46308, Design:TSV_RDL (Terminal Network), Normal completion[info] Project:temp_test_TSV_RDL_194_1783479318_33644, Design:TSV_RDL (Terminal Network), An interpolating frequency sweep with 1000 points has been started using HFSS - Solving Distributed. (11:07:04 AM  Jul 08, 2026)
[info] Project:temp_test_TSV_RDL_194_1783479318_33644, Design:TSV_RDL (Terminal Network), Interpolating frequency sweep complete. Converged. (11:07:04 AM  Jul 08, 2026)
[info] Project:temp_test_TSV_RDL_194_1783479318_33644, Design:TSV_RDL (Terminal Network), Normal completion of simulation on server: Local Machine. (11:07:04 AM  Jul 08, 2026)
[info] Project:temp_test_TSV_RDL_194_1783479318_33644, Design:TSV_RDL (Terminal Network), Touchstone export: Writing to "C:/ffzhzh/LocalFiles/Ansys_Project_Files/temp_test_TSV_RDL_194_1783479318_33644_SNP/temp_test_TSV_RDL_194_1783479318_33644.s2p" (11:07:07 AM  Jul 08, 2026)
Stopping Batch Run: 11:07:08 AM  Jul 08, 2026[info] Project:temp_test_TSV_RDL_195_1783479792_46308, Design:TSV_RDL (Terminal Network), Solving frequencies ... (Nondomain solver), process hf3d: Port 2 supports an additional propagating and/or slowly decaying mode whose attenuation is   5.523e-02 and propagation constant is  -3.756e+02 (11:08:33 AM  Jul 08, 2026)
[info] Project:temp_test_TSV_RDL_195_1783479792_46308, Design:TSV_RDL (Terminal Network), An interpolating frequency sweep with 1000 points has been started using HFSS - Solving Distributed. (11:17:01 AM  Jul 08, 2026)
[info] Project:temp_test_TSV_RDL_195_1783479792_46308, Design:TSV_RDL (Terminal Network), Interpolating frequency sweep complete. Converged. (11:17:01 AM  Jul 08, 2026)
[info] Project:temp_test_TSV_RDL_195_1783479792_46308, Design:TSV_RDL (Terminal Network), Normal completion of simulation on server: Local Machine. (11:17:01 AM  Jul 08, 2026)
[info] Project:temp_test_TSV_RDL_195_1783479792_46308, Design:TSV_RDL (Terminal Network), Touchstone export[info] Project:temp_test_TSV_RDL_197_1783480417_48356, Design:TSV_RDL (Terminal Network), An interpolating frequency sweep with 1000 points has been started using HFSS - Solving Distributed. (11:20:00 AM  Jul 08, 2026)
[info] Project:temp_test_TSV_RDL_197_1783480417_48356, Design:TSV_RDL (Terminal Network), Interpolating frequency sweep complete. Converged. (11:20:00 AM  Jul 08, 2026)
[info] Project:temp_test_TSV_RDL_197_1783480417_48356, Design:TSV_RDL (Terminal Network), Normal completion of simulation on server: Local Machine. (11:20:00 AM  Jul 08, 2026)
[info] Project:temp_test_TSV_RDL_197_1783480417_48356, Design:TSV_RDL (Terminal Network), Touchstone export: Writing to "C:/ffzhzh/LocalFiles/Ansys_Project_Files/temp_test_TSV_RDL_197_1783480417_48356_SNP/temp_test_TSV_RDL_197_1783480417_48356.s2p" (11:20:03 AM  Jul 08, 2026)
Stopping Batch Run: 11:20:03 AM  Jul 08, 2026
[info] Project:temp_test_TSV_RDL_198_1783480514_33644, Design:TSV_RDL (Terminal Network), An interpolating frequency sweep with 1000 points has been started using HFSS - Solving Distributed. (11:22:59 AM  Jul 08, 2026)
[info] Project:temp_test_TSV_RDL_198_1783480514_33644, Design:TSV_RDL (Terminal Network), Interpolating frequency sweep complete. Converged. (11:22:59 AM  Jul 08, 2026)
[info] Project:temp_test_TSV_RDL_198_1783480514_33644, Design:TSV_RDL (Terminal Network), Normal completio[info] Project:temp_test_TSV_RDL_199_1783480628_46308, Design:TSV_RDL (Terminal Network), An interpolating frequency sweep with 1000 points has been started using HFSS - Solving Distributed. (11:43:50 AM  Jul 08, 2026)
[info] Project:temp_test_TSV_RDL_199_1783480628_46308, Design:TSV_RDL (Terminal Network), Interpolating frequency sweep complete. Converged. (11:43:50 AM  Jul 08, 2026)
[info] Project:temp_test_TSV_RDL_199_1783480628_46308, Design:TSV_RDL (Terminal Network), Normal completion of simulation on server: Local Machine. (11:43:50 AM  Jul 08, 2026)
[info] Project:temp_test_TSV_RDL_199_1783480628_46308, Design:TSV_RDL (Terminal Network), Touchstone export: Writing to "C:/ffzhzh/LocalFiles/Ansys_Project_Files/temp_test_TSV_RDL_199_1783480628_46308_SNP/temp_test_TSV_RDL_199_1783480628_46308.s2p" (11:43:50 AM  Jul 08, 2026)
Stopping Batch Run: 11:44:01 AM  Jul 08, 2026
 
Ansys Electronics Desktop Version 2026.1.0, Build: 2026-02-02 02:17:35
Location: C:\Program Files\ANSYS Inc\v261\AnsysEM\ansysedt.exe
Non Graphical Mode: No Project??
Starting Batch Run: 11:30:44 PM  Jul 09, 2026
Running as user : FENG\ffzhz
Temp directory: C:\ffzhzh\LocalFiles\Ansys_Temp
Project directory: C:\ffzhzh\LocalFiles\Ansys_Project_Files
[info] gRPC server started on port 1651 of local host. Only connections from the local host initiated by the same user are permitted.

[info] Project:temp_train_TSV_RDL_1_1783611041_29156, Design:TSV_RDL (Terminal Network), An interpolating frequency sweep with 1000 points has been started using HFSS - Solving Distributed. (11:38:04 PM  Jul 09, 2026)
[info] Project:temp_train_TSV_RDL_1_1783611041_29156, Design:TSV_RDL (Terminal Network), Interpolati[info] Project:temp_train_TSV_RDL_2_1783611041_33328, Design:TSV_RDL (Terminal Network), An interpolating frequency sweep with 1000 points has been started using HFSS - Solving Distributed. (11:39:15 PM  Jul 09, 2026)
[info] Project:temp_train_TSV_RDL_2_1783611041_33328, Design:TSV_RDL (Terminal Network), Interpolating frequency sweep complete. Converged. (11:39:15 PM  Jul 09, 2026)
[info] Project:temp_train_TSV_RDL_2_1783611041_33328, Design:TSV_RDL (Terminal Network), Normal completion of simulation on server: Local Machine. (11:39:15 PM  Jul 09, 2026)
[info] Project:temp_train_TSV_RDL_2_1783611041_33328, Design:TSV_RDL (Terminal Network), Touchstone export: Writing to "C:/ffzhzh/LocalFiles/Ansys_Project_Files/temp_train_TSV_RDL_2_1783611041_33328_SNP/temp_train_TSV_RDL_2_1783611041_33328.s2p" (11:39:16 PM  Jul 09, 2026)
Stopping Batch Run: 11:39:23 PM  Jul 09, 2026
:\ffzhzh\LocalFiles\Ansys_Project_Files
[info] gRPC server started on port 4190 of local host. Only connections from the local host initiated by the same user are permitted.

[info] Project:temp_train_TSV_RDL_3_1783611420_26216, Design:TSV_RDL (Terminal Network), An interpolating frequency sweep with 1000 points has been started using HFSS - Solving Distributed. (11:45:25 PM  Jul 09, 2026)
[info] Project:temp_train_TSV_RDL_3_1783611420_26216, Design:TSV_RDL (Terminal Network), Interpolating frequency sweep complete. Converged. (11:45:25 PM  Jul 09, 2026)
[info] Project:temp_train_TSV_RDL_3_1783611420_26216, Design:TSV_RDL (Terminal Network), Normal completion o[info] Project:temp_train_TSV_RDL_4_1783611487_29156, Design:TSV_RDL (Terminal Network), An interpolating frequency sweep with 1000 points has been started using HFSS - Solving Distributed. (11:46:28 PM  Jul 09, 2026)
[info] Project:temp_train_TSV_RDL_4_1783611487_29156, Design:TSV_RDL (Terminal Network), Interpolating frequency sweep complete. Converged. (11:46:28 PM  Jul 09, 2026)
[info] Project:temp_train_TSV_RDL_4_1783611487_29156, Design:TSV_RDL (Terminal Network), Normal completion o[info] Project:temp_train_TSV_RDL_5_1783611565_33328, Design:TSV_RDL (Terminal Network), An interpolating frequency sweep with 1000 points has been started using HFSS - Solving Distributed. (11:47:54 PM  Jul 09, 2026)
[info] Project:temp_train_TSV_RDL_5_1783611565_33328, Design:TSV_RDL (Terminal Network), Interpolating frequency sweep complete. Converged. (11:47:54 PM  Jul 09, 2026)
[info] Project:temp_train_TSV_RDL_5_1783611565_33328, Design:TSV_RDL (Terminal Network), Normal completion of[info] Project:temp_train_TSV_RDL_6_1783611935_26216, Design:TSV_RDL (Terminal Network), Solving frequencies ... (Nondomain solver), process hf3d: Port 1 supports an additional propagating and/or slowly decaying mode whose attenuation is   1.123e-01 and propagation constant is  -3.946e+02 (11:48:51 PM  Jul 09, 2026)
[info] Project:temp_train_TSV_RDL_6_1783611935_26216, Design:TSV_RDL (Terminal Network), An interpolating frequency sweep with 1000 points has been started using HFSS - Solving [info] Project:temp_train_TSV_RDL_7_1783612000_29156, Design:TSV_RDL (Terminal Network), An interpolating frequency sweep with 1000 points has been started using HFSS - Solving Distributed. (11:57:34 PM  Jul 09, 2026)
[info] Project:temp_train_TSV_RDL_7_1783612000_29156, Design:TSV_RDL (Terminal Network), Interpolating frequency sweep complete. Converged. (11:57:34 PM  Jul 09, 2026)
[info] Project:temp_train_TSV_RDL_7_1783612000_29156, Design:TSV_RDL (Terminal Network), Normal completion of simulation on server: Local Machine. (11:57:34 PM  Jul 09, 2026)
[info] Project:temp_train_TSV_RDL_7_1783612000_29156, Design:TSV_RDL (Terminal Network), Touchstone export: Writing to "C:/ffzhzh/LocalFiles/Ansys_Project_Files/temp_train_TSV_RDL_7_1783612000_29156_SNP/temp_train_TSV_RDL_7_1783612000_29156.s2p" (11:57:35 PM  Jul 09, 2026)
Stopping Batch Run: 11:57:35 PM  Jul 09, 2026
nfo] Project:temp_train_TSV_RDL_8_1783612079_33328, Design:TSV_RDL (Terminal Network), Normal completion of simulation on server: Local Machine. (11:55:10 PM  Jul 09, 2026)
[info] Project:temp_train_TSV_RDL_8_1783612079_33328, Design:TSV_RDL (Terminal Network), Touchstone export: Writing to "C:/ffzhzh/LocalFiles/Ansy[info] Project:temp_train_TSV_RDL_9_1783612457_26216, Design:TSV_RDL (Terminal Network), An interpolating frequency sweep with 1000 points has been started using HFSS - Solving Distributed. (12:03:58 AM  Jul 10, 2026)
[info] Project:temp_train_TSV_RDL_9_1783612457_26216, Design:TSV_RDL (Terminal Network), Interpolating frequency sweep complete. Converged. (12:03:58 AM  Jul 10, 2026)
[info] Project:temp_train_TSV_RDL_9_1783612457_26216, Design:TSV_RDL (Terminal Network), Normal completion of simulation on server: Local Machine. (12:03:59 AM  Jul 10, 2026)
[info] Project:temp_train_TSV_RDL_9_1783612457_26216, Design:TSV_RDL (Terminal Network), Touchstone export: Writing to "C:/ffzhzh/LocalFiles/Ansys_Project_Files/temp_train_TSV_RDL_9_1783612457_26216_SNP/temp_train_TSV_RDL_9_1783612457_26216.s2p" (12:03:59 AM  Jul 10, 2026)
Stopping Batch Run: 12:04:05 AM  Jul 10, 2026
2026)
[info] Project:temp_train_TSV_RDL_10_1783612513_33328, Design:TSV_RDL (Terminal Network), Interpolating frequency sweep complete. Converged. (12:03:20 AM  Jul 10, 2026)
[info] Project:temp_train_TSV_RDL_10_1783612513_33328, Design:TSV_RDL (Terminal Network), Normal completio[info] Project:temp_train_TSV_RDL_11_1783612658_29156, Design:TSV_RDL (Terminal Network), An interpolating frequency sweep with 1000 points has been started using HFSS - Solving Distributed. (12:06:30 AM  Jul 10, 2026)
[info] Project:temp_train_TSV_RDL_11_1783612658_29156, Design:TSV_RDL (Terminal Network), Interpolating frequency sweep complete. Converged. (12:06:30 AM  Jul 10, 2026)
[info] Project:temp_train_TSV_RDL_11_1783612658_29156, Design:TSV_RDL (Terminal Network), Normal completion of simulation on server: Local Machine. (12:06:30 AM  Jul 10, 2026)
[info] Project:temp_train_TSV_RDL_11_1783612658_29156, Design:TSV_RDL (Terminal Network), Touchstone export: Writing to "C:/ffzhzh/LocalFiles/Ansys_Project_Files/temp_train_TSV_RDL_11_1783612658_29156_SNP/temp_train_TSV_RDL_11_1783612658_29156.s2p" (12:06:30 AM  Jul 10, 2026)
Stopping Batch Run: 12:06:40 AM  Jul 10, 2026
[info] Project:temp_train_TSV_RDL_12_1783613012_33328, Design:TSV_RDL (Terminal Network), An interpolating frequency sweep with 1000 points has been started using HFSS - Solving Distributed. (12:13:21 AM  Jul 10, 2026)
[info] Project:temp_train_TSV_RDL_12_1783613012_33328, Design:TSV_RDL (Terminal Network), Interpolating frequency sweep complete. Converged. (12:13:21 AM  Jul 10, 2026)
[info] Project:temp_train_TSV_RDL_12_1783613012_33328, Design:TSV_RDL (Terminal Network), Normal completion of simulation on server: Local Machine. (12:13:22 AM  Jul 10, 2026)
[info] Project:temp_train_TSV_RDL_12_1783613012_33328, Design:TSV_RDL (Terminal Network), Touchstone export: Writing to "C:/ffzhzh/LocalFiles/Ansys_Project_Files/temp_train_TSV_RDL_12_1783613012_33328_SNP/temp_train_TSV_RDL_12_1783613012_33328.s2p" (12:13:23 AM  Jul 10, 2026)
Stopping Batch Run: 12:13:23 AM  Jul 10, 2026
 Project:temp_train_TSV_RDL_13_1783613047_26216, Design:TSV_RDL (Terminal Network), Normal completion of simulation on server: Local Machine. (12:13:18 AM  Jul 10, 2026)
[info] Project:temp_train_TSV_RDL_13_1783613047_26216, Design:TSV_RDL (Terminal Network), To[info] Project:temp_train_TSV_RDL_14_1783613203_29156, Design:TSV_RDL (Terminal Network), An interpolating frequency sweep with 1000 points has been started using HFSS - Solving Distributed. (12:21:04 AM  Jul 10, 2026)
[info] Project:temp_train_TSV_RDL_14_1783613203_29156, Design:TSV_RDL (Terminal Network), Interpolating frequency sweep complete. Converged. (12:21:04 AM  Jul 10, 2026)
[info] Project:temp_train_TSV_RDL_14_1783613203_29156, Design:TSV_RDL (Terminal Network), Normal completion of simulation on server: Local Machine. (12:21:04 AM  Jul 10, 2026)
[info] Project:temp_train_TSV_RDL_14_1783613203_29156, Design:TSV_RDL (Terminal Network), Touchstone export: Writing to "C:/ffzhzh/LocalFiles/Ansys_Project_Files/temp_train_TSV_RDL_14_1783613203_29156_SNP/temp_train_TSV_RDL_14_1783613203_29156.s2p" (12:21:06 AM  Jul 10, 2026)
Stopping Batch Run: 12:21:11 AM  Jul 10, 2026
 HFSS - Solving Distributed. (12:21:02 AM  Jul 10, 2026)
[info] Project:temp_train_TSV_RDL_15_1783613605_33328, Design:TSV_RDL (Terminal Network), Interpolating frequency sweep complete. Converged.[info] Project:temp_train_TSV_RDL_16_1783613609_26216, Design:TSV_RDL (Terminal Network), An interpolating frequency sweep with 1000 points has been started using HFSS - Solving Distributed. (12:30:26 AM  Jul 10, 2026)
[info] Project:temp_train_TSV_RDL_16_1783613609_26216, Design:TSV_RDL (Terminal Network), Interpolating frequency sweep complete. Converged. (12:30:26 AM  Jul 10, 2026)
[info] Project:temp_train_TSV_RDL_16_1783613609_26216, Design:TSV_RDL (Terminal Network), Normal completion of simulation on server: Local Machine. (12:30:26 AM  Jul 10, 2026)
[info] Project:temp_train_TSV_RDL_16_1783613609_26216, Design:TSV_RDL (Terminal Network), Touchstone export: Writing to "C:/ffzhzh/LocalFiles/Ansys_Project_Files/temp_train_TSV_RDL_16_1783613609_26216_SNP/temp_train_TSV_RDL_16_1783613609_26216.s2p" (12:30:26 AM  Jul 10, 2026)
Stopping Batch Run: 12:30:32 AM  Jul 10, 2026
[info] gRPC server started on port 8284 of local host. Only connections from the local host initiated by the same user are permitted.

[info] Project:temp_train_TSV_RDL_17_1783614074_33328, Design:TSV_RDL (Terminal Network), An interpolating frequency sweep with 1000 points has been started using HFSS - Solving Distributed. (12:31:32 AM  Jul 10, 2026)
[info] Project:temp_train_TSV_RDL_18_1783614074_29156, Design:TSV_RDL (Terminal Network), An interpolating frequency sweep with 1000 points has been started using HFSS - Solving Distributed. (12:34:33 AM  Jul 10, 2026)
[info] Project:temp_train_TSV_RDL_18_1783614074_29156, Design:TSV_RDL (Terminal Network), Interpolating frequency sweep complete. Converged. (12:34:33 AM  Jul 10, 2026)
[info] Project:temp_train_TSV_RDL_18_1783614074_29156, Design:TSV_RDL (Terminal Network), Normal completio[info] Project:temp_train_TSV_RDL_19_1783614634_26216, Design:TSV_RDL (Terminal Network), An interpolating frequency sweep with 1000 points has been started using HFSS - Solving Distributed. (12:42:09 AM  Jul 10, 2026)
[info] Project:temp_train_TSV_RDL_19_1783614634_26216, Design:TSV_RDL (Terminal Network), Interpolating frequency sweep complete. Converged. (12:42:09 AM  Jul 10, 2026)
[info] Project:temp_train_TSV_RDL_19_1783614634_26216, Design:TSV_RDL (Terminal Network), Normal completion of simulation on server: Local Machine. (12:42:09 AM  Jul 10, 2026)
[info] Project:temp_train_TSV_RDL_19_1783614634_26216, Design:TSV_RDL (Terminal Network), Touchstone export: Writing to "C:/ffzhzh/LocalFiles/Ansys_Project_Files/temp_train_TSV_RDL_19_1783614634_26216_SNP/temp_train_TSV_RDL_19_1783614634_26216.s2p" (12:42:10 AM  Jul 10, 2026)
Stopping Batch Run: 12:42:18 AM  Jul 10, 2026
ose attenuation is   5.458e-02 and propagation constant is  -3.944e+02 (12:34:36 AM  Jul 10, 2026)
[info] Project:temp_train_TSV_RDL_20_1783614697_33328, Design:TSV_RDL (Terminal Network), An interpolating frequency sweep with 1000 points has been started using HFSS - Solving Distributed. (12:38:44 AM  Jul 10, 2026)
[info] Project:temp_train_TSV_RDL_20_1783614697_33328, Design:TSV_RDL (Terminal Network), Interpolating frequency sweep complete. Converged. (12:38:44 AM  Jul 10, 2026)
[info] Project:temp_train_TSV_RDL_20_1783614697_33328, Design:TSV_RDL (Terminal Network), Normal completion[info] Project:temp_train_TSV_RDL_21_1783614884_29156, Design:TSV_RDL (Terminal Network), An interpolating frequency sweep with 1000 points has been started using HFSS - Solving Distributed. (12:43:01 AM  Jul 10, 2026)
[info] Project:temp_train_TSV_RDL_21_1783614884_29156, Design:TSV_RDL (Terminal Network), Interpolating frequency sweep complete. Converged. (12:43:01 AM  Jul 10, 2026)
[info] Project:temp_train_TSV_RDL_21_1783614884_29156, Design:TSV_RDL (Terminal Network), Normal completion of simulation on server: Local Machine. (12:43:01 AM  Jul 10, 2026)
[info] Project:temp_train_TSV_RDL_21_1783614884_29156, Design:TSV_RDL (Terminal Network), Touchstone export: Writing to "C:/ffzhzh/LocalFiles/Ansys_Project_Files/temp_train_TSV_RDL_21_1783614884_29156_SNP/temp_train_TSV_RDL_21_1783614884_29156.s2p" (12:43:02 AM  Jul 10, 2026)
Stopping Batch Run: 12:43:08 AM  Jul 10, 2026
[info] Project:temp_train_TSV_RDL_22_1783615136_33328, Design:TSV_RDL (Terminal Network), An interpolating frequency sweep with 1000 points has been started using HFSS - Solving Distributed. (12:46:19 AM  Jul 10, 2026)
[info] Project:temp_train_TSV_RDL_22_1783615136_33328, Design:TSV_RDL (Terminal Network), Interpolating frequency sweep complete. Converged. (12:46:19 AM  Jul 10, 2026)
[info] Project:temp_train_TSV_RDL_22_1783615136_33328, Design:TSV_RDL (Terminal Network), Normal completion of simulation on server: Local Machine. (12:46:19 AM  Jul 10, 2026)
[info] Project:temp_train_TSV_RDL_22_1783615136_33328, Design:TSV_RDL (Terminal Network), Touchstone export: Writing to "C:/ffzhzh/LocalFiles/Ansys_Project_Files/temp_train_TSV_RDL_22_1783615136_33328_SNP/temp_train_TSV_RDL_22_1783615136_33328.s2p" (12:46:20 AM  Jul 10, 2026)
Stopping Batch Run: 12:46:29 AM  Jul 10, 2026
inal Network), Solving frequencies ... (Nondomain solver), process hf3d: Port 2 supports an additional[info] Project:temp_train_TSV_RDL_24_1783615391_29156, Design:TSV_RDL (Terminal Network), An interpolating frequency sweep with 1000 points has been started using HFSS - Solving Distributed. (12:50:58 AM  Jul 10, 2026)
[info] Project:temp_train_TSV_RDL_24_1783615391_29156, Design:TSV_RDL (Terminal Network), Interpolating frequency sweep complete. Converged. (12:50:58 AM  Jul 10, 2026)
[info] Project:temp_train_TSV_RDL_24_1783615391_29156, Design:TSV_RDL (Terminal Network), Normal completion of simulation on server: Local Machine. (12:50:58 AM  Jul 10, 2026)
[info] Project:temp_train_TSV_RDL_24_1783615391_29156, Design:TSV_RDL (T[info] Project:temp_train_TSV_RDL_25_1783615591_33328, Design:TSV_RDL (Terminal Network), An interpolating frequency sweep with 1000 points has been started using HFSS - Solving Distributed. (12:53:26 AM  Jul 10, 2026)
[info] Project:temp_train_TSV_RDL_25_1783615591_33328, Design:TSV_RDL (Terminal Network), Interpolating frequency sweep complete. Converged. (12:53:26 AM  Jul 10, 2026)
[info] Project:temp_train_TSV_RDL_25_1783615591_33328, Design:TSV_RDL (Terminal Network), Normal completion of simulation on server: Local Machine. (12:53:26 AM  Jul 10, 2026)
[info] Project:temp_train_TSV_RDL_25_1783615591_33328, Design:TSV_RDL (Terminal Network), Touchstone export: Writing to "C:/ffzhzh/LocalFiles/Ansys_Project_Files/temp_train_TSV_RDL_25_1783615591_33328_SNP/temp_train_TSV_RDL_25_1783615591_33328.s2p" (12:53:27 AM  Jul 10, 2026)
Stopping Batch Run: 12:53:34 AM  Jul 10, 2026
[info] Project:temp_train_TSV_RDL_26_1783615777_26216, Design:TSV_RDL (Terminal Network), An interpolating frequency sweep with 1000 points has been started using HFSS - Solving Distributed. (12:57:48 AM  Jul 10, 2026)
[info] Project:temp_train_TSV_RDL_26_1783615777_26216, Design:TSV_RDL (Terminal Network), Interpolating frequency sweep complete. Converged. (12:57:48 AM  Jul 10, 2026)
[info] Project:temp_train_TSV_RDL_26_1783615777_26216, Design:TSV_RDL (Terminal Network), Normal completion[info] Project:temp_train_TSV_RDL_27_1783615866_29156, Design:TSV_RDL (Terminal Network), An interpolating frequency sweep with 1000 points has been started using HFSS - Solving Distributed. (12:58:46 AM  Jul 10, 2026)
[info] Project:temp_train_TSV_RDL_27_1783615866_29156, Design:TSV_RDL (Terminal Network), Interpolating frequency sweep complete. Converged. (12:58:46 AM  Jul 10, 2026)
[info] Project:temp_train_TSV_RDL_27_1783615866_29156, Design:TSV_RDL (Terminal Network), Normal completio[info] Project:temp_train_TSV_RDL_28_1783616016_33328, Design:TSV_RDL (Terminal Network), An interpolating frequency sweep with 1000 points has been started using HFSS - Solving Distributed. (01:07:59 AM  Jul 10, 2026)
[info] Project:temp_train_TSV_RDL_28_1783616016_33328, Design:TSV_RDL (Terminal Network), Interpolating frequency sweep complete. Converged. (01:07:59 AM  Jul 10, 2026)
[info] Project:temp_train_TSV_RDL_28_1783616016_33328, Design:TSV_RDL (Terminal Network), Normal completio[info] Project:temp_train_TSV_RDL_29_1783616276_26216, Design:TSV_RDL (Terminal Network), An interpolating frequency sweep with 1000 points has been started using HFSS - Solving Distributed. (01:14:20 AM  Jul 10, 2026)
[info] Project:temp_train_TSV_RDL_29_1783616276_26216, Design:TSV_RDL (Terminal Network), Interpolating frequency sweep complete. Converged. (01:14:20 AM  Jul 10, 2026)
[info] Project:temp_train_TSV_RDL_29_1783616276_26216, Design:TSV_RDL (Terminal Network), Normal completio[info] Project:temp_train_TSV_RDL_30_1783616337_29156, Design:TSV_RDL (Terminal Network), An interpolating frequency sweep with 1000 points has been started using HFSS - Solving Distributed. (01:27:22 AM  Jul 10, 2026)
[info] Project:temp_train_TSV_RDL_30_1783616337_29156, Design:TSV_RDL (Terminal Network), Interpolating frequency sweep complete. Converged. (01:27:22 AM  Jul 10, 2026)
[info] Project:temp_train_TSV_RDL_30_1783616337_29156, Design:TSV_RDL (Terminal Network), Normal completion of simulation on server: Local Machine. (01:27:23 AM  Jul 10, 2026)
[info] Project:temp_train_TSV_RDL_30_1783616337_29156, Design:TSV_RDL (Terminal Network), Touchstone export: Writing to "C:/ffzhzh/LocalFiles/Ansys_Project_Files/temp_train_TSV_RDL_30_1783616337_29156_SNP/temp_train_TSV_RDL_30_1783616337_29156.s2p" (01:27:24 AM  Jul 10, 2026)
Stopping Batch Run: 1:27:32 AM  Jul 10, 2026
] Project:temp_train_TSV_RDL_31_1783616893_33328, Design:TSV_RDL (Terminal Network), Normal completi[info] Project:temp_train_TSV_RDL_32_1783617273_26216, Design:TSV_RDL (Terminal Network), An interpolating frequency sweep with 1000 points has been started using HFSS - Solving Distributed. (01:22:02 AM  Jul 10, 2026)
[info] Project:temp_train_TSV_RDL_32_1783617273_26216, Design:TSV_RDL (Terminal Network), Interpolating frequency sweep complete. Converged. (01:22:02 AM  Jul 10, 2026)
[info] Project:temp_train_TSV_RDL_32_1783617273_26216, Design:TSV_RDL (Terminal Network), Normal completion of simulation on server: Local Machine. (01:22:03 AM  Jul 10, 2026)
[info] Project:temp_train_TSV_RDL_32_1783617273_26216, Design:TSV_RDL (Terminal Network), Touchstone export: Writing to "C:/ffzhzh/LocalFiles/Ansys_Project_Files/temp_train_TSV_RDL_32_1783617273_26216_SNP/temp_train_TSV_RDL_32_1783617273_26216.s2p" (01:22:03 AM  Jul 10, 2026)
Stopping Batch Run: 1:22:12 AM  Jul 10, 2026

[info] Project:temp_train_TSV_RDL_33_1783617357_33328, Design:TSV_RDL (Terminal Network), An interpolating frequency sweep with 1000 points has been started using HFSS - Solving Distributed. (01:24:37 AM  Jul 10, 2026)
[info] Project:temp_train_TSV_RDL_33_1783617357_33328, Design:TSV_RDL (Terminal Network), Interpolating frequency sweep complete. Converged. (01:24:37 AM  Jul 10, 2026)
[info] Project:temp_train_TSV_RDL_33_1783617357_33328, Design:TSV_RDL (Terminal Network), Normal completi[info] Project:temp_train_TSV_RDL_34_1783617735_26216, Design:TSV_RDL (Terminal Network), An interpolating frequency sweep with 1000 points has been started using HFSS - Solving Distributed. (01:29:07 AM  Jul 10, 2026)
[info] Project:temp_train_TSV_RDL_34_1783617735_26216, Design:TSV_RDL (Terminal Network), Interpolating frequency sweep complete. Converged. (01:29:07 AM  Jul 10, 2026)
[info] Project:temp_train_TSV_RDL_34_1783617735_26216, Design:TSV_RDL (Terminal Network), Normal completion of simulation on server: Local Machine. (01:29:07 AM  Jul 10, 2026)
[info] Project:temp_train_TSV_RDL_34_1783617735_26216, Design:TSV_RDL (Terminal Network), Touchstone export: Writing to "C:/ffzhzh/LocalFiles/Ansys_Project_Files/temp_train_TSV_RDL_34_1783617735_26216_SNP/temp_train_TSV_RDL_34_1783617735_26216.s2p" (01:29:08 AM  Jul 10, 2026)
Stopping Batch Run: 1:29:17 AM  Jul 10, 2026
[info] Project:temp_train_TSV_RDL_35_1783617889_33328, Design:TSV_RDL (Terminal Network), An interpolating frequency sweep with 1000 points has been started using HFSS - Solving Distributed. (01:32:05 AM  Jul 10, 2026)
[info] Project:temp_train_TSV_RDL_35_1783617889_33328, Design:TSV_RDL (Terminal Network), Interpolating frequency sweep complete. Converged. (01:32:05 AM  Jul 10, 2026)
[info] Project:temp_train_TSV_RDL_35_1783617889_33328, Design:TSV_RDL (Terminal Network), Normal completi[info] Project:temp_train_TSV_RDL_36_1783618055_29156, Design:TSV_RDL (Terminal Network), Solving frequencies ... (Nondomain solver), process hf3d: Port 2 supports an additional propagating and/or slowly decaying mode whose attenuation is   1.128e-01 and propagation constant is  -4.553e+02 (01:38:42 AM  Jul 10, 2026)
[info] Project:temp_train_TSV_RDL_36_1783618055_29156, Design:TSV_RDL (Terminal Network), An interpolating frequency sweep with 1000 points has been started using HFSS - Solving Distributed. (01:58:20 AM  Jul 10, 2026)
[info] Project:temp_train_TSV_RDL_36_1783618055_29156, Design:TSV_RDL (Terminal Network), Interpolating frequency sweep complete. Converged. (01:58:20 AM  Jul 10, 2026)
[info] Project:temp_train_TSV_RDL_36_1783618055_29156, Design:TSV_RDL (Terminal Network), Normal completion of simulation on server: Local Machine. (01:58:20 AM  Jul 10, 2026)
[info] Project:temp_train_TSV_RDL_36_1783618055_29156, Design:TSV_RDL (Terminal Network), Touchstone export: Writing to "C:/ffzhzh/LocalFiles/Ansys_Project_Files/temp_train_TSV_RDL_36_1783618055_29156_SNP/temp_train_TSV_RDL_36_1783618055_29156.s2p" (01:58:21 AM  Jul 10, 2026)
Stopping Batch Run: 1:58:30 AM  Jul 10, 2026
roject_Files/temp_train_TSV_RDL_37_1783618160_26216_SNP/temp_train_TSV_RDL_37_1783618160_26216.s2p"[info] Project:temp_train_TSV_RDL_38_1783618330_33328, Design:TSV_RDL (Terminal Network), An interpolating frequency sweep with 1000 points has been started using HFSS - Solving Distributed. (01:45:30 AM  Jul 10, 2026)
[info] Project:temp_train_TSV_RDL_38_1783618330_33328, Design:TSV_RDL (Terminal Network), Interpolating frequency sweep complete. Converged. (01:45:30 AM  Jul 10, 2026)
[info] Project:temp_train_TSV_RDL_38_1783618330_33328, Design:TSV_RDL (Terminal Network), Normal completion of simulation on server: Local Machine. (01:45:30 AM  Jul 10, 2026)
[inf[info] Project:temp_train_TSV_RDL_39_1783618676_26216, Design:TSV_RDL (Terminal Network), An interpolating frequency sweep with 1000 points has been started using HFSS - Solving Distributed. (01:46:16 AM  Jul 10, 2026)
[info] Project:temp_train_TSV_RDL_39_1783618676_26216, Design:TSV_RDL (Terminal Network), Interpolating frequency sweep complete. Converged. (01:46:16 AM  Jul 10, 2026)
[info] Project:temp_train_TSV_RDL_39_1783618676_26216, Design:TSV_RDL (Terminal Network), Normal completion of simulation on server: Local Machine. (01:46:16 AM  Jul 10, 2026)
[info] Project:temp_train_TSV_RDL_39_1783618676_26216, Design:TSV_RDL (Terminal Network), Touchstone export: Writing to "C:/ffzhzh/LocalFiles/Ansys_Project_Files/temp_train_TSV_RDL_39_1783618676_26216_SNP/temp_train_TSV_RDL_39_1783618676_26216.s2p"[info] Project:temp_train_TSV_RDL_40_1783619141_33328, Design:TSV_RDL (Terminal Network), An interpolating frequency sweep with 1000 points has been started using HFSS - Solving Distributed. (01:54:54 AM  Jul 10, 2026)
[info] Project:temp_train_TSV_RDL_40_1783619141_33328, Design:TSV_RDL (Terminal Network), Interpolating frequency sweep complete. Converged. (01:54:54 AM  Jul 10, 2026)
[info] Project:temp_train_TSV_RDL_40_1783619141_33328, Design:TSV_RDL (Terminal Network), Normal completion of simulation on server: Local Machine. (01:54:54 AM  Jul 10, 2026)
[info[info] Project:temp_train_TSV_RDL_41_1783619180_26216, Design:TSV_RDL (Terminal Network), An interpolating frequency sweep with 1000 points has been started using HFSS - Solving Distributed. (01:55:23 AM  Jul 10, 2026)
[info] Project:temp_train_TSV_RDL_41_1783619180_26216, Design:TSV_RDL (Terminal Network), Interpolating frequency sweep complete. Converged. (01:55:23 AM  Jul 10, 2026)
[info] Project:temp_train_TSV_RDL_41_1783619180_26216, Design:TSV_RDL (Terminal Network), Normal completion of simulation on server: Local Machine. (01:55:23 AM  Jul 10, 2026)
[info] Project:temp_train_TSV_RDL_41_1783619180_26216, Design:TSV_RDL (Terminal Network), Touchstone export: Writing to "C:/ffzhzh/LocalFiles/Ansys_Project_Files/temp_train_TSV_RDL_41_1783619180_26216_SNP/temp_train_TSV_RDL_41_1783619180_26216.s2p[info] Project:temp_train_TSV_RDL_42_1783619708_33328, Design:TSV_RDL (Terminal Network), An interpolating frequency sweep with 1000 points has been started using HFSS - Solving Distributed. (02:03:12 AM  Jul 10, 2026)
[info] Project:temp_train_TSV_RDL_42_1783619708_33328, Design:TSV_RDL (Terminal Network), Interpolating frequency sweep complete. Converged. (02:03:12 AM  Jul 10, 2026)
[info] Project:temp_train_TSV_RDL_42_1783619708_33328, Design:TSV_RDL (Terminal Network), Normal completion of simulation on server: Local Machine. (02:03:13 AM  Jul 10, 2026)
[info[info] Project:temp_train_TSV_RDL_43_1783619727_26216, Design:TSV_RDL (Terminal Network), An interpolating frequency sweep with 1000 points has been started using HFSS - Solving Distributed. (02:09:11 AM  Jul 10, 2026)
[info] Project:temp_train_TSV_RDL_43_1783619727_26216, Design:TSV_RDL (Terminal Network), Interpolating frequency sweep complete. Converged. (02:09:11 AM  Jul 10, 2026)
[info] Project:temp_train_TSV_RDL_43_1783619727_26216, Design:TSV_RDL (Terminal Network), Normal completio[info] Project:temp_train_TSV_RDL_44_1783619912_29156, Design:TSV_RDL (Terminal Network), An interpolating frequency sweep with 1000 points has been started using HFSS - Solving Distributed. (02:12:53 AM  Jul 10, 2026)
[info] Project:temp_train_TSV_RDL_44_1783619912_29156, Design:TSV_RDL (Terminal Network), Interpolating frequency sweep complete. Converged. (02:12:53 AM  Jul 10, 2026)
[info] Project:temp_train_TSV_RDL_44_1783619912_29156, Design:TSV_RDL (Terminal Network), Normal completion of simulation on server: Local Machine. (02:12:54 AM  Jul 10, 2026)
[info] Project:temp_train_TSV_RDL_44_1783619912_29156, Design:TSV_RDL (Terminal Network), Touchstone export: Writing to "C:/ffzhzh/LocalFiles/Ansys_Project_Files/temp_train_TSV_RDL_44_1783619912_29156_SNP/temp_train_TSV_RDL_44_1783619912_29156.s2p" (02:12:54 AM  Jul 10, 2026)
Stopping Batch Run: 2:12:55 AM  Jul 10, 2026
 Project:temp_train_TSV_RDL_45_1783620196_33328, Design:TSV_RDL (Terminal Network), Normal completi[info] Project:temp_train_TSV_RDL_46_1783620564_26216, Design:TSV_RDL (Terminal Network), An interpolating frequency sweep with 1000 points has been started using HFSS - Solving Distributed. (02:17:06 AM  Jul 10, 2026)
[info] Project:temp_train_TSV_RDL_46_1783620564_26216, Design:TSV_RDL (Terminal Network), Interpolating frequency sweep complete. Converged. (02:17:06 AM  Jul 10, 2026)
[info] Project:temp_train_TSV_RDL_46_1783620564_26216, Design:TSV_RDL (Terminal Network), Normal completion of simulation on server: Local Machine. (02:17:07 AM  Jul 10, 2026)
[info] Project:temp_train_TSV_RDL_46_1783620564_26216, Design:TSV_RDL (Terminal Network), Touchstone export: Writing to "C:/ffzhzh/LocalFiles/Ansys_Project_Files/temp_train_TSV_RDL_46_1783620564_26216_SNP/temp_train_TSV_RDL_46_1783620564_26216.s2p" (02:17:07 AM  Jul 10, 2026)
Stopping Batch Run: 2:17:08 AM  Jul 10, 2026
[info] Project:temp_train_TSV_RDL_47_1783620679_33328, Design:TSV_RDL (Terminal Network), An interpolating frequency sweep with 1000 points has been started using HFSS - Solving Distributed. (02:19:09 AM  Jul 10, 2026)
[info] Project:temp_train_TSV_RDL_47_1783620679_33328, Design:TSV_RDL (Terminal Network), Interpolating frequency sweep complete. Converged. (02:19:09 AM  Jul 10, 2026)
[info] Project:temp_train_TSV_RDL_47_1783620679_33328, Design:TSV_RDL (Terminal Network), Normal completi[info] Project:temp_train_TSV_RDL_48_1783620777_29156, Design:TSV_RDL (Terminal Network), An interpolating frequency sweep with 1000 points has been started using HFSS - Solving Distributed. (02:19:39 AM  Jul 10, 2026)
[info] Project:temp_train_TSV_RDL_48_1783620777_29156, Design:TSV_RDL (Terminal Network), Interpolating frequency sweep complete. Converged. (02:19:39 AM  Jul 10, 2026)
[info] Project:temp_train_TSV_RDL_48_1783620777_29156, Design:TSV_RDL (Terminal Network), Normal completio[info] Project:temp_train_TSV_RDL_49_1783621030_26216, Design:TSV_RDL (Terminal Network), An interpolating frequency sweep with 1000 points has been started using HFSS - Solving Distributed. (02:25:56 AM  Jul 10, 2026)
[info] Project:temp_train_TSV_RDL_49_1783621030_26216, Design:TSV_RDL (Terminal Network), Interpolating frequency sweep complete. Converged. (02:25:56 AM  Jul 10, 2026)
[info] Project:temp_train_TSV_RDL_49_1783621030_26216, Design:TSV_RDL (Terminal Network), Normal completi[info] Project:temp_train_TSV_RDL_50_1783621154_33328, Design:TSV_RDL (Terminal Network), An interpolating frequency sweep with 1000 points has been started using HFSS - Solving Distributed. (02:32:10 AM  Jul 10, 2026)
[info] Project:temp_train_TSV_RDL_50_1783621154_33328, Design:TSV_RDL (Terminal Network), Interpolating frequency sweep complete. Converged. (02:32:10 AM  Jul 10, 2026)
[info] Project:temp_train_TSV_RDL_50_1783621154_33328, Design:TSV_RDL (Terminal Network), Normal completio[info] Project:temp_train_TSV_RDL_51_1783621184_29156, Design:TSV_RDL (Terminal Network), An interpolating frequency sweep with 1000 points has been started using HFSS - Solving Distributed. (02:32:48 AM  Jul 10, 2026)
[info] Project:temp_train_TSV_RDL_51_1783621184_29156, Design:TSV_RDL (Terminal Network), Interpolating frequency sweep complete. Converged. (02:32:48 AM  Jul 10, 2026)
[info] Project:temp_train_TSV_RDL_51_1783621184_29156, Design:TSV_RDL (Terminal Network), Normal completi[info] Project:temp_train_TSV_RDL_52_1783621571_26216, Design:TSV_RDL (Terminal Network), An interpolating frequency sweep with 1000 points has been started using HFSS - Solving Distributed. (02:43:12 AM  Jul 10, 2026)
[info] Project:temp_train_TSV_RDL_52_1783621571_26216, Design:TSV_RDL (Terminal Network), Interpolating frequency sweep complete. Converged. (02:43:12 AM  Jul 10, 2026)
[info] Project:temp_train_TSV_RDL_52_1783621571_26216, Design:TSV_RDL (Terminal Network), Normal completion of simulation on server: Local Machine. (02:43:12 AM  Jul 10, 2026)
[info] Project:temp_train_TSV_RDL_52_1783621571_26216, Design:TSV_RDL (Terminal Network), Touchstone export: Writing to "C:/ffzhzh/LocalFiles/Ansys_Project_Files/temp_train_TSV_RDL_52_1783621571_26216_SNP/temp_train_TSV_RDL_52_1783621571_26216.s2p" (02:43:14 AM  Jul 10, 2026)
Stopping Batch Run: 2:43:24 AM  Jul 10, 2026
nal Network), An interpolating frequency sweep with 1000 points has been started using HFSS - Solving Distributed. (02:41:49 AM  Jul 10, 2026)
[info] Project:temp_train_TSV_RDL_53_1783621935_33328, Design:TSV_RDL (Terminal Network), Interpolating frequency sweep complete. Converged. (02:41:49 AM  Jul 10, 2026)
[info] Project:temp_train_TSV_RDL_53_1783621935_33328, Design:TSV_RDL (Terminal Network), Normal completion of simulation on server: Local Machine. (02:41:50 AM  Jul 10, 2026)
[info] Project:temp_train_TSV_RDL_53_1783621935_33328, Design:TSV_RDL (Terminal Network), Touchstone export: Writing to "C:/ffzhzh/LocalFiles/Ansys_Project_Files/temp_train_TSV_RDL_53_1783621935_33328_SNP/temp_train_TSV_RDL_53_1783621935_33328.s2p" (02:41:50 AM  Jul 10, 2026)
Stopping Batch Run: 2:41:59 AM  Jul 10, 2026
roject_Files/temp_train_TSV_RDL_54_1783621980_29156_SNP/temp_train_TSV_RDL_54_1783621980_29156.s2p" (02:40:04 AM  Jul 10, 2026)
Stopping Batch Run: 2:40:09 AM  Jul 10, 2026
 
Ansys Electronics Desktop Version 2026.1.0, Build: 2026-02-02 02:17:35
Location: C:\Program Files\ANSYS Inc\v261\AnsysEM\ansysedt.exe
Non Graphical Mode: No Project??
Starting Batch Run: 2:40:14 AM  Jul 10, 2026
Running as user : FENG\ffzhz
Temp directory: C:\ffzhzh\LocalFiles\Ansys_Temp
Project directory: C:\ffzhzh\LocalFiles\Ansys_Project_Files
[info] gRPC server started on port 7901 of local host. Only connections from the local host initiated by the same user are permitted.

[info] Project:temp_train_TSV_RDL_55_1783622412_29156, Design:TSV_RDL (Terminal Network), An interpolating frequency sweep with 1000 points has been started using HFSS - Solving Distributed. (02:59:15 AM  Jul 10, 2026)
[info] Project:temp_train_TSV_RDL_55_1783622412_29156, Design:TSV_RDL (Terminal Network), Interpolating frequency sweep complete. Converged. (02:59:15 AM  Jul 10, 2026)
[info] Project:temp_train_TSV_RDL_55_1783622412_29156, Design:TSV_RDL (Terminal Network), Normal completion of simulation on server: Local Machine. (02:59:15 AM  Jul 10, 2026)
[info] Project:temp_train_TSV_RDL_55_1783622412_29156, Design:TSV_RDL (Terminal Network), Touchstone export: Writing to "C:/ffzhzh/LocalFiles/Ansys_Project_Files/temp_train_TSV_RDL_55_1783622412_29156_SNP/temp_train_TSV_RDL_55_1783622412_29156.s2p" (02:59:16 AM  Jul 10, 2026)
Stopping Batch Run: 2:59:26 AM  Jul 10, 2026
 Project:temp_train_TSV_RDL_56_1783622521_33328, Design:TSV_RDL (Terminal Network), Normal completio[info] Project:temp_train_TSV_RDL_57_1783622606_26216, Design:TSV_RDL (Terminal Network), Solving frequencies ... (Nondomain solver), process hf3d: Port 1 supports an additional propagating and/or slowly decaying mode whose attenuation is   4.680e-02 and propagation constant is  -3.930e+02 (02:53:13 AM  Jul 10, 2026)
[info] Project:temp_train_TSV_RDL_57_1783622606_26216, Design:TSV_RDL (Terminal Network), An interpolating frequency sweep with 1000 points has been started using HFSS - Solving Distributed. (03:13:35 AM  Jul 10, 2026)
[info] Project:temp_train_TSV_RDL_57_1783622606_26216, Design:TSV_RDL (Terminal Network), Interpolating frequency sweep complete. Converged. (03:13:35 AM  Jul 10, 2026)
[info] Project:temp_train_TSV_RDL_57_1783622606_26216, Design:TSV_RDL (Terminal Network), Normal completion of simulation on server: Local Machine. (03:13:35 AM  Jul 10, 2026)
[info] Project:temp_train_TSV_RDL_57_1783622606_26216, Design:TSV_RDL (Terminal Network), Touchstone export: Writing to "C:/ffzhzh/LocalFiles/Ansys_Project_Files/temp_train_TSV_RDL_57_1783622606_26216_SNP/temp_train_TSV_RDL_57_1783622606_26216.s2p" (03:13:36 AM  Jul 10, 2026)
Stopping Batch Run: 3:13:42 AM  Jul 10, 2026
ng frequency sweep complete. Converged. (02:57:28 AM  Jul 10, 2026)
[info] Project:temp_train_TSV_RDL_58_1783622952_33328, Design:TSV_RDL (Terminal Network), Normal completion of simulation on server: Local Machine. (02:57:28 AM  Jul 10, 2026)
[info] Project:temp_train_TSV_RDL_58_1783622952_33328, Design:TSV_RDL (Terminal Network), Touchstone export: Writing to "C:/ffzhzh/LocalFiles/Ansys_Project_Files/temp_train_TSV_RDL_58_1783622952_33328_SNP/temp_train_TSV_RDL_58_1783622952_33328.s2p" (02:57:29 AM  Jul 10, 2026)
Stopping Batch Run: 2:57:36 AM  Jul 10, 2026
 
Ansys Electronics Desktop Version 2026.1.0, Build: 2026-02-02 02:17:35
Location: C:\Program Files\ANSYS Inc\v261\AnsysEM\ansysedt.exe
Non Graphical Mode: No Project??
Starting Batch Run: 2:57:41 AM  Jul 10, 2026
Running as user : FENG\ffzhz
Temp directory: C:\ffzhzh\LocalFiles\Ansys_Temp
Project directory: C:\ffzhzh\LocalFiles\Ansys_Project_Files
[info] gRPC server started on port 2783 of local host. Only connections from the local host initiated by the same user are permitted.

[info] Project:temp_train_TSV_RDL_59_1783623459_33328, Design:TSV_RDL (Terminal Network), An interpolating frequency sweep with 1000 points has been started using HFSS - Solving Distributed. (03:20:59 AM  Jul 10, 2026)
[info] Project:temp_train_TSV_RDL_59_1783623459_33328, Design:TSV_RDL (Terminal Network), Interpolating frequency sweep complete. Converged. (03:20:59 AM  Jul 10, 2026)
[info] Project:temp_train_TSV_RDL_59_1783623459_33328, Design:TSV_RDL (Terminal Network), Normal completion of simulation on server: Local Machine. (03:20:59 AM  Jul 10, 2026)
[info] Project:temp_train_TSV_RDL_59_1783623459_33328, Design:TSV_RDL (Terminal Network), Touchstone export: Writing to "C:/ffzhzh/LocalFiles/Ansys_Project_Files/temp_train_TSV_RDL_59_1783623459_33328_SNP/temp_train_TSV_RDL_59_1783623459_33328.s2p" (03:21:01 AM  Jul 10, 2026)
Stopping Batch Run: 3:21:08 AM  Jul 10, 2026
 Project:temp_train_TSV_RDL_60_1783623568_29156, Design:TSV_RDL (Terminal Network), Normal completion of simulation on server: Local Machine. (03:06:06 AM  Jul 10, 2026)
[info] Project:temp_train_TSV_RDL_60_1783623568_29156, Design:TSV_RDL (Terminal Network), Touchstone export: Writing to "C:/ffzhzh/LocalFiles/Ansys_Project_Files/temp_train_TSV_RDL_60_1783623568_29156_SNP/temp_train_TSV_RDL_60_1783623568_29156.s2p" (03:06:07 AM  Jul 10, 2026)
Stopping Batch Run: 3:06:16 AM  Jul 10, 2026
 
Ansys Electronics Desktop Version 2026.1.0, Build: 2026-02-02 02:17:35
Location: C:\Program Files\ANSYS Inc\v261\AnsysEM\ansysedt.exe
Non Graphical Mode: No Project??
Starting Batch Run: 3:06:20 AM  Jul 10, 2026
Running as user : FENG\ffzhz
Temp directory: C:\ffzhzh\LocalFiles\Ansys_Temp
Project directory: C:\ffzhzh\LocalFiles\Ansys_Project_Files
[info] gRPC server started on port 5202 of local host. Only connections from the local host initiated by the same user are permitted.

[info] Project:temp_train_TSV_RDL_61_1783623978_29156, Design:TSV_RDL (Terminal Network), An interpolating frequency sweep with 1000 points has been started using HFSS - Solving Distributed. (03:16:35 AM  Jul 10, 2026)
[info] Project:temp_train_TSV_RDL_61_1783623978_29156, Design:TSV_RDL (Terminal Network), Interpolating frequency sweep complete. Converged. (03:16:35 AM  Jul 10, 2026)
[info] Project:temp_train_TSV_RDL_61_1783623978_29156, Design:TSV_RDL (Terminal Network), Normal completi[info] Project:temp_train_TSV_RDL_62_1783624424_26216, Design:TSV_RDL (Terminal Network), An interpolating frequency sweep with 1000 points has been started using HFSS - Solving Distributed. (03:21:13 AM  Jul 10, 2026)
[info] Project:temp_train_TSV_RDL_62_1783624424_26216, Design:TSV_RDL (Terminal Network), Interpolating frequency sweep complete. Converged. (03:21:13 AM  Jul 10, 2026)
[info] Project:temp_train_TSV_RDL_62_1783624424_26216, Design:TSV_RDL (Terminal Network), Normal completion of simulation on server: Local Machine. (03:21:14 AM  Jul 10, 2026)
[info] Project:temp_train_TSV_RDL_62_1783624424_26216, Design:TSV_RDL (Terminal Network), Touchstone export: Writing to "C:/ffzhzh/LocalFiles/Ansys_Project_Files/temp_train_TSV_RDL_62_1783624424_26216_SNP/temp_train_TSV_RDL_62_1783624424_26216.s2p" (03:21:15 AM  Jul 10, 2026)
Stopping Batch Run: 3:21:23 AM  Jul 10, 2026
[info] Project:temp_train_TSV_RDL_63_1783624609_29156, Design:TSV_RDL (Terminal Network), An interpolating frequency sweep with 1000 points has been started using HFSS - Solving Distributed. (03:26:53 AM  Jul 10, 2026)
[info] Project:temp_train_TSV_RDL_63_1783624609_29156, Design:TSV_RDL (Terminal Network), Interpolating frequency sweep complete. Converged. (03:26:53 AM  Jul 10, 2026)
[info] Project:temp_train_TSV_RDL_63_1783624609_29156, Design:TSV_RDL (Terminal Network), Normal completi[info] Project:temp_train_TSV_RDL_64_1783624870_33328, Design:TSV_RDL (Terminal Network), An interpolating frequency sweep with 1000 points has been started using HFSS - Solving Distributed. (03:57:20 AM  Jul 10, 2026)
[info] Project:temp_train_TSV_RDL_64_1783624870_33328, Design:TSV_RDL (Terminal Network), Interpolating frequency sweep complete. Converged. (03:57:20 AM  Jul 10, 2026)
[info] Project:temp_train_TSV_RDL_64_1783624870_33328, Design:TSV_RDL (Terminal Network), Normal completion of simulation on server: Local Machine. (03:57:21 AM  Jul 10, 2026)
[info] Project:temp_train_TSV_RDL_64_1783624870_33328, Design:TSV_RDL (Terminal Network), Touchstone export: Writing to "C:/ffzhzh/LocalFiles/Ansys_Project_Files/temp_train_TSV_RDL_64_1783624870_33328_SNP/temp_train_TSV_RDL_64_1783624870_33328.s2p" (03:57:21 AM  Jul 10, 2026)
Stopping Batch Run: 3:57:31 AM  Jul 10, 2026
] Project:temp_train_TSV_RDL_65_1783624885_26216, Design:TSV_RDL (Terminal Network), Normal completion of simulation on server: Local Machine. (03:48:21 AM  Jul 10, 2026)
[info] Project:temp_train_TSV_RDL_65_1783624885_26216, Design:TSV_RDL (Terminal Network), Touchstone export: Writing to "C:/ffzhzh/LocalFiles/Ansys_Project_Files/temp_train_TSV_RDL_65_1783624885_26216_SNP/temp_train_TSV_RDL_65_1783624885_26216.s2p" (03:48:21 AM  Jul 10, 2026)
Stopping Batch Run: 3:48:30 AM  Jul 10, 2026
nal Network), An interpolating frequency sweep with 1000 points has been started using HFSS - Solving Distributed. (03:37:10 AM  Jul 10, 2026)
[info] Project:temp_train_TSV_RDL_66_1783625225_29156, Design:TSV_RDL (Terminal Network), Interpolating frequency sweep complete. Converged. (03:37:10 AM  Jul 10, 2026)
[info] Project:temp_train_TSV_RDL_66_1783625225_29156, Design:TSV_RDL (Terminal Network), Normal completion of simulation on server: Local Machine. (03:37:10 AM  Jul 10, 2026)
[info] Project:temp_train_TSV_RDL_66_1783625225_29156, Design:TSV_RDL (Terminal Network), Touchstone export: Writing to "C:/ffzhzh/LocalFiles/Ansys_Project_Files/temp_train_TSV_RDL_66_1783625225_29156_SNP/temp_train_TSV_RDL_66_1783625225_29156.s2p" (03:37:11 AM  Jul 10, 2026)
Stopping Batch Run: 3:37:19 AM  Jul 10, 2026
 
Ansys Electronics Desktop Version 2026.1.0, Build: 2026-02-02 02:17:35
Location: C:\Program Files\ANSYS Inc\v261\AnsysEM\ansysedt.exe
Non Graphical Mode: No Project??
Starting Batch Run: 3:37:24 AM  Jul 10, 2026
Running as user : FENG\ffzhz
Temp directory: C:\ffzhzh\LocalFiles\Ansys_Temp
Project directory: C:\ffzhzh\LocalFiles\Ansys_Project_Files
[info] gRPC server started on port 5495 of local host. Only connections from the local host initiated by the same user are permitted.

[info] Project:temp_train_TSV_RDL_67_1783625842_29156, Design:TSV_RDL (Terminal Network), An interpolating frequency sweep with 1000 points has been started using HFSS - Solving Distributed. (03:48:17 AM  Jul 10, 2026)
[info] Project:temp_train_TSV_RDL_67_1783625842_29156, Design:TSV_RDL (Terminal Network), Interpolating frequency sweep complete. Converged. (03:48:17 AM  Jul 10, 2026)
[info] Project:temp_train_TSV_RDL_67_1783625842_29156, Design:TSV_RDL (Terminal Network), Normal completion of simulation on server: Local Machine. (03:48:17 AM  Jul 10, 2026)
[info] Project:temp_train_TSV_RDL_67_1783625842_29156, Design:TSV_RDL (Terminal Network), Touchstone export: Writing to "C:/ffzhzh/LocalFiles/Ansys_Project_Files/temp_train_TSV_RDL_67_1783625842_29156_SNP/temp_train_TSV_RDL_67_1783625842_29156.s2p" (03:48:18 AM  Jul 10, 2026)
Stopping Batch Run: 3:48:25 AM  Jul 10, 2026
 
Ansys Electronics Desktop Version 2026.1.0, Build: 2026-02-02 02:17:35
Location: C:\Program Files\ANSYS Inc\v261\AnsysEM\ansysedt.exe
Non Graphical Mode: No Project??
Starting Batch Run: 3:48:29 AM  Jul 10, 2026
Running as user : FENG\ffzhz
Temp directory: C:\ffzhzh\LocalFiles\Ansys_Temp
Project directory: C:\ffzhzh\LocalFiles\Ansys_Project_Files
[info] gRPC server started on port 9931 of local host. Only connections from the local host initiated by the same user are permitted.

[info] Project:temp_train_TSV_RDL_68_1783626508_29156, Design:TSV_RDL (Terminal Network), An interpolating frequency sweep with 1000 points has been started using HFSS - Solving Distributed. (03:57:27 AM  Jul 10, 2026)
[info] Project:temp_train_TSV_RDL_68_1783626508_29156, Design:TSV_RDL (Terminal Network), Interpolating frequency sweep complete. Converged. (03:57:27 AM  Jul 10, 2026)
[info] Project:temp_train_TSV_RDL_68_1783626508_29156, Design:TSV_RDL (Terminal Network), Normal completi[info] Project:temp_train_TSV_RDL_69_1783626513_26216, Design:TSV_RDL (Terminal Network), An interpolating frequency sweep with 1000 points has been started using HFSS - Solving Distributed. (04:13:37 AM  Jul 10, 2026)
[info] Project:temp_train_TSV_RDL_69_1783626513_26216, Design:TSV_RDL (Terminal Network), Interpolating frequency sweep complete. Converged. (04:13:37 AM  Jul 10, 2026)
[info] Project:temp_train_TSV_RDL_69_1783626513_26216, Design:TSV_RDL (Terminal Network), Normal completion of simulation on server: Local Machine. (04:13:37 AM  Jul 10, 2026)
[info] Project:temp_train_TSV_RDL_69_1783626513_26216, Design:TSV_RDL (Terminal Network), Touchstone export: Writing to "C:/ffzhzh/LocalFiles/Ansys_Project_Files/temp_train_TSV_RDL_69_1783626513_26216_SNP/temp_train_TSV_RDL_69_1783626513_26216.s2p" (04:13:38 AM  Jul 10, 2026)
Stopping Batch Run: 4:13:39 AM  Jul 10, 2026
4_33328, Design:TSV_RDL (Terminal Network), An interpolating frequency sweep with 1000 points has been started using HFSS - Solving Distributed. (04:04:51 AM  Jul 10, 2026)
[info] Project:temp_train_TSV_RDL_70_1783627054_33328, Design:TSV_RDL (Terminal Network), Interpolating frequency sweep complete. Converged. (04:04:51 AM  Jul 10, 2026)
[info] Project:temp_train_TSV_RDL_70_1783627054_33328, Design:TSV_RDL (Terminal Network), Normal completi[info] Project:temp_train_TSV_RDL_71_1783627058_29156, Design:TSV_RDL (Terminal Network), An interpolating frequency sweep with 1000 points has been started using HFSS - Solving Distributed. (04:05:25 AM  Jul 10, 2026)
[info] Project:temp_train_TSV_RDL_71_1783627058_29156, Design:TSV_RDL (Terminal Network), Interpolating frequency sweep complete. Converged. (04:05:25 AM  Jul 10, 2026)
[info] Project:temp_train_TSV_RDL_71_1783627058_29156, Design:TSV_RDL (Terminal Network), Normal completion of simulation on server: Local Machine. (04:05:25 AM  Jul 10, 2026)
[info] Project:temp_train_TSV_RDL_71_1783627058_29156, Design:TSV_RDL (Terminal Network), Touchstone export: Writing to "C:/ffzhzh/LocalFiles/Ansys_Project_Files/temp_train_TSV_RDL_71_1783627058_29156_SNP/temp_train_TSV_RDL_71_1783627058_29156.s2p" (04:05:26 AM  Jul 10, 2026)
Stopping Batch Run: 4:05:26 AM  Jul 10, 2026
[info] Project:temp_train_TSV_RDL_72_1783627496_33328, Design:TSV_RDL (Terminal Network), An interpolating frequency sweep with 1000 points has been started using HFSS - Solving Distributed. (04:12:06 AM  Jul 10, 2026)
[info] Project:temp_train_TSV_RDL_72_1783627496_33328, Design:TSV_RDL (Terminal Network), Interpolating frequency sweep complete. Converged. (04:12:06 AM  Jul 10, 2026)
[info] Project:temp_train_TSV_RDL_72_1783627496_33328, Design:TSV_RDL (Terminal Network), Normal completi[info] Project:temp_train_TSV_RDL_73_1783627528_29156, Design:TSV_RDL (Terminal Network), An interpolating frequency sweep with 1000 points has been started using HFSS - Solving Distributed. (04:15:49 AM  Jul 10, 2026)
[info] Project:temp_train_TSV_RDL_73_1783627528_29156, Design:TSV_RDL (Terminal Network), Interpolating frequency sweep complete. Converged. (04:15:49 AM  Jul 10, 2026)
[info] Project:temp_train_TSV_RDL_73_1783627528_29156, Design:TSV_RDL (Terminal Network), Normal completion of simulation on server: Local Machine. (04:15:49 AM  Jul 10, 2026)
[info] Project:temp_train_TSV_RDL_73_1783627528_29156, Design:TSV_RDL (Terminal Network), Touchstone export: Writing to "C:/ffzhzh/LocalFiles/Ansys_Project_Files/temp_train_TSV_RDL_73_1783627528_29156_SNP/temp_train_TSV_RDL_73_1783627528_29156.s2p" (04:15:50 AM  Jul 10, 2026)
Stopping Batch Run: 4:15:58 AM  Jul 10, 2026
[info] Project:temp_train_TSV_RDL_74_1783627931_33328, Design:TSV_RDL (Terminal Network), An interpolating frequency sweep with 1000 points has been started using HFSS - Solving Distributed. (04:21:09 AM  Jul 10, 2026)
[info] Project:temp_train_TSV_RDL_74_1783627931_33328, Design:TSV_RDL (Terminal Network), Interpolating frequency sweep complete. Converged. (04:21:09 AM  Jul 10, 2026)
[info] Project:temp_train_TSV_RDL_74_1783627931_33328, Design:TSV_RDL (Terminal Network), Normal completi[info] Project:temp_train_TSV_RDL_75_1783628022_26216, Design:TSV_RDL (Terminal Network), An interpolating frequency sweep with 1000 points has been started using HFSS - Solving Distributed. (04:36:36 AM  Jul 10, 2026)
[info] Project:temp_train_TSV_RDL_75_1783628022_26216, Design:TSV_RDL (Terminal Network), Interpolating frequency sweep complete. Converged. (04:36:36 AM  Jul 10, 2026)
[info] Project:temp_train_TSV_RDL_75_1783628022_26216, Design:TSV_RDL (Terminal Network), Normal completion of simulation on server: Local Machine. (04:36:36 AM  Jul 10, 2026)
[info] Project:temp_train_TSV_RDL_75_1783628022_26216, Design:TSV_RDL (Terminal Network), Touchstone export: Writing to "C:/ffzhzh/LocalFiles/Ansys_Project_Files/temp_train_TSV_RDL_75_1783628022_26216_SNP/temp_train_TSV_RDL_75_1783628022_26216.s2p" (04:36:37 AM  Jul 10, 2026)
Stopping Batch Run: 4:36:44 AM  Jul 10, 2026
 Project:temp_train_TSV_RDL_76_1783628159_29156, Design:TSV_RDL (Terminal Network), Normal completi[info] Project:temp_train_TSV_RDL_77_1783628482_33328, Design:TSV_RDL (Terminal Network), An interpolating frequency sweep with 1000 points has been started using HFSS - Solving Distributed. (04:29:23 AM  Jul 10, 2026)
[info] Project:temp_train_TSV_RDL_77_1783628482_33328, Design:TSV_RDL (Terminal Network), Interpolating frequency sweep complete. Converged. (04:29:23 AM  Jul 10, 2026)
[info] Project:temp_train_TSV_RDL_77_1783628482_33328, Design:TSV_RDL (Terminal Network), Normal completion of simulation on server: Local Machine. (04:29:23 AM  Jul 10, 2026)
[info] Project:temp_train_TSV_RDL_77_1783628482_33328, Design:TSV_RDL (Terminal Network), Touchstone export: Writing to "C:/ffzhzh/LocalFiles/Ansys_Project_Files/temp_train_TSV_RDL_77_1783628482_33328_SNP/temp_train_TSV_RDL_77_1783628482_33328.s2p" (04:29:24 AM  Jul 10, 2026)
Stopping Batch Run: 4:29:24 AM  Jul 10, 2026
[info] Project:temp_train_TSV_RDL_78_1783628626_29156, Design:TSV_RDL (Terminal Network), An interpolating frequency sweep with 1000 points has been started using HFSS - Solving Distributed. (04:32:01 AM  Jul 10, 2026)
[info] Project:temp_train_TSV_RDL_78_1783628626_29156, Design:TSV_RDL (Terminal Network), Interpolating frequency sweep complete. Converged. (04:32:01 AM  Jul 10, 2026)
[info] Project:temp_train_TSV_RDL_78_1783628626_29156, Design:TSV_RDL (Terminal Network), Normal completi[info] Project:temp_train_TSV_RDL_79_1783628966_33328, Design:TSV_RDL (Terminal Network), An interpolating frequency sweep with 1000 points has been started using HFSS - Solving Distributed. (04:37:03 AM  Jul 10, 2026)
[info] Project:temp_train_TSV_RDL_79_1783628966_33328, Design:TSV_RDL (Terminal Network), Interpolating frequency sweep complete. Converged. (04:37:03 AM  Jul 10, 2026)
[info] Project:temp_train_TSV_RDL_79_1783628966_33328, Design:TSV_RDL (Terminal Network), Normal completion of simulation on server: Local Machine. (04:37:04 AM  Jul 10, 2026)
[info] Project:temp_train_TSV_RDL_79_1783628966_33328, Design:TSV_RDL (Terminal Network), Touchstone export: Writing to "C:/ffzhzh/LocalFiles/Ansys_Project_Files/temp_train_TSV_RDL_79_1783628966_33328_SNP/temp_train_TSV_RDL_79_1783628966_33328.s2p" (04:37:04 AM  Jul 10, 2026)
Stopping Batch Run: 4:37:10 AM  Jul 10, 2026
[info] Project:temp_train_TSV_RDL_80_1783629131_29156, Design:TSV_RDL (Terminal Network), An interpolating frequency sweep with 1000 points has been started using HFSS - Solving Distributed. (04:39:30 AM  Jul 10, 2026)
[info] Project:temp_train_TSV_RDL_80_1783629131_29156, Design:TSV_RDL (Terminal Network), Interpolating frequency sweep complete. Converged. (04:39:30 AM  Jul 10, 2026)
[info] Project:temp_train_TSV_RDL_80_1783629131_29156, Design:TSV_RDL (Terminal Network), Normal completi[info] Project:temp_train_TSV_RDL_81_1783629406_26216, Design:TSV_RDL (Terminal Network), An interpolating frequency sweep with 1000 points has been started using HFSS - Solving Distributed. (04:44:26 AM  Jul 10, 2026)
[info] Project:temp_train_TSV_RDL_81_1783629406_26216, Design:TSV_RDL (Terminal Network), Interpolating frequency sweep complete. Converged. (04:44:26 AM  Jul 10, 2026)
[info] Project:temp_train_TSV_RDL_81_1783629406_26216, Design:TSV_RDL (Terminal Network), Normal completi[info] Project:temp_train_TSV_RDL_82_1783629432_33328, Design:TSV_RDL (Terminal Network), An interpolating frequency sweep with 1000 points has been started using HFSS - Solving Distributed. (04:45:33 AM  Jul 10, 2026)
[info] Project:temp_train_TSV_RDL_82_1783629432_33328, Design:TSV_RDL (Terminal Network), Interpolating frequency sweep complete. Converged. (04:45:33 AM  Jul 10, 2026)
[info] Project:temp_train_TSV_RDL_82_1783629432_33328, Design:TSV_RDL (Terminal Network), Normal completi[info] Project:temp_train_TSV_RDL_83_1783629582_29156, Design:TSV_RDL (Terminal Network), An interpolating frequency sweep with 1000 points has been started using HFSS - Solving Distributed. (04:47:17 AM  Jul 10, 2026)
[info] Project:temp_train_TSV_RDL_83_1783629582_29156, Design:TSV_RDL (Terminal Network), Interpolating frequency sweep complete. Converged. (04:47:17 AM  Jul 10, 2026)
[info] Project:temp_train_TSV_RDL_83_1783629582_29156, Design:TSV_RDL (Terminal Network), Normal completio[info] Project:temp_train_TSV_RDL_84_1783629878_26216, Design:TSV_RDL (Terminal Network), An interpolating frequency sweep with 1000 points has been started using HFSS - Solving Distributed. (05:10:26 AM  Jul 10, 2026)
[info] Project:temp_train_TSV_RDL_84_1783629878_26216, Design:TSV_RDL (Terminal Network), Interpolating frequency sweep complete. Converged. (05:10:26 AM  Jul 10, 2026)
[info] Project:temp_train_TSV_RDL_84_1783629878_26216, Design:TSV_RDL (Terminal Network), Normal completion of simulation on server: Local Machine. (05:10:26 AM  Jul 10, 2026)
[info] Project:temp_train_TSV_RDL_84_1783629878_26216, Design:TSV_RDL (Terminal Network), Touchstone export: Writing to "C:/ffzhzh/LocalFiles/Ansys_Project_Files/temp_train_TSV_RDL_84_1783629878_26216_SNP/temp_train_TSV_RDL_84_1783629878_26216.s2p" (05:10:27 AM  Jul 10, 2026)
Stopping Batch Run: 5:10:37 AM  Jul 10, 2026
nal Network), An interpolating frequency sweep with 1000 points has been started using HFSS - Solving Distributed. (04:54:35 AM  Jul 10, 2026)
[info] Project:temp_train_TSV_RDL_85_1783629938_33328, Design:TSV_RDL (Terminal Network), Interpolating frequency sweep complete. Converged. (04:54:35 AM  Jul 10, 2026)
[info] Project:temp_train_TSV_RDL_85_1783629938_33328, Design:TSV_RDL (Terminal Network), Normal completion of simulation on server: Local Machine. (04:54:35 AM  Jul 10, 2026)
[info] Project:temp_train_TSV_RDL_85_1783629938_33328, Design:TSV_RDL (Terminal Network), Touchstone export: Writing to "C:/ffzhzh/LocalFiles/Ansys_Project_Files/temp_train_TSV_RDL_85_1783629938_33328_SNP/temp_train_TSV_RDL_85_1783629938_33328.s2p" (04:54:36 AM  Jul 10, 2026)
Stopping Batch Run: 4:54:36 AM  Jul 10, 2026
Project_Files/temp_train_TSV_RDL_86_1783630041_29156_SNP/temp_train_TSV_RDL_86_1783630041_29156.s2p" (04:53:08 AM  Jul 10, 2026)
Stopping Batch Run: 4:53:16 AM  Jul 10, 2026
 
Ansys Electronics Desktop Version 2026.1.0, Build: 2026-02-02 02:17:35
Location: C:\Program Files\ANSYS Inc\v261\AnsysEM\ansysedt.exe
Non Graphical Mode: No Project??
Starting Batch Run: 4:53:20 AM  Jul 10, 2026
Running as user : FENG\ffzhz
Temp directory: C:\ffzhzh\LocalFiles\Ansys_Temp
Project directory: C:\ffzhzh\LocalFiles\Ansys_Project_Files
[info] gRPC server started on port 2883 of local host. Only connections from the local host initiated by the same user are permitted.

[info] Project:temp_train_TSV_RDL_87_1783630399_29156, Design:TSV_RDL (Terminal Network), Solving frequencies ... (Nondomain solver), process hf3d: Port 2 supports an additional propagating and/or slowly decaying mode whose attenuation is   1.067e-02 and propagation constant is  -4.007e+02 (04:56:18 AM  Jul 10, 2026)
[info] Project:temp_train_TSV_RDL_87_1783630399_29156, Design:TSV_RDL (Terminal Network), An interpolating frequency sweep with 1000 points has been started using HFSS - Solving Distributed. (04:59:11 AM  Jul 10, 2026)
[info] Project:temp_train_TSV_RDL_87_1783630399_29156, Design:TSV_RDL (Terminal Network), Interpolating frequency sweep complete. Converged. (04:59:11 AM  Jul 10, 2026)
[info] Project:temp_train_TSV_RDL_87_1783630399_29156, Design:TSV_RDL (Terminal Network), Normal completion of simulation on server: Local Machine. (04:59:11 AM  Jul 10, 2026)
[info] Project:temp_train_TSV_RDL_87_1783630399_29156, Design:TSV_RDL (Terminal Network), Tou[info] Project:temp_train_TSV_RDL_88_1783630479_33328, Design:TSV_RDL (Terminal Network), An interpolating frequency sweep with 1000 points has been started using HFSS - Solving Distributed. (05:03:52 AM  Jul 10, 2026)
[info] Project:temp_train_TSV_RDL_88_1783630479_33328, Design:TSV_RDL (Terminal Network), Interpolating frequency sweep complete. Converged. (05:03:52 AM  Jul 10, 2026)
[info] Project:temp_train_TSV_RDL_88_1783630479_33328, Design:TSV_RDL (Terminal Network), Normal completion of simulation on server: Local Machine. (05:03:53 AM  Jul 10, 2026)
[info] Project:temp_train_TSV_RDL_88_1783630479_33328, Design:TSV_RDL (Terminal Network), Touchstone export: Writing to "C:/ffzhzh/LocalFiles/Ansys_Project_Fil[info] Project:temp_train_TSV_RDL_89_1783630764_29156, Design:TSV_RDL (Terminal Network), An interpolating frequency sweep with 1000 points has been started using HFSS - Solving Distributed. (05:07:46 AM  Jul 10, 2026)
[info] Project:temp_train_TSV_RDL_89_1783630764_29156, Design:TSV_RDL (Terminal Network), Interpolating frequency sweep complete. Converged. (05:07:46 AM  Jul 10, 2026)
[info] Project:temp_train_TSV_RDL_89_1783630764_29156, Design:TSV_RDL (Terminal Network), Normal completion of simulation on server: Local Machine. (05:07:46 AM  Jul 10, 2026)
[info] Project:temp_train_TSV_RDL_89_1783630764_29156, Design:TSV_RDL (Terminal Network), Touc[info] Project:temp_train_TSV_RDL_90_1783631045_33328, Design:TSV_RDL (Terminal Network), An interpolating frequency sweep with 1000 points has been started using HFSS - Solving Distributed. (05:13:17 AM  Jul 10, 2026)
[info] Project:temp_train_TSV_RDL_90_1783631045_33328, Design:TSV_RDL (Terminal Network), Interpolating frequency sweep complete. Converged. (05:13:17 AM  Jul 10, 2026)
[info] Project:temp_train_TSV_RDL_90_1783631045_33328, Design:TSV_RDL (Terminal Network), Normal completion of simulation on server: Local Machine. (05:13:17 AM  Jul 10, 2026)
[info] Project:temp_train_TSV_RDL_90_1783631045_33328, Design:TSV_RDL (Terminal Network), Touchstone export: Writing to "C:/ffzhzh/LocalFiles/Ansys_Project_Fi[info] Project:temp_train_TSV_RDL_91_1783631279_29156, Design:TSV_RDL (Terminal Network), An interpolating frequency sweep with 1000 points has been started using HFSS - Solving Distributed. (05:23:43 AM  Jul 10, 2026)
[info] Project:temp_train_TSV_RDL_91_1783631279_29156, Design:TSV_RDL (Terminal Network), Interpolating frequency sweep complete. Converged. (05:23:43 AM  Jul 10, 2026)
[info] Project:temp_train_TSV_RDL_91_1783631279_29156, Design:TSV_RDL (Terminal Network), Normal completion of simulation on server: Local Machine. (05:23:43 AM  Jul 10, 2026)
[info] Project:temp_train_TSV_RDL_91_1783631279_29156, Design:TSV_RDL (Terminal Network), Touchstone export: Writing to "C:/ffzhzh/LocalFiles/Ansys_Project_Files/temp_train_TSV_RDL_91_1783631279_29156_SNP/temp_train_TSV_RDL_91_1783631279_29156.s2p" (05:23:43 AM  Jul 10, 2026)
Stopping Batch Run: 5:23:49 AM  Jul 10, 2026
 Project:temp_train_TSV_RDL_92_1783631439_26216, Design:TSV_RDL (Terminal Network), Normal completion of simulation on server: Local Machine. (05:18:23 AM  Jul 10, 2026)
[info] Project:temp_train_TSV_RDL_92_1783631439_26216, Design:TSV_RDL (Terminal Network), Touchstone export: Writing to "C:/ffzhzh/LocalFiles/Ansys_Project_Files/temp_train_TSV_RDL_92_1783631439_26216_SNP/temp_train_TSV_RDL_92_1783631439_26216.s2p"[info] Project:temp_train_TSV_RDL_93_1783631610_33328, Design:TSV_RDL (Terminal Network), An interpolating frequency sweep with 1000 points has been started using HFSS - Solving Distributed. (05:21:01 AM  Jul 10, 2026)
[info] Project:temp_train_TSV_RDL_93_1783631610_33328, Design:TSV_RDL (Terminal Network), Interpolating frequency sweep complete. Converged. (05:21:01 AM  Jul 10, 2026)
[info] Project:temp_train_TSV_RDL_93_1783631610_33328, Design:TSV_RDL (Terminal Network), Normal completion of simulation on server: Local Machine. (05:21:02 AM  Jul 10, 2026)
[inf[info] Project:temp_train_TSV_RDL_94_1783631906_26216, Design:TSV_RDL (Terminal Network), An interpolating frequency sweep with 1000 points has been started using HFSS - Solving Distributed. (05:35:35 AM  Jul 10, 2026)
[info] Project:temp_train_TSV_RDL_94_1783631906_26216, Design:TSV_RDL (Terminal Network), Interpolating frequency sweep complete. Converged. (05:35:35 AM  Jul 10, 2026)
[info] Project:temp_train_TSV_RDL_94_1783631906_26216, Design:TSV_RDL (Terminal Network), Normal completion of simulation on server: Local Machine. (05:35:35 AM  Jul 10, 2026)
[info] Project:temp_train_TSV_RDL_94_1783631906_26216, Design:TSV_RDL (Terminal Network), Touchstone export: Writing to "C:/ffzhzh/LocalFiles/Ansys_Project_Files/temp_train_TSV_RDL_94_1783631906_26216_SNP/temp_train_TSV_RDL_94_1783631906_26216.s2p" (05:35:36 AM  Jul 10, 2026)
Stopping Batch Run: 5:35:44 AM  Jul 10, 2026
nal Network), An interpolating frequency sweep with 1000 points has been started using HFSS - Solving Distributed. (05:32:09 AM  Jul 10, 2026)
[info] Project:temp_train_TSV_RDL_95_1783632066_33328, Design:TSV_RDL (Terminal Network), Interpolating frequency sweep complete. Converged. (05:32:09 AM  Jul 10, 2026)
[info] Project:temp_train_TSV_RDL_95_1783632066_33328, Design:TSV_RDL (Terminal Network), Normal completion of simulation on server: Local Machine. (05:32:09 AM  Jul 10, 2026)
[info] Project:temp_train_TSV_RDL_95_1783632066_33328, Design:TSV_RDL (Terminal Network), Touchstone export: Writing to "C:/ffzhzh/LocalFiles/Ansys_Project_Files/temp_train_TSV_RDL_95_1783632066_33328_SNP/temp_train_TSV_RDL_95_1783632066_33328.s2p"[info] Project:temp_train_TSV_RDL_96_1783632231_29156, Design:TSV_RDL (Terminal Network), An interpolating frequency sweep with 1000 points has been started using HFSS - Solving Distributed. (05:32:35 AM  Jul 10, 2026)
[info] Project:temp_train_TSV_RDL_96_1783632231_29156, Design:TSV_RDL (Terminal Network), Interpolating frequency sweep complete. Converged. (05:32:35 AM  Jul 10, 2026)
[info] Project:temp_train_TSV_RDL_96_1783632231_29156, Design:TSV_RDL (Terminal Network), Normal completion of simulation on server: Local Machine. (05:32:35 AM  Jul 10, 2026)
[info[info] Project:temp_train_TSV_RDL_97_1783632734_33328, Design:TSV_RDL (Terminal Network), An interpolating frequency sweep with 1000 points has been started using HFSS - Solving Distributed. (05:40:07 AM  Jul 10, 2026)
[info] Project:temp_train_TSV_RDL_97_1783632734_33328, Design:TSV_RDL (Terminal Network), Interpolating frequency sweep complete. Converged. (05:40:07 AM  Jul 10, 2026)
[info] Project:temp_train_TSV_RDL_97_1783632734_33328, Design:TSV_RDL (Terminal Network), Normal completion of simulation on server: Local Machine. (05:40:07 AM  Jul 10, 2026)
[info] Project:temp_train_TSV_RDL_97_1783632734_33328, Design:TSV_RDL (Terminal Network), Touchstone export: Writing to "C:/ffzhzh/LocalFiles/Ansys_Project_Files/temp_train_TSV_RDL_97_1783632734_33328_SNP/temp_train_TSV_RDL_97_1783632734_33328.s2p" (05:40:08 AM  Jul 10, 2026)
Stopping Batch Run: 5:40:15 AM  Jul 10, 2026
nal Network), An interpolating frequency sweep with 1000 points has been started using HFSS - Solving Distributed. (05:39:59 AM  Jul 10, 2026)
[info] Project:temp_train_TSV_RDL_98_1783632767_29156, Design:TSV_RDL (Terminal Network), Interpolating frequency sweep complete. Converged. (05:39:59 AM  Jul 10, 2026)
[info] Project:temp_train_TSV_RDL_98_1783632767_29156, Design:TSV_RDL (Terminal Network), Normal completi[info] Project:temp_train_TSV_RDL_99_1783632948_26216, Design:TSV_RDL (Terminal Network), An interpolating frequency sweep with 1000 points has been started using HFSS - Solving Distributed. (05:44:25 AM  Jul 10, 2026)
[info] Project:temp_train_TSV_RDL_99_1783632948_26216, Design:TSV_RDL (Terminal Network), Interpolating frequency sweep complete. Converged. (05:44:25 AM  Jul 10, 2026)
[info] Project:temp_train_TSV_RDL_99_1783632948_26216, Design:TSV_RDL (Terminal Network), Normal completion of simulation on server: Local Machine. (05:44:25 AM  Jul 10, 2026)
[info] Project:temp_train_TSV_RDL_99_1783632948_26216, Design:TSV_RDL (Terminal Network), Touchstone export: Writing to "C:/ffzhzh/LocalFiles/Ansys_Project_Files/temp_train_TSV_RDL_99_1783632948_26216_SNP/temp_train_TSV_RDL_99_1783632948_26216.s2p" (05:44:26 AM  Jul 10, 2026)
Stopping Batch Run: 5:44:35 AM  Jul 10, 2026

[info] Project:temp_train_TSV_RDL_100_1783633212_29156, Design:TSV_RDL (Terminal Network), An interpolating frequency sweep with 1000 points has been started using HFSS - Solving Distributed. (05:51:33 AM  Jul 10, 2026)
[info] Project:temp_train_TSV_RDL_100_1783633212_29156, Design:TSV_RDL (Terminal Network), Interpolating frequency sweep complete. Converged. (05:51:33 AM  Jul 10, 2026)
[info] Project:temp_train_TSV_RDL_100_1783633212_29156, Design:TSV_RDL (Terminal Network), Normal completion of simulation on server: Local Machine. (05:51:34 AM  Jul 10, 2026)
[info] Project:temp_train_TSV_RDL_100_1783633212_29156, Design:TSV_RDL (Terminal Network), Touchstone export: Writing to "C:/ffzhzh/LocalFiles/Ansys_Project_Files/temp_train_TSV_RDL_100_1783633212_29156_SNP/temp_train_TSV_RDL_100_1783633212_29156.s2p" (05:51:34 AM  Jul 10, 2026)
Stopping Batch Run: 5:51:41 AM  Jul 10, 2026
ject:temp_train_TSV_RDL_101_1783633217_33328, Design:TSV_RDL (Terminal Network), Normal comple[info] Project:temp_train_TSV_RDL_102_1783633477_26216, Design:TSV_RDL (Terminal Network), An interpolating frequency sweep with 1000 points has been started using HFSS - Solving Distributed. (05:51:01 AM  Jul 10, 2026)
[info] Project:temp_train_TSV_RDL_102_1783633477_26216, Design:TSV_RDL (Terminal Network), Interpolating frequency sweep complete. Converged. (05:51:01 AM  Jul 10, 2026)
[info] Project:temp_train_TSV_RDL_102_1783633477_26216, Design:TSV_RDL (Terminal Network), Normal completion of simulation on server: Local Machine. (05:51:01 AM  Jul 10, 2026)
[info] Project:temp_train_TSV_RDL_102_1783633477_26216, Design:TSV_RDL (Terminal Network), Touchstone export: Writing to "C:/ffzhzh/LocalFiles/Ansys_Project_Files/temp_train_TSV_RDL_102_1783633477_26216_SNP/temp_train_TSV_RDL_102_1783633477_26216.s2p" (05:51:02 AM  Jul 10, 2026)
Stopping Batch Run: 5:51:02 AM  Jul 10, 2026[info] Project:temp_train_TSV_RDL_103_1783633714_33328, Design:TSV_RDL (Terminal Network), An interpolating frequency sweep with 1000 points has been started using HFSS - Solving Distributed. (05:57:42 AM  Jul 10, 2026)
[info] Project:temp_train_TSV_RDL_103_1783633714_33328, Design:TSV_RDL (Terminal Network), Interpolating frequency sweep complete. Converged. (05:57:42 AM  Jul 10, 2026)
[info] Project:temp_train_TSV_RDL_103_1783633714_33328, Design:TSV_RDL (Terminal Network), Normal comple[info] Project:temp_train_TSV_RDL_104_1783633865_26216, Design:TSV_RDL (Terminal Network), An interpolating frequency sweep with 1000 points has been started using HFSS - Solving Distributed. (05:59:37 AM  Jul 10, 2026)
[info] Project:temp_train_TSV_RDL_104_1783633865_26216, Design:TSV_RDL (Terminal Network), Interpolating frequency sweep complete. Converged. (05:59:37 AM  Jul 10, 2026)
[info] Project:temp_train_TSV_RDL_104_1783633865_26216, Design:TSV_RDL (Terminal Network), Normal completion of simulation on server: Local Machine. (05:59:37 AM  Jul 10, 2026)
[info] Project:temp_train_TSV_RDL_104_1783633865_26216, Design:TSV_RDL (Terminal Network), Touchstone export: Writing to "C:/ffzhzh/LocalFiles/Ansys_Project_Files/temp_train_TSV_RDL_104_1783633865_26216_SNP/temp_train_TSV_RDL_104_1783633865_26216.s2p" (05:59:39 AM  Jul 10, 2026)
Stopping Batch Run: 5:59:39 AM  Jul 10, 2026
ject:temp_train_TSV_RDL_105_1783633903_29156, Design:TSV_RDL (Terminal Network), Normal compl[info] Project:temp_train_TSV_RDL_106_1783634274_33328, Design:TSV_RDL (Terminal Network), An interpolating frequency sweep with 1000 points has been started using HFSS - Solving Distributed. (06:04:07 AM  Jul 10, 2026)
[info] Project:temp_train_TSV_RDL_106_1783634274_33328, Design:TSV_RDL (Terminal Network), Interpolating frequency sweep complete. Converged. (06:04:07 AM  Jul 10, 2026)
[info] Project:temp_train_TSV_RDL_106_1783634274_33328, Design:TSV_RDL (Terminal Network), Normal completion of simulation on server: Local Machine. (06:04:07 AM  Jul 10, 2026)
[info] Project:temp_train_TSV_RDL_106_1783634274_33328, Design:TSV_RDL (Terminal Network), Touchstone export: Writing to "C:/ffzhzh/LocalFiles/Ansys_Project_Files/temp_train_TSV_RDL_106_1783634274_33328_SNP/temp_train_TSV_RDL_106_1783634274_33328.s2p" (06:04:08 AM  Jul 10, 2026)
Stopping Batch Run: 6:04:17 AM  Jul 10, 2026
[info] Project:temp_train_TSV_RDL_107_1783634365_29156, Design:TSV_RDL (Terminal Network), An interpolating frequency sweep with 1000 points has been started using HFSS - Solving Distributed. (06:07:16 AM  Jul 10, 2026)
[info] Project:temp_train_TSV_RDL_107_1783634365_29156, Design:TSV_RDL (Terminal Network), Interpolating frequency sweep complete. Converged. (06:07:16 AM  Jul 10, 2026)
[info] Project:temp_train_TSV_RDL_107_1783634365_29156, Design:TSV_RDL (Terminal Network), Normal compl[info] Project:temp_train_TSV_RDL_108_1783634381_26216, Design:TSV_RDL (Terminal Network), An interpolating frequency sweep with 1000 points has been started using HFSS - Solving Distributed. (06:13:04 AM  Jul 10, 2026)
[info] Project:temp_train_TSV_RDL_108_1783634381_26216, Design:TSV_RDL (Terminal Network), Interpolating frequency sweep complete. Converged. (06:13:04 AM  Jul 10, 2026)
[info] Project:temp_train_TSV_RDL_108_1783634381_26216, Design:TSV_RDL (Terminal Network), Normal compl[info] Project:temp_train_TSV_RDL_109_1783634660_33328, Design:TSV_RDL (Terminal Network), An interpolating frequency sweep with 1000 points has been started using HFSS - Solving Distributed. (06:13:17 AM  Jul 10, 2026)
[info] Project:temp_train_TSV_RDL_109_1783634660_33328, Design:TSV_RDL (Terminal Network), Interpolating frequency sweep complete. Converged. (06:13:17 AM  Jul 10, 2026)
[info] Project:temp_train_TSV_RDL_109_1783634660_33328, Design:TSV_RDL (Terminal Network), Normal compl[info] Project:temp_train_TSV_RDL_110_1783634841_29156, Design:TSV_RDL (Terminal Network), An interpolating frequency sweep with 1000 points has been started using HFSS - Solving Distributed. (06:24:27 AM  Jul 10, 2026)
[info] Project:temp_train_TSV_RDL_110_1783634841_29156, Design:TSV_RDL (Terminal Network), Interpolating frequency sweep complete. Converged. (06:24:27 AM  Jul 10, 2026)
[info] Project:temp_train_TSV_RDL_110_1783634841_29156, Design:TSV_RDL (Terminal Network), Normal comple[info] Project:temp_train_TSV_RDL_111_1783635195_26216, Design:TSV_RDL (Terminal Network), An interpolating frequency sweep with 1000 points has been started using HFSS - Solving Distributed. (06:30:21 AM  Jul 10, 2026)
[info] Project:temp_train_TSV_RDL_111_1783635195_26216, Design:TSV_RDL (Terminal Network), Interpolating frequency sweep complete. Converged. (06:30:21 AM  Jul 10, 2026)
[info] Project:temp_train_TSV_RDL_111_1783635195_26216, Design:TSV_RDL (Terminal Network), Normal completion of simulation on server: Local Machine. (06:30:21 AM  Jul 10, 2026)
[info] Project:temp_train_TSV_RDL_111_1783635195_26216, Design:TSV_RDL (Terminal Network), Touchstone export: Writing to "C:/ffzhzh/LocalFiles/Ansys_Project_Files/temp_train_TSV_RDL_111_1783635195_26216_SNP/temp_train_TSV_RDL_111_1783635195_26216.s2p" (06:30:22 AM  Jul 10, 2026)
Stopping Batch Run: 6:30:29 AM  Jul 10, 2026
ject:temp_train_TSV_RDL_112_1783635211_33328, Design:TSV_RDL (Terminal Network), Normal completion of simulation on server: Local Machine. (06:20:50 AM  Jul 10, 2026)
[info] Project:temp_train_TSV_RDL_112_1783635211_33328, Design:TSV_RDL (Terminal Network), Touchstone export: Writing to "C:/ffzhzh/LocalFiles/Ansys_Project_Files/temp_train_TSV_RDL_112_1783635211_33328_SNP/temp_train_TSV_RDL_112_1783635211_33328.s2p" (06:20:51 AM  Jul 10, 2026)
Stopping Batch Run: 6:20:59 AM  Jul 10, 2026
 
Ansys Electronics Desktop Version 2026.1.0, Build: 2026-02-02 02:17:35
Location: C:\Program Files\ANSYS Inc\v261\AnsysEM\ansysedt.exe
Non Graphical Mode: No Project??
Starting Batch Run: 6:21:03 AM  Jul 10, 2026
Running as user : FENG\ffzhz
Temp directory: C:\ffzhzh\LocalFiles\Ansys_Temp
Project directory: C:\ffzhzh\LocalFiles\Ansys_Project_Files
[info] gRPC server started on port 9369 of local host. Only connections from the local host initiated by the same user are permitted.

[info] Project:temp_train_TSV_RDL_113_1783635662_33328, Design:TSV_RDL (Terminal Network), An interpolating frequency sweep with 1000 points has been started using HFSS - Solving Distributed. (06:28:39 AM  Jul 10, 2026)
[info] Project:temp_train_TSV_RDL_113_1783635662_33328, Design:TSV_RDL (Terminal Network), Interpolating frequency sweep complete. Converged. (06:28:39 AM  Jul 10, 2026)
[info] Project:temp_train_TSV_RDL_113_1783635662_33328, Design:TSV_RDL (Terminal Network), Normal comple[info] Project:temp_train_TSV_RDL_114_1783635876_29156, Design:TSV_RDL (Terminal Network), An interpolating frequency sweep with 1000 points has been started using HFSS - Solving Distributed. (06:31:43 AM  Jul 10, 2026)
[info] Project:temp_train_TSV_RDL_114_1783635876_29156, Design:TSV_RDL (Terminal Network), Interpolating frequency sweep complete. Converged. (06:31:43 AM  Jul 10, 2026)
[info] Project:temp_train_TSV_RDL_114_1783635876_29156, Design:TSV_RDL (Terminal Network), Normal completion of simulation on server: Local Machine. (06:31:43 AM  Jul 10, 2026)
[info] Project:temp_train_TSV_RDL_114_1783635876_29156, Design:TSV_RDL (Terminal Network), Touchstone export: Writing to "C:/ffzhzh/LocalFiles/Ansys_Project_Files/temp_train_TSV_RDL_114_1783635876_29156_SNP/temp_train_TSV_RDL_114_1783635876_29156.s2p" (06:31:44 AM  Jul 10, 2026)
Stopping Batch Run: 6:31:55 AM  Jul 10, 2026[info] Project:temp_train_TSV_RDL_115_1783636132_33328, Design:TSV_RDL (Terminal Network), An interpolating frequency sweep with 1000 points has been started using HFSS - Solving Distributed. (06:37:14 AM  Jul 10, 2026)
[info] Project:temp_train_TSV_RDL_115_1783636132_33328, Design:TSV_RDL (Terminal Network), Interpolating frequency sweep complete. Converged. (06:37:14 AM  Jul 10, 2026)
[info] Project:temp_train_TSV_RDL_115_1783636132_33328, Design:TSV_RDL (Terminal Network), Normal compl[info] Project:temp_train_TSV_RDL_116_1783636231_26216, Design:TSV_RDL (Terminal Network), An interpolating frequency sweep with 1000 points has been started using HFSS - Solving Distributed. (06:48:04 AM  Jul 10, 2026)
[info] Project:temp_train_TSV_RDL_116_1783636231_26216, Design:TSV_RDL (Terminal Network), Interpolating frequency sweep complete. Converged. (06:48:04 AM  Jul 10, 2026)
[info] Project:temp_train_TSV_RDL_116_1783636231_26216, Design:TSV_RDL (Terminal Network), Normal completion of simulation on server: Local Machine. (06:48:04 AM  Jul 10, 2026)
[info] Project:temp_train_TSV_RDL_116_1783636231_26216, Design:TSV_RDL (Terminal Network), Touchstone export: Writing to "C:/ffzhzh/LocalFiles/Ansys_Project_Files/temp_train_TSV_RDL_116_1783636231_26216_SNP/temp_train_TSV_RDL_116_1783636231_26216.s2p" (06:48:05 AM  Jul 10, 2026)
Stopping Batch Run: 6:48:11 AM  Jul 10, 2026
ject:temp_train_TSV_RDL_117_1783636317_29156, Design:TSV_RDL (Terminal Network), Normal completion of simulation on server: Local Machine. (06:44:33 AM  Jul 10, 2026)
[info] Project:temp_train_TSV_RDL_117_1783636317_29156, Design:TSV_RDL (Terminal Network), Touchstone export: Writing to "C:/ffzhzh/LocalFiles/Ansys_Project_Files/temp_train_TSV_RDL_117_1783636317_29156_SNP/temp_train_TSV_RDL_117_1783636317_29156.s2p" (06:44:33 AM  Jul 10, 2026)
Stopping Batch Run: 6:44:34 AM  Jul 10, 2026
ject:temp_train_TSV_RDL_118_1783636648_33328, Design:TSV_RDL (Terminal Network), Normal completion of simulation on server: Local Machine. (06:43:42 AM  Jul 10, 2026)
[info] Project:temp_train_TSV_RDL_118_1783636648_33328, Design:TSV_RDL (Terminal Network), Touchstone export: Writing to "C:/ffzhzh/LocalFiles/Ansys_Project_Files/temp_train_TSV_RDL_118_1783636648_33328_SNP/temp_train_TSV_RDL_118_1783636648_33328.s2p" (06:43:43 AM  Jul 10, 2026)
Stopping Batch Run: 6:43:51 AM  Jul 10, 2026
 
Ansys Electronics Desktop Version 2026.1.0, Build: 2026-02-02 02:17:35
Location: C:\Program Files\ANSYS Inc\v261\AnsysEM\ansysedt.exe
Non Graphical Mode: No Project??
Starting Batch Run: 6:43:55 AM  Jul 10, 2026
Running as user : FENG\ffzhz
Temp directory: C:\ffzhzh\LocalFiles\Ansys_Temp
Project directory: C:\ffzhzh\LocalFiles\Ansys_Project_Files
[info] gRPC server started on port 1315 of local host. Only connections from the local host initiated by the same user are permitted.

[info] Project:temp_train_TSV_RDL_119_1783637033_33328, Design:TSV_RDL (Terminal Network), An interpolating frequency sweep with 1000 points has been started using HFSS - Solving Distributed. (06:54:20 AM  Jul 10, 2026)
[info] Project:temp_train_TSV_RDL_119_1783637033_33328, Design:TSV_RDL (Terminal Network), Interpolating frequency sweep complete. Converged. (06:54:20 AM  Jul 10, 2026)
[info] Project:temp_train_TSV_RDL_119_1783637033_33328, Design:TSV_RDL (Terminal Network), Normal completion of simulation on server: Local Machine. (06:54:20 AM  Jul 10, 2026)
[info] Project:temp_train_TSV_RDL_119_1783637033_33328, Design:TSV_RDL (Terminal Network), Touchstone export: Writing to "C:/ffzhzh/LocalFiles/Ansys_Project_Files/temp_train_TSV_RDL_119_1783637033_33328_SNP/temp_train_TSV_RDL_119_1783637033_33328.s2p" (06:54:21 AM  Jul 10, 2026)
Stopping Batch Run: 6:54:27 AM  Jul 10, 2026
ject:temp_train_TSV_RDL_120_1783637076_29156, Design:TSV_RDL (Terminal Network), Normal comple[info] Project:temp_train_TSV_RDL_121_1783637294_26216, Design:TSV_RDL (Terminal Network), An interpolating frequency sweep with 1000 points has been started using HFSS - Solving Distributed. (06:55:48 AM  Jul 10, 2026)
[info] Project:temp_train_TSV_RDL_121_1783637294_26216, Design:TSV_RDL (Terminal Network), Interpolating frequency sweep complete. Converged. (06:55:48 AM  Jul 10, 2026)
[info] Project:temp_train_TSV_RDL_121_1783637294_26216, Design:TSV_RDL (Terminal Network), Normal completion of simulation on server: Local Machine. (06:55:49 AM  Jul 10, 2026)
[info] Project:temp_train_TSV_RDL_121_1783637294_26216, Design:TSV_RDL (Terminal Network), Touchstone export: Writing to "C:/ffzhzh/LocalFiles/Ansys_Project_Files/temp_train_TSV_RDL_121_1783637294_26216_SNP/temp_train_TSV_RDL_121_1783637294_26216.s2p" (06:55:50 AM  Jul 10, 2026)
Stopping Batch Run: 6:55:50 AM  Jul 10, 2026[info] Project:temp_train_TSV_RDL_122_1783637564_29156, Design:TSV_RDL (Terminal Network), An interpolating frequency sweep with 1000 points has been started using HFSS - Solving Distributed. (06:58:42 AM  Jul 10, 2026)
[info] Project:temp_train_TSV_RDL_122_1783637564_29156, Design:TSV_RDL (Terminal Network), Interpolating frequency sweep complete. Converged. (06:58:42 AM  Jul 10, 2026)
[info] Project:temp_train_TSV_RDL_122_1783637564_29156, Design:TSV_RDL (Terminal Network), Normal comple[info] Project:temp_train_TSV_RDL_123_1783637669_33328, Design:TSV_RDL (Terminal Network), An interpolating frequency sweep with 1000 points has been started using HFSS - Solving Distributed. (07:01:12 AM  Jul 10, 2026)
[info] Project:temp_train_TSV_RDL_123_1783637669_33328, Design:TSV_RDL (Terminal Network), Interpolating frequency sweep complete. Converged. (07:01:12 AM  Jul 10, 2026)
[info] Project:temp_train_TSV_RDL_123_1783637669_33328, Design:TSV_RDL (Terminal Network), Normal comple[info] Project:temp_train_TSV_RDL_124_1783637752_26216, Design:TSV_RDL (Terminal Network), An interpolating frequency sweep with 1000 points has been started using HFSS - Solving Distributed. (07:20:07 AM  Jul 10, 2026)
[info] Project:temp_train_TSV_RDL_124_1783637752_26216, Design:TSV_RDL (Terminal Network), Interpolating frequency sweep complete. Converged. (07:20:07 AM  Jul 10, 2026)
[info] Project:temp_train_TSV_RDL_124_1783637752_26216, Design:TSV_RDL (Terminal Network), Normal compl[info] Project:temp_train_TSV_RDL_125_1783637934_29156, Design:TSV_RDL (Terminal Network), An interpolating frequency sweep with 1000 points has been started using HFSS - Solving Distributed. (07:26:22 AM  Jul 10, 2026)
[info] Project:temp_train_TSV_RDL_125_1783637934_29156, Design:TSV_RDL (Terminal Network), Interpolating frequency sweep complete. Converged. (07:26:22 AM  Jul 10, 2026)
[info] Project:temp_train_TSV_RDL_125_1783637934_29156, Design:TSV_RDL (Terminal Network), Normal completion of simulation on server: Local Machine. (07:26:22 AM  Jul 10, 2026)
[info] Project:temp_train_TSV_RDL_125_1783637934_29156, Design:TSV_RDL (Terminal Network), Touchstone export: Writing to "C:/ffzhzh/LocalFiles/Ansys_Project_Files/temp_train_TSV_RDL_125_1783637934_29156_SNP/temp_train_TSV_RDL_125_1783637934_29156.s2p" (07:26:22 AM  Jul 10, 2026)
Stopping Batch Run: 7:26:29 AM  Jul 10, 2026
ject:temp_train_TSV_RDL_126_1783638085_33328, Design:TSV_RDL (Terminal Network), Normal completion of simulation on server: Local Machine. (07:08:42 AM  Jul 10, 2026)
[info] Project:temp_train_TSV_RDL_126_1783638085_33328, Design:TSV_RDL (Terminal Network), Touchstone export: Writing to "C:/ffzhzh/LocalFiles/Ansys_Project_Files/temp_train_TSV_RDL_126_1783638085_33328_SNP/temp_train_TSV_RDL_126_1783638085_33328.s2p" (07:08:43 AM  Jul 10, 2026)
Stopping Batch Run: 7:08:53 AM  Jul 10, 2026
 
Ansys Electronics Desktop Version 2026.1.0, Build: 2026-02-02 02:17:35
Location: C:\Program Files\ANSYS Inc\v261\AnsysEM\ansysedt.exe
Non Graphical Mode: No Project??
Starting Batch Run: 7:08:58 AM  Jul 10, 2026
Running as user : FENG\ffzhz
Temp directory: C:\ffzhzh\LocalFiles\Ansys_Temp
Project directory: C:\ffzhzh\LocalFiles\Ansys_Project_Files
[info] gRPC server started on port 9533 of local host. Only connections from the local host initiated by the same user are permitted.

[info] Project:temp_train_TSV_RDL_127_1783638536_33328, Design:TSV_RDL (Terminal Network), An interpolating frequency sweep with 1000 points has been started using HFSS - Solving Distributed. (07:16:53 AM  Jul 10, 2026)
[info] Project:temp_train_TSV_RDL_127_1783638536_33328, Design:TSV_RDL (Terminal Network), Interpolating frequency sweep complete. Converged. (07:16:53 AM  Jul 10, 2026)
[info] Project:temp_train_TSV_RDL_127_1783638536_33328, Design:TSV_RDL (Terminal Network), Normal completion of simulation on server: Local Machine. (07:16:53 AM  Jul 10, 2026)
[info] Project:temp_train_TSV_RDL_127_1783638536_33328, Design:TSV_RDL (Terminal Network), Touchstone export: Writing to "C:/ffzhzh/LocalFiles/Ansys_Project_Files/temp_train_TSV_RDL_127_1783638536_33328_SNP/temp_train_TSV_RDL_127_1783638536_33328.s2p" (07:16:54 AM  Jul 10, 2026)
Stopping Batch Run: 7:17:04 AM  Jul 10, 2026
 
Ansys Electronics Desktop Version 2026.1.0, Build: 2026-02-02 02:17:35
Location: C:\Program Files\ANSYS Inc\v261\AnsysEM\ansysedt.exe
Non Graphical Mode: No Project??
Starting Batch Run: 7:17:09 AM  Jul 10, 2026
Running as user : FENG\ffzhz
Temp directory: C:\ffzhzh\LocalFiles\Ansys_Temp
Project directory: C:\ffzhzh\LocalFiles\Ansys_Project_Files
[info] gRPC server started on port 3329 of local host. Only connections from the local host initiated by the same user are permitted.

[info] Project:temp_train_TSV_RDL_128_1783639027_33328, Design:TSV_RDL (Terminal Network), Solving frequencies ... (Nondomain solver), process hf3d: Port 2 supports an additional propagating and/or slowly decaying mode whose attenuation is   3.406e-02 and propagation constant is  -3.784e+02 (07:21:20 AM  Jul 10, 2026)
[info] Project:temp_train_TSV_RDL_128_1783639027_33328, Design:TSV_RDL (Terminal Network), An interpolating frequency sweep with 1000 points has been started using HFSS - Solv[info] Project:temp_train_TSV_RDL_129_1783639217_26216, Design:TSV_RDL (Terminal Network), An interpolating frequency sweep with 1000 points has been started using HFSS - Solving Distributed. (07:48:09 AM  Jul 10, 2026)
[info] Project:temp_train_TSV_RDL_129_1783639217_26216, Design:TSV_RDL (Terminal Network), Interpolating frequency sweep complete. Converged. (07:48:09 AM  Jul 10, 2026)
[info] Project:temp_train_TSV_RDL_129_1783639217_26216, Design:TSV_RDL (Terminal Network), Normal completion of simulation on server: Local Machine. (07:48:09 AM  Jul 10, 2026)
[info] Project:temp_train_TSV_RDL_129_1783639217_26216, Design:TSV_RDL (Terminal Network), Touchstone export: Writing to "C:/ffzhzh/LocalFiles/Ansys_Project_Files/temp_train_TSV_RDL_129_1783639217_26216_SNP/temp_train_TSV_RDL_129_1783639217_26216.s2p" (07:48:10 AM  Jul 10, 2026)
Stopping Batch Run: 7:48:21 AM  Jul 10, 2026
arting Batch Run: 7:26:34 AM  Jul 10, 2026
Running as user : FENG\ffzhz
Temp directory: C:\ffzhzh\LocalFiles\Ansys_Temp
Project directory: C:\ffzhzh\LocalFiles\Ansys_Project_Files
[info] gRPC server started on port 11588 of local host. Only connections from the local host initiated by the same user are permitted.

[info] Project:temp_train_TSV_RDL_131_1783639592_29156, Design:TSV_RDL (Terminal Network), An interpolating frequency sweep with 1000 points has been started using HFSS - Solving Distributed. (07:33:54 AM  Jul 10, 2026)[info] Project:temp_train_TSV_RDL_130_1783639592_33328, Design:TSV_RDL (Terminal Network), An interpolating frequency sweep with 1000 points has been started using HFSS - Solving Distributed. (07:40:08 AM  Jul 10, 2026)
[info] Project:temp_train_TSV_RDL_130_1783639592_33328, Design:TSV_RDL (Terminal Network), Interpolating frequency sweep complete. Converged. (07:40:08 AM  Jul 10, 2026)
[info] Project:temp_train_TSV_RDL_130_1783639592_33328, Design:TSV_RDL (Terminal Network), Normal completion of simulation on server: Local Machine. (07:40:08 AM  Jul 10, 2026)
[info] Project:temp_train_TSV_RDL_130_1783639592_33328, Design:TSV_RDL (Terminal Network), Touchstone export: Writing to "C:/ffzhzh/LocalFiles/Ansys_Project_Files/temp_train_TSV_RDL_130_1783639592_33328_SNP/temp_train_TSV_RDL_130_1783639592_33328.s2p" (07:40:09 AM  Jul 10, 2026)
Stopping Batch Run: 7:40:16 AM  Jul 10, 2026
Running as user : FENG\ffzhz
Temp directory: C:\ffzhzh\LocalFiles\Ansys_Temp
Project directory: C:\ffzhzh\LocalFiles\Ansys_Project_Files
[info] gRPC server started on port 6071 of local host. Only connections from the local host initiated by the same user are permitted.

[info] Project:temp_train_TSV_RDL_132_1783640047_29156, Design:TSV_RDL (Terminal Network), An interpolating frequency sweep with 1000 points has been started using HFSS - Solving Distributed. (07:41:58 AM  Jul 10, 2026)
[info] Project:temp_train_TSV_RDL_132_1783640047_29156, Design:TSV_RDL (Terminal Network), Interpolating frequency sweep complete. Converged. (07:41:58 AM  Jul 10, 2026)
[info] Project:temp_train_TSV_RDL_132_1783640047_29156, Design:TSV_RDL (Terminal Network), Normal compl[info] Project:temp_train_TSV_RDL_133_1783640419_33328, Design:TSV_RDL (Terminal Network), An interpolating frequency sweep with 1000 points has been started using HFSS - Solving Distributed. (07:48:36 AM  Jul 10, 2026)
[info] Project:temp_train_TSV_RDL_133_1783640419_33328, Design:TSV_RDL (Terminal Network), Interpolating frequency sweep complete. Converged. (07:48:36 AM  Jul 10, 2026)
[info] Project:temp_train_TSV_RDL_133_1783640419_33328, Design:TSV_RDL (Terminal Network), Normal completion of simulation on server: Local Machine. (07:48:36 AM  Jul 10, 2026)
[info] Project:temp_train_TSV_RDL_133_1783640419_33328, Design:TSV_RDL (Terminal Network), Touchstone export: Writing to "C:/ffzhzh/LocalFiles/Ansys_Project_Files/temp_train_TSV_RDL_133_1783640419_33328_SNP/temp_train_TSV_RDL_133_1783640419_33328.s2p" (07:48:37 AM  Jul 10, 2026)
Stopping Batch Run: 7:48:47 AM  Jul 10, 2026
[info] Project:temp_train_TSV_RDL_134_1783640523_29156, Design:TSV_RDL (Terminal Network), An interpolating frequency sweep with 1000 points has been started using HFSS - Solving Distributed. (07:53:26 AM  Jul 10, 2026)
[info] Project:temp_train_TSV_RDL_134_1783640523_29156, Design:TSV_RDL (Terminal Network), Interpolating frequency sweep complete. Converged. (07:53:26 AM  Jul 10, 2026)
[info] Project:temp_train_TSV_RDL_134_1783640523_29156, Design:TSV_RDL (Terminal Network), Normal compl[info] Project:temp_train_TSV_RDL_135_1783640904_26216, Design:TSV_RDL (Terminal Network), An interpolating frequency sweep with 1000 points has been started using HFSS - Solving Distributed. (07:55:49 AM  Jul 10, 2026)
[info] Project:temp_train_TSV_RDL_135_1783640904_26216, Design:TSV_RDL (Terminal Network), Interpolating frequency sweep complete. Converged. (07:55:49 AM  Jul 10, 2026)
[info] Project:temp_train_TSV_RDL_135_1783640904_26216, Design:TSV_RDL (Terminal Network), Normal compl[info] Project:temp_train_TSV_RDL_136_1783640928_33328, Design:TSV_RDL (Terminal Network), An interpolating frequency sweep with 1000 points has been started using HFSS - Solving Distributed. (08:27:24 AM  Jul 10, 2026)
[info] Project:temp_train_TSV_RDL_136_1783640928_33328, Design:TSV_RDL (Terminal Network), Interpolating frequency sweep complete. Converged. (08:27:24 AM  Jul 10, 2026)
[info] Project:temp_train_TSV_RDL_136_1783640928_33328, Design:TSV_RDL (Terminal Network), Normal completion of simulation on server: Local Machine. (08:27:25 AM  Jul 10, 2026)
[info] Project:temp_train_TSV_RDL_136_1783640928_33328, Design:TSV_RDL (Terminal Network), Touchstone export: Writing to "C:/ffzhzh/LocalFiles/Ansys_Project_Files/temp_train_TSV_RDL_136_1783640928_33328_SNP/temp_train_TSV_RDL_136_1783640928_33328.s2p" (08:27:25 AM  Jul 10, 2026)
Stopping Batch Run: 8:27:35 AM  Jul 10, 2026
oject:temp_train_TSV_RDL_137_1783641219_29156, Design:TSV_RDL (Terminal Network), Normal completion of simulation on server: Local Machine. (08:02:18 AM  Jul 10, 2026)
[info] Project:temp_train_TSV_RDL_137_1783641219_29156, Design:TSV_RDL (Terminal Network), Touchstone export: Writing to "C:/ffzhzh/LocalFiles/Ansys_Project_Files/temp_train_TSV_RDL_137_1783641219_29156_SNP/temp_train_TSV_RDL_137_1783641219_29156.s2p" (08:02:23 AM  Jul 10, 2026)
Stopping Batch Run: 8:02:32 AM  Jul 10, 2026
Network), Solving frequencies ... (Nondomain solver), process hf3d: Port 2 supports an additional propagating and/or slowly decaying mode whose attenuation is   7.623e-02 and propagation constant is  -4.965e+02 (08:01:00 AM  Jul 10, 2026)
[info] Project:temp_train_TSV_RDL_138_1783641354_26216, Design:TSV_RDL (Terminal Network), An interpolating frequency sweep with 1000 points has been started using HFSS - Solving Distributed. (08:09:22 AM  Jul 10, 2026)
[info] Project:temp_train_TSV_RDL_138_1783641354_26216, Design:TSV_RDL (Terminal Network), Interpolating frequency sweep complete. Converged. (08:09:22 AM  Jul 10, 2026)
[info] Project:temp_train_TSV_RDL_138_1783641354_26216, Design:TSV_RDL (Terminal Network), Normal comple[info] Project:temp_train_TSV_RDL_139_1783641755_29156, Design:TSV_RDL (Terminal Network), An interpolating frequency sweep with 1000 points has been started using HFSS - Solving Distributed. (08:15:44 AM  Jul 10, 2026)
[info] Project:temp_train_TSV_RDL_139_1783641755_29156, Design:TSV_RDL (Terminal Network), Interpolating frequency sweep complete. Converged. (08:15:44 AM  Jul 10, 2026)
[info] Project:temp_train_TSV_RDL_139_1783641755_29156, Design:TSV_RDL (Terminal Network), Normal completion of simulation on server: Local Machine. (08:15:44 AM  Jul 10, 2026)
[info] Project:temp_train_TSV_RDL_139_1783641755_29156, Design:TSV_RDL (Terminal Network), Touchstone export: Writing to "C:/ffzhzh/LocalFiles/Ansys_Project_Files/temp_train_TSV_RDL_139_1783641755_29156_SNP/temp_train_TSV_RDL_139_1783641755_29156.s2p" (08:15:45 AM  Jul 10, 2026)
Stopping Batch Run: 8:15:54 AM  Jul 10, 2026
[info] Project:temp_train_TSV_RDL_140_1783642176_26216, Design:TSV_RDL (Terminal Network), An interpolating frequency sweep with 1000 points has been started using HFSS - Solving Distributed. (08:28:15 AM  Jul 10, 2026)
[info] Project:temp_train_TSV_RDL_140_1783642176_26216, Design:TSV_RDL (Terminal Network), Interpolating frequency sweep complete. Converged. (08:28:15 AM  Jul 10, 2026)
[info] Project:temp_train_TSV_RDL_140_1783642176_26216, Design:TSV_RDL (Terminal Network), Normal completion of simulation on server: Local Machine. (08:28:15 AM  Jul 10, 2026)
[info] Project:temp_train_TSV_RDL_140_1783642176_26216, Design:TSV_RDL (Terminal Network), Touchstone export: Writing to "C:/ffzhzh/LocalFiles/Ansys_Project_Files/temp_train_TSV_RDL_140_1783642176_26216_SNP/temp_train_TSV_RDL_140_1783642176_26216.s2p" (08:28:16 AM  Jul 10, 2026)
Stopping Batch Run: 8:28:25 AM  Jul 10, 2026
ject:temp_train_TSV_RDL_141_1783642556_29156, Design:TSV_RDL (Terminal Network), Normal completion of simulation on server: Local Machine. (08:25:55 AM  Jul 10, 2026)
[info] Project:temp_train_TSV_RDL_141_1783642556_29156, Design:TSV_RDL (Terminal Network), Touchstone export: Writing to "C:/ffzhzh/LocalFiles/Ansys_Project_Files/temp_train_TSV_RDL_141_1783642556_29156_SNP/temp_train_TSV_RDL_141_1783642556_29156.s2p" (08:25:56 AM  Jul 10, 2026)
Stopping Batch Run: 8:25:59 AM  Jul 10, 2026
 
Ansys Electronics Desktop Version 2026.1.0, Build: 2026-02-02 02:17:35
Location: C:\Program Files\ANSYS Inc\v261\AnsysEM\ansysedt.exe
Non Graphical Mode: No Project??
Starting Batch Run: 8:26:03 AM  Jul 10, 2026
Running as user : FENG\ffzhz
Temp directory: C:\ffzhzh\LocalFiles\Ansys_Temp
Project directory: C:\ffzhzh\LocalFiles\Ansys_Project_Files
[info] gRPC server started on port 9423 of local host. Only connections from the local host initiated by the same user are permitted.

[info] Project:temp_train_TSV_RDL_142_1783643162_29156, Design:TSV_RDL (Terminal Network), An interpolating frequency sweep with 1000 points has been started using HFSS - Solving Distributed. (08:34:38 AM  Jul 10, 2026)
[info] Project:temp_train_TSV_RDL_142_1783643162_29156, Design:TSV_RDL (Terminal Network), Interpolating frequency sweep complete. Converged. (08:34:38 AM  Jul 10, 2026)
[info] Project:temp_train_TSV_RDL_142_1783643162_29156, Design:TSV_RDL (Terminal Network), Normal compl[info] Project:temp_train_TSV_RDL_143_1783643259_33328, Design:TSV_RDL (Terminal Network), An interpolating frequency sweep with 1000 points has been started using HFSS - Solving Distributed. (08:43:20 AM  Jul 10, 2026)
[info] Project:temp_train_TSV_RDL_143_1783643259_33328, Design:TSV_RDL (Terminal Network), Interpolating frequency sweep complete. Converged. (08:43:20 AM  Jul 10, 2026)
[info] Project:temp_train_TSV_RDL_143_1783643259_33328, Design:TSV_RDL (Terminal Network), Normal completion of simulation on server: Local Machine. (08:43:20 AM  Jul 10, 2026)
[info] Project:temp_train_TSV_RDL_143_1783643259_33328, Design:TSV_RDL (Terminal Network), Touchstone export: Writing to "C:/ffzhzh/LocalFiles/Ansys_Project_Files/temp_train_TSV_RDL_143_1783643259_33328_SNP/temp_train_TSV_RDL_143_1783643259_33328.s2p" (08:43:21 AM  Jul 10, 2026)
Stopping Batch Run: 8:43:31 AM  Jul 10, 2026
 Network), Solving frequencies ... (Nondomain solver), process hf3d: Port 2 supports an additional propagating and/or slowly decaying mode whose attenuation is   3.880e-02 and propagation constant is  -3.858e+02 (08:31:33 AM  Jul 10, 2026)
[info] Project:temp_train_TSV_RDL_144_1783643308_26216, Design:TSV_RDL (Terminal Network), An interpolating frequency sweep with 1000 points has been started using HFSS - Solving Distributed. (08:35:44 AM  Jul 10, 2026)
[info] Project:temp_train_TSV_RDL_144_1783643308_26216, Design:TSV_RDL (Terminal Network), Interpolating frequency sweep complete. Converged. (08:35:44 AM  Jul 10, 2026)
[info] Project:temp_train_TSV_RDL_144_1783643308_26216, Design:TSV_RDL (Terminal Network), Normal comple[info] Project:temp_train_TSV_RDL_145_1783643688_29156, Design:TSV_RDL (Terminal Network), An interpolating frequency sweep with 1000 points has been started using HFSS - Solving Distributed. (08:46:47 AM  Jul 10, 2026)
[info] Project:temp_train_TSV_RDL_145_1783643688_29156, Design:TSV_RDL (Terminal Network), Interpolating frequency sweep complete. Converged. (08:46:47 AM  Jul 10, 2026)
[info] Project:temp_train_TSV_RDL_145_1783643688_29156, Design:TSV_RDL (Terminal Network), Normal completion of simulation on server: Local Machine. (08:46:47 AM  Jul 10, 2026)
[info] Project:temp_train_TSV_RDL_145_1783643688_29156, Design:TSV_RDL (Terminal Network), Touchstone export: Writing to "C:/ffzhzh/LocalFiles/Ansys_Project_Files/temp_train_TSV_RDL_145_1783643688_29156_SNP/temp_train_TSV_RDL_145_1783643688_29156.s2p" (08:46:47 AM  Jul 10, 2026)
Stopping Batch Run: 8:46:56 AM  Jul 10, 2026
[info] Project:temp_train_TSV_RDL_146_1783643749_26216, Design:TSV_RDL (Terminal Network), An interpolating frequency sweep with 1000 points has been started using HFSS - Solving Distributed. (08:43:50 AM  Jul 10, 2026)
[info] Project:temp_train_TSV_RDL_146_1783643749_26216, Design:TSV_RDL (Terminal Network), Interpolating frequency sweep complete. Converged. (08:43:50 AM  Jul 10, 2026)
[info] Project:temp_train_TSV_RDL_146_1783643749_26216, Design:TSV_RDL (Terminal Network), Normal compl[info] Project:temp_train_TSV_RDL_147_1783644214_33328, Design:TSV_RDL (Terminal Network), An interpolating frequency sweep with 1000 points has been started using HFSS - Solving Distributed. (08:52:44 AM  Jul 10, 2026)
[info] Project:temp_train_TSV_RDL_147_1783644214_33328, Design:TSV_RDL (Terminal Network), Interpolating frequency sweep complete. Converged. (08:52:44 AM  Jul 10, 2026)
[info] Project:temp_train_TSV_RDL_147_1783644214_33328, Design:TSV_RDL (Terminal Network), Normal completion of simulation on server: Local Machine. (08:52:44 AM  Jul 10, 2026)
[info] Project:temp_train_TSV_RDL_147_1783644214_33328, Design:TSV_RDL (Terminal Network), Touchstone export: Writing to "C:/ffzhzh/LocalFiles/Ansys_Project_Files/temp_train_TSV_RDL_147_1783644214_33328_SNP/temp_train_TSV_RDL_147_1783644214_33328.s2p" (08:52:44 AM  Jul 10, 2026)
Stopping Batch Run: 8:52:52 AM  Jul 10, 2026

[info] Project:temp_train_TSV_RDL_148_1783644243_26216, Design:TSV_RDL (Terminal Network), An interpolating frequency sweep with 1000 points has been started using HFSS - Solving Distributed. (08:53:27 AM  Jul 10, 2026)
[info] Project:temp_train_TSV_RDL_148_1783644243_26216, Design:TSV_RDL (Terminal Network), Interpolating frequency sweep complete. Converged. (08:53:27 AM  Jul 10, 2026)
[info] Project:temp_train_TSV_RDL_148_1783644243_26216, Design:TSV_RDL (Terminal Network), Normal compl[info] Project:temp_train_TSV_RDL_149_1783644419_29156, Design:TSV_RDL (Terminal Network), An interpolating frequency sweep with 1000 points has been started using HFSS - Solving Distributed. (09:14:19 AM  Jul 10, 2026)
[info] Project:temp_train_TSV_RDL_149_1783644419_29156, Design:TSV_RDL (Terminal Network), Interpolating frequency sweep complete. Converged. (09:14:19 AM  Jul 10, 2026)
[info] Project:temp_train_TSV_RDL_149_1783644419_29156, Design:TSV_RDL (Terminal Network), Normal completion of simulation on server: Local Machine. (09:14:19 AM  Jul 10, 2026)
[info] Project:temp_train_TSV_RDL_149_1783644419_29156, Design:TSV_RDL (Terminal Network), Touchstone export: Writing to "C:/ffzhzh/LocalFiles/Ansys_Project_Files/temp_train_TSV_RDL_149_1783644419_29156_SNP/temp_train_TSV_RDL_149_1783644419_29156.s2p" (09:14:20 AM  Jul 10, 2026)
Stopping Batch Run: 9:14:21 AM  Jul 10, 2026
oject:temp_train_TSV_RDL_150_1783644774_33328, Design:TSV_RDL (Terminal Network), Normal completion of simulation on server: Local Machine. (09:05:31 AM  Jul 10, 2026)
[info] Project:temp_train_TSV_RDL_150_1783644774_33328, Design:TSV_RDL (Terminal Network), Touchstone export: Writing to "C:/ffzhzh/LocalFiles/Ansys_Project_Files/temp_train_TSV_RDL_150_1783644774_33328_SNP/temp_train_TSV_RDL_150_1783644774_33328.s2p" (09:05:31 AM  Jul 10, 2026)
Stopping Batch Run: 9:05:32 AM  Jul 10, 2026
oject:temp_train_TSV_RDL_151_1783644811_26216, Design:TSV_RDL (Terminal Network), Normal completion of simulation on server: Local Machine. (09:01:55 AM  Jul 10, 2026)
[info] Project:temp_train_TSV_RDL_151_1783644811_26216, Design:TSV_RDL (Terminal Network), Touchstone export: Writing to "C:/ffzhzh/LocalFiles/Ansys_Project_Files/temp_train_TSV_RDL_151_1783644811_26216_SNP/temp_train_TSV_RDL_151_1783644811_26216.s2p" (09:01:56 AM  Jul 10, 2026)
Stopping Batch Run: 9:02:03 AM  Jul 10, 2026
 
Ansys Electronics Desktop Version 2026.1.0, Build: 2026-02-02 02:17:35
Location: C:\Program Files\ANSYS Inc\v261\AnsysEM\ansysedt.exe
Non Graphical Mode: No Project??
Starting Batch Run: 9:02:06 AM  Jul 10, 2026
Running as user : FENG\ffzhz
Temp directory: C:\ffzhzh\LocalFiles\Ansys_Temp
Project directory: C:\ffzhzh\LocalFiles\Ansys_Project_Files
[info] gRPC server started on port 8508 of local host. Only connections from the local host initiated by the same user are permitted.

[info] Project:temp_train_TSV_RDL_152_1783645325_26216, Design:TSV_RDL (Terminal Network), An interpolating frequency sweep with 1000 points has been started using HFSS - Solving Distributed. (09:10:34 AM  Jul 10, 2026)
[info] Project:temp_train_TSV_RDL_152_1783645325_26216, Design:TSV_RDL (Terminal Network), Interpolating frequency sweep complete. Converged. (09:10:34 AM  Jul 10, 2026)
[info] Project:temp_train_TSV_RDL_152_1783645325_26216, Design:TSV_RDL (Terminal Network), Normal comple[info] Project:temp_train_TSV_RDL_153_1783645535_33328, Design:TSV_RDL (Terminal Network), An interpolating frequency sweep with 1000 points has been started using HFSS - Solving Distributed. (09:12:33 AM  Jul 10, 2026)
[info] Project:temp_train_TSV_RDL_153_1783645535_33328, Design:TSV_RDL (Terminal Network), Interpolating frequency sweep complete. Converged. (09:12:33 AM  Jul 10, 2026)
[info] Project:temp_train_TSV_RDL_153_1783645535_33328, Design:TSV_RDL (Terminal Network), Normal completion of simulation on server: Local Machine. (09:12:33 AM  Jul 10, 2026)
[info] Project:temp_train_TSV_RDL_153_1783645535_33328, Design:TSV_RDL (Terminal Network), Touchstone export: Writing to "C:/ffzhzh/LocalFiles/Ansys_Project_Files/temp_train_TSV_RDL_153_1783645535_33328_SNP/temp_train_TSV_RDL_153_1783645535_33328.s2p" (09:12:34 AM  Jul 10, 2026)
Stopping Batch Run: 9:12:44 AM  Jul 10, 2026[info] Project:temp_train_TSV_RDL_154_1783645846_26216, Design:TSV_RDL (Terminal Network), An interpolating frequency sweep with 1000 points has been started using HFSS - Solving Distributed. (09:23:28 AM  Jul 10, 2026)
[info] Project:temp_train_TSV_RDL_154_1783645846_26216, Design:TSV_RDL (Terminal Network), Interpolating frequency sweep complete. Converged. (09:23:28 AM  Jul 10, 2026)
[info] Project:temp_train_TSV_RDL_154_1783645846_26216, Design:TSV_RDL (Terminal Network), Normal comple[info] Project:temp_train_TSV_RDL_155_1783645967_33328, Design:TSV_RDL (Terminal Network), An interpolating frequency sweep with 1000 points has been started using HFSS - Solving Distributed. (09:43:47 AM  Jul 10, 2026)
[info] Project:temp_train_TSV_RDL_155_1783645967_33328, Design:TSV_RDL (Terminal Network), Interpolating frequency sweep complete. Converged. (09:43:47 AM  Jul 10, 2026)
[info] Project:temp_train_TSV_RDL_155_1783645967_33328, Design:TSV_RDL (Terminal Network), Normal completion of simulation on server: Local Machine. (09:43:48 AM  Jul 10, 2026)
[info] Project:temp_train_TSV_RDL_155_1783645967_33328, Design:TSV_RDL (Terminal Network), Touchstone export: Writing to "C:/ffzhzh/LocalFiles/Ansys_Project_Files/temp_train_TSV_RDL_155_1783645967_33328_SNP/temp_train_TSV_RDL_155_1783645967_33328.s2p" (09:43:48 AM  Jul 10, 2026)
Stopping Batch Run: 9:43:57 AM  Jul 10, 2026
oject:temp_train_TSV_RDL_156_1783646064_29156, Design:TSV_RDL (Terminal Network), Normal compl[info] Project:temp_train_TSV_RDL_157_1783646623_26216, Design:TSV_RDL (Terminal Network), An interpolating frequency sweep with 1000 points has been started using HFSS - Solving Distributed. (09:50:06 AM  Jul 10, 2026)
[info] Project:temp_train_TSV_RDL_157_1783646623_26216, Design:TSV_RDL (Terminal Network), Interpolating frequency sweep complete. Converged. (09:50:06 AM  Jul 10, 2026)
[info] Project:temp_train_TSV_RDL_157_1783646623_26216, Design:TSV_RDL (Terminal Network), Normal completion of simulation on server: Local Machine. (09:50:06 AM  Jul 10, 2026)
[info] Project:temp_train_TSV_RDL_157_1783646623_26216, Design:TSV_RDL (Terminal Network), Touchstone export: Writing to "C:/ffzhzh/LocalFiles/Ansys_Project_Files/temp_train_TSV_RDL_157_1783646623_26216_SNP/temp_train_TSV_RDL_157_1783646623_26216.s2p" (09:50:07 AM  Jul 10, 2026)
Stopping Batch Run: 9:50:17 AM  Jul 10, 2026

[info] Project:temp_train_TSV_RDL_158_1783647153_29156, Design:TSV_RDL (Terminal Network), Solving frequencies ... (Nondomain solver), process hf3d: Port 1 supports an additional propagating and/or slowly decaying mode whose attenuation is   3.200e-01 and propagation constant is  -4.495e+02 (09:40:45 AM  Jul 10, 2026)
[info] Project:temp_train_TSV_RDL_158_1783647153_29156, Design:TSV_RDL (Terminal Network), An interpolating frequency sweep with 1000 points has been started using HFSS - Solving Distributed. (09:53:22 AM  Jul 10, 2026)
[info] Project:temp_train_TSV_RDL_158_1783647153_29156, Design:TSV_RDL (Terminal Network), Interpolating frequency sweep complete. Converged. (09:53:22 AM  Jul 10, 2026)
[info] Project:temp_train_TSV_RDL_158_1783647153_29156, Design:TSV_RDL (Terminal Network), Normal completion of simulation on server: Local Machine. (09:53:22 AM  Jul 10, 2026)
[info] Project:temp_train_TSV_RDL_158_1783647153_29156, Design:TSV_RDL (Terminal Network), Touchstone export: Writing to "C:/ffzhzh/LocalFiles/Ansys_Project_Files/temp_train_TSV_RDL_158_1783647153_29156_SNP/temp_train_TSV_RDL_158_1783647153_29156.s2p" (09:53:23 AM  Jul 10, 2026)
Stopping Batch Run: 9:53:32 AM  Jul 10, 2026
oject:temp_train_TSV_RDL_159_1783647841_33328, Design:TSV_RDL (Terminal Network), Normal completion of simulation on server: Local Machine. (09:50:20 AM  Jul 10, 2026)
[info] Project:temp_train_TSV_RDL_159_1783647841_33328, Design:TSV_RDL (Terminal Network), Touchstone export: Writing to "C:/ffzhzh/LocalFiles/Ansys_Project_Files/temp_train_TSV_RDL_159_1783647841_33328_SNP/temp_train_TSV_RDL_159_1783647841_33328.s2p" (09:50:21 AM  Jul 10, 2026)
Stopping Batch Run: 9:50:27 AM  Jul 10, 2026
 Build: 2026-02-02 02:17:35
Location: C:\Program Files\ANSYS Inc\v261\AnsysEM\ansysedt.exe
Non Graphical Mode: No Project??
Starting Batch Run: 9:50:21 AM  Jul 10, 2026
Running as user : FENG\ffzhz
Temp directory: C:\ffzhzh\LocalFiles\Ansys_Temp
Project directory: C:\ffzhzh\LocalFiles\Ansys_Project_Files
[info] gRPC server started on port 5518 of local host. Only connections from the local host initiated by the same user are permitted.

[info] Project:temp_train_TSV_RDL_160_1783648220_26216, Design:TSV_RDL (Terminal Network), An interpolating frequency sweep with 1000 points has been started using HFSS - Solving Distributed. (10:02:30 AM  Jul 10, 2026)
[info] Project:temp_train_TSV_RDL_160_1783648220_26216, Design:TSV_RDL (Terminal Network), Interpolating frequency sweep complete. Converged. (10:02:30 AM  Jul 10, 2026)
[info] Project:temp_train_TSV_RDL_160_1783648220_26216, Design:TSV_RDL (Terminal Network), Normal compl[info] Project:temp_train_TSV_RDL_161_1783648230_33328, Design:TSV_RDL (Terminal Network), An interpolating frequency sweep with 1000 points has been started using HFSS - Solving Distributed. (10:09:22 AM  Jul 10, 2026)
[info] Project:temp_train_TSV_RDL_161_1783648230_33328, Design:TSV_RDL (Terminal Network), Interpolating frequency sweep complete. Converged. (10:09:22 AM  Jul 10, 2026)
[info] Project:temp_train_TSV_RDL_161_1783648230_33328, Design:TSV_RDL (Terminal Network), Normal completion of simulation on server: Local Machine. (10:09:22 AM  Jul 10, 2026)
[info] Project:temp_train_TSV_RDL_161_1783648230_33328, Design:TSV_RDL (Terminal Network), Touchstone export: Writing to "C:/ffzhzh/LocalFiles/Ansys_Project_Files/temp_train_TSV_RDL_161_1783648230_33328_SNP/temp_train_TSV_RDL_161_1783648230_33328[info] Project:temp_train_TSV_RDL_162_1783648415_29156, Design:TSV_RDL (Terminal Network), An interpolating frequency sweep with 1000 points has been started using HFSS - Solving Distributed. (10:12:58 AM  Jul 10, 2026)
[info] Project:temp_train_TSV_RDL_162_1783648415_29156, Design:TSV_RDL (Terminal Network), Interpolating frequency sweep complete. Converged. (10:12:58 AM  Jul 10, 2026)
[info] Project:temp_train_TSV_RDL_162_1783648415_29156, Design:TSV_RDL (Terminal Network), Normal completion of simulation on server: Local Machine. (10:12:58 AM  Jul 10, 2026)
[info] Project:temp_train_TSV_RDL_162_1783648415_29156, Design:TSV_RDL (Terminal Network), Touchstone export: Writing to "C:/ffzhzh/LocalFiles/Ansys_Project_Files/temp_train_TSV_RDL_162_1783648415_29156_SNP/temp_train_TSV_RDL_162_1783648415_29156.s2p" (10:13:01 AM  Jul 10, 2026)
Stopping Batch Run: 10:13:01 AM  Jul 10, 2026
ject:temp_train_TSV_RDL_163_1783648955_26216, Design:TSV_RDL (Terminal Network), Normal complet[info] Project:temp_train_TSV_RDL_164_1783649367_33328, Design:TSV_RDL (Terminal Network), An interpolating frequency sweep with 1000 points has been started using HFSS - Solving Distributed. (10:19:05 AM  Jul 10, 2026)
[info] Project:temp_train_TSV_RDL_164_1783649367_33328, Design:TSV_RDL (Terminal Network), Interpolating frequency sweep complete. Converged. (10:19:05 AM  Jul 10, 2026)
[info] Project:temp_train_TSV_RDL_164_1783649367_33328, Design:TSV_RDL (Terminal Network), Normal completion of simulation on server: Local Machine. (10:19:05 AM  Jul 10, 2026)
[info] Project:temp_train_TSV_RDL_164_1783649367_33328, Design:TSV_RDL (Terminal Network), Touchstone export: Writing to "C:/ffzhzh/LocalFiles/Ansys_Project_Files/temp_train_TSV_RDL_164_1783649367_33328_SNP/temp_train_TSV_RDL_164_1783649367_33328.s2p" (10:19:06 AM  Jul 10, 2026)
Stopping Batch Run: 10:19:14 AM  Jul 10, 2026
[info] Project:temp_train_TSV_RDL_165_1783649500_26216, Design:TSV_RDL (Terminal Network), Solving frequencies ... (Nondomain solver), process hf3d: Port 2 supports an additional propagating and/or slowly decaying mode whose attenuation is   4.498e-02 and propagation constant is  -3.824e+02 (10:15:01 AM  Jul 10, 2026)
[info] Project:temp_train_TSV_RDL_165_1783649500_26216, Design:TSV_RDL (Terminal Network), An interpolating frequency sweep with 1000 points has been started using HFSS - Solv[info] Project:temp_train_TSV_RDL_166_1783649584_29156, Design:TSV_RDL (Terminal Network), An interpolating frequency sweep with 1000 points has been started using HFSS - Solving Distributed. (10:24:40 AM  Jul 10, 2026)
[info] Project:temp_train_TSV_RDL_166_1783649584_29156, Design:TSV_RDL (Terminal Network), Interpolating frequency sweep complete. Converged. (10:24:40 AM  Jul 10, 2026)
[info] Project:temp_train_TSV_RDL_166_1783649584_29156, Design:TSV_RDL (Terminal Network), Normal comple[info] Project:temp_train_TSV_RDL_167_1783649957_33328, Design:TSV_RDL (Terminal Network), An interpolating frequency sweep with 1000 points has been started using HFSS - Solving Distributed. (10:32:21 AM  Jul 10, 2026)
[info] Project:temp_train_TSV_RDL_167_1783649957_33328, Design:TSV_RDL (Terminal Network), Interpolating frequency sweep complete. Converged. (10:32:21 AM  Jul 10, 2026)
[info] Project:temp_train_TSV_RDL_167_1783649957_33328, Design:TSV_RDL (Terminal Network), Normal completion of simulation on server: Local Machine. (10:32:21 AM  Jul 10, 2026)
[info] Project:temp_train_TSV_RDL_167_1783649957_33328, Design:TSV_RDL (Terminal Network), Touchstone export: Writing to "C:/ffzhzh/LocalFiles/Ansys_Project_Files/temp_train_TSV_RDL_167_1783649957_33328_SNP/temp_train_TSV_RDL_167_1783649957_33328.s2p" (10:32:22 AM  Jul 10, 2026)
Stopping Batch Run: 10:32:30 AM  Jul 10, 2026
ving Distributed. (10:30:25 AM  Jul 10, 2026)
[info] Project:temp_train_TSV_RDL_168_1783650001_26216, Design:TSV_RDL (Terminal Network), Interpolating frequency sweep complete. Converged. (10:30:25 AM  Jul 10, 2026)
[info] Project:temp_train_TSV_RDL_168_1783650001_26216, Design:TSV_RDL (Terminal Network), Normal completion of simulation on server: Local Machine. (10:30:25 AM  Jul 10, 2026)
[info] Project:temp_train_TSV_RDL_168_1783650001_26216, Design:TSV_RDL (Terminal Network), Touchstone export: Writing to "C:/ffzhzh/LocalFiles/Ansys_Project_Files/temp_train_TSV_RDL_168_1783650001_26216_SNP/temp_train_TSV_RDL_168_1783650001_26216.[info] Project:temp_train_TSV_RDL_169_1783650292_29156, Design:TSV_RDL (Terminal Network), An interpolating frequency sweep with 1000 points has been started using HFSS - Solving Distributed. (10:35:42 AM  Jul 10, 2026)
[info] Project:temp_train_TSV_RDL_169_1783650292_29156, Design:TSV_RDL (Terminal Network), Interpolating frequency sweep complete. Converged. (10:35:42 AM  Jul 10, 2026)
[info] Project:temp_train_TSV_RDL_169_1783650292_29156, Design:TSV_RDL (Terminal Network), Normal completion of simulation on server: Local Machine. (10:35:42 AM  Jul 10, 2026)
[info] P[info] Project:temp_train_TSV_RDL_170_1783650638_26216, Design:TSV_RDL (Terminal Network), An interpolating frequency sweep with 1000 points has been started using HFSS - Solving Distributed. (10:41:02 AM  Jul 10, 2026)
[info] Project:temp_train_TSV_RDL_170_1783650638_26216, Design:TSV_RDL (Terminal Network), Interpolating frequency sweep complete. Converged. (10:41:02 AM  Jul 10, 2026)
[info] Project:temp_train_TSV_RDL_170_1783650638_26216, Design:TSV_RDL (Terminal Network), Normal completion of simulation on server: Local Machine. (10:41:02 AM  Jul 10, 2026)
[info] Project:temp_train_TSV_RDL_170_1783650638_26216, Design:TSV_RDL (Terminal Network), Touchstone export: Writing to "C:/ffzhzh/LocalFiles/Ansys_Project_Files/temp_train_TSV_RDL_170_1783650638_26216_SNP/temp_train_TSV_RDL_170_1783650638_26216.[info] Project:temp_train_TSV_RDL_171_1783650753_33328, Design:TSV_RDL (Terminal Network), An interpolating frequency sweep with 1000 points has been started using HFSS - Solving Distributed. (10:53:13 AM  Jul 10, 2026)
[info] Project:temp_train_TSV_RDL_171_1783650753_33328, Design:TSV_RDL (Terminal Network), Interpolating frequency sweep complete. Converged. (10:53:13 AM  Jul 10, 2026)
[info] Project:temp_train_TSV_RDL_171_1783650753_33328, Design:TSV_RDL (Terminal Network), Normal completion of simulation on server: Local Machine. (10:53:13 AM  Jul 10, 2026)
[info] Project:temp_train_TSV_RDL_171_1783650753_33328, Design:TSV_RDL (Terminal Network), Touchstone export: Writing to "C:/ffzhzh/LocalFiles/Ansys_Project_Files/temp_train_TSV_RDL_171_1783650753_33328_SNP/temp_train_TSV_RDL_171_1783650753_33328.s2p" (10:53:16 AM  Jul 10, 2026)
Stopping Batch Run: 10:53:17 AM  Jul 10, 2026
 Project:temp_train_TSV_RDL_173_1783651273_26216, Design:TSV_RDL (Terminal Network), Interpolating frequency sweep complete. Converged. (10:49:56 AM  Jul 10, 2026)
[info] Project:temp_train_TSV_RDL_173_1783651273_26216, Design:TSV_RDL (Terminal Network), Normal completion of simulation on server: Local Machine. (10:49:56 AM  Jul 10, 2026)
[info] Project:temp_train_TSV_RDL_173_1783651273_26216, Design:TSV_RDL (Terminal Network), Touchstone export: Writing to "C:/ffzhzh/LocalFiles/Ansys_Project_Files/temp_train_TSV_RDL_173_1783651273_26216_SNP/temp_train_TSV_RDL_173_1783651273_26216.s2p" (10:49:57 AM  Jul 10, 2026)
Stopping Batch Run: 10:50:07 AM  Jul 10, 2026
[info] Project:temp_train_TSV_RDL_174_1783651685_29156, Design:TSV_RDL (Terminal Network), An interpolating frequency sweep with 1000 points has been started using HFSS - Solving Distributed. (11:00:50 AM  Jul 10, 2026)
[info] Project:temp_train_TSV_RDL_174_1783651685_29156, Design:TSV_RDL (Terminal Network), Interpolating frequency sweep complete. Converged. (11:00:50 AM  Jul 10, 2026)
[info] Project:temp_train_TSV_RDL_174_1783651685_29156, Design:TSV_RDL (Terminal Network), Normal completion of simulation on server: Local Machine. (11:00:50 AM  Jul 10, 2026)
[info] Project:temp_train_TSV_RDL_174_1783651685_29156, Design:TSV_RDL (Terminal Network), Touchstone export: Writing to "C:/ffzhzh/LocalFiles/Ansys_Project_Files/temp_train_TSV_RDL_174_1783651685_29156_SNP/temp_train_TSV_RDL_174_1783651685_29156.s2p" (11:00:51 AM  Jul 10, 2026)
Stopping Batch Run: 11:00:57 AM  Jul 10, 2026
Network), An interpolating frequency sweep with 1000 points has been started using HFSS - Solv[info] Project:temp_train_TSV_RDL_176_1783652000_33328, Design:TSV_RDL (Terminal Network), An interpolating frequency sweep with 1000 points has been started using HFSS - Solving Distributed. (11:01:07 AM  Jul 10, 2026)
[info] Project:temp_train_TSV_RDL_176_1783652000_33328, Design:TSV_RDL (Terminal Network), Interpolating frequency sweep complete. Converged. (11:01:07 AM  Jul 10, 2026)
[info] Project:temp_train_TSV_RDL_176_1783652000_33328, Design:TSV_RDL (Terminal Network), Normal completion of simulation on server: Local Machine. (11:01:08 AM  Jul 10, 2026)
[info] Project:temp_train_TSV_RDL_176_1783652000_33328, Design:TSV_RDL (Terminal Network), Touchstone export: Writing to "C:/ffzhzh/LocalFiles/Ansys_Project_Files/temp_train_TSV_RDL_176_1783652000_33328_SNP/temp_train_TSV_RDL_176_1783652000_33328.s2p" (11:01:08 AM  Jul 10, 2026)
Stopping Batch Run: 11:01:18 AM  Jul 10, 2026
arting Batch Run: 11:00:12 AM  Jul 10, 2026
Running as user : FENG\ffzhz
Temp directory: C:\ffzhzh\LocalFiles\Ansys_Temp
Project directory: C:\ffzhzh\LocalFiles\Ansys_Project_Files
[info] gRPC server started on port 10875 of local host. Only connections from the local host initiated by the same user are permitted.

[info] Project:temp_train_TSV_RDL_177_1783652410_26216, Design:TSV_RDL (Terminal Network), An interpolating frequency sweep with 1000 points has been started using HFSS - Solving Distributed. (11:14:20 AM  Jul 10, 2026)
[info] Project:temp_train_TSV_RDL_177_1783652410_26216, Design:TSV_RDL (Terminal Network), Interpolating frequency sweep complete. Converged. (11:14:20 AM  Jul 10, 2026)
[info] Project:temp_train_TSV_RDL_177_1783652410_26216, Design:TSV_RDL (Terminal Network), Normal completion of simulation on server: Local Machine. (11:14:20 AM  Jul 10, 2026)
[info] Project:temp_train_TSV_RDL_177_1783652410_26216, Design:TSV_RDL (Terminal Network), Touchstone export: Writing to "C:/ffzhzh/LocalFiles/Ansys_Project_Files/temp_train_TSV_RDL_177_1783652410_26216_SNP/temp_train_TSV_RDL_177_1783652410_26216.s2p" (11:14:21 AM  Jul 10, 2026)
Stopping Batch Run: 11:14:29 AM  Jul 10, 2026
ject:temp_train_TSV_RDL_178_1783652460_29156, Design:TSV_RDL (Terminal Network), Normal comple[info] Project:temp_train_TSV_RDL_179_1783652480_33328, Design:TSV_RDL (Terminal Network), An interpolating frequency sweep with 1000 points has been started using HFSS - Solving Distributed. (11:10:51 AM  Jul 10, 2026)
[info] Project:temp_train_TSV_RDL_179_1783652480_33328, Design:TSV_RDL (Terminal Network), Interpolating frequency sweep complete. Converged. (11:10:51 AM  Jul 10, 2026)
[info] Project:temp_train_TSV_RDL_179_1783652480_33328, Design:TSV_RDL (Terminal Network), Normal completion of simulation on server: Local Machine. (11:10:51 AM  Jul 10, 2026)
[info] Project:temp_train_TSV_RDL_179_1783652480_33328, Design:TSV_RDL (Terminal Network), Touchstone export: Writing to "C:/ffzhzh/LocalFiles/Ansys_Project_Files/temp_train_TSV_RDL_179_1783652480_33328_SNP/temp_train_TSV_RDL_179_1783652480_33328.s2p" (11:10:52 AM  Jul 10, 2026)
Stopping Batch Run: 11:10:58 AM  Jul 10, 2026
[info] Project:temp_train_TSV_RDL_180_1783652905_29156, Design:TSV_RDL (Terminal Network), An interpolating frequency sweep with 1000 points has been started using HFSS - Solving Distributed. (11:20:42 AM  Jul 10, 2026)
[info] Project:temp_train_TSV_RDL_180_1783652905_29156, Design:TSV_RDL (Terminal Network), Interpolating frequency sweep complete. Converged. (11:20:42 AM  Jul 10, 2026)
[info] Project:temp_train_TSV_RDL_180_1783652905_29156, Design:TSV_RDL (Terminal Network), Normal completion of simulation on server: Local Machine. (11:20:42 AM  Jul 10, 2026)
[info] Project:temp_train_TSV_RDL_180_1783652905_29156, Design:TSV_RDL (Terminal Network), Touchstone export: Writing to "C:/ffzhzh/LocalFiles/Ansys_Project_Files/temp_train_TSV_RDL_180_1783652905_29156_SNP/temp_train_TSV_RDL_180_1783652905_29156.s2p" (11:20:43 AM  Jul 10, 2026)
Stopping Batch Run: 11:20:49 AM  Jul 10, 2026
Network), An interpolating frequency sweep with 1000 points has been started using HFSS - Solving Distributed. (11:17:18 AM  Jul 10, 2026)
[info] Project:temp_train_TSV_RDL_181_1783653061_33328, Design:TSV_RDL (Terminal Network), Interpolating frequency sweep complete. Converged. (11:17:18 AM  Jul 10, 2026)
[info] Project:temp_train_TSV_RDL_181_1783653061_33328, Design:TSV_RDL (Terminal Network), Normal comple[info] Project:temp_train_TSV_RDL_182_1783653271_26216, Design:TSV_RDL (Terminal Network), An interpolating frequency sweep with 1000 points has been started using HFSS - Solving Distributed. (11:40:10 AM  Jul 10, 2026)
[info] Project:temp_train_TSV_RDL_182_1783653271_26216, Design:TSV_RDL (Terminal Network), Interpolating frequency sweep complete. Converged. (11:40:10 AM  Jul 10, 2026)
[info] Project:temp_train_TSV_RDL_182_1783653271_26216, Design:TSV_RDL (Terminal Network), Normal completion of simulation on server: Local Machine. (11:40:10 AM  Jul 10, 2026)
[info] Project:temp_train_TSV_RDL_182_1783653271_26216, Design:TSV_RDL (Terminal Network), Touchstone export: Writing to "C:/ffzhzh/LocalFiles/Ansys_Project_Files/temp_train_TSV_RDL_182_1783653271_26216_SNP/temp_train_TSV_RDL_182_1783653271_26216.s2p" (11:40:12 AM  Jul 10, 2026)
Stopping Batch Run: 11:40:21 AM  Jul 10, 2026

[info] Project:temp_train_TSV_RDL_183_1783653451_33328, Design:TSV_RDL (Terminal Network), An interpolating frequency sweep with 1000 points has been started using HFSS - Solving Distributed. (11:28:23 AM  Jul 10, 2026)
[info] Project:temp_train_TSV_RDL_183_1783653451_33328, Design:TSV_RDL (Terminal Network), Interpolating frequency sweep complete. Converged. (11:28:23 AM  Jul 10, 2026)
[info] Project:temp_train_TSV_RDL_183_1783653451_33328, Design:TSV_RDL (Terminal Network), Normal comple[info] Project:temp_train_TSV_RDL_184_1783653652_29156, Design:TSV_RDL (Terminal Network), An interpolating frequency sweep with 1000 points has been started using HFSS - Solving Distributed. (11:31:19 AM  Jul 10, 2026)
[info] Project:temp_train_TSV_RDL_184_1783653652_29156, Design:TSV_RDL (Terminal Network), Interpolating frequency sweep complete. Converged. (11:31:19 AM  Jul 10, 2026)
[info] Project:temp_train_TSV_RDL_184_1783653652_29156, Design:TSV_RDL (Terminal Network), Normal completion of simulation on server: Local Machine. (11:31:19 AM  Jul 10, 2026)
[info] Project:temp_train_TSV_RDL_184_1783653652_29156, Design:TSV_RDL (Terminal Network), Touchstone export: Writing to "C:/ffzhzh/LocalFiles/Ansys_Project_Files/temp_train_TSV_RDL_184_1783653652_29156_SNP/temp_train_TSV_RDL_184_1783653652_29156.s2p" (11:31:20 AM  Jul 10, 2026)
Stopping Batch Run: 11:31:30 AM  Jul 10, 2026
[info] Project:temp_train_TSV_RDL_185_1783654112_33328, Design:TSV_RDL (Terminal Network), An interpolating frequency sweep with 1000 points has been started using HFSS - Solving Distributed. (11:42:46 AM  Jul 10, 2026)
[info] Project:temp_train_TSV_RDL_185_1783654112_33328, Design:TSV_RDL (Terminal Network), Interpolating frequency sweep complete. Converged. (11:42:46 AM  Jul 10, 2026)
[info] Project:temp_train_TSV_RDL_185_1783654112_33328, Design:TSV_RDL (Terminal Network), Normal completion of simulation on server: Local Machine. (11:42:47 AM  Jul 10, 2026)
[info] Project:temp_train_TSV_RDL_185_1783654112_33328, Design:TSV_RDL (Terminal Network), Touchstone export: Writing to "C:/ffzhzh/LocalFiles/Ansys_Project_Files/temp_train_TSV_RDL_185_1783654112_33328_SNP/temp_train_TSV_RDL_185_1783654112_33328.s2p" (11:42:47 AM  Jul 10, 2026)
Stopping Batch Run: 11:42:56 AM  Jul 10, 2026
oject:temp_train_TSV_RDL_186_1783654293_29156, Design:TSV_RDL (Terminal Network), Normal completion of simulation on server: Local Machine. (11:38:53 AM  Jul 10, 2026)
[info] Project:temp_train_TSV_RDL_186_1783654293_29156, Design:TSV_RDL (Terminal Network), Touchstone export: Writing to "C:/ffzhzh/LocalFiles/Ansys_Project_Files/temp_train_TSV_RDL_186_1783654293_29156_SNP/temp_train_TSV_RDL_186_1783654293_29156.s2p" (11:38:54 AM  Jul 10, 2026)
Stopping Batch Run: 11:39:00 AM  Jul 10, 2026
 
Ansys Electronics Desktop Version 2026.1.0, Build: 2026-02-02 02:17:35
Location: C:\Program Files\ANSYS Inc\v261\AnsysEM\ansysedt.exe
Non Graphical Mode: No Project??
Starting Batch Run: 11:39:06 AM  Jul 10, 2026
Running as user : FENG\ffzhz
Temp directory: C:\ffzhzh\LocalFiles\Ansys_Temp
Project directory: C:\ffzhzh\LocalFiles\Ansys_Project_Files
[info] gRPC server started on port 1646 of local host. Only connections from the local host initiated by the same user are permitted.

[info] Project:temp_train_TSV_RDL_187_1783654743_29156, Design:TSV_RDL (Terminal Network), An interpolating frequency sweep with 1000 points has been started using HFSS - Solving Distributed. (11:48:28 AM  Jul 10, 2026)
[info] Project:temp_train_TSV_RDL_187_1783654743_29156, Design:TSV_RDL (Terminal Network), Interpolating frequency sweep complete. Converged. (11:48:28 AM  Jul 10, 2026)
[info] Project:temp_train_TSV_RDL_187_1783654743_29156, Design:TSV_RDL (Terminal Network), Normal comple[info] Project:temp_train_TSV_RDL_188_1783654823_26216, Design:TSV_RDL (Terminal Network), An interpolating frequency sweep with 1000 points has been started using HFSS - Solving Distributed. (11:55:10 AM  Jul 10, 2026)
[info] Project:temp_train_TSV_RDL_188_1783654823_26216, Design:TSV_RDL (Terminal Network), Interpolating frequency sweep complete. Converged. (11:55:10 AM  Jul 10, 2026)
[info] Project:temp_train_TSV_RDL_188_1783654823_26216, Design:TSV_RDL (Terminal Network), Normal completion of simulation on server: Local Machine. (11:55:10 AM  Jul 10, 2026)
[info] Project:temp_train_TSV_RDL_188_1783654823_26216, Design:TSV_RDL (Terminal Network), Touchstone export: Writing to "C:/ffzhzh/LocalFiles/Ansys_Project_Files/temp_train_TSV_RDL_188_1783654823_26216_SNP/temp_train_TSV_RDL_188_1783654823_26216.s2p" (11:55:11 AM  Jul 10, 2026)
Stopping Batch Run: 11:55:22 AM  Jul 10, 2026
ject:temp_train_TSV_RDL_189_1783654979_33328, Design:TSV_RDL (Terminal Network), Normal comple[info] Project:temp_train_TSV_RDL_190_1783655319_29156, Design:TSV_RDL (Terminal Network), An interpolating frequency sweep with 1000 points has been started using HFSS - Solving Distributed. (12:13:31 PM  Jul 10, 2026)
[info] Project:temp_train_TSV_RDL_190_1783655319_29156, Design:TSV_RDL (Terminal Network), Interpolating frequency sweep complete. Converged. (12:13:31 PM  Jul 10, 2026)
[info] Project:temp_train_TSV_RDL_190_1783655319_29156, Design:TSV_RDL (Terminal Network), Normal completion of simulation on server: Local Machine. (12:13:31 PM  Jul 10, 2026)
[info] Project:temp_train_TSV_RDL_190_1783655319_29156, Design:TSV_RDL (Terminal Network), Touchstone export: Writing to "C:/ffzhzh/LocalFiles/Ansys_Project_Files/temp_train_TSV_RDL_190_1783655319_29156_SNP/temp_train_TSV_RDL_190_1783655319_29156.s2p" (12:13:32 PM  Jul 10, 2026)
Stopping Batch Run: 12:13:38 PM  Jul 10, 2026
[info] Project:temp_train_TSV_RDL_191_1783655544_33328, Design:TSV_RDL (Terminal Network), An interpolating frequency sweep with 1000 points has been started using HFSS - Solving Distributed. (12:13:13 PM  Jul 10, 2026)
[info] Project:temp_train_TSV_RDL_191_1783655544_33328, Design:TSV_RDL (Terminal Network), Interpolating frequency sweep complete. Converged. (12:13:13 PM  Jul 10, 2026)
[info] Project:temp_train_TSV_RDL_191_1783655544_33328, Design:TSV_RDL (Terminal Network), Normal completion of simulation on server: Local Machine. (12:13:13 PM  Jul 10, 2026)
[info] Project:temp_train_TSV_RDL_191_1783655544_33328, Design:TSV_RDL (Terminal Network), Touchstone export: Writing to "C:/ffzhzh/LocalFiles/Ansys_Project_Files/temp_train_TSV_RDL_191_1783655544_33328_SNP/temp_train_TSV_RDL_191_1783655544_33328.s2p" (12:13:14 PM  Jul 10, 2026)
Stopping Batch Run: 12:13:24 PM  Jul 10, 2026
Network), An interpolating frequency sweep with 1000 points has been started using HFSS - Solving Distributed. (12:01:06 PM  Jul 10, 2026)
[info] Project:temp_train_TSV_RDL_192_1783655725_26216, Design:TSV_RDL (Terminal Network), Interpolating frequency sweep complete. Converged. (12:01:06 PM  Jul 10, 2026)
[info] Project:temp_train_TSV_RDL_192_1783655725_26216, Design:TSV_RDL (Terminal Network), Normal completion of simulation on server: Local Machine. (12:01:06 PM  Jul 10, 2026)
[info] Project:temp_train_TSV_RDL_192_1783655725_26216, Design:TSV_RDL (Terminal Network), Touchstone export: Writing to "C:/ffzhzh/LocalFiles/Ansys_Project_Files/temp_train_TSV_RDL_192_1783655725_26216_SNP/temp_train_TSV_RDL_192_1783655725_26216.s2p" (12:01:07 PM  Jul 10, 2026)
Stopping Batch Run: 12:01:12 PM  Jul 10, 2026
 
Ansys Electronics Desktop Version 2026.1.0, Build: 2026-02-02 02:17:35
Location: C:\Program Files\ANSYS Inc\v261\AnsysEM\ansysedt.exe
Non Graphical Mode: No Project??
Starting Batch Run: 12:01:19 PM  Jul 10, 2026
Running as user : FENG\ffzhz
Temp directory: C:\ffzhzh\LocalFiles\Ansys_Temp
Project directory: C:\ffzhzh\LocalFiles\Ansys_Project_Files
[info] gRPC server started on port 5034 of local host. Only connections from the local host initiated by the same user are permitted.

[info] Project:temp_train_TSV_RDL_193_1783656077_26216, Design:TSV_RDL (Terminal Network), An interpolating frequency sweep with 1000 points has been started using HFSS - Solving Distributed. (12:09:14 PM  Jul 10, 2026)
[info] Project:temp_train_TSV_RDL_193_1783656077_26216, Design:TSV_RDL (Terminal Network), Interpolating frequency sweep complete. Converged. (12:09:14 PM  Jul 10, 2026)
[info] Project:temp_train_TSV_RDL_193_1783656077_26216, Design:TSV_RDL (Terminal Network), Normal completion of simulation on server: Local Machine. (12:09:14 PM  Jul 10, 2026)
[info] Project:temp_train_TSV_RDL_193_1783656077_26216, Design:TSV_RDL (Terminal Network), Touchstone export: Writing to "C:/ffzhzh/LocalFiles/Ansys_Project_Files/temp_train_TSV_RDL_193_1783656077_26216_SNP/temp_train_TSV_RDL_193_1783656077_26216.s2p" (12:09:15 PM  Jul 10, 2026)
Stopping Batch Run: 12:09:23 PM  Jul 10, 2026
 
Ansys Electronics Desktop Version 2026.1.0, Build: 2026-02-02 02:17:35
Location: C:\Program Files\ANSYS Inc\v261\AnsysEM\ansysedt.exe
Non Graphical Mode: No Project??
Starting Batch Run: 12:09:28 PM  Jul 10, 2026
Running as user : FENG\ffzhz
Temp directory: C:\ffzhzh\LocalFiles\Ansys_Temp
Project directory: C:\ffzhzh\LocalFiles\Ansys_Project_Files
[info] gRPC server started on port 5150 of local host. Only connections from the local host initiated by the same user are permitted.

[info] Project:temp_train_TSV_RDL_194_1783656566_26216, Design:TSV_RDL (Terminal Network), An interpolating frequency sweep with 1000 points has been started using HFSS - Solving Distributed. (12:36:37 PM  Jul 10, 2026)
[info] Project:temp_train_TSV_RDL_194_1783656566_26216, Design:TSV_RDL (Terminal Network), Interpolating frequency sweep complete. Converged. (12:36:37 PM  Jul 10, 2026)
[info] Project:temp_train_TSV_RDL_194_1783656566_26216, Design:TSV_RDL (Terminal Network), Normal completion of simulation on server: Local Machine. (12:36:37 PM  Jul 10, 2026)
[info] Project:temp_train_TSV_RDL_194_1783656566_26216, Design:TSV_RDL (Terminal Network), Touchstone export: Writing to "C:/ffzhzh/LocalFiles/Ansys_Project_Files/temp_train_TSV_RDL_194_1783656566_26216_SNP/temp_train_TSV_RDL_194_1783656566_26216.s2p" (12:36:38 PM  Jul 10, 2026)
Stopping Batch Run: 12:36:45 PM  Jul 10, 2026
ject:temp_train_TSV_RDL_195_1783656806_33328, Design:TSV_RDL (Terminal Network), Normal comple[info] Project:temp_train_TSV_RDL_196_1783656821_29156, Design:TSV_RDL (Terminal Network), An interpolating frequency sweep with 1000 points has been started using HFSS - Solving Distributed. (12:30:51 PM  Jul 10, 2026)
[info] Project:temp_train_TSV_RDL_196_1783656821_29156, Design:TSV_RDL (Terminal Network), Interpolating frequency sweep complete. Converged. (12:30:51 PM  Jul 10, 2026)
[info] Project:temp_train_TSV_RDL_196_1783656821_29156, Design:TSV_RDL (Terminal Network), Normal completion of simulation on server: Local Machine. (12:30:51 PM  Jul 10, 2026)
[info] Project:temp_train_TSV_RDL_196_1783656821_29156, Design:TSV_RDL (Terminal Network), Touchstone export: Writing to "C:/ffzhzh/LocalFiles/Ansys_Project_Files/temp_train_TSV_RDL_196_1783656821_29156_SNP/temp_train_TSV_RDL_196_1783656821_29156.s2p" (12:30:52 PM  Jul 10, 2026)
Stopping Batch Run: 12:31:00 PM  Jul 10, 2026

[info] Project:temp_train_TSV_RDL_197_1783657524_33328, Design:TSV_RDL (Terminal Network), An interpolating frequency sweep with 1000 points has been started using HFSS - Solving Distributed. (12:35:20 PM  Jul 10, 2026)
[info] Project:temp_train_TSV_RDL_197_1783657524_33328, Design:TSV_RDL (Terminal Network), Interpolating frequency sweep complete. Converged. (12:35:20 PM  Jul 10, 2026)
[info] Project:temp_train_TSV_RDL_197_1783657524_33328, Design:TSV_RDL (Terminal Network), Normal comple[info] Project:temp_train_TSV_RDL_198_1783657863_29156, Design:TSV_RDL (Terminal Network), Solving frequencies ... (Nondomain solver), process hf3d: Port 1 supports an additional propagating and/or slowly decaying mode whose attenuation is   2.309e-02 and propagation constant is  -3.859e+02 (12:35:38 PM  Jul 10, 2026)
[info] Project:temp_train_TSV_RDL_198_1783657863_29156, Design:TSV_RDL (Terminal Network), An interpolating frequency sweep with 1000 points has been started using HFSS - Solving Distributed. (12:42:31 PM  Jul 10, 2026)
[info] Project:temp_train_TSV_RDL_198_1783657863_29156, Design:TSV_RDL (Terminal Network), Interpolating frequency sweep complete. Converged. (12:42:31 PM  Jul 10, 2026)
[info] Project:temp_train_TSV_RDL_198_1783657863_29156, Design:TSV_RDL (Terminal Network), Normal completion of simulation on server: Local Machine. (12:42:31 PM  Jul 10, 2026)
[info] P[info] Project:temp_train_TSV_RDL_199_1783658134_33328, Design:TSV_RDL (Terminal Network), An interpolating frequency sweep with 1000 points has been started using HFSS - Solving Distributed. (12:43:39 PM  Jul 10, 2026)
[info] Project:temp_train_TSV_RDL_199_1783658134_33328, Design:TSV_RDL (Terminal Network), Interpolating frequency sweep complete. Converged. (12:43:39 PM  Jul 10, 2026)
[info] Project:temp_train_TSV_RDL_199_1783658134_33328, Design:TSV_RDL (Terminal Network), Normal comple[info] Project:temp_train_TSV_RDL_200_1783658207_26216, Design:TSV_RDL (Terminal Network), An interpolating frequency sweep with 1000 points has been started using HFSS - Solving Distributed. (12:58:29 PM  Jul 10, 2026)
[info] Project:temp_train_TSV_RDL_200_1783658207_26216, Design:TSV_RDL (Terminal Network), Interpolating frequency sweep complete. Converged. (12:58:29 PM  Jul 10, 2026)
[info] Project:temp_train_TSV_RDL_200_1783658207_26216, Design:TSV_RDL (Terminal Network), Normal completion of simulation on server: Local Machine. (12:58:30 PM  Jul 10, 2026)
[info] Project:temp_train_TSV_RDL_200_1783658207_26216, Design:TSV_RDL (Terminal Network), Touchstone export: Writing to "C:/ffzhzh/LocalFiles/Ansys_Project_Files/temp_train_TSV_RDL_200_1783658207_26216_SNP/temp_train_TSV_RDL_200_1783658207_26216.s2p" (12:58:31 PM  Jul 10, 2026)
Stopping Batch Run: 12:58:37 PM  Jul 10, 2026
oject:temp_train_TSV_RDL_201_1783658559_29156, Design:TSV_RDL (Terminal Network), Normal complet[info] Project:temp_train_TSV_RDL_202_1783658623_33328, Design:TSV_RDL (Terminal Network), An interpolating frequency sweep with 1000 points has been started using HFSS - Solving Distributed. (01:00:11 PM  Jul 10, 2026)
[info] Project:temp_train_TSV_RDL_202_1783658623_33328, Design:TSV_RDL (Terminal Network), Interpolating frequency sweep complete. Converged. (01:00:11 PM  Jul 10, 2026)
[info] Project:temp_train_TSV_RDL_202_1783658623_33328, Design:TSV_RDL (Terminal Network), Normal completion of simulation on server: Local Machine. (01:00:12 PM  Jul 10, 2026)
[info] Project:temp_train_TSV_RDL_202_1783658623_33328, Design:TSV_RDL (Terminal Network), Touchstone export: Writing to "C:/ffzhzh/LocalFiles/Ansys_Project_Files/temp_train_TSV_RDL_202_1783658623_33328_SNP/temp_train_TSV_RDL_202_1783658623_33328.s2p" (01:00:14 PM  Jul 10, 2026)
Stopping Batch Run: 1:00:15 PM  Jul 10, 2026

[info] Project:temp_train_TSV_RDL_203_1783659150_29156, Design:TSV_RDL (Terminal Network), An interpolating frequency sweep with 1000 points has been started using HFSS - Solving Distributed. (01:00:55 PM  Jul 10, 2026)
[info] Project:temp_train_TSV_RDL_203_1783659150_29156, Design:TSV_RDL (Terminal Network), Interpolating frequency sweep complete. Converged. (01:00:55 PM  Jul 10, 2026)
[info] Project:temp_train_TSV_RDL_203_1783659150_29156, Design:TSV_RDL (Terminal Network), Normal complet[info] Project:temp_train_TSV_RDL_204_1783659521_26216, Design:TSV_RDL (Terminal Network), An interpolating frequency sweep with 1000 points has been started using HFSS - Solving Distributed. (01:07:51 PM  Jul 10, 2026)
[info] Project:temp_train_TSV_RDL_204_1783659521_26216, Design:TSV_RDL (Terminal Network), Interpolating frequency sweep complete. Converged. (01:07:51 PM  Jul 10, 2026)
[info] Project:temp_train_TSV_RDL_204_1783659521_26216, Design:TSV_RDL (Terminal Network), Normal comple[info] Project:temp_train_TSV_RDL_205_1783659618_33328, Design:TSV_RDL (Terminal Network), An interpolating frequency sweep with 1000 points has been started using HFSS - Solving Distributed. (01:09:58 PM  Jul 10, 2026)
[info] Project:temp_train_TSV_RDL_205_1783659618_33328, Design:TSV_RDL (Terminal Network), Interpolating frequency sweep complete. Converged. (01:09:58 PM  Jul 10, 2026)
[info] Project:temp_train_TSV_RDL_205_1783659618_33328, Design:TSV_RDL (Terminal Network), Normal completion of simulation on server: Local Machine. (01:09:58 PM  Jul 10, 2026)
[info] Project:temp_train_TSV_RDL_205_1783659618_33328, Design:TSV_RDL (Terminal Network), Touchstone export: Writing to "C:/ffzhzh/LocalFiles/Ansys_Project_Files/temp_train_TSV_RDL_205_1783659618_33328_SNP/temp_train_TSV_RDL_205_1783659618_33328[info] Project:temp_train_TSV_RDL_206_1783659665_29156, Design:TSV_RDL (Terminal Network), An interpolating frequency sweep with 1000 points has been started using HFSS - Solving Distributed. (01:10:27 PM  Jul 10, 2026)
[info] Project:temp_train_TSV_RDL_206_1783659665_29156, Design:TSV_RDL (Terminal Network), Interpolating frequency sweep complete. Converged. (01:10:27 PM  Jul 10, 2026)
[info] Project:temp_train_TSV_RDL_206_1783659665_29156, Design:TSV_RDL (Terminal Network), Normal compl[info] Project:temp_train_TSV_RDL_207_1783660086_26216, Design:TSV_RDL (Terminal Network), An interpolating frequency sweep with 1000 points has been started using HFSS - Solving Distributed. (01:17:10 PM  Jul 10, 2026)
[info] Project:temp_train_TSV_RDL_207_1783660086_26216, Design:TSV_RDL (Terminal Network), Interpolating frequency sweep complete. Converged. (01:17:10 PM  Jul 10, 2026)
[info] Project:temp_train_TSV_RDL_207_1783660086_26216, Design:TSV_RDL (Terminal Network), Normal compl[info] Project:temp_train_TSV_RDL_208_1783660212_33328, Design:TSV_RDL (Terminal Network), An interpolating frequency sweep with 1000 points has been started using HFSS - Solving Distributed. (01:18:15 PM  Jul 10, 2026)
[info] Project:temp_train_TSV_RDL_208_1783660212_33328, Design:TSV_RDL (Terminal Network), Interpolating frequency sweep complete. Converged. (01:18:15 PM  Jul 10, 2026)
[info] Project:temp_train_TSV_RDL_208_1783660212_33328, Design:TSV_RDL (Terminal Network), Normal compl[info] Project:temp_train_TSV_RDL_209_1783660242_29156, Design:TSV_RDL (Terminal Network), An interpolating frequency sweep with 1000 points has been started using HFSS - Solving Distributed. (01:21:04 PM  Jul 10, 2026)
[info] Project:temp_train_TSV_RDL_209_1783660242_29156, Design:TSV_RDL (Terminal Network), Interpolating frequency sweep complete. Converged. (01:21:04 PM  Jul 10, 2026)
[info] Project:temp_train_TSV_RDL_209_1783660242_29156, Design:TSV_RDL (Terminal Network), Normal compl[info] Project:temp_train_TSV_RDL_210_1783660641_26216, Design:TSV_RDL (Terminal Network), An interpolating frequency sweep with 1000 points has been started using HFSS - Solving Distributed. (01:24:06 PM  Jul 10, 2026)
[info] Project:temp_train_TSV_RDL_210_1783660641_26216, Design:TSV_RDL (Terminal Network), Interpolating frequency sweep complete. Converged. (01:24:06 PM  Jul 10, 2026)
[info] Project:temp_train_TSV_RDL_210_1783660641_26216, Design:TSV_RDL (Terminal Network), Normal compl[info] Project:temp_train_TSV_RDL_211_1783660708_33328, Design:TSV_RDL (Terminal Network), An interpolating frequency sweep with 1000 points has been started using HFSS - Solving Distributed. (01:26:02 PM  Jul 10, 2026)
[info] Project:temp_train_TSV_RDL_211_1783660708_33328, Design:TSV_RDL (Terminal Network), Interpolating frequency sweep complete. Converged. (01:26:02 PM  Jul 10, 2026)
[info] Project:temp_train_TSV_RDL_211_1783660708_33328, Design:TSV_RDL (Terminal Network), Normal compl[info] Project:temp_train_TSV_RDL_212_1783660877_29156, Design:TSV_RDL (Terminal Network), An interpolating frequency sweep with 1000 points has been started using HFSS - Solving Distributed. (01:31:29 PM  Jul 10, 2026)
[info] Project:temp_train_TSV_RDL_212_1783660877_29156, Design:TSV_RDL (Terminal Network), Interpolating frequency sweep complete. Converged. (01:31:29 PM  Jul 10, 2026)
[info] Project:temp_train_TSV_RDL_212_1783660877_29156, Design:TSV_RDL (Terminal Network), Normal completion of simulation on server: Local Machine. (01:31:29 PM  Jul 10, 2026)
[info] Project:temp_train_TSV_RDL_212_1783660877_29156, Design:TSV_RDL (Terminal Network), Touchstone export: Writing to "C:/ffzhzh/LocalFiles/Ansys_Project_Files/temp_train_TSV_RDL_212_1783660877_29156_SNP/temp_train_TSV_RDL_212_1783660877_29156.[info] Project:temp_train_TSV_RDL_213_1783661052_26216, Design:TSV_RDL (Terminal Network), An interpolating frequency sweep with 1000 points has been started using HFSS - Sol[info] Project:temp_train_TSV_RDL_214_1783661167_33328, Design:TSV_RDL (Terminal Network), An interpolating frequency sweep with 1000 points has been started using HFSS - Solving Distributed. (01:37:24 PM  Jul 10, 2026)
[info] Project:temp_train_TSV_RDL_214_1783661167_33328, Design:TSV_RDL (Terminal Network), Interpolating frequency sweep complete. Converged. (01:37:24 PM  Jul 10, 2026)
[info] Project:temp_train_TSV_RDL_214_1783661167_33328, Design:TSV_RDL (Terminal Network), Normal compl[info] Project:temp_train_TSV_RDL_215_1783661502_29156, Design:TSV_RDL (Terminal Network), An interpolating frequency sweep with 1000 points has been started using HFSS - Solving Distributed. (01:46:09 PM  Jul 10, 2026)
[info] Project:temp_train_TSV_RDL_215_1783661502_29156, Design:TSV_RDL (Terminal Network), Interpolating frequency sweep complete. Converged. (01:46:09 PM  Jul 10, 2026)
[info] Project:temp_train_TSV_RDL_215_1783661502_29156, Design:TSV_RDL (Terminal Network), Normal completion of simulation on server: Local Machine. (01:46:10 PM  Jul 10, 2026)
[info] Project:temp_train_TSV_RDL_215_1783661502_29156, Design:TSV_RDL (Terminal Network), Touchstone export: Writing to "C:/ffzhzh/LocalFiles/Ansys_Project_Files/temp_train_TSV_RDL_215_1783661502_29156_SNP/temp_train_TSV_RDL_215_1783661502_29156.s2p" (01:46:10 PM  Jul 10, 2026)
Stopping Batch Run: 1:46:21 PM  Jul 10, 2026
ving Distributed. (01:41:54 PM  Jul 10, 2026)
[info] Project:temp_train_TSV_RDL_216_1783661602_26216, Design:TSV_RDL (Terminal Network), Interpolating frequency sweep complete. Converged. (01:41:54 PM  Jul 10, 2026)
[info] Project:temp_train_TSV_RDL_216_1783661602_26216, Design:TSV_RDL (Terminal Network), Normal compl[info] Project:temp_train_TSV_RDL_217_1783661854_33328, Design:TSV_RDL (Terminal Network), An interpolating frequency sweep with 1000 points has been started using HFSS - Solving Distributed. (01:51:06 PM  Jul 10, 2026)
[info] Project:temp_train_TSV_RDL_217_1783661854_33328, Design:TSV_RDL (Terminal Network), Interpolating frequency sweep complete. Converged. (01:51:06 PM  Jul 10, 2026)
[info] Project:temp_train_TSV_RDL_217_1783661854_33328, Design:TSV_RDL (Terminal Network), Normal completion of simulation on server: Local Machine. (01:51:06 PM  Jul 10, 2026)
[info] Project:temp_train_TSV_RDL_217_1783661854_33328, Design:TSV_RDL (Terminal Network), Touchstone export: Writing to "C:/ffzhzh/LocalFiles/Ansys_Project_Files/temp_train_TSV_RDL_217_1783661854_33328_SNP/temp_train_TSV_RDL_217_1783661854_33328.s2p" (01:51:07 PM  Jul 10, 2026)
Stopping Batch Run: 1:51:12 PM  Jul 10, 2026
[info] Project:temp_train_TSV_RDL_218_1783662123_26216, Design:TSV_RDL (Terminal Network), An interpolating frequency sweep with 1000 points has been started using HFSS - Solving Distributed. (01:57:06 PM  Jul 10, 2026)
[info] Project:temp_train_TSV_RDL_218_1783662123_26216, Design:TSV_RDL (Terminal Network), Interpolating frequency sweep complete. Converged. (01:57:06 PM  Jul 10, 2026)
[info] Project:temp_train_TSV_RDL_218_1783662123_26216, Design:TSV_RDL (Terminal Network), Normal compl[info] Project:temp_train_TSV_RDL_219_1783662384_29156, Design:TSV_RDL (Terminal Network), An interpolating frequency sweep with 1000 points has been started using HFSS - Solving Distributed. (01:58:38 PM  Jul 10, 2026)
[info] Project:temp_train_TSV_RDL_219_1783662384_29156, Design:TSV_RDL (Terminal Network), Interpolating frequency sweep complete. Converged. (01:58:38 PM  Jul 10, 2026)
[info] Project:temp_train_TSV_RDL_219_1783662384_29156, Design:TSV_RDL (Terminal Network), Normal completion of simulation on server: Local Machine. (01:58:39 PM  Jul 10, 2026)
[info] Project:temp_train_TSV_RDL_219_1783662384_29156, Design:TSV_RDL (Terminal Network), Touchstone export: Writing to "C:/ffzhzh/LocalFiles/Ansys_Project_Files/temp_train_TSV_RDL_219_1783662384_29156_SNP/temp_train_TSV_RDL_219_1783662384_29156[info] Project:temp_train_TSV_RDL_220_1783662674_33328, Design:TSV_RDL (Terminal Network), An interpolating frequency sweep with 1000 points has been started using HFSS - Solving Distributed. (02:01:26 PM  Jul 10, 2026)
[info] Project:temp_train_TSV_RDL_220_1783662674_33328, Design:TSV_RDL (Terminal Network), Interpolating frequency sweep complete. Converged. (02:01:26 PM  Jul 10, 2026)
[info] Project:temp_train_TSV_RDL_220_1783662674_33328, Design:TSV_RDL (Terminal Network), Normal comple[info] Project:temp_train_TSV_RDL_221_1783663030_26216, Design:TSV_RDL (Terminal Network), An interpolating frequency sweep with 1000 points has been started using HFSS - Solving Distributed. (02:06:39 PM  Jul 10, 2026)
[info] Project:temp_train_TSV_RDL_221_1783663030_26216, Design:TSV_RDL (Terminal Network), Interpolating frequency sweep complete. Converged. (02:06:39 PM  Jul 10, 2026)
[info] Project:temp_train_TSV_RDL_221_1783663030_26216, Design:TSV_RDL (Terminal Network), Normal completion of simulation on server: Local Machine. (02:06:39 PM  Jul 10, 2026)
[info] Project:temp_train_TSV_RDL_221_1783663030_26216, Design:TSV_RDL (Terminal Network), Touchstone export: Writing to "C:/ffzhzh/LocalFiles/Ansys_Project_Files/temp_train_TSV_RDL_221_1783663030_26216_SNP/temp_train_TSV_RDL_221_1783663030_26216.s2p" (02:06:45 PM  Jul 10, 2026)
Stopping Batch Run: 2:06:46 PM  Jul 10, 2026
 Network), An interpolating frequency sweep with 1000 points has been started using HFSS - Sol[info] Project:temp_train_TSV_RDL_223_1783663295_33328, Design:TSV_RDL (Terminal Network), An interpolating frequency sweep with 1000 points has been started using HFSS - Solving Distributed. (02:10:46 PM  Jul 10, 2026)
[info] Project:temp_train_TSV_RDL_223_1783663295_33328, Design:TSV_RDL (Terminal Network), Interpolating frequency sweep complete. Converged. (02:10:46 PM  Jul 10, 2026)
[info] Project:temp_train_TSV_RDL_223_1783663295_33328, Design:TSV_RDL (Terminal Network), Normal completion of simulation on server: Local Machine. (02:10:46 PM  Jul 10, 2026)
[info] Project:temp_train_TSV_RDL_223_1783663295_33328, Design:TSV_RDL (Terminal Network), Touchstone export: Writing to "C:/ffzhzh/LocalFiles/Ansys_Project_Files/temp_train_TSV_RDL_223_1783663295_33328_SNP/temp_train_TSV_RDL_223_1783663295_33328.s2p" (02:10:47 PM  Jul 10, 2026)
Stopping Batch Run: 2:10:54 PM  Jul 10, 2026
tarting Batch Run: 2:06:15 PM  Jul 10, 2026
Running as user : FENG\ffzhz
Temp directory: C:\ffzhzh\LocalFiles\Ansys_Temp
Project directory: C:\ffzhzh\LocalFiles\Ansys_Project_Files
[info] gRPC server started on port 8416 of local host. Only connections from the local host initiated by the same user are permitted.

[info] Project:temp_train_TSV_RDL_224_1783663572_29156, Design:TSV_RDL (Terminal Network), An interpolating frequency sweep with 1000 points has been started using HFSS - Solving Distributed. (02:18:25 PM  Jul 10, 2026)
[info] Project:temp_train_TSV_RDL_224_1783663572_29156, Design:TSV_RDL (Terminal Network), Interpolating frequency sweep complete. Converged. (02:18:25 PM  Jul 10, 2026)
[info] Project:temp_train_TSV_RDL_224_1783663572_29156, Design:TSV_RDL (Terminal Network), Normal completion of simulation on server: Local Machine. (02:18:26 PM  Jul 10, 2026)
[info] Project:temp_train_TSV_RDL_224_1783663572_29156, Design:TSV_RDL (Terminal Network), Touchstone export: Writing to "C:/ffzhzh/LocalFiles/Ansys_Project_Files/temp_train_TSV_RDL_224_1783663572_29156_SNP/temp_train_TSV_RDL_224_1783663572_29156.s2p" (02:18:26 PM  Jul 10, 2026)
Stopping Batch Run: 2:18:34 PM  Jul 10, 2026
ject:temp_train_TSV_RDL_225_1783663608_26216, Design:TSV_RDL (Terminal Network), Normal compl[info] Project:temp_train_TSV_RDL_226_1783663857_33328, Design:TSV_RDL (Terminal Network), An interpolating frequency sweep with 1000 points has been started using HFSS - Solving Distributed. (02:21:40 PM  Jul 10, 2026)
[info] Project:temp_train_TSV_RDL_226_1783663857_33328, Design:TSV_RDL (Terminal Network), Interpolating frequency sweep complete. Converged. (02:21:40 PM  Jul 10, 2026)
[info] Project:temp_train_TSV_RDL_226_1783663857_33328, Design:TSV_RDL (Terminal Network), Normal completion of simulation on server: Local Machine. (02:21:40 PM  Jul 10, 2026)
[info] Project:temp_train_TSV_RDL_226_1783663857_33328, Design:TSV_RDL (Terminal Network), Touchstone export: Writing to "C:/ffzhzh/LocalFiles/Ansys_Project_Files/temp_train_TSV_RDL_226_1783663857_33328_SNP/temp_train_TSV_RDL_226_1783663857_33328.s2p" (02:21:41 PM  Jul 10, 2026)
Stopping Batch Run: 2:21:50 PM  Jul 10, 2026
[info] Project:temp_train_TSV_RDL_227_1783664207_26216, Design:TSV_RDL (Terminal Network), Solving frequencies ... (Nondomain solver), process hf3d: Port 2 supports an additional propagating and/or slowly decaying mode whose attenuation is   4.927e-02 and propagation constant is  -3.792e+02 (02:20:41 PM  Jul 10, 2026)
[info] Project:temp_train_TSV_RDL_227_1783664207_26216, Design:TSV_RDL (Terminal Network), An interpolating frequency sweep with 1000 points has been started using HFSS - Sol[info] Project:temp_train_TSV_RDL_228_1783664317_29156, Design:TSV_RDL (Terminal Network), An interpolating frequency sweep with 1000 points has been started using HFSS - Solving Distributed. (02:28:05 PM  Jul 10, 2026)
[info] Project:temp_train_TSV_RDL_228_1783664317_29156, Design:TSV_RDL (Terminal Network), Interpolating frequency sweep complete. Converged. (02:28:05 PM  Jul 10, 2026)
[info] Project:temp_train_TSV_RDL_228_1783664317_29156, Design:TSV_RDL (Terminal Network), Normal compl[info] Project:temp_train_TSV_RDL_229_1783664512_33328, Design:TSV_RDL (Terminal Network), An interpolating frequency sweep with 1000 points has been started using HFSS - Solving Distributed. (02:31:24 PM  Jul 10, 2026)
[info] Project:temp_train_TSV_RDL_229_1783664512_33328, Design:TSV_RDL (Terminal Network), Interpolating frequency sweep complete. Converged. (02:31:24 PM  Jul 10, 2026)
[info] Project:temp_train_TSV_RDL_229_1783664512_33328, Design:TSV_RDL (Terminal Network), Normal completion of simulation on server: Local Machine. (02:31:25 PM  Jul 10, 2026)
[info] Project:temp_train_TSV_RDL_229_1783664512_33328, Design:TSV_RDL (Terminal Network), Touchstone export: Writing to "C:/ffzhzh/LocalFiles/Ansys_Proj[info] Project:temp_train_TSV_RDL_230_1783664768_26216, Design:TSV_RDL (Terminal Network), An interpolating frequency sweep with 1000 points has been started using HFSS - Solving Distributed. (02:56:58 PM  Jul 10, 2026)
[info] Project:temp_train_TSV_RDL_230_1783664768_26216, Design:TSV_RDL (Terminal Network), Interpolating frequency sweep complete. Converged. (02:56:58 PM  Jul 10, 2026)
[info] Project:temp_train_TSV_RDL_230_1783664768_26216, Design:TSV_RDL (Terminal Network), Normal completion of simulation on server: Local Machine. (02:56:59 PM  Jul 10, 2026)
[info] Project:temp_train_TSV_RDL_230_1783664768_26216, Design:TSV_RDL (Terminal Network), Touchstone export: Writing to "C:/ffzhzh/LocalFiles/Ansys_Project_Files/temp_train_TSV_RDL_230_1783664768_26216_SNP/temp_train_TSV_RDL_230_1783664768_26216.s2p" (02:56:59 PM  Jul 10, 2026)
Stopping Batch Run: 2:57:08 PM  Jul 10, 2026
ject:temp_train_TSV_RDL_231_1783664897_29156, Design:TSV_RDL (Terminal Network), Normal compl[info] Project:temp_train_TSV_RDL_232_1783665088_33328, Design:TSV_RDL (Terminal Network), An interpolating frequency sweep with 1000 points has been started using HFSS - Solving Distributed. (02:40:40 PM  Jul 10, 2026)
[info] Project:temp_train_TSV_RDL_232_1783665088_33328, Design:TSV_RDL (Terminal Network), Interpolating frequency sweep complete. Converged. (02:40:40 PM  Jul 10, 2026)
[info] Project:temp_train_TSV_RDL_232_1783665088_33328, Design:TSV_RDL (Terminal Network), Normal completion of simulation on server: Local Machine. (02:40:41 PM  Jul 10, 2026)
[info] Project:temp_train_TSV_RDL_232_1783665088_33328, Design:TSV_RDL (Terminal Network), Touchstone export: Writing to "C:/ffzhzh/LocalFiles/Ansys_Project_Files/temp_train_TSV_RDL_232_1783665088_33328_SNP/temp_train_TSV_RDL_232_1783665088_33328.s2p" (02:40:41 PM  Jul 10, 2026)
Stopping Batch Run: 2:40:47 PM  Jul 10, 2026

[info] Project:temp_train_TSV_RDL_233_1783665339_29156, Design:TSV_RDL (Terminal Network), Solving frequencies ... (Nondomain solver), process hf3d: Port 1 supports an additional propagating and/or slowly decaying mode whose attenuation is   6.033e-02 and propagation constant is  -3.769e+02 (02:39:23 PM  Jul 10, 2026)
[info] Project:temp_train_TSV_RDL_233_1783665339_29156, Design:TSV_RDL (Terminal Network), An interpolating frequency sweep with 1000 points has been started using HFSS - Solving Distributed. (02:44:20 PM  Jul 10, 2026)
[info] Project:temp_train_TSV_RDL_233_1783665339_29156, Design:TSV_RDL (Terminal Network), Interpolating frequency sweep complete. Converged. (02:44:20 PM  Jul 10, 2026)
[info] Project:temp_train_TSV_RDL_233_1783665339_29156, Design:TSV_RDL (Terminal Network), Normal comple[info] Project:temp_train_TSV_RDL_234_1783665649_33328, Design:TSV_RDL (Terminal Network), An interpolating frequency sweep with 1000 points has been started using HFSS - Solving Distributed. (02:50:19 PM  Jul 10, 2026)
[info] Project:temp_train_TSV_RDL_234_1783665649_33328, Design:TSV_RDL (Terminal Network), Interpolating frequency sweep complete. Converged. (02:50:19 PM  Jul 10, 2026)
[info] Project:temp_train_TSV_RDL_234_1783665649_33328, Design:TSV_RDL (Terminal Network), Normal completion of simulation on server: Local Machine. (02:50:19 PM  Jul 10, 2026)
[info] Project:temp_train_TSV_RDL_234_1783665649_33328, Design:TSV_RDL (Terminal Network), Touchstone export: Writing to "C:/ffzhzh/LocalFiles/Ansys_Project_Files/temp_train_TSV_RDL_234_1783665649_33328_SNP/temp_train_TSV_RDL_234_1783665649_33328.s2p" (02:50:20 PM  Jul 10, 2026)
Stopping Batch Run: 2:50:28 PM  Jul 10, 2026[info] Project:temp_train_TSV_RDL_235_1783665870_29156, Design:TSV_RDL (Terminal Network), An interpolating frequency sweep with 1000 points has been started using HFSS - Solving Distributed. (02:53:56 PM  Jul 10, 2026)
[info] Project:temp_train_TSV_RDL_235_1783665870_29156, Design:TSV_RDL (Terminal Network), Interpolating frequency sweep complete. Converged. (02:53:56 PM  Jul 10, 2026)
[info] Project:temp_train_TSV_RDL_235_1783665870_29156, Design:TSV_RDL (Terminal Network), Normal comple[info] Project:temp_train_TSV_RDL_236_1783666230_33328, Design:TSV_RDL (Terminal Network), An interpolating frequency sweep with 1000 points has been started using HFSS - Solving Distributed. (02:59:04 PM  Jul 10, 2026)
[info] Project:temp_train_TSV_RDL_236_1783666230_33328, Design:TSV_RDL (Terminal Network), Interpolating frequency sweep complete. Converged. (02:59:04 PM  Jul 10, 2026)
[info] Project:temp_train_TSV_RDL_236_1783666230_33328, Design:TSV_RDL (Terminal Network), Normal completion of simulation on server: Local Machine. (02:59:05 PM  Jul 10, 2026)
[info] Project:temp_train_TSV_RDL_236_1783666230_33328, Design:TSV_RDL (Terminal Network), Touchstone export: Writing to "C:/ffzhzh/LocalFiles/Ansys_Project_Files/temp_train_TSV_RDL_236_1783666230_33328_SNP/temp_train_TSV_RDL_236_1783666230_33328.s2p" (02:59:05 PM  Jul 10, 2026)
Stopping Batch Run: 2:59:06 PM  Jul 10, 2026[info] Project:temp_train_TSV_RDL_237_1783666445_29156, Design:TSV_RDL (Terminal Network), An interpolating frequency sweep with 1000 points has been started using HFSS - Solving Distributed. (03:06:49 PM  Jul 10, 2026)
[info] Project:temp_train_TSV_RDL_237_1783666445_29156, Design:TSV_RDL (Terminal Network), Interpolating frequency sweep complete. Converged. (03:06:49 PM  Jul 10, 2026)
[info] Project:temp_train_TSV_RDL_237_1783666445_29156, Design:TSV_RDL (Terminal Network), Normal comple[info] Project:temp_train_TSV_RDL_238_1783666631_26216, Design:TSV_RDL (Terminal Network), An interpolating frequency sweep with 1000 points has been started using HFSS - Solving Distributed. (03:08:25 PM  Jul 10, 2026)
[info] Project:temp_train_TSV_RDL_238_1783666631_26216, Design:TSV_RDL (Terminal Network), Interpolating frequency sweep complete. Converged. (03:08:25 PM  Jul 10, 2026)
[info] Project:temp_train_TSV_RDL_238_1783666631_26216, Design:TSV_RDL (Terminal Network), Normal compl[info] Project:temp_train_TSV_RDL_239_1783666748_33328, Design:TSV_RDL (Terminal Network), An interpolating frequency sweep with 1000 points has been started using HFSS - Solving Distributed. (03:08:40 PM  Jul 10, 2026)
[info] Project:temp_train_TSV_RDL_239_1783666748_33328, Design:TSV_RDL (Terminal Network), Interpolating frequency sweep complete. Converged. (03:08:40 PM  Jul 10, 2026)
[info] Project:temp_train_TSV_RDL_239_1783666748_33328, Design:TSV_RDL (Terminal Network), Normal compl[info] Project:temp_train_TSV_RDL_240_1783667223_29156, Design:TSV_RDL (Terminal Network), An interpolating frequency sweep with 1000 points has been started using HFSS - Solving Distributed. (03:28:30 PM  Jul 10, 2026)
[info] Project:temp_train_TSV_RDL_240_1783667223_29156, Design:TSV_RDL (Terminal Network), Interpolating frequency sweep complete. Converged. (03:28:30 PM  Jul 10, 2026)
[info] Project:temp_train_TSV_RDL_240_1783667223_29156, Design:TSV_RDL (Terminal Network), Normal completion of simulation on server: Local Machine. (03:28:30 PM  Jul 10, 2026)
[info] Project:temp_train_TSV_RDL_240_1783667223_29156, Design:TSV_RDL (Terminal Network), Touchstone export: Writing to "C:/ffzhzh/LocalFiles/Ansys_Project_Files/temp_train_TSV_RDL_240_1783667223_29156_SNP/temp_train_TSV_RDL_240_1783667223_29156.s2p" (03:28:32 PM  Jul 10, 2026)
Stopping Batch Run: 3:28:41 PM  Jul 10, 2026
ject:temp_train_TSV_RDL_241_1783667316_26216, Design:TSV_RDL (Terminal Network), Normal compl[info] Project:temp_train_TSV_RDL_242_1783667332_33328, Design:TSV_RDL (Terminal Network), An interpolating frequency sweep with 1000 points has been started using HFSS - Solving Distributed. (03:21:07 PM  Jul 10, 2026)
[info] Project:temp_train_TSV_RDL_242_1783667332_33328, Design:TSV_RDL (Terminal Network), Interpolating frequency sweep complete. Converged. (03:21:07 PM  Jul 10, 2026)
[info] Project:temp_train_TSV_RDL_242_1783667332_33328, Design:TSV_RDL (Terminal Network), Normal completion of simulation on server: Local Machine. (03:21:08 PM  Jul 10, 2026)
[info] Project:temp_train_TSV_RDL_242_1783667332_33328, Design:TSV_RDL (Terminal Network), Touchstone export: Writing to "C:/ffzhzh/LocalFiles/Ansys_Project_Files/temp_train_TSV_RDL_242_1783667332_33328_SNP/temp_train_TSV_RDL_242_1783667332_33328.s2p" (03:21:11 PM  Jul 10, 2026)
Stopping Batch Run: 3:21:11 PM  Jul 10, 2026

[info] Project:temp_train_TSV_RDL_243_1783667875_26216, Design:TSV_RDL (Terminal Network), An interpolating frequency sweep with 1000 points has been started using HFSS - Solving Distributed. (03:26:03 PM  Jul 10, 2026)
[info] Project:temp_train_TSV_RDL_243_1783667875_26216, Design:TSV_RDL (Terminal Network), Interpolating frequency sweep complete. Converged. (03:26:03 PM  Jul 10, 2026)
[info] Project:temp_train_TSV_RDL_243_1783667875_26216, Design:TSV_RDL (Terminal Network), Normal compl[info] Project:temp_train_TSV_RDL_244_1783668075_33328, Design:TSV_RDL (Terminal Network), An interpolating frequency sweep with 1000 points has been started using HFSS - Solving Distributed. (03:40:28 PM  Jul 10, 2026)
[info] Project:temp_train_TSV_RDL_244_1783668075_33328, Design:TSV_RDL (Terminal Network), Interpolating frequency sweep complete. Converged. (03:40:28 PM  Jul 10, 2026)
[info] Project:temp_train_TSV_RDL_244_1783668075_33328, Design:TSV_RDL (Terminal Network), Normal completion of simulation on server: Local Machine. (03:40:28 PM  Jul 10, 2026)
[info] Project:temp_train_TSV_RDL_244_1783668075_33328, Design:TSV_RDL (Terminal Network), Touchstone export: Writing to "C:/ffzhzh/LocalFiles/Ansys_Project_Files/temp_train_TSV_RDL_244_1783668075_33328_SNP/temp_train_TSV_RDL_244_1783668075_33328.s2p" (03:40:29 PM  Jul 10, 2026)
Stopping Batch Run: 3:40:37 PM  Jul 10, 2026

[info] Project:temp_train_TSV_RDL_245_1783668372_26216, Design:TSV_RDL (Terminal Network), An interpolating frequency sweep with 1000 points has been started using HFSS - Solving Distributed. (03:35:58 PM  Jul 10, 2026)
[info] Project:temp_train_TSV_RDL_245_1783668372_26216, Design:TSV_RDL (Terminal Network), Interpolating frequency sweep complete. Converged. (03:35:58 PM  Jul 10, 2026)
[info] Project:temp_train_TSV_RDL_245_1783668372_26216, Design:TSV_RDL (Terminal Network), Normal comple[info] Project:temp_train_TSV_RDL_246_1783668525_29156, Design:TSV_RDL (Terminal Network), An interpolating frequency sweep with 1000 points has been started using HFSS - Solving Distributed. (03:39:30 PM  Jul 10, 2026)
[info] Project:temp_train_TSV_RDL_246_1783668525_29156, Design:TSV_RDL (Terminal Network), Interpolating frequency sweep complete. Converged. (03:39:30 PM  Jul 10, 2026)
[info] Project:temp_train_TSV_RDL_246_1783668525_29156, Design:TSV_RDL (Terminal Network), Normal completion of simulation on server: Local Machine. (03:39:30 PM  Jul 10, 2026)
[info] Project:temp_train_TSV_RDL_246_1783668525_29156, Design:TSV_RDL (Terminal Network), Touchstone export: Writing to "C:/ffzhzh/LocalFiles/Ansys_Project_Files/temp_train_TSV_RDL_246_1783668525_29156_SNP/temp_train_TSV_RDL_246_1783668525_29156.s2p" (03:39:31 PM  Jul 10, 2026)
Stopping Batch Run: 3:39:42 PM  Jul 10, 2026[info] Project:temp_train_TSV_RDL_247_1783668970_26216, Design:TSV_RDL (Terminal Network), An interpolating frequency sweep with 1000 points has been started using HFSS - Solving Distributed. (04:16:47 PM  Jul 10, 2026)
[info] Project:temp_train_TSV_RDL_247_1783668970_26216, Design:TSV_RDL (Terminal Network), Interpolating frequency sweep complete. Converged. (04:16:47 PM  Jul 10, 2026)
[info] Project:temp_train_TSV_RDL_247_1783668970_26216, Design:TSV_RDL (Terminal Network), Normal complet[info] Project:temp_train_TSV_RDL_248_1783669186_29156, Design:TSV_RDL (Terminal Network), Failed to delete temporary files on server 'localhost'. Found File mpiHostfile.txt. You may want to manually delete directory 'C:\ffzhzh\LocalFiles\Ansys_Temp\hfss_Feng_35592.pjt'. (04:17:21 PM  Jul 10, 2026)
[info] Project:temp_train_TSV_RDL_248_1783669186_29156, Design:TSV_RDL (Terminal Network), An interpolating frequency sweep with 1000 points has been started using HFSS - Solving Distributed. (04:17:21 PM  Jul 10, 2026)
[error] Project:temp_train_TSV_RDL_248_1783669186_29156, Design:TSV_RDL (Terminal Network), Simulation has stopped since solver is hanging (04:17:21 PM  Jul 10, 2026)
[warning] Project:temp_train_TSV_RDL_248_1783669186_29156, Design:TSV_RDL (Terminal Network), Interpolating frequency sweep did NOT converge. (04:17:21 PM  Jul 10, 2026)
[error] Project:temp_train_TSV_RDL_248_1783669186_29156, Design:TSV_RDL (Terminal Network), Sweep Sweep failed (04:17:21 PM  Jul 10, 2026)
[error] Project:temp_train_TSV_RDL_248_1783669186_29156, Design:TSV_RDL (Terminal Network), Simulation completed with execution error on server: Local Machine. (04:17:21 PM  Jul 10, 2026)
[error] Project:temp_train_TSV_RDL_248_1783669186_29156, Design:TSV_RDL (Terminal Network), Script macro error: Simulation for temp_train_TSV_RDL_248_1783669186_29156 : TSV_RDL has failed with execution error.  (04:17:21 PM  Jul 10, 2026)
Stopping Batch Run: 4:17:30 PM  Jul 10, 2026
: C:\Program Files\ANSYS Inc\v261\AnsysEM\ansysedt.exe
Non Graphical Mode: No Project??
Starting Batch Run: 4:04:41 PM  Jul 10, 2026
Running as user : FENG\ffzhz
Temp directory: C:\ffzhzh\LocalFiles\Ansys_Temp
Project directory: C:\ffzhzh\LocalFiles\Ansys_Project_Files
[info] gRPC server started on port 7902 of local host. Only connections from the local host initiated by the same user are permitted.

[info] Project:temp_train_TSV_RDL_250_1783670679_33328, Design:TSV_RDL (Terminal Network), Solving frequencies ... (Nondomain solver), process hf3d: Port 1 supports an additional propagating and/or slowly decaying mode whose attenuation is   1.120e-01 and propagation constant is  -3.895e+02 (04:08:29 PM  Jul 10, 2026)
[info] Project:temp_train_TSV_RDL_250_1783670679_33328, Design:TSV_RDL (Terminal Network), Solving frequencies ... (Nondomain solver), process hf3d: Port 2 supports an additional propagating and/or slowly decaying mode whose attenuation is   1.132e-01 and propagation constant is  -3.895e+02 (04:08:29 PM  Jul 10, 2026)
[info] Project:temp_train_TSV_RDL_250_1783670679_33328, Design:TSV_RDL (Terminal Network), An interpolating frequency sweep with 1000 points has been started using HFSS - Solving Distributed. (04:13:40 PM  Jul 10, 2026)
[info] Project:temp_train_TSV_RDL_250_1783670679_33328, Design:TSV_RDL (Terminal Network), Interpolating frequency sweep complete. Converged. (04:13:40 PM  Jul 10, 2026)
[info] Project:temp_train_TSV_RDL_250_1783670679_33328, Design:TSV_RDL (Terminal Network), Normal completion of simulation on server: Local Machine. (04:13:40 PM  Jul 10, 2026)
[info] Project:temp_train_TSV_RDL_250_1783670679_33328, Design:TSV_RDL (Terminal Network), Touchstone export: Writing to "C:/ffzhzh/LocalFiles/Ansys_Project_Files/temp_train_TSV_RDL_250_1783670679_33328_SNP/temp_train_TSV_RDL_250_1783670679_33328.s2p" (04:13:41 PM  Jul 10, 2026)
Stopping Batch Run: 4:13:51 PM  Jul 10, 2026
 
Ansys Electronics Desktop Version 2026.1.0, Build: 2026-02-02 02:17:35
Location: C:\Program Files\ANSYS Inc\v261\AnsysEM\ansysedt.exe
Non Graphical Mode: No Project??
Starting Batch Run: 4:13:55 PM  Jul 10, 2026
Running as user : FENG\ffzhz
Temp directory: C:\ffzhzh\LocalFiles\Ansys_Temp
Project directory: C:\ffzhzh\LocalFiles\Ansys_Project_Files
[info] gRPC server started on port 4981 of local host. Only connections from the local host initiated by the same user are permitted.

[info] Project:temp_train_TSV_RDL_251_1783671233_33328, Design:TSV_RDL (Terminal Network), An interpolating frequency sweep with 1000 points has been started using HFSS - Solving Distributed. (04:25:42 PM  Jul 10, 2026)
[info] Project:temp_train_TSV_RDL_251_1783671233_33328, Design:TSV_RDL (Terminal Network), Interpolating frequency sweep complete. Converged. (04:25:42 PM  Jul 10, 2026)
[info] Project:temp_train_TSV_RDL_251_1783671233_33328, Design:TSV_RDL (Terminal Network), Normal completion of simulation on server: Local Machine. (04:25:42 PM  Jul 10, 2026)
[info] Project:temp_train_TSV_RDL_251_1783671233_33328, Design:TSV_RDL (Terminal Network), Touchstone export: Writing to "C:/ffzhzh/LocalFiles/Ansys_Project_Files/temp_train_TSV_RDL_251_1783671233_33328_SNP/temp_train_TSV_RDL_251_1783671233_33328.s2p" (04:25:43 PM  Jul 10, 2026)
Stopping Batch Run: 4:25:52 PM  Jul 10, 2026
oject:temp_train_TSV_RDL_252_1783671414_26216, Design:TSV_RDL (Terminal Network), Normal compl[info] Project:temp_train_TSV_RDL_253_1783671454_29156, Design:TSV_RDL (Terminal Network), An interpolating frequency sweep with 1000 points has been started using HFSS - Solving Distributed. (04:27:33 PM  Jul 10, 2026)
[info] Project:temp_train_TSV_RDL_253_1783671454_29156, Design:TSV_RDL (Terminal Network), Interpolating frequency sweep complete. Converged. (04:27:33 PM  Jul 10, 2026)
[info] Project:temp_train_TSV_RDL_253_1783671454_29156, Design:TSV_RDL (Terminal Network), Normal completion of simulation on server: Local Machine. (04:27:33 PM  Jul 10, 2026)
[info] Project:temp_train_TSV_RDL_253_1783671454_29156, Design:TSV_RDL (Terminal Network), Touchstone export: Writing to "C:/ffzhzh/LocalFiles/Ansys_Project_Files/temp_train_TSV_RDL_253_1783671454_29156_SNP/temp_train_TSV_RDL_253_1783671454_29156.s2p" (04:27:34 PM  Jul 10, 2026)
Stopping Batch Run: 4:27:41 PM  Jul 10, 2026
[info] Project:temp_train_TSV_RDL_254_1783671819_26216, Design:TSV_RDL (Terminal Network), Solving frequencies ... (Nondomain solver), process hf3d: Port 2 supports an additional propagating and/or slowly decaying mode whose attenuation is   6.817e-02 and propagation constant is  -3.771e+02 (04:31:12 PM  Jul 10, 2026)
[info] Project:temp_train_TSV_RDL_254_1783671819_26216, Design:TSV_RDL (Terminal Network), An interpolating frequency sweep with 1000 points has been started using HFSS - Solving Distributed. (04:44:05 PM  Jul 10, 2026)
[info] Project:temp_train_TSV_RDL_254_1783671819_26216, Design:TSV_RDL (Terminal Network), Interpolating frequency sweep complete. Converged. (04:44:05 PM  Jul 10, 2026)
[info] Project:temp_train_TSV_RDL_254_1783671819_26216, Design:TSV_RDL (Terminal Network), Normal completion of simulation on server: Local Machine. (04:44:05 PM  Jul 10, 2026)
[info] Project:temp_train_TSV_RDL_254_1783671819_26216, Design:TSV_RDL (Terminal Network), Touchstone export: Writing to "C:/ffzhzh/LocalFiles/Ansys_Project_Files/temp_train_TSV_RDL_254_1783671819_26216_SNP/temp_train_TSV_RDL_254_1783671819_26216.s2p" (04:44:06 PM  Jul 10, 2026)
Stopping Batch Run: 4:44:13 PM  Jul 10, 2026
Project:temp_train_TSV_RDL_256_1783672064_29156, Design:TSV_RDL (Terminal Network), Interpolating frequency sweep complete. Converged. (04:38:46 PM  Jul 10, 2026)
[info] Project:temp_train_TSV_RDL_256_1783672064_29156, Design:TSV_RDL (Terminal Network), Normal completion of simulation on server: Local Machine. (04:38:46 PM  Jul 10, 2026)
[info] Project:temp_train_TSV_RDL_256_1783672064_29156, Design:TSV_RDL (Terminal Network), Touchstone export: Writing to "C:/ffzhzh/LocalFiles/Ansys_Project_Files/temp_train_TSV_RDL_256_1783672064_29156_SNP/temp_train_TSV_RDL_256_1783672064_29156.s2p" (04:38:47 PM  Jul 10, 2026)
Stopping Batch Run: 4:38:57 PM  Jul 10, 2026
[info] Project:temp_train_TSV_RDL_257_1783672550_33328, Design:TSV_RDL (Terminal Network), An interpolating frequency sweep with 1000 points has been started using HFSS - Solving Distributed. (04:49:29 PM  Jul 10, 2026)
[info] Project:temp_train_TSV_RDL_257_1783672550_33328, Design:TSV_RDL (Terminal Network), Interpolating frequency sweep complete. Converged. (04:49:29 PM  Jul 10, 2026)
[info] Project:temp_train_TSV_RDL_257_1783672550_33328, Design:TSV_RDL (Terminal Network), Normal comple[info] Project:temp_train_TSV_RDL_258_1783672739_29156, Design:TSV_RDL (Terminal Network), An interpolating frequency sweep with 1000 points has been started using HFSS - Solving Distributed. (04:49:35 PM  Jul 10, 2026)
[info] Project:temp_train_TSV_RDL_258_1783672739_29156, Design:TSV_RDL (Terminal Network), Interpolating frequency sweep complete. Converged. (04:49:35 PM  Jul 10, 2026)
[info] Project:temp_train_TSV_RDL_258_1783672739_29156, Design:TSV_RDL (Terminal Network), Normal compl[info] Project:temp_train_TSV_RDL_259_1783673055_26216, Design:TSV_RDL (Terminal Network), An interpolating frequency sweep with 1000 points has been started using HFSS - Solving Distributed. (04:52:24 PM  Jul 10, 2026)
[info] Project:temp_train_TSV_RDL_259_1783673055_26216, Design:TSV_RDL (Terminal Network), Interpolating frequency sweep complete. Converged. (04:52:24 PM  Jul 10, 2026)
[info] Project:temp_train_TSV_RDL_259_1783673055_26216, Design:TSV_RDL (Terminal Network), Normal completion of simulation on server: Local Machine. (04:52:24 PM  Jul 10, 2026)
[[info] Project:temp_train_TSV_RDL_260_1783673374_33328, Design:TSV_RDL (Terminal Network), An interpolating frequency sweep with 1000 points has been started using HFSS - Solving Distributed. (04:57:28 PM  Jul 10, 2026)
[info] Project:temp_train_TSV_RDL_260_1783673374_33328, Design:TSV_RDL (Terminal Network), Interpolating frequency sweep complete. Converged. (04:57:28 PM  Jul 10, 2026)
[info] Project:temp_train_TSV_RDL_260_1783673374_33328, Design:TSV_RDL (Terminal Network), Normal comple[info] Project:temp_train_TSV_RDL_261_1783673386_29156, Design:TSV_RDL (Terminal Network), An interpolating frequency sweep with 1000 points has been started using HFSS - Solving Distributed. (04:58:37 PM  Jul 10, 2026)
[info] Project:temp_train_TSV_RDL_261_1783673386_29156, Design:TSV_RDL (Terminal Network), Interpolating frequency sweep complete. Converged. (04:58:37 PM  Jul 10, 2026)
[info] Project:temp_train_TSV_RDL_261_1783673386_29156, Design:TSV_RDL (Terminal Network), Normal compl[info] Project:temp_train_TSV_RDL_262_1783673548_26216, Design:TSV_RDL (Terminal Network), An interpolating frequency sweep with 1000 points has been started using HFSS - Solving Distributed. (05:00:57 PM  Jul 10, 2026)
[info] Project:temp_train_TSV_RDL_262_1783673548_26216, Design:TSV_RDL (Terminal Network), Interpolating frequency sweep complete. Converged. (05:00:57 PM  Jul 10, 2026)
[info] Project:temp_train_TSV_RDL_262_1783673548_26216, Design:TSV_RDL (Terminal Network), Normal compl[info] Project:temp_train_TSV_RDL_263_1783673857_33328, Design:TSV_RDL (Terminal Network), An interpolating frequency sweep with 1000 points has been started using HFSS - Solving Distributed. (05:03:28 PM  Jul 10, 2026)
[info] Project:temp_train_TSV_RDL_263_1783673857_33328, Design:TSV_RDL (Terminal Network), Interpolating frequency sweep complete. Converged. (05:03:28 PM  Jul 10, 2026)
[info] Project:temp_train_TSV_RDL_263_1783673857_33328, Design:TSV_RDL (Terminal Network), Normal compl[info] Project:temp_train_TSV_RDL_264_1783673921_29156, Design:TSV_RDL (Terminal Network), An interpolating frequency sweep with 1000 points has been started using HFSS - Solving Distributed. (05:05:41 PM  Jul 10, 2026)
[info] Project:temp_train_TSV_RDL_264_1783673921_29156, Design:TSV_RDL (Terminal Network), Interpolating frequency sweep complete. Converged. (05:05:41 PM  Jul 10, 2026)
[info] Project:temp_train_TSV_RDL_264_1783673921_29156, Design:TSV_RDL (Terminal Network), Normal comple[info] Project:temp_train_TSV_RDL_265_1783674068_26216, Design:TSV_RDL (Terminal Network), An interpolating frequency sweep with 1000 points has been started using HFSS - Solving Distributed. (05:08:14 PM  Jul 10, 2026)
[info] Project:temp_train_TSV_RDL_265_1783674068_26216, Design:TSV_RDL (Terminal Network), Interpolating frequency sweep complete. Converged. (05:08:14 PM  Jul 10, 2026)
[info] Project:temp_train_TSV_RDL_265_1783674068_26216, Design:TSV_RDL (Terminal Network), Normal compl[info] Project:temp_train_TSV_RDL_266_1783674218_33328, Design:TSV_RDL (Terminal Network), An interpolating frequency sweep with 1000 points has been started using HFSS - Solving Distributed. (05:14:08 PM  Jul 10, 2026)
[info] Project:temp_train_TSV_RDL_266_1783674218_33328, Design:TSV_RDL (Terminal Network), Interpolating frequency sweep complete. Converged. (05:14:08 PM  Jul 10, 2026)
[info] Project:temp_train_TSV_RDL_266_1783674218_33328, Design:TSV_RDL (Terminal Network), Normal comple[info] Project:temp_train_TSV_RDL_267_1783674346_29156, Design:TSV_RDL (Terminal Network), An interpolating frequency sweep with 1000 points has been started using HFSS - Solving Distributed. (05:16:34 PM  Jul 10, 2026)
[info] Project:temp_train_TSV_RDL_267_1783674346_29156, Design:TSV_RDL (Terminal Network), Interpolating frequency sweep complete. Converged. (05:16:34 PM  Jul 10, 2026)
[info] Project:temp_train_TSV_RDL_267_1783674346_29156, Design:TSV_RDL (Terminal Network), Normal comple[info] Project:temp_train_TSV_RDL_268_1783674508_26216, Design:TSV_RDL (Terminal Network), An interpolating frequency sweep with 1000 points has been started using HFSS - Solving Distributed. (05:17:22 PM  Jul 10, 2026)
[info] Project:temp_train_TSV_RDL_268_1783674508_26216, Design:TSV_RDL (Terminal Network), Interpolating frequency sweep complete. Converged. (05:17:22 PM  Jul 10, 2026)
[info] Project:temp_train_TSV_RDL_268_1783674508_26216, Design:TSV_RDL (Terminal Network), Normal compl[info] Project:temp_train_TSV_RDL_269_1783674853_33328, Design:TSV_RDL (Terminal Network), Solving frequencies ... (Nondomain solver), process hf3d: Port 1 supports an additional propagating and/or slowly decaying mode whose attenuation is   3.671e-02 and propagation constant is  -3.813e+02 (05:17:33 PM  Jul 10, 2026)
[info] Project:temp_train_TSV_RDL_269_1783674853_33328, Design:TSV_RDL (Terminal Network), An interpolating frequency sweep with 1000 points has been started using HFSS - Solv[info] Project:temp_train_TSV_RDL_270_1783674999_29156, Design:TSV_RDL (Terminal Network), An interpolating frequency sweep with 1000 points has been started using HFSS - Solving Distributed. (05:26:09 PM  Jul 10, 2026)
[info] Project:temp_train_TSV_RDL_270_1783674999_29156, Design:TSV_RDL (Terminal Network), Interpolating frequency sweep complete. Converged. (05:26:09 PM  Jul 10, 2026)
[info] Project:temp_train_TSV_RDL_270_1783674999_29156, Design:TSV_RDL (Terminal Network), Normal completion of simulation on server: Local Machine. (05:26:09 PM  Jul 10, 2026)
[info] Project:temp_train_TSV_RDL_270_1783674999_29156, Design:TSV_RDL (Terminal Network), Touchstone export: Writing to "C:/ffzhzh/LocalFiles/Ansys_Project_Files/temp_train_TSV_RDL_270_1783674999_29156_SNP/temp_train_TSV_RDL_270_1783674999_29156.s2p" (05:26:10 PM  Jul 10, 2026)
Stopping Batch Run: 5:26:11 PM  Jul 10, 2026
oject:temp_train_TSV_RDL_271_1783675047_26216, Design:TSV_RDL (Terminal Network), Normal completion of simulation on server: Local Machine. (05:25:57 PM  Jul 10, 2026)
[info] Project:temp_train_TSV_RDL_271_1783675047_26216, Design:TSV_RDL (Terminal Network), Touchstone export: Writing to "C:/ffzhzh/LocalFiles/Ansys_Pr[info] Project:temp_train_TSV_RDL_272_1783675352_33328, Design:TSV_RDL (Terminal Network), An interpolating frequency sweep with 1000 points has been started using HFSS - Solving Distributed. (05:31:13 PM  Jul 10, 2026)
[info] Project:temp_train_TSV_RDL_272_1783675352_33328, Design:TSV_RDL (Terminal Network), Interpolating frequency sweep complete. Converged. (05:31:13 PM  Jul 10, 2026)
[info] Project:temp_train_TSV_RDL_272_1783675352_33328, Design:TSV_RDL (Terminal Network), Normal completion of simulation on server: Local Machine. (05:31:13 PM  Jul 10, 2026)
[info] Project:temp_train_TSV_RDL_272_1783675352_33328, Design:TSV_RDL (Terminal Network), Touchstone [info] Project:temp_train_TSV_RDL_273_1783675570_26216, Design:TSV_RDL (Terminal Network), An interpolating frequency sweep with 1000 points has been started using HFSS - Solving Distributed. (05:54:42 PM  Jul 10, 2026)
[info] Project:temp_train_TSV_RDL_273_1783675570_26216, Design:TSV_RDL (Terminal Network), Interpolating frequency sweep complete. Converged. (05:54:42 PM  Jul 10, 2026)
[info] Project:temp_train_TSV_RDL_273_1783675570_26216, Design:TSV_RDL (Terminal Network), Normal completion of simulation on server: Local Machine. (05:54:42 PM  Jul 10, 2026)
[info] Project:temp_train_TSV_RDL_273_1783675570_26216, Design:TSV_RDL (Terminal Network), Touchstone export: Writing to "C:/ffzhzh/LocalFiles/Ansys_Project_Files/temp_train_TSV_RDL_273_1783675570_26216_SNP/temp_train_TSV_RDL_273_1783675570_26216.s2p" (05:54:44 PM  Jul 10, 2026)
Stopping Batch Run: 5:54:54 PM  Jul 10, 2026
oject:temp_train_TSV_RDL_274_1783675573_29156, Design:TSV_RDL (Terminal Network), Normal comple[info] Project:temp_train_TSV_RDL_275_1783675886_33328, Design:TSV_RDL (Terminal Network), An interpolating frequency sweep with 1000 points has been started using HFSS - Solving Distributed. (06:13:59 PM  Jul 10, 2026)
[info] Project:temp_train_TSV_RDL_275_1783675886_33328, Design:TSV_RDL (Terminal Network), Interpolating frequency sweep complete. Converged. (06:13:59 PM  Jul 10, 2026)
[info] Project:temp_train_TSV_RDL_275_1783675886_33328, Design:TSV_RDL (Terminal Network), Normal completion of simulation on server: Local Machine. (06:13:59 PM  Jul 10, 2026)
[info] Project:temp_train_TSV_RDL_275_1783675886_33328, Design:TSV_RDL (Terminal Network), Touchstone export: Writing to "C:/ffzhzh/LocalFiles/Ansys_Project_Files/temp_train_TSV_RDL_275_1783675886_33328_SNP/temp_train_TSV_RDL_275_1783675886_33328.s2p" (06:14:02 PM  Jul 10, 2026)
Stopping Batch Run: 6:14:12 PM  Jul 10, 2026
[info] Project:temp_train_TSV_RDL_276_1783676843_29156, Design:TSV_RDL (Terminal Network), Solving frequencies ... (Nondomain solver), process hf3d: Port 2 supports an additional propagating and/or slowly decaying mode whose attenuation is   1.873e-01 and propagation constant is  -5.165e+02 (05:52:38 PM  Jul 10, 2026)
[info] Project:temp_train_TSV_RDL_276_1783676843_29156, Design:TSV_RDL (Terminal Network), An interpolating frequency sweep with 1000 points has been started using HFSS - Solving Distributed. (06:01:31 PM  Jul 10, 2026)
[info] Project:temp_train_TSV_RDL_276_1783676843_29156, Design:TSV_RDL (Terminal Network), Interpolating frequency sweep complete. Converged. (06:01:31 PM  Jul 10, 2026)
[info] Project:temp_train_TSV_RDL_276_1783676843_29156, Design:TSV_RDL (Terminal Network), Normal compl[info] Project:temp_train_TSV_RDL_277_1783677299_26216, Design:TSV_RDL (Terminal Network), An interpolating frequency sweep with 1000 points has been started using HFSS - Solving Distributed. (06:04:57 PM  Jul 10, 2026)
[info] Project:temp_train_TSV_RDL_277_1783677299_26216, Design:TSV_RDL (Terminal Network), Interpolating frequency sweep complete. Converged. (06:04:57 PM  Jul 10, 2026)
[info] Project:temp_train_TSV_RDL_277_1783677299_26216, Design:TSV_RDL (Terminal Network), Normal completion of simulation on server: Local Machine. (06:04:58 PM  Jul 10, 2026)
[info] Project:temp_train_TSV_RDL_277_1783677299_26216, Design:TSV_RDL (Terminal Network), Touchstone export: Writing to "C:/ffzhzh/LocalFiles/Ansys_Project_Files/temp_train_TSV_RDL_277_1783677299_26216_SNP/temp_train_TSV_RDL_277_1783677299_26216.s2p" (06:04:59 PM  Jul 10, 2026)
Stopping Batch Run: 6:05:05 PM  Jul 10, 2026
[info] Project:temp_train_TSV_RDL_278_1783677703_29156, Design:TSV_RDL (Terminal Network), Solving frequencies ... (Nondomain solver), process hf3d: Port 2 supports an additional propagating and/or slowly decaying mode whose attenuation is   8.287e-02 and propagation constant is  -4.367e+02 (06:06:11 PM  Jul 10, 2026)
[info] Project:temp_train_TSV_RDL_278_1783677703_29156, Design:TSV_RDL (Terminal Network), An interpolating frequency sweep with 1000 points has been started using HFSS - Sol[info] Project:temp_train_TSV_RDL_279_1783677909_26216, Design:TSV_RDL (Terminal Network), An interpolating frequency sweep with 1000 points has been started using HFSS - Solving Distributed. (06:39:58 PM  Jul 10, 2026)
[info] Project:temp_train_TSV_RDL_279_1783677909_26216, Design:TSV_RDL (Terminal Network), Interpolating frequency sweep complete. Converged. (06:39:58 PM  Jul 10, 2026)
[info] Project:temp_train_TSV_RDL_279_1783677909_26216, Design:TSV_RDL (Terminal Network), Normal completion of simulation on server: Local Machine. (06:39:58 PM  Jul 10, 2026)
[info] Project:temp_train_TSV_RDL_279_1783677909_26216, Design:TSV_RDL (Terminal Network), Touchstone export: Writing to "C:/ffzhzh/LocalFiles/Ansys_Project_Files/temp_train_TSV_RDL_279_1783677909_26216_SNP/temp_train_TSV_RDL_279_1783677909_26216.s2p" (06:40:01 PM  Jul 10, 2026)
Stopping Batch Run: 6:40:02 PM  Jul 10, 2026
tarting Batch Run: 6:11:54 PM  Jul 10, 2026
Running as user : FENG\ffzhz
Temp directory: C:\ffzhzh\LocalFiles\Ansys_Temp
Project directory: C:\ffzhzh\LocalFiles\Ansys_Project_Files
[info] gRPC server started on port 2852 of local host. Only connections from the local host initiated by the same user are permitted.

[info] Project:temp_train_TSV_RDL_280_1783678311_29156, Design:TSV_RDL (Terminal Network), An interpolating frequency sweep with 1000 points has been started using HFSS - Solving Distributed. (06:21:16 PM  Jul 10, 2026)
[info] Project:temp_train_TSV_RDL_280_1783678311_29156, Design:TSV_RDL (Terminal Network), Interpolating frequency sweep complete. Converged. (06:21:16 PM  Jul 10, 2026)
[info] Project:temp_train_TSV_RDL_280_1783678311_29156, Design:TSV_RDL (Terminal Network), Normal compl[info] Project:temp_train_TSV_RDL_281_1783678456_33328, Design:TSV_RDL (Terminal Network), An interpolating frequency sweep with 1000 points has been started using HFSS - Solving Distributed. (06:26:43 PM  Jul 10, 2026)
[info] Project:temp_train_TSV_RDL_281_1783678456_33328, Design:TSV_RDL (Terminal Network), Interpolating frequency sweep complete. Converged. (06:26:43 PM  Jul 10, 2026)
[info] Project:temp_train_TSV_RDL_281_1783678456_33328, Design:TSV_RDL (Terminal Network), Normal completion of simulation on server: Local Machine. (06:26:43 PM  Jul 10, 2026)
[info] Project:temp_train_TSV_RDL_281_1783678456_33328, Design:TSV_RDL (Terminal Network), Touchstone export: Writing to "C:/ffzhzh/LocalFiles/Ansys_Project_Files/temp_train_TSV_RDL_281_1783678456_33328_SNP/temp_train_TSV_RDL_281_1783678456_33328.s2p" (06:26:46 PM  Jul 10, 2026)
Stopping Batch Run: 6:26:53 PM  Jul 10, 2026
[info] Project:temp_train_TSV_RDL_282_1783678881_29156, Design:TSV_RDL (Terminal Network), Solving frequencies ... (Nondomain solver), process hf3d: Port 1 supports an additional propagating and/or slowly decaying mode whose attenuation is   1.574e-01 and propagation constant is  -4.009e+02 (06:26:27 PM  Jul 10, 2026)
[info] Project:temp_train_TSV_RDL_282_1783678881_29156, Design:TSV_RDL (Terminal Network), An interpolating frequency sweep with 1000 points has been started using HFSS - Solving Distributed. (06:31:25 PM  Jul 10, 2026)
[info] Project:temp_train_TSV_RDL_282_1783678881_29156, Design:TSV_RDL (Terminal Network), Interpolating frequency sweep complete. Converged. (06:31:25 PM  Jul 10, 2026)
[info] Project:temp_train_TSV_RDL_282_1783678881_29156, Design:TSV_RDL (Terminal Network), Normal compl[info] Project:temp_train_TSV_RDL_283_1783679221_33328, Design:TSV_RDL (Terminal Network), An interpolating frequency sweep with 1000 points has been started using HFSS - Solving Distributed. (06:37:23 PM  Jul 10, 2026)
[info] Project:temp_train_TSV_RDL_283_1783679221_33328, Design:TSV_RDL (Terminal Network), Interpolating frequency sweep complete. Converged. (06:37:23 PM  Jul 10, 2026)
[info] Project:temp_train_TSV_RDL_283_1783679221_33328, Design:TSV_RDL (Terminal Network), Normal completion of simulation on server: Local Machine. (06:37:23 PM  Jul 10, 2026)
[info] Project:temp_train_TSV_RDL_283_1783679221_33328, Design:TSV_RDL (Terminal Network), Touchstone export: Writing to "C:/ffzhzh/LocalFiles/Ansys_Project_Files/temp_train_TSV_RDL_283_1783679221_33328_SNP/temp_train_TSV_RDL_283_1783679221_33328.s2p" (06:37:26 PM  Jul 10, 2026)
Stopping Batch Run: 6:37:27 PM  Jul 10, 2026
[info] Project:temp_train_TSV_RDL_284_1783679496_29156, Design:TSV_RDL (Terminal Network), An interpolating frequency sweep with 1000 points has been started using HFSS - Solving Distributed. (06:43:20 PM  Jul 10, 2026)
[info] Project:temp_train_TSV_RDL_284_1783679496_29156, Design:TSV_RDL (Terminal Network), Interpolating frequency sweep complete. Converged. (06:43:20 PM  Jul 10, 2026)
[info] Project:temp_train_TSV_RDL_284_1783679496_29156, Design:TSV_RDL (Terminal Network), Normal comple[info] Project:temp_train_TSV_RDL_285_1783679850_33328, Design:TSV_RDL (Terminal Network), An interpolating frequency sweep with 1000 points has been started using HFSS - Solving Distributed. (06:44:07 PM  Jul 10, 2026)
[info] Project:temp_train_TSV_RDL_285_1783679850_33328, Design:TSV_RDL (Terminal Network), Interpolating frequency sweep complete. Converged. (06:44:07 PM  Jul 10, 2026)
[info] Project:temp_train_TSV_RDL_285_1783679850_33328, Design:TSV_RDL (Terminal Network), Normal compl[info] Project:temp_train_TSV_RDL_286_1783680006_26216, Design:TSV_RDL (Terminal Network), An interpolating frequency sweep with 1000 points has been started using HFSS - Solving Distributed. (06:49:10 PM  Jul 10, 2026)
[info] Project:temp_train_TSV_RDL_286_1783680006_26216, Design:TSV_RDL (Terminal Network), Interpolating frequency sweep complete. Converged. (06:49:10 PM  Jul 10, 2026)
[info] Project:temp_train_TSV_RDL_286_1783680006_26216, Design:TSV_RDL (Terminal Network), Normal completion of simulation on server: Local Machine. (06:49:10 PM  Jul 10, 2026)
[info] Project:temp_train_TSV_RDL_286_1783680006_26216, Design:TSV_RDL (Terminal Network), Touchstone export: Writing to "C:/ffzhzh/LocalFiles/Ansys_Project_Files/temp_train_TSV_RDL_286_1783680006_26216_SNP/temp_train_TSV_RDL_286_1783680006_26216[info] Project:temp_train_TSV_RDL_287_1783680207_29156, Design:TSV_RDL (Terminal Network), An interpolating frequency sweep with 1000 points has been started using HFSS - Sol[info] Project:temp_train_TSV_RDL_288_1783680255_33328, Design:TSV_RDL (Terminal Network), An interpolating frequency sweep with 1000 points has been started using HFSS - Solving Distributed. (06:52:23 PM  Jul 10, 2026)
[info] Project:temp_train_TSV_RDL_288_1783680255_33328, Design:TSV_RDL (Terminal Network), Interpolating frequency sweep complete. Converged. (06:52:23 PM  Jul 10, 2026)
[info] Project:temp_train_TSV_RDL_288_1783680255_33328, Design:TSV_RDL (Terminal Network), Normal compl[info] Project:temp_train_TSV_RDL_289_1783680555_26216, Design:TSV_RDL (Terminal Network), An interpolating frequency sweep with 1000 points has been started using HFSS - Solving Distributed. (06:56:23 PM  Jul 10, 2026)
[info] Project:temp_train_TSV_RDL_289_1783680555_26216, Design:TSV_RDL (Terminal Network), Interpolating frequency sweep complete. Converged. (06:56:23 PM  Jul 10, 2026)
[info] Project:temp_train_TSV_RDL_289_1783680555_26216, Design:TSV_RDL (Terminal Network), Normal completion of simulation on server: Local Machine. (06:56:23 PM  Jul 10, 2026)
[info] Project:temp_train_TSV_RDL_289_1783680555_26216, Design:TSV_RDL (Terminal Network), Touchstone export: Writing to "C:/ffzhzh/LocalFiles/Ansys_Proj[info] Project:temp_train_TSV_RDL_290_1783680714_29156, Design:TSV_RDL (Terminal Network), An interpolating frequency sweep with 1000 points has been started using HFSS - Solving Distributed. (06:59:07 PM  Jul 10, 2026)
[info] Project:temp_train_TSV_RDL_290_1783680714_29156, Design:TSV_RDL (Terminal Network), Interpolating frequency sweep complete. Converged. (06:59:07 PM  Jul 10, 2026)
[info] Project:temp_train_TSV_RDL_290_1783680714_29156, Design:TSV_RDL (Terminal Network), Normal compl[info] Project:temp_train_TSV_RDL_291_1783680748_33328, Design:TSV_RDL (Terminal Network), An interpolating frequency sweep with 1000 points has been started using HFSS - Solving Distributed. (07:04:55 PM  Jul 10, 2026)
[info] Project:temp_train_TSV_RDL_291_1783680748_33328, Design:TSV_RDL (Terminal Network), Interpolating frequency sweep complete. Converged. (07:04:55 PM  Jul 10, 2026)
[info] Project:temp_train_TSV_RDL_291_1783680748_33328, Design:TSV_RDL (Terminal Network), Normal comple[info] Project:temp_train_TSV_RDL_292_1783680993_26216, Design:TSV_RDL (Terminal Network), An interpolating frequency sweep with 1000 points has been started using HFSS - Solving Distributed. (07:05:10 PM  Jul 10, 2026)
[info] Project:temp_train_TSV_RDL_292_1783680993_26216, Design:TSV_RDL (Terminal Network), Interpolating frequency sweep complete. Converged. (07:05:10 PM  Jul 10, 2026)
[info] Project:temp_train_TSV_RDL_292_1783680993_26216, Design:TSV_RDL (Terminal Network), Normal compl[info] Project:temp_train_TSV_RDL_293_1783681151_29156, Design:TSV_RDL (Terminal Network), An interpolating frequency sweep with 1000 points has been started using HFSS - Solving Distributed. (07:07:13 PM  Jul 10, 2026)
[info] Project:temp_train_TSV_RDL_293_1783681151_29156, Design:TSV_RDL (Terminal Network), Interpolating frequency sweep complete. Converged. (07:07:13 PM  Jul 10, 2026)
[info] Project:temp_train_TSV_RDL_293_1783681151_29156, Design:TSV_RDL (Terminal Network), Normal completion of simulation on server: Local Machine. (07:07:13 PM  Jul 10, 2026)
[info] Project:temp_train_TSV_RDL_293_1783681151_29156, Design:TSV_RDL (Terminal Network), Touchstone export: Writing to "C:/ffzhzh/LocalFiles/Ansys_Project_Files/temp_train_TSV_RDL_293_1783681151_29156_SNP/temp_train_TSV_RDL_293_1783681151_29156.s2p" (07:07:14 PM  Jul 10, 2026)
[info] Project:temp_train_TSV_RDL_294_1783681510_33328, Design:TSV_RDL (Terminal Network), An interpolating frequency sweep with 1000 points has been started using HFSS - Solving Distributed. (07:12:19 PM  Jul 10, 2026)
[info] Project:temp_train_TSV_RDL_294_1783681510_33328, Design:TSV_RDL (Terminal Network), Interpolating frequency sweep complete. Converged. (07:12:19 PM  Jul 10, 2026)
[info] Project:temp_train_TSV_RDL_294_1783681510_33328, Design:TSV_RDL (Terminal Network), Normal compl[info] Project:temp_train_TSV_RDL_295_1783681514_26216, Design:TSV_RDL (Terminal Network), An interpolating frequency sweep with 1000 points has been started using HFSS - Solving Distributed. (07:13:38 PM  Jul 10, 2026)
[info] Project:temp_train_TSV_RDL_295_1783681514_26216, Design:TSV_RDL (Terminal Network), Interpolating frequency sweep complete. Converged. (07:13:38 PM  Jul 10, 2026)
[info] Project:temp_train_TSV_RDL_295_1783681514_26216, Design:TSV_RDL (Terminal Network), Normal comple[info] Project:temp_train_TSV_RDL_296_1783681644_29156, Design:TSV_RDL (Terminal Network), An interpolating frequency sweep with 1000 points has been started using HFSS - Solving Distributed. (07:15:48 PM  Jul 10, 2026)
[info] Project:temp_train_TSV_RDL_296_1783681644_29156, Design:TSV_RDL (Terminal Network), Interpolating frequency sweep complete. Converged. (07:15:48 PM  Jul 10, 2026)
[info] Project:temp_train_TSV_RDL_296_1783681644_29156, Design:TSV_RDL (Terminal Network), Normal compl[info] Project:temp_train_TSV_RDL_297_1783681944_33328, Design:TSV_RDL (Terminal Network), An interpolating frequency sweep with 1000 points has been started using HFSS - Solving Distributed. (07:22:41 PM  Jul 10, 2026)
[info] Project:temp_train_TSV_RDL_297_1783681944_33328, Design:TSV_RDL (Terminal Network), Interpolating frequency sweep complete. Converged. (07:22:41 PM  Jul 10, 2026)
[info] Project:temp_train_TSV_RDL_297_1783681944_33328, Design:TSV_RDL (Terminal Network), Normal compl[info] Project:temp_train_TSV_RDL_298_1783682023_26216, Design:TSV_RDL (Terminal Network), Solving frequencies ... (Nondomain solver), process hf3d: Port 1 supports an additional propagating and/or slowly decaying mode whose attenuation is   6.258e-02 and propagation constant is  -3.790e+02 (07:23:15 PM  Jul 10, 2026)
[error] Project:temp_train_TSV_RDL_298_1783682023_26216, Design:TSV_RDL (Terminal Network), Solving frequencies ... (Nondomain solver), process hf3d exited with code 259. (07:25:57 PM  Jul 10, 2026)
[info] Project:temp_train_TSV_RDL_298_1783682023_26216, Design:TSV_RDL (Terminal Network), An interpolating frequency sweep with 1000 points has been started using HFSS - Solving Distributed. (07:26:19 PM  Jul 10, 2026)
[warning] Project:temp_train_TSV_RDL_298_1783682023_26216, Design:TSV_RDL (Terminal Network), Interpolating frequency sweep did NOT converge. (07:26:19 PM  Jul 10, 2026)
[error] Project:temp_train_TSV_RDL_298_1783682023_26216, Design:TSV_RDL (Terminal Network), Sweep Sweep failed (07:26:19 PM  Jul 10, 2026)
[error] Project:temp_train_TSV_RDL_298_1783682023_26216, Design:TSV_RDL (Terminal Network), Simulation completed with execution error on server: Local Machine. (07:26:19 PM  Jul 10, 2026)
[error] Project:temp_train_TSV_RDL_298_1783682023_26216, Design:TSV_RDL (Terminal Network), Script macro error: Simulation for temp_train_TSV_RDL_298_1783682023_26216 : TSV_RDL has failed with execution error.  (07:26:19 PM  Jul 10, 2026)
lation for temp_train_TSV_RDL_300_1783682566_33328 : TSV_RDL has failed with execution error.  (07:26:17 PM  Jul 10, 2026)
2026
Running as user : FENG\ffzhz
Temp directory: C:\ffzhzh\LocalFiles\Ansys_Temp
Project directory: C:\ffzhzh\LocalFiles\Ansys_Project_Files
[info] gRPC server started on port 1343 of local host. Only connections from the local host initiated by the same user are permitted.

