=====================================
HFSS batch simulation
AEDT project: C:\ffzhzh\LocalFiles\Ansys_Project_Files\TSV_RDL_Connection2.aedt
AEDT version: 2026.1
=====================================
Configuration check passed.
HFSS thickness mapping: t_tmrdl -> h_tmrdl, t_bsmrdl -> h_bsmrdl
rdl_tsv_lhs400 / RDL: splits={'train': 400}, columns=['pitch', 'l_tmrdl', 'w_tmrdl', 't_tmrdl'], output=C:\ffzhzh\SyncFiles\Temp\HFSS_sim\LHS400_Connection2
rdl_tsv_lhs400 / TSV: splits={'train': 400}, columns=['h_tsv', 'r_tsv', 'pitch'], output=C:\ffzhzh\SyncFiles\Temp\HFSS_sim\LHS400_Connection2
rdl_tsv_lhs400 / TSV_RDL: splits={'train': 400}, columns=['h_tsv', 'r_tsv', 'pitch', 'l_tmrdl', 'w_tmrdl', 't_tmrdl', 'l_bsmrdl', 'w_bsmrdl', 't_bsmrdl'], output=C:\ffzhzh\SyncFiles\Temp\HFSS_sim\LHS400_Connection2
tsv_rdl_150_50 / TSV_RDL: splits={'train': 150, 'test': 50}, columns=['h_tsv', 'r_tsv', 'pitch', 'l_tmrdl', 'w_tmrdl', 't_tmrdl', 'l_bsmrdl', 'w_bsmrdl', 't_bsmrdl'], output=C:\ffzhzh\SyncFiles\Temp\HFSS_sim\LHS150_50_Connection2
Loaded 400 existing rdl_tsv_lhs400 / train variations for RDL: C:\ffzhzh\SyncFiles\Temp\HFSS_sim\LHS400_Connection2\train\RDL_variations_record.csv
Loaded 400 existing rdl_tsv_lhs400 / train variations for TSV: C:\ffzhzh\SyncFiles\Temp\HFSS_sim\LHS400_Connection2\train\TSV_variations_record.csv
Loaded 400 existing rdl_tsv_lhs400 / train variations for TSV_RDL: C:\ffzhzh\SyncFiles\Temp\HFSS_sim\LHS400_Connection2\train\TSV_RDL_variations_record.csv
Loaded 150 existing tsv_rdl_150_50 / train variations for TSV_RDL: C:\ffzhzh\SyncFiles\Temp\HFSS_sim\LHS150_50_Connection2\train\TSV_RDL_variations_record.csv
Loaded 50 existing tsv_rdl_150_50 / test variations for TSV_RDL: C:\ffzhzh\SyncFiles\Temp\HFSS_sim\LHS150_50_Connection2\test\TSV_RDL_variations_record.csv
Total tasks: 1400
Parallel processes: 3
Cores per simulation: 4
=====================================

[train / RDL - Task 1] result exists, skipped.
[train / RDL - Task 4] result exists, skipped.
[train / RDL - Task 7] result exists, skipped.
[train / RDL - Task 10] result exists, skipped.
[train / RDL - Task 13] result exists, skipped.
[train / RDL - Task 16] result exists, skipped.
[train / RDL - Task 19] result exists, skipped.
[train / RDL - Task 22] result exists, skipped.
[train / RDL - Task 25] result exists, skipped.
[train / RDL - Task 27] result exists, skipped.
[train / RDL - Task 30] result exists, skipped.
[train / RDL - Task 33] result exists, skipped.
[train / RDL - Task 36] result exists, skipped.
[train / RDL - Task 39] result exists, skipped.
[train / RDL - Task 42] result exists, skipped.
[train / RDL - Task 47] result exists, skipped.
[train / RDL - Task 50] result exists, skipped.
[train / RDL - Task 53] result exists, skipped.
[train / RDL - Task 56] result exists, skipped.
[train / RDL - Task 59] result exists, skipped.
[train / RDL - Task 62] result exists, skipped.
[train / RDL - Task 65] result exists, skipped.
[train / RDL - Task 68] result exists, skipped.
[train / RDL - Task 71] result exists, skipped.
[train / RDL - Task 74] result exists, skipped.
[train / RDL - Task 77] result exists, skipped.
[train / RDL - Task 80] result exists, skipped.
[train / RDL - Task 83] result exists, skipped.
[train / RDL - Task 86] result exists, skipped.
[train / RDL - Task 89] result exists, skipped.
[train / RDL - Task 92] result exists, skipped.
[train / RDL - Task 96] result exists, skipped.
[train / RDL - Task 99] result exists, skipped.
[train / RDL - Task 102] result exists, skipped.
[train / RDL - Task 105] result exists, skipped.
[train / RDL - Task 108] result exists, skipped.
[train / RDL - Task 111] result exists, skipped.
[train / RDL - Task 114] result exists, skipped.
[train / RDL - Task 117] result exists, skipped.
[train / RDL - Task 120] result exists, skipped.
[train / RDL - Task 123] result exists, skipped.
[train / RDL - Task 126] result exists, skipped.
[train / RDL - Task 129] result exists, skipped.
[train / RDL - Task 132] result exists, skipped.
[train / RDL - Task 135] result exists, skipped.
[train / RDL - Task 138] result exists, skipped.
[train / RDL - Task 141] result exists, skipped.
[train / RDL - Task 144] result exists, skipped.
[train / RDL - Task 147] result exists, skipped.
[train / RDL - Task 150] result exists, skipped.
[train / RDL - Task 153] result exists, skipped.
[train / RDL - Task 156] result exists, skipped.
[train / RDL - Task 159] result exists, skipped.
[train / RDL - Task 162] result exists, skipped.
[train / RDL - Task 165] result exists, skipped.
[train / RDL - Task 167] result exists, skipped.
[train / RDL - Task 170] result exists, skipped.
[train / RDL - Task 173] result exists, skipped.
[train / RDL - Task 176] result exists, skipped.
[train / RDL - Task 179] result exists, skipped.
[train / RDL - Task 182] result exists, skipped.
[train / RDL - Task 185] result exists, skipped.
[train / RDL - Task 188] result exists, skipped.
[train / RDL - Task 191] result exists, skipped.
[train / RDL - Task 194] result exists, skipped.
[train / RDL - Task 197] result exists, skipped.
[train / RDL - Task 200] result exists, skipped.
[train / RDL - Task 203] result exists, skipped.
[train / RDL - Task 206] result exists, skipped.
[train / RDL - Task 209] result exists, skipped.
[train / RDL - Task 212] result exists, skipped.
[train / RDL - Task 215] result exists, skipped.
[train / RDL - Task 218] result exists, skipped.
[train / RDL - Task 221] result exists, skipped.
[train / RDL - Task 224] result exists, skipped.
[train / RDL - Task 226] result exists, skipped.
[train / RDL - Task 229] result exists, skipped.
[train / RDL - Task 232] result exists, skipped.
[train / RDL - Task 235] result exists, skipped.
[train / RDL - Task 238] result exists, skipped.
[train / RDL - Task 241] result exists, skipped.
[train / RDL - Task 244] result exists, skipped.
[train / RDL - Task 247] result exists, skipped.
[train / RDL - Task 250] result exists, skipped.
[train / RDL - Task 253] result exists, skipped.
[train / RDL - Task 256] result exists, skipped.
[train / RDL - Task 259] result exists, skipped.
[train / RDL - Task 262] result exists, skipped.
[train / RDL - Task 265] result exists, skipped.
[train / RDL - Task 268] result exists, skipped.
[train / RDL - Task 271] result exists, skipped.
[train / RDL - Task 274] result exists, skipped.
[train / RDL - Task 277] result exists, skipped.
[train / RDL - Task 280] result exists, skipped.
[train / RDL - Task 283] result exists, skipped.
[train / RDL - Task 286] result exists, skipped.
[train / RDL - Task 289] result exists, skipped.
[train / RDL - Task 292] result exists, skipped.
[train / RDL - Task 295] result exists, skipped.
[train / RDL - Task 298] result exists, skipped.
[train / RDL - Task 301] result exists, skipped.
[train / RDL - Task 304] result exists, skipped.
[train / RDL - Task 307] result exists, skipped.
[train / RDL - Task 310] result exists, skipped.
[train / RDL - Task 313] result exists, skipped.
[train / RDL - Task 315] result exists, skipped.
[train / RDL - Task 319] result exists, skipped.
[train / RDL - Task 322] result exists, skipped.
[train / RDL - Task 325] result exists, skipped.
[train / RDL - Task 328] result exists, skipped.
[train / RDL - Task 331] result exists, skipped.
[train / RDL - Task 333] result exists, skipped.
[train / RDL - Task 336] result exists, skipped.
[train / RDL - Task 339] result exists, skipped.
[train / RDL - Task 342] result exists, skipped.
[train / RDL - Task 345] result exists, skipped.
[train / RDL - Task 348] result exists, skipped.
[train / RDL - Task 351] result exists, skipped.
[train / RDL - Task 354] result exists, skipped.
[train / RDL - Task 357] result exists, skipped.
[train / RDL - Task 360] result exists, skipped.
[train / RDL - Task 363] result exists, skipped.
[train / RDL - Task 366] result exists, skipped.
[train / RDL - Task 369] result exists, skipped.
[train / RDL - Task 372] result exists, skipped.
[train / RDL - Task 375] result exists, skipped.
[train / RDL - Task 378] result exists, skipped.
[train / RDL - Task 381] result exists, skipped.
[train / RDL - Task 384] result exists, skipped.
[train / RDL - Task 387] result exists, skipped.
[train / RDL - Task 390] result exists, skipped.
[train / RDL - Task 393] result exists, skipped.
[train / RDL - Task 396] result exists, skipped.
[train / RDL - Task 399] result exists, skipped.
[train / TSV - Task 2] result exists, skipped.
[train / TSV - Task 4] result exists, skipped.
[train / TSV - Task 7] result exists, skipped.
[train / TSV - Task 10] result exists, skipped.
[train / TSV - Task 13] result exists, skipped.
[train / TSV - Task 16] result exists, skipped.
[train / TSV - Task 19] result exists, skipped.
[train / TSV - Task 22] result exists, skipped.
[train / TSV - Task 25] result exists, skipped.
[train / TSV - Task 28] result exists, skipped.
[train / TSV - Task 31] result exists, skipped.
[train / TSV - Task 34] result exists, skipped.
[train / TSV - Task 37] result exists, skipped.
[train / TSV - Task 40] result exists, skipped.
[train / TSV - Task 43] result exists, skipped.
[train / TSV - Task 47] result exists, skipped.
[train / TSV - Task 50] result exists, skipped.
[train / TSV - Task 53] result exists, skipped.
[train / TSV - Task 55] result exists, skipped.
[train / TSV - Task 58] result exists, skipped.
[train / TSV - Task 61] result exists, skipped.
[train / TSV - Task 64] result exists, skipped.
[train / TSV - Task 67] result exists, skipped.
[train / TSV - Task 70] result exists, skipped.
[train / TSV - Task 73] result exists, skipped.
[train / TSV - Task 76] result exists, skipped.
[train / TSV - Task 79] result exists, skipped.
[train / TSV - Task 82] result exists, skipped.
[train / TSV - Task 85] result exists, skipped.
[train / TSV - Task 88] result exists, skipped.
[train / TSV - Task 91] result exists, skipped.
[train / TSV - Task 94] result exists, skipped.[train / RDL - Task 0] result exists, skipped.
[train / RDL - Task 3] result exists, skipped.
[train / RDL - Task 6] result exists, skipped.
[train / RDL - Task 9] result exists, skipped.
[train / RDL - Task 12] result exists, skipped.
[train / RDL - Task 15] result exists, skipped.
[train / RDL - Task 18] result exists, skipped.
[train / RDL - Task 21] result exists, skipped.
[train / RDL - Task 24] result exists, skipped.
[train / RDL - Task 28] result exists, skipped.
[train / RDL - Task 31] result exists, skipped.
[train / RDL - Task 35] result exists, skipped.
[train / RDL - Task 38] result exists, skipped.
[train / RDL - Task 41] result exists, skipped.
[train / RDL - Task 44] result exists, skipped.
[train / RDL - Task 46] result exists, skipped.
[train / RDL - Task 49] result exists, skipped.
[train / RDL - Task 52] result exists, skipped.
[train / RDL - Task 55] result exists, skipped.
[train / RDL - Task 58] result exists, skipped.
[train / RDL - Task 61] result exists, skipped.
[train / RDL - Task 64] result exists, skipped.
[train / RDL - Task 67] result exists, skipped.
[train / RDL - Task 70] result exists, skipped.
[train / RDL - Task 73] result exists, skipped.
[train / RDL - Task 76] result exists, skipped.
[train / RDL - Task 79] result exists, skipped.
[train / RDL - Task 82] result exists, skipped.
[train / RDL - Task 85] result exists, skipped.
[train / RDL - Task 88] result exists, skipped.
[train / RDL - Task 91] result exists, skipped.
[train / RDL - Task 94] result exists, skipped.
[train / RDL - Task 97] result exists, skipped.
[train / RDL - Task 100] result exists, skipped.
[train / RDL - Task 103] result exists, skipped.
[train / RDL - Task 106] result exists, skipped.
[train / RDL - Task 109] result exists, skipped.
[train / RDL - Task 112] result exists, skipped.
[train / RDL - Task 115] result exists, skipped.
[train / RDL - Task 118] result exists, skipped.
[train / RDL - Task 121] result exists, skipped.
[train / RDL - Task 124] result exists, skipped.
[train / RDL - Task 127] result exists, skipped.
[train / RDL - Task 130] result exists, skipped.
[train / RDL - Task 133] result exists, skipped.
[train / RDL - Task 136] result exists, skipped.
[train / RDL - Task 139] result exists, skipped.
[train / RDL - Task 142] result exists, skipped.
[train / RDL - Task 145] result exists, skipped.
[train / RDL - Task 148] result exists, skipped.
[train / RDL - Task 151] result exists, skipped.
[train / RDL - Task 154] result exists, skipped.
[train / RDL - Task 157] result exists, skipped.
[train / RDL - Task 160] result exists, skipped.
[train / RDL - Task 163] result exists, skipped.
[train / RDL - Task 166] result exists, skipped.
[train / RDL - Task 169] result exists, skipped.
[train / RDL - Task 172] result exists, skipped.
[train / RDL - Task 175] result exists, skipped.
[train / RDL - Task 178] result exists, skipped.
[train / RDL - Task 180] result exists, skipped.
[train / RDL - Task 184] result exists, skipped.
[train / RDL - Task 186] result exists, skipped.
[train / RDL - Task 189] result exists, skipped.
[train / RDL - Task 192] result exists, skipped.
[train / RDL - Task 195] result exists, skipped.
[train / RDL - Task 198] result exists, skipped.
[train / RDL - Task 201] result exists, skipped.
[train / RDL - Task 204] result exists, skipped.
[train / RDL - Task 207] result exists, skipped.
[train / RDL - Task 210] result exists, skipped.
[train / RDL - Task 213] result exists, skipped.
[train / RDL - Task 216] result exists, skipped.
[train / RDL - Task 219] result exists, skipped.
[train / RDL - Task 222] result exists, skipped.
[train / RDL - Task 225] result exists, skipped.
[train / RDL - Task 228] result exists, skipped.
[train / RDL - Task 231] result exists, skipped.
[train / RDL - Task 234] result exists, skipped.
[train / RDL - Task 237] result exists, skipped.
[train / RDL - Task 240] result exists, skipped.
[train / RDL - Task 243] result exists, skipped.
[train / RDL - Task 246] result exists, skipped.
[train / RDL - Task 249] result exists, skipped.
[train / RDL - Task 252] result exists, skipped.
[train / RDL - Task 255] result exists, skipped.
[train / RDL - Task 258] result exists, skipped.
[train / RDL - Task 261] result exists, skipped.
[train / RDL - Task 264] result exists, skipped.
[train / RDL - Task 266] result exists, skipped.
[train / RDL - Task 269] result exists, skipped.
[train / RDL - Task 272] result exists, skipped.
[train / RDL - Task 275] result exists, skipped.
[train / RDL - Task 279] result exists, skipped.
[train / RDL - Task 282] result exists, skipped.
[train / RDL - Task 285] result exists, skipped.
[train / RDL - Task 288] result exists, skipped.
[train / RDL - Task 291] result exists, skipped.
[train / RDL - Task 294] result exists, skipped.
[train / RDL - Task 297] result exists, skipped.
[train / RDL - Task 300] result exists, skipped.
[train / RDL - Task 302] result exists, skipped.
[train / RDL - Task 306] result exists, skipped.
[train / RDL - Task 309] result exists, skipped.
[train / RDL - Task 311] result exists, skipped.
[train / RDL - Task 314] result exists, skipped.
[train / RDL - Task 317] result exists, skipped.
[train / RDL - Task 320] result exists, skipped.
[train / RDL - Task 323] result exists, skipped.
[train / RDL - Task 326] result exists, skipped.
[train / RDL - Task 329] result exists, skipped.
[train / RDL - Task 332] result exists, skipped.
[train / RDL - Task 335] result exists, skipped.
[train / RDL - Task 338] result exists, skipped.
[train / RDL - Task 341] result exists, skipped.
[train / RDL - Task 344] result exists, skipped.
[train / RDL - Task 347] result exists, skipped.
[train / RDL - Task 350] result exists, skipped.
[train / RDL - Task 353] result exists, skipped.
[train / RDL - Task 356] result exists, skipped.
[train / RDL - Task 359] result exists, skipped.
[train / RDL - Task 362] result exists, skipped.
[train / RDL - Task 365] result exists, skipped.
[train / RDL - Task 368] result exists, skipped.
[train / RDL - Task 371] result exists, skipped.
[train / RDL - Task 374] result exists, skipped.
[train / RDL - Task 377] result exists, skipped.
[train / RDL - Task 380] result exists, skipped.
[train / RDL - Task 383] result exists, skipped.
[train / RDL - Task 386] result exists, skipped.
[train / RDL - Task 389] result exists, skipped.
[train / RDL - Task 391] result exists, skipped.
[train / RDL - Task 394] result exists, skipped.
[train / RDL - Task 397] result exists, skipped.
[train / TSV - Task 0] result exists, skipped.
[train / TSV - Task 3] result exists, skipped.
[train / TSV - Task 6] result exists, skipped.
[train / TSV - Task 9] result exists, skipped.
[train / TSV - Task 12] result exists, skipped.
[train / TSV - Task 15] result exists, skipped.
[train / TSV - Task 18] result exists, skipped.
[train / TSV - Task 21] result exists, skipped.
[train / TSV - Task 24] result exists, skipped.
[train / TSV - Task 27] result exists, skipped.
[train / TSV - Task 30] result exists, skipped.
[train / TSV - Task 33] result exists, skipped.
[train / TSV - Task 36] result exists, skipped.
[train / TSV - Task 39] result exists, skipped.
[train / TSV - Task 42] result exists, skipped.
[train / TSV - Task 45] result exists, skipped.
[train / TSV - Task 48] result exists, skipped.
[train / TSV - Task 51] result exists, skipped.
[train / TSV - Task 54] result exists, skipped.
[train / TSV - Task 57] result exists, skipped.
[train / TSV - Task 60] result exists, skipped.
[train / TSV - Task 63] result exists, skipped.
[train / TSV - Task 66] result exists, skipped.
[train / TSV - Task 69] result exists, skipped.
[train / TSV - Task 71] result exists, skipped.
[train / TSV - Task 75] result exists, skipped.
[train / TSV - Task 78] result exists, skipped.
[train / TSV - Task 81] result exists, skipped.
[train / TSV - Task 84] result exists, skipped.
[train / TSV - Task 87] result exists, skipped.
[train / TSV - Task 90] result exists, skipped.
[train / TSV - Task 93] result exists, skipped.[train / RDL - Task 2] result exists, skipped.
[train / RDL - Task 5] result exists, skipped.
[train / RDL - Task 8] result exists, skipped.
[train / RDL - Task 11] result exists, skipped.
[train / RDL - Task 14] result exists, skipped.
[train / RDL - Task 17] result exists, skipped.
[train / RDL - Task 20] result exists, skipped.
[train / RDL - Task 23] result exists, skipped.
[train / RDL - Task 26] result exists, skipped.
[train / RDL - Task 29] result exists, skipped.
[train / RDL - Task 32] result exists, skipped.
[train / RDL - Task 34] result exists, skipped.
[train / RDL - Task 37] result exists, skipped.
[train / RDL - Task 40] result exists, skipped.
[train / RDL - Task 43] result exists, skipped.
[train / RDL - Task 45] result exists, skipped.
[train / RDL - Task 48] result exists, skipped.
[train / RDL - Task 51] result exists, skipped.
[train / RDL - Task 54] result exists, skipped.
[train / RDL - Task 57] result exists, skipped.
[train / RDL - Task 60] result exists, skipped.
[train / RDL - Task 63] result exists, skipped.
[train / RDL - Task 66] result exists, skipped.
[train / RDL - Task 69] result exists, skipped.
[train / RDL - Task 72] result exists, skipped.
[train / RDL - Task 75] result exists, skipped.
[train / RDL - Task 78] result exists, skipped.
[train / RDL - Task 81] result exists, skipped.
[train / RDL - Task 84] result exists, skipped.
[train / RDL - Task 87] result exists, skipped.
[train / RDL - Task 90] result exists, skipped.
[train / RDL - Task 93] result exists, skipped.
[train / RDL - Task 95] result exists, skipped.
[train / RDL - Task 98] result exists, skipped.
[train / RDL - Task 101] result exists, skipped.
[train / RDL - Task 104] result exists, skipped.
[train / RDL - Task 107] result exists, skipped.
[train / RDL - Task 110] result exists, skipped.
[train / RDL - Task 113] result exists, skipped.
[train / RDL - Task 116] result exists, skipped.
[train / RDL - Task 119] result exists, skipped.
[train / RDL - Task 122] result exists, skipped.
[train / RDL - Task 125] result exists, skipped.
[train / RDL - Task 128] result exists, skipped.
[train / RDL - Task 131] result exists, skipped.
[train / RDL - Task 134] result exists, skipped.
[train / RDL - Task 137] result exists, skipped.
[train / RDL - Task 140] result exists, skipped.
[train / RDL - Task 143] result exists, skipped.
[train / RDL - Task 146] result exists, skipped.
[train / RDL - Task 149] result exists, skipped.
[train / RDL - Task 152] result exists, skipped.
[train / RDL - Task 155] result exists, skipped.
[train / RDL - Task 158] result exists, skipped.
[train / RDL - Task 161] result exists, skipped.
[train / RDL - Task 164] result exists, skipped.
[train / RDL - Task 168] result exists, skipped.
[train / RDL - Task 171] result exists, skipped.
[train / RDL - Task 174] result exists, skipped.
[train / RDL - Task 177] result exists, skipped.
[train / RDL - Task 181] result exists, skipped.
[train / RDL - Task 183] result exists, skipped.
[train / RDL - Task 187] result exists, skipped.
[train / RDL - Task 190] result exists, skipped.
[train / RDL - Task 193] result exists, skipped.
[train / RDL - Task 196] result exists, skipped.
[train / RDL - Task 199] result exists, skipped.
[train / RDL - Task 202] result exists, skipped.
[train / RDL - Task 205] result exists, skipped.
[train / RDL - Task 208] result exists, skipped.
[train / RDL - Task 211] result exists, skipped.
[train / RDL - Task 214] result exists, skipped.
[train / RDL - Task 217] result exists, skipped.
[train / RDL - Task 220] result exists, skipped.
[train / RDL - Task 223] result exists, skipped.
[train / RDL - Task 227] result exists, skipped.
[train / RDL - Task 230] result exists, skipped.
[train / RDL - Task 233] result exists, skipped.
[train / RDL - Task 236] result exists, skipped.
[train / RDL - Task 239] result exists, skipped.
[train / RDL - Task 242] result exists, skipped.
[train / RDL - Task 245] result exists, skipped.
[train / RDL - Task 248] result exists, skipped.
[train / RDL - Task 251] result exists, skipped.
[train / RDL - Task 254] result exists, skipped.
[train / RDL - Task 257] result exists, skipped.
[train / RDL - Task 260] result exists, skipped.
[train / RDL - Task 263] result exists, skipped.
[train / RDL - Task 267] result exists, skipped.
[train / RDL - Task 270] result exists, skipped.
[train / RDL - Task 273] result exists, skipped.
[train / RDL - Task 276] result exists, skipped.
[train / RDL - Task 278] result exists, skipped.
[train / RDL - Task 281] result exists, skipped.
[train / RDL - Task 284] result exists, skipped.
[train / RDL - Task 287] result exists, skipped.
[train / RDL - Task 290] result exists, skipped.
[train / RDL - Task 293] result exists, skipped.
[train / RDL - Task 296] result exists, skipped.
[train / RDL - Task 299] result exists, skipped.
[train / RDL - Task 303] result exists, skipped.
[train / RDL - Task 305] result exists, skipped.
[train / RDL - Task 308] result exists, skipped.
[train / RDL - Task 312] result exists, skipped.
[train / RDL - Task 316] result exists, skipped.
[train / RDL - Task 318] result exists, skipped.
[train / RDL - Task 321] result exists, skipped.
[train / RDL - Task 324] result exists, skipped.
[train / RDL - Task 327] result exists, skipped.
[train / RDL - Task 330] result exists, skipped.
[train / RDL - Task 334] result exists, skipped.
[train / RDL - Task 337] result exists, skipped.
[train / RDL - Task 340] result exists, skipped.
[train / RDL - Task 343] result exists, skipped.
[train / RDL - Task 346] result exists, skipped.
[train / RDL - Task 349] result exists, skipped.
[train / RDL - Task 352] result exists, skipped.
[train / RDL - Task 355] result exists, skipped.
[train / RDL - Task 358] result exists, skipped.
[train / RDL - Task 361] result exists, skipped.
[train / RDL - Task 364] result exists, skipped.
[train / RDL - Task 367] result exists, skipped.
[train / RDL - Task 370] result exists, skipped.
[train / RDL - Task 373] result exists, skipped.
[train / RDL - Task 376] result exists, skipped.
[train / RDL - Task 379] result exists, skipped.
[train / RDL - Task 382] result exists, skipped.
[train / RDL - Task 385] result exists, skipped.
[train / RDL - Task 388] result exists, skipped.
[train / RDL - Task 392] result exists, skipped.
[train / RDL - Task 395] result exists, skipped.
[train / RDL - Task 398] result exists, skipped.
[train / TSV - Task 1] result exists, skipped.
[train / TSV - Task 5] result exists, skipped.
[train / TSV - Task 8] result exists, skipped.
[train / TSV - Task 11] result exists, skipped.
[train / TSV - Task 14] result exists, skipped.
[train / TSV - Task 17] result exists, skipped.
[train / TSV - Task 20] result exists, skipped.
[train / TSV - Task 23] result exists, skipped.
[train / TSV - Task 26] result exists, skipped.
[train / TSV - Task 29] result exists, skipped.
[train / TSV - Task 32] result exists, skipped.
[train / TSV - Task 35] result exists, skipped.
[train / TSV - Task 38] result exists, skipped.
[train / TSV - Task 41] result exists, skipped.
[train / TSV - Task 44] result exists, skipped.
[train / TSV - Task 46] result exists, skipped.
[train / TSV - Task 49] result exists, skipped.
[train / TSV - Task 52] result exists, skipped.
[train / TSV - Task 56] result exists, skipped.
[train / TSV - Task 59] result exists, skipped.
[train / TSV - Task 62] result exists, skipped.
[train / TSV - Task 65] result exists, skipped.
[train / TSV - Task 68] result exists, skipped.
[train / TSV - Task 72] result exists, skipped.
[train / TSV - Task 74] result exists, skipped.
[train / TSV - Task 77] result exists, skipped.
[train / TSV - Task 80] result exists, skipped.
[train / TSV - Task 83] result exists, skipped.
[train / TSV - Task 86] result exists, skipped.
[train / TSV - Task 89] result exists, skipped.
[train / TSV - Task 92] result exists, skipped.
[train / TSV - Task 95] result exists, skipped.
[train / TSV - Task 98] result exists, skipped.
[train / TSV - Task 101] result exists, skipped.
[train / TSV - Task 96] result exists, skipped.
[train / TSV - Task 99] result exists, skipped.
[train / TSV - Task 102] result exists, skipped.
[train / TSV - Task 105] result exists, skipped.
[train / TSV - Task 108] result exists, skipped.
[train / TSV - Task 111] result exists, skipped.
[train / TSV - Task 114] result exists, skipped.
[train / TSV - Task 117] result exists, skipped.
[train / TSV - Task 120] result exists, skipped.
[train / TSV - Task 123] result exists, skipped.
[train / TSV - Task 126] result exists, skipped.
[train / TSV - Task 129] result exists, skipped.
[train / TSV - Task 132] result exists, skipped.
[train / TSV - Task 135] result exists, skipped.
[train / TSV - Task 138] result exists, skipped.
[train / TSV - Task 141] result exists, skipped.
[train / TSV - Task 144] result exists, skipped.
[train / TSV - Task 147] result exists, skipped.
[train / TSV - Task 150] result exists, skipped.
[train / TSV - Task 152] result exists, skipped.
[train / TSV - Task 155] result exists, skipped.
[train / TSV - Task 158] result exists, skipped.
[train / TSV - Task 161] result exists, skipped.
[train / TSV - Task 164] result exists, skipped.
[train / TSV - Task 168] result exists, skipped.
[train / TSV - Task 171] result exists, skipped.
[train / TSV - Task 174] result exists, skipped.
[train / TSV - Task 177] result exists, skipped.
[train / TSV - Task 180] result exists, skipped.
[train / TSV - Task 183] result exists, skipped.
[train / TSV - Task 186] result exists, skipped.
[train / TSV - Task 189] result exists, skipped.
[train / TSV - Task 193] result exists, skipped.
[train / TSV - Task 196] result exists, skipped.
[train / TSV - Task 199] result exists, skipped.
[train / TSV - Task 202] result exists, skipped.
[train / TSV - Task 205] result exists, skipped.
[train / TSV - Task 208] result exists, skipped.
[train / TSV - Task 211] result exists, skipped.
[train / TSV - Task 214] result exists, skipped.
[train / TSV - Task 217] result exists, skipped.
[train / TSV - Task 220] result exists, skipped.
[train / TSV - Task 222] result exists, skipped.
[train / TSV - Task 226] result exists, skipped.
[train / TSV - Task 229] result exists, skipped.
[train / TSV - Task 231] result exists, skipped.
[train / TSV - Task 234] result exists, skipped.
[train / TSV - Task 238] result exists, skipped.
[train / TSV - Task 240] result exists, skipped.
[train / TSV - Task 243] result exists, skipped.
[train / TSV - Task 246] result exists, skipped.
[train / TSV - Task 249] result exists, skipped.
[train / TSV - Task 252] result exists, skipped.
[train / TSV - Task 255] result exists, skipped.
[train / TSV - Task 258] result exists, skipped.
[train / TSV - Task 261] result exists, skipped.
[train / TSV - Task 265] result exists, skipped.
[train / TSV - Task 267] result exists, skipped.
[train / TSV - Task 270] result exists, skipped.
[train / TSV - Task 275] result exists, skipped.
[train / TSV - Task 277] result exists, skipped.
[train / TSV - Task 280] result exists, skipped.
[train / TSV - Task 283] result exists, skipped.
[train / TSV - Task 286] result exists, skipped.
[train / TSV - Task 289] result exists, skipped.
[train / TSV - Task 292] result exists, skipped.
[train / TSV - Task 295] result exists, skipped.
[train / TSV - Task 298] result exists, skipped.
[train / TSV - Task 301] result exists, skipped.
[train / TSV - Task 304] result exists, skipped.
[train / TSV - Task 307] result exists, skipped.
[train / TSV - Task 310] result exists, skipped.
[train / TSV - Task 313] result exists, skipped.
[train / TSV - Task 315] result exists, skipped.
[train / TSV - Task 318] result exists, skipped.
[train / TSV - Task 321] result exists, skipped.
[train / TSV - Task 324] result exists, skipped.
[train / TSV - Task 327] result exists, skipped.
[train / TSV - Task 330] result exists, skipped.
[train / TSV - Task 333] result exists, skipped.
[train / TSV - Task 336] result exists, skipped.
[train / TSV - Task 339] result exists, skipped.
[train / TSV - Task 342] result exists, skipped.
[train / TSV - Task 345] result exists, skipped.
[train / TSV - Task 348] result exists, skipped.
[train / TSV - Task 349] result exists, skipped.
[train / TSV - Task 352] result exists, skipped.
[train / TSV - Task 355] result exists, skipped.
[train / TSV - Task 358] result exists, skipped.
[train / TSV - Task 361] result exists, skipped.
[train / TSV - Task 365] result exists, skipped.
[train / TSV - Task 368] result exists, skipped.
[train / TSV - Task 372] result exists, skipped.
[train / TSV - Task 374] result exists, skipped.
[train / TSV - Task 377] result exists, skipped.
[train / TSV - Task 381] result exists, skipped.
[train / TSV - Task 384] result exists, skipped.
[train / TSV - Task 387] result exists, skipped.
[train / TSV - Task 390] result exists, skipped.
[train / TSV - Task 393] result exists, skipped.
[train / TSV - Task 396] result exists, skipped.
[train / TSV - Task 399] result exists, skipped.
[train / TSV_RDL - Task 2] simulation started.
PyAEDT INFO: Python version 3.11.15 | packaged by Anaconda, Inc. | (main, Mar 11 2026, 17:12:15) [MSC v.1942 64 bit (AMD64)].

[train / TSV - Task 104] result exists, skipped.
[train / TSV - Task 107] result exists, skipped.
[train / TSV - Task 110] result exists, skipped.
[train / TSV - Task 113] result exists, skipped.
[train / TSV - Task 116] result exists, skipped.
[train / TSV - Task 119] result exists, skipped.
[train / TSV - Task 122] result exists, skipped.
[train / TSV - Task 125] result exists, skipped.
[train / TSV - Task 128] result exists, skipped.
[train / TSV - Task 131] result exists, skipped.
[train / TSV - Task 133] result exists, skipped.
[train / TSV - Task 136] result exists, skipped.
[train / TSV - Task 139] result exists, skipped.
[train / TSV - Task 142] result exists, skipped.
[train / TSV - Task 145] result exists, skipped.
[train / TSV - Task 148] result exists, skipped.
[train / TSV - Task 151] result exists, skipped.
[train / TSV - Task 154] result exists, skipped.
[train / TSV - Task 157] result exists, skipped.
[train / TSV - Task 160] result exists, skipped.
[train / TSV - Task 163] result exists, skipped.
[train / TSV - Task 166] result exists, skipped.
[train / TSV - Task 169] result exists, skipped.
[train / TSV - Task 172] result exists, skipped.
[train / TSV - Task 175] result exists, skipped.
[train / TSV - Task 178] result exists, skipped.
[train / TSV - Task 181] result exists, skipped.
[train / TSV - Task 184] result exists, skipped.
[train / TSV - Task 187] result exists, skipped.
[train / TSV - Task 190] result exists, skipped.
[train / TSV - Task 192] result exists, skipped.
[train / TSV - Task 195] result exists, skipped.
[train / TSV - Task 198] result exists, skipped.
[train / TSV - Task 201] result exists, skipped.
[train / TSV - Task 204] result exists, skipped.
[train / TSV - Task 207] result exists, skipped.
[train / TSV - Task 210] result exists, skipped.
[train / TSV - Task 213] result exists, skipped.
[train / TSV - Task 216] result exists, skipped.
[train / TSV - Task 219] result exists, skipped.
[train / TSV - Task 223] result exists, skipped.
[train / TSV - Task 225] result exists, skipped.
[train / TSV - Task 228] result exists, skipped.
[train / TSV - Task 232] result exists, skipped.
[train / TSV - Task 235] result exists, skipped.
[train / TSV - Task 237] result exists, skipped.
[train / TSV - Task 241] result exists, skipped.
[train / TSV - Task 244] result exists, skipped.
[train / TSV - Task 247] result exists, skipped.
[train / TSV - Task 250] result exists, skipped.
[train / TSV - Task 253] result exists, skipped.
[train / TSV - Task 256] result exists, skipped.
[train / TSV - Task 259] result exists, skipped.
[train / TSV - Task 262] result exists, skipped.
[train / TSV - Task 264] result exists, skipped.
[train / TSV - Task 268] result exists, skipped.
[train / TSV - Task 271] result exists, skipped.
[train / TSV - Task 273] result exists, skipped.
[train / TSV - Task 276] result exists, skipped.
[train / TSV - Task 279] result exists, skipped.
[train / TSV - Task 282] result exists, skipped.
[train / TSV - Task 285] result exists, skipped.
[train / TSV - Task 288] result exists, skipped.
[train / TSV - Task 291] result exists, skipped.
[train / TSV - Task 294] result exists, skipped.
[train / TSV - Task 297] result exists, skipped.
[train / TSV - Task 300] result exists, skipped.
[train / TSV - Task 303] result exists, skipped.
[train / TSV - Task 306] result exists, skipped.
[train / TSV - Task 309] result exists, skipped.
[train / TSV - Task 312] result exists, skipped.
[train / TSV - Task 316] result exists, skipped.
[train / TSV - Task 319] result exists, skipped.
[train / TSV - Task 322] result exists, skipped.
[train / TSV - Task 326] result exists, skipped.
[train / TSV - Task 329] result exists, skipped.
[train / TSV - Task 332] result exists, skipped.
[train / TSV - Task 334] result exists, skipped.
[train / TSV - Task 337] result exists, skipped.
[train / TSV - Task 340] result exists, skipped.
[train / TSV - Task 343] result exists, skipped.
[train / TSV - Task 346] result exists, skipped.
[train / TSV - Task 350] result exists, skipped.
[train / TSV - Task 353] result exists, skipped.
[train / TSV - Task 357] result exists, skipped.
[train / TSV - Task 360] result exists, skipped.
[train / TSV - Task 363] result exists, skipped.
[train / TSV - Task 366] result exists, skipped.
[train / TSV - Task 369] result exists, skipped.
[train / TSV - Task 371] result exists, skipped.
[train / TSV - Task 375] result exists, skipped.
[train / TSV - Task 378] result exists, skipped.
[train / TSV - Task 380] result exists, skipped.
[train / TSV - Task 383] result exists, skipped.
[train / TSV - Task 386] result exists, skipped.
[train / TSV - Task 389] result exists, skipped.
[train / TSV - Task 392] result exists, skipped.
[train / TSV - Task 395] result exists, skipped.
[train / TSV - Task 398] result exists, skipped.
[train / TSV_RDL - Task 1] simulation started.
PyAEDT INFO: Python version 3.11.15 | packaged by Anaconda, Inc. | (main, Mar 11 2026, 17:12:15) [MSC v.1942 64 bit (AMD64)].
PyAEDT INFO: PyAEDT version 1.0.1.
PyAEDT INFO: PyAEDT version 1.0.1.

[train / TSV - Task 97] result exists, skipped.
[train / TSV - Task 100] result exists, skipped.
[train / TSV - Task 103] result exists, skipped.
[train / TSV - Task 106] result exists, skipped.
[train / TSV - Task 109] result exists, skipped.
[train / TSV - Task 112] result exists, skipped.
[train / TSV - Task 115] result exists, skipped.
[train / TSV - Task 118] result exists, skipped.
[train / TSV - Task 121] result exists, skipped.
[train / TSV - Task 124] result exists, skipped.
[train / TSV - Task 127] result exists, skipped.
[train / TSV - Task 130] result exists, skipped.
[train / TSV - Task 134] result exists, skipped.
[train / TSV - Task 137] result exists, skipped.
[train / TSV - Task 140] result exists, skipped.
[train / TSV - Task 143] result exists, skipped.
[train / TSV - Task 146] result exists, skipped.
[train / TSV - Task 149] result exists, skipped.
[train / TSV - Task 153] result exists, skipped.
[train / TSV - Task 156] result exists, skipped.
[train / TSV - Task 159] result exists, skipped.
[train / TSV - Task 162] result exists, skipped.
[train / TSV - Task 165] result exists, skipped.
[train / TSV - Task 167] result exists, skipped.
[train / TSV - Task 170] result exists, skipped.
[train / TSV - Task 173] result exists, skipped.
[train / TSV - Task 176] result exists, skipped.
[train / TSV - Task 179] result exists, skipped.
[train / TSV - Task 182] result exists, skipped.
[train / TSV - Task 185] result exists, skipped.
[train / TSV - Task 188] result exists, skipped.
[train / TSV - Task 191] result exists, skipped.
[train / TSV - Task 194] result exists, skipped.
[train / TSV - Task 197] result exists, skipped.
[train / TSV - Task 200] result exists, skipped.
[train / TSV - Task 203] result exists, skipped.
[train / TSV - Task 206] result exists, skipped.
[train / TSV - Task 209] result exists, skipped.
[train / TSV - Task 212] result exists, skipped.
[train / TSV - Task 215] result exists, skipped.
[train / TSV - Task 218] result exists, skipped.
[train / TSV - Task 221] result exists, skipped.
[train / TSV - Task 224] result exists, skipped.
[train / TSV - Task 227] result exists, skipped.
[train / TSV - Task 230] result exists, skipped.
[train / TSV - Task 233] result exists, skipped.
[train / TSV - Task 236] result exists, skipped.
[train / TSV - Task 239] result exists, skipped.
[train / TSV - Task 242] result exists, skipped.
[train / TSV - Task 245] result exists, skipped.
[train / TSV - Task 248] result exists, skipped.
[train / TSV - Task 251] result exists, skipped.
[train / TSV - Task 254] result exists, skipped.
[train / TSV - Task 257] result exists, skipped.
[train / TSV - Task 260] result exists, skipped.
[train / TSV - Task 263] result exists, skipped.
[train / TSV - Task 266] result exists, skipped.
[train / TSV - Task 269] result exists, skipped.
[train / TSV - Task 272] result exists, skipped.
[train / TSV - Task 274] result exists, skipped.
[train / TSV - Task 278] result exists, skipped.
[train / TSV - Task 281] result exists, skipped.
[train / TSV - Task 284] result exists, skipped.
[train / TSV - Task 287] result exists, skipped.
[train / TSV - Task 290] result exists, skipped.
[train / TSV - Task 293] result exists, skipped.
[train / TSV - Task 296] result exists, skipped.
[train / TSV - Task 299] result exists, skipped.
[train / TSV - Task 302] result exists, skipped.
[train / TSV - Task 305] result exists, skipped.
[train / TSV - Task 308] result exists, skipped.
[train / TSV - Task 311] result exists, skipped.
[train / TSV - Task 314] result exists, skipped.
[train / TSV - Task 317] result exists, skipped.
[train / TSV - Task 320] result exists, skipped.
[train / TSV - Task 323] result exists, skipped.
[train / TSV - Task 325] result exists, skipped.
[train / TSV - Task 328] result exists, skipped.
[train / TSV - Task 331] result exists, skipped.
[train / TSV - Task 335] result exists, skipped.
[train / TSV - Task 338] result exists, skipped.
[train / TSV - Task 341] result exists, skipped.
[train / TSV - Task 344] result exists, skipped.
[train / TSV - Task 347] result exists, skipped.
[train / TSV - Task 351] result exists, skipped.
[train / TSV - Task 354] result exists, skipped.
[train / TSV - Task 356] result exists, skipped.
[train / TSV - Task 359] result exists, skipped.
[train / TSV - Task 362] result exists, skipped.
[train / TSV - Task 364] result exists, skipped.
[train / TSV - Task 367] result exists, skipped.
[train / TSV - Task 370] result exists, skipped.
[train / TSV - Task 373] result exists, skipped.
[train / TSV - Task 376] result exists, skipped.
[train / TSV - Task 379] result exists, skipped.
[train / TSV - Task 382] result exists, skipped.
[train / TSV - Task 385] result exists, skipped.
[train / TSV - Task 388] result exists, skipped.
[train / TSV - Task 391] result exists, skipped.
[train / TSV - Task 394] result exists, skipped.
[train / TSV - Task 397] result exists, skipped.
[train / TSV_RDL - Task 0] simulation started.
PyAEDT INFO: Python version 3.11.15 | packaged by Anaconda, Inc. | (main, Mar 11 2026, 17:12:15) [MSC v.1942 64 bit (AMD64)].
PyAEDT INFO: Initializing new Desktop session.
PyAEDT INFO: Initializing new Desktop session.
PyAEDT INFO: PyAEDT version 1.0.1.
PyAEDT INFO: Initializing new Desktop session.
PyAEDT INFO: AEDT version 2026.1.
PyAEDT INFO: AEDT version 2026.1.
PyAEDT INFO: AEDT version 2026.1.
PyAEDT INFO: New AEDT session is starting on gRPC port 1651.
PyAEDT INFO: New AEDT session is starting on gRPC port 1652.
PyAEDT INFO: New AEDT session is starting on gRPC port 1650.
PyAEDT INFO: Starting new AEDT gRPC session on port 1651.
PyAEDT INFO: Launching AEDT server with gRPC transport mode: TransportMode.WNUA
PyAEDT INFO: Starting new AEDT gRPC session on port 1652.
PyAEDT INFO: Starting new AEDT gRPC session on port 1650.
PyAEDT INFO: Launching AEDT server with gRPC transport mode: TransportMode.WNUA
PyAEDT INFO: Launching AEDT server with gRPC transport mode: TransportMode.WNUA
PyAEDT INFO: Electronics Desktop started on gRPC port 1650 after 10.6 seconds.
PyAEDT INFO: AEDT installation Path C:\Program Files\ANSYS Inc\v261\AnsysEM
PyAEDT INFO: Electronics Desktop started on gRPC port 1651 after 10.5 seconds.
PyAEDT INFO: Electronics Desktop started on gRPC port 1652 after 10.6 seconds.
PyAEDT INFO: AEDT installation Path C:\Program Files\ANSYS Inc\v261\AnsysEM
PyAEDT INFO: AEDT installation Path C:\Program Files\ANSYS Inc\v261\AnsysEM
PyAEDT INFO: Connected to AEDT gRPC session on port 1652.
PyAEDT INFO: Connected to AEDT gRPC session on port 1651.
PyAEDT INFO: Connected to AEDT gRPC session on port 1650.
PyAEDT INFO: Non-graphical mode detected. Disabling Desktop logs.
PyAEDT INFO: Non-graphical mode detected. Disabling Desktop logs.
PyAEDT INFO: Non-graphical mode detected. Disabling Desktop logs.
PyAEDT INFO: Python version 3.11.15 | packaged by Anaconda, Inc. | (main, Mar 11 2026, 17:12:15) [MSC v.1942 64 bit (AMD64)].
PyAEDT INFO: Python version 3.11.15 | packaged by Anaconda, Inc. | (main, Mar 11 2026, 17:12:15) [MSC v.1942 64 bit (AMD64)].
PyAEDT INFO: Python version 3.11.15 | packaged by Anaconda, Inc. | (main, Mar 11 2026, 17:12:15) [MSC v.1942 64 bit (AMD64)].
PyAEDT INFO: Parsing C:\ffzhzh\LocalFiles\Ansys_Project_Files\temp_train_TSV_RDL_0_1783611041_26216.aedt.
PyAEDT INFO: Parsing C:\ffzhzh\LocalFiles\Ansys_Project_Files\temp_train_TSV_RDL_1_1783611041_29156.aedt.
PyAEDT INFO: PyAEDT version 1.0.1.
PyAEDT INFO: Parsing C:\ffzhzh\LocalFiles\Ansys_Project_Files\temp_train_TSV_RDL_2_1783611041_33328.aedt.
PyAEDT INFO: PyAEDT version 1.0.1.
PyAEDT INFO: PyAEDT version 1.0.1.
PyAEDT INFO: Returning found Desktop session with PID 16304!
PyAEDT INFO: Returning found Desktop session with PID 16720!
PyAEDT INFO: Returning found Desktop session with PID 37844!
PyAEDT INFO: File C:\ffzhzh\LocalFiles\Ansys_Project_Files\temp_train_TSV_RDL_1_1783611041_29156.aedt correctly loaded. Elapsed time: 0m 0sec
PyAEDT INFO: File C:\ffzhzh\LocalFiles\Ansys_Project_Files\temp_train_TSV_RDL_0_1783611041_26216.aedt correctly loaded. Elapsed time: 0m 0sec
PyAEDT INFO: File C:\ffzhzh\LocalFiles\Ansys_Project_Files\temp_train_TSV_RDL_2_1783611041_33328.aedt correctly loaded. Elapsed time: 0m 0sec
PyAEDT INFO: Project temp_train_TSV_RDL_1_1783611041_29156 has been opened.
PyAEDT INFO: Project temp_train_TSV_RDL_2_1783611041_33328 has been opened.
PyAEDT INFO: Project temp_train_TSV_RDL_0_1783611041_26216 has been opened.
PyAEDT INFO: Active Design set to TSV_RDL
PyAEDT INFO: Active Design set to TSV_RDL
PyAEDT INFO: Active Design set to TSV_RDL
PyAEDT INFO: AEDT objects correctly read
PyAEDT INFO: AEDT objects correctly read
PyAEDT INFO: AEDT objects correctly read
PyAEDT INFO: Modeler class has been initialized! Elapsed time: 0m 0sec
PyAEDT INFO: Modeler class has been initialized! Elapsed time: 0m 0sec
PyAEDT INFO: Modeler class has been initialized! Elapsed time: 0m 0sec
PyAEDT INFO: Project temp_train_TSV_RDL_1_1783611041_29156 Saved correctly
PyAEDT INFO: Project temp_train_TSV_RDL_0_1783611041_26216 Saved correctly
PyAEDT INFO: Project temp_train_TSV_RDL_2_1783611041_33328 Saved correctly
PyAEDT INFO: Key Desktop/ActiveDSOConfigurations/HFSS correctly changed.
PyAEDT INFO: Key Desktop/ActiveDSOConfigurations/HFSS correctly changed.
PyAEDT INFO: Key Desktop/ActiveDSOConfigurations/HFSS correctly changed.
PyAEDT INFO: Solving all design setups. Analysis started...
PyAEDT INFO: Design setup None solved correctly in 0.0h 5.0m 51.0s
PyAEDT INFO: Key Desktop/ActiveDSOConfigurations/HFSS correctly changed.
PyAEDT INFO: Exporting Touchstone C:/ffzhzh/LocalFiles/Ansys_Project_Files/temp_train_TSV_RDL_0_1783611041_26216_SNP/temp_train_TSV_RDL_0_1783611041_26216.s2p
PyAEDT INFO: Touchstone correctly exported to C:/ffzhzh/LocalFiles/Ansys_Project_Files/temp_train_TSV_RDL_0_1783611041_26216_SNP/temp_train_TSV_RDL_0_1783611041_26216.s2p
[train / TSV_RDL - Task 0] simulation completed: C:\ffzhzh\SyncFiles\Temp\HFSS_sim\LHS400_Connection2\train\TSV_RDL\dut0.s2p
PyAEDT INFO: Desktop has been released and closed.
[train / TSV_RDL - Task 3] simulation started.
PyAEDT INFO: Python version 3.11.15 | packaged by Anaconda, Inc. | (main, Mar 11 2026, 17:12:15) [MSC v.1942 64 bit (AMD64)].
PyAEDT INFO: PyAEDT version 1.0.1.
PyAEDT INFO: Initializing new Desktop session.
PyAEDT INFO: AEDT version 2026.1.
PyAEDT INFO: New AEDT session is starting on gRPC port 4190.
PyAEDT INFO: Starting new AEDT gRPC session on port 4190.
PyAEDT INFO: Launching AEDT server with gRPC transport mode: TransportMode.WNUA
PyAEDT INFO: Electronics Desktop started on gRPC port 4190 after 5.1 seconds.
PyAEDT INFO: AEDT installation Path C:\Program Files\ANSYS Inc\v261\AnsysEM
PyAEDT INFO: Connected to AEDT gRPC session on port 4190.
PyAEDT INFO: Non-graphical mode detected. Disabling Desktop logs.
PyAEDT INFO: Parsing C:\ffzhzh\LocalFiles\Ansys_Project_Files\temp_train_TSV_RDL_3_1783611420_26216.aedt.
PyAEDT INFO: Python version 3.11.15 | packaged by Anaconda, Inc. | (main, Mar 11 2026, 17:12:15) [MSC v.1942 64 bit (AMD64)].
PyAEDT INFO: PyAEDT version 1.0.1.
PyAEDT INFO: Returning found Desktop session with PID 16496!
PyAEDT INFO: File C:\ffzhzh\LocalFiles\Ansys_Project_Files\temp_train_TSV_RDL_3_1783611420_26216.aedt correctly loaded. Elapsed time: 0m 0sec
PyAEDT INFO: Project temp_train_TSV_RDL_3_1783611420_26216 has been opened.
PyAEDT INFO: Active Design set to TSV_RDL
PyAEDT INFO: AEDT objects correctly read
PyAEDT INFO: Modeler class has been initialized! Elapsed time: 0m 0sec
PyAEDT INFO: Project temp_train_TSV_RDL_3_1783611420_26216 Saved correctly
PyAEDT INFO: Key Desktop/ActiveDSOConfigurations/HFSS correctly changed.
PyAEDT INFO: Solving all design setups. Analysis started...
PyAEDT INFO: Design setup None solved correctly in 0.0h 7.0m 8.0s
PyAEDT INFO: Key Desktop/ActiveDSOConfigurations/HFSS correctly changed.
PyAEDT INFO: Exporting Touchstone C:/ffzhzh/LocalFiles/Ansys_Project_Files/temp_train_TSV_RDL_1_1783611041_29156_SNP/temp_train_TSV_RDL_1_1783611041_29156.s2p
PyAEDT INFO: Touchstone correctly exported to C:/ffzhzh/LocalFiles/Ansys_Project_Files/temp_train_TSV_RDL_1_1783611041_29156_SNP/temp_train_TSV_RDL_1_1783611041_29156.s2p
[train / TSV_RDL - Task 1] simulation completed: C:\ffzhzh\SyncFiles\Temp\HFSS_sim\LHS400_Connection2\train\TSV_RDL\dut1.s2p
PyAEDT INFO: Desktop has been released and closed.
[train / TSV_RDL - Task 4] simulation started.
PyAEDT INFO: Python version 3.11.15 | packaged by Anaconda, Inc. | (main, Mar 11 2026, 17:12:15) [MSC v.1942 64 bit (AMD64)].
PyAEDT INFO: PyAEDT version 1.0.1.
PyAEDT INFO: Initializing new Desktop session.
PyAEDT INFO: AEDT version 2026.1.
PyAEDT INFO: New AEDT session is starting on gRPC port 4450.
PyAEDT INFO: Starting new AEDT gRPC session on port 4450.
PyAEDT INFO: Launching AEDT server with gRPC transport mode: TransportMode.WNUA
PyAEDT INFO: Electronics Desktop started on gRPC port 4450 after 5.0 seconds.
PyAEDT INFO: AEDT installation Path C:\Program Files\ANSYS Inc\v261\AnsysEM
PyAEDT INFO: Connected to AEDT gRPC session on port 4450.
PyAEDT INFO: Non-graphical mode detected. Disabling Desktop logs.
PyAEDT INFO: Parsing C:\ffzhzh\LocalFiles\Ansys_Project_Files\temp_train_TSV_RDL_4_1783611487_29156.aedt.
PyAEDT INFO: Python version 3.11.15 | packaged by Anaconda, Inc. | (main, Mar 11 2026, 17:12:15) [MSC v.1942 64 bit (AMD64)].
PyAEDT INFO: PyAEDT version 1.0.1.
PyAEDT INFO: Returning found Desktop session with PID 38700!
PyAEDT INFO: File C:\ffzhzh\LocalFiles\Ansys_Project_Files\temp_train_TSV_RDL_4_1783611487_29156.aedt correctly loaded. Elapsed time: 0m 0sec
PyAEDT INFO: Project temp_train_TSV_RDL_4_1783611487_29156 has been opened.
PyAEDT INFO: Active Design set to TSV_RDL
PyAEDT INFO: AEDT objects correctly read
PyAEDT INFO: Modeler class has been initialized! Elapsed time: 0m 0sec
PyAEDT INFO: Project temp_train_TSV_RDL_4_1783611487_29156 Saved correctly
PyAEDT INFO: Key Desktop/ActiveDSOConfigurations/HFSS correctly changed.
PyAEDT INFO: Solving all design setups. Analysis started...
PyAEDT INFO: Design setup None solved correctly in 0.0h 8.0m 19.0s
PyAEDT INFO: Key Desktop/ActiveDSOConfigurations/HFSS correctly changed.
PyAEDT INFO: Exporting Touchstone C:/ffzhzh/LocalFiles/Ansys_Project_Files/temp_train_TSV_RDL_2_1783611041_33328_SNP/temp_train_TSV_RDL_2_1783611041_33328.s2p
PyAEDT INFO: Touchstone correctly exported to C:/ffzhzh/LocalFiles/Ansys_Project_Files/temp_train_TSV_RDL_2_1783611041_33328_SNP/temp_train_TSV_RDL_2_1783611041_33328.s2p
[train / TSV_RDL - Task 2] simulation completed: C:\ffzhzh\SyncFiles\Temp\HFSS_sim\LHS400_Connection2\train\TSV_RDL\dut2.s2p
PyAEDT INFO: Desktop has been released and closed.
[train / TSV_RDL - Task 5] simulation started.
PyAEDT INFO: Python version 3.11.15 | packaged by Anaconda, Inc. | (main, Mar 11 2026, 17:12:15) [MSC v.1942 64 bit (AMD64)].
PyAEDT INFO: PyAEDT version 1.0.1.
PyAEDT INFO: Initializing new Desktop session.
PyAEDT INFO: AEDT version 2026.1.
PyAEDT INFO: New AEDT session is starting on gRPC port 4528.
PyAEDT INFO: Starting new AEDT gRPC session on port 4528.
PyAEDT INFO: Launching AEDT server with gRPC transport mode: TransportMode.WNUA
PyAEDT INFO: Electronics Desktop started on gRPC port 4528 after 4.9 seconds.
PyAEDT INFO: AEDT installation Path C:\Program Files\ANSYS Inc\v261\AnsysEM
PyAEDT INFO: Connected to AEDT gRPC session on port 4528.
PyAEDT INFO: Non-graphical mode detected. Disabling Desktop logs.
PyAEDT INFO: Parsing C:\ffzhzh\LocalFiles\Ansys_Project_Files\temp_train_TSV_RDL_5_1783611565_33328.aedt.
PyAEDT INFO: Python version 3.11.15 | packaged by Anaconda, Inc. | (main, Mar 11 2026, 17:12:15) [MSC v.1942 64 bit (AMD64)].
PyAEDT INFO: PyAEDT version 1.0.1.
PyAEDT INFO: Returning found Desktop session with PID 18264!
PyAEDT INFO: File C:\ffzhzh\LocalFiles\Ansys_Project_Files\temp_train_TSV_RDL_5_1783611565_33328.aedt correctly loaded. Elapsed time: 0m 0sec
PyAEDT INFO: Project temp_train_TSV_RDL_5_1783611565_33328 has been opened.
PyAEDT INFO: Active Design set to TSV_RDL
PyAEDT INFO: AEDT objects correctly read
PyAEDT INFO: Modeler class has been initialized! Elapsed time: 0m 0sec
PyAEDT INFO: Project temp_train_TSV_RDL_5_1783611565_33328 Saved correctly
PyAEDT INFO: Key Desktop/ActiveDSOConfigurations/HFSS correctly changed.
PyAEDT INFO: Solving all design setups. Analysis started...
PyAEDT INFO: Design setup None solved correctly in 0.0h 8.0m 16.0s
PyAEDT INFO: Key Desktop/ActiveDSOConfigurations/HFSS correctly changed.
PyAEDT INFO: Exporting Touchstone C:/ffzhzh/LocalFiles/Ansys_Project_Files/temp_train_TSV_RDL_3_1783611420_26216_SNP/temp_train_TSV_RDL_3_1783611420_26216.s2p
PyAEDT INFO: Touchstone correctly exported to C:/ffzhzh/LocalFiles/Ansys_Project_Files/temp_train_TSV_RDL_3_1783611420_26216_SNP/temp_train_TSV_RDL_3_1783611420_26216.s2p
[train / TSV_RDL - Task 3] simulation completed: C:\ffzhzh\SyncFiles\Temp\HFSS_sim\LHS400_Connection2\train\TSV_RDL\dut3.s2p
PyAEDT INFO: Desktop has been released and closed.
[train / TSV_RDL - Task 6] simulation started.
PyAEDT INFO: Python version 3.11.15 | packaged by Anaconda, Inc. | (main, Mar 11 2026, 17:12:15) [MSC v.1942 64 bit (AMD64)].
PyAEDT INFO: PyAEDT version 1.0.1.
PyAEDT INFO: Initializing new Desktop session.
PyAEDT INFO: AEDT version 2026.1.
PyAEDT INFO: New AEDT session is starting on gRPC port 12000.
PyAEDT INFO: Starting new AEDT gRPC session on port 12000.
PyAEDT INFO: Launching AEDT server with gRPC transport mode: TransportMode.WNUA
PyAEDT INFO: Electronics Desktop started on gRPC port 12000 after 5.0 seconds.
PyAEDT INFO: AEDT installation Path C:\Program Files\ANSYS Inc\v261\AnsysEM
PyAEDT INFO: Connected to AEDT gRPC session on port 12000.
PyAEDT INFO: Non-graphical mode detected. Disabling Desktop logs.
PyAEDT INFO: Parsing C:\ffzhzh\LocalFiles\Ansys_Project_Files\temp_train_TSV_RDL_6_1783611935_26216.aedt.
PyAEDT INFO: Python version 3.11.15 | packaged by Anaconda, Inc. | (main, Mar 11 2026, 17:12:15) [MSC v.1942 64 bit (AMD64)].
PyAEDT INFO: PyAEDT version 1.0.1.
PyAEDT INFO: Returning found Desktop session with PID 37880!
PyAEDT INFO: File C:\ffzhzh\LocalFiles\Ansys_Project_Files\temp_train_TSV_RDL_6_1783611935_26216.aedt correctly loaded. Elapsed time: 0m 0sec
PyAEDT INFO: Project temp_train_TSV_RDL_6_1783611935_26216 has been opened.
PyAEDT INFO: Active Design set to TSV_RDL
PyAEDT INFO: AEDT objects correctly read
PyAEDT INFO: Modeler class has been initialized! Elapsed time: 0m 0sec
PyAEDT INFO: Project temp_train_TSV_RDL_6_1783611935_26216 Saved correctly
PyAEDT INFO: Key Desktop/ActiveDSOConfigurations/HFSS correctly changed.
PyAEDT INFO: Solving all design setups. Analysis started...
PyAEDT INFO: Design setup None solved correctly in 0.0h 8.0m 12.0s
PyAEDT INFO: Key Desktop/ActiveDSOConfigurations/HFSS correctly changed.
PyAEDT INFO: Exporting Touchstone C:/ffzhzh/LocalFiles/Ansys_Project_Files/temp_train_TSV_RDL_4_1783611487_29156_SNP/temp_train_TSV_RDL_4_1783611487_29156.s2p
PyAEDT INFO: Touchstone correctly exported to C:/ffzhzh/LocalFiles/Ansys_Project_Files/temp_train_TSV_RDL_4_1783611487_29156_SNP/temp_train_TSV_RDL_4_1783611487_29156.s2p
[train / TSV_RDL - Task 4] simulation completed: C:\ffzhzh\SyncFiles\Temp\HFSS_sim\LHS400_Connection2\train\TSV_RDL\dut4.s2p
PyAEDT INFO: Desktop has been released and closed.
[train / TSV_RDL - Task 7] simulation started.
PyAEDT INFO: Python version 3.11.15 | packaged by Anaconda, Inc. | (main, Mar 11 2026, 17:12:15) [MSC v.1942 64 bit (AMD64)].
PyAEDT INFO: PyAEDT version 1.0.1.
PyAEDT INFO: Initializing new Desktop session.
PyAEDT INFO: AEDT version 2026.1.
PyAEDT INFO: New AEDT session is starting on gRPC port 9575.
PyAEDT INFO: Starting new AEDT gRPC session on port 9575.
PyAEDT INFO: Launching AEDT server with gRPC transport mode: TransportMode.WNUA
PyAEDT INFO: Electronics Desktop started on gRPC port 9575 after 5.0 seconds.
PyAEDT INFO: AEDT installation Path C:\Program Files\ANSYS Inc\v261\AnsysEM
PyAEDT INFO: Connected to AEDT gRPC session on port 9575.
PyAEDT INFO: Non-graphical mode detected. Disabling Desktop logs.
PyAEDT INFO: Parsing C:\ffzhzh\LocalFiles\Ansys_Project_Files\temp_train_TSV_RDL_7_1783612000_29156.aedt.
PyAEDT INFO: Python version 3.11.15 | packaged by Anaconda, Inc. | (main, Mar 11 2026, 17:12:15) [MSC v.1942 64 bit (AMD64)].
PyAEDT INFO: PyAEDT version 1.0.1.
PyAEDT INFO: Returning found Desktop session with PID 38072!
PyAEDT INFO: File C:\ffzhzh\LocalFiles\Ansys_Project_Files\temp_train_TSV_RDL_7_1783612000_29156.aedt correctly loaded. Elapsed time: 0m 0sec
PyAEDT INFO: Project temp_train_TSV_RDL_7_1783612000_29156 has been opened.
PyAEDT INFO: Active Design set to TSV_RDL
PyAEDT INFO: AEDT objects correctly read
PyAEDT INFO: Modeler class has been initialized! Elapsed time: 0m 0sec
PyAEDT INFO: Project temp_train_TSV_RDL_7_1783612000_29156 Saved correctly
PyAEDT INFO: Key Desktop/ActiveDSOConfigurations/HFSS correctly changed.
PyAEDT INFO: Solving all design setups. Analysis started...
PyAEDT INFO: Design setup None solved correctly in 0.0h 8.0m 21.0s
PyAEDT INFO: Key Desktop/ActiveDSOConfigurations/HFSS correctly changed.
PyAEDT INFO: Exporting Touchstone C:/ffzhzh/LocalFiles/Ansys_Project_Files/temp_train_TSV_RDL_5_1783611565_33328_SNP/temp_train_TSV_RDL_5_1783611565_33328.s2p
PyAEDT INFO: Touchstone correctly exported to C:/ffzhzh/LocalFiles/Ansys_Project_Files/temp_train_TSV_RDL_5_1783611565_33328_SNP/temp_train_TSV_RDL_5_1783611565_33328.s2p
[train / TSV_RDL - Task 5] simulation completed: C:\ffzhzh\SyncFiles\Temp\HFSS_sim\LHS400_Connection2\train\TSV_RDL\dut5.s2p
PyAEDT INFO: Desktop has been released and closed.
[train / TSV_RDL - Task 8] simulation started.
PyAEDT INFO: Python version 3.11.15 | packaged by Anaconda, Inc. | (main, Mar 11 2026, 17:12:15) [MSC v.1942 64 bit (AMD64)].
PyAEDT INFO: PyAEDT version 1.0.1.
PyAEDT INFO: Initializing new Desktop session.
PyAEDT INFO: AEDT version 2026.1.
PyAEDT INFO: New AEDT session is starting on gRPC port 2363.
PyAEDT INFO: Starting new AEDT gRPC session on port 2363.
PyAEDT INFO: Launching AEDT server with gRPC transport mode: TransportMode.WNUA
PyAEDT INFO: Electronics Desktop started on gRPC port 2363 after 5.3 seconds.
PyAEDT INFO: AEDT installation Path C:\Program Files\ANSYS Inc\v261\AnsysEM
PyAEDT INFO: Connected to AEDT gRPC session on port 2363.
PyAEDT INFO: Non-graphical mode detected. Disabling Desktop logs.
PyAEDT INFO: Parsing C:\ffzhzh\LocalFiles\Ansys_Project_Files\temp_train_TSV_RDL_8_1783612079_33328.aedt.
PyAEDT INFO: Python version 3.11.15 | packaged by Anaconda, Inc. | (main, Mar 11 2026, 17:12:15) [MSC v.1942 64 bit (AMD64)].
PyAEDT INFO: PyAEDT version 1.0.1.
PyAEDT INFO: Returning found Desktop session with PID 39336!
PyAEDT INFO: File C:\ffzhzh\LocalFiles\Ansys_Project_Files\temp_train_TSV_RDL_8_1783612079_33328.aedt correctly loaded. Elapsed time: 0m 0sec
PyAEDT INFO: Project temp_train_TSV_RDL_8_1783612079_33328 has been opened.
PyAEDT INFO: Active Design set to TSV_RDL
PyAEDT INFO: AEDT objects correctly read
PyAEDT INFO: Modeler class has been initialized! Elapsed time: 0m 0sec
PyAEDT INFO: Project temp_train_TSV_RDL_8_1783612079_33328 Saved correctly
PyAEDT INFO: Key Desktop/ActiveDSOConfigurations/HFSS correctly changed.
PyAEDT INFO: Solving all design setups. Analysis started...
PyAEDT INFO: Design setup None solved correctly in 0.0h 8.0m 21.0s
PyAEDT INFO: Key Desktop/ActiveDSOConfigurations/HFSS correctly changed.
PyAEDT INFO: Exporting Touchstone C:/ffzhzh/LocalFiles/Ansys_Project_Files/temp_train_TSV_RDL_6_1783611935_26216_SNP/temp_train_TSV_RDL_6_1783611935_26216.s2p
PyAEDT INFO: Touchstone correctly exported to C:/ffzhzh/LocalFiles/Ansys_Project_Files/temp_train_TSV_RDL_6_1783611935_26216_SNP/temp_train_TSV_RDL_6_1783611935_26216.s2p
[train / TSV_RDL - Task 6] simulation completed: C:\ffzhzh\SyncFiles\Temp\HFSS_sim\LHS400_Connection2\train\TSV_RDL\dut6.s2p
PyAEDT INFO: Desktop has been released and closed.
[train / TSV_RDL - Task 9] simulation started.
PyAEDT INFO: Python version 3.11.15 | packaged by Anaconda, Inc. | (main, Mar 11 2026, 17:12:15) [MSC v.1942 64 bit (AMD64)].
PyAEDT INFO: PyAEDT version 1.0.1.
PyAEDT INFO: Initializing new Desktop session.
PyAEDT INFO: AEDT version 2026.1.
PyAEDT INFO: New AEDT session is starting on gRPC port 5113.
PyAEDT INFO: Starting new AEDT gRPC session on port 5113.
PyAEDT INFO: Launching AEDT server with gRPC transport mode: TransportMode.WNUA
PyAEDT INFO: Electronics Desktop started on gRPC port 5113 after 5.1 seconds.
PyAEDT INFO: AEDT installation Path C:\Program Files\ANSYS Inc\v261\AnsysEM
PyAEDT INFO: Connected to AEDT gRPC session on port 5113.
PyAEDT INFO: Non-graphical mode detected. Disabling Desktop logs.
PyAEDT INFO: Parsing C:\ffzhzh\LocalFiles\Ansys_Project_Files\temp_train_TSV_RDL_9_1783612457_26216.aedt.
PyAEDT INFO: Python version 3.11.15 | packaged by Anaconda, Inc. | (main, Mar 11 2026, 17:12:15) [MSC v.1942 64 bit (AMD64)].
PyAEDT INFO: PyAEDT version 1.0.1.
PyAEDT INFO: Returning found Desktop session with PID 16852!
PyAEDT INFO: File C:\ffzhzh\LocalFiles\Ansys_Project_Files\temp_train_TSV_RDL_9_1783612457_26216.aedt correctly loaded. Elapsed time: 0m 0sec
PyAEDT INFO: Project temp_train_TSV_RDL_9_1783612457_26216 has been opened.
PyAEDT INFO: Active Design set to TSV_RDL
PyAEDT INFO: AEDT objects correctly read
PyAEDT INFO: Modeler class has been initialized! Elapsed time: 0m 0sec
PyAEDT INFO: Project temp_train_TSV_RDL_9_1783612457_26216 Saved correctly
PyAEDT INFO: Key Desktop/ActiveDSOConfigurations/HFSS correctly changed.
PyAEDT INFO: Solving all design setups. Analysis started...
PyAEDT INFO: Design setup None solved correctly in 0.0h 6.0m 60.0s
PyAEDT INFO: Key Desktop/ActiveDSOConfigurations/HFSS correctly changed.
PyAEDT INFO: Exporting Touchstone C:/ffzhzh/LocalFiles/Ansys_Project_Files/temp_train_TSV_RDL_8_1783612079_33328_SNP/temp_train_TSV_RDL_8_1783612079_33328.s2p
PyAEDT INFO: Touchstone correctly exported to C:/ffzhzh/LocalFiles/Ansys_Project_Files/temp_train_TSV_RDL_8_1783612079_33328_SNP/temp_train_TSV_RDL_8_1783612079_33328.s2p
[train / TSV_RDL - Task 8] simulation completed: C:\ffzhzh\SyncFiles\Temp\HFSS_sim\LHS400_Connection2\train\TSV_RDL\dut8.s2p
PyAEDT INFO: Desktop has been released and closed.
[train / TSV_RDL - Task 10] simulation started.
PyAEDT INFO: Python version 3.11.15 | packaged by Anaconda, Inc. | (main, Mar 11 2026, 17:12:15) [MSC v.1942 64 bit (AMD64)].
PyAEDT INFO: PyAEDT version 1.0.1.
PyAEDT INFO: Initializing new Desktop session.
PyAEDT INFO: AEDT version 2026.1.
PyAEDT INFO: New AEDT session is starting on gRPC port 5277.
PyAEDT INFO: Starting new AEDT gRPC session on port 5277.
PyAEDT INFO: Launching AEDT server with gRPC transport mode: TransportMode.WNUA
PyAEDT INFO: Electronics Desktop started on gRPC port 5277 after 5.0 seconds.
PyAEDT INFO: AEDT installation Path C:\Program Files\ANSYS Inc\v261\AnsysEM
PyAEDT INFO: Connected to AEDT gRPC session on port 5277.
PyAEDT INFO: Non-graphical mode detected. Disabling Desktop logs.
PyAEDT INFO: Parsing C:\ffzhzh\LocalFiles\Ansys_Project_Files\temp_train_TSV_RDL_10_1783612513_33328.aedt.
PyAEDT INFO: Python version 3.11.15 | packaged by Anaconda, Inc. | (main, Mar 11 2026, 17:12:15) [MSC v.1942 64 bit (AMD64)].
PyAEDT INFO: PyAEDT version 1.0.1.
PyAEDT INFO: Returning found Desktop session with PID 3572!
PyAEDT INFO: File C:\ffzhzh\LocalFiles\Ansys_Project_Files\temp_train_TSV_RDL_10_1783612513_33328.aedt correctly loaded. Elapsed time: 0m 0sec
PyAEDT INFO: Project temp_train_TSV_RDL_10_1783612513_33328 has been opened.
PyAEDT INFO: Active Design set to TSV_RDL
PyAEDT INFO: AEDT objects correctly read
PyAEDT INFO: Modeler class has been initialized! Elapsed time: 0m 0sec
PyAEDT INFO: Project temp_train_TSV_RDL_10_1783612513_33328 Saved correctly
PyAEDT INFO: Key Desktop/ActiveDSOConfigurations/HFSS correctly changed.
PyAEDT INFO: Solving all design setups. Analysis started...
PyAEDT INFO: Design setup None solved correctly in 0.0h 10.0m 44.0s
PyAEDT INFO: Key Desktop/ActiveDSOConfigurations/HFSS correctly changed.
PyAEDT INFO: Exporting Touchstone C:/ffzhzh/LocalFiles/Ansys_Project_Files/temp_train_TSV_RDL_7_1783612000_29156_SNP/temp_train_TSV_RDL_7_1783612000_29156.s2p
PyAEDT INFO: Touchstone correctly exported to C:/ffzhzh/LocalFiles/Ansys_Project_Files/temp_train_TSV_RDL_7_1783612000_29156_SNP/temp_train_TSV_RDL_7_1783612000_29156.s2p
[train / TSV_RDL - Task 7] simulation completed: C:\ffzhzh\SyncFiles\Temp\HFSS_sim\LHS400_Connection2\train\TSV_RDL\dut7.s2p
PyAEDT INFO: Desktop has been released and closed.
[train / TSV_RDL - Task 11] simulation started.
PyAEDT INFO: Python version 3.11.15 | packaged by Anaconda, Inc. | (main, Mar 11 2026, 17:12:15) [MSC v.1942 64 bit (AMD64)].
PyAEDT INFO: PyAEDT version 1.0.1.
PyAEDT INFO: Initializing new Desktop session.
PyAEDT INFO: AEDT version 2026.1.
PyAEDT INFO: New AEDT session is starting on gRPC port 6841.
PyAEDT INFO: Starting new AEDT gRPC session on port 6841.
PyAEDT INFO: Launching AEDT server with gRPC transport mode: TransportMode.WNUA
PyAEDT INFO: Electronics Desktop started on gRPC port 6841 after 5.0 seconds.
PyAEDT INFO: AEDT installation Path C:\Program Files\ANSYS Inc\v261\AnsysEM
PyAEDT INFO: Connected to AEDT gRPC session on port 6841.
PyAEDT INFO: Non-graphical mode detected. Disabling Desktop logs.
PyAEDT INFO: Parsing C:\ffzhzh\LocalFiles\Ansys_Project_Files\temp_train_TSV_RDL_11_1783612658_29156.aedt.
PyAEDT INFO: Python version 3.11.15 | packaged by Anaconda, Inc. | (main, Mar 11 2026, 17:12:15) [MSC v.1942 64 bit (AMD64)].
PyAEDT INFO: PyAEDT version 1.0.1.
PyAEDT INFO: Returning found Desktop session with PID 38380!
PyAEDT INFO: File C:\ffzhzh\LocalFiles\Ansys_Project_Files\temp_train_TSV_RDL_11_1783612658_29156.aedt correctly loaded. Elapsed time: 0m 0sec
PyAEDT INFO: Project temp_train_TSV_RDL_11_1783612658_29156 has been opened.
PyAEDT INFO: Active Design set to TSV_RDL
PyAEDT INFO: AEDT objects correctly read
PyAEDT INFO: Modeler class has been initialized! Elapsed time: 0m 0sec
PyAEDT INFO: Project temp_train_TSV_RDL_11_1783612658_29156 Saved correctly
PyAEDT INFO: Key Desktop/ActiveDSOConfigurations/HFSS correctly changed.
PyAEDT INFO: Solving all design setups. Analysis started...
PyAEDT INFO: Design setup None solved correctly in 0.0h 7.0m 58.0s
PyAEDT INFO: Key Desktop/ActiveDSOConfigurations/HFSS correctly changed.
PyAEDT INFO: Exporting Touchstone C:/ffzhzh/LocalFiles/Ansys_Project_Files/temp_train_TSV_RDL_10_1783612513_33328_SNP/temp_train_TSV_RDL_10_1783612513_33328.s2p
PyAEDT INFO: Touchstone correctly exported to C:/ffzhzh/LocalFiles/Ansys_Project_Files/temp_train_TSV_RDL_10_1783612513_33328_SNP/temp_train_TSV_RDL_10_1783612513_33328.s2p
[train / TSV_RDL - Task 10] simulation completed: C:\ffzhzh\SyncFiles\Temp\HFSS_sim\LHS400_Connection2\train\TSV_RDL\dut10.s2p
PyAEDT INFO: Desktop has been released and closed.
[train / TSV_RDL - Task 12] simulation started.
PyAEDT INFO: Python version 3.11.15 | packaged by Anaconda, Inc. | (main, Mar 11 2026, 17:12:15) [MSC v.1942 64 bit (AMD64)].
PyAEDT INFO: PyAEDT version 1.0.1.
PyAEDT INFO: Initializing new Desktop session.
PyAEDT INFO: AEDT version 2026.1.
PyAEDT INFO: New AEDT session is starting on gRPC port 1481.
PyAEDT INFO: Starting new AEDT gRPC session on port 1481.
PyAEDT INFO: Launching AEDT server with gRPC transport mode: TransportMode.WNUA
PyAEDT INFO: Electronics Desktop started on gRPC port 1481 after 5.0 seconds.
PyAEDT INFO: AEDT installation Path C:\Program Files\ANSYS Inc\v261\AnsysEM
PyAEDT INFO: Connected to AEDT gRPC session on port 1481.
PyAEDT INFO: Non-graphical mode detected. Disabling Desktop logs.
PyAEDT INFO: Parsing C:\ffzhzh\LocalFiles\Ansys_Project_Files\temp_train_TSV_RDL_12_1783613012_33328.aedt.
PyAEDT INFO: Python version 3.11.15 | packaged by Anaconda, Inc. | (main, Mar 11 2026, 17:12:15) [MSC v.1942 64 bit (AMD64)].
PyAEDT INFO: PyAEDT version 1.0.1.
PyAEDT INFO: Returning found Desktop session with PID 39184!
PyAEDT INFO: File C:\ffzhzh\LocalFiles\Ansys_Project_Files\temp_train_TSV_RDL_12_1783613012_33328.aedt correctly loaded. Elapsed time: 0m 0sec
PyAEDT INFO: Project temp_train_TSV_RDL_12_1783613012_33328 has been opened.
PyAEDT INFO: Active Design set to TSV_RDL
PyAEDT INFO: AEDT objects correctly read
PyAEDT INFO: Modeler class has been initialized! Elapsed time: 0m 0sec
PyAEDT INFO: Project temp_train_TSV_RDL_12_1783613012_33328 Saved correctly
PyAEDT INFO: Key Desktop/ActiveDSOConfigurations/HFSS correctly changed.
PyAEDT INFO: Solving all design setups. Analysis started...
PyAEDT INFO: Design setup None solved correctly in 0.0h 9.0m 33.0s
PyAEDT INFO: Key Desktop/ActiveDSOConfigurations/HFSS correctly changed.
PyAEDT INFO: Exporting Touchstone C:/ffzhzh/LocalFiles/Ansys_Project_Files/temp_train_TSV_RDL_9_1783612457_26216_SNP/temp_train_TSV_RDL_9_1783612457_26216.s2p
PyAEDT INFO: Touchstone correctly exported to C:/ffzhzh/LocalFiles/Ansys_Project_Files/temp_train_TSV_RDL_9_1783612457_26216_SNP/temp_train_TSV_RDL_9_1783612457_26216.s2p
[train / TSV_RDL - Task 9] simulation completed: C:\ffzhzh\SyncFiles\Temp\HFSS_sim\LHS400_Connection2\train\TSV_RDL\dut9.s2p
PyAEDT INFO: Desktop has been released and closed.
[train / TSV_RDL - Task 13] simulation started.
PyAEDT INFO: Python version 3.11.15 | packaged by Anaconda, Inc. | (main, Mar 11 2026, 17:12:15) [MSC v.1942 64 bit (AMD64)].
PyAEDT INFO: PyAEDT version 1.0.1.
PyAEDT INFO: Initializing new Desktop session.
PyAEDT INFO: AEDT version 2026.1.
PyAEDT INFO: New AEDT session is starting on gRPC port 1544.
PyAEDT INFO: Starting new AEDT gRPC session on port 1544.
PyAEDT INFO: Launching AEDT server with gRPC transport mode: TransportMode.WNUA
PyAEDT INFO: Electronics Desktop started on gRPC port 1544 after 5.0 seconds.
PyAEDT INFO: AEDT installation Path C:\Program Files\ANSYS Inc\v261\AnsysEM
PyAEDT INFO: Connected to AEDT gRPC session on port 1544.
PyAEDT INFO: Non-graphical mode detected. Disabling Desktop logs.
PyAEDT INFO: Parsing C:\ffzhzh\LocalFiles\Ansys_Project_Files\temp_train_TSV_RDL_13_1783613047_26216.aedt.
PyAEDT INFO: Python version 3.11.15 | packaged by Anaconda, Inc. | (main, Mar 11 2026, 17:12:15) [MSC v.1942 64 bit (AMD64)].
PyAEDT INFO: PyAEDT version 1.0.1.
PyAEDT INFO: Returning found Desktop session with PID 22984!
PyAEDT INFO: File C:\ffzhzh\LocalFiles\Ansys_Project_Files\temp_train_TSV_RDL_13_1783613047_26216.aedt correctly loaded. Elapsed time: 0m 0sec
PyAEDT INFO: Project temp_train_TSV_RDL_13_1783613047_26216 has been opened.
PyAEDT INFO: Active Design set to TSV_RDL
PyAEDT INFO: AEDT objects correctly read
PyAEDT INFO: Modeler class has been initialized! Elapsed time: 0m 0sec
PyAEDT INFO: Project temp_train_TSV_RDL_13_1783613047_26216 Saved correctly
PyAEDT INFO: Key Desktop/ActiveDSOConfigurations/HFSS correctly changed.
PyAEDT INFO: Solving all design setups. Analysis started...
PyAEDT INFO: Design setup None solved correctly in 0.0h 8.0m 43.0s
PyAEDT INFO: Key Desktop/ActiveDSOConfigurations/HFSS correctly changed.
PyAEDT INFO: Exporting Touchstone C:/ffzhzh/LocalFiles/Ansys_Project_Files/temp_train_TSV_RDL_11_1783612658_29156_SNP/temp_train_TSV_RDL_11_1783612658_29156.s2p
PyAEDT INFO: Touchstone correctly exported to C:/ffzhzh/LocalFiles/Ansys_Project_Files/temp_train_TSV_RDL_11_1783612658_29156_SNP/temp_train_TSV_RDL_11_1783612658_29156.s2p
[train / TSV_RDL - Task 11] simulation completed: C:\ffzhzh\SyncFiles\Temp\HFSS_sim\LHS400_Connection2\train\TSV_RDL\dut11.s2p
PyAEDT INFO: Desktop has been released and closed.
[train / TSV_RDL - Task 14] simulation started.
PyAEDT INFO: Python version 3.11.15 | packaged by Anaconda, Inc. | (main, Mar 11 2026, 17:12:15) [MSC v.1942 64 bit (AMD64)].
PyAEDT INFO: PyAEDT version 1.0.1.
PyAEDT INFO: Initializing new Desktop session.
PyAEDT INFO: AEDT version 2026.1.
PyAEDT INFO: New AEDT session is starting on gRPC port 4759.
PyAEDT INFO: Starting new AEDT gRPC session on port 4759.
PyAEDT INFO: Launching AEDT server with gRPC transport mode: TransportMode.WNUA
PyAEDT INFO: Electronics Desktop started on gRPC port 4759 after 5.0 seconds.
PyAEDT INFO: AEDT installation Path C:\Program Files\ANSYS Inc\v261\AnsysEM
PyAEDT INFO: Connected to AEDT gRPC session on port 4759.
PyAEDT INFO: Non-graphical mode detected. Disabling Desktop logs.
PyAEDT INFO: Parsing C:\ffzhzh\LocalFiles\Ansys_Project_Files\temp_train_TSV_RDL_14_1783613203_29156.aedt.
PyAEDT INFO: Python version 3.11.15 | packaged by Anaconda, Inc. | (main, Mar 11 2026, 17:12:15) [MSC v.1942 64 bit (AMD64)].
PyAEDT INFO: PyAEDT version 1.0.1.
PyAEDT INFO: Returning found Desktop session with PID 3528!
PyAEDT INFO: File C:\ffzhzh\LocalFiles\Ansys_Project_Files\temp_train_TSV_RDL_14_1783613203_29156.aedt correctly loaded. Elapsed time: 0m 0sec
PyAEDT INFO: Project temp_train_TSV_RDL_14_1783613203_29156 has been opened.
PyAEDT INFO: Active Design set to TSV_RDL
PyAEDT INFO: AEDT objects correctly read
PyAEDT INFO: Modeler class has been initialized! Elapsed time: 0m 0sec
PyAEDT INFO: Project temp_train_TSV_RDL_14_1783613203_29156 Saved correctly
PyAEDT INFO: Key Desktop/ActiveDSOConfigurations/HFSS correctly changed.
PyAEDT INFO: Solving all design setups. Analysis started...
PyAEDT INFO: Design setup None solved correctly in 0.0h 9.0m 2.0s
PyAEDT INFO: Key Desktop/ActiveDSOConfigurations/HFSS correctly changed.
PyAEDT INFO: Exporting Touchstone C:/ffzhzh/LocalFiles/Ansys_Project_Files/temp_train_TSV_RDL_13_1783613047_26216_SNP/temp_train_TSV_RDL_13_1783613047_26216.s2p
PyAEDT INFO: Touchstone correctly exported to C:/ffzhzh/LocalFiles/Ansys_Project_Files/temp_train_TSV_RDL_13_1783613047_26216_SNP/temp_train_TSV_RDL_13_1783613047_26216.s2p
PyAEDT INFO: Solving all design setups. Analysis started...
PyAEDT INFO: Design setup None solved correctly in 0.0h 9.0m 41.0s
PyAEDT INFO: Key Desktop/ActiveDSOConfigurations/HFSS correctly changed.
PyAEDT INFO: Exporting Touchstone C:/ffzhzh/LocalFiles/Ansys_Project_Files/temp_train_TSV_RDL_12_1783613012_33328_SNP/temp_train_TSV_RDL_12_1783613012_33328.s2p
PyAEDT INFO: Touchstone correctly exported to C:/ffzhzh/LocalFiles/Ansys_Project_Files/temp_train_TSV_RDL_12_1783613012_33328_SNP/temp_train_TSV_RDL_12_1783613012_33328.s2p
[train / TSV_RDL - Task 12] simulation completed: C:\ffzhzh\SyncFiles\Temp\HFSS_sim\LHS400_Connection2\train\TSV_RDL\dut12.s2p
PyAEDT INFO: Desktop has been released and closed.
[train / TSV_RDL - Task 15] simulation started.
PyAEDT INFO: Python version 3.11.15 | packaged by Anaconda, Inc. | (main, Mar 11 2026, 17:12:15) [MSC v.1942 64 bit (AMD64)].
PyAEDT INFO: PyAEDT version 1.0.1.
PyAEDT INFO: Initializing new Desktop session.
PyAEDT INFO: AEDT version 2026.1.
PyAEDT INFO: New AEDT session is starting on gRPC port 10494.
PyAEDT INFO: Starting new AEDT gRPC session on port 10494.
PyAEDT INFO: Launching AEDT server with gRPC transport mode: TransportMode.WNUA
[train / TSV_RDL - Task 13] simulation completed: C:\ffzhzh\SyncFiles\Temp\HFSS_sim\LHS400_Connection2\train\TSV_RDL\dut13.s2p
PyAEDT INFO: Desktop has been released and closed.
[train / TSV_RDL - Task 16] simulation started.
PyAEDT INFO: Python version 3.11.15 | packaged by Anaconda, Inc. | (main, Mar 11 2026, 17:12:15) [MSC v.1942 64 bit (AMD64)].
PyAEDT INFO: PyAEDT version 1.0.1.
PyAEDT INFO: Initializing new Desktop session.
PyAEDT INFO: AEDT version 2026.1.
PyAEDT INFO: New AEDT session is starting on gRPC port 10496.
PyAEDT INFO: Starting new AEDT gRPC session on port 10496.
PyAEDT INFO: Launching AEDT server with gRPC transport mode: TransportMode.WNUA
PyAEDT INFO: Electronics Desktop started on gRPC port 10494 after 4.8 seconds.
PyAEDT INFO: AEDT installation Path C:\Program Files\ANSYS Inc\v261\AnsysEM
PyAEDT INFO: Connected to AEDT gRPC session on port 10494.
PyAEDT INFO: Non-graphical mode detected. Disabling Desktop logs.
PyAEDT INFO: Parsing C:\ffzhzh\LocalFiles\Ansys_Project_Files\temp_train_TSV_RDL_15_1783613605_33328.aedt.
PyAEDT INFO: Python version 3.11.15 | packaged by Anaconda, Inc. | (main, Mar 11 2026, 17:12:15) [MSC v.1942 64 bit (AMD64)].
PyAEDT INFO: PyAEDT version 1.0.1.
PyAEDT INFO: Returning found Desktop session with PID 35052!
PyAEDT INFO: File C:\ffzhzh\LocalFiles\Ansys_Project_Files\temp_train_TSV_RDL_15_1783613605_33328.aedt correctly loaded. Elapsed time: 0m 0sec
PyAEDT INFO: Project temp_train_TSV_RDL_15_1783613605_33328 has been opened.
PyAEDT INFO: Active Design set to TSV_RDL
PyAEDT INFO: AEDT objects correctly read
PyAEDT INFO: Modeler class has been initialized! Elapsed time: 0m 0sec
PyAEDT INFO: Electronics Desktop started on gRPC port 10496 after 4.8 seconds.
PyAEDT INFO: AEDT installation Path C:\Program Files\ANSYS Inc\v261\AnsysEM
PyAEDT INFO: Connected to AEDT gRPC session on port 10496.
PyAEDT INFO: Non-graphical mode detected. Disabling Desktop logs.
PyAEDT INFO: Parsing C:\ffzhzh\LocalFiles\Ansys_Project_Files\temp_train_TSV_RDL_16_1783613609_26216.aedt.
PyAEDT INFO: Python version 3.11.15 | packaged by Anaconda, Inc. | (main, Mar 11 2026, 17:12:15) [MSC v.1942 64 bit (AMD64)].
PyAEDT INFO: PyAEDT version 1.0.1.
PyAEDT INFO: Returning found Desktop session with PID 39664!
PyAEDT INFO: File C:\ffzhzh\LocalFiles\Ansys_Project_Files\temp_train_TSV_RDL_16_1783613609_26216.aedt correctly loaded. Elapsed time: 0m 0sec
PyAEDT INFO: Project temp_train_TSV_RDL_15_1783613605_33328 Saved correctly
PyAEDT INFO: Key Desktop/ActiveDSOConfigurations/HFSS correctly changed.
PyAEDT INFO: Project temp_train_TSV_RDL_16_1783613609_26216 has been opened.
PyAEDT INFO: Active Design set to TSV_RDL
PyAEDT INFO: AEDT objects correctly read
PyAEDT INFO: Modeler class has been initialized! Elapsed time: 0m 0sec
PyAEDT INFO: Project temp_train_TSV_RDL_16_1783613609_26216 Saved correctly
PyAEDT INFO: Key Desktop/ActiveDSOConfigurations/HFSS correctly changed.
PyAEDT INFO: Solving all design setups. Analysis started...
PyAEDT INFO: Design setup None solved correctly in 0.0h 7.0m 28.0s
PyAEDT INFO: Key Desktop/ActiveDSOConfigurations/HFSS correctly changed.
PyAEDT INFO: Exporting Touchstone C:/ffzhzh/LocalFiles/Ansys_Project_Files/temp_train_TSV_RDL_15_1783613605_33328_SNP/temp_train_TSV_RDL_15_1783613605_33328.s2p
PyAEDT INFO: Touchstone correctly exported to C:/ffzhzh/LocalFiles/Ansys_Project_Files/temp_train_TSV_RDL_15_1783613605_33328_SNP/temp_train_TSV_RDL_15_1783613605_33328.s2p
PyAEDT INFO: Solving all design setups. Analysis started...
PyAEDT INFO: Design setup None solved correctly in 0.0h 14.0m 13.0s
PyAEDT INFO: Key Desktop/ActiveDSOConfigurations/HFSS correctly changed.
PyAEDT INFO: Exporting Touchstone C:/ffzhzh/LocalFiles/Ansys_Project_Files/temp_train_TSV_RDL_14_1783613203_29156_SNP/temp_train_TSV_RDL_14_1783613203_29156.s2p
PyAEDT INFO: Touchstone correctly exported to C:/ffzhzh/LocalFiles/Ansys_Project_Files/temp_train_TSV_RDL_14_1783613203_29156_SNP/temp_train_TSV_RDL_14_1783613203_29156.s2p
[train / TSV_RDL - Task 15] simulation completed: C:\ffzhzh\SyncFiles\Temp\HFSS_sim\LHS400_Connection2\train\TSV_RDL\dut15.s2p
PyAEDT INFO: Desktop has been released and closed.
[train / TSV_RDL - Task 14] simulation completed: C:\ffzhzh\SyncFiles\Temp\HFSS_sim\LHS400_Connection2\train\TSV_RDL\dut14.s2p
PyAEDT INFO: Desktop has been released and closed.
[train / TSV_RDL - Task 17] simulation started.
PyAEDT INFO: Python version 3.11.15 | packaged by Anaconda, Inc. | (main, Mar 11 2026, 17:12:15) [MSC v.1942 64 bit (AMD64)].
PyAEDT INFO: PyAEDT version 1.0.1.
PyAEDT INFO: Initializing new Desktop session.
PyAEDT INFO: AEDT version 2026.1.
[train / TSV_RDL - Task 18] simulation started.
PyAEDT INFO: Python version 3.11.15 | packaged by Anaconda, Inc. | (main, Mar 11 2026, 17:12:15) [MSC v.1942 64 bit (AMD64)].
PyAEDT INFO: PyAEDT version 1.0.1.
PyAEDT INFO: Initializing new Desktop session.
PyAEDT INFO: AEDT version 2026.1.
PyAEDT INFO: New AEDT session is starting on gRPC port 8284.
PyAEDT INFO: New AEDT session is starting on gRPC port 8285.
PyAEDT INFO: Starting new AEDT gRPC session on port 8284.
PyAEDT INFO: Launching AEDT server with gRPC transport mode: TransportMode.WNUA
PyAEDT INFO: Starting new AEDT gRPC session on port 8285.
PyAEDT INFO: Launching AEDT server with gRPC transport mode: TransportMode.WNUA
PyAEDT INFO: Electronics Desktop started on gRPC port 8284 after 4.9 seconds.
PyAEDT INFO: AEDT installation Path C:\Program Files\ANSYS Inc\v261\AnsysEM
PyAEDT INFO: Connected to AEDT gRPC session on port 8284.
PyAEDT INFO: Non-graphical mode detected. Disabling Desktop logs.
PyAEDT INFO: Parsing C:\ffzhzh\LocalFiles\Ansys_Project_Files\temp_train_TSV_RDL_17_1783614074_33328.aedt.
PyAEDT INFO: Python version 3.11.15 | packaged by Anaconda, Inc. | (main, Mar 11 2026, 17:12:15) [MSC v.1942 64 bit (AMD64)].
PyAEDT INFO: PyAEDT version 1.0.1.
PyAEDT INFO: Returning found Desktop session with PID 3388!
PyAEDT INFO: Electronics Desktop started on gRPC port 8285 after 5.0 seconds.
PyAEDT INFO: AEDT installation Path C:\Program Files\ANSYS Inc\v261\AnsysEM
PyAEDT INFO: Connected to AEDT gRPC session on port 8285.
PyAEDT INFO: Non-graphical mode detected. Disabling Desktop logs.
PyAEDT INFO: Parsing C:\ffzhzh\LocalFiles\Ansys_Project_Files\temp_train_TSV_RDL_18_1783614074_29156.aedt.
PyAEDT INFO: Python version 3.11.15 | packaged by Anaconda, Inc. | (main, Mar 11 2026, 17:12:15) [MSC v.1942 64 bit (AMD64)].
PyAEDT INFO: PyAEDT version 1.0.1.
PyAEDT INFO: Returning found Desktop session with PID 25076!
PyAEDT INFO: File C:\ffzhzh\LocalFiles\Ansys_Project_Files\temp_train_TSV_RDL_17_1783614074_33328.aedt correctly loaded. Elapsed time: 0m 0sec
PyAEDT INFO: File C:\ffzhzh\LocalFiles\Ansys_Project_Files\temp_train_TSV_RDL_18_1783614074_29156.aedt correctly loaded. Elapsed time: 0m 0sec
PyAEDT INFO: Project temp_train_TSV_RDL_17_1783614074_33328 has been opened.
PyAEDT INFO: Project temp_train_TSV_RDL_18_1783614074_29156 has been opened.
PyAEDT INFO: Active Design set to TSV_RDL
PyAEDT INFO: Active Design set to TSV_RDL
PyAEDT INFO: AEDT objects correctly read
PyAEDT INFO: AEDT objects correctly read
PyAEDT INFO: Modeler class has been initialized! Elapsed time: 0m 0sec
PyAEDT INFO: Modeler class has been initialized! Elapsed time: 0m 0sec
PyAEDT INFO: Project temp_train_TSV_RDL_17_1783614074_33328 Saved correctly
PyAEDT INFO: Project temp_train_TSV_RDL_18_1783614074_29156 Saved correctly
PyAEDT INFO: Key Desktop/ActiveDSOConfigurations/HFSS correctly changed.
PyAEDT INFO: Key Desktop/ActiveDSOConfigurations/HFSS correctly changed.
PyAEDT INFO: Solving all design setups. Analysis started...
PyAEDT INFO: Design setup None solved correctly in 0.0h 16.0m 49.0s
PyAEDT INFO: Key Desktop/ActiveDSOConfigurations/HFSS correctly changed.
PyAEDT INFO: Exporting Touchstone C:/ffzhzh/LocalFiles/Ansys_Project_Files/temp_train_TSV_RDL_16_1783613609_26216_SNP/temp_train_TSV_RDL_16_1783613609_26216.s2p
PyAEDT INFO: Touchstone correctly exported to C:/ffzhzh/LocalFiles/Ansys_Project_Files/temp_train_TSV_RDL_16_1783613609_26216_SNP/temp_train_TSV_RDL_16_1783613609_26216.s2p
[train / TSV_RDL - Task 16] simulation completed: C:\ffzhzh\SyncFiles\Temp\HFSS_sim\LHS400_Connection2\train\TSV_RDL\dut16.s2p
PyAEDT INFO: Desktop has been released and closed.
[train / TSV_RDL - Task 19] simulation started.
PyAEDT INFO: Python version 3.11.15 | packaged by Anaconda, Inc. | (main, Mar 11 2026, 17:12:15) [MSC v.1942 64 bit (AMD64)].
PyAEDT INFO: PyAEDT version 1.0.1.
PyAEDT INFO: Initializing new Desktop session.
PyAEDT INFO: AEDT version 2026.1.
PyAEDT INFO: New AEDT session is starting on gRPC port 3799.
PyAEDT INFO: Starting new AEDT gRPC session on port 3799.
PyAEDT INFO: Launching AEDT server with gRPC transport mode: TransportMode.WNUA
PyAEDT INFO: Electronics Desktop started on gRPC port 3799 after 6.5 seconds.
PyAEDT INFO: AEDT installation Path C:\Program Files\ANSYS Inc\v261\AnsysEM
PyAEDT INFO: Connected to AEDT gRPC session on port 3799.
PyAEDT INFO: Non-graphical mode detected. Disabling Desktop logs.
PyAEDT INFO: Parsing C:\ffzhzh\LocalFiles\Ansys_Project_Files\temp_train_TSV_RDL_19_1783614634_26216.aedt.
PyAEDT INFO: Python version 3.11.15 | packaged by Anaconda, Inc. | (main, Mar 11 2026, 17:12:15) [MSC v.1942 64 bit (AMD64)].
PyAEDT INFO: PyAEDT version 1.0.1.
PyAEDT INFO: Returning found Desktop session with PID 28100!
PyAEDT INFO: File C:\ffzhzh\LocalFiles\Ansys_Project_Files\temp_train_TSV_RDL_19_1783614634_26216.aedt correctly loaded. Elapsed time: 0m 0sec
PyAEDT INFO: Project temp_train_TSV_RDL_19_1783614634_26216 has been opened.
PyAEDT INFO: Active Design set to TSV_RDL
PyAEDT INFO: AEDT objects correctly read
PyAEDT INFO: Modeler class has been initialized! Elapsed time: 0m 0sec
PyAEDT INFO: Project temp_train_TSV_RDL_19_1783614634_26216 Saved correctly
PyAEDT INFO: Key Desktop/ActiveDSOConfigurations/HFSS correctly changed.
PyAEDT INFO: Solving all design setups. Analysis started...
PyAEDT INFO: Design setup None solved correctly in 0.0h 10.0m 9.0s
PyAEDT INFO: Key Desktop/ActiveDSOConfigurations/HFSS correctly changed.
PyAEDT INFO: Exporting Touchstone C:/ffzhzh/LocalFiles/Ansys_Project_Files/temp_train_TSV_RDL_17_1783614074_33328_SNP/temp_train_TSV_RDL_17_1783614074_33328.s2p
PyAEDT INFO: Touchstone correctly exported to C:/ffzhzh/LocalFiles/Ansys_Project_Files/temp_train_TSV_RDL_17_1783614074_33328_SNP/temp_train_TSV_RDL_17_1783614074_33328.s2p
[train / TSV_RDL - Task 17] simulation completed: C:\ffzhzh\SyncFiles\Temp\HFSS_sim\LHS400_Connection2\train\TSV_RDL\dut17.s2p
PyAEDT INFO: Desktop has been released and closed.
[train / TSV_RDL - Task 20] simulation started.
PyAEDT INFO: Python version 3.11.15 | packaged by Anaconda, Inc. | (main, Mar 11 2026, 17:12:15) [MSC v.1942 64 bit (AMD64)].
PyAEDT INFO: PyAEDT version 1.0.1.
PyAEDT INFO: Initializing new Desktop session.
PyAEDT INFO: AEDT version 2026.1.
PyAEDT INFO: New AEDT session is starting on gRPC port 9324.
PyAEDT INFO: Starting new AEDT gRPC session on port 9324.
PyAEDT INFO: Launching AEDT server with gRPC transport mode: TransportMode.WNUA
PyAEDT INFO: Electronics Desktop started on gRPC port 9324 after 4.9 seconds.
PyAEDT INFO: AEDT installation Path C:\Program Files\ANSYS Inc\v261\AnsysEM
PyAEDT INFO: Connected to AEDT gRPC session on port 9324.
PyAEDT INFO: Non-graphical mode detected. Disabling Desktop logs.
PyAEDT INFO: Parsing C:\ffzhzh\LocalFiles\Ansys_Project_Files\temp_train_TSV_RDL_20_1783614697_33328.aedt.
PyAEDT INFO: Python version 3.11.15 | packaged by Anaconda, Inc. | (main, Mar 11 2026, 17:12:15) [MSC v.1942 64 bit (AMD64)].
PyAEDT INFO: PyAEDT version 1.0.1.
PyAEDT INFO: Returning found Desktop session with PID 15440!
PyAEDT INFO: File C:\ffzhzh\LocalFiles\Ansys_Project_Files\temp_train_TSV_RDL_20_1783614697_33328.aedt correctly loaded. Elapsed time: 0m 0sec
PyAEDT INFO: Project temp_train_TSV_RDL_20_1783614697_33328 has been opened.
PyAEDT INFO: Active Design set to TSV_RDL
PyAEDT INFO: AEDT objects correctly read
PyAEDT INFO: Modeler class has been initialized! Elapsed time: 0m 0sec
PyAEDT INFO: Project temp_train_TSV_RDL_20_1783614697_33328 Saved correctly
PyAEDT INFO: Key Desktop/ActiveDSOConfigurations/HFSS correctly changed.
PyAEDT INFO: Solving all design setups. Analysis started...
PyAEDT INFO: Design setup None solved correctly in 0.0h 13.0m 11.0s
PyAEDT INFO: Key Desktop/ActiveDSOConfigurations/HFSS correctly changed.
PyAEDT INFO: Exporting Touchstone C:/ffzhzh/LocalFiles/Ansys_Project_Files/temp_train_TSV_RDL_18_1783614074_29156_SNP/temp_train_TSV_RDL_18_1783614074_29156.s2p
PyAEDT INFO: Touchstone correctly exported to C:/ffzhzh/LocalFiles/Ansys_Project_Files/temp_train_TSV_RDL_18_1783614074_29156_SNP/temp_train_TSV_RDL_18_1783614074_29156.s2p
[train / TSV_RDL - Task 18] simulation completed: C:\ffzhzh\SyncFiles\Temp\HFSS_sim\LHS400_Connection2\train\TSV_RDL\dut18.s2p
PyAEDT INFO: Desktop has been released and closed.
[train / TSV_RDL - Task 21] simulation started.
PyAEDT INFO: Python version 3.11.15 | packaged by Anaconda, Inc. | (main, Mar 11 2026, 17:12:15) [MSC v.1942 64 bit (AMD64)].
PyAEDT INFO: PyAEDT version 1.0.1.
PyAEDT INFO: Initializing new Desktop session.
PyAEDT INFO: AEDT version 2026.1.
PyAEDT INFO: New AEDT session is starting on gRPC port 10248.
PyAEDT INFO: Starting new AEDT gRPC session on port 10248.
PyAEDT INFO: Launching AEDT server with gRPC transport mode: TransportMode.WNUA
PyAEDT INFO: Electronics Desktop started on gRPC port 10248 after 5.0 seconds.
PyAEDT INFO: AEDT installation Path C:\Program Files\ANSYS Inc\v261\AnsysEM
PyAEDT INFO: Connected to AEDT gRPC session on port 10248.
PyAEDT INFO: Non-graphical mode detected. Disabling Desktop logs.
PyAEDT INFO: Parsing C:\ffzhzh\LocalFiles\Ansys_Project_Files\temp_train_TSV_RDL_21_1783614884_29156.aedt.
PyAEDT INFO: Python version 3.11.15 | packaged by Anaconda, Inc. | (main, Mar 11 2026, 17:12:15) [MSC v.1942 64 bit (AMD64)].
PyAEDT INFO: PyAEDT version 1.0.1.
PyAEDT INFO: Returning found Desktop session with PID 24560!
PyAEDT INFO: File C:\ffzhzh\LocalFiles\Ansys_Project_Files\temp_train_TSV_RDL_21_1783614884_29156.aedt correctly loaded. Elapsed time: 0m 0sec
PyAEDT INFO: Project temp_train_TSV_RDL_21_1783614884_29156 has been opened.
PyAEDT INFO: Active Design set to TSV_RDL
PyAEDT INFO: AEDT objects correctly read
PyAEDT INFO: Modeler class has been initialized! Elapsed time: 0m 0sec
PyAEDT INFO: Project temp_train_TSV_RDL_21_1783614884_29156 Saved correctly
PyAEDT INFO: Key Desktop/ActiveDSOConfigurations/HFSS correctly changed.
PyAEDT INFO: Solving all design setups. Analysis started...
PyAEDT INFO: Design setup None solved correctly in 0.0h 6.0m 58.0s
PyAEDT INFO: Key Desktop/ActiveDSOConfigurations/HFSS correctly changed.
PyAEDT INFO: Exporting Touchstone C:/ffzhzh/LocalFiles/Ansys_Project_Files/temp_train_TSV_RDL_20_1783614697_33328_SNP/temp_train_TSV_RDL_20_1783614697_33328.s2p
PyAEDT INFO: Touchstone correctly exported to C:/ffzhzh/LocalFiles/Ansys_Project_Files/temp_train_TSV_RDL_20_1783614697_33328_SNP/temp_train_TSV_RDL_20_1783614697_33328.s2p
[train / TSV_RDL - Task 20] simulation completed: C:\ffzhzh\SyncFiles\Temp\HFSS_sim\LHS400_Connection2\train\TSV_RDL\dut20.s2p
PyAEDT INFO: Desktop has been released and closed.
[train / TSV_RDL - Task 22] simulation started.
PyAEDT INFO: Python version 3.11.15 | packaged by Anaconda, Inc. | (main, Mar 11 2026, 17:12:15) [MSC v.1942 64 bit (AMD64)].
PyAEDT INFO: PyAEDT version 1.0.1.
PyAEDT INFO: Initializing new Desktop session.
PyAEDT INFO: AEDT version 2026.1.
PyAEDT INFO: New AEDT session is starting on gRPC port 10545.
PyAEDT INFO: Starting new AEDT gRPC session on port 10545.
PyAEDT INFO: Launching AEDT server with gRPC transport mode: TransportMode.WNUA
PyAEDT INFO: Electronics Desktop started on gRPC port 10545 after 5.0 seconds.
PyAEDT INFO: AEDT installation Path C:\Program Files\ANSYS Inc\v261\AnsysEM
PyAEDT INFO: Connected to AEDT gRPC session on port 10545.
PyAEDT INFO: Non-graphical mode detected. Disabling Desktop logs.
PyAEDT INFO: Parsing C:\ffzhzh\LocalFiles\Ansys_Project_Files\temp_train_TSV_RDL_22_1783615136_33328.aedt.
PyAEDT INFO: Python version 3.11.15 | packaged by Anaconda, Inc. | (main, Mar 11 2026, 17:12:15) [MSC v.1942 64 bit (AMD64)].
PyAEDT INFO: PyAEDT version 1.0.1.
PyAEDT INFO: Returning found Desktop session with PID 5028!
PyAEDT INFO: File C:\ffzhzh\LocalFiles\Ansys_Project_Files\temp_train_TSV_RDL_22_1783615136_33328.aedt correctly loaded. Elapsed time: 0m 0sec
PyAEDT INFO: Project temp_train_TSV_RDL_22_1783615136_33328 has been opened.
PyAEDT INFO: Active Design set to TSV_RDL
PyAEDT INFO: AEDT objects correctly read
PyAEDT INFO: Modeler class has been initialized! Elapsed time: 0m 0sec
PyAEDT INFO: Project temp_train_TSV_RDL_22_1783615136_33328 Saved correctly
PyAEDT INFO: Key Desktop/ActiveDSOConfigurations/HFSS correctly changed.
PyAEDT INFO: Solving all design setups. Analysis started...
PyAEDT INFO: Design setup None solved correctly in 0.0h 11.0m 24.0s
PyAEDT INFO: Key Desktop/ActiveDSOConfigurations/HFSS correctly changed.
PyAEDT INFO: Exporting Touchstone C:/ffzhzh/LocalFiles/Ansys_Project_Files/temp_train_TSV_RDL_19_1783614634_26216_SNP/temp_train_TSV_RDL_19_1783614634_26216.s2p
PyAEDT INFO: Touchstone correctly exported to C:/ffzhzh/LocalFiles/Ansys_Project_Files/temp_train_TSV_RDL_19_1783614634_26216_SNP/temp_train_TSV_RDL_19_1783614634_26216.s2p
[train / TSV_RDL - Task 19] simulation completed: C:\ffzhzh\SyncFiles\Temp\HFSS_sim\LHS400_Connection2\train\TSV_RDL\dut19.s2p
PyAEDT INFO: Desktop has been released and closed.
[train / TSV_RDL - Task 23] simulation started.
PyAEDT INFO: Python version 3.11.15 | packaged by Anaconda, Inc. | (main, Mar 11 2026, 17:12:15) [MSC v.1942 64 bit (AMD64)].
PyAEDT INFO: PyAEDT version 1.0.1.
PyAEDT INFO: Initializing new Desktop session.
PyAEDT INFO: AEDT version 2026.1.
PyAEDT INFO: New AEDT session is starting on gRPC port 12616.
PyAEDT INFO: Starting new AEDT gRPC session on port 12616.
PyAEDT INFO: Launching AEDT server with gRPC transport mode: TransportMode.WNUA
PyAEDT INFO: Electronics Desktop started on gRPC port 12616 after 5.0 seconds.
PyAEDT INFO: AEDT installation Path C:\Program Files\ANSYS Inc\v261\AnsysEM
PyAEDT INFO: Connected to AEDT gRPC session on port 12616.
PyAEDT INFO: Non-graphical mode detected. Disabling Desktop logs.
PyAEDT INFO: Parsing C:\ffzhzh\LocalFiles\Ansys_Project_Files\temp_train_TSV_RDL_23_1783615341_26216.aedt.
PyAEDT INFO: Python version 3.11.15 | packaged by Anaconda, Inc. | (main, Mar 11 2026, 17:12:15) [MSC v.1942 64 bit (AMD64)].
PyAEDT INFO: PyAEDT version 1.0.1.
PyAEDT INFO: Returning found Desktop session with PID 39328!
PyAEDT INFO: File C:\ffzhzh\LocalFiles\Ansys_Project_Files\temp_train_TSV_RDL_23_1783615341_26216.aedt correctly loaded. Elapsed time: 0m 0sec
PyAEDT INFO: Project temp_train_TSV_RDL_23_1783615341_26216 has been opened.
PyAEDT INFO: Active Design set to TSV_RDL
PyAEDT INFO: AEDT objects correctly read
PyAEDT INFO: Modeler class has been initialized! Elapsed time: 0m 0sec
PyAEDT INFO: Project temp_train_TSV_RDL_23_1783615341_26216 Saved correctly
PyAEDT INFO: Key Desktop/ActiveDSOConfigurations/HFSS correctly changed.
PyAEDT INFO: Solving all design setups. Analysis started...
PyAEDT INFO: Design setup None solved correctly in 0.0h 8.0m 8.0s
PyAEDT INFO: Key Desktop/ActiveDSOConfigurations/HFSS correctly changed.
PyAEDT INFO: Exporting Touchstone C:/ffzhzh/LocalFiles/Ansys_Project_Files/temp_train_TSV_RDL_21_1783614884_29156_SNP/temp_train_TSV_RDL_21_1783614884_29156.s2p
PyAEDT INFO: Touchstone correctly exported to C:/ffzhzh/LocalFiles/Ansys_Project_Files/temp_train_TSV_RDL_21_1783614884_29156_SNP/temp_train_TSV_RDL_21_1783614884_29156.s2p
[train / TSV_RDL - Task 21] simulation completed: C:\ffzhzh\SyncFiles\Temp\HFSS_sim\LHS400_Connection2\train\TSV_RDL\dut21.s2p
PyAEDT INFO: Desktop has been released and closed.
[train / TSV_RDL - Task 24] simulation started.
PyAEDT INFO: Python version 3.11.15 | packaged by Anaconda, Inc. | (main, Mar 11 2026, 17:12:15) [MSC v.1942 64 bit (AMD64)].
PyAEDT INFO: PyAEDT version 1.0.1.
PyAEDT INFO: Initializing new Desktop session.
PyAEDT INFO: AEDT version 2026.1.
PyAEDT INFO: New AEDT session is starting on gRPC port 12774.
PyAEDT INFO: Starting new AEDT gRPC session on port 12774.
PyAEDT INFO: Launching AEDT server with gRPC transport mode: TransportMode.WNUA
PyAEDT INFO: Electronics Desktop started on gRPC port 12774 after 5.0 seconds.
PyAEDT INFO: AEDT installation Path C:\Program Files\ANSYS Inc\v261\AnsysEM
PyAEDT INFO: Connected to AEDT gRPC session on port 12774.
PyAEDT INFO: Non-graphical mode detected. Disabling Desktop logs.
PyAEDT INFO: Parsing C:\ffzhzh\LocalFiles\Ansys_Project_Files\temp_train_TSV_RDL_24_1783615391_29156.aedt.
PyAEDT INFO: Python version 3.11.15 | packaged by Anaconda, Inc. | (main, Mar 11 2026, 17:12:15) [MSC v.1942 64 bit (AMD64)].
PyAEDT INFO: PyAEDT version 1.0.1.
PyAEDT INFO: Returning found Desktop session with PID 39320!
PyAEDT INFO: File C:\ffzhzh\LocalFiles\Ansys_Project_Files\temp_train_TSV_RDL_24_1783615391_29156.aedt correctly loaded. Elapsed time: 0m 0sec
PyAEDT INFO: Project temp_train_TSV_RDL_24_1783615391_29156 has been opened.
PyAEDT INFO: Active Design set to TSV_RDL
PyAEDT INFO: AEDT objects correctly read
PyAEDT INFO: Modeler class has been initialized! Elapsed time: 0m 0sec
PyAEDT INFO: Project temp_train_TSV_RDL_24_1783615391_29156 Saved correctly
PyAEDT INFO: Key Desktop/ActiveDSOConfigurations/HFSS correctly changed.
PyAEDT INFO: Solving all design setups. Analysis started...
PyAEDT INFO: Design setup None solved correctly in 0.0h 7.0m 14.0s
PyAEDT INFO: Key Desktop/ActiveDSOConfigurations/HFSS correctly changed.
PyAEDT INFO: Exporting Touchstone C:/ffzhzh/LocalFiles/Ansys_Project_Files/temp_train_TSV_RDL_22_1783615136_33328_SNP/temp_train_TSV_RDL_22_1783615136_33328.s2p
PyAEDT INFO: Touchstone correctly exported to C:/ffzhzh/LocalFiles/Ansys_Project_Files/temp_train_TSV_RDL_22_1783615136_33328_SNP/temp_train_TSV_RDL_22_1783615136_33328.s2p
[train / TSV_RDL - Task 22] simulation completed: C:\ffzhzh\SyncFiles\Temp\HFSS_sim\LHS400_Connection2\train\TSV_RDL\dut22.s2p
PyAEDT INFO: Desktop has been released and closed.
[train / TSV_RDL - Task 25] simulation started.
PyAEDT INFO: Python version 3.11.15 | packaged by Anaconda, Inc. | (main, Mar 11 2026, 17:12:15) [MSC v.1942 64 bit (AMD64)].
PyAEDT INFO: PyAEDT version 1.0.1.
PyAEDT INFO: Initializing new Desktop session.
PyAEDT INFO: AEDT version 2026.1.
PyAEDT INFO: New AEDT session is starting on gRPC port 6287.
PyAEDT INFO: Starting new AEDT gRPC session on port 6287.
PyAEDT INFO: Launching AEDT server with gRPC transport mode: TransportMode.WNUA
PyAEDT INFO: Electronics Desktop started on gRPC port 6287 after 5.0 seconds.
PyAEDT INFO: AEDT installation Path C:\Program Files\ANSYS Inc\v261\AnsysEM
PyAEDT INFO: Connected to AEDT gRPC session on port 6287.
PyAEDT INFO: Non-graphical mode detected. Disabling Desktop logs.
PyAEDT INFO: Parsing C:\ffzhzh\LocalFiles\Ansys_Project_Files\temp_train_TSV_RDL_25_1783615591_33328.aedt.
PyAEDT INFO: Python version 3.11.15 | packaged by Anaconda, Inc. | (main, Mar 11 2026, 17:12:15) [MSC v.1942 64 bit (AMD64)].
PyAEDT INFO: PyAEDT version 1.0.1.
PyAEDT INFO: Returning found Desktop session with PID 3956!
PyAEDT INFO: File C:\ffzhzh\LocalFiles\Ansys_Project_Files\temp_train_TSV_RDL_25_1783615591_33328.aedt correctly loaded. Elapsed time: 0m 0sec
PyAEDT INFO: Project temp_train_TSV_RDL_25_1783615591_33328 has been opened.
PyAEDT INFO: Active Design set to TSV_RDL
PyAEDT INFO: AEDT objects correctly read
PyAEDT INFO: Modeler class has been initialized! Elapsed time: 0m 0sec
PyAEDT INFO: Project temp_train_TSV_RDL_25_1783615591_33328 Saved correctly
PyAEDT INFO: Key Desktop/ActiveDSOConfigurations/HFSS correctly changed.
PyAEDT INFO: Solving all design setups. Analysis started...
PyAEDT INFO: Design setup None solved correctly in 0.0h 6.0m 54.0s
PyAEDT INFO: Key Desktop/ActiveDSOConfigurations/HFSS correctly changed.
PyAEDT INFO: Exporting Touchstone C:/ffzhzh/LocalFiles/Ansys_Project_Files/temp_train_TSV_RDL_23_1783615341_26216_SNP/temp_train_TSV_RDL_23_1783615341_26216.s2p
PyAEDT INFO: Touchstone correctly exported to C:/ffzhzh/LocalFiles/Ansys_Project_Files/temp_train_TSV_RDL_23_1783615341_26216_SNP/temp_train_TSV_RDL_23_1783615341_26216.s2p
[train / TSV_RDL - Task 23] simulation completed: C:\ffzhzh\SyncFiles\Temp\HFSS_sim\LHS400_Connection2\train\TSV_RDL\dut23.s2p
PyAEDT INFO: Desktop has been released and closed.
[train / TSV_RDL - Task 26] simulation started.
PyAEDT INFO: Python version 3.11.15 | packaged by Anaconda, Inc. | (main, Mar 11 2026, 17:12:15) [MSC v.1942 64 bit (AMD64)].
PyAEDT INFO: PyAEDT version 1.0.1.
PyAEDT INFO: Initializing new Desktop session.
PyAEDT INFO: AEDT version 2026.1.
PyAEDT INFO: New AEDT session is starting on gRPC port 5627.
PyAEDT INFO: Starting new AEDT gRPC session on port 5627.
PyAEDT INFO: Launching AEDT server with gRPC transport mode: TransportMode.WNUA
PyAEDT INFO: Electronics Desktop started on gRPC port 5627 after 4.9 seconds.
PyAEDT INFO: AEDT installation Path C:\Program Files\ANSYS Inc\v261\AnsysEM
PyAEDT INFO: Connected to AEDT gRPC session on port 5627.
PyAEDT INFO: Non-graphical mode detected. Disabling Desktop logs.
PyAEDT INFO: Parsing C:\ffzhzh\LocalFiles\Ansys_Project_Files\temp_train_TSV_RDL_26_1783615777_26216.aedt.
PyAEDT INFO: Python version 3.11.15 | packaged by Anaconda, Inc. | (main, Mar 11 2026, 17:12:15) [MSC v.1942 64 bit (AMD64)].
PyAEDT INFO: PyAEDT version 1.0.1.
PyAEDT INFO: Returning found Desktop session with PID 22088!
PyAEDT INFO: File C:\ffzhzh\LocalFiles\Ansys_Project_Files\temp_train_TSV_RDL_26_1783615777_26216.aedt correctly loaded. Elapsed time: 0m 0sec
PyAEDT INFO: Project temp_train_TSV_RDL_26_1783615777_26216 has been opened.
PyAEDT INFO: Active Design set to TSV_RDL
PyAEDT INFO: AEDT objects correctly read
PyAEDT INFO: Modeler class has been initialized! Elapsed time: 0m 0sec
PyAEDT INFO: Project temp_train_TSV_RDL_26_1783615777_26216 Saved correctly
PyAEDT INFO: Key Desktop/ActiveDSOConfigurations/HFSS correctly changed.
PyAEDT INFO: Solving all design setups. Analysis started...
PyAEDT INFO: Design setup None solved correctly in 0.0h 7.0m 38.0s
PyAEDT INFO: Key Desktop/ActiveDSOConfigurations/HFSS correctly changed.
PyAEDT INFO: Exporting Touchstone C:/ffzhzh/LocalFiles/Ansys_Project_Files/temp_train_TSV_RDL_24_1783615391_29156_SNP/temp_train_TSV_RDL_24_1783615391_29156.s2p
PyAEDT INFO: Touchstone correctly exported to C:/ffzhzh/LocalFiles/Ansys_Project_Files/temp_train_TSV_RDL_24_1783615391_29156_SNP/temp_train_TSV_RDL_24_1783615391_29156.s2p
[train / TSV_RDL - Task 24] simulation completed: C:\ffzhzh\SyncFiles\Temp\HFSS_sim\LHS400_Connection2\train\TSV_RDL\dut24.s2p
PyAEDT INFO: Desktop has been released and closed.
[train / TSV_RDL - Task 27] simulation started.
PyAEDT INFO: Python version 3.11.15 | packaged by Anaconda, Inc. | (main, Mar 11 2026, 17:12:15) [MSC v.1942 64 bit (AMD64)].
PyAEDT INFO: PyAEDT version 1.0.1.
PyAEDT INFO: Initializing new Desktop session.
PyAEDT INFO: AEDT version 2026.1.
PyAEDT INFO: New AEDT session is starting on gRPC port 13491.
PyAEDT INFO: Starting new AEDT gRPC session on port 13491.
PyAEDT INFO: Launching AEDT server with gRPC transport mode: TransportMode.WNUA
PyAEDT INFO: Electronics Desktop started on gRPC port 13491 after 5.1 seconds.
PyAEDT INFO: AEDT installation Path C:\Program Files\ANSYS Inc\v261\AnsysEM
PyAEDT INFO: Connected to AEDT gRPC session on port 13491.
PyAEDT INFO: Non-graphical mode detected. Disabling Desktop logs.
PyAEDT INFO: Parsing C:\ffzhzh\LocalFiles\Ansys_Project_Files\temp_train_TSV_RDL_27_1783615866_29156.aedt.
PyAEDT INFO: Python version 3.11.15 | packaged by Anaconda, Inc. | (main, Mar 11 2026, 17:12:15) [MSC v.1942 64 bit (AMD64)].
PyAEDT INFO: PyAEDT version 1.0.1.
PyAEDT INFO: Returning found Desktop session with PID 24640!
PyAEDT INFO: File C:\ffzhzh\LocalFiles\Ansys_Project_Files\temp_train_TSV_RDL_27_1783615866_29156.aedt correctly loaded. Elapsed time: 0m 0sec
PyAEDT INFO: Project temp_train_TSV_RDL_27_1783615866_29156 has been opened.
PyAEDT INFO: Active Design set to TSV_RDL
PyAEDT INFO: AEDT objects correctly read
PyAEDT INFO: Modeler class has been initialized! Elapsed time: 0m 0sec
PyAEDT INFO: Project temp_train_TSV_RDL_27_1783615866_29156 Saved correctly
PyAEDT INFO: Key Desktop/ActiveDSOConfigurations/HFSS correctly changed.
PyAEDT INFO: Solving all design setups. Analysis started...
PyAEDT INFO: Design setup None solved correctly in 0.0h 6.0m 46.0s
PyAEDT INFO: Key Desktop/ActiveDSOConfigurations/HFSS correctly changed.
PyAEDT INFO: Exporting Touchstone C:/ffzhzh/LocalFiles/Ansys_Project_Files/temp_train_TSV_RDL_25_1783615591_33328_SNP/temp_train_TSV_RDL_25_1783615591_33328.s2p
PyAEDT INFO: Touchstone correctly exported to C:/ffzhzh/LocalFiles/Ansys_Project_Files/temp_train_TSV_RDL_25_1783615591_33328_SNP/temp_train_TSV_RDL_25_1783615591_33328.s2p
[train / TSV_RDL - Task 25] simulation completed: C:\ffzhzh\SyncFiles\Temp\HFSS_sim\LHS400_Connection2\train\TSV_RDL\dut25.s2p
PyAEDT INFO: Desktop has been released and closed.
[train / TSV_RDL - Task 28] simulation started.
PyAEDT INFO: Python version 3.11.15 | packaged by Anaconda, Inc. | (main, Mar 11 2026, 17:12:15) [MSC v.1942 64 bit (AMD64)].
PyAEDT INFO: PyAEDT version 1.0.1.
PyAEDT INFO: Initializing new Desktop session.
PyAEDT INFO: AEDT version 2026.1.
PyAEDT INFO: New AEDT session is starting on gRPC port 5762.
PyAEDT INFO: Starting new AEDT gRPC session on port 5762.
PyAEDT INFO: Launching AEDT server with gRPC transport mode: TransportMode.WNUA
PyAEDT INFO: Electronics Desktop started on gRPC port 5762 after 5.1 seconds.
PyAEDT INFO: AEDT installation Path C:\Program Files\ANSYS Inc\v261\AnsysEM
PyAEDT INFO: Connected to AEDT gRPC session on port 5762.
PyAEDT INFO: Non-graphical mode detected. Disabling Desktop logs.
PyAEDT INFO: Parsing C:\ffzhzh\LocalFiles\Ansys_Project_Files\temp_train_TSV_RDL_28_1783616016_33328.aedt.
PyAEDT INFO: Python version 3.11.15 | packaged by Anaconda, Inc. | (main, Mar 11 2026, 17:12:15) [MSC v.1942 64 bit (AMD64)].
PyAEDT INFO: PyAEDT version 1.0.1.
PyAEDT INFO: Returning found Desktop session with PID 11644!
PyAEDT INFO: File C:\ffzhzh\LocalFiles\Ansys_Project_Files\temp_train_TSV_RDL_28_1783616016_33328.aedt correctly loaded. Elapsed time: 0m 0sec
PyAEDT INFO: Project temp_train_TSV_RDL_28_1783616016_33328 has been opened.
PyAEDT INFO: Active Design set to TSV_RDL
PyAEDT INFO: AEDT objects correctly read
PyAEDT INFO: Modeler class has been initialized! Elapsed time: 0m 0sec
PyAEDT INFO: Project temp_train_TSV_RDL_28_1783616016_33328 Saved correctly
PyAEDT INFO: Key Desktop/ActiveDSOConfigurations/HFSS correctly changed.
PyAEDT INFO: Solving all design setups. Analysis started...
PyAEDT INFO: Design setup None solved correctly in 0.0h 8.0m 2.0s
PyAEDT INFO: Key Desktop/ActiveDSOConfigurations/HFSS correctly changed.
PyAEDT INFO: Exporting Touchstone C:/ffzhzh/LocalFiles/Ansys_Project_Files/temp_train_TSV_RDL_26_1783615777_26216_SNP/temp_train_TSV_RDL_26_1783615777_26216.s2p
PyAEDT INFO: Touchstone correctly exported to C:/ffzhzh/LocalFiles/Ansys_Project_Files/temp_train_TSV_RDL_26_1783615777_26216_SNP/temp_train_TSV_RDL_26_1783615777_26216.s2p
[train / TSV_RDL - Task 26] simulation completed: C:\ffzhzh\SyncFiles\Temp\HFSS_sim\LHS400_Connection2\train\TSV_RDL\dut26.s2p
PyAEDT INFO: Desktop has been released and closed.
[train / TSV_RDL - Task 29] simulation started.
PyAEDT INFO: Python version 3.11.15 | packaged by Anaconda, Inc. | (main, Mar 11 2026, 17:12:15) [MSC v.1942 64 bit (AMD64)].
PyAEDT INFO: PyAEDT version 1.0.1.
PyAEDT INFO: Initializing new Desktop session.
PyAEDT INFO: AEDT version 2026.1.
PyAEDT INFO: New AEDT session is starting on gRPC port 9081.
PyAEDT INFO: Starting new AEDT gRPC session on port 9081.
PyAEDT INFO: Launching AEDT server with gRPC transport mode: TransportMode.WNUA
PyAEDT INFO: Electronics Desktop started on gRPC port 9081 after 5.1 seconds.
PyAEDT INFO: AEDT installation Path C:\Program Files\ANSYS Inc\v261\AnsysEM
PyAEDT INFO: Connected to AEDT gRPC session on port 9081.
PyAEDT INFO: Non-graphical mode detected. Disabling Desktop logs.
PyAEDT INFO: Parsing C:\ffzhzh\LocalFiles\Ansys_Project_Files\temp_train_TSV_RDL_29_1783616276_26216.aedt.
PyAEDT INFO: Python version 3.11.15 | packaged by Anaconda, Inc. | (main, Mar 11 2026, 17:12:15) [MSC v.1942 64 bit (AMD64)].
PyAEDT INFO: PyAEDT version 1.0.1.
PyAEDT INFO: Returning found Desktop session with PID 24204!
PyAEDT INFO: File C:\ffzhzh\LocalFiles\Ansys_Project_Files\temp_train_TSV_RDL_29_1783616276_26216.aedt correctly loaded. Elapsed time: 0m 0sec
PyAEDT INFO: Project temp_train_TSV_RDL_29_1783616276_26216 has been opened.
PyAEDT INFO: Active Design set to TSV_RDL
PyAEDT INFO: AEDT objects correctly read
PyAEDT INFO: Modeler class has been initialized! Elapsed time: 0m 0sec
PyAEDT INFO: Project temp_train_TSV_RDL_29_1783616276_26216 Saved correctly
PyAEDT INFO: Key Desktop/ActiveDSOConfigurations/HFSS correctly changed.
PyAEDT INFO: Solving all design setups. Analysis started...
PyAEDT INFO: Design setup None solved correctly in 0.0h 7.0m 32.0s
PyAEDT INFO: Key Desktop/ActiveDSOConfigurations/HFSS correctly changed.
PyAEDT INFO: Exporting Touchstone C:/ffzhzh/LocalFiles/Ansys_Project_Files/temp_train_TSV_RDL_27_1783615866_29156_SNP/temp_train_TSV_RDL_27_1783615866_29156.s2p
PyAEDT INFO: Touchstone correctly exported to C:/ffzhzh/LocalFiles/Ansys_Project_Files/temp_train_TSV_RDL_27_1783615866_29156_SNP/temp_train_TSV_RDL_27_1783615866_29156.s2p
[train / TSV_RDL - Task 27] simulation completed: C:\ffzhzh\SyncFiles\Temp\HFSS_sim\LHS400_Connection2\train\TSV_RDL\dut27.s2p
PyAEDT INFO: Desktop has been released and closed.
[train / TSV_RDL - Task 30] simulation started.
PyAEDT INFO: Python version 3.11.15 | packaged by Anaconda, Inc. | (main, Mar 11 2026, 17:12:15) [MSC v.1942 64 bit (AMD64)].
PyAEDT INFO: PyAEDT version 1.0.1.
PyAEDT INFO: Initializing new Desktop session.
PyAEDT INFO: AEDT version 2026.1.
PyAEDT INFO: New AEDT session is starting on gRPC port 9160.
PyAEDT INFO: Starting new AEDT gRPC session on port 9160.
PyAEDT INFO: Launching AEDT server with gRPC transport mode: TransportMode.WNUA
PyAEDT INFO: Electronics Desktop started on gRPC port 9160 after 4.9 seconds.
PyAEDT INFO: AEDT installation Path C:\Program Files\ANSYS Inc\v261\AnsysEM
PyAEDT INFO: Connected to AEDT gRPC session on port 9160.
PyAEDT INFO: Non-graphical mode detected. Disabling Desktop logs.
PyAEDT INFO: Parsing C:\ffzhzh\LocalFiles\Ansys_Project_Files\temp_train_TSV_RDL_30_1783616337_29156.aedt.
PyAEDT INFO: Python version 3.11.15 | packaged by Anaconda, Inc. | (main, Mar 11 2026, 17:12:15) [MSC v.1942 64 bit (AMD64)].
PyAEDT INFO: PyAEDT version 1.0.1.
PyAEDT INFO: Returning found Desktop session with PID 39804!
PyAEDT INFO: File C:\ffzhzh\LocalFiles\Ansys_Project_Files\temp_train_TSV_RDL_30_1783616337_29156.aedt correctly loaded. Elapsed time: 0m 0sec
PyAEDT INFO: Project temp_train_TSV_RDL_30_1783616337_29156 has been opened.
PyAEDT INFO: Active Design set to TSV_RDL
PyAEDT INFO: AEDT objects correctly read
PyAEDT INFO: Modeler class has been initialized! Elapsed time: 0m 0sec
PyAEDT INFO: Project temp_train_TSV_RDL_30_1783616337_29156 Saved correctly
PyAEDT INFO: Key Desktop/ActiveDSOConfigurations/HFSS correctly changed.
PyAEDT INFO: Solving all design setups. Analysis started...
PyAEDT INFO: Design setup None solved correctly in 0.0h 14.0m 14.0s
PyAEDT INFO: Key Desktop/ActiveDSOConfigurations/HFSS correctly changed.
PyAEDT INFO: Exporting Touchstone C:/ffzhzh/LocalFiles/Ansys_Project_Files/temp_train_TSV_RDL_28_1783616016_33328_SNP/temp_train_TSV_RDL_28_1783616016_33328.s2p
PyAEDT INFO: Touchstone correctly exported to C:/ffzhzh/LocalFiles/Ansys_Project_Files/temp_train_TSV_RDL_28_1783616016_33328_SNP/temp_train_TSV_RDL_28_1783616016_33328.s2p
[train / TSV_RDL - Task 28] simulation completed: C:\ffzhzh\SyncFiles\Temp\HFSS_sim\LHS400_Connection2\train\TSV_RDL\dut28.s2p
PyAEDT INFO: Desktop has been released and closed.
[train / TSV_RDL - Task 31] simulation started.
PyAEDT INFO: Python version 3.11.15 | packaged by Anaconda, Inc. | (main, Mar 11 2026, 17:12:15) [MSC v.1942 64 bit (AMD64)].
PyAEDT INFO: PyAEDT version 1.0.1.
PyAEDT INFO: Initializing new Desktop session.
PyAEDT INFO: AEDT version 2026.1.
PyAEDT INFO: New AEDT session is starting on gRPC port 12431.
PyAEDT INFO: Starting new AEDT gRPC session on port 12431.
PyAEDT INFO: Launching AEDT server with gRPC transport mode: TransportMode.WNUA
PyAEDT INFO: Electronics Desktop started on gRPC port 12431 after 5.0 seconds.
PyAEDT INFO: AEDT installation Path C:\Program Files\ANSYS Inc\v261\AnsysEM
PyAEDT INFO: Connected to AEDT gRPC session on port 12431.
PyAEDT INFO: Non-graphical mode detected. Disabling Desktop logs.
PyAEDT INFO: Parsing C:\ffzhzh\LocalFiles\Ansys_Project_Files\temp_train_TSV_RDL_31_1783616893_33328.aedt.
PyAEDT INFO: Python version 3.11.15 | packaged by Anaconda, Inc. | (main, Mar 11 2026, 17:12:15) [MSC v.1942 64 bit (AMD64)].
PyAEDT INFO: PyAEDT version 1.0.1.
PyAEDT INFO: Returning found Desktop session with PID 592!
PyAEDT INFO: File C:\ffzhzh\LocalFiles\Ansys_Project_Files\temp_train_TSV_RDL_31_1783616893_33328.aedt correctly loaded. Elapsed time: 0m 0sec
PyAEDT INFO: Project temp_train_TSV_RDL_31_1783616893_33328 has been opened.
PyAEDT INFO: Active Design set to TSV_RDL
PyAEDT INFO: AEDT objects correctly read
PyAEDT INFO: Modeler class has been initialized! Elapsed time: 0m 0sec
PyAEDT INFO: Project temp_train_TSV_RDL_31_1783616893_33328 Saved correctly
PyAEDT INFO: Key Desktop/ActiveDSOConfigurations/HFSS correctly changed.
PyAEDT INFO: Solving all design setups. Analysis started...
PyAEDT INFO: Design setup None solved correctly in 0.0h 16.0m 15.0s
PyAEDT INFO: Key Desktop/ActiveDSOConfigurations/HFSS correctly changed.
PyAEDT INFO: Exporting Touchstone C:/ffzhzh/LocalFiles/Ansys_Project_Files/temp_train_TSV_RDL_29_1783616276_26216_SNP/temp_train_TSV_RDL_29_1783616276_26216.s2p
PyAEDT INFO: Touchstone correctly exported to C:/ffzhzh/LocalFiles/Ansys_Project_Files/temp_train_TSV_RDL_29_1783616276_26216_SNP/temp_train_TSV_RDL_29_1783616276_26216.s2p
[train / TSV_RDL - Task 29] simulation completed: C:\ffzhzh\SyncFiles\Temp\HFSS_sim\LHS400_Connection2\train\TSV_RDL\dut29.s2p
PyAEDT INFO: Desktop has been released and closed.
[train / TSV_RDL - Task 32] simulation started.
PyAEDT INFO: Python version 3.11.15 | packaged by Anaconda, Inc. | (main, Mar 11 2026, 17:12:15) [MSC v.1942 64 bit (AMD64)].
PyAEDT INFO: PyAEDT version 1.0.1.
PyAEDT INFO: Initializing new Desktop session.
PyAEDT INFO: AEDT version 2026.1.
PyAEDT INFO: New AEDT session is starting on gRPC port 9931.
PyAEDT INFO: Starting new AEDT gRPC session on port 9931.
PyAEDT INFO: Launching AEDT server with gRPC transport mode: TransportMode.WNUA
PyAEDT INFO: Electronics Desktop started on gRPC port 9931 after 5.0 seconds.
PyAEDT INFO: AEDT installation Path C:\Program Files\ANSYS Inc\v261\AnsysEM
PyAEDT INFO: Connected to AEDT gRPC session on port 9931.
PyAEDT INFO: Non-graphical mode detected. Disabling Desktop logs.
PyAEDT INFO: Parsing C:\ffzhzh\LocalFiles\Ansys_Project_Files\temp_train_TSV_RDL_32_1783617273_26216.aedt.
PyAEDT INFO: Python version 3.11.15 | packaged by Anaconda, Inc. | (main, Mar 11 2026, 17:12:15) [MSC v.1942 64 bit (AMD64)].
PyAEDT INFO: PyAEDT version 1.0.1.
PyAEDT INFO: Returning found Desktop session with PID 29812!
PyAEDT INFO: File C:\ffzhzh\LocalFiles\Ansys_Project_Files\temp_train_TSV_RDL_32_1783617273_26216.aedt correctly loaded. Elapsed time: 0m 0sec
PyAEDT INFO: Project temp_train_TSV_RDL_32_1783617273_26216 has been opened.
PyAEDT INFO: Active Design set to TSV_RDL
PyAEDT INFO: AEDT objects correctly read
PyAEDT INFO: Modeler class has been initialized! Elapsed time: 0m 0sec
PyAEDT INFO: Project temp_train_TSV_RDL_32_1783617273_26216 Saved correctly
PyAEDT INFO: Key Desktop/ActiveDSOConfigurations/HFSS correctly changed.
PyAEDT INFO: Solving all design setups. Analysis started...
PyAEDT INFO: Design setup None solved correctly in 0.0h 7.0m 31.0s
PyAEDT INFO: Key Desktop/ActiveDSOConfigurations/HFSS correctly changed.
PyAEDT INFO: Exporting Touchstone C:/ffzhzh/LocalFiles/Ansys_Project_Files/temp_train_TSV_RDL_31_1783616893_33328_SNP/temp_train_TSV_RDL_31_1783616893_33328.s2p
PyAEDT INFO: Touchstone correctly exported to C:/ffzhzh/LocalFiles/Ansys_Project_Files/temp_train_TSV_RDL_31_1783616893_33328_SNP/temp_train_TSV_RDL_31_1783616893_33328.s2p
[train / TSV_RDL - Task 31] simulation completed: C:\ffzhzh\SyncFiles\Temp\HFSS_sim\LHS400_Connection2\train\TSV_RDL\dut31.s2p
PyAEDT INFO: Desktop has been released and closed.
[train / TSV_RDL - Task 33] simulation started.
PyAEDT INFO: Python version 3.11.15 | packaged by Anaconda, Inc. | (main, Mar 11 2026, 17:12:15) [MSC v.1942 64 bit (AMD64)].
PyAEDT INFO: PyAEDT version 1.0.1.
PyAEDT INFO: Initializing new Desktop session.
PyAEDT INFO: AEDT version 2026.1.
PyAEDT INFO: New AEDT session is starting on gRPC port 13509.
PyAEDT INFO: Starting new AEDT gRPC session on port 13509.
PyAEDT INFO: Launching AEDT server with gRPC transport mode: TransportMode.WNUA
PyAEDT INFO: Electronics Desktop started on gRPC port 13509 after 4.9 seconds.
PyAEDT INFO: AEDT installation Path C:\Program Files\ANSYS Inc\v261\AnsysEM
PyAEDT INFO: Connected to AEDT gRPC session on port 13509.
PyAEDT INFO: Non-graphical mode detected. Disabling Desktop logs.
PyAEDT INFO: Parsing C:\ffzhzh\LocalFiles\Ansys_Project_Files\temp_train_TSV_RDL_33_1783617357_33328.aedt.
PyAEDT INFO: Python version 3.11.15 | packaged by Anaconda, Inc. | (main, Mar 11 2026, 17:12:15) [MSC v.1942 64 bit (AMD64)].
PyAEDT INFO: PyAEDT version 1.0.1.
PyAEDT INFO: Returning found Desktop session with PID 35944!
PyAEDT INFO: File C:\ffzhzh\LocalFiles\Ansys_Project_Files\temp_train_TSV_RDL_33_1783617357_33328.aedt correctly loaded. Elapsed time: 0m 0sec
PyAEDT INFO: Project temp_train_TSV_RDL_33_1783617357_33328 has been opened.
PyAEDT INFO: Active Design set to TSV_RDL
PyAEDT INFO: AEDT objects correctly read
PyAEDT INFO: Modeler class has been initialized! Elapsed time: 0m 0sec
PyAEDT INFO: Project temp_train_TSV_RDL_33_1783617357_33328 Saved correctly
PyAEDT INFO: Key Desktop/ActiveDSOConfigurations/HFSS correctly changed.
PyAEDT INFO: Solving all design setups. Analysis started...
PyAEDT INFO: Design setup None solved correctly in 0.0h 7.0m 20.0s
PyAEDT INFO: Key Desktop/ActiveDSOConfigurations/HFSS correctly changed.
PyAEDT INFO: Exporting Touchstone C:/ffzhzh/LocalFiles/Ansys_Project_Files/temp_train_TSV_RDL_32_1783617273_26216_SNP/temp_train_TSV_RDL_32_1783617273_26216.s2p
PyAEDT INFO: Touchstone correctly exported to C:/ffzhzh/LocalFiles/Ansys_Project_Files/temp_train_TSV_RDL_32_1783617273_26216_SNP/temp_train_TSV_RDL_32_1783617273_26216.s2p
[train / TSV_RDL - Task 32] simulation completed: C:\ffzhzh\SyncFiles\Temp\HFSS_sim\LHS400_Connection2\train\TSV_RDL\dut32.s2p
PyAEDT INFO: Desktop has been released and closed.
[train / TSV_RDL - Task 34] simulation started.
PyAEDT INFO: Python version 3.11.15 | packaged by Anaconda, Inc. | (main, Mar 11 2026, 17:12:15) [MSC v.1942 64 bit (AMD64)].
PyAEDT INFO: PyAEDT version 1.0.1.
PyAEDT INFO: Initializing new Desktop session.
PyAEDT INFO: AEDT version 2026.1.
PyAEDT INFO: New AEDT session is starting on gRPC port 9333.
PyAEDT INFO: Starting new AEDT gRPC session on port 9333.
PyAEDT INFO: Launching AEDT server with gRPC transport mode: TransportMode.WNUA
PyAEDT INFO: Electronics Desktop started on gRPC port 9333 after 5.0 seconds.
PyAEDT INFO: AEDT installation Path C:\Program Files\ANSYS Inc\v261\AnsysEM
PyAEDT INFO: Connected to AEDT gRPC session on port 9333.
PyAEDT INFO: Non-graphical mode detected. Disabling Desktop logs.
PyAEDT INFO: Parsing C:\ffzhzh\LocalFiles\Ansys_Project_Files\temp_train_TSV_RDL_34_1783617735_26216.aedt.
PyAEDT INFO: Python version 3.11.15 | packaged by Anaconda, Inc. | (main, Mar 11 2026, 17:12:15) [MSC v.1942 64 bit (AMD64)].
PyAEDT INFO: PyAEDT version 1.0.1.
PyAEDT INFO: Returning found Desktop session with PID 10544!
PyAEDT INFO: File C:\ffzhzh\LocalFiles\Ansys_Project_Files\temp_train_TSV_RDL_34_1783617735_26216.aedt correctly loaded. Elapsed time: 0m 0sec
PyAEDT INFO: Project temp_train_TSV_RDL_34_1783617735_26216 has been opened.
PyAEDT INFO: Active Design set to TSV_RDL
PyAEDT INFO: AEDT objects correctly read
PyAEDT INFO: Modeler class has been initialized! Elapsed time: 0m 0sec
PyAEDT INFO: Project temp_train_TSV_RDL_34_1783617735_26216 Saved correctly
PyAEDT INFO: Key Desktop/ActiveDSOConfigurations/HFSS correctly changed.
PyAEDT INFO: Solving all design setups. Analysis started...
PyAEDT INFO: Design setup None solved correctly in 0.0h 8.0m 31.0s
PyAEDT INFO: Key Desktop/ActiveDSOConfigurations/HFSS correctly changed.
PyAEDT INFO: Exporting Touchstone C:/ffzhzh/LocalFiles/Ansys_Project_Files/temp_train_TSV_RDL_33_1783617357_33328_SNP/temp_train_TSV_RDL_33_1783617357_33328.s2p
PyAEDT INFO: Touchstone correctly exported to C:/ffzhzh/LocalFiles/Ansys_Project_Files/temp_train_TSV_RDL_33_1783617357_33328_SNP/temp_train_TSV_RDL_33_1783617357_33328.s2p
[train / TSV_RDL - Task 33] simulation completed: C:\ffzhzh\SyncFiles\Temp\HFSS_sim\LHS400_Connection2\train\TSV_RDL\dut33.s2p
PyAEDT INFO: Desktop has been released and closed.
[train / TSV_RDL - Task 35] simulation started.
PyAEDT INFO: Python version 3.11.15 | packaged by Anaconda, Inc. | (main, Mar 11 2026, 17:12:15) [MSC v.1942 64 bit (AMD64)].
PyAEDT INFO: PyAEDT version 1.0.1.
PyAEDT INFO: Initializing new Desktop session.
PyAEDT INFO: AEDT version 2026.1.
PyAEDT INFO: New AEDT session is starting on gRPC port 4123.
PyAEDT INFO: Starting new AEDT gRPC session on port 4123.
PyAEDT INFO: Launching AEDT server with gRPC transport mode: TransportMode.WNUA
PyAEDT INFO: Electronics Desktop started on gRPC port 4123 after 4.9 seconds.
PyAEDT INFO: AEDT installation Path C:\Program Files\ANSYS Inc\v261\AnsysEM
PyAEDT INFO: Connected to AEDT gRPC session on port 4123.
PyAEDT INFO: Non-graphical mode detected. Disabling Desktop logs.
PyAEDT INFO: Parsing C:\ffzhzh\LocalFiles\Ansys_Project_Files\temp_train_TSV_RDL_35_1783617889_33328.aedt.
PyAEDT INFO: Python version 3.11.15 | packaged by Anaconda, Inc. | (main, Mar 11 2026, 17:12:15) [MSC v.1942 64 bit (AMD64)].
PyAEDT INFO: PyAEDT version 1.0.1.
PyAEDT INFO: Returning found Desktop session with PID 29872!
PyAEDT INFO: File C:\ffzhzh\LocalFiles\Ansys_Project_Files\temp_train_TSV_RDL_35_1783617889_33328.aedt correctly loaded. Elapsed time: 0m 0sec
PyAEDT INFO: Project temp_train_TSV_RDL_35_1783617889_33328 has been opened.
PyAEDT INFO: Active Design set to TSV_RDL
PyAEDT INFO: AEDT objects correctly read
PyAEDT INFO: Modeler class has been initialized! Elapsed time: 0m 0sec
PyAEDT INFO: Project temp_train_TSV_RDL_35_1783617889_33328 Saved correctly
PyAEDT INFO: Key Desktop/ActiveDSOConfigurations/HFSS correctly changed.
PyAEDT INFO: Solving all design setups. Analysis started...
PyAEDT INFO: Design setup None solved correctly in 0.0h 28.0m 17.0s
PyAEDT INFO: Key Desktop/ActiveDSOConfigurations/HFSS correctly changed.
PyAEDT INFO: Exporting Touchstone C:/ffzhzh/LocalFiles/Ansys_Project_Files/temp_train_TSV_RDL_30_1783616337_29156_SNP/temp_train_TSV_RDL_30_1783616337_29156.s2p
PyAEDT INFO: Touchstone correctly exported to C:/ffzhzh/LocalFiles/Ansys_Project_Files/temp_train_TSV_RDL_30_1783616337_29156_SNP/temp_train_TSV_RDL_30_1783616337_29156.s2p
[train / TSV_RDL - Task 30] simulation completed: C:\ffzhzh\SyncFiles\Temp\HFSS_sim\LHS400_Connection2\train\TSV_RDL\dut30.s2p
PyAEDT INFO: Desktop has been released and closed.
[train / TSV_RDL - Task 36] simulation started.
PyAEDT INFO: Python version 3.11.15 | packaged by Anaconda, Inc. | (main, Mar 11 2026, 17:12:15) [MSC v.1942 64 bit (AMD64)].
PyAEDT INFO: PyAEDT version 1.0.1.
PyAEDT INFO: Initializing new Desktop session.
PyAEDT INFO: AEDT version 2026.1.
PyAEDT INFO: New AEDT session is starting on gRPC port 3307.
PyAEDT INFO: Starting new AEDT gRPC session on port 3307.
PyAEDT INFO: Launching AEDT server with gRPC transport mode: TransportMode.WNUA
PyAEDT INFO: Electronics Desktop started on gRPC port 3307 after 5.1 seconds.
PyAEDT INFO: AEDT installation Path C:\Program Files\ANSYS Inc\v261\AnsysEM
PyAEDT INFO: Connected to AEDT gRPC session on port 3307.
PyAEDT INFO: Non-graphical mode detected. Disabling Desktop logs.
PyAEDT INFO: Parsing C:\ffzhzh\LocalFiles\Ansys_Project_Files\temp_train_TSV_RDL_36_1783618055_29156.aedt.
PyAEDT INFO: Python version 3.11.15 | packaged by Anaconda, Inc. | (main, Mar 11 2026, 17:12:15) [MSC v.1942 64 bit (AMD64)].
PyAEDT INFO: PyAEDT version 1.0.1.
PyAEDT INFO: Returning found Desktop session with PID 23268!
PyAEDT INFO: File C:\ffzhzh\LocalFiles\Ansys_Project_Files\temp_train_TSV_RDL_36_1783618055_29156.aedt correctly loaded. Elapsed time: 0m 0sec
PyAEDT INFO: Project temp_train_TSV_RDL_36_1783618055_29156 has been opened.
PyAEDT INFO: Active Design set to TSV_RDL
PyAEDT INFO: AEDT objects correctly read
PyAEDT INFO: Modeler class has been initialized! Elapsed time: 0m 0sec
PyAEDT INFO: Project temp_train_TSV_RDL_36_1783618055_29156 Saved correctly
PyAEDT INFO: Key Desktop/ActiveDSOConfigurations/HFSS correctly changed.
PyAEDT INFO: Solving all design setups. Analysis started...
PyAEDT INFO: Design setup None solved correctly in 0.0h 6.0m 44.0s
PyAEDT INFO: Key Desktop/ActiveDSOConfigurations/HFSS correctly changed.
PyAEDT INFO: Exporting Touchstone C:/ffzhzh/LocalFiles/Ansys_Project_Files/temp_train_TSV_RDL_34_1783617735_26216_SNP/temp_train_TSV_RDL_34_1783617735_26216.s2p
PyAEDT INFO: Touchstone correctly exported to C:/ffzhzh/LocalFiles/Ansys_Project_Files/temp_train_TSV_RDL_34_1783617735_26216_SNP/temp_train_TSV_RDL_34_1783617735_26216.s2p
[train / TSV_RDL - Task 34] simulation completed: C:\ffzhzh\SyncFiles\Temp\HFSS_sim\LHS400_Connection2\train\TSV_RDL\dut34.s2p
PyAEDT INFO: Desktop has been released and closed.
[train / TSV_RDL - Task 37] simulation started.
PyAEDT INFO: Python version 3.11.15 | packaged by Anaconda, Inc. | (main, Mar 11 2026, 17:12:15) [MSC v.1942 64 bit (AMD64)].
PyAEDT INFO: PyAEDT version 1.0.1.
PyAEDT INFO: Initializing new Desktop session.
PyAEDT INFO: AEDT version 2026.1.
PyAEDT INFO: New AEDT session is starting on gRPC port 2363.
PyAEDT INFO: Starting new AEDT gRPC session on port 2363.
PyAEDT INFO: Launching AEDT server with gRPC transport mode: TransportMode.WNUA
PyAEDT INFO: Electronics Desktop started on gRPC port 2363 after 5.0 seconds.
PyAEDT INFO: AEDT installation Path C:\Program Files\ANSYS Inc\v261\AnsysEM
PyAEDT INFO: Connected to AEDT gRPC session on port 2363.
PyAEDT INFO: Non-graphical mode detected. Disabling Desktop logs.
PyAEDT INFO: Parsing C:\ffzhzh\LocalFiles\Ansys_Project_Files\temp_train_TSV_RDL_37_1783618160_26216.aedt.
PyAEDT INFO: Python version 3.11.15 | packaged by Anaconda, Inc. | (main, Mar 11 2026, 17:12:15) [MSC v.1942 64 bit (AMD64)].
PyAEDT INFO: PyAEDT version 1.0.1.
PyAEDT INFO: Returning found Desktop session with PID 37044!
PyAEDT INFO: File C:\ffzhzh\LocalFiles\Ansys_Project_Files\temp_train_TSV_RDL_37_1783618160_26216.aedt correctly loaded. Elapsed time: 0m 0sec
PyAEDT INFO: Project temp_train_TSV_RDL_37_1783618160_26216 has been opened.
PyAEDT INFO: Active Design set to TSV_RDL
PyAEDT INFO: AEDT objects correctly read
PyAEDT INFO: Modeler class has been initialized! Elapsed time: 0m 0sec
PyAEDT INFO: Project temp_train_TSV_RDL_37_1783618160_26216 Saved correctly
PyAEDT INFO: Key Desktop/ActiveDSOConfigurations/HFSS correctly changed.
PyAEDT INFO: Solving all design setups. Analysis started...
PyAEDT INFO: Design setup None solved correctly in 0.0h 7.0m 8.0s
PyAEDT INFO: Key Desktop/ActiveDSOConfigurations/HFSS correctly changed.
PyAEDT INFO: Exporting Touchstone C:/ffzhzh/LocalFiles/Ansys_Project_Files/temp_train_TSV_RDL_35_1783617889_33328_SNP/temp_train_TSV_RDL_35_1783617889_33328.s2p
PyAEDT INFO: Touchstone correctly exported to C:/ffzhzh/LocalFiles/Ansys_Project_Files/temp_train_TSV_RDL_35_1783617889_33328_SNP/temp_train_TSV_RDL_35_1783617889_33328.s2p
[train / TSV_RDL - Task 35] simulation completed: C:\ffzhzh\SyncFiles\Temp\HFSS_sim\LHS400_Connection2\train\TSV_RDL\dut35.s2p
PyAEDT INFO: Desktop has been released and closed.
[train / TSV_RDL - Task 38] simulation started.
PyAEDT INFO: Python version 3.11.15 | packaged by Anaconda, Inc. | (main, Mar 11 2026, 17:12:15) [MSC v.1942 64 bit (AMD64)].
PyAEDT INFO: PyAEDT version 1.0.1.
PyAEDT INFO: Initializing new Desktop session.
PyAEDT INFO: AEDT version 2026.1.
PyAEDT INFO: New AEDT session is starting on gRPC port 9306.
PyAEDT INFO: Starting new AEDT gRPC session on port 9306.
PyAEDT INFO: Launching AEDT server with gRPC transport mode: TransportMode.WNUA
PyAEDT INFO: Electronics Desktop started on gRPC port 9306 after 5.0 seconds.
PyAEDT INFO: AEDT installation Path C:\Program Files\ANSYS Inc\v261\AnsysEM
PyAEDT INFO: Connected to AEDT gRPC session on port 9306.
PyAEDT INFO: Non-graphical mode detected. Disabling Desktop logs.
PyAEDT INFO: Parsing C:\ffzhzh\LocalFiles\Ansys_Project_Files\temp_train_TSV_RDL_38_1783618330_33328.aedt.
PyAEDT INFO: Python version 3.11.15 | packaged by Anaconda, Inc. | (main, Mar 11 2026, 17:12:15) [MSC v.1942 64 bit (AMD64)].
PyAEDT INFO: PyAEDT version 1.0.1.
PyAEDT INFO: Returning found Desktop session with PID 11656!
PyAEDT INFO: File C:\ffzhzh\LocalFiles\Ansys_Project_Files\temp_train_TSV_RDL_38_1783618330_33328.aedt correctly loaded. Elapsed time: 0m 0sec
PyAEDT INFO: Project temp_train_TSV_RDL_38_1783618330_33328 has been opened.
PyAEDT INFO: Active Design set to TSV_RDL
PyAEDT INFO: AEDT objects correctly read
PyAEDT INFO: Modeler class has been initialized! Elapsed time: 0m 0sec
PyAEDT INFO: Project temp_train_TSV_RDL_38_1783618330_33328 Saved correctly
PyAEDT INFO: Key Desktop/ActiveDSOConfigurations/HFSS correctly changed.
PyAEDT INFO: Solving all design setups. Analysis started...
PyAEDT INFO: Design setup None solved correctly in 0.0h 8.0m 17.0s
PyAEDT INFO: Key Desktop/ActiveDSOConfigurations/HFSS correctly changed.
PyAEDT INFO: Exporting Touchstone C:/ffzhzh/LocalFiles/Ansys_Project_Files/temp_train_TSV_RDL_37_1783618160_26216_SNP/temp_train_TSV_RDL_37_1783618160_26216.s2p
PyAEDT INFO: Touchstone correctly exported to C:/ffzhzh/LocalFiles/Ansys_Project_Files/temp_train_TSV_RDL_37_1783618160_26216_SNP/temp_train_TSV_RDL_37_1783618160_26216.s2p
[train / TSV_RDL - Task 37] simulation completed: C:\ffzhzh\SyncFiles\Temp\HFSS_sim\LHS400_Connection2\train\TSV_RDL\dut37.s2p
PyAEDT INFO: Desktop has been released and closed.
[train / TSV_RDL - Task 39] simulation started.
PyAEDT INFO: Python version 3.11.15 | packaged by Anaconda, Inc. | (main, Mar 11 2026, 17:12:15) [MSC v.1942 64 bit (AMD64)].
PyAEDT INFO: PyAEDT version 1.0.1.
PyAEDT INFO: Initializing new Desktop session.
PyAEDT INFO: AEDT version 2026.1.
PyAEDT INFO: New AEDT session is starting on gRPC port 2185.
PyAEDT INFO: Starting new AEDT gRPC session on port 2185.
PyAEDT INFO: Launching AEDT server with gRPC transport mode: TransportMode.WNUA
PyAEDT INFO: Electronics Desktop started on gRPC port 2185 after 5.1 seconds.
PyAEDT INFO: AEDT installation Path C:\Program Files\ANSYS Inc\v261\AnsysEM
PyAEDT INFO: Connected to AEDT gRPC session on port 2185.
PyAEDT INFO: Non-graphical mode detected. Disabling Desktop logs.
PyAEDT INFO: Parsing C:\ffzhzh\LocalFiles\Ansys_Project_Files\temp_train_TSV_RDL_39_1783618676_26216.aedt.
PyAEDT INFO: Python version 3.11.15 | packaged by Anaconda, Inc. | (main, Mar 11 2026, 17:12:15) [MSC v.1942 64 bit (AMD64)].
PyAEDT INFO: PyAEDT version 1.0.1.
PyAEDT INFO: Returning found Desktop session with PID 31004!
PyAEDT INFO: File C:\ffzhzh\LocalFiles\Ansys_Project_Files\temp_train_TSV_RDL_39_1783618676_26216.aedt correctly loaded. Elapsed time: 0m 0sec
PyAEDT INFO: Project temp_train_TSV_RDL_39_1783618676_26216 has been opened.
PyAEDT INFO: Active Design set to TSV_RDL
PyAEDT INFO: AEDT objects correctly read
PyAEDT INFO: Modeler class has been initialized! Elapsed time: 0m 0sec
PyAEDT INFO: Project temp_train_TSV_RDL_39_1783618676_26216 Saved correctly
PyAEDT INFO: Key Desktop/ActiveDSOConfigurations/HFSS correctly changed.
PyAEDT INFO: Solving all design setups. Analysis started...
PyAEDT INFO: Design setup None solved correctly in 0.0h 13.0m 11.0s
PyAEDT INFO: Key Desktop/ActiveDSOConfigurations/HFSS correctly changed.
PyAEDT INFO: Exporting Touchstone C:/ffzhzh/LocalFiles/Ansys_Project_Files/temp_train_TSV_RDL_38_1783618330_33328_SNP/temp_train_TSV_RDL_38_1783618330_33328.s2p
PyAEDT INFO: Touchstone correctly exported to C:/ffzhzh/LocalFiles/Ansys_Project_Files/temp_train_TSV_RDL_38_1783618330_33328_SNP/temp_train_TSV_RDL_38_1783618330_33328.s2p
[train / TSV_RDL - Task 38] simulation completed: C:\ffzhzh\SyncFiles\Temp\HFSS_sim\LHS400_Connection2\train\TSV_RDL\dut38.s2p
PyAEDT INFO: Desktop has been released and closed.
[train / TSV_RDL - Task 40] simulation started.
PyAEDT INFO: Python version 3.11.15 | packaged by Anaconda, Inc. | (main, Mar 11 2026, 17:12:15) [MSC v.1942 64 bit (AMD64)].
PyAEDT INFO: PyAEDT version 1.0.1.
PyAEDT INFO: Initializing new Desktop session.
PyAEDT INFO: AEDT version 2026.1.
PyAEDT INFO: New AEDT session is starting on gRPC port 4904.
PyAEDT INFO: Starting new AEDT gRPC session on port 4904.
PyAEDT INFO: Launching AEDT server with gRPC transport mode: TransportMode.WNUA
PyAEDT INFO: Electronics Desktop started on gRPC port 4904 after 5.2 seconds.
PyAEDT INFO: AEDT installation Path C:\Program Files\ANSYS Inc\v261\AnsysEM
PyAEDT INFO: Connected to AEDT gRPC session on port 4904.
PyAEDT INFO: Non-graphical mode detected. Disabling Desktop logs.
PyAEDT INFO: Parsing C:\ffzhzh\LocalFiles\Ansys_Project_Files\temp_train_TSV_RDL_40_1783619141_33328.aedt.
PyAEDT INFO: Python version 3.11.15 | packaged by Anaconda, Inc. | (main, Mar 11 2026, 17:12:15) [MSC v.1942 64 bit (AMD64)].
PyAEDT INFO: PyAEDT version 1.0.1.
PyAEDT INFO: Returning found Desktop session with PID 6668!
PyAEDT INFO: File C:\ffzhzh\LocalFiles\Ansys_Project_Files\temp_train_TSV_RDL_40_1783619141_33328.aedt correctly loaded. Elapsed time: 0m 0sec
PyAEDT INFO: Project temp_train_TSV_RDL_40_1783619141_33328 has been opened.
PyAEDT INFO: Active Design set to TSV_RDL
PyAEDT INFO: AEDT objects correctly read
PyAEDT INFO: Modeler class has been initialized! Elapsed time: 0m 0sec
PyAEDT INFO: Project temp_train_TSV_RDL_40_1783619141_33328 Saved correctly
PyAEDT INFO: Key Desktop/ActiveDSOConfigurations/HFSS correctly changed.
PyAEDT INFO: Solving all design setups. Analysis started...
PyAEDT INFO: Design setup None solved correctly in 0.0h 8.0m 11.0s
PyAEDT INFO: Key Desktop/ActiveDSOConfigurations/HFSS correctly changed.
PyAEDT INFO: Exporting Touchstone C:/ffzhzh/LocalFiles/Ansys_Project_Files/temp_train_TSV_RDL_39_1783618676_26216_SNP/temp_train_TSV_RDL_39_1783618676_26216.s2p
PyAEDT INFO: Touchstone correctly exported to C:/ffzhzh/LocalFiles/Ansys_Project_Files/temp_train_TSV_RDL_39_1783618676_26216_SNP/temp_train_TSV_RDL_39_1783618676_26216.s2p
[train / TSV_RDL - Task 39] simulation completed: C:\ffzhzh\SyncFiles\Temp\HFSS_sim\LHS400_Connection2\train\TSV_RDL\dut39.s2p
PyAEDT INFO: Desktop has been released and closed.
[train / TSV_RDL - Task 41] simulation started.
PyAEDT INFO: Python version 3.11.15 | packaged by Anaconda, Inc. | (main, Mar 11 2026, 17:12:15) [MSC v.1942 64 bit (AMD64)].
PyAEDT INFO: PyAEDT version 1.0.1.
PyAEDT INFO: Initializing new Desktop session.
PyAEDT INFO: AEDT version 2026.1.
PyAEDT INFO: New AEDT session is starting on gRPC port 13626.
PyAEDT INFO: Starting new AEDT gRPC session on port 13626.
PyAEDT INFO: Launching AEDT server with gRPC transport mode: TransportMode.WNUA
PyAEDT INFO: Electronics Desktop started on gRPC port 13626 after 5.1 seconds.
PyAEDT INFO: AEDT installation Path C:\Program Files\ANSYS Inc\v261\AnsysEM
PyAEDT INFO: Connected to AEDT gRPC session on port 13626.
PyAEDT INFO: Non-graphical mode detected. Disabling Desktop logs.
PyAEDT INFO: Parsing C:\ffzhzh\LocalFiles\Ansys_Project_Files\temp_train_TSV_RDL_41_1783619180_26216.aedt.
PyAEDT INFO: Python version 3.11.15 | packaged by Anaconda, Inc. | (main, Mar 11 2026, 17:12:15) [MSC v.1942 64 bit (AMD64)].
PyAEDT INFO: PyAEDT version 1.0.1.
PyAEDT INFO: Returning found Desktop session with PID 15064!
PyAEDT INFO: File C:\ffzhzh\LocalFiles\Ansys_Project_Files\temp_train_TSV_RDL_41_1783619180_26216.aedt correctly loaded. Elapsed time: 0m 0sec
PyAEDT INFO: Project temp_train_TSV_RDL_41_1783619180_26216 has been opened.
PyAEDT INFO: Active Design set to TSV_RDL
PyAEDT INFO: AEDT objects correctly read
PyAEDT INFO: Modeler class has been initialized! Elapsed time: 0m 0sec
PyAEDT INFO: Project temp_train_TSV_RDL_41_1783619180_26216 Saved correctly
PyAEDT INFO: Key Desktop/ActiveDSOConfigurations/HFSS correctly changed.
PyAEDT INFO: Solving all design setups. Analysis started...
PyAEDT INFO: Design setup None solved correctly in 0.0h 9.0m 3.0s
PyAEDT INFO: Key Desktop/ActiveDSOConfigurations/HFSS correctly changed.
PyAEDT INFO: Exporting Touchstone C:/ffzhzh/LocalFiles/Ansys_Project_Files/temp_train_TSV_RDL_40_1783619141_33328_SNP/temp_train_TSV_RDL_40_1783619141_33328.s2p
PyAEDT INFO: Touchstone correctly exported to C:/ffzhzh/LocalFiles/Ansys_Project_Files/temp_train_TSV_RDL_40_1783619141_33328_SNP/temp_train_TSV_RDL_40_1783619141_33328.s2p
[train / TSV_RDL - Task 40] simulation completed: C:\ffzhzh\SyncFiles\Temp\HFSS_sim\LHS400_Connection2\train\TSV_RDL\dut40.s2p
PyAEDT INFO: Desktop has been released and closed.
[train / TSV_RDL - Task 42] simulation started.
PyAEDT INFO: Python version 3.11.15 | packaged by Anaconda, Inc. | (main, Mar 11 2026, 17:12:15) [MSC v.1942 64 bit (AMD64)].
PyAEDT INFO: PyAEDT version 1.0.1.
PyAEDT INFO: Initializing new Desktop session.
PyAEDT INFO: AEDT version 2026.1.
PyAEDT INFO: New AEDT session is starting on gRPC port 7554.
PyAEDT INFO: Starting new AEDT gRPC session on port 7554.
PyAEDT INFO: Launching AEDT server with gRPC transport mode: TransportMode.WNUA
PyAEDT INFO: Electronics Desktop started on gRPC port 7554 after 5.1 seconds.
PyAEDT INFO: AEDT installation Path C:\Program Files\ANSYS Inc\v261\AnsysEM
PyAEDT INFO: Connected to AEDT gRPC session on port 7554.
PyAEDT INFO: Non-graphical mode detected. Disabling Desktop logs.
PyAEDT INFO: Parsing C:\ffzhzh\LocalFiles\Ansys_Project_Files\temp_train_TSV_RDL_42_1783619708_33328.aedt.
PyAEDT INFO: Python version 3.11.15 | packaged by Anaconda, Inc. | (main, Mar 11 2026, 17:12:15) [MSC v.1942 64 bit (AMD64)].
PyAEDT INFO: PyAEDT version 1.0.1.
PyAEDT INFO: Returning found Desktop session with PID 38512!
PyAEDT INFO: File C:\ffzhzh\LocalFiles\Ansys_Project_Files\temp_train_TSV_RDL_42_1783619708_33328.aedt correctly loaded. Elapsed time: 0m 0sec
PyAEDT INFO: Project temp_train_TSV_RDL_42_1783619708_33328 has been opened.
PyAEDT INFO: Active Design set to TSV_RDL
PyAEDT INFO: AEDT objects correctly read
PyAEDT INFO: Modeler class has been initialized! Elapsed time: 0m 0sec
PyAEDT INFO: Project temp_train_TSV_RDL_42_1783619708_33328 Saved correctly
PyAEDT INFO: Key Desktop/ActiveDSOConfigurations/HFSS correctly changed.
PyAEDT INFO: Solving all design setups. Analysis started...
PyAEDT INFO: Design setup None solved correctly in 0.0h 8.0m 53.0s
PyAEDT INFO: Key Desktop/ActiveDSOConfigurations/HFSS correctly changed.
PyAEDT INFO: Exporting Touchstone C:/ffzhzh/LocalFiles/Ansys_Project_Files/temp_train_TSV_RDL_41_1783619180_26216_SNP/temp_train_TSV_RDL_41_1783619180_26216.s2p
PyAEDT INFO: Touchstone correctly exported to C:/ffzhzh/LocalFiles/Ansys_Project_Files/temp_train_TSV_RDL_41_1783619180_26216_SNP/temp_train_TSV_RDL_41_1783619180_26216.s2p
[train / TSV_RDL - Task 41] simulation completed: C:\ffzhzh\SyncFiles\Temp\HFSS_sim\LHS400_Connection2\train\TSV_RDL\dut41.s2p
PyAEDT INFO: Desktop has been released and closed.
[train / TSV_RDL - Task 43] simulation started.
PyAEDT INFO: Python version 3.11.15 | packaged by Anaconda, Inc. | (main, Mar 11 2026, 17:12:15) [MSC v.1942 64 bit (AMD64)].
PyAEDT INFO: PyAEDT version 1.0.1.
PyAEDT INFO: Initializing new Desktop session.
PyAEDT INFO: AEDT version 2026.1.
PyAEDT INFO: New AEDT session is starting on gRPC port 2621.
PyAEDT INFO: Starting new AEDT gRPC session on port 2621.
PyAEDT INFO: Launching AEDT server with gRPC transport mode: TransportMode.WNUA
PyAEDT INFO: Electronics Desktop started on gRPC port 2621 after 4.9 seconds.
PyAEDT INFO: AEDT installation Path C:\Program Files\ANSYS Inc\v261\AnsysEM
PyAEDT INFO: Connected to AEDT gRPC session on port 2621.
PyAEDT INFO: Non-graphical mode detected. Disabling Desktop logs.
PyAEDT INFO: Parsing C:\ffzhzh\LocalFiles\Ansys_Project_Files\temp_train_TSV_RDL_43_1783619727_26216.aedt.
PyAEDT INFO: Python version 3.11.15 | packaged by Anaconda, Inc. | (main, Mar 11 2026, 17:12:15) [MSC v.1942 64 bit (AMD64)].
PyAEDT INFO: PyAEDT version 1.0.1.
PyAEDT INFO: Returning found Desktop session with PID 30024!
PyAEDT INFO: File C:\ffzhzh\LocalFiles\Ansys_Project_Files\temp_train_TSV_RDL_43_1783619727_26216.aedt correctly loaded. Elapsed time: 0m 0sec
PyAEDT INFO: Project temp_train_TSV_RDL_43_1783619727_26216 has been opened.
PyAEDT INFO: Active Design set to TSV_RDL
PyAEDT INFO: AEDT objects correctly read
PyAEDT INFO: Modeler class has been initialized! Elapsed time: 0m 0sec
PyAEDT INFO: Project temp_train_TSV_RDL_43_1783619727_26216 Saved correctly
PyAEDT INFO: Key Desktop/ActiveDSOConfigurations/HFSS correctly changed.
PyAEDT INFO: Solving all design setups. Analysis started...
PyAEDT INFO: Design setup None solved correctly in 0.0h 30.0m 36.0s
PyAEDT INFO: Key Desktop/ActiveDSOConfigurations/HFSS correctly changed.
PyAEDT INFO: Exporting Touchstone C:/ffzhzh/LocalFiles/Ansys_Project_Files/temp_train_TSV_RDL_36_1783618055_29156_SNP/temp_train_TSV_RDL_36_1783618055_29156.s2p
PyAEDT INFO: Touchstone correctly exported to C:/ffzhzh/LocalFiles/Ansys_Project_Files/temp_train_TSV_RDL_36_1783618055_29156_SNP/temp_train_TSV_RDL_36_1783618055_29156.s2p
[train / TSV_RDL - Task 36] simulation completed: C:\ffzhzh\SyncFiles\Temp\HFSS_sim\LHS400_Connection2\train\TSV_RDL\dut36.s2p
PyAEDT INFO: Desktop has been released and closed.
[train / TSV_RDL - Task 44] simulation started.
PyAEDT INFO: Python version 3.11.15 | packaged by Anaconda, Inc. | (main, Mar 11 2026, 17:12:15) [MSC v.1942 64 bit (AMD64)].
PyAEDT INFO: PyAEDT version 1.0.1.
PyAEDT INFO: Initializing new Desktop session.
PyAEDT INFO: AEDT version 2026.1.
PyAEDT INFO: New AEDT session is starting on gRPC port 10365.
PyAEDT INFO: Starting new AEDT gRPC session on port 10365.
PyAEDT INFO: Launching AEDT server with gRPC transport mode: TransportMode.WNUA
PyAEDT INFO: Electronics Desktop started on gRPC port 10365 after 4.8 seconds.
PyAEDT INFO: AEDT installation Path C:\Program Files\ANSYS Inc\v261\AnsysEM
PyAEDT INFO: Connected to AEDT gRPC session on port 10365.
PyAEDT INFO: Non-graphical mode detected. Disabling Desktop logs.
PyAEDT INFO: Parsing C:\ffzhzh\LocalFiles\Ansys_Project_Files\temp_train_TSV_RDL_44_1783619912_29156.aedt.
PyAEDT INFO: Python version 3.11.15 | packaged by Anaconda, Inc. | (main, Mar 11 2026, 17:12:15) [MSC v.1942 64 bit (AMD64)].
PyAEDT INFO: PyAEDT version 1.0.1.
PyAEDT INFO: Returning found Desktop session with PID 29740!
PyAEDT INFO: File C:\ffzhzh\LocalFiles\Ansys_Project_Files\temp_train_TSV_RDL_44_1783619912_29156.aedt correctly loaded. Elapsed time: 0m 0sec
PyAEDT INFO: Project temp_train_TSV_RDL_44_1783619912_29156 has been opened.
PyAEDT INFO: Active Design set to TSV_RDL
PyAEDT INFO: AEDT objects correctly read
PyAEDT INFO: Modeler class has been initialized! Elapsed time: 0m 0sec
PyAEDT INFO: Project temp_train_TSV_RDL_44_1783619912_29156 Saved correctly
PyAEDT INFO: Key Desktop/ActiveDSOConfigurations/HFSS correctly changed.
PyAEDT INFO: Solving all design setups. Analysis started...
PyAEDT INFO: Design setup None solved correctly in 0.0h 7.0m 56.0s
PyAEDT INFO: Key Desktop/ActiveDSOConfigurations/HFSS correctly changed.
PyAEDT INFO: Exporting Touchstone C:/ffzhzh/LocalFiles/Ansys_Project_Files/temp_train_TSV_RDL_42_1783619708_33328_SNP/temp_train_TSV_RDL_42_1783619708_33328.s2p
PyAEDT INFO: Touchstone correctly exported to C:/ffzhzh/LocalFiles/Ansys_Project_Files/temp_train_TSV_RDL_42_1783619708_33328_SNP/temp_train_TSV_RDL_42_1783619708_33328.s2p
[train / TSV_RDL - Task 42] simulation completed: C:\ffzhzh\SyncFiles\Temp\HFSS_sim\LHS400_Connection2\train\TSV_RDL\dut42.s2p
PyAEDT INFO: Desktop has been released and closed.
[train / TSV_RDL - Task 45] simulation started.
PyAEDT INFO: Python version 3.11.15 | packaged by Anaconda, Inc. | (main, Mar 11 2026, 17:12:15) [MSC v.1942 64 bit (AMD64)].
PyAEDT INFO: PyAEDT version 1.0.1.
PyAEDT INFO: Initializing new Desktop session.
PyAEDT INFO: AEDT version 2026.1.
PyAEDT INFO: New AEDT session is starting on gRPC port 7725.
PyAEDT INFO: Starting new AEDT gRPC session on port 7725.
PyAEDT INFO: Launching AEDT server with gRPC transport mode: TransportMode.WNUA
PyAEDT INFO: Electronics Desktop started on gRPC port 7725 after 4.9 seconds.
PyAEDT INFO: AEDT installation Path C:\Program Files\ANSYS Inc\v261\AnsysEM
PyAEDT INFO: Connected to AEDT gRPC session on port 7725.
PyAEDT INFO: Non-graphical mode detected. Disabling Desktop logs.
PyAEDT INFO: Parsing C:\ffzhzh\LocalFiles\Ansys_Project_Files\temp_train_TSV_RDL_45_1783620196_33328.aedt.
PyAEDT INFO: Python version 3.11.15 | packaged by Anaconda, Inc. | (main, Mar 11 2026, 17:12:15) [MSC v.1942 64 bit (AMD64)].
PyAEDT INFO: PyAEDT version 1.0.1.
PyAEDT INFO: Returning found Desktop session with PID 37200!
PyAEDT INFO: File C:\ffzhzh\LocalFiles\Ansys_Project_Files\temp_train_TSV_RDL_45_1783620196_33328.aedt correctly loaded. Elapsed time: 0m 0sec
PyAEDT INFO: Project temp_train_TSV_RDL_45_1783620196_33328 has been opened.
PyAEDT INFO: Active Design set to TSV_RDL
PyAEDT INFO: AEDT objects correctly read
PyAEDT INFO: Modeler class has been initialized! Elapsed time: 0m 0sec
PyAEDT INFO: Project temp_train_TSV_RDL_45_1783620196_33328 Saved correctly
PyAEDT INFO: Key Desktop/ActiveDSOConfigurations/HFSS correctly changed.
PyAEDT INFO: Solving all design setups. Analysis started...
PyAEDT INFO: Design setup None solved correctly in 0.0h 13.0m 36.0s
PyAEDT INFO: Key Desktop/ActiveDSOConfigurations/HFSS correctly changed.
PyAEDT INFO: Exporting Touchstone C:/ffzhzh/LocalFiles/Ansys_Project_Files/temp_train_TSV_RDL_43_1783619727_26216_SNP/temp_train_TSV_RDL_43_1783619727_26216.s2p
PyAEDT INFO: Touchstone correctly exported to C:/ffzhzh/LocalFiles/Ansys_Project_Files/temp_train_TSV_RDL_43_1783619727_26216_SNP/temp_train_TSV_RDL_43_1783619727_26216.s2p
[train / TSV_RDL - Task 43] simulation completed: C:\ffzhzh\SyncFiles\Temp\HFSS_sim\LHS400_Connection2\train\TSV_RDL\dut43.s2p
PyAEDT INFO: Desktop has been released and closed.
[train / TSV_RDL - Task 46] simulation started.
PyAEDT INFO: Python version 3.11.15 | packaged by Anaconda, Inc. | (main, Mar 11 2026, 17:12:15) [MSC v.1942 64 bit (AMD64)].
PyAEDT INFO: PyAEDT version 1.0.1.
PyAEDT INFO: Initializing new Desktop session.
PyAEDT INFO: AEDT version 2026.1.
PyAEDT INFO: New AEDT session is starting on gRPC port 6421.
PyAEDT INFO: Starting new AEDT gRPC session on port 6421.
PyAEDT INFO: Launching AEDT server with gRPC transport mode: TransportMode.WNUA
PyAEDT INFO: Electronics Desktop started on gRPC port 6421 after 4.9 seconds.
PyAEDT INFO: AEDT installation Path C:\Program Files\ANSYS Inc\v261\AnsysEM
PyAEDT INFO: Connected to AEDT gRPC session on port 6421.
PyAEDT INFO: Non-graphical mode detected. Disabling Desktop logs.
PyAEDT INFO: Parsing C:\ffzhzh\LocalFiles\Ansys_Project_Files\temp_train_TSV_RDL_46_1783620564_26216.aedt.
PyAEDT INFO: Python version 3.11.15 | packaged by Anaconda, Inc. | (main, Mar 11 2026, 17:12:15) [MSC v.1942 64 bit (AMD64)].
PyAEDT INFO: PyAEDT version 1.0.1.
PyAEDT INFO: Returning found Desktop session with PID 24508!
PyAEDT INFO: File C:\ffzhzh\LocalFiles\Ansys_Project_Files\temp_train_TSV_RDL_46_1783620564_26216.aedt correctly loaded. Elapsed time: 0m 0sec
PyAEDT INFO: Project temp_train_TSV_RDL_46_1783620564_26216 has been opened.
PyAEDT INFO: Active Design set to TSV_RDL
PyAEDT INFO: AEDT objects correctly read
PyAEDT INFO: Modeler class has been initialized! Elapsed time: 0m 0sec
PyAEDT INFO: Project temp_train_TSV_RDL_46_1783620564_26216 Saved correctly
PyAEDT INFO: Key Desktop/ActiveDSOConfigurations/HFSS correctly changed.
PyAEDT INFO: Solving all design setups. Analysis started...
PyAEDT INFO: Design setup None solved correctly in 0.0h 7.0m 42.0s
PyAEDT INFO: Key Desktop/ActiveDSOConfigurations/HFSS correctly changed.
PyAEDT INFO: Exporting Touchstone C:/ffzhzh/LocalFiles/Ansys_Project_Files/temp_train_TSV_RDL_45_1783620196_33328_SNP/temp_train_TSV_RDL_45_1783620196_33328.s2p
PyAEDT INFO: Touchstone correctly exported to C:/ffzhzh/LocalFiles/Ansys_Project_Files/temp_train_TSV_RDL_45_1783620196_33328_SNP/temp_train_TSV_RDL_45_1783620196_33328.s2p
[train / TSV_RDL - Task 45] simulation completed: C:\ffzhzh\SyncFiles\Temp\HFSS_sim\LHS400_Connection2\train\TSV_RDL\dut45.s2p
PyAEDT INFO: Desktop has been released and closed.
[train / TSV_RDL - Task 47] simulation started.
PyAEDT INFO: Python version 3.11.15 | packaged by Anaconda, Inc. | (main, Mar 11 2026, 17:12:15) [MSC v.1942 64 bit (AMD64)].
PyAEDT INFO: PyAEDT version 1.0.1.
PyAEDT INFO: Initializing new Desktop session.
PyAEDT INFO: AEDT version 2026.1.
PyAEDT INFO: New AEDT session is starting on gRPC port 5421.
PyAEDT INFO: Starting new AEDT gRPC session on port 5421.
PyAEDT INFO: Launching AEDT server with gRPC transport mode: TransportMode.WNUA
PyAEDT INFO: Electronics Desktop started on gRPC port 5421 after 4.9 seconds.
PyAEDT INFO: AEDT installation Path C:\Program Files\ANSYS Inc\v261\AnsysEM
PyAEDT INFO: Connected to AEDT gRPC session on port 5421.
PyAEDT INFO: Non-graphical mode detected. Disabling Desktop logs.
PyAEDT INFO: Parsing C:\ffzhzh\LocalFiles\Ansys_Project_Files\temp_train_TSV_RDL_47_1783620679_33328.aedt.
PyAEDT INFO: Python version 3.11.15 | packaged by Anaconda, Inc. | (main, Mar 11 2026, 17:12:15) [MSC v.1942 64 bit (AMD64)].
PyAEDT INFO: PyAEDT version 1.0.1.
PyAEDT INFO: Returning found Desktop session with PID 31068!
PyAEDT INFO: File C:\ffzhzh\LocalFiles\Ansys_Project_Files\temp_train_TSV_RDL_47_1783620679_33328.aedt correctly loaded. Elapsed time: 0m 0sec
PyAEDT INFO: Project temp_train_TSV_RDL_47_1783620679_33328 has been opened.
PyAEDT INFO: Active Design set to TSV_RDL
PyAEDT INFO: AEDT objects correctly read
PyAEDT INFO: Modeler class has been initialized! Elapsed time: 0m 0sec
PyAEDT INFO: Project temp_train_TSV_RDL_47_1783620679_33328 Saved correctly
PyAEDT INFO: Key Desktop/ActiveDSOConfigurations/HFSS correctly changed.
PyAEDT INFO: Solving all design setups. Analysis started...
PyAEDT INFO: Design setup None solved correctly in 0.0h 14.0m 13.0s
PyAEDT INFO: Key Desktop/ActiveDSOConfigurations/HFSS correctly changed.
PyAEDT INFO: Exporting Touchstone C:/ffzhzh/LocalFiles/Ansys_Project_Files/temp_train_TSV_RDL_44_1783619912_29156_SNP/temp_train_TSV_RDL_44_1783619912_29156.s2p
PyAEDT INFO: Touchstone correctly exported to C:/ffzhzh/LocalFiles/Ansys_Project_Files/temp_train_TSV_RDL_44_1783619912_29156_SNP/temp_train_TSV_RDL_44_1783619912_29156.s2p
[train / TSV_RDL - Task 44] simulation completed: C:\ffzhzh\SyncFiles\Temp\HFSS_sim\LHS400_Connection2\train\TSV_RDL\dut44.s2p
PyAEDT INFO: Desktop has been released and closed.
[train / TSV_RDL - Task 48] simulation started.
PyAEDT INFO: Python version 3.11.15 | packaged by Anaconda, Inc. | (main, Mar 11 2026, 17:12:15) [MSC v.1942 64 bit (AMD64)].
PyAEDT INFO: PyAEDT version 1.0.1.
PyAEDT INFO: Initializing new Desktop session.
PyAEDT INFO: AEDT version 2026.1.
PyAEDT INFO: New AEDT session is starting on gRPC port 1303.
PyAEDT INFO: Starting new AEDT gRPC session on port 1303.
PyAEDT INFO: Launching AEDT server with gRPC transport mode: TransportMode.WNUA
PyAEDT INFO: Electronics Desktop started on gRPC port 1303 after 5.0 seconds.
PyAEDT INFO: AEDT installation Path C:\Program Files\ANSYS Inc\v261\AnsysEM
PyAEDT INFO: Connected to AEDT gRPC session on port 1303.
PyAEDT INFO: Non-graphical mode detected. Disabling Desktop logs.
PyAEDT INFO: Parsing C:\ffzhzh\LocalFiles\Ansys_Project_Files\temp_train_TSV_RDL_48_1783620777_29156.aedt.
PyAEDT INFO: Python version 3.11.15 | packaged by Anaconda, Inc. | (main, Mar 11 2026, 17:12:15) [MSC v.1942 64 bit (AMD64)].
PyAEDT INFO: PyAEDT version 1.0.1.
PyAEDT INFO: Returning found Desktop session with PID 30944!
PyAEDT INFO: File C:\ffzhzh\LocalFiles\Ansys_Project_Files\temp_train_TSV_RDL_48_1783620777_29156.aedt correctly loaded. Elapsed time: 0m 0sec
PyAEDT INFO: Project temp_train_TSV_RDL_48_1783620777_29156 has been opened.
PyAEDT INFO: Active Design set to TSV_RDL
PyAEDT INFO: AEDT objects correctly read
PyAEDT INFO: Modeler class has been initialized! Elapsed time: 0m 0sec
PyAEDT INFO: Project temp_train_TSV_RDL_48_1783620777_29156 Saved correctly
PyAEDT INFO: Key Desktop/ActiveDSOConfigurations/HFSS correctly changed.
PyAEDT INFO: Solving all design setups. Analysis started...
PyAEDT INFO: Design setup None solved correctly in 0.0h 7.0m 34.0s
PyAEDT INFO: Key Desktop/ActiveDSOConfigurations/HFSS correctly changed.
PyAEDT INFO: Exporting Touchstone C:/ffzhzh/LocalFiles/Ansys_Project_Files/temp_train_TSV_RDL_46_1783620564_26216_SNP/temp_train_TSV_RDL_46_1783620564_26216.s2p
PyAEDT INFO: Touchstone correctly exported to C:/ffzhzh/LocalFiles/Ansys_Project_Files/temp_train_TSV_RDL_46_1783620564_26216_SNP/temp_train_TSV_RDL_46_1783620564_26216.s2p
[train / TSV_RDL - Task 46] simulation completed: C:\ffzhzh\SyncFiles\Temp\HFSS_sim\LHS400_Connection2\train\TSV_RDL\dut46.s2p
PyAEDT INFO: Desktop has been released and closed.
[train / TSV_RDL - Task 49] simulation started.
PyAEDT INFO: Python version 3.11.15 | packaged by Anaconda, Inc. | (main, Mar 11 2026, 17:12:15) [MSC v.1942 64 bit (AMD64)].
PyAEDT INFO: PyAEDT version 1.0.1.
PyAEDT INFO: Initializing new Desktop session.
PyAEDT INFO: AEDT version 2026.1.
PyAEDT INFO: New AEDT session is starting on gRPC port 13333.
PyAEDT INFO: Starting new AEDT gRPC session on port 13333.
PyAEDT INFO: Launching AEDT server with gRPC transport mode: TransportMode.WNUA
PyAEDT INFO: Electronics Desktop started on gRPC port 13333 after 5.1 seconds.
PyAEDT INFO: AEDT installation Path C:\Program Files\ANSYS Inc\v261\AnsysEM
PyAEDT INFO: Connected to AEDT gRPC session on port 13333.
PyAEDT INFO: Non-graphical mode detected. Disabling Desktop logs.
PyAEDT INFO: Parsing C:\ffzhzh\LocalFiles\Ansys_Project_Files\temp_train_TSV_RDL_49_1783621030_26216.aedt.
PyAEDT INFO: Python version 3.11.15 | packaged by Anaconda, Inc. | (main, Mar 11 2026, 17:12:15) [MSC v.1942 64 bit (AMD64)].
PyAEDT INFO: PyAEDT version 1.0.1.
PyAEDT INFO: Returning found Desktop session with PID 35656!
PyAEDT INFO: File C:\ffzhzh\LocalFiles\Ansys_Project_Files\temp_train_TSV_RDL_49_1783621030_26216.aedt correctly loaded. Elapsed time: 0m 0sec
PyAEDT INFO: Project temp_train_TSV_RDL_49_1783621030_26216 has been opened.
PyAEDT INFO: Active Design set to TSV_RDL
PyAEDT INFO: AEDT objects correctly read
PyAEDT INFO: Modeler class has been initialized! Elapsed time: 0m 0sec
PyAEDT INFO: Project temp_train_TSV_RDL_49_1783621030_26216 Saved correctly
PyAEDT INFO: Key Desktop/ActiveDSOConfigurations/HFSS correctly changed.
PyAEDT INFO: Solving all design setups. Analysis started...
PyAEDT INFO: Design setup None solved correctly in 0.0h 7.0m 42.0s
PyAEDT INFO: Key Desktop/ActiveDSOConfigurations/HFSS correctly changed.
PyAEDT INFO: Exporting Touchstone C:/ffzhzh/LocalFiles/Ansys_Project_Files/temp_train_TSV_RDL_47_1783620679_33328_SNP/temp_train_TSV_RDL_47_1783620679_33328.s2p
PyAEDT INFO: Touchstone correctly exported to C:/ffzhzh/LocalFiles/Ansys_Project_Files/temp_train_TSV_RDL_47_1783620679_33328_SNP/temp_train_TSV_RDL_47_1783620679_33328.s2p
[train / TSV_RDL - Task 47] simulation completed: C:\ffzhzh\SyncFiles\Temp\HFSS_sim\LHS400_Connection2\train\TSV_RDL\dut47.s2p
PyAEDT INFO: Desktop has been released and closed.
[train / TSV_RDL - Task 50] simulation started.
PyAEDT INFO: Python version 3.11.15 | packaged by Anaconda, Inc. | (main, Mar 11 2026, 17:12:15) [MSC v.1942 64 bit (AMD64)].
PyAEDT INFO: PyAEDT version 1.0.1.
PyAEDT INFO: Initializing new Desktop session.
PyAEDT INFO: AEDT version 2026.1.
PyAEDT INFO: New AEDT session is starting on gRPC port 4474.
PyAEDT INFO: Starting new AEDT gRPC session on port 4474.
PyAEDT INFO: Launching AEDT server with gRPC transport mode: TransportMode.WNUA
PyAEDT INFO: Electronics Desktop started on gRPC port 4474 after 5.0 seconds.
PyAEDT INFO: AEDT installation Path C:\Program Files\ANSYS Inc\v261\AnsysEM
PyAEDT INFO: Connected to AEDT gRPC session on port 4474.
PyAEDT INFO: Non-graphical mode detected. Disabling Desktop logs.
PyAEDT INFO: Parsing C:\ffzhzh\LocalFiles\Ansys_Project_Files\temp_train_TSV_RDL_50_1783621154_33328.aedt.
PyAEDT INFO: Python version 3.11.15 | packaged by Anaconda, Inc. | (main, Mar 11 2026, 17:12:15) [MSC v.1942 64 bit (AMD64)].
PyAEDT INFO: PyAEDT version 1.0.1.
PyAEDT INFO: Returning found Desktop session with PID 38880!
PyAEDT INFO: File C:\ffzhzh\LocalFiles\Ansys_Project_Files\temp_train_TSV_RDL_50_1783621154_33328.aedt correctly loaded. Elapsed time: 0m 0sec
PyAEDT INFO: Project temp_train_TSV_RDL_50_1783621154_33328 has been opened.
PyAEDT INFO: Active Design set to TSV_RDL
PyAEDT INFO: AEDT objects correctly read
PyAEDT INFO: Modeler class has been initialized! Elapsed time: 0m 0sec
PyAEDT INFO: Project temp_train_TSV_RDL_50_1783621154_33328 Saved correctly
PyAEDT INFO: Key Desktop/ActiveDSOConfigurations/HFSS correctly changed.
PyAEDT INFO: Solving all design setups. Analysis started...
PyAEDT INFO: Design setup None solved correctly in 0.0h 6.0m 34.0s
PyAEDT INFO: Key Desktop/ActiveDSOConfigurations/HFSS correctly changed.
PyAEDT INFO: Exporting Touchstone C:/ffzhzh/LocalFiles/Ansys_Project_Files/temp_train_TSV_RDL_48_1783620777_29156_SNP/temp_train_TSV_RDL_48_1783620777_29156.s2p
PyAEDT INFO: Touchstone correctly exported to C:/ffzhzh/LocalFiles/Ansys_Project_Files/temp_train_TSV_RDL_48_1783620777_29156_SNP/temp_train_TSV_RDL_48_1783620777_29156.s2p
[train / TSV_RDL - Task 48] simulation completed: C:\ffzhzh\SyncFiles\Temp\HFSS_sim\LHS400_Connection2\train\TSV_RDL\dut48.s2p
PyAEDT INFO: Desktop has been released and closed.
[train / TSV_RDL - Task 51] simulation started.
PyAEDT INFO: Python version 3.11.15 | packaged by Anaconda, Inc. | (main, Mar 11 2026, 17:12:15) [MSC v.1942 64 bit (AMD64)].
PyAEDT INFO: PyAEDT version 1.0.1.
PyAEDT INFO: Initializing new Desktop session.
PyAEDT INFO: AEDT version 2026.1.
PyAEDT INFO: New AEDT session is starting on gRPC port 10352.
PyAEDT INFO: Starting new AEDT gRPC session on port 10352.
PyAEDT INFO: Launching AEDT server with gRPC transport mode: TransportMode.WNUA
PyAEDT INFO: Electronics Desktop started on gRPC port 10352 after 4.8 seconds.
PyAEDT INFO: AEDT installation Path C:\Program Files\ANSYS Inc\v261\AnsysEM
PyAEDT INFO: Connected to AEDT gRPC session on port 10352.
PyAEDT INFO: Non-graphical mode detected. Disabling Desktop logs.
PyAEDT INFO: Parsing C:\ffzhzh\LocalFiles\Ansys_Project_Files\temp_train_TSV_RDL_51_1783621184_29156.aedt.
PyAEDT INFO: Python version 3.11.15 | packaged by Anaconda, Inc. | (main, Mar 11 2026, 17:12:15) [MSC v.1942 64 bit (AMD64)].
PyAEDT INFO: PyAEDT version 1.0.1.
PyAEDT INFO: Returning found Desktop session with PID 39564!
PyAEDT INFO: File C:\ffzhzh\LocalFiles\Ansys_Project_Files\temp_train_TSV_RDL_51_1783621184_29156.aedt correctly loaded. Elapsed time: 0m 0sec
PyAEDT INFO: Project temp_train_TSV_RDL_51_1783621184_29156 has been opened.
PyAEDT INFO: Active Design set to TSV_RDL
PyAEDT INFO: AEDT objects correctly read
PyAEDT INFO: Modeler class has been initialized! Elapsed time: 0m 0sec
PyAEDT INFO: Project temp_train_TSV_RDL_51_1783621184_29156 Saved correctly
PyAEDT INFO: Key Desktop/ActiveDSOConfigurations/HFSS correctly changed.
PyAEDT INFO: Solving all design setups. Analysis started...
PyAEDT INFO: Design setup None solved correctly in 0.0h 8.0m 37.0s
PyAEDT INFO: Key Desktop/ActiveDSOConfigurations/HFSS correctly changed.
PyAEDT INFO: Exporting Touchstone C:/ffzhzh/LocalFiles/Ansys_Project_Files/temp_train_TSV_RDL_49_1783621030_26216_SNP/temp_train_TSV_RDL_49_1783621030_26216.s2p
PyAEDT INFO: Touchstone correctly exported to C:/ffzhzh/LocalFiles/Ansys_Project_Files/temp_train_TSV_RDL_49_1783621030_26216_SNP/temp_train_TSV_RDL_49_1783621030_26216.s2p
[train / TSV_RDL - Task 49] simulation completed: C:\ffzhzh\SyncFiles\Temp\HFSS_sim\LHS400_Connection2\train\TSV_RDL\dut49.s2p
PyAEDT INFO: Desktop has been released and closed.
[train / TSV_RDL - Task 52] simulation started.
PyAEDT INFO: Python version 3.11.15 | packaged by Anaconda, Inc. | (main, Mar 11 2026, 17:12:15) [MSC v.1942 64 bit (AMD64)].
PyAEDT INFO: PyAEDT version 1.0.1.
PyAEDT INFO: Initializing new Desktop session.
PyAEDT INFO: AEDT version 2026.1.
PyAEDT INFO: New AEDT session is starting on gRPC port 9199.
PyAEDT INFO: Starting new AEDT gRPC session on port 9199.
PyAEDT INFO: Launching AEDT server with gRPC transport mode: TransportMode.WNUA
PyAEDT INFO: Electronics Desktop started on gRPC port 9199 after 4.9 seconds.
PyAEDT INFO: AEDT installation Path C:\Program Files\ANSYS Inc\v261\AnsysEM
PyAEDT INFO: Connected to AEDT gRPC session on port 9199.
PyAEDT INFO: Non-graphical mode detected. Disabling Desktop logs.
PyAEDT INFO: Parsing C:\ffzhzh\LocalFiles\Ansys_Project_Files\temp_train_TSV_RDL_52_1783621571_26216.aedt.
PyAEDT INFO: Python version 3.11.15 | packaged by Anaconda, Inc. | (main, Mar 11 2026, 17:12:15) [MSC v.1942 64 bit (AMD64)].
PyAEDT INFO: PyAEDT version 1.0.1.
PyAEDT INFO: Returning found Desktop session with PID 11600!
PyAEDT INFO: File C:\ffzhzh\LocalFiles\Ansys_Project_Files\temp_train_TSV_RDL_52_1783621571_26216.aedt correctly loaded. Elapsed time: 0m 0sec
PyAEDT INFO: Project temp_train_TSV_RDL_52_1783621571_26216 has been opened.
PyAEDT INFO: Active Design set to TSV_RDL
PyAEDT INFO: AEDT objects correctly read
PyAEDT INFO: Modeler class has been initialized! Elapsed time: 0m 0sec
PyAEDT INFO: Project temp_train_TSV_RDL_52_1783621571_26216 Saved correctly
PyAEDT INFO: Key Desktop/ActiveDSOConfigurations/HFSS correctly changed.
PyAEDT INFO: Solving all design setups. Analysis started...
PyAEDT INFO: Design setup None solved correctly in 0.0h 12.0m 47.0s
PyAEDT INFO: Key Desktop/ActiveDSOConfigurations/HFSS correctly changed.
PyAEDT INFO: Exporting Touchstone C:/ffzhzh/LocalFiles/Ansys_Project_Files/temp_train_TSV_RDL_50_1783621154_33328_SNP/temp_train_TSV_RDL_50_1783621154_33328.s2p
PyAEDT INFO: Touchstone correctly exported to C:/ffzhzh/LocalFiles/Ansys_Project_Files/temp_train_TSV_RDL_50_1783621154_33328_SNP/temp_train_TSV_RDL_50_1783621154_33328.s2p
[train / TSV_RDL - Task 50] simulation completed: C:\ffzhzh\SyncFiles\Temp\HFSS_sim\LHS400_Connection2\train\TSV_RDL\dut50.s2p
PyAEDT INFO: Desktop has been released and closed.
[train / TSV_RDL - Task 53] simulation started.
PyAEDT INFO: Python version 3.11.15 | packaged by Anaconda, Inc. | (main, Mar 11 2026, 17:12:15) [MSC v.1942 64 bit (AMD64)].
PyAEDT INFO: PyAEDT version 1.0.1.
PyAEDT INFO: Initializing new Desktop session.
PyAEDT INFO: AEDT version 2026.1.
PyAEDT INFO: New AEDT session is starting on gRPC port 5180.
PyAEDT INFO: Starting new AEDT gRPC session on port 5180.
PyAEDT INFO: Launching AEDT server with gRPC transport mode: TransportMode.WNUA
PyAEDT INFO: Electronics Desktop started on gRPC port 5180 after 5.1 seconds.
PyAEDT INFO: AEDT installation Path C:\Program Files\ANSYS Inc\v261\AnsysEM
PyAEDT INFO: Connected to AEDT gRPC session on port 5180.
PyAEDT INFO: Non-graphical mode detected. Disabling Desktop logs.
PyAEDT INFO: Parsing C:\ffzhzh\LocalFiles\Ansys_Project_Files\temp_train_TSV_RDL_53_1783621935_33328.aedt.
PyAEDT INFO: Python version 3.11.15 | packaged by Anaconda, Inc. | (main, Mar 11 2026, 17:12:15) [MSC v.1942 64 bit (AMD64)].
PyAEDT INFO: PyAEDT version 1.0.1.
PyAEDT INFO: Returning found Desktop session with PID 39400!
PyAEDT INFO: File C:\ffzhzh\LocalFiles\Ansys_Project_Files\temp_train_TSV_RDL_53_1783621935_33328.aedt correctly loaded. Elapsed time: 0m 0sec
PyAEDT INFO: Project temp_train_TSV_RDL_53_1783621935_33328 has been opened.
PyAEDT INFO: Active Design set to TSV_RDL
PyAEDT INFO: AEDT objects correctly read
PyAEDT INFO: Modeler class has been initialized! Elapsed time: 0m 0sec
PyAEDT INFO: Project temp_train_TSV_RDL_53_1783621935_33328 Saved correctly
PyAEDT INFO: Key Desktop/ActiveDSOConfigurations/HFSS correctly changed.
PyAEDT INFO: Solving all design setups. Analysis started...
PyAEDT INFO: Design setup None solved correctly in 0.0h 12.0m 55.0s
PyAEDT INFO: Key Desktop/ActiveDSOConfigurations/HFSS correctly changed.
PyAEDT INFO: Exporting Touchstone C:/ffzhzh/LocalFiles/Ansys_Project_Files/temp_train_TSV_RDL_51_1783621184_29156_SNP/temp_train_TSV_RDL_51_1783621184_29156.s2p
PyAEDT INFO: Touchstone correctly exported to C:/ffzhzh/LocalFiles/Ansys_Project_Files/temp_train_TSV_RDL_51_1783621184_29156_SNP/temp_train_TSV_RDL_51_1783621184_29156.s2p
[train / TSV_RDL - Task 51] simulation completed: C:\ffzhzh\SyncFiles\Temp\HFSS_sim\LHS400_Connection2\train\TSV_RDL\dut51.s2p
PyAEDT INFO: Desktop has been released and closed.
[train / TSV_RDL - Task 54] simulation started.
PyAEDT INFO: Python version 3.11.15 | packaged by Anaconda, Inc. | (main, Mar 11 2026, 17:12:15) [MSC v.1942 64 bit (AMD64)].
PyAEDT INFO: PyAEDT version 1.0.1.
PyAEDT INFO: Initializing new Desktop session.
PyAEDT INFO: AEDT version 2026.1.
PyAEDT INFO: New AEDT session is starting on gRPC port 6053.
PyAEDT INFO: Starting new AEDT gRPC session on port 6053.
PyAEDT INFO: Launching AEDT server with gRPC transport mode: TransportMode.WNUA
PyAEDT INFO: Electronics Desktop started on gRPC port 6053 after 5.0 seconds.
PyAEDT INFO: AEDT installation Path C:\Program Files\ANSYS Inc\v261\AnsysEM
PyAEDT INFO: Connected to AEDT gRPC session on port 6053.
PyAEDT INFO: Non-graphical mode detected. Disabling Desktop logs.
PyAEDT INFO: Parsing C:\ffzhzh\LocalFiles\Ansys_Project_Files\temp_train_TSV_RDL_54_1783621980_29156.aedt.
PyAEDT INFO: Python version 3.11.15 | packaged by Anaconda, Inc. | (main, Mar 11 2026, 17:12:15) [MSC v.1942 64 bit (AMD64)].
PyAEDT INFO: PyAEDT version 1.0.1.
PyAEDT INFO: Returning found Desktop session with PID 39476!
PyAEDT INFO: File C:\ffzhzh\LocalFiles\Ansys_Project_Files\temp_train_TSV_RDL_54_1783621980_29156.aedt correctly loaded. Elapsed time: 0m 0sec
PyAEDT INFO: Project temp_train_TSV_RDL_54_1783621980_29156 has been opened.
PyAEDT INFO: Active Design set to TSV_RDL
PyAEDT INFO: AEDT objects correctly read
PyAEDT INFO: Modeler class has been initialized! Elapsed time: 0m 0sec
PyAEDT INFO: Project temp_train_TSV_RDL_54_1783621980_29156 Saved correctly
PyAEDT INFO: Key Desktop/ActiveDSOConfigurations/HFSS correctly changed.
PyAEDT INFO: Solving all design setups. Analysis started...
PyAEDT INFO: Design setup None solved correctly in 0.0h 6.0m 54.0s
PyAEDT INFO: Key Desktop/ActiveDSOConfigurations/HFSS correctly changed.
PyAEDT INFO: Exporting Touchstone C:/ffzhzh/LocalFiles/Ansys_Project_Files/temp_train_TSV_RDL_54_1783621980_29156_SNP/temp_train_TSV_RDL_54_1783621980_29156.s2p
PyAEDT INFO: Touchstone correctly exported to C:/ffzhzh/LocalFiles/Ansys_Project_Files/temp_train_TSV_RDL_54_1783621980_29156_SNP/temp_train_TSV_RDL_54_1783621980_29156.s2p
[train / TSV_RDL - Task 54] simulation completed: C:\ffzhzh\SyncFiles\Temp\HFSS_sim\LHS400_Connection2\train\TSV_RDL\dut54.s2p
PyAEDT INFO: Desktop has been released and closed.
[train / TSV_RDL - Task 55] simulation started.
PyAEDT INFO: Python version 3.11.15 | packaged by Anaconda, Inc. | (main, Mar 11 2026, 17:12:15) [MSC v.1942 64 bit (AMD64)].
PyAEDT INFO: PyAEDT version 1.0.1.
PyAEDT INFO: Initializing new Desktop session.
PyAEDT INFO: AEDT version 2026.1.
PyAEDT INFO: New AEDT session is starting on gRPC port 7901.
PyAEDT INFO: Starting new AEDT gRPC session on port 7901.
PyAEDT INFO: Launching AEDT server with gRPC transport mode: TransportMode.WNUA
PyAEDT INFO: Electronics Desktop started on gRPC port 7901 after 5.0 seconds.
PyAEDT INFO: AEDT installation Path C:\Program Files\ANSYS Inc\v261\AnsysEM
PyAEDT INFO: Connected to AEDT gRPC session on port 7901.
PyAEDT INFO: Non-graphical mode detected. Disabling Desktop logs.
PyAEDT INFO: Parsing C:\ffzhzh\LocalFiles\Ansys_Project_Files\temp_train_TSV_RDL_55_1783622412_29156.aedt.
PyAEDT INFO: Python version 3.11.15 | packaged by Anaconda, Inc. | (main, Mar 11 2026, 17:12:15) [MSC v.1942 64 bit (AMD64)].
PyAEDT INFO: PyAEDT version 1.0.1.
PyAEDT INFO: Returning found Desktop session with PID 39168!
PyAEDT INFO: File C:\ffzhzh\LocalFiles\Ansys_Project_Files\temp_train_TSV_RDL_55_1783622412_29156.aedt correctly loaded. Elapsed time: 0m 0sec
PyAEDT INFO: Project temp_train_TSV_RDL_55_1783622412_29156 has been opened.
PyAEDT INFO: Active Design set to TSV_RDL
PyAEDT INFO: AEDT objects correctly read
PyAEDT INFO: Modeler class has been initialized! Elapsed time: 0m 0sec
PyAEDT INFO: Project temp_train_TSV_RDL_55_1783622412_29156 Saved correctly
PyAEDT INFO: Key Desktop/ActiveDSOConfigurations/HFSS correctly changed.
PyAEDT INFO: Solving all design setups. Analysis started...
PyAEDT INFO: Design setup None solved correctly in 0.0h 9.0m 26.0s
PyAEDT INFO: Key Desktop/ActiveDSOConfigurations/HFSS correctly changed.
PyAEDT INFO: Exporting Touchstone C:/ffzhzh/LocalFiles/Ansys_Project_Files/temp_train_TSV_RDL_53_1783621935_33328_SNP/temp_train_TSV_RDL_53_1783621935_33328.s2p
PyAEDT INFO: Touchstone correctly exported to C:/ffzhzh/LocalFiles/Ansys_Project_Files/temp_train_TSV_RDL_53_1783621935_33328_SNP/temp_train_TSV_RDL_53_1783621935_33328.s2p
[train / TSV_RDL - Task 53] simulation completed: C:\ffzhzh\SyncFiles\Temp\HFSS_sim\LHS400_Connection2\train\TSV_RDL\dut53.s2p
PyAEDT INFO: Desktop has been released and closed.
[train / TSV_RDL - Task 56] simulation started.
PyAEDT INFO: Python version 3.11.15 | packaged by Anaconda, Inc. | (main, Mar 11 2026, 17:12:15) [MSC v.1942 64 bit (AMD64)].
PyAEDT INFO: PyAEDT version 1.0.1.
PyAEDT INFO: Initializing new Desktop session.
PyAEDT INFO: AEDT version 2026.1.
PyAEDT INFO: New AEDT session is starting on gRPC port 5093.
PyAEDT INFO: Starting new AEDT gRPC session on port 5093.
PyAEDT INFO: Launching AEDT server with gRPC transport mode: TransportMode.WNUA
PyAEDT INFO: Electronics Desktop started on gRPC port 5093 after 5.0 seconds.
PyAEDT INFO: AEDT installation Path C:\Program Files\ANSYS Inc\v261\AnsysEM
PyAEDT INFO: Connected to AEDT gRPC session on port 5093.
PyAEDT INFO: Non-graphical mode detected. Disabling Desktop logs.
PyAEDT INFO: Parsing C:\ffzhzh\LocalFiles\Ansys_Project_Files\temp_train_TSV_RDL_56_1783622521_33328.aedt.
PyAEDT INFO: Python version 3.11.15 | packaged by Anaconda, Inc. | (main, Mar 11 2026, 17:12:15) [MSC v.1942 64 bit (AMD64)].
PyAEDT INFO: PyAEDT version 1.0.1.
PyAEDT INFO: Returning found Desktop session with PID 39152!
PyAEDT INFO: File C:\ffzhzh\LocalFiles\Ansys_Project_Files\temp_train_TSV_RDL_56_1783622521_33328.aedt correctly loaded. Elapsed time: 0m 0sec
PyAEDT INFO: Project temp_train_TSV_RDL_56_1783622521_33328 has been opened.
PyAEDT INFO: Active Design set to TSV_RDL
PyAEDT INFO: AEDT objects correctly read
PyAEDT INFO: Modeler class has been initialized! Elapsed time: 0m 0sec
PyAEDT INFO: Project temp_train_TSV_RDL_56_1783622521_33328 Saved correctly
PyAEDT INFO: Key Desktop/ActiveDSOConfigurations/HFSS correctly changed.
PyAEDT INFO: Solving all design setups. Analysis started...
PyAEDT INFO: Design setup None solved correctly in 0.0h 16.0m 53.0s
PyAEDT INFO: Key Desktop/ActiveDSOConfigurations/HFSS correctly changed.
PyAEDT INFO: Exporting Touchstone C:/ffzhzh/LocalFiles/Ansys_Project_Files/temp_train_TSV_RDL_52_1783621571_26216_SNP/temp_train_TSV_RDL_52_1783621571_26216.s2p
PyAEDT INFO: Touchstone correctly exported to C:/ffzhzh/LocalFiles/Ansys_Project_Files/temp_train_TSV_RDL_52_1783621571_26216_SNP/temp_train_TSV_RDL_52_1783621571_26216.s2p
[train / TSV_RDL - Task 52] simulation completed: C:\ffzhzh\SyncFiles\Temp\HFSS_sim\LHS400_Connection2\train\TSV_RDL\dut52.s2p
PyAEDT INFO: Desktop has been released and closed.
[train / TSV_RDL - Task 57] simulation started.
PyAEDT INFO: Python version 3.11.15 | packaged by Anaconda, Inc. | (main, Mar 11 2026, 17:12:15) [MSC v.1942 64 bit (AMD64)].
PyAEDT INFO: PyAEDT version 1.0.1.
PyAEDT INFO: Initializing new Desktop session.
PyAEDT INFO: AEDT version 2026.1.
PyAEDT INFO: New AEDT session is starting on gRPC port 13547.
PyAEDT INFO: Starting new AEDT gRPC session on port 13547.
PyAEDT INFO: Launching AEDT server with gRPC transport mode: TransportMode.WNUA
PyAEDT INFO: Electronics Desktop started on gRPC port 13547 after 4.9 seconds.
PyAEDT INFO: AEDT installation Path C:\Program Files\ANSYS Inc\v261\AnsysEM
PyAEDT INFO: Connected to AEDT gRPC session on port 13547.
PyAEDT INFO: Non-graphical mode detected. Disabling Desktop logs.
PyAEDT INFO: Parsing C:\ffzhzh\LocalFiles\Ansys_Project_Files\temp_train_TSV_RDL_57_1783622606_26216.aedt.
PyAEDT INFO: Python version 3.11.15 | packaged by Anaconda, Inc. | (main, Mar 11 2026, 17:12:15) [MSC v.1942 64 bit (AMD64)].
PyAEDT INFO: PyAEDT version 1.0.1.
PyAEDT INFO: Returning found Desktop session with PID 37804!
PyAEDT INFO: File C:\ffzhzh\LocalFiles\Ansys_Project_Files\temp_train_TSV_RDL_57_1783622606_26216.aedt correctly loaded. Elapsed time: 0m 0sec
PyAEDT INFO: Project temp_train_TSV_RDL_57_1783622606_26216 has been opened.
PyAEDT INFO: Active Design set to TSV_RDL
PyAEDT INFO: AEDT objects correctly read
PyAEDT INFO: Modeler class has been initialized! Elapsed time: 0m 0sec
PyAEDT INFO: Project temp_train_TSV_RDL_57_1783622606_26216 Saved correctly
PyAEDT INFO: Key Desktop/ActiveDSOConfigurations/HFSS correctly changed.
PyAEDT INFO: Solving all design setups. Analysis started...
PyAEDT INFO: Design setup None solved correctly in 0.0h 6.0m 52.0s
PyAEDT INFO: Key Desktop/ActiveDSOConfigurations/HFSS correctly changed.
PyAEDT INFO: Exporting Touchstone C:/ffzhzh/LocalFiles/Ansys_Project_Files/temp_train_TSV_RDL_56_1783622521_33328_SNP/temp_train_TSV_RDL_56_1783622521_33328.s2p
PyAEDT INFO: Touchstone correctly exported to C:/ffzhzh/LocalFiles/Ansys_Project_Files/temp_train_TSV_RDL_56_1783622521_33328_SNP/temp_train_TSV_RDL_56_1783622521_33328.s2p
[train / TSV_RDL - Task 56] simulation completed: C:\ffzhzh\SyncFiles\Temp\HFSS_sim\LHS400_Connection2\train\TSV_RDL\dut56.s2p
PyAEDT INFO: Desktop has been released and closed.
[train / TSV_RDL - Task 58] simulation started.
PyAEDT INFO: Python version 3.11.15 | packaged by Anaconda, Inc. | (main, Mar 11 2026, 17:12:15) [MSC v.1942 64 bit (AMD64)].
PyAEDT INFO: PyAEDT version 1.0.1.
PyAEDT INFO: Initializing new Desktop session.
PyAEDT INFO: AEDT version 2026.1.
PyAEDT INFO: New AEDT session is starting on gRPC port 1767.
PyAEDT INFO: Starting new AEDT gRPC session on port 1767.
PyAEDT INFO: Launching AEDT server with gRPC transport mode: TransportMode.WNUA
PyAEDT INFO: Electronics Desktop started on gRPC port 1767 after 5.0 seconds.
PyAEDT INFO: AEDT installation Path C:\Program Files\ANSYS Inc\v261\AnsysEM
PyAEDT INFO: Connected to AEDT gRPC session on port 1767.
PyAEDT INFO: Non-graphical mode detected. Disabling Desktop logs.
PyAEDT INFO: Parsing C:\ffzhzh\LocalFiles\Ansys_Project_Files\temp_train_TSV_RDL_58_1783622952_33328.aedt.
PyAEDT INFO: Python version 3.11.15 | packaged by Anaconda, Inc. | (main, Mar 11 2026, 17:12:15) [MSC v.1942 64 bit (AMD64)].
PyAEDT INFO: PyAEDT version 1.0.1.
PyAEDT INFO: Returning found Desktop session with PID 7148!
PyAEDT INFO: File C:\ffzhzh\LocalFiles\Ansys_Project_Files\temp_train_TSV_RDL_58_1783622952_33328.aedt correctly loaded. Elapsed time: 0m 0sec
PyAEDT INFO: Project temp_train_TSV_RDL_58_1783622952_33328 has been opened.
PyAEDT INFO: Active Design set to TSV_RDL
PyAEDT INFO: AEDT objects correctly read
PyAEDT INFO: Modeler class has been initialized! Elapsed time: 0m 0sec
PyAEDT INFO: Project temp_train_TSV_RDL_58_1783622952_33328 Saved correctly
PyAEDT INFO: Key Desktop/ActiveDSOConfigurations/HFSS correctly changed.
PyAEDT INFO: Solving all design setups. Analysis started...
PyAEDT INFO: Design setup None solved correctly in 0.0h 8.0m 7.0s
PyAEDT INFO: Key Desktop/ActiveDSOConfigurations/HFSS correctly changed.
PyAEDT INFO: Exporting Touchstone C:/ffzhzh/LocalFiles/Ansys_Project_Files/temp_train_TSV_RDL_58_1783622952_33328_SNP/temp_train_TSV_RDL_58_1783622952_33328.s2p
PyAEDT INFO: Touchstone correctly exported to C:/ffzhzh/LocalFiles/Ansys_Project_Files/temp_train_TSV_RDL_58_1783622952_33328_SNP/temp_train_TSV_RDL_58_1783622952_33328.s2p
[train / TSV_RDL - Task 58] simulation completed: C:\ffzhzh\SyncFiles\Temp\HFSS_sim\LHS400_Connection2\train\TSV_RDL\dut58.s2p
PyAEDT INFO: Desktop has been released and closed.
[train / TSV_RDL - Task 59] simulation started.
PyAEDT INFO: Python version 3.11.15 | packaged by Anaconda, Inc. | (main, Mar 11 2026, 17:12:15) [MSC v.1942 64 bit (AMD64)].
PyAEDT INFO: PyAEDT version 1.0.1.
PyAEDT INFO: Initializing new Desktop session.
PyAEDT INFO: AEDT version 2026.1.
PyAEDT INFO: New AEDT session is starting on gRPC port 2783.
PyAEDT INFO: Starting new AEDT gRPC session on port 2783.
PyAEDT INFO: Launching AEDT server with gRPC transport mode: TransportMode.WNUA
PyAEDT INFO: Electronics Desktop started on gRPC port 2783 after 5.2 seconds.
PyAEDT INFO: AEDT installation Path C:\Program Files\ANSYS Inc\v261\AnsysEM
PyAEDT INFO: Connected to AEDT gRPC session on port 2783.
PyAEDT INFO: Non-graphical mode detected. Disabling Desktop logs.
PyAEDT INFO: Parsing C:\ffzhzh\LocalFiles\Ansys_Project_Files\temp_train_TSV_RDL_59_1783623459_33328.aedt.
PyAEDT INFO: Python version 3.11.15 | packaged by Anaconda, Inc. | (main, Mar 11 2026, 17:12:15) [MSC v.1942 64 bit (AMD64)].
PyAEDT INFO: PyAEDT version 1.0.1.
PyAEDT INFO: Returning found Desktop session with PID 30680!
PyAEDT INFO: File C:\ffzhzh\LocalFiles\Ansys_Project_Files\temp_train_TSV_RDL_59_1783623459_33328.aedt correctly loaded. Elapsed time: 0m 0sec
PyAEDT INFO: Project temp_train_TSV_RDL_59_1783623459_33328 has been opened.
PyAEDT INFO: Active Design set to TSV_RDL
PyAEDT INFO: AEDT objects correctly read
PyAEDT INFO: Modeler class has been initialized! Elapsed time: 0m 0sec
PyAEDT INFO: Project temp_train_TSV_RDL_59_1783623459_33328 Saved correctly
PyAEDT INFO: Key Desktop/ActiveDSOConfigurations/HFSS correctly changed.
PyAEDT INFO: Solving all design setups. Analysis started...
PyAEDT INFO: Design setup None solved correctly in 0.0h 18.0m 54.0s
PyAEDT INFO: Key Desktop/ActiveDSOConfigurations/HFSS correctly changed.
PyAEDT INFO: Exporting Touchstone C:/ffzhzh/LocalFiles/Ansys_Project_Files/temp_train_TSV_RDL_55_1783622412_29156_SNP/temp_train_TSV_RDL_55_1783622412_29156.s2p
PyAEDT INFO: Touchstone correctly exported to C:/ffzhzh/LocalFiles/Ansys_Project_Files/temp_train_TSV_RDL_55_1783622412_29156_SNP/temp_train_TSV_RDL_55_1783622412_29156.s2p
[train / TSV_RDL - Task 55] simulation completed: C:\ffzhzh\SyncFiles\Temp\HFSS_sim\LHS400_Connection2\train\TSV_RDL\dut55.s2p
PyAEDT INFO: Desktop has been released and closed.
[train / TSV_RDL - Task 60] simulation started.
PyAEDT INFO: Python version 3.11.15 | packaged by Anaconda, Inc. | (main, Mar 11 2026, 17:12:15) [MSC v.1942 64 bit (AMD64)].
PyAEDT INFO: PyAEDT version 1.0.1.
PyAEDT INFO: Initializing new Desktop session.
PyAEDT INFO: AEDT version 2026.1.
PyAEDT INFO: New AEDT session is starting on gRPC port 2429.
PyAEDT INFO: Starting new AEDT gRPC session on port 2429.
PyAEDT INFO: Launching AEDT server with gRPC transport mode: TransportMode.WNUA
PyAEDT INFO: Electronics Desktop started on gRPC port 2429 after 5.1 seconds.
PyAEDT INFO: AEDT installation Path C:\Program Files\ANSYS Inc\v261\AnsysEM
PyAEDT INFO: Connected to AEDT gRPC session on port 2429.
PyAEDT INFO: Non-graphical mode detected. Disabling Desktop logs.
PyAEDT INFO: Parsing C:\ffzhzh\LocalFiles\Ansys_Project_Files\temp_train_TSV_RDL_60_1783623568_29156.aedt.
PyAEDT INFO: Python version 3.11.15 | packaged by Anaconda, Inc. | (main, Mar 11 2026, 17:12:15) [MSC v.1942 64 bit (AMD64)].
PyAEDT INFO: PyAEDT version 1.0.1.
PyAEDT INFO: Returning found Desktop session with PID 14532!
PyAEDT INFO: File C:\ffzhzh\LocalFiles\Ansys_Project_Files\temp_train_TSV_RDL_60_1783623568_29156.aedt correctly loaded. Elapsed time: 0m 0sec
PyAEDT INFO: Project temp_train_TSV_RDL_60_1783623568_29156 has been opened.
PyAEDT INFO: Active Design set to TSV_RDL
PyAEDT INFO: AEDT objects correctly read
PyAEDT INFO: Modeler class has been initialized! Elapsed time: 0m 0sec
PyAEDT INFO: Project temp_train_TSV_RDL_60_1783623568_29156 Saved correctly
PyAEDT INFO: Key Desktop/ActiveDSOConfigurations/HFSS correctly changed.
PyAEDT INFO: Solving all design setups. Analysis started...
PyAEDT INFO: Design setup None solved correctly in 0.0h 6.0m 28.0s
PyAEDT INFO: Key Desktop/ActiveDSOConfigurations/HFSS correctly changed.
PyAEDT INFO: Exporting Touchstone C:/ffzhzh/LocalFiles/Ansys_Project_Files/temp_train_TSV_RDL_60_1783623568_29156_SNP/temp_train_TSV_RDL_60_1783623568_29156.s2p
PyAEDT INFO: Touchstone correctly exported to C:/ffzhzh/LocalFiles/Ansys_Project_Files/temp_train_TSV_RDL_60_1783623568_29156_SNP/temp_train_TSV_RDL_60_1783623568_29156.s2p
[train / TSV_RDL - Task 60] simulation completed: C:\ffzhzh\SyncFiles\Temp\HFSS_sim\LHS400_Connection2\train\TSV_RDL\dut60.s2p
PyAEDT INFO: Desktop has been released and closed.
[train / TSV_RDL - Task 61] simulation started.
PyAEDT INFO: Python version 3.11.15 | packaged by Anaconda, Inc. | (main, Mar 11 2026, 17:12:15) [MSC v.1942 64 bit (AMD64)].
PyAEDT INFO: PyAEDT version 1.0.1.
PyAEDT INFO: Initializing new Desktop session.
PyAEDT INFO: AEDT version 2026.1.
PyAEDT INFO: New AEDT session is starting on gRPC port 5202.
PyAEDT INFO: Starting new AEDT gRPC session on port 5202.
PyAEDT INFO: Launching AEDT server with gRPC transport mode: TransportMode.WNUA
PyAEDT INFO: Electronics Desktop started on gRPC port 5202 after 5.0 seconds.
PyAEDT INFO: AEDT installation Path C:\Program Files\ANSYS Inc\v261\AnsysEM
PyAEDT INFO: Connected to AEDT gRPC session on port 5202.
PyAEDT INFO: Non-graphical mode detected. Disabling Desktop logs.
PyAEDT INFO: Parsing C:\ffzhzh\LocalFiles\Ansys_Project_Files\temp_train_TSV_RDL_61_1783623978_29156.aedt.
PyAEDT INFO: Python version 3.11.15 | packaged by Anaconda, Inc. | (main, Mar 11 2026, 17:12:15) [MSC v.1942 64 bit (AMD64)].
PyAEDT INFO: PyAEDT version 1.0.1.
PyAEDT INFO: Returning found Desktop session with PID 33660!
PyAEDT INFO: File C:\ffzhzh\LocalFiles\Ansys_Project_Files\temp_train_TSV_RDL_61_1783623978_29156.aedt correctly loaded. Elapsed time: 0m 0sec
PyAEDT INFO: Project temp_train_TSV_RDL_61_1783623978_29156 has been opened.
PyAEDT INFO: Active Design set to TSV_RDL
PyAEDT INFO: AEDT objects correctly read
PyAEDT INFO: Modeler class has been initialized! Elapsed time: 0m 0sec
PyAEDT INFO: Project temp_train_TSV_RDL_61_1783623978_29156 Saved correctly
PyAEDT INFO: Key Desktop/ActiveDSOConfigurations/HFSS correctly changed.
PyAEDT INFO: Solving all design setups. Analysis started...
PyAEDT INFO: Design setup None solved correctly in 0.0h 30.0m 1.0s
PyAEDT INFO: Key Desktop/ActiveDSOConfigurations/HFSS correctly changed.
PyAEDT INFO: Exporting Touchstone C:/ffzhzh/LocalFiles/Ansys_Project_Files/temp_train_TSV_RDL_57_1783622606_26216_SNP/temp_train_TSV_RDL_57_1783622606_26216.s2p
PyAEDT INFO: Touchstone correctly exported to C:/ffzhzh/LocalFiles/Ansys_Project_Files/temp_train_TSV_RDL_57_1783622606_26216_SNP/temp_train_TSV_RDL_57_1783622606_26216.s2p
[train / TSV_RDL - Task 57] simulation completed: C:\ffzhzh\SyncFiles\Temp\HFSS_sim\LHS400_Connection2\train\TSV_RDL\dut57.s2p
PyAEDT INFO: Desktop has been released and closed.
[train / TSV_RDL - Task 62] simulation started.
PyAEDT INFO: Python version 3.11.15 | packaged by Anaconda, Inc. | (main, Mar 11 2026, 17:12:15) [MSC v.1942 64 bit (AMD64)].
PyAEDT INFO: PyAEDT version 1.0.1.
PyAEDT INFO: Initializing new Desktop session.
PyAEDT INFO: AEDT version 2026.1.
PyAEDT INFO: New AEDT session is starting on gRPC port 2577.
PyAEDT INFO: Starting new AEDT gRPC session on port 2577.
PyAEDT INFO: Launching AEDT server with gRPC transport mode: TransportMode.WNUA
PyAEDT INFO: Electronics Desktop started on gRPC port 2577 after 5.1 seconds.
PyAEDT INFO: AEDT installation Path C:\Program Files\ANSYS Inc\v261\AnsysEM
PyAEDT INFO: Connected to AEDT gRPC session on port 2577.
PyAEDT INFO: Non-graphical mode detected. Disabling Desktop logs.
PyAEDT INFO: Parsing C:\ffzhzh\LocalFiles\Ansys_Project_Files\temp_train_TSV_RDL_62_1783624424_26216.aedt.
PyAEDT INFO: Python version 3.11.15 | packaged by Anaconda, Inc. | (main, Mar 11 2026, 17:12:15) [MSC v.1942 64 bit (AMD64)].
PyAEDT INFO: PyAEDT version 1.0.1.
PyAEDT INFO: Returning found Desktop session with PID 11764!
PyAEDT INFO: File C:\ffzhzh\LocalFiles\Ansys_Project_Files\temp_train_TSV_RDL_62_1783624424_26216.aedt correctly loaded. Elapsed time: 0m 0sec
PyAEDT INFO: Project temp_train_TSV_RDL_62_1783624424_26216 has been opened.
PyAEDT INFO: Active Design set to TSV_RDL
PyAEDT INFO: AEDT objects correctly read
PyAEDT INFO: Modeler class has been initialized! Elapsed time: 0m 0sec
PyAEDT INFO: Project temp_train_TSV_RDL_62_1783624424_26216 Saved correctly
PyAEDT INFO: Key Desktop/ActiveDSOConfigurations/HFSS correctly changed.
PyAEDT INFO: Solving all design setups. Analysis started...
PyAEDT INFO: Design setup None solved correctly in 0.0h 10.0m 8.0s
PyAEDT INFO: Key Desktop/ActiveDSOConfigurations/HFSS correctly changed.
PyAEDT INFO: Exporting Touchstone C:/ffzhzh/LocalFiles/Ansys_Project_Files/temp_train_TSV_RDL_61_1783623978_29156_SNP/temp_train_TSV_RDL_61_1783623978_29156.s2p
PyAEDT INFO: Touchstone correctly exported to C:/ffzhzh/LocalFiles/Ansys_Project_Files/temp_train_TSV_RDL_61_1783623978_29156_SNP/temp_train_TSV_RDL_61_1783623978_29156.s2p
[train / TSV_RDL - Task 61] simulation completed: C:\ffzhzh\SyncFiles\Temp\HFSS_sim\LHS400_Connection2\train\TSV_RDL\dut61.s2p
PyAEDT INFO: Desktop has been released and closed.
[train / TSV_RDL - Task 63] simulation started.
PyAEDT INFO: Python version 3.11.15 | packaged by Anaconda, Inc. | (main, Mar 11 2026, 17:12:15) [MSC v.1942 64 bit (AMD64)].
PyAEDT INFO: PyAEDT version 1.0.1.
PyAEDT INFO: Initializing new Desktop session.
PyAEDT INFO: AEDT version 2026.1.
PyAEDT INFO: New AEDT session is starting on gRPC port 9303.
PyAEDT INFO: Starting new AEDT gRPC session on port 9303.
PyAEDT INFO: Launching AEDT server with gRPC transport mode: TransportMode.WNUA
PyAEDT INFO: Electronics Desktop started on gRPC port 9303 after 5.0 seconds.
PyAEDT INFO: AEDT installation Path C:\Program Files\ANSYS Inc\v261\AnsysEM
PyAEDT INFO: Connected to AEDT gRPC session on port 9303.
PyAEDT INFO: Non-graphical mode detected. Disabling Desktop logs.
PyAEDT INFO: Parsing C:\ffzhzh\LocalFiles\Ansys_Project_Files\temp_train_TSV_RDL_63_1783624609_29156.aedt.
PyAEDT INFO: Python version 3.11.15 | packaged by Anaconda, Inc. | (main, Mar 11 2026, 17:12:15) [MSC v.1942 64 bit (AMD64)].
PyAEDT INFO: PyAEDT version 1.0.1.
PyAEDT INFO: Returning found Desktop session with PID 12240!
PyAEDT INFO: File C:\ffzhzh\LocalFiles\Ansys_Project_Files\temp_train_TSV_RDL_63_1783624609_29156.aedt correctly loaded. Elapsed time: 0m 0sec
PyAEDT INFO: Project temp_train_TSV_RDL_63_1783624609_29156 has been opened.
PyAEDT INFO: Active Design set to TSV_RDL
PyAEDT INFO: AEDT objects correctly read
PyAEDT INFO: Modeler class has been initialized! Elapsed time: 0m 0sec
PyAEDT INFO: Project temp_train_TSV_RDL_63_1783624609_29156 Saved correctly
PyAEDT INFO: Key Desktop/ActiveDSOConfigurations/HFSS correctly changed.
PyAEDT INFO: Solving all design setups. Analysis started...
PyAEDT INFO: Design setup None solved correctly in 0.0h 23.0m 11.0s
PyAEDT INFO: Key Desktop/ActiveDSOConfigurations/HFSS correctly changed.
PyAEDT INFO: Exporting Touchstone C:/ffzhzh/LocalFiles/Ansys_Project_Files/temp_train_TSV_RDL_59_1783623459_33328_SNP/temp_train_TSV_RDL_59_1783623459_33328.s2p
PyAEDT INFO: Touchstone correctly exported to C:/ffzhzh/LocalFiles/Ansys_Project_Files/temp_train_TSV_RDL_59_1783623459_33328_SNP/temp_train_TSV_RDL_59_1783623459_33328.s2p
[train / TSV_RDL - Task 59] simulation completed: C:\ffzhzh\SyncFiles\Temp\HFSS_sim\LHS400_Connection2\train\TSV_RDL\dut59.s2p
PyAEDT INFO: Desktop has been released and closed.
[train / TSV_RDL - Task 64] simulation started.
PyAEDT INFO: Python version 3.11.15 | packaged by Anaconda, Inc. | (main, Mar 11 2026, 17:12:15) [MSC v.1942 64 bit (AMD64)].
PyAEDT INFO: PyAEDT version 1.0.1.
PyAEDT INFO: Initializing new Desktop session.
PyAEDT INFO: AEDT version 2026.1.
PyAEDT INFO: New AEDT session is starting on gRPC port 8582.
PyAEDT INFO: Starting new AEDT gRPC session on port 8582.
PyAEDT INFO: Launching AEDT server with gRPC transport mode: TransportMode.WNUA
PyAEDT INFO: Solving all design setups. Analysis started...
PyAEDT INFO: Design setup None solved correctly in 0.0h 7.0m 20.0s
PyAEDT INFO: Key Desktop/ActiveDSOConfigurations/HFSS correctly changed.
PyAEDT INFO: Exporting Touchstone C:/ffzhzh/LocalFiles/Ansys_Project_Files/temp_train_TSV_RDL_62_1783624424_26216_SNP/temp_train_TSV_RDL_62_1783624424_26216.s2p
PyAEDT INFO: Touchstone correctly exported to C:/ffzhzh/LocalFiles/Ansys_Project_Files/temp_train_TSV_RDL_62_1783624424_26216_SNP/temp_train_TSV_RDL_62_1783624424_26216.s2p
PyAEDT INFO: Electronics Desktop started on gRPC port 8582 after 4.9 seconds.
PyAEDT INFO: AEDT installation Path C:\Program Files\ANSYS Inc\v261\AnsysEM
PyAEDT INFO: Connected to AEDT gRPC session on port 8582.
PyAEDT INFO: Non-graphical mode detected. Disabling Desktop logs.
PyAEDT INFO: Parsing C:\ffzhzh\LocalFiles\Ansys_Project_Files\temp_train_TSV_RDL_64_1783624870_33328.aedt.
PyAEDT INFO: Python version 3.11.15 | packaged by Anaconda, Inc. | (main, Mar 11 2026, 17:12:15) [MSC v.1942 64 bit (AMD64)].
PyAEDT INFO: PyAEDT version 1.0.1.
PyAEDT INFO: Returning found Desktop session with PID 27516!
PyAEDT INFO: File C:\ffzhzh\LocalFiles\Ansys_Project_Files\temp_train_TSV_RDL_64_1783624870_33328.aedt correctly loaded. Elapsed time: 0m 0sec
PyAEDT INFO: Project temp_train_TSV_RDL_64_1783624870_33328 has been opened.
PyAEDT INFO: Active Design set to TSV_RDL
PyAEDT INFO: AEDT objects correctly read
PyAEDT INFO: Modeler class has been initialized! Elapsed time: 0m 0sec
PyAEDT INFO: Project temp_train_TSV_RDL_64_1783624870_33328 Saved correctly
PyAEDT INFO: Key Desktop/ActiveDSOConfigurations/HFSS correctly changed.
[train / TSV_RDL - Task 62] simulation completed: C:\ffzhzh\SyncFiles\Temp\HFSS_sim\LHS400_Connection2\train\TSV_RDL\dut62.s2p
PyAEDT INFO: Desktop has been released and closed.
[train / TSV_RDL - Task 65] simulation started.
PyAEDT INFO: Python version 3.11.15 | packaged by Anaconda, Inc. | (main, Mar 11 2026, 17:12:15) [MSC v.1942 64 bit (AMD64)].
PyAEDT INFO: PyAEDT version 1.0.1.
PyAEDT INFO: Initializing new Desktop session.
PyAEDT INFO: AEDT version 2026.1.
PyAEDT INFO: New AEDT session is starting on gRPC port 11174.
PyAEDT INFO: Starting new AEDT gRPC session on port 11174.
PyAEDT INFO: Launching AEDT server with gRPC transport mode: TransportMode.WNUA
PyAEDT INFO: Electronics Desktop started on gRPC port 11174 after 4.9 seconds.
PyAEDT INFO: AEDT installation Path C:\Program Files\ANSYS Inc\v261\AnsysEM
PyAEDT INFO: Connected to AEDT gRPC session on port 11174.
PyAEDT INFO: Non-graphical mode detected. Disabling Desktop logs.
PyAEDT INFO: Python version 3.11.15 | packaged by Anaconda, Inc. | (main, Mar 11 2026, 17:12:15) [MSC v.1942 64 bit (AMD64)].
PyAEDT INFO: Parsing C:\ffzhzh\LocalFiles\Ansys_Project_Files\temp_train_TSV_RDL_65_1783624885_26216.aedt.
PyAEDT INFO: PyAEDT version 1.0.1.
PyAEDT INFO: Returning found Desktop session with PID 8476!
PyAEDT INFO: File C:\ffzhzh\LocalFiles\Ansys_Project_Files\temp_train_TSV_RDL_65_1783624885_26216.aedt correctly loaded. Elapsed time: 0m 0sec
PyAEDT INFO: Project temp_train_TSV_RDL_65_1783624885_26216 has been opened.
PyAEDT INFO: Active Design set to TSV_RDL
PyAEDT INFO: AEDT objects correctly read
PyAEDT INFO: Modeler class has been initialized! Elapsed time: 0m 0sec
PyAEDT INFO: Project temp_train_TSV_RDL_65_1783624885_26216 Saved correctly
PyAEDT INFO: Key Desktop/ActiveDSOConfigurations/HFSS correctly changed.
PyAEDT INFO: Solving all design setups. Analysis started...
PyAEDT INFO: Design setup None solved correctly in 0.0h 9.0m 55.0s
PyAEDT INFO: Key Desktop/ActiveDSOConfigurations/HFSS correctly changed.
PyAEDT INFO: Exporting Touchstone C:/ffzhzh/LocalFiles/Ansys_Project_Files/temp_train_TSV_RDL_63_1783624609_29156_SNP/temp_train_TSV_RDL_63_1783624609_29156.s2p
PyAEDT INFO: Touchstone correctly exported to C:/ffzhzh/LocalFiles/Ansys_Project_Files/temp_train_TSV_RDL_63_1783624609_29156_SNP/temp_train_TSV_RDL_63_1783624609_29156.s2p
[train / TSV_RDL - Task 63] simulation completed: C:\ffzhzh\SyncFiles\Temp\HFSS_sim\LHS400_Connection2\train\TSV_RDL\dut63.s2p
PyAEDT INFO: Desktop has been released and closed.
[train / TSV_RDL - Task 66] simulation started.
PyAEDT INFO: Python version 3.11.15 | packaged by Anaconda, Inc. | (main, Mar 11 2026, 17:12:15) [MSC v.1942 64 bit (AMD64)].
PyAEDT INFO: PyAEDT version 1.0.1.
PyAEDT INFO: Initializing new Desktop session.
PyAEDT INFO: AEDT version 2026.1.
PyAEDT INFO: New AEDT session is starting on gRPC port 1217.
PyAEDT INFO: Starting new AEDT gRPC session on port 1217.
PyAEDT INFO: Launching AEDT server with gRPC transport mode: TransportMode.WNUA
PyAEDT INFO: Electronics Desktop started on gRPC port 1217 after 5.0 seconds.
PyAEDT INFO: AEDT installation Path C:\Program Files\ANSYS Inc\v261\AnsysEM
PyAEDT INFO: Connected to AEDT gRPC session on port 1217.
PyAEDT INFO: Non-graphical mode detected. Disabling Desktop logs.
PyAEDT INFO: Parsing C:\ffzhzh\LocalFiles\Ansys_Project_Files\temp_train_TSV_RDL_66_1783625225_29156.aedt.
PyAEDT INFO: Python version 3.11.15 | packaged by Anaconda, Inc. | (main, Mar 11 2026, 17:12:15) [MSC v.1942 64 bit (AMD64)].
PyAEDT INFO: PyAEDT version 1.0.1.
PyAEDT INFO: Returning found Desktop session with PID 23032!
PyAEDT INFO: File C:\ffzhzh\LocalFiles\Ansys_Project_Files\temp_train_TSV_RDL_66_1783625225_29156.aedt correctly loaded. Elapsed time: 0m 0sec
PyAEDT INFO: Project temp_train_TSV_RDL_66_1783625225_29156 has been opened.
PyAEDT INFO: Active Design set to TSV_RDL
PyAEDT INFO: AEDT objects correctly read
PyAEDT INFO: Modeler class has been initialized! Elapsed time: 0m 0sec
PyAEDT INFO: Project temp_train_TSV_RDL_66_1783625225_29156 Saved correctly
PyAEDT INFO: Key Desktop/ActiveDSOConfigurations/HFSS correctly changed.
PyAEDT INFO: Solving all design setups. Analysis started...
PyAEDT INFO: Design setup None solved correctly in 0.0h 9.0m 56.0s
PyAEDT INFO: Key Desktop/ActiveDSOConfigurations/HFSS correctly changed.
PyAEDT INFO: Exporting Touchstone C:/ffzhzh/LocalFiles/Ansys_Project_Files/temp_train_TSV_RDL_66_1783625225_29156_SNP/temp_train_TSV_RDL_66_1783625225_29156.s2p
PyAEDT INFO: Touchstone correctly exported to C:/ffzhzh/LocalFiles/Ansys_Project_Files/temp_train_TSV_RDL_66_1783625225_29156_SNP/temp_train_TSV_RDL_66_1783625225_29156.s2p
[train / TSV_RDL - Task 66] simulation completed: C:\ffzhzh\SyncFiles\Temp\HFSS_sim\LHS400_Connection2\train\TSV_RDL\dut66.s2p
PyAEDT INFO: Desktop has been released and closed.
[train / TSV_RDL - Task 67] simulation started.
PyAEDT INFO: Python version 3.11.15 | packaged by Anaconda, Inc. | (main, Mar 11 2026, 17:12:15) [MSC v.1942 64 bit (AMD64)].
PyAEDT INFO: PyAEDT version 1.0.1.
PyAEDT INFO: Initializing new Desktop session.
PyAEDT INFO: AEDT version 2026.1.
PyAEDT INFO: New AEDT session is starting on gRPC port 5495.
PyAEDT INFO: Starting new AEDT gRPC session on port 5495.
PyAEDT INFO: Launching AEDT server with gRPC transport mode: TransportMode.WNUA
PyAEDT INFO: Electronics Desktop started on gRPC port 5495 after 5.1 seconds.
PyAEDT INFO: AEDT installation Path C:\Program Files\ANSYS Inc\v261\AnsysEM
PyAEDT INFO: Connected to AEDT gRPC session on port 5495.
PyAEDT INFO: Non-graphical mode detected. Disabling Desktop logs.
PyAEDT INFO: Parsing C:\ffzhzh\LocalFiles\Ansys_Project_Files\temp_train_TSV_RDL_67_1783625842_29156.aedt.
PyAEDT INFO: Python version 3.11.15 | packaged by Anaconda, Inc. | (main, Mar 11 2026, 17:12:15) [MSC v.1942 64 bit (AMD64)].
PyAEDT INFO: PyAEDT version 1.0.1.
PyAEDT INFO: Returning found Desktop session with PID 36944!
PyAEDT INFO: File C:\ffzhzh\LocalFiles\Ansys_Project_Files\temp_train_TSV_RDL_67_1783625842_29156.aedt correctly loaded. Elapsed time: 0m 0sec
PyAEDT INFO: Project temp_train_TSV_RDL_67_1783625842_29156 has been opened.
PyAEDT INFO: Active Design set to TSV_RDL
PyAEDT INFO: AEDT objects correctly read
PyAEDT INFO: Modeler class has been initialized! Elapsed time: 0m 0sec
PyAEDT INFO: Project temp_train_TSV_RDL_67_1783625842_29156 Saved correctly
PyAEDT INFO: Key Desktop/ActiveDSOConfigurations/HFSS correctly changed.
PyAEDT INFO: Solving all design setups. Analysis started...
PyAEDT INFO: Design setup None solved correctly in 0.0h 10.0m 45.0s
PyAEDT INFO: Key Desktop/ActiveDSOConfigurations/HFSS correctly changed.
PyAEDT INFO: Exporting Touchstone C:/ffzhzh/LocalFiles/Ansys_Project_Files/temp_train_TSV_RDL_67_1783625842_29156_SNP/temp_train_TSV_RDL_67_1783625842_29156.s2p
PyAEDT INFO: Touchstone correctly exported to C:/ffzhzh/LocalFiles/Ansys_Project_Files/temp_train_TSV_RDL_67_1783625842_29156_SNP/temp_train_TSV_RDL_67_1783625842_29156.s2p
PyAEDT INFO: Solving all design setups. Analysis started...
PyAEDT INFO: Design setup None solved correctly in 0.0h 26.0m 47.0s
PyAEDT INFO: Key Desktop/ActiveDSOConfigurations/HFSS correctly changed.
PyAEDT INFO: Exporting Touchstone C:/ffzhzh/LocalFiles/Ansys_Project_Files/temp_train_TSV_RDL_65_1783624885_26216_SNP/temp_train_TSV_RDL_65_1783624885_26216.s2p
PyAEDT INFO: Touchstone correctly exported to C:/ffzhzh/LocalFiles/Ansys_Project_Files/temp_train_TSV_RDL_65_1783624885_26216_SNP/temp_train_TSV_RDL_65_1783624885_26216.s2p
[train / TSV_RDL - Task 67] simulation completed: C:\ffzhzh\SyncFiles\Temp\HFSS_sim\LHS400_Connection2\train\TSV_RDL\dut67.s2p
PyAEDT INFO: Desktop has been released and closed.
[train / TSV_RDL - Task 68] simulation started.
PyAEDT INFO: Python version 3.11.15 | packaged by Anaconda, Inc. | (main, Mar 11 2026, 17:12:15) [MSC v.1942 64 bit (AMD64)].
PyAEDT INFO: PyAEDT version 1.0.1.
PyAEDT INFO: Initializing new Desktop session.
PyAEDT INFO: AEDT version 2026.1.
PyAEDT INFO: New AEDT session is starting on gRPC port 9931.
PyAEDT INFO: Starting new AEDT gRPC session on port 9931.
PyAEDT INFO: Launching AEDT server with gRPC transport mode: TransportMode.WNUA
[train / TSV_RDL - Task 65] simulation completed: C:\ffzhzh\SyncFiles\Temp\HFSS_sim\LHS400_Connection2\train\TSV_RDL\dut65.s2p
PyAEDT INFO: Desktop has been released and closed.
[train / TSV_RDL - Task 69] simulation started.
PyAEDT INFO: Python version 3.11.15 | packaged by Anaconda, Inc. | (main, Mar 11 2026, 17:12:15) [MSC v.1942 64 bit (AMD64)].
PyAEDT INFO: PyAEDT version 1.0.1.
PyAEDT INFO: Initializing new Desktop session.
PyAEDT INFO: AEDT version 2026.1.
PyAEDT INFO: New AEDT session is starting on gRPC port 4257.
PyAEDT INFO: Starting new AEDT gRPC session on port 4257.
PyAEDT INFO: Launching AEDT server with gRPC transport mode: TransportMode.WNUA
PyAEDT INFO: Electronics Desktop started on gRPC port 9931 after 4.9 seconds.
PyAEDT INFO: AEDT installation Path C:\Program Files\ANSYS Inc\v261\AnsysEM
PyAEDT INFO: Connected to AEDT gRPC session on port 9931.
PyAEDT INFO: Non-graphical mode detected. Disabling Desktop logs.
PyAEDT INFO: Python version 3.11.15 | packaged by Anaconda, Inc. | (main, Mar 11 2026, 17:12:15) [MSC v.1942 64 bit (AMD64)].
PyAEDT INFO: Parsing C:\ffzhzh\LocalFiles\Ansys_Project_Files\temp_train_TSV_RDL_68_1783626508_29156.aedt.
PyAEDT INFO: PyAEDT version 1.0.1.
PyAEDT INFO: Returning found Desktop session with PID 25564!
PyAEDT INFO: File C:\ffzhzh\LocalFiles\Ansys_Project_Files\temp_train_TSV_RDL_68_1783626508_29156.aedt correctly loaded. Elapsed time: 0m 0sec
PyAEDT INFO: Project temp_train_TSV_RDL_68_1783626508_29156 has been opened.
PyAEDT INFO: Active Design set to TSV_RDL
PyAEDT INFO: AEDT objects correctly read
PyAEDT INFO: Modeler class has been initialized! Elapsed time: 0m 0sec
PyAEDT INFO: Project temp_train_TSV_RDL_68_1783626508_29156 Saved correctly
PyAEDT INFO: Key Desktop/ActiveDSOConfigurations/HFSS correctly changed.
PyAEDT INFO: Electronics Desktop started on gRPC port 4257 after 4.8 seconds.
PyAEDT INFO: AEDT installation Path C:\Program Files\ANSYS Inc\v261\AnsysEM
PyAEDT INFO: Connected to AEDT gRPC session on port 4257.
PyAEDT INFO: Non-graphical mode detected. Disabling Desktop logs.
PyAEDT INFO: Parsing C:\ffzhzh\LocalFiles\Ansys_Project_Files\temp_train_TSV_RDL_69_1783626513_26216.aedt.
PyAEDT INFO: Python version 3.11.15 | packaged by Anaconda, Inc. | (main, Mar 11 2026, 17:12:15) [MSC v.1942 64 bit (AMD64)].
PyAEDT INFO: PyAEDT version 1.0.1.
PyAEDT INFO: Returning found Desktop session with PID 25108!
PyAEDT INFO: File C:\ffzhzh\LocalFiles\Ansys_Project_Files\temp_train_TSV_RDL_69_1783626513_26216.aedt correctly loaded. Elapsed time: 0m 0sec
PyAEDT INFO: Project temp_train_TSV_RDL_69_1783626513_26216 has been opened.
PyAEDT INFO: Active Design set to TSV_RDL
PyAEDT INFO: AEDT objects correctly read
PyAEDT INFO: Modeler class has been initialized! Elapsed time: 0m 0sec
PyAEDT INFO: Project temp_train_TSV_RDL_69_1783626513_26216 Saved correctly
PyAEDT INFO: Key Desktop/ActiveDSOConfigurations/HFSS correctly changed.
PyAEDT INFO: Solving all design setups. Analysis started...
PyAEDT INFO: Design setup None solved correctly in 0.0h 36.0m 2.0s
PyAEDT INFO: Key Desktop/ActiveDSOConfigurations/HFSS correctly changed.
PyAEDT INFO: Exporting Touchstone C:/ffzhzh/LocalFiles/Ansys_Project_Files/temp_train_TSV_RDL_64_1783624870_33328_SNP/temp_train_TSV_RDL_64_1783624870_33328.s2p
PyAEDT INFO: Touchstone correctly exported to C:/ffzhzh/LocalFiles/Ansys_Project_Files/temp_train_TSV_RDL_64_1783624870_33328_SNP/temp_train_TSV_RDL_64_1783624870_33328.s2p
PyAEDT INFO: Solving all design setups. Analysis started...
PyAEDT INFO: Design setup None solved correctly in 0.0h 8.0m 51.0s
PyAEDT INFO: Key Desktop/ActiveDSOConfigurations/HFSS correctly changed.
PyAEDT INFO: Exporting Touchstone C:/ffzhzh/LocalFiles/Ansys_Project_Files/temp_train_TSV_RDL_68_1783626508_29156_SNP/temp_train_TSV_RDL_68_1783626508_29156.s2p
PyAEDT INFO: Touchstone correctly exported to C:/ffzhzh/LocalFiles/Ansys_Project_Files/temp_train_TSV_RDL_68_1783626508_29156_SNP/temp_train_TSV_RDL_68_1783626508_29156.s2p
[train / TSV_RDL - Task 64] simulation completed: C:\ffzhzh\SyncFiles\Temp\HFSS_sim\LHS400_Connection2\train\TSV_RDL\dut64.s2p
PyAEDT INFO: Desktop has been released and closed.
[train / TSV_RDL - Task 70] simulation started.
PyAEDT INFO: Python version 3.11.15 | packaged by Anaconda, Inc. | (main, Mar 11 2026, 17:12:15) [MSC v.1942 64 bit (AMD64)].
PyAEDT INFO: PyAEDT version 1.0.1.
PyAEDT INFO: Initializing new Desktop session.
PyAEDT INFO: AEDT version 2026.1.
PyAEDT INFO: New AEDT session is starting on gRPC port 2939.
PyAEDT INFO: Starting new AEDT gRPC session on port 2939.
PyAEDT INFO: Launching AEDT server with gRPC transport mode: TransportMode.WNUA
[train / TSV_RDL - Task 68] simulation completed: C:\ffzhzh\SyncFiles\Temp\HFSS_sim\LHS400_Connection2\train\TSV_RDL\dut68.s2p
PyAEDT INFO: Desktop has been released and closed.
[train / TSV_RDL - Task 71] simulation started.
PyAEDT INFO: Python version 3.11.15 | packaged by Anaconda, Inc. | (main, Mar 11 2026, 17:12:15) [MSC v.1942 64 bit (AMD64)].
PyAEDT INFO: PyAEDT version 1.0.1.
PyAEDT INFO: Initializing new Desktop session.
PyAEDT INFO: AEDT version 2026.1.
PyAEDT INFO: New AEDT session is starting on gRPC port 3678.
PyAEDT INFO: Starting new AEDT gRPC session on port 3678.
PyAEDT INFO: Launching AEDT server with gRPC transport mode: TransportMode.WNUA
PyAEDT INFO: Electronics Desktop started on gRPC port 2939 after 4.8 seconds.
PyAEDT INFO: AEDT installation Path C:\Program Files\ANSYS Inc\v261\AnsysEM
PyAEDT INFO: Connected to AEDT gRPC session on port 2939.
PyAEDT INFO: Non-graphical mode detected. Disabling Desktop logs.
PyAEDT INFO: Parsing C:\ffzhzh\LocalFiles\Ansys_Project_Files\temp_train_TSV_RDL_70_1783627054_33328.aedt.
PyAEDT INFO: Python version 3.11.15 | packaged by Anaconda, Inc. | (main, Mar 11 2026, 17:12:15) [MSC v.1942 64 bit (AMD64)].
PyAEDT INFO: PyAEDT version 1.0.1.
PyAEDT INFO: Returning found Desktop session with PID 39340!
PyAEDT INFO: File C:\ffzhzh\LocalFiles\Ansys_Project_Files\temp_train_TSV_RDL_70_1783627054_33328.aedt correctly loaded. Elapsed time: 0m 0sec
PyAEDT INFO: Project temp_train_TSV_RDL_70_1783627054_33328 has been opened.
PyAEDT INFO: Active Design set to TSV_RDL
PyAEDT INFO: AEDT objects correctly read
PyAEDT INFO: Modeler class has been initialized! Elapsed time: 0m 0sec
PyAEDT INFO: Project temp_train_TSV_RDL_70_1783627054_33328 Saved correctly
PyAEDT INFO: Key Desktop/ActiveDSOConfigurations/HFSS correctly changed.
PyAEDT INFO: Electronics Desktop started on gRPC port 3678 after 4.9 seconds.
PyAEDT INFO: AEDT installation Path C:\Program Files\ANSYS Inc\v261\AnsysEM
PyAEDT INFO: Connected to AEDT gRPC session on port 3678.
PyAEDT INFO: Non-graphical mode detected. Disabling Desktop logs.
PyAEDT INFO: Parsing C:\ffzhzh\LocalFiles\Ansys_Project_Files\temp_train_TSV_RDL_71_1783627058_29156.aedt.
PyAEDT INFO: Python version 3.11.15 | packaged by Anaconda, Inc. | (main, Mar 11 2026, 17:12:15) [MSC v.1942 64 bit (AMD64)].
PyAEDT INFO: PyAEDT version 1.0.1.
PyAEDT INFO: Returning found Desktop session with PID 29084!
PyAEDT INFO: File C:\ffzhzh\LocalFiles\Ansys_Project_Files\temp_train_TSV_RDL_71_1783627058_29156.aedt correctly loaded. Elapsed time: 0m 0sec
PyAEDT INFO: Project temp_train_TSV_RDL_71_1783627058_29156 has been opened.
PyAEDT INFO: Active Design set to TSV_RDL
PyAEDT INFO: AEDT objects correctly read
PyAEDT INFO: Modeler class has been initialized! Elapsed time: 0m 0sec
PyAEDT INFO: Project temp_train_TSV_RDL_71_1783627058_29156 Saved correctly
PyAEDT INFO: Key Desktop/ActiveDSOConfigurations/HFSS correctly changed.
PyAEDT INFO: Solving all design setups. Analysis started...
PyAEDT INFO: Design setup None solved correctly in 0.0h 7.0m 8.0s
PyAEDT INFO: Key Desktop/ActiveDSOConfigurations/HFSS correctly changed.
PyAEDT INFO: Exporting Touchstone C:/ffzhzh/LocalFiles/Ansys_Project_Files/temp_train_TSV_RDL_70_1783627054_33328_SNP/temp_train_TSV_RDL_70_1783627054_33328.s2p
PyAEDT INFO: Touchstone correctly exported to C:/ffzhzh/LocalFiles/Ansys_Project_Files/temp_train_TSV_RDL_70_1783627054_33328_SNP/temp_train_TSV_RDL_70_1783627054_33328.s2p
[train / TSV_RDL - Task 70] simulation completed: C:\ffzhzh\SyncFiles\Temp\HFSS_sim\LHS400_Connection2\train\TSV_RDL\dut70.s2p
PyAEDT INFO: Desktop has been released and closed.
[train / TSV_RDL - Task 72] simulation started.
PyAEDT INFO: Python version 3.11.15 | packaged by Anaconda, Inc. | (main, Mar 11 2026, 17:12:15) [MSC v.1942 64 bit (AMD64)].
PyAEDT INFO: PyAEDT version 1.0.1.
PyAEDT INFO: Initializing new Desktop session.
PyAEDT INFO: AEDT version 2026.1.
PyAEDT INFO: New AEDT session is starting on gRPC port 5937.
PyAEDT INFO: Starting new AEDT gRPC session on port 5937.
PyAEDT INFO: Launching AEDT server with gRPC transport mode: TransportMode.WNUA
PyAEDT INFO: Electronics Desktop started on gRPC port 5937 after 5.1 seconds.
PyAEDT INFO: AEDT installation Path C:\Program Files\ANSYS Inc\v261\AnsysEM
PyAEDT INFO: Connected to AEDT gRPC session on port 5937.
PyAEDT INFO: Non-graphical mode detected. Disabling Desktop logs.
PyAEDT INFO: Parsing C:\ffzhzh\LocalFiles\Ansys_Project_Files\temp_train_TSV_RDL_72_1783627496_33328.aedt.
PyAEDT INFO: Python version 3.11.15 | packaged by Anaconda, Inc. | (main, Mar 11 2026, 17:12:15) [MSC v.1942 64 bit (AMD64)].
PyAEDT INFO: PyAEDT version 1.0.1.
PyAEDT INFO: Returning found Desktop session with PID 12208!
PyAEDT INFO: File C:\ffzhzh\LocalFiles\Ansys_Project_Files\temp_train_TSV_RDL_72_1783627496_33328.aedt correctly loaded. Elapsed time: 0m 0sec
PyAEDT INFO: Project temp_train_TSV_RDL_72_1783627496_33328 has been opened.
PyAEDT INFO: Active Design set to TSV_RDL
PyAEDT INFO: AEDT objects correctly read
PyAEDT INFO: Modeler class has been initialized! Elapsed time: 0m 0sec
PyAEDT INFO: Project temp_train_TSV_RDL_72_1783627496_33328 Saved correctly
PyAEDT INFO: Key Desktop/ActiveDSOConfigurations/HFSS correctly changed.
PyAEDT INFO: Solving all design setups. Analysis started...
PyAEDT INFO: Design setup None solved correctly in 0.0h 7.0m 39.0s
PyAEDT INFO: Key Desktop/ActiveDSOConfigurations/HFSS correctly changed.
PyAEDT INFO: Exporting Touchstone C:/ffzhzh/LocalFiles/Ansys_Project_Files/temp_train_TSV_RDL_71_1783627058_29156_SNP/temp_train_TSV_RDL_71_1783627058_29156.s2p
PyAEDT INFO: Touchstone correctly exported to C:/ffzhzh/LocalFiles/Ansys_Project_Files/temp_train_TSV_RDL_71_1783627058_29156_SNP/temp_train_TSV_RDL_71_1783627058_29156.s2p
[train / TSV_RDL - Task 71] simulation completed: C:\ffzhzh\SyncFiles\Temp\HFSS_sim\LHS400_Connection2\train\TSV_RDL\dut71.s2p
PyAEDT INFO: Desktop has been released and closed.
[train / TSV_RDL - Task 73] simulation started.
PyAEDT INFO: Python version 3.11.15 | packaged by Anaconda, Inc. | (main, Mar 11 2026, 17:12:15) [MSC v.1942 64 bit (AMD64)].
PyAEDT INFO: PyAEDT version 1.0.1.
PyAEDT INFO: Initializing new Desktop session.
PyAEDT INFO: AEDT version 2026.1.
PyAEDT INFO: New AEDT session is starting on gRPC port 8743.
PyAEDT INFO: Starting new AEDT gRPC session on port 8743.
PyAEDT INFO: Launching AEDT server with gRPC transport mode: TransportMode.WNUA
PyAEDT INFO: Electronics Desktop started on gRPC port 8743 after 4.9 seconds.
PyAEDT INFO: AEDT installation Path C:\Program Files\ANSYS Inc\v261\AnsysEM
PyAEDT INFO: Connected to AEDT gRPC session on port 8743.
PyAEDT INFO: Non-graphical mode detected. Disabling Desktop logs.
PyAEDT INFO: Parsing C:\ffzhzh\LocalFiles\Ansys_Project_Files\temp_train_TSV_RDL_73_1783627528_29156.aedt.
PyAEDT INFO: Python version 3.11.15 | packaged by Anaconda, Inc. | (main, Mar 11 2026, 17:12:15) [MSC v.1942 64 bit (AMD64)].
PyAEDT INFO: PyAEDT version 1.0.1.
PyAEDT INFO: Returning found Desktop session with PID 19012!
PyAEDT INFO: File C:\ffzhzh\LocalFiles\Ansys_Project_Files\temp_train_TSV_RDL_73_1783627528_29156.aedt correctly loaded. Elapsed time: 0m 0sec
PyAEDT INFO: Project temp_train_TSV_RDL_73_1783627528_29156 has been opened.
PyAEDT INFO: Active Design set to TSV_RDL
PyAEDT INFO: AEDT objects correctly read
PyAEDT INFO: Modeler class has been initialized! Elapsed time: 0m 0sec
PyAEDT INFO: Project temp_train_TSV_RDL_73_1783627528_29156 Saved correctly
PyAEDT INFO: Key Desktop/ActiveDSOConfigurations/HFSS correctly changed.
PyAEDT INFO: Solving all design setups. Analysis started...
PyAEDT INFO: Design setup None solved correctly in 0.0h 7.0m 2.0s
PyAEDT INFO: Key Desktop/ActiveDSOConfigurations/HFSS correctly changed.
PyAEDT INFO: Exporting Touchstone C:/ffzhzh/LocalFiles/Ansys_Project_Files/temp_train_TSV_RDL_72_1783627496_33328_SNP/temp_train_TSV_RDL_72_1783627496_33328.s2p
PyAEDT INFO: Touchstone correctly exported to C:/ffzhzh/LocalFiles/Ansys_Project_Files/temp_train_TSV_RDL_72_1783627496_33328_SNP/temp_train_TSV_RDL_72_1783627496_33328.s2p
[train / TSV_RDL - Task 72] simulation completed: C:\ffzhzh\SyncFiles\Temp\HFSS_sim\LHS400_Connection2\train\TSV_RDL\dut72.s2p
PyAEDT INFO: Desktop has been released and closed.
[train / TSV_RDL - Task 74] simulation started.
PyAEDT INFO: Python version 3.11.15 | packaged by Anaconda, Inc. | (main, Mar 11 2026, 17:12:15) [MSC v.1942 64 bit (AMD64)].
PyAEDT INFO: PyAEDT version 1.0.1.
PyAEDT INFO: Initializing new Desktop session.
PyAEDT INFO: AEDT version 2026.1.
PyAEDT INFO: New AEDT session is starting on gRPC port 1721.
PyAEDT INFO: Starting new AEDT gRPC session on port 1721.
PyAEDT INFO: Launching AEDT server with gRPC transport mode: TransportMode.WNUA
PyAEDT INFO: Electronics Desktop started on gRPC port 1721 after 5.0 seconds.
PyAEDT INFO: AEDT installation Path C:\Program Files\ANSYS Inc\v261\AnsysEM
PyAEDT INFO: Connected to AEDT gRPC session on port 1721.
PyAEDT INFO: Non-graphical mode detected. Disabling Desktop logs.
PyAEDT INFO: Parsing C:\ffzhzh\LocalFiles\Ansys_Project_Files\temp_train_TSV_RDL_74_1783627931_33328.aedt.
PyAEDT INFO: Python version 3.11.15 | packaged by Anaconda, Inc. | (main, Mar 11 2026, 17:12:15) [MSC v.1942 64 bit (AMD64)].
PyAEDT INFO: PyAEDT version 1.0.1.
PyAEDT INFO: Returning found Desktop session with PID 14388!
PyAEDT INFO: File C:\ffzhzh\LocalFiles\Ansys_Project_Files\temp_train_TSV_RDL_74_1783627931_33328.aedt correctly loaded. Elapsed time: 0m 0sec
PyAEDT INFO: Project temp_train_TSV_RDL_74_1783627931_33328 has been opened.
PyAEDT INFO: Active Design set to TSV_RDL
PyAEDT INFO: AEDT objects correctly read
PyAEDT INFO: Modeler class has been initialized! Elapsed time: 0m 0sec
PyAEDT INFO: Project temp_train_TSV_RDL_74_1783627931_33328 Saved correctly
PyAEDT INFO: Key Desktop/ActiveDSOConfigurations/HFSS correctly changed.
PyAEDT INFO: Solving all design setups. Analysis started...
PyAEDT INFO: Design setup None solved correctly in 0.0h 24.0m 56.0s
PyAEDT INFO: Key Desktop/ActiveDSOConfigurations/HFSS correctly changed.
PyAEDT INFO: Exporting Touchstone C:/ffzhzh/LocalFiles/Ansys_Project_Files/temp_train_TSV_RDL_69_1783626513_26216_SNP/temp_train_TSV_RDL_69_1783626513_26216.s2p
PyAEDT INFO: Touchstone correctly exported to C:/ffzhzh/LocalFiles/Ansys_Project_Files/temp_train_TSV_RDL_69_1783626513_26216_SNP/temp_train_TSV_RDL_69_1783626513_26216.s2p
[train / TSV_RDL - Task 69] simulation completed: C:\ffzhzh\SyncFiles\Temp\HFSS_sim\LHS400_Connection2\train\TSV_RDL\dut69.s2p
PyAEDT INFO: Desktop has been released and closed.
[train / TSV_RDL - Task 75] simulation started.
PyAEDT INFO: Python version 3.11.15 | packaged by Anaconda, Inc. | (main, Mar 11 2026, 17:12:15) [MSC v.1942 64 bit (AMD64)].
PyAEDT INFO: PyAEDT version 1.0.1.
PyAEDT INFO: Initializing new Desktop session.
PyAEDT INFO: AEDT version 2026.1.
PyAEDT INFO: New AEDT session is starting on gRPC port 2144.
PyAEDT INFO: Starting new AEDT gRPC session on port 2144.
PyAEDT INFO: Launching AEDT server with gRPC transport mode: TransportMode.WNUA
PyAEDT INFO: Electronics Desktop started on gRPC port 2144 after 5.0 seconds.
PyAEDT INFO: AEDT installation Path C:\Program Files\ANSYS Inc\v261\AnsysEM
PyAEDT INFO: Connected to AEDT gRPC session on port 2144.
PyAEDT INFO: Non-graphical mode detected. Disabling Desktop logs.
PyAEDT INFO: Python version 3.11.15 | packaged by Anaconda, Inc. | (main, Mar 11 2026, 17:12:15) [MSC v.1942 64 bit (AMD64)].
PyAEDT INFO: Parsing C:\ffzhzh\LocalFiles\Ansys_Project_Files\temp_train_TSV_RDL_75_1783628022_26216.aedt.
PyAEDT INFO: PyAEDT version 1.0.1.
PyAEDT INFO: Returning found Desktop session with PID 22592!
PyAEDT INFO: File C:\ffzhzh\LocalFiles\Ansys_Project_Files\temp_train_TSV_RDL_75_1783628022_26216.aedt correctly loaded. Elapsed time: 0m 0sec
PyAEDT INFO: Project temp_train_TSV_RDL_75_1783628022_26216 has been opened.
PyAEDT INFO: Active Design set to TSV_RDL
PyAEDT INFO: AEDT objects correctly read
PyAEDT INFO: Modeler class has been initialized! Elapsed time: 0m 0sec
PyAEDT INFO: Project temp_train_TSV_RDL_75_1783628022_26216 Saved correctly
PyAEDT INFO: Key Desktop/ActiveDSOConfigurations/HFSS correctly changed.
PyAEDT INFO: Solving all design setups. Analysis started...
PyAEDT INFO: Design setup None solved correctly in 0.0h 10.0m 12.0s
PyAEDT INFO: Key Desktop/ActiveDSOConfigurations/HFSS correctly changed.
PyAEDT INFO: Exporting Touchstone C:/ffzhzh/LocalFiles/Ansys_Project_Files/temp_train_TSV_RDL_73_1783627528_29156_SNP/temp_train_TSV_RDL_73_1783627528_29156.s2p
PyAEDT INFO: Touchstone correctly exported to C:/ffzhzh/LocalFiles/Ansys_Project_Files/temp_train_TSV_RDL_73_1783627528_29156_SNP/temp_train_TSV_RDL_73_1783627528_29156.s2p
[train / TSV_RDL - Task 73] simulation completed: C:\ffzhzh\SyncFiles\Temp\HFSS_sim\LHS400_Connection2\train\TSV_RDL\dut73.s2p
PyAEDT INFO: Desktop has been released and closed.
[train / TSV_RDL - Task 76] simulation started.
PyAEDT INFO: Python version 3.11.15 | packaged by Anaconda, Inc. | (main, Mar 11 2026, 17:12:15) [MSC v.1942 64 bit (AMD64)].
PyAEDT INFO: PyAEDT version 1.0.1.
PyAEDT INFO: Initializing new Desktop session.
PyAEDT INFO: AEDT version 2026.1.
PyAEDT INFO: New AEDT session is starting on gRPC port 4534.
PyAEDT INFO: Starting new AEDT gRPC session on port 4534.
PyAEDT INFO: Launching AEDT server with gRPC transport mode: TransportMode.WNUA
PyAEDT INFO: Electronics Desktop started on gRPC port 4534 after 4.9 seconds.
PyAEDT INFO: AEDT installation Path C:\Program Files\ANSYS Inc\v261\AnsysEM
PyAEDT INFO: Connected to AEDT gRPC session on port 4534.
PyAEDT INFO: Non-graphical mode detected. Disabling Desktop logs.
PyAEDT INFO: Parsing C:\ffzhzh\LocalFiles\Ansys_Project_Files\temp_train_TSV_RDL_76_1783628159_29156.aedt.
PyAEDT INFO: Python version 3.11.15 | packaged by Anaconda, Inc. | (main, Mar 11 2026, 17:12:15) [MSC v.1942 64 bit (AMD64)].
PyAEDT INFO: PyAEDT version 1.0.1.
PyAEDT INFO: Returning found Desktop session with PID 2696!
PyAEDT INFO: File C:\ffzhzh\LocalFiles\Ansys_Project_Files\temp_train_TSV_RDL_76_1783628159_29156.aedt correctly loaded. Elapsed time: 0m 0sec
PyAEDT INFO: Project temp_train_TSV_RDL_76_1783628159_29156 has been opened.
PyAEDT INFO: Active Design set to TSV_RDL
PyAEDT INFO: AEDT objects correctly read
PyAEDT INFO: Modeler class has been initialized! Elapsed time: 0m 0sec
PyAEDT INFO: Project temp_train_TSV_RDL_76_1783628159_29156 Saved correctly
PyAEDT INFO: Key Desktop/ActiveDSOConfigurations/HFSS correctly changed.
PyAEDT INFO: Solving all design setups. Analysis started...
PyAEDT INFO: Design setup None solved correctly in 0.0h 8.0m 49.0s
PyAEDT INFO: Key Desktop/ActiveDSOConfigurations/HFSS correctly changed.
PyAEDT INFO: Exporting Touchstone C:/ffzhzh/LocalFiles/Ansys_Project_Files/temp_train_TSV_RDL_74_1783627931_33328_SNP/temp_train_TSV_RDL_74_1783627931_33328.s2p
PyAEDT INFO: Touchstone correctly exported to C:/ffzhzh/LocalFiles/Ansys_Project_Files/temp_train_TSV_RDL_74_1783627931_33328_SNP/temp_train_TSV_RDL_74_1783627931_33328.s2p
[train / TSV_RDL - Task 74] simulation completed: C:\ffzhzh\SyncFiles\Temp\HFSS_sim\LHS400_Connection2\train\TSV_RDL\dut74.s2p
PyAEDT INFO: Desktop has been released and closed.
[train / TSV_RDL - Task 77] simulation started.
PyAEDT INFO: Python version 3.11.15 | packaged by Anaconda, Inc. | (main, Mar 11 2026, 17:12:15) [MSC v.1942 64 bit (AMD64)].
PyAEDT INFO: PyAEDT version 1.0.1.
PyAEDT INFO: Initializing new Desktop session.
PyAEDT INFO: AEDT version 2026.1.
PyAEDT INFO: New AEDT session is starting on gRPC port 3888.
PyAEDT INFO: Starting new AEDT gRPC session on port 3888.
PyAEDT INFO: Launching AEDT server with gRPC transport mode: TransportMode.WNUA
PyAEDT INFO: Electronics Desktop started on gRPC port 3888 after 4.9 seconds.
PyAEDT INFO: AEDT installation Path C:\Program Files\ANSYS Inc\v261\AnsysEM
PyAEDT INFO: Connected to AEDT gRPC session on port 3888.
PyAEDT INFO: Non-graphical mode detected. Disabling Desktop logs.
PyAEDT INFO: Parsing C:\ffzhzh\LocalFiles\Ansys_Project_Files\temp_train_TSV_RDL_77_1783628482_33328.aedt.
PyAEDT INFO: Python version 3.11.15 | packaged by Anaconda, Inc. | (main, Mar 11 2026, 17:12:15) [MSC v.1942 64 bit (AMD64)].
PyAEDT INFO: PyAEDT version 1.0.1.
PyAEDT INFO: Returning found Desktop session with PID 17892!
PyAEDT INFO: File C:\ffzhzh\LocalFiles\Ansys_Project_Files\temp_train_TSV_RDL_77_1783628482_33328.aedt correctly loaded. Elapsed time: 0m 0sec
PyAEDT INFO: Project temp_train_TSV_RDL_77_1783628482_33328 has been opened.
PyAEDT INFO: Active Design set to TSV_RDL
PyAEDT INFO: AEDT objects correctly read
PyAEDT INFO: Modeler class has been initialized! Elapsed time: 0m 0sec
PyAEDT INFO: Project temp_train_TSV_RDL_77_1783628482_33328 Saved correctly
PyAEDT INFO: Key Desktop/ActiveDSOConfigurations/HFSS correctly changed.
PyAEDT INFO: Solving all design setups. Analysis started...
PyAEDT INFO: Design setup None solved correctly in 0.0h 7.0m 28.0s
PyAEDT INFO: Key Desktop/ActiveDSOConfigurations/HFSS correctly changed.
PyAEDT INFO: Exporting Touchstone C:/ffzhzh/LocalFiles/Ansys_Project_Files/temp_train_TSV_RDL_76_1783628159_29156_SNP/temp_train_TSV_RDL_76_1783628159_29156.s2p
PyAEDT INFO: Touchstone correctly exported to C:/ffzhzh/LocalFiles/Ansys_Project_Files/temp_train_TSV_RDL_76_1783628159_29156_SNP/temp_train_TSV_RDL_76_1783628159_29156.s2p
[train / TSV_RDL - Task 76] simulation completed: C:\ffzhzh\SyncFiles\Temp\HFSS_sim\LHS400_Connection2\train\TSV_RDL\dut76.s2p
PyAEDT INFO: Desktop has been released and closed.
[train / TSV_RDL - Task 78] simulation started.
PyAEDT INFO: Python version 3.11.15 | packaged by Anaconda, Inc. | (main, Mar 11 2026, 17:12:15) [MSC v.1942 64 bit (AMD64)].
PyAEDT INFO: PyAEDT version 1.0.1.
PyAEDT INFO: Initializing new Desktop session.
PyAEDT INFO: AEDT version 2026.1.
PyAEDT INFO: New AEDT session is starting on gRPC port 3644.
PyAEDT INFO: Starting new AEDT gRPC session on port 3644.
PyAEDT INFO: Launching AEDT server with gRPC transport mode: TransportMode.WNUA
PyAEDT INFO: Electronics Desktop started on gRPC port 3644 after 4.9 seconds.
PyAEDT INFO: AEDT installation Path C:\Program Files\ANSYS Inc\v261\AnsysEM
PyAEDT INFO: Connected to AEDT gRPC session on port 3644.
PyAEDT INFO: Non-graphical mode detected. Disabling Desktop logs.
PyAEDT INFO: Parsing C:\ffzhzh\LocalFiles\Ansys_Project_Files\temp_train_TSV_RDL_78_1783628626_29156.aedt.
PyAEDT INFO: Python version 3.11.15 | packaged by Anaconda, Inc. | (main, Mar 11 2026, 17:12:15) [MSC v.1942 64 bit (AMD64)].
PyAEDT INFO: PyAEDT version 1.0.1.
PyAEDT INFO: Returning found Desktop session with PID 18460!
PyAEDT INFO: File C:\ffzhzh\LocalFiles\Ansys_Project_Files\temp_train_TSV_RDL_78_1783628626_29156.aedt correctly loaded. Elapsed time: 0m 0sec
PyAEDT INFO: Project temp_train_TSV_RDL_78_1783628626_29156 has been opened.
PyAEDT INFO: Active Design set to TSV_RDL
PyAEDT INFO: AEDT objects correctly read
PyAEDT INFO: Modeler class has been initialized! Elapsed time: 0m 0sec
PyAEDT INFO: Project temp_train_TSV_RDL_78_1783628626_29156 Saved correctly
PyAEDT INFO: Key Desktop/ActiveDSOConfigurations/HFSS correctly changed.
PyAEDT INFO: Solving all design setups. Analysis started...
PyAEDT INFO: Design setup None solved correctly in 0.0h 7.0m 53.0s
PyAEDT INFO: Key Desktop/ActiveDSOConfigurations/HFSS correctly changed.
PyAEDT INFO: Exporting Touchstone C:/ffzhzh/LocalFiles/Ansys_Project_Files/temp_train_TSV_RDL_77_1783628482_33328_SNP/temp_train_TSV_RDL_77_1783628482_33328.s2p
PyAEDT INFO: Touchstone correctly exported to C:/ffzhzh/LocalFiles/Ansys_Project_Files/temp_train_TSV_RDL_77_1783628482_33328_SNP/temp_train_TSV_RDL_77_1783628482_33328.s2p
[train / TSV_RDL - Task 77] simulation completed: C:\ffzhzh\SyncFiles\Temp\HFSS_sim\LHS400_Connection2\train\TSV_RDL\dut77.s2p
PyAEDT INFO: Desktop has been released and closed.
[train / TSV_RDL - Task 79] simulation started.
PyAEDT INFO: Python version 3.11.15 | packaged by Anaconda, Inc. | (main, Mar 11 2026, 17:12:15) [MSC v.1942 64 bit (AMD64)].
PyAEDT INFO: PyAEDT version 1.0.1.
PyAEDT INFO: Initializing new Desktop session.
PyAEDT INFO: AEDT version 2026.1.
PyAEDT INFO: New AEDT session is starting on gRPC port 1561.
PyAEDT INFO: Starting new AEDT gRPC session on port 1561.
PyAEDT INFO: Launching AEDT server with gRPC transport mode: TransportMode.WNUA
PyAEDT INFO: Electronics Desktop started on gRPC port 1561 after 5.0 seconds.
PyAEDT INFO: AEDT installation Path C:\Program Files\ANSYS Inc\v261\AnsysEM
PyAEDT INFO: Connected to AEDT gRPC session on port 1561.
PyAEDT INFO: Non-graphical mode detected. Disabling Desktop logs.
PyAEDT INFO: Parsing C:\ffzhzh\LocalFiles\Ansys_Project_Files\temp_train_TSV_RDL_79_1783628966_33328.aedt.
PyAEDT INFO: Python version 3.11.15 | packaged by Anaconda, Inc. | (main, Mar 11 2026, 17:12:15) [MSC v.1942 64 bit (AMD64)].
PyAEDT INFO: PyAEDT version 1.0.1.
PyAEDT INFO: Returning found Desktop session with PID 39616!
PyAEDT INFO: File C:\ffzhzh\LocalFiles\Ansys_Project_Files\temp_train_TSV_RDL_79_1783628966_33328.aedt correctly loaded. Elapsed time: 0m 0sec
PyAEDT INFO: Project temp_train_TSV_RDL_79_1783628966_33328 has been opened.
PyAEDT INFO: Active Design set to TSV_RDL
PyAEDT INFO: AEDT objects correctly read
PyAEDT INFO: Modeler class has been initialized! Elapsed time: 0m 0sec
PyAEDT INFO: Project temp_train_TSV_RDL_79_1783628966_33328 Saved correctly
PyAEDT INFO: Key Desktop/ActiveDSOConfigurations/HFSS correctly changed.
PyAEDT INFO: Solving all design setups. Analysis started...
PyAEDT INFO: Design setup None solved correctly in 0.0h 8.0m 7.0s
PyAEDT INFO: Key Desktop/ActiveDSOConfigurations/HFSS correctly changed.
PyAEDT INFO: Exporting Touchstone C:/ffzhzh/LocalFiles/Ansys_Project_Files/temp_train_TSV_RDL_78_1783628626_29156_SNP/temp_train_TSV_RDL_78_1783628626_29156.s2p
PyAEDT INFO: Touchstone correctly exported to C:/ffzhzh/LocalFiles/Ansys_Project_Files/temp_train_TSV_RDL_78_1783628626_29156_SNP/temp_train_TSV_RDL_78_1783628626_29156.s2p
[train / TSV_RDL - Task 78] simulation completed: C:\ffzhzh\SyncFiles\Temp\HFSS_sim\LHS400_Connection2\train\TSV_RDL\dut78.s2p
PyAEDT INFO: Desktop has been released and closed.
[train / TSV_RDL - Task 80] simulation started.
PyAEDT INFO: Python version 3.11.15 | packaged by Anaconda, Inc. | (main, Mar 11 2026, 17:12:15) [MSC v.1942 64 bit (AMD64)].
PyAEDT INFO: PyAEDT version 1.0.1.
PyAEDT INFO: Initializing new Desktop session.
PyAEDT INFO: AEDT version 2026.1.
PyAEDT INFO: New AEDT session is starting on gRPC port 8882.
PyAEDT INFO: Starting new AEDT gRPC session on port 8882.
PyAEDT INFO: Launching AEDT server with gRPC transport mode: TransportMode.WNUA
PyAEDT INFO: Electronics Desktop started on gRPC port 8882 after 5.0 seconds.
PyAEDT INFO: AEDT installation Path C:\Program Files\ANSYS Inc\v261\AnsysEM
PyAEDT INFO: Connected to AEDT gRPC session on port 8882.
PyAEDT INFO: Non-graphical mode detected. Disabling Desktop logs.
PyAEDT INFO: Python version 3.11.15 | packaged by Anaconda, Inc. | (main, Mar 11 2026, 17:12:15) [MSC v.1942 64 bit (AMD64)].
PyAEDT INFO: Parsing C:\ffzhzh\LocalFiles\Ansys_Project_Files\temp_train_TSV_RDL_80_1783629131_29156.aedt.
PyAEDT INFO: PyAEDT version 1.0.1.
PyAEDT INFO: Returning found Desktop session with PID 35056!
PyAEDT INFO: File C:\ffzhzh\LocalFiles\Ansys_Project_Files\temp_train_TSV_RDL_80_1783629131_29156.aedt correctly loaded. Elapsed time: 0m 0sec
PyAEDT INFO: Project temp_train_TSV_RDL_80_1783629131_29156 has been opened.
PyAEDT INFO: Active Design set to TSV_RDL
PyAEDT INFO: AEDT objects correctly read
PyAEDT INFO: Modeler class has been initialized! Elapsed time: 0m 0sec
PyAEDT INFO: Project temp_train_TSV_RDL_80_1783629131_29156 Saved correctly
PyAEDT INFO: Key Desktop/ActiveDSOConfigurations/HFSS correctly changed.
PyAEDT INFO: Solving all design setups. Analysis started...
PyAEDT INFO: Design setup None solved correctly in 0.0h 22.0m 45.0s
PyAEDT INFO: Key Desktop/ActiveDSOConfigurations/HFSS correctly changed.
PyAEDT INFO: Exporting Touchstone C:/ffzhzh/LocalFiles/Ansys_Project_Files/temp_train_TSV_RDL_75_1783628022_26216_SNP/temp_train_TSV_RDL_75_1783628022_26216.s2p
PyAEDT INFO: Touchstone correctly exported to C:/ffzhzh/LocalFiles/Ansys_Project_Files/temp_train_TSV_RDL_75_1783628022_26216_SNP/temp_train_TSV_RDL_75_1783628022_26216.s2p
[train / TSV_RDL - Task 75] simulation completed: C:\ffzhzh\SyncFiles\Temp\HFSS_sim\LHS400_Connection2\train\TSV_RDL\dut75.s2p
PyAEDT INFO: Desktop has been released and closed.
[train / TSV_RDL - Task 81] simulation started.
PyAEDT INFO: Python version 3.11.15 | packaged by Anaconda, Inc. | (main, Mar 11 2026, 17:12:15) [MSC v.1942 64 bit (AMD64)].
PyAEDT INFO: PyAEDT version 1.0.1.
PyAEDT INFO: Initializing new Desktop session.
PyAEDT INFO: AEDT version 2026.1.
PyAEDT INFO: New AEDT session is starting on gRPC port 3342.
PyAEDT INFO: Starting new AEDT gRPC session on port 3342.
PyAEDT INFO: Launching AEDT server with gRPC transport mode: TransportMode.WNUA
PyAEDT INFO: Electronics Desktop started on gRPC port 3342 after 5.0 seconds.
PyAEDT INFO: AEDT installation Path C:\Program Files\ANSYS Inc\v261\AnsysEM
PyAEDT INFO: Connected to AEDT gRPC session on port 3342.
PyAEDT INFO: Non-graphical mode detected. Disabling Desktop logs.
PyAEDT INFO: Parsing C:\ffzhzh\LocalFiles\Ansys_Project_Files\temp_train_TSV_RDL_81_1783629406_26216.aedt.
PyAEDT INFO: Python version 3.11.15 | packaged by Anaconda, Inc. | (main, Mar 11 2026, 17:12:15) [MSC v.1942 64 bit (AMD64)].
PyAEDT INFO: PyAEDT version 1.0.1.
PyAEDT INFO: Returning found Desktop session with PID 12872!
PyAEDT INFO: File C:\ffzhzh\LocalFiles\Ansys_Project_Files\temp_train_TSV_RDL_81_1783629406_26216.aedt correctly loaded. Elapsed time: 0m 0sec
PyAEDT INFO: Project temp_train_TSV_RDL_81_1783629406_26216 has been opened.
PyAEDT INFO: Active Design set to TSV_RDL
PyAEDT INFO: AEDT objects correctly read
PyAEDT INFO: Modeler class has been initialized! Elapsed time: 0m 0sec
PyAEDT INFO: Project temp_train_TSV_RDL_81_1783629406_26216 Saved correctly
PyAEDT INFO: Key Desktop/ActiveDSOConfigurations/HFSS correctly changed.
PyAEDT INFO: Solving all design setups. Analysis started...
PyAEDT INFO: Design setup None solved correctly in 0.0h 7.0m 28.0s
PyAEDT INFO: Key Desktop/ActiveDSOConfigurations/HFSS correctly changed.
PyAEDT INFO: Exporting Touchstone C:/ffzhzh/LocalFiles/Ansys_Project_Files/temp_train_TSV_RDL_79_1783628966_33328_SNP/temp_train_TSV_RDL_79_1783628966_33328.s2p
PyAEDT INFO: Touchstone correctly exported to C:/ffzhzh/LocalFiles/Ansys_Project_Files/temp_train_TSV_RDL_79_1783628966_33328_SNP/temp_train_TSV_RDL_79_1783628966_33328.s2p
[train / TSV_RDL - Task 79] simulation completed: C:\ffzhzh\SyncFiles\Temp\HFSS_sim\LHS400_Connection2\train\TSV_RDL\dut79.s2p
PyAEDT INFO: Desktop has been released and closed.
[train / TSV_RDL - Task 82] simulation started.
PyAEDT INFO: Python version 3.11.15 | packaged by Anaconda, Inc. | (main, Mar 11 2026, 17:12:15) [MSC v.1942 64 bit (AMD64)].
PyAEDT INFO: PyAEDT version 1.0.1.
PyAEDT INFO: Initializing new Desktop session.
PyAEDT INFO: AEDT version 2026.1.
PyAEDT INFO: New AEDT session is starting on gRPC port 5704.
PyAEDT INFO: Starting new AEDT gRPC session on port 5704.
PyAEDT INFO: Launching AEDT server with gRPC transport mode: TransportMode.WNUA
PyAEDT INFO: Electronics Desktop started on gRPC port 5704 after 4.9 seconds.
PyAEDT INFO: AEDT installation Path C:\Program Files\ANSYS Inc\v261\AnsysEM
PyAEDT INFO: Connected to AEDT gRPC session on port 5704.
PyAEDT INFO: Non-graphical mode detected. Disabling Desktop logs.
PyAEDT INFO: Parsing C:\ffzhzh\LocalFiles\Ansys_Project_Files\temp_train_TSV_RDL_82_1783629432_33328.aedt.
PyAEDT INFO: Python version 3.11.15 | packaged by Anaconda, Inc. | (main, Mar 11 2026, 17:12:15) [MSC v.1942 64 bit (AMD64)].
PyAEDT INFO: PyAEDT version 1.0.1.
PyAEDT INFO: Returning found Desktop session with PID 26288!
PyAEDT INFO: File C:\ffzhzh\LocalFiles\Ansys_Project_Files\temp_train_TSV_RDL_82_1783629432_33328.aedt correctly loaded. Elapsed time: 0m 0sec
PyAEDT INFO: Project temp_train_TSV_RDL_82_1783629432_33328 has been opened.
PyAEDT INFO: Active Design set to TSV_RDL
PyAEDT INFO: AEDT objects correctly read
PyAEDT INFO: Modeler class has been initialized! Elapsed time: 0m 0sec
PyAEDT INFO: Project temp_train_TSV_RDL_82_1783629432_33328 Saved correctly
PyAEDT INFO: Key Desktop/ActiveDSOConfigurations/HFSS correctly changed.
PyAEDT INFO: Solving all design setups. Analysis started...
PyAEDT INFO: Design setup None solved correctly in 0.0h 7.0m 10.0s
PyAEDT INFO: Key Desktop/ActiveDSOConfigurations/HFSS correctly changed.
PyAEDT INFO: Exporting Touchstone C:/ffzhzh/LocalFiles/Ansys_Project_Files/temp_train_TSV_RDL_80_1783629131_29156_SNP/temp_train_TSV_RDL_80_1783629131_29156.s2p
PyAEDT INFO: Touchstone correctly exported to C:/ffzhzh/LocalFiles/Ansys_Project_Files/temp_train_TSV_RDL_80_1783629131_29156_SNP/temp_train_TSV_RDL_80_1783629131_29156.s2p
[train / TSV_RDL - Task 80] simulation completed: C:\ffzhzh\SyncFiles\Temp\HFSS_sim\LHS400_Connection2\train\TSV_RDL\dut80.s2p
PyAEDT INFO: Desktop has been released and closed.
[train / TSV_RDL - Task 83] simulation started.
PyAEDT INFO: Python version 3.11.15 | packaged by Anaconda, Inc. | (main, Mar 11 2026, 17:12:15) [MSC v.1942 64 bit (AMD64)].
PyAEDT INFO: PyAEDT version 1.0.1.
PyAEDT INFO: Initializing new Desktop session.
PyAEDT INFO: AEDT version 2026.1.
PyAEDT INFO: New AEDT session is starting on gRPC port 8253.
PyAEDT INFO: Starting new AEDT gRPC session on port 8253.
PyAEDT INFO: Launching AEDT server with gRPC transport mode: TransportMode.WNUA
PyAEDT INFO: Electronics Desktop started on gRPC port 8253 after 5.1 seconds.
PyAEDT INFO: AEDT installation Path C:\Program Files\ANSYS Inc\v261\AnsysEM
PyAEDT INFO: Connected to AEDT gRPC session on port 8253.
PyAEDT INFO: Non-graphical mode detected. Disabling Desktop logs.
PyAEDT INFO: Parsing C:\ffzhzh\LocalFiles\Ansys_Project_Files\temp_train_TSV_RDL_83_1783629582_29156.aedt.
PyAEDT INFO: Python version 3.11.15 | packaged by Anaconda, Inc. | (main, Mar 11 2026, 17:12:15) [MSC v.1942 64 bit (AMD64)].
PyAEDT INFO: PyAEDT version 1.0.1.
PyAEDT INFO: Returning found Desktop session with PID 19016!
PyAEDT INFO: File C:\ffzhzh\LocalFiles\Ansys_Project_Files\temp_train_TSV_RDL_83_1783629582_29156.aedt correctly loaded. Elapsed time: 0m 0sec
PyAEDT INFO: Project temp_train_TSV_RDL_83_1783629582_29156 has been opened.
PyAEDT INFO: Active Design set to TSV_RDL
PyAEDT INFO: AEDT objects correctly read
PyAEDT INFO: Modeler class has been initialized! Elapsed time: 0m 0sec
PyAEDT INFO: Project temp_train_TSV_RDL_83_1783629582_29156 Saved correctly
PyAEDT INFO: Key Desktop/ActiveDSOConfigurations/HFSS correctly changed.
PyAEDT INFO: Solving all design setups. Analysis started...
PyAEDT INFO: Design setup None solved correctly in 0.0h 7.0m 31.0s
PyAEDT INFO: Key Desktop/ActiveDSOConfigurations/HFSS correctly changed.
PyAEDT INFO: Exporting Touchstone C:/ffzhzh/LocalFiles/Ansys_Project_Files/temp_train_TSV_RDL_81_1783629406_26216_SNP/temp_train_TSV_RDL_81_1783629406_26216.s2p
PyAEDT INFO: Touchstone correctly exported to C:/ffzhzh/LocalFiles/Ansys_Project_Files/temp_train_TSV_RDL_81_1783629406_26216_SNP/temp_train_TSV_RDL_81_1783629406_26216.s2p
[train / TSV_RDL - Task 81] simulation completed: C:\ffzhzh\SyncFiles\Temp\HFSS_sim\LHS400_Connection2\train\TSV_RDL\dut81.s2p
PyAEDT INFO: Desktop has been released and closed.
[train / TSV_RDL - Task 84] simulation started.
PyAEDT INFO: Python version 3.11.15 | packaged by Anaconda, Inc. | (main, Mar 11 2026, 17:12:15) [MSC v.1942 64 bit (AMD64)].
PyAEDT INFO: PyAEDT version 1.0.1.
PyAEDT INFO: Initializing new Desktop session.
PyAEDT INFO: AEDT version 2026.1.
PyAEDT INFO: New AEDT session is starting on gRPC port 12524.
PyAEDT INFO: Starting new AEDT gRPC session on port 12524.
PyAEDT INFO: Launching AEDT server with gRPC transport mode: TransportMode.WNUA
PyAEDT INFO: Electronics Desktop started on gRPC port 12524 after 5.2 seconds.
PyAEDT INFO: AEDT installation Path C:\Program Files\ANSYS Inc\v261\AnsysEM
PyAEDT INFO: Connected to AEDT gRPC session on port 12524.
PyAEDT INFO: Non-graphical mode detected. Disabling Desktop logs.
PyAEDT INFO: Parsing C:\ffzhzh\LocalFiles\Ansys_Project_Files\temp_train_TSV_RDL_84_1783629878_26216.aedt.
PyAEDT INFO: Python version 3.11.15 | packaged by Anaconda, Inc. | (main, Mar 11 2026, 17:12:15) [MSC v.1942 64 bit (AMD64)].
PyAEDT INFO: PyAEDT version 1.0.1.
PyAEDT INFO: Returning found Desktop session with PID 38244!
PyAEDT INFO: File C:\ffzhzh\LocalFiles\Ansys_Project_Files\temp_train_TSV_RDL_84_1783629878_26216.aedt correctly loaded. Elapsed time: 0m 0sec
PyAEDT INFO: Project temp_train_TSV_RDL_84_1783629878_26216 has been opened.
PyAEDT INFO: Active Design set to TSV_RDL
PyAEDT INFO: AEDT objects correctly read
PyAEDT INFO: Modeler class has been initialized! Elapsed time: 0m 0sec
PyAEDT INFO: Project temp_train_TSV_RDL_84_1783629878_26216 Saved correctly
PyAEDT INFO: Key Desktop/ActiveDSOConfigurations/HFSS correctly changed.
PyAEDT INFO: Solving all design setups. Analysis started...
PyAEDT INFO: Design setup None solved correctly in 0.0h 8.0m 13.0s
PyAEDT INFO: Key Desktop/ActiveDSOConfigurations/HFSS correctly changed.
PyAEDT INFO: Exporting Touchstone C:/ffzhzh/LocalFiles/Ansys_Project_Files/temp_train_TSV_RDL_82_1783629432_33328_SNP/temp_train_TSV_RDL_82_1783629432_33328.s2p
PyAEDT INFO: Touchstone correctly exported to C:/ffzhzh/LocalFiles/Ansys_Project_Files/temp_train_TSV_RDL_82_1783629432_33328_SNP/temp_train_TSV_RDL_82_1783629432_33328.s2p
[train / TSV_RDL - Task 82] simulation completed: C:\ffzhzh\SyncFiles\Temp\HFSS_sim\LHS400_Connection2\train\TSV_RDL\dut82.s2p
PyAEDT INFO: Desktop has been released and closed.
[train / TSV_RDL - Task 85] simulation started.
PyAEDT INFO: Python version 3.11.15 | packaged by Anaconda, Inc. | (main, Mar 11 2026, 17:12:15) [MSC v.1942 64 bit (AMD64)].
PyAEDT INFO: PyAEDT version 1.0.1.
PyAEDT INFO: Initializing new Desktop session.
PyAEDT INFO: AEDT version 2026.1.
PyAEDT INFO: New AEDT session is starting on gRPC port 1207.
PyAEDT INFO: Starting new AEDT gRPC session on port 1207.
PyAEDT INFO: Launching AEDT server with gRPC transport mode: TransportMode.WNUA
PyAEDT INFO: Electronics Desktop started on gRPC port 1207 after 5.1 seconds.
PyAEDT INFO: AEDT installation Path C:\Program Files\ANSYS Inc\v261\AnsysEM
PyAEDT INFO: Connected to AEDT gRPC session on port 1207.
PyAEDT INFO: Non-graphical mode detected. Disabling Desktop logs.
PyAEDT INFO: Parsing C:\ffzhzh\LocalFiles\Ansys_Project_Files\temp_train_TSV_RDL_85_1783629938_33328.aedt.
PyAEDT INFO: Python version 3.11.15 | packaged by Anaconda, Inc. | (main, Mar 11 2026, 17:12:15) [MSC v.1942 64 bit (AMD64)].
PyAEDT INFO: PyAEDT version 1.0.1.
PyAEDT INFO: Returning found Desktop session with PID 25924!
PyAEDT INFO: File C:\ffzhzh\LocalFiles\Ansys_Project_Files\temp_train_TSV_RDL_85_1783629938_33328.aedt correctly loaded. Elapsed time: 0m 0sec
PyAEDT INFO: Project temp_train_TSV_RDL_85_1783629938_33328 has been opened.
PyAEDT INFO: Active Design set to TSV_RDL
PyAEDT INFO: AEDT objects correctly read
PyAEDT INFO: Modeler class has been initialized! Elapsed time: 0m 0sec
PyAEDT INFO: Project temp_train_TSV_RDL_85_1783629938_33328 Saved correctly
PyAEDT INFO: Key Desktop/ActiveDSOConfigurations/HFSS correctly changed.
PyAEDT INFO: Solving all design setups. Analysis started...
PyAEDT INFO: Design setup None solved correctly in 0.0h 7.0m 26.0s
PyAEDT INFO: Key Desktop/ActiveDSOConfigurations/HFSS correctly changed.
PyAEDT INFO: Exporting Touchstone C:/ffzhzh/LocalFiles/Ansys_Project_Files/temp_train_TSV_RDL_83_1783629582_29156_SNP/temp_train_TSV_RDL_83_1783629582_29156.s2p
PyAEDT INFO: Touchstone correctly exported to C:/ffzhzh/LocalFiles/Ansys_Project_Files/temp_train_TSV_RDL_83_1783629582_29156_SNP/temp_train_TSV_RDL_83_1783629582_29156.s2p
[train / TSV_RDL - Task 83] simulation completed: C:\ffzhzh\SyncFiles\Temp\HFSS_sim\LHS400_Connection2\train\TSV_RDL\dut83.s2p
PyAEDT INFO: Desktop has been released and closed.
[train / TSV_RDL - Task 86] simulation started.
PyAEDT INFO: Python version 3.11.15 | packaged by Anaconda, Inc. | (main, Mar 11 2026, 17:12:15) [MSC v.1942 64 bit (AMD64)].
PyAEDT INFO: PyAEDT version 1.0.1.
PyAEDT INFO: Initializing new Desktop session.
PyAEDT INFO: AEDT version 2026.1.
PyAEDT INFO: New AEDT session is starting on gRPC port 12568.
PyAEDT INFO: Starting new AEDT gRPC session on port 12568.
PyAEDT INFO: Launching AEDT server with gRPC transport mode: TransportMode.WNUA
PyAEDT INFO: Electronics Desktop started on gRPC port 12568 after 4.9 seconds.
PyAEDT INFO: AEDT installation Path C:\Program Files\ANSYS Inc\v261\AnsysEM
PyAEDT INFO: Connected to AEDT gRPC session on port 12568.
PyAEDT INFO: Non-graphical mode detected. Disabling Desktop logs.
PyAEDT INFO: Parsing C:\ffzhzh\LocalFiles\Ansys_Project_Files\temp_train_TSV_RDL_86_1783630041_29156.aedt.
PyAEDT INFO: Python version 3.11.15 | packaged by Anaconda, Inc. | (main, Mar 11 2026, 17:12:15) [MSC v.1942 64 bit (AMD64)].
PyAEDT INFO: PyAEDT version 1.0.1.
PyAEDT INFO: Returning found Desktop session with PID 29872!
PyAEDT INFO: File C:\ffzhzh\LocalFiles\Ansys_Project_Files\temp_train_TSV_RDL_86_1783630041_29156.aedt correctly loaded. Elapsed time: 0m 0sec
PyAEDT INFO: Project temp_train_TSV_RDL_86_1783630041_29156 has been opened.
PyAEDT INFO: Active Design set to TSV_RDL
PyAEDT INFO: AEDT objects correctly read
PyAEDT INFO: Modeler class has been initialized! Elapsed time: 0m 0sec
PyAEDT INFO: Project temp_train_TSV_RDL_86_1783630041_29156 Saved correctly
PyAEDT INFO: Key Desktop/ActiveDSOConfigurations/HFSS correctly changed.
PyAEDT INFO: Solving all design setups. Analysis started...
PyAEDT INFO: Design setup None solved correctly in 0.0h 5.0m 38.0s
PyAEDT INFO: Key Desktop/ActiveDSOConfigurations/HFSS correctly changed.
PyAEDT INFO: Exporting Touchstone C:/ffzhzh/LocalFiles/Ansys_Project_Files/temp_train_TSV_RDL_86_1783630041_29156_SNP/temp_train_TSV_RDL_86_1783630041_29156.s2p
PyAEDT INFO: Touchstone correctly exported to C:/ffzhzh/LocalFiles/Ansys_Project_Files/temp_train_TSV_RDL_86_1783630041_29156_SNP/temp_train_TSV_RDL_86_1783630041_29156.s2p
[train / TSV_RDL - Task 86] simulation completed: C:\ffzhzh\SyncFiles\Temp\HFSS_sim\LHS400_Connection2\train\TSV_RDL\dut86.s2p
PyAEDT INFO: Desktop has been released and closed.
[train / TSV_RDL - Task 87] simulation started.
PyAEDT INFO: Python version 3.11.15 | packaged by Anaconda, Inc. | (main, Mar 11 2026, 17:12:15) [MSC v.1942 64 bit (AMD64)].
PyAEDT INFO: PyAEDT version 1.0.1.
PyAEDT INFO: Initializing new Desktop session.
PyAEDT INFO: AEDT version 2026.1.
PyAEDT INFO: New AEDT session is starting on gRPC port 2883.
PyAEDT INFO: Starting new AEDT gRPC session on port 2883.
PyAEDT INFO: Launching AEDT server with gRPC transport mode: TransportMode.WNUA
PyAEDT INFO: Electronics Desktop started on gRPC port 2883 after 4.8 seconds.
PyAEDT INFO: AEDT installation Path C:\Program Files\ANSYS Inc\v261\AnsysEM
PyAEDT INFO: Connected to AEDT gRPC session on port 2883.
PyAEDT INFO: Non-graphical mode detected. Disabling Desktop logs.
PyAEDT INFO: Parsing C:\ffzhzh\LocalFiles\Ansys_Project_Files\temp_train_TSV_RDL_87_1783630399_29156.aedt.
PyAEDT INFO: Python version 3.11.15 | packaged by Anaconda, Inc. | (main, Mar 11 2026, 17:12:15) [MSC v.1942 64 bit (AMD64)].
PyAEDT INFO: PyAEDT version 1.0.1.
PyAEDT INFO: Returning found Desktop session with PID 11656!
PyAEDT INFO: File C:\ffzhzh\LocalFiles\Ansys_Project_Files\temp_train_TSV_RDL_87_1783630399_29156.aedt correctly loaded. Elapsed time: 0m 0sec
PyAEDT INFO: Project temp_train_TSV_RDL_87_1783630399_29156 has been opened.
PyAEDT INFO: Active Design set to TSV_RDL
PyAEDT INFO: AEDT objects correctly read
PyAEDT INFO: Modeler class has been initialized! Elapsed time: 0m 0sec
PyAEDT INFO: Project temp_train_TSV_RDL_87_1783630399_29156 Saved correctly
PyAEDT INFO: Key Desktop/ActiveDSOConfigurations/HFSS correctly changed.
PyAEDT INFO: Solving all design setups. Analysis started...
PyAEDT INFO: Design setup None solved correctly in 0.0h 8.0m 47.0s
PyAEDT INFO: Key Desktop/ActiveDSOConfigurations/HFSS correctly changed.
PyAEDT INFO: Exporting Touchstone C:/ffzhzh/LocalFiles/Ansys_Project_Files/temp_train_TSV_RDL_85_1783629938_33328_SNP/temp_train_TSV_RDL_85_1783629938_33328.s2p
PyAEDT INFO: Touchstone correctly exported to C:/ffzhzh/LocalFiles/Ansys_Project_Files/temp_train_TSV_RDL_85_1783629938_33328_SNP/temp_train_TSV_RDL_85_1783629938_33328.s2p
[train / TSV_RDL - Task 85] simulation completed: C:\ffzhzh\SyncFiles\Temp\HFSS_sim\LHS400_Connection2\train\TSV_RDL\dut85.s2p
PyAEDT INFO: Desktop has been released and closed.
[train / TSV_RDL - Task 88] simulation started.
PyAEDT INFO: Python version 3.11.15 | packaged by Anaconda, Inc. | (main, Mar 11 2026, 17:12:15) [MSC v.1942 64 bit (AMD64)].
PyAEDT INFO: PyAEDT version 1.0.1.
PyAEDT INFO: Initializing new Desktop session.
PyAEDT INFO: AEDT version 2026.1.
PyAEDT INFO: New AEDT session is starting on gRPC port 5411.
PyAEDT INFO: Starting new AEDT gRPC session on port 5411.
PyAEDT INFO: Launching AEDT server with gRPC transport mode: TransportMode.WNUA
PyAEDT INFO: Electronics Desktop started on gRPC port 5411 after 4.9 seconds.
PyAEDT INFO: AEDT installation Path C:\Program Files\ANSYS Inc\v261\AnsysEM
PyAEDT INFO: Connected to AEDT gRPC session on port 5411.
PyAEDT INFO: Non-graphical mode detected. Disabling Desktop logs.
PyAEDT INFO: Parsing C:\ffzhzh\LocalFiles\Ansys_Project_Files\temp_train_TSV_RDL_88_1783630479_33328.aedt.
PyAEDT INFO: Python version 3.11.15 | packaged by Anaconda, Inc. | (main, Mar 11 2026, 17:12:15) [MSC v.1942 64 bit (AMD64)].
PyAEDT INFO: PyAEDT version 1.0.1.
PyAEDT INFO: Returning found Desktop session with PID 17324!
PyAEDT INFO: File C:\ffzhzh\LocalFiles\Ansys_Project_Files\temp_train_TSV_RDL_88_1783630479_33328.aedt correctly loaded. Elapsed time: 0m 0sec
PyAEDT INFO: Project temp_train_TSV_RDL_88_1783630479_33328 has been opened.
PyAEDT INFO: Active Design set to TSV_RDL
PyAEDT INFO: AEDT objects correctly read
PyAEDT INFO: Modeler class has been initialized! Elapsed time: 0m 0sec
PyAEDT INFO: Project temp_train_TSV_RDL_88_1783630479_33328 Saved correctly
PyAEDT INFO: Key Desktop/ActiveDSOConfigurations/HFSS correctly changed.
PyAEDT INFO: Solving all design setups. Analysis started...
PyAEDT INFO: Design setup None solved correctly in 0.0h 5.0m 44.0s
PyAEDT INFO: Key Desktop/ActiveDSOConfigurations/HFSS correctly changed.
PyAEDT INFO: Exporting Touchstone C:/ffzhzh/LocalFiles/Ansys_Project_Files/temp_train_TSV_RDL_87_1783630399_29156_SNP/temp_train_TSV_RDL_87_1783630399_29156.s2p
PyAEDT INFO: Touchstone correctly exported to C:/ffzhzh/LocalFiles/Ansys_Project_Files/temp_train_TSV_RDL_87_1783630399_29156_SNP/temp_train_TSV_RDL_87_1783630399_29156.s2p
[train / TSV_RDL - Task 87] simulation completed: C:\ffzhzh\SyncFiles\Temp\HFSS_sim\LHS400_Connection2\train\TSV_RDL\dut87.s2p
PyAEDT INFO: Desktop has been released and closed.
[train / TSV_RDL - Task 89] simulation started.
PyAEDT INFO: Python version 3.11.15 | packaged by Anaconda, Inc. | (main, Mar 11 2026, 17:12:15) [MSC v.1942 64 bit (AMD64)].
PyAEDT INFO: PyAEDT version 1.0.1.
PyAEDT INFO: Initializing new Desktop session.
PyAEDT INFO: AEDT version 2026.1.
PyAEDT INFO: New AEDT session is starting on gRPC port 7706.
PyAEDT INFO: Starting new AEDT gRPC session on port 7706.
PyAEDT INFO: Launching AEDT server with gRPC transport mode: TransportMode.WNUA
PyAEDT INFO: Electronics Desktop started on gRPC port 7706 after 5.0 seconds.
PyAEDT INFO: AEDT installation Path C:\Program Files\ANSYS Inc\v261\AnsysEM
PyAEDT INFO: Connected to AEDT gRPC session on port 7706.
PyAEDT INFO: Non-graphical mode detected. Disabling Desktop logs.
PyAEDT INFO: Parsing C:\ffzhzh\LocalFiles\Ansys_Project_Files\temp_train_TSV_RDL_89_1783630764_29156.aedt.
PyAEDT INFO: Python version 3.11.15 | packaged by Anaconda, Inc. | (main, Mar 11 2026, 17:12:15) [MSC v.1942 64 bit (AMD64)].
PyAEDT INFO: PyAEDT version 1.0.1.
PyAEDT INFO: Returning found Desktop session with PID 11744!
PyAEDT INFO: File C:\ffzhzh\LocalFiles\Ansys_Project_Files\temp_train_TSV_RDL_89_1783630764_29156.aedt correctly loaded. Elapsed time: 0m 0sec
PyAEDT INFO: Project temp_train_TSV_RDL_89_1783630764_29156 has been opened.
PyAEDT INFO: Active Design set to TSV_RDL
PyAEDT INFO: AEDT objects correctly read
PyAEDT INFO: Modeler class has been initialized! Elapsed time: 0m 0sec
PyAEDT INFO: Project temp_train_TSV_RDL_89_1783630764_29156 Saved correctly
PyAEDT INFO: Key Desktop/ActiveDSOConfigurations/HFSS correctly changed.
PyAEDT INFO: Solving all design setups. Analysis started...
PyAEDT INFO: Design setup None solved correctly in 0.0h 9.0m 5.0s
PyAEDT INFO: Key Desktop/ActiveDSOConfigurations/HFSS correctly changed.
PyAEDT INFO: Exporting Touchstone C:/ffzhzh/LocalFiles/Ansys_Project_Files/temp_train_TSV_RDL_88_1783630479_33328_SNP/temp_train_TSV_RDL_88_1783630479_33328.s2p
PyAEDT INFO: Touchstone correctly exported to C:/ffzhzh/LocalFiles/Ansys_Project_Files/temp_train_TSV_RDL_88_1783630479_33328_SNP/temp_train_TSV_RDL_88_1783630479_33328.s2p
[train / TSV_RDL - Task 88] simulation completed: C:\ffzhzh\SyncFiles\Temp\HFSS_sim\LHS400_Connection2\train\TSV_RDL\dut88.s2p
PyAEDT INFO: Desktop has been released and closed.
[train / TSV_RDL - Task 90] simulation started.
PyAEDT INFO: Python version 3.11.15 | packaged by Anaconda, Inc. | (main, Mar 11 2026, 17:12:15) [MSC v.1942 64 bit (AMD64)].
PyAEDT INFO: PyAEDT version 1.0.1.
PyAEDT INFO: Initializing new Desktop session.
PyAEDT INFO: AEDT version 2026.1.
PyAEDT INFO: New AEDT session is starting on gRPC port 13975.
PyAEDT INFO: Starting new AEDT gRPC session on port 13975.
PyAEDT INFO: Launching AEDT server with gRPC transport mode: TransportMode.WNUA
PyAEDT INFO: Electronics Desktop started on gRPC port 13975 after 5.1 seconds.
PyAEDT INFO: AEDT installation Path C:\Program Files\ANSYS Inc\v261\AnsysEM
PyAEDT INFO: Connected to AEDT gRPC session on port 13975.
PyAEDT INFO: Non-graphical mode detected. Disabling Desktop logs.
PyAEDT INFO: Parsing C:\ffzhzh\LocalFiles\Ansys_Project_Files\temp_train_TSV_RDL_90_1783631045_33328.aedt.
PyAEDT INFO: Python version 3.11.15 | packaged by Anaconda, Inc. | (main, Mar 11 2026, 17:12:15) [MSC v.1942 64 bit (AMD64)].
PyAEDT INFO: PyAEDT version 1.0.1.
PyAEDT INFO: Returning found Desktop session with PID 11164!
PyAEDT INFO: File C:\ffzhzh\LocalFiles\Ansys_Project_Files\temp_train_TSV_RDL_90_1783631045_33328.aedt correctly loaded. Elapsed time: 0m 0sec
PyAEDT INFO: Project temp_train_TSV_RDL_90_1783631045_33328 has been opened.
PyAEDT INFO: Active Design set to TSV_RDL
PyAEDT INFO: AEDT objects correctly read
PyAEDT INFO: Modeler class has been initialized! Elapsed time: 0m 0sec
PyAEDT INFO: Project temp_train_TSV_RDL_90_1783631045_33328 Saved correctly
PyAEDT INFO: Key Desktop/ActiveDSOConfigurations/HFSS correctly changed.
PyAEDT INFO: Solving all design setups. Analysis started...
PyAEDT INFO: Design setup None solved correctly in 0.0h 8.0m 13.0s
PyAEDT INFO: Key Desktop/ActiveDSOConfigurations/HFSS correctly changed.
PyAEDT INFO: Exporting Touchstone C:/ffzhzh/LocalFiles/Ansys_Project_Files/temp_train_TSV_RDL_89_1783630764_29156_SNP/temp_train_TSV_RDL_89_1783630764_29156.s2p
PyAEDT INFO: Touchstone correctly exported to C:/ffzhzh/LocalFiles/Ansys_Project_Files/temp_train_TSV_RDL_89_1783630764_29156_SNP/temp_train_TSV_RDL_89_1783630764_29156.s2p
[train / TSV_RDL - Task 89] simulation completed: C:\ffzhzh\SyncFiles\Temp\HFSS_sim\LHS400_Connection2\train\TSV_RDL\dut89.s2p
PyAEDT INFO: Desktop has been released and closed.
[train / TSV_RDL - Task 91] simulation started.
PyAEDT INFO: Python version 3.11.15 | packaged by Anaconda, Inc. | (main, Mar 11 2026, 17:12:15) [MSC v.1942 64 bit (AMD64)].
PyAEDT INFO: PyAEDT version 1.0.1.
PyAEDT INFO: Initializing new Desktop session.
PyAEDT INFO: AEDT version 2026.1.
PyAEDT INFO: New AEDT session is starting on gRPC port 5427.
PyAEDT INFO: Starting new AEDT gRPC session on port 5427.
PyAEDT INFO: Launching AEDT server with gRPC transport mode: TransportMode.WNUA
PyAEDT INFO: Electronics Desktop started on gRPC port 5427 after 5.1 seconds.
PyAEDT INFO: AEDT installation Path C:\Program Files\ANSYS Inc\v261\AnsysEM
PyAEDT INFO: Connected to AEDT gRPC session on port 5427.
PyAEDT INFO: Non-graphical mode detected. Disabling Desktop logs.
PyAEDT INFO: Parsing C:\ffzhzh\LocalFiles\Ansys_Project_Files\temp_train_TSV_RDL_91_1783631279_29156.aedt.
PyAEDT INFO: Python version 3.11.15 | packaged by Anaconda, Inc. | (main, Mar 11 2026, 17:12:15) [MSC v.1942 64 bit (AMD64)].
PyAEDT INFO: PyAEDT version 1.0.1.
PyAEDT INFO: Returning found Desktop session with PID 23272!
PyAEDT INFO: File C:\ffzhzh\LocalFiles\Ansys_Project_Files\temp_train_TSV_RDL_91_1783631279_29156.aedt correctly loaded. Elapsed time: 0m 0sec
PyAEDT INFO: Project temp_train_TSV_RDL_91_1783631279_29156 has been opened.
PyAEDT INFO: Active Design set to TSV_RDL
PyAEDT INFO: AEDT objects correctly read
PyAEDT INFO: Modeler class has been initialized! Elapsed time: 0m 0sec
PyAEDT INFO: Project temp_train_TSV_RDL_91_1783631279_29156 Saved correctly
PyAEDT INFO: Key Desktop/ActiveDSOConfigurations/HFSS correctly changed.
PyAEDT INFO: Solving all design setups. Analysis started...
PyAEDT INFO: Design setup None solved correctly in 0.0h 25.0m 39.0s
PyAEDT INFO: Key Desktop/ActiveDSOConfigurations/HFSS correctly changed.
PyAEDT INFO: Exporting Touchstone C:/ffzhzh/LocalFiles/Ansys_Project_Files/temp_train_TSV_RDL_84_1783629878_26216_SNP/temp_train_TSV_RDL_84_1783629878_26216.s2p
PyAEDT INFO: Touchstone correctly exported to C:/ffzhzh/LocalFiles/Ansys_Project_Files/temp_train_TSV_RDL_84_1783629878_26216_SNP/temp_train_TSV_RDL_84_1783629878_26216.s2p
[train / TSV_RDL - Task 84] simulation completed: C:\ffzhzh\SyncFiles\Temp\HFSS_sim\LHS400_Connection2\train\TSV_RDL\dut84.s2p
PyAEDT INFO: Desktop has been released and closed.
[train / TSV_RDL - Task 92] simulation started.
PyAEDT INFO: Python version 3.11.15 | packaged by Anaconda, Inc. | (main, Mar 11 2026, 17:12:15) [MSC v.1942 64 bit (AMD64)].
PyAEDT INFO: PyAEDT version 1.0.1.
PyAEDT INFO: Initializing new Desktop session.
PyAEDT INFO: AEDT version 2026.1.
PyAEDT INFO: New AEDT session is starting on gRPC port 1622.
PyAEDT INFO: Starting new AEDT gRPC session on port 1622.
PyAEDT INFO: Launching AEDT server with gRPC transport mode: TransportMode.WNUA
PyAEDT INFO: Electronics Desktop started on gRPC port 1622 after 5.0 seconds.
PyAEDT INFO: AEDT installation Path C:\Program Files\ANSYS Inc\v261\AnsysEM
PyAEDT INFO: Connected to AEDT gRPC session on port 1622.
PyAEDT INFO: Non-graphical mode detected. Disabling Desktop logs.
PyAEDT INFO: Python version 3.11.15 | packaged by Anaconda, Inc. | (main, Mar 11 2026, 17:12:15) [MSC v.1942 64 bit (AMD64)].
PyAEDT INFO: Parsing C:\ffzhzh\LocalFiles\Ansys_Project_Files\temp_train_TSV_RDL_92_1783631439_26216.aedt.
PyAEDT INFO: PyAEDT version 1.0.1.
PyAEDT INFO: Returning found Desktop session with PID 24752!
PyAEDT INFO: File C:\ffzhzh\LocalFiles\Ansys_Project_Files\temp_train_TSV_RDL_92_1783631439_26216.aedt correctly loaded. Elapsed time: 0m 0sec
PyAEDT INFO: Project temp_train_TSV_RDL_92_1783631439_26216 has been opened.
PyAEDT INFO: Active Design set to TSV_RDL
PyAEDT INFO: AEDT objects correctly read
PyAEDT INFO: Modeler class has been initialized! Elapsed time: 0m 0sec
PyAEDT INFO: Project temp_train_TSV_RDL_92_1783631439_26216 Saved correctly
PyAEDT INFO: Key Desktop/ActiveDSOConfigurations/HFSS correctly changed.
PyAEDT INFO: Solving all design setups. Analysis started...
PyAEDT INFO: Design setup None solved correctly in 0.0h 9.0m 3.0s
PyAEDT INFO: Key Desktop/ActiveDSOConfigurations/HFSS correctly changed.
PyAEDT INFO: Exporting Touchstone C:/ffzhzh/LocalFiles/Ansys_Project_Files/temp_train_TSV_RDL_90_1783631045_33328_SNP/temp_train_TSV_RDL_90_1783631045_33328.s2p
PyAEDT INFO: Touchstone correctly exported to C:/ffzhzh/LocalFiles/Ansys_Project_Files/temp_train_TSV_RDL_90_1783631045_33328_SNP/temp_train_TSV_RDL_90_1783631045_33328.s2p
[train / TSV_RDL - Task 90] simulation completed: C:\ffzhzh\SyncFiles\Temp\HFSS_sim\LHS400_Connection2\train\TSV_RDL\dut90.s2p
PyAEDT INFO: Desktop has been released and closed.
[train / TSV_RDL - Task 93] simulation started.
PyAEDT INFO: Python version 3.11.15 | packaged by Anaconda, Inc. | (main, Mar 11 2026, 17:12:15) [MSC v.1942 64 bit (AMD64)].
PyAEDT INFO: PyAEDT version 1.0.1.
PyAEDT INFO: Initializing new Desktop session.
PyAEDT INFO: AEDT version 2026.1.
PyAEDT INFO: New AEDT session is starting on gRPC port 9948.
PyAEDT INFO: Starting new AEDT gRPC session on port 9948.
PyAEDT INFO: Launching AEDT server with gRPC transport mode: TransportMode.WNUA
PyAEDT INFO: Electronics Desktop started on gRPC port 9948 after 5.1 seconds.
PyAEDT INFO: AEDT installation Path C:\Program Files\ANSYS Inc\v261\AnsysEM
PyAEDT INFO: Connected to AEDT gRPC session on port 9948.
PyAEDT INFO: Non-graphical mode detected. Disabling Desktop logs.
PyAEDT INFO: Parsing C:\ffzhzh\LocalFiles\Ansys_Project_Files\temp_train_TSV_RDL_93_1783631610_33328.aedt.
PyAEDT INFO: Python version 3.11.15 | packaged by Anaconda, Inc. | (main, Mar 11 2026, 17:12:15) [MSC v.1942 64 bit (AMD64)].
PyAEDT INFO: PyAEDT version 1.0.1.
PyAEDT INFO: Returning found Desktop session with PID 39552!
PyAEDT INFO: File C:\ffzhzh\LocalFiles\Ansys_Project_Files\temp_train_TSV_RDL_93_1783631610_33328.aedt correctly loaded. Elapsed time: 0m 0sec
PyAEDT INFO: Project temp_train_TSV_RDL_93_1783631610_33328 has been opened.
PyAEDT INFO: Active Design set to TSV_RDL
PyAEDT INFO: AEDT objects correctly read
PyAEDT INFO: Modeler class has been initialized! Elapsed time: 0m 0sec
PyAEDT INFO: Project temp_train_TSV_RDL_93_1783631610_33328 Saved correctly
PyAEDT INFO: Key Desktop/ActiveDSOConfigurations/HFSS correctly changed.
PyAEDT INFO: Solving all design setups. Analysis started...
PyAEDT INFO: Design setup None solved correctly in 0.0h 7.0m 34.0s
PyAEDT INFO: Key Desktop/ActiveDSOConfigurations/HFSS correctly changed.
PyAEDT INFO: Exporting Touchstone C:/ffzhzh/LocalFiles/Ansys_Project_Files/temp_train_TSV_RDL_92_1783631439_26216_SNP/temp_train_TSV_RDL_92_1783631439_26216.s2p
PyAEDT INFO: Touchstone correctly exported to C:/ffzhzh/LocalFiles/Ansys_Project_Files/temp_train_TSV_RDL_92_1783631439_26216_SNP/temp_train_TSV_RDL_92_1783631439_26216.s2p
[train / TSV_RDL - Task 92] simulation completed: C:\ffzhzh\SyncFiles\Temp\HFSS_sim\LHS400_Connection2\train\TSV_RDL\dut92.s2p
PyAEDT INFO: Desktop has been released and closed.
[train / TSV_RDL - Task 94] simulation started.
PyAEDT INFO: Python version 3.11.15 | packaged by Anaconda, Inc. | (main, Mar 11 2026, 17:12:15) [MSC v.1942 64 bit (AMD64)].
PyAEDT INFO: PyAEDT version 1.0.1.
PyAEDT INFO: Initializing new Desktop session.
PyAEDT INFO: AEDT version 2026.1.
PyAEDT INFO: New AEDT session is starting on gRPC port 6221.
PyAEDT INFO: Starting new AEDT gRPC session on port 6221.
PyAEDT INFO: Launching AEDT server with gRPC transport mode: TransportMode.WNUA
PyAEDT INFO: Electronics Desktop started on gRPC port 6221 after 5.0 seconds.
PyAEDT INFO: AEDT installation Path C:\Program Files\ANSYS Inc\v261\AnsysEM
PyAEDT INFO: Connected to AEDT gRPC session on port 6221.
PyAEDT INFO: Non-graphical mode detected. Disabling Desktop logs.
PyAEDT INFO: Parsing C:\ffzhzh\LocalFiles\Ansys_Project_Files\temp_train_TSV_RDL_94_1783631906_26216.aedt.
PyAEDT INFO: Python version 3.11.15 | packaged by Anaconda, Inc. | (main, Mar 11 2026, 17:12:15) [MSC v.1942 64 bit (AMD64)].
PyAEDT INFO: PyAEDT version 1.0.1.
PyAEDT INFO: Returning found Desktop session with PID 34308!
PyAEDT INFO: File C:\ffzhzh\LocalFiles\Ansys_Project_Files\temp_train_TSV_RDL_94_1783631906_26216.aedt correctly loaded. Elapsed time: 0m 0sec
PyAEDT INFO: Project temp_train_TSV_RDL_94_1783631906_26216 has been opened.
PyAEDT INFO: Active Design set to TSV_RDL
PyAEDT INFO: AEDT objects correctly read
PyAEDT INFO: Modeler class has been initialized! Elapsed time: 0m 0sec
PyAEDT INFO: Project temp_train_TSV_RDL_94_1783631906_26216 Saved correctly
PyAEDT INFO: Key Desktop/ActiveDSOConfigurations/HFSS correctly changed.
PyAEDT INFO: Solving all design setups. Analysis started...
PyAEDT INFO: Design setup None solved correctly in 0.0h 7.0m 22.0s
PyAEDT INFO: Key Desktop/ActiveDSOConfigurations/HFSS correctly changed.
PyAEDT INFO: Exporting Touchstone C:/ffzhzh/LocalFiles/Ansys_Project_Files/temp_train_TSV_RDL_93_1783631610_33328_SNP/temp_train_TSV_RDL_93_1783631610_33328.s2p
PyAEDT INFO: Touchstone correctly exported to C:/ffzhzh/LocalFiles/Ansys_Project_Files/temp_train_TSV_RDL_93_1783631610_33328_SNP/temp_train_TSV_RDL_93_1783631610_33328.s2p
[train / TSV_RDL - Task 93] simulation completed: C:\ffzhzh\SyncFiles\Temp\HFSS_sim\LHS400_Connection2\train\TSV_RDL\dut93.s2p
PyAEDT INFO: Desktop has been released and closed.
[train / TSV_RDL - Task 95] simulation started.
PyAEDT INFO: Python version 3.11.15 | packaged by Anaconda, Inc. | (main, Mar 11 2026, 17:12:15) [MSC v.1942 64 bit (AMD64)].
PyAEDT INFO: PyAEDT version 1.0.1.
PyAEDT INFO: Initializing new Desktop session.
PyAEDT INFO: AEDT version 2026.1.
PyAEDT INFO: New AEDT session is starting on gRPC port 3159.
PyAEDT INFO: Starting new AEDT gRPC session on port 3159.
PyAEDT INFO: Launching AEDT server with gRPC transport mode: TransportMode.WNUA
PyAEDT INFO: Electronics Desktop started on gRPC port 3159 after 5.0 seconds.
PyAEDT INFO: AEDT installation Path C:\Program Files\ANSYS Inc\v261\AnsysEM
PyAEDT INFO: Connected to AEDT gRPC session on port 3159.
PyAEDT INFO: Non-graphical mode detected. Disabling Desktop logs.
PyAEDT INFO: Parsing C:\ffzhzh\LocalFiles\Ansys_Project_Files\temp_train_TSV_RDL_95_1783632066_33328.aedt.
PyAEDT INFO: Python version 3.11.15 | packaged by Anaconda, Inc. | (main, Mar 11 2026, 17:12:15) [MSC v.1942 64 bit (AMD64)].
PyAEDT INFO: PyAEDT version 1.0.1.
PyAEDT INFO: Returning found Desktop session with PID 15488!
PyAEDT INFO: File C:\ffzhzh\LocalFiles\Ansys_Project_Files\temp_train_TSV_RDL_95_1783632066_33328.aedt correctly loaded. Elapsed time: 0m 0sec
PyAEDT INFO: Project temp_train_TSV_RDL_95_1783632066_33328 has been opened.
PyAEDT INFO: Active Design set to TSV_RDL
PyAEDT INFO: AEDT objects correctly read
PyAEDT INFO: Modeler class has been initialized! Elapsed time: 0m 0sec
PyAEDT INFO: Project temp_train_TSV_RDL_95_1783632066_33328 Saved correctly
PyAEDT INFO: Key Desktop/ActiveDSOConfigurations/HFSS correctly changed.
PyAEDT INFO: Solving all design setups. Analysis started...
PyAEDT INFO: Design setup None solved correctly in 0.0h 15.0m 35.0s
PyAEDT INFO: Key Desktop/ActiveDSOConfigurations/HFSS correctly changed.
PyAEDT INFO: Exporting Touchstone C:/ffzhzh/LocalFiles/Ansys_Project_Files/temp_train_TSV_RDL_91_1783631279_29156_SNP/temp_train_TSV_RDL_91_1783631279_29156.s2p
PyAEDT INFO: Touchstone correctly exported to C:/ffzhzh/LocalFiles/Ansys_Project_Files/temp_train_TSV_RDL_91_1783631279_29156_SNP/temp_train_TSV_RDL_91_1783631279_29156.s2p
[train / TSV_RDL - Task 91] simulation completed: C:\ffzhzh\SyncFiles\Temp\HFSS_sim\LHS400_Connection2\train\TSV_RDL\dut91.s2p
PyAEDT INFO: Desktop has been released and closed.
[train / TSV_RDL - Task 96] simulation started.
PyAEDT INFO: Python version 3.11.15 | packaged by Anaconda, Inc. | (main, Mar 11 2026, 17:12:15) [MSC v.1942 64 bit (AMD64)].
PyAEDT INFO: PyAEDT version 1.0.1.
PyAEDT INFO: Initializing new Desktop session.
PyAEDT INFO: AEDT version 2026.1.
PyAEDT INFO: New AEDT session is starting on gRPC port 5006.
PyAEDT INFO: Starting new AEDT gRPC session on port 5006.
PyAEDT INFO: Launching AEDT server with gRPC transport mode: TransportMode.WNUA
PyAEDT INFO: Electronics Desktop started on gRPC port 5006 after 5.1 seconds.
PyAEDT INFO: AEDT installation Path C:\Program Files\ANSYS Inc\v261\AnsysEM
PyAEDT INFO: Connected to AEDT gRPC session on port 5006.
PyAEDT INFO: Non-graphical mode detected. Disabling Desktop logs.
PyAEDT INFO: Parsing C:\ffzhzh\LocalFiles\Ansys_Project_Files\temp_train_TSV_RDL_96_1783632231_29156.aedt.
PyAEDT INFO: Python version 3.11.15 | packaged by Anaconda, Inc. | (main, Mar 11 2026, 17:12:15) [MSC v.1942 64 bit (AMD64)].
PyAEDT INFO: PyAEDT version 1.0.1.
PyAEDT INFO: Returning found Desktop session with PID 24256!
PyAEDT INFO: File C:\ffzhzh\LocalFiles\Ansys_Project_Files\temp_train_TSV_RDL_96_1783632231_29156.aedt correctly loaded. Elapsed time: 0m 0sec
PyAEDT INFO: Project temp_train_TSV_RDL_96_1783632231_29156 has been opened.
PyAEDT INFO: Active Design set to TSV_RDL
PyAEDT INFO: AEDT objects correctly read
PyAEDT INFO: Modeler class has been initialized! Elapsed time: 0m 0sec
PyAEDT INFO: Project temp_train_TSV_RDL_96_1783632231_29156 Saved correctly
PyAEDT INFO: Key Desktop/ActiveDSOConfigurations/HFSS correctly changed.
PyAEDT INFO: Solving all design setups. Analysis started...
PyAEDT INFO: Design setup None solved correctly in 0.0h 10.0m 55.0s
PyAEDT INFO: Key Desktop/ActiveDSOConfigurations/HFSS correctly changed.
PyAEDT INFO: Exporting Touchstone C:/ffzhzh/LocalFiles/Ansys_Project_Files/temp_train_TSV_RDL_95_1783632066_33328_SNP/temp_train_TSV_RDL_95_1783632066_33328.s2p
PyAEDT INFO: Touchstone correctly exported to C:/ffzhzh/LocalFiles/Ansys_Project_Files/temp_train_TSV_RDL_95_1783632066_33328_SNP/temp_train_TSV_RDL_95_1783632066_33328.s2p
[train / TSV_RDL - Task 95] simulation completed: C:\ffzhzh\SyncFiles\Temp\HFSS_sim\LHS400_Connection2\train\TSV_RDL\dut95.s2p
PyAEDT INFO: Desktop has been released and closed.
[train / TSV_RDL - Task 97] simulation started.
PyAEDT INFO: Python version 3.11.15 | packaged by Anaconda, Inc. | (main, Mar 11 2026, 17:12:15) [MSC v.1942 64 bit (AMD64)].
PyAEDT INFO: PyAEDT version 1.0.1.
PyAEDT INFO: Initializing new Desktop session.
PyAEDT INFO: AEDT version 2026.1.
PyAEDT INFO: New AEDT session is starting on gRPC port 12717.
PyAEDT INFO: Starting new AEDT gRPC session on port 12717.
PyAEDT INFO: Launching AEDT server with gRPC transport mode: TransportMode.WNUA
PyAEDT INFO: Electronics Desktop started on gRPC port 12717 after 5.1 seconds.
PyAEDT INFO: AEDT installation Path C:\Program Files\ANSYS Inc\v261\AnsysEM
PyAEDT INFO: Connected to AEDT gRPC session on port 12717.
PyAEDT INFO: Non-graphical mode detected. Disabling Desktop logs.
PyAEDT INFO: Parsing C:\ffzhzh\LocalFiles\Ansys_Project_Files\temp_train_TSV_RDL_97_1783632734_33328.aedt.
PyAEDT INFO: Python version 3.11.15 | packaged by Anaconda, Inc. | (main, Mar 11 2026, 17:12:15) [MSC v.1942 64 bit (AMD64)].
PyAEDT INFO: PyAEDT version 1.0.1.
PyAEDT INFO: Returning found Desktop session with PID 8340!
PyAEDT INFO: File C:\ffzhzh\LocalFiles\Ansys_Project_Files\temp_train_TSV_RDL_97_1783632734_33328.aedt correctly loaded. Elapsed time: 0m 0sec
PyAEDT INFO: Project temp_train_TSV_RDL_97_1783632734_33328 has been opened.
PyAEDT INFO: Active Design set to TSV_RDL
PyAEDT INFO: AEDT objects correctly read
PyAEDT INFO: Modeler class has been initialized! Elapsed time: 0m 0sec
PyAEDT INFO: Project temp_train_TSV_RDL_97_1783632734_33328 Saved correctly
PyAEDT INFO: Key Desktop/ActiveDSOConfigurations/HFSS correctly changed.
PyAEDT INFO: Solving all design setups. Analysis started...
PyAEDT INFO: Design setup None solved correctly in 0.0h 8.0m 35.0s
PyAEDT INFO: Key Desktop/ActiveDSOConfigurations/HFSS correctly changed.
PyAEDT INFO: Exporting Touchstone C:/ffzhzh/LocalFiles/Ansys_Project_Files/temp_train_TSV_RDL_96_1783632231_29156_SNP/temp_train_TSV_RDL_96_1783632231_29156.s2p
PyAEDT INFO: Touchstone correctly exported to C:/ffzhzh/LocalFiles/Ansys_Project_Files/temp_train_TSV_RDL_96_1783632231_29156_SNP/temp_train_TSV_RDL_96_1783632231_29156.s2p
[train / TSV_RDL - Task 96] simulation completed: C:\ffzhzh\SyncFiles\Temp\HFSS_sim\LHS400_Connection2\train\TSV_RDL\dut96.s2p
PyAEDT INFO: Desktop has been released and closed.
[train / TSV_RDL - Task 98] simulation started.
PyAEDT INFO: Python version 3.11.15 | packaged by Anaconda, Inc. | (main, Mar 11 2026, 17:12:15) [MSC v.1942 64 bit (AMD64)].
PyAEDT INFO: PyAEDT version 1.0.1.
PyAEDT INFO: Initializing new Desktop session.
PyAEDT INFO: AEDT version 2026.1.
PyAEDT INFO: New AEDT session is starting on gRPC port 10528.
PyAEDT INFO: Starting new AEDT gRPC session on port 10528.
PyAEDT INFO: Launching AEDT server with gRPC transport mode: TransportMode.WNUA
PyAEDT INFO: Electronics Desktop started on gRPC port 10528 after 4.9 seconds.
PyAEDT INFO: AEDT installation Path C:\Program Files\ANSYS Inc\v261\AnsysEM
PyAEDT INFO: Connected to AEDT gRPC session on port 10528.
PyAEDT INFO: Non-graphical mode detected. Disabling Desktop logs.
PyAEDT INFO: Parsing C:\ffzhzh\LocalFiles\Ansys_Project_Files\temp_train_TSV_RDL_98_1783632767_29156.aedt.
PyAEDT INFO: Python version 3.11.15 | packaged by Anaconda, Inc. | (main, Mar 11 2026, 17:12:15) [MSC v.1942 64 bit (AMD64)].
PyAEDT INFO: PyAEDT version 1.0.1.
PyAEDT INFO: Returning found Desktop session with PID 37808!
PyAEDT INFO: File C:\ffzhzh\LocalFiles\Ansys_Project_Files\temp_train_TSV_RDL_98_1783632767_29156.aedt correctly loaded. Elapsed time: 0m 0sec
PyAEDT INFO: Project temp_train_TSV_RDL_98_1783632767_29156 has been opened.
PyAEDT INFO: Active Design set to TSV_RDL
PyAEDT INFO: AEDT objects correctly read
PyAEDT INFO: Modeler class has been initialized! Elapsed time: 0m 0sec
PyAEDT INFO: Project temp_train_TSV_RDL_98_1783632767_29156 Saved correctly
PyAEDT INFO: Key Desktop/ActiveDSOConfigurations/HFSS correctly changed.
PyAEDT INFO: Solving all design setups. Analysis started...
PyAEDT INFO: Design setup None solved correctly in 0.0h 16.0m 60.0s
PyAEDT INFO: Key Desktop/ActiveDSOConfigurations/HFSS correctly changed.
PyAEDT INFO: Exporting Touchstone C:/ffzhzh/LocalFiles/Ansys_Project_Files/temp_train_TSV_RDL_94_1783631906_26216_SNP/temp_train_TSV_RDL_94_1783631906_26216.s2p
PyAEDT INFO: Touchstone correctly exported to C:/ffzhzh/LocalFiles/Ansys_Project_Files/temp_train_TSV_RDL_94_1783631906_26216_SNP/temp_train_TSV_RDL_94_1783631906_26216.s2p
[train / TSV_RDL - Task 94] simulation completed: C:\ffzhzh\SyncFiles\Temp\HFSS_sim\LHS400_Connection2\train\TSV_RDL\dut94.s2p
PyAEDT INFO: Desktop has been released and closed.
[train / TSV_RDL - Task 99] simulation started.
PyAEDT INFO: Python version 3.11.15 | packaged by Anaconda, Inc. | (main, Mar 11 2026, 17:12:15) [MSC v.1942 64 bit (AMD64)].
PyAEDT INFO: PyAEDT version 1.0.1.
PyAEDT INFO: Initializing new Desktop session.
PyAEDT INFO: AEDT version 2026.1.
PyAEDT INFO: New AEDT session is starting on gRPC port 1675.
PyAEDT INFO: Starting new AEDT gRPC session on port 1675.
PyAEDT INFO: Launching AEDT server with gRPC transport mode: TransportMode.WNUA
PyAEDT INFO: Electronics Desktop started on gRPC port 1675 after 5.0 seconds.
PyAEDT INFO: AEDT installation Path C:\Program Files\ANSYS Inc\v261\AnsysEM
PyAEDT INFO: Connected to AEDT gRPC session on port 1675.
PyAEDT INFO: Non-graphical mode detected. Disabling Desktop logs.
PyAEDT INFO: Parsing C:\ffzhzh\LocalFiles\Ansys_Project_Files\temp_train_TSV_RDL_99_1783632948_26216.aedt.
PyAEDT INFO: Python version 3.11.15 | packaged by Anaconda, Inc. | (main, Mar 11 2026, 17:12:15) [MSC v.1942 64 bit (AMD64)].
PyAEDT INFO: PyAEDT version 1.0.1.
PyAEDT INFO: Returning found Desktop session with PID 13488!
PyAEDT INFO: File C:\ffzhzh\LocalFiles\Ansys_Project_Files\temp_train_TSV_RDL_99_1783632948_26216.aedt correctly loaded. Elapsed time: 0m 0sec
PyAEDT INFO: Project temp_train_TSV_RDL_99_1783632948_26216 has been opened.
PyAEDT INFO: Active Design set to TSV_RDL
PyAEDT INFO: AEDT objects correctly read
PyAEDT INFO: Modeler class has been initialized! Elapsed time: 0m 0sec
PyAEDT INFO: Project temp_train_TSV_RDL_99_1783632948_26216 Saved correctly
PyAEDT INFO: Key Desktop/ActiveDSOConfigurations/HFSS correctly changed.
PyAEDT INFO: Solving all design setups. Analysis started...
PyAEDT INFO: Design setup None solved correctly in 0.0h 7.0m 4.0s
PyAEDT INFO: Key Desktop/ActiveDSOConfigurations/HFSS correctly changed.
PyAEDT INFO: Exporting Touchstone C:/ffzhzh/LocalFiles/Ansys_Project_Files/temp_train_TSV_RDL_98_1783632767_29156_SNP/temp_train_TSV_RDL_98_1783632767_29156.s2p
PyAEDT INFO: Touchstone correctly exported to C:/ffzhzh/LocalFiles/Ansys_Project_Files/temp_train_TSV_RDL_98_1783632767_29156_SNP/temp_train_TSV_RDL_98_1783632767_29156.s2p
PyAEDT INFO: Solving all design setups. Analysis started...
PyAEDT INFO: Design setup None solved correctly in 0.0h 7.0m 45.0s
PyAEDT INFO: Key Desktop/ActiveDSOConfigurations/HFSS correctly changed.
PyAEDT INFO: Exporting Touchstone C:/ffzhzh/LocalFiles/Ansys_Project_Files/temp_train_TSV_RDL_97_1783632734_33328_SNP/temp_train_TSV_RDL_97_1783632734_33328.s2p
PyAEDT INFO: Touchstone correctly exported to C:/ffzhzh/LocalFiles/Ansys_Project_Files/temp_train_TSV_RDL_97_1783632734_33328_SNP/temp_train_TSV_RDL_97_1783632734_33328.s2p
[train / TSV_RDL - Task 98] simulation completed: C:\ffzhzh\SyncFiles\Temp\HFSS_sim\LHS400_Connection2\train\TSV_RDL\dut98.s2p
PyAEDT INFO: Desktop has been released and closed.
[train / TSV_RDL - Task 100] simulation started.
PyAEDT INFO: Python version 3.11.15 | packaged by Anaconda, Inc. | (main, Mar 11 2026, 17:12:15) [MSC v.1942 64 bit (AMD64)].
PyAEDT INFO: PyAEDT version 1.0.1.
PyAEDT INFO: Initializing new Desktop session.
PyAEDT INFO: AEDT version 2026.1.
PyAEDT INFO: New AEDT session is starting on gRPC port 10616.
PyAEDT INFO: Starting new AEDT gRPC session on port 10616.
PyAEDT INFO: Launching AEDT server with gRPC transport mode: TransportMode.WNUA
[train / TSV_RDL - Task 97] simulation completed: C:\ffzhzh\SyncFiles\Temp\HFSS_sim\LHS400_Connection2\train\TSV_RDL\dut97.s2p
PyAEDT INFO: Desktop has been released and closed.
[train / TSV_RDL - Task 101] simulation started.
PyAEDT INFO: Python version 3.11.15 | packaged by Anaconda, Inc. | (main, Mar 11 2026, 17:12:15) [MSC v.1942 64 bit (AMD64)].
PyAEDT INFO: PyAEDT version 1.0.1.
PyAEDT INFO: Initializing new Desktop session.
PyAEDT INFO: AEDT version 2026.1.
PyAEDT INFO: New AEDT session is starting on gRPC port 9741.
PyAEDT INFO: Electronics Desktop started on gRPC port 10616 after 4.8 seconds.
PyAEDT INFO: AEDT installation Path C:\Program Files\ANSYS Inc\v261\AnsysEM
PyAEDT INFO: Connected to AEDT gRPC session on port 10616.
PyAEDT INFO: Non-graphical mode detected. Disabling Desktop logs.
PyAEDT INFO: Parsing C:\ffzhzh\LocalFiles\Ansys_Project_Files\temp_train_TSV_RDL_100_1783633212_29156.aedt.
PyAEDT INFO: Python version 3.11.15 | packaged by Anaconda, Inc. | (main, Mar 11 2026, 17:12:15) [MSC v.1942 64 bit (AMD64)].
PyAEDT INFO: PyAEDT version 1.0.1.
PyAEDT INFO: Returning found Desktop session with PID 21472!
PyAEDT INFO: Starting new AEDT gRPC session on port 9741.
PyAEDT INFO: Launching AEDT server with gRPC transport mode: TransportMode.WNUA
PyAEDT INFO: File C:\ffzhzh\LocalFiles\Ansys_Project_Files\temp_train_TSV_RDL_100_1783633212_29156.aedt correctly loaded. Elapsed time: 0m 0sec
PyAEDT INFO: Project temp_train_TSV_RDL_100_1783633212_29156 has been opened.
PyAEDT INFO: Active Design set to TSV_RDL
PyAEDT INFO: AEDT objects correctly read
PyAEDT INFO: Modeler class has been initialized! Elapsed time: 0m 0sec
PyAEDT INFO: Project temp_train_TSV_RDL_100_1783633212_29156 Saved correctly
PyAEDT INFO: Key Desktop/ActiveDSOConfigurations/HFSS correctly changed.
PyAEDT INFO: Electronics Desktop started on gRPC port 9741 after 4.8 seconds.
PyAEDT INFO: AEDT installation Path C:\Program Files\ANSYS Inc\v261\AnsysEM
PyAEDT INFO: Connected to AEDT gRPC session on port 9741.
PyAEDT INFO: Non-graphical mode detected. Disabling Desktop logs.
PyAEDT INFO: Parsing C:\ffzhzh\LocalFiles\Ansys_Project_Files\temp_train_TSV_RDL_101_1783633217_33328.aedt.
PyAEDT INFO: Python version 3.11.15 | packaged by Anaconda, Inc. | (main, Mar 11 2026, 17:12:15) [MSC v.1942 64 bit (AMD64)].
PyAEDT INFO: PyAEDT version 1.0.1.
PyAEDT INFO: Returning found Desktop session with PID 10532!
PyAEDT INFO: File C:\ffzhzh\LocalFiles\Ansys_Project_Files\temp_train_TSV_RDL_101_1783633217_33328.aedt correctly loaded. Elapsed time: 0m 0sec
PyAEDT INFO: Project temp_train_TSV_RDL_101_1783633217_33328 has been opened.
PyAEDT INFO: Active Design set to TSV_RDL
PyAEDT INFO: AEDT objects correctly read
PyAEDT INFO: Modeler class has been initialized! Elapsed time: 0m 0sec
PyAEDT INFO: Project temp_train_TSV_RDL_101_1783633217_33328 Saved correctly
PyAEDT INFO: Key Desktop/ActiveDSOConfigurations/HFSS correctly changed.
PyAEDT INFO: Solving all design setups. Analysis started...
PyAEDT INFO: Design setup None solved correctly in 0.0h 8.0m 29.0s
PyAEDT INFO: Key Desktop/ActiveDSOConfigurations/HFSS correctly changed.
PyAEDT INFO: Exporting Touchstone C:/ffzhzh/LocalFiles/Ansys_Project_Files/temp_train_TSV_RDL_99_1783632948_26216_SNP/temp_train_TSV_RDL_99_1783632948_26216.s2p
PyAEDT INFO: Touchstone correctly exported to C:/ffzhzh/LocalFiles/Ansys_Project_Files/temp_train_TSV_RDL_99_1783632948_26216_SNP/temp_train_TSV_RDL_99_1783632948_26216.s2p
[train / TSV_RDL - Task 99] simulation completed: C:\ffzhzh\SyncFiles\Temp\HFSS_sim\LHS400_Connection2\train\TSV_RDL\dut99.s2p
PyAEDT INFO: Desktop has been released and closed.
[train / TSV_RDL - Task 102] simulation started.
PyAEDT INFO: Python version 3.11.15 | packaged by Anaconda, Inc. | (main, Mar 11 2026, 17:12:15) [MSC v.1942 64 bit (AMD64)].
PyAEDT INFO: PyAEDT version 1.0.1.
PyAEDT INFO: Initializing new Desktop session.
PyAEDT INFO: AEDT version 2026.1.
PyAEDT INFO: New AEDT session is starting on gRPC port 14130.
PyAEDT INFO: Starting new AEDT gRPC session on port 14130.
PyAEDT INFO: Launching AEDT server with gRPC transport mode: TransportMode.WNUA
PyAEDT INFO: Electronics Desktop started on gRPC port 14130 after 4.9 seconds.
PyAEDT INFO: AEDT installation Path C:\Program Files\ANSYS Inc\v261\AnsysEM
PyAEDT INFO: Connected to AEDT gRPC session on port 14130.
PyAEDT INFO: Non-graphical mode detected. Disabling Desktop logs.
PyAEDT INFO: Parsing C:\ffzhzh\LocalFiles\Ansys_Project_Files\temp_train_TSV_RDL_102_1783633477_26216.aedt.
PyAEDT INFO: Python version 3.11.15 | packaged by Anaconda, Inc. | (main, Mar 11 2026, 17:12:15) [MSC v.1942 64 bit (AMD64)].
PyAEDT INFO: PyAEDT version 1.0.1.
PyAEDT INFO: Returning found Desktop session with PID 39908!
PyAEDT INFO: File C:\ffzhzh\LocalFiles\Ansys_Project_Files\temp_train_TSV_RDL_102_1783633477_26216.aedt correctly loaded. Elapsed time: 0m 0sec
PyAEDT INFO: Project temp_train_TSV_RDL_102_1783633477_26216 has been opened.
PyAEDT INFO: Active Design set to TSV_RDL
PyAEDT INFO: AEDT objects correctly read
PyAEDT INFO: Modeler class has been initialized! Elapsed time: 0m 0sec
PyAEDT INFO: Project temp_train_TSV_RDL_102_1783633477_26216 Saved correctly
PyAEDT INFO: Key Desktop/ActiveDSOConfigurations/HFSS correctly changed.
PyAEDT INFO: Solving all design setups. Analysis started...
PyAEDT INFO: Design setup None solved correctly in 0.0h 7.0m 54.0s
PyAEDT INFO: Key Desktop/ActiveDSOConfigurations/HFSS correctly changed.
PyAEDT INFO: Exporting Touchstone C:/ffzhzh/LocalFiles/Ansys_Project_Files/temp_train_TSV_RDL_101_1783633217_33328_SNP/temp_train_TSV_RDL_101_1783633217_33328.s2p
PyAEDT INFO: Touchstone correctly exported to C:/ffzhzh/LocalFiles/Ansys_Project_Files/temp_train_TSV_RDL_101_1783633217_33328_SNP/temp_train_TSV_RDL_101_1783633217_33328.s2p
[train / TSV_RDL - Task 101] simulation completed: C:\ffzhzh\SyncFiles\Temp\HFSS_sim\LHS400_Connection2\train\TSV_RDL\dut101.s2p
PyAEDT INFO: Desktop has been released and closed.
[train / TSV_RDL - Task 103] simulation started.
PyAEDT INFO: Python version 3.11.15 | packaged by Anaconda, Inc. | (main, Mar 11 2026, 17:12:15) [MSC v.1942 64 bit (AMD64)].
PyAEDT INFO: PyAEDT version 1.0.1.
PyAEDT INFO: Initializing new Desktop session.
PyAEDT INFO: AEDT version 2026.1.
PyAEDT INFO: New AEDT session is starting on gRPC port 3208.
PyAEDT INFO: Starting new AEDT gRPC session on port 3208.
PyAEDT INFO: Launching AEDT server with gRPC transport mode: TransportMode.WNUA
PyAEDT INFO: Electronics Desktop started on gRPC port 3208 after 5.1 seconds.
PyAEDT INFO: AEDT installation Path C:\Program Files\ANSYS Inc\v261\AnsysEM
PyAEDT INFO: Connected to AEDT gRPC session on port 3208.
PyAEDT INFO: Non-graphical mode detected. Disabling Desktop logs.
PyAEDT INFO: Parsing C:\ffzhzh\LocalFiles\Ansys_Project_Files\temp_train_TSV_RDL_103_1783633714_33328.aedt.
PyAEDT INFO: Python version 3.11.15 | packaged by Anaconda, Inc. | (main, Mar 11 2026, 17:12:15) [MSC v.1942 64 bit (AMD64)].
PyAEDT INFO: PyAEDT version 1.0.1.
PyAEDT INFO: Returning found Desktop session with PID 26040!
PyAEDT INFO: File C:\ffzhzh\LocalFiles\Ansys_Project_Files\temp_train_TSV_RDL_103_1783633714_33328.aedt correctly loaded. Elapsed time: 0m 0sec
PyAEDT INFO: Project temp_train_TSV_RDL_103_1783633714_33328 has been opened.
PyAEDT INFO: Active Design set to TSV_RDL
PyAEDT INFO: AEDT objects correctly read
PyAEDT INFO: Modeler class has been initialized! Elapsed time: 0m 0sec
PyAEDT INFO: Project temp_train_TSV_RDL_103_1783633714_33328 Saved correctly
PyAEDT INFO: Key Desktop/ActiveDSOConfigurations/HFSS correctly changed.
PyAEDT INFO: Solving all design setups. Analysis started...
PyAEDT INFO: Design setup None solved correctly in 0.0h 6.0m 16.0s
PyAEDT INFO: Key Desktop/ActiveDSOConfigurations/HFSS correctly changed.
PyAEDT INFO: Exporting Touchstone C:/ffzhzh/LocalFiles/Ansys_Project_Files/temp_train_TSV_RDL_102_1783633477_26216_SNP/temp_train_TSV_RDL_102_1783633477_26216.s2p
PyAEDT INFO: Touchstone correctly exported to C:/ffzhzh/LocalFiles/Ansys_Project_Files/temp_train_TSV_RDL_102_1783633477_26216_SNP/temp_train_TSV_RDL_102_1783633477_26216.s2p
[train / TSV_RDL - Task 102] simulation completed: C:\ffzhzh\SyncFiles\Temp\HFSS_sim\LHS400_Connection2\train\TSV_RDL\dut102.s2p
PyAEDT INFO: Desktop has been released and closed.
[train / TSV_RDL - Task 104] simulation started.
PyAEDT INFO: Python version 3.11.15 | packaged by Anaconda, Inc. | (main, Mar 11 2026, 17:12:15) [MSC v.1942 64 bit (AMD64)].
PyAEDT INFO: PyAEDT version 1.0.1.
PyAEDT INFO: Initializing new Desktop session.
PyAEDT INFO: AEDT version 2026.1.
PyAEDT INFO: New AEDT session is starting on gRPC port 8332.
PyAEDT INFO: Starting new AEDT gRPC session on port 8332.
PyAEDT INFO: Launching AEDT server with gRPC transport mode: TransportMode.WNUA
PyAEDT INFO: Electronics Desktop started on gRPC port 8332 after 4.9 seconds.
PyAEDT INFO: AEDT installation Path C:\Program Files\ANSYS Inc\v261\AnsysEM
PyAEDT INFO: Connected to AEDT gRPC session on port 8332.
PyAEDT INFO: Non-graphical mode detected. Disabling Desktop logs.
PyAEDT INFO: Parsing C:\ffzhzh\LocalFiles\Ansys_Project_Files\temp_train_TSV_RDL_104_1783633865_26216.aedt.
PyAEDT INFO: Python version 3.11.15 | packaged by Anaconda, Inc. | (main, Mar 11 2026, 17:12:15) [MSC v.1942 64 bit (AMD64)].
PyAEDT INFO: PyAEDT version 1.0.1.
PyAEDT INFO: Returning found Desktop session with PID 22352!
PyAEDT INFO: File C:\ffzhzh\LocalFiles\Ansys_Project_Files\temp_train_TSV_RDL_104_1783633865_26216.aedt correctly loaded. Elapsed time: 0m 0sec
PyAEDT INFO: Project temp_train_TSV_RDL_104_1783633865_26216 has been opened.
PyAEDT INFO: Active Design set to TSV_RDL
PyAEDT INFO: AEDT objects correctly read
PyAEDT INFO: Modeler class has been initialized! Elapsed time: 0m 0sec
PyAEDT INFO: Project temp_train_TSV_RDL_104_1783633865_26216 Saved correctly
PyAEDT INFO: Key Desktop/ActiveDSOConfigurations/HFSS correctly changed.
PyAEDT INFO: Solving all design setups. Analysis started...
PyAEDT INFO: Design setup None solved correctly in 0.0h 11.0m 12.0s
PyAEDT INFO: Key Desktop/ActiveDSOConfigurations/HFSS correctly changed.
PyAEDT INFO: Exporting Touchstone C:/ffzhzh/LocalFiles/Ansys_Project_Files/temp_train_TSV_RDL_100_1783633212_29156_SNP/temp_train_TSV_RDL_100_1783633212_29156.s2p
PyAEDT INFO: Touchstone correctly exported to C:/ffzhzh/LocalFiles/Ansys_Project_Files/temp_train_TSV_RDL_100_1783633212_29156_SNP/temp_train_TSV_RDL_100_1783633212_29156.s2p
[train / TSV_RDL - Task 100] simulation completed: C:\ffzhzh\SyncFiles\Temp\HFSS_sim\LHS400_Connection2\train\TSV_RDL\dut100.s2p
PyAEDT INFO: Desktop has been released and closed.
[train / TSV_RDL - Task 105] simulation started.
PyAEDT INFO: Python version 3.11.15 | packaged by Anaconda, Inc. | (main, Mar 11 2026, 17:12:15) [MSC v.1942 64 bit (AMD64)].
PyAEDT INFO: PyAEDT version 1.0.1.
PyAEDT INFO: Initializing new Desktop session.
PyAEDT INFO: AEDT version 2026.1.
PyAEDT INFO: New AEDT session is starting on gRPC port 8887.
PyAEDT INFO: Starting new AEDT gRPC session on port 8887.
PyAEDT INFO: Launching AEDT server with gRPC transport mode: TransportMode.WNUA
PyAEDT INFO: Electronics Desktop started on gRPC port 8887 after 4.9 seconds.
PyAEDT INFO: AEDT installation Path C:\Program Files\ANSYS Inc\v261\AnsysEM
PyAEDT INFO: Connected to AEDT gRPC session on port 8887.
PyAEDT INFO: Non-graphical mode detected. Disabling Desktop logs.
PyAEDT INFO: Parsing C:\ffzhzh\LocalFiles\Ansys_Project_Files\temp_train_TSV_RDL_105_1783633903_29156.aedt.
PyAEDT INFO: Python version 3.11.15 | packaged by Anaconda, Inc. | (main, Mar 11 2026, 17:12:15) [MSC v.1942 64 bit (AMD64)].
PyAEDT INFO: PyAEDT version 1.0.1.
PyAEDT INFO: Returning found Desktop session with PID 3992!
PyAEDT INFO: File C:\ffzhzh\LocalFiles\Ansys_Project_Files\temp_train_TSV_RDL_105_1783633903_29156.aedt correctly loaded. Elapsed time: 0m 0sec
PyAEDT INFO: Project temp_train_TSV_RDL_105_1783633903_29156 has been opened.
PyAEDT INFO: Active Design set to TSV_RDL
PyAEDT INFO: AEDT objects correctly read
PyAEDT INFO: Modeler class has been initialized! Elapsed time: 0m 0sec
PyAEDT INFO: Project temp_train_TSV_RDL_105_1783633903_29156 Saved correctly
PyAEDT INFO: Key Desktop/ActiveDSOConfigurations/HFSS correctly changed.
PyAEDT INFO: Solving all design setups. Analysis started...
PyAEDT INFO: Design setup None solved correctly in 0.0h 8.0m 59.0s
PyAEDT INFO: Key Desktop/ActiveDSOConfigurations/HFSS correctly changed.
PyAEDT INFO: Exporting Touchstone C:/ffzhzh/LocalFiles/Ansys_Project_Files/temp_train_TSV_RDL_103_1783633714_33328_SNP/temp_train_TSV_RDL_103_1783633714_33328.s2p
PyAEDT INFO: Touchstone correctly exported to C:/ffzhzh/LocalFiles/Ansys_Project_Files/temp_train_TSV_RDL_103_1783633714_33328_SNP/temp_train_TSV_RDL_103_1783633714_33328.s2p
[train / TSV_RDL - Task 103] simulation completed: C:\ffzhzh\SyncFiles\Temp\HFSS_sim\LHS400_Connection2\train\TSV_RDL\dut103.s2p
PyAEDT INFO: Desktop has been released and closed.
[train / TSV_RDL - Task 106] simulation started.
PyAEDT INFO: Python version 3.11.15 | packaged by Anaconda, Inc. | (main, Mar 11 2026, 17:12:15) [MSC v.1942 64 bit (AMD64)].
PyAEDT INFO: PyAEDT version 1.0.1.
PyAEDT INFO: Initializing new Desktop session.
PyAEDT INFO: AEDT version 2026.1.
PyAEDT INFO: New AEDT session is starting on gRPC port 6886.
PyAEDT INFO: Starting new AEDT gRPC session on port 6886.
PyAEDT INFO: Launching AEDT server with gRPC transport mode: TransportMode.WNUA
PyAEDT INFO: Electronics Desktop started on gRPC port 6886 after 5.2 seconds.
PyAEDT INFO: AEDT installation Path C:\Program Files\ANSYS Inc\v261\AnsysEM
PyAEDT INFO: Connected to AEDT gRPC session on port 6886.
PyAEDT INFO: Non-graphical mode detected. Disabling Desktop logs.
PyAEDT INFO: Parsing C:\ffzhzh\LocalFiles\Ansys_Project_Files\temp_train_TSV_RDL_106_1783634274_33328.aedt.
PyAEDT INFO: Python version 3.11.15 | packaged by Anaconda, Inc. | (main, Mar 11 2026, 17:12:15) [MSC v.1942 64 bit (AMD64)].
PyAEDT INFO: PyAEDT version 1.0.1.
PyAEDT INFO: Returning found Desktop session with PID 36720!
PyAEDT INFO: File C:\ffzhzh\LocalFiles\Ansys_Project_Files\temp_train_TSV_RDL_106_1783634274_33328.aedt correctly loaded. Elapsed time: 0m 0sec
PyAEDT INFO: Project temp_train_TSV_RDL_106_1783634274_33328 has been opened.
PyAEDT INFO: Active Design set to TSV_RDL
PyAEDT INFO: AEDT objects correctly read
PyAEDT INFO: Modeler class has been initialized! Elapsed time: 0m 0sec
PyAEDT INFO: Project temp_train_TSV_RDL_106_1783634274_33328 Saved correctly
PyAEDT INFO: Key Desktop/ActiveDSOConfigurations/HFSS correctly changed.
PyAEDT INFO: Solving all design setups. Analysis started...
PyAEDT INFO: Design setup None solved correctly in 0.0h 7.0m 22.0s
PyAEDT INFO: Key Desktop/ActiveDSOConfigurations/HFSS correctly changed.
PyAEDT INFO: Exporting Touchstone C:/ffzhzh/LocalFiles/Ansys_Project_Files/temp_train_TSV_RDL_105_1783633903_29156_SNP/temp_train_TSV_RDL_105_1783633903_29156.s2p
PyAEDT INFO: Touchstone correctly exported to C:/ffzhzh/LocalFiles/Ansys_Project_Files/temp_train_TSV_RDL_105_1783633903_29156_SNP/temp_train_TSV_RDL_105_1783633903_29156.s2p
[train / TSV_RDL - Task 105] simulation completed: C:\ffzhzh\SyncFiles\Temp\HFSS_sim\LHS400_Connection2\train\TSV_RDL\dut105.s2p
PyAEDT INFO: Desktop has been released and closed.
[train / TSV_RDL - Task 107] simulation started.
PyAEDT INFO: Python version 3.11.15 | packaged by Anaconda, Inc. | (main, Mar 11 2026, 17:12:15) [MSC v.1942 64 bit (AMD64)].
PyAEDT INFO: PyAEDT version 1.0.1.
PyAEDT INFO: Initializing new Desktop session.
PyAEDT INFO: AEDT version 2026.1.
PyAEDT INFO: New AEDT session is starting on gRPC port 7714.
PyAEDT INFO: Starting new AEDT gRPC session on port 7714.
PyAEDT INFO: Launching AEDT server with gRPC transport mode: TransportMode.WNUA
PyAEDT INFO: Electronics Desktop started on gRPC port 7714 after 5.1 seconds.
PyAEDT INFO: AEDT installation Path C:\Program Files\ANSYS Inc\v261\AnsysEM
PyAEDT INFO: Connected to AEDT gRPC session on port 7714.
PyAEDT INFO: Non-graphical mode detected. Disabling Desktop logs.
PyAEDT INFO: Parsing C:\ffzhzh\LocalFiles\Ansys_Project_Files\temp_train_TSV_RDL_107_1783634365_29156.aedt.
PyAEDT INFO: Python version 3.11.15 | packaged by Anaconda, Inc. | (main, Mar 11 2026, 17:12:15) [MSC v.1942 64 bit (AMD64)].
PyAEDT INFO: PyAEDT version 1.0.1.
PyAEDT INFO: Returning found Desktop session with PID 27172!
PyAEDT INFO: File C:\ffzhzh\LocalFiles\Ansys_Project_Files\temp_train_TSV_RDL_107_1783634365_29156.aedt correctly loaded. Elapsed time: 0m 0sec
PyAEDT INFO: Project temp_train_TSV_RDL_107_1783634365_29156 has been opened.
PyAEDT INFO: Active Design set to TSV_RDL
PyAEDT INFO: AEDT objects correctly read
PyAEDT INFO: Modeler class has been initialized! Elapsed time: 0m 0sec
PyAEDT INFO: Project temp_train_TSV_RDL_107_1783634365_29156 Saved correctly
PyAEDT INFO: Key Desktop/ActiveDSOConfigurations/HFSS correctly changed.
PyAEDT INFO: Solving all design setups. Analysis started...
PyAEDT INFO: Design setup None solved correctly in 0.0h 8.0m 24.0s
PyAEDT INFO: Key Desktop/ActiveDSOConfigurations/HFSS correctly changed.
PyAEDT INFO: Exporting Touchstone C:/ffzhzh/LocalFiles/Ansys_Project_Files/temp_train_TSV_RDL_104_1783633865_26216_SNP/temp_train_TSV_RDL_104_1783633865_26216.s2p
PyAEDT INFO: Touchstone correctly exported to C:/ffzhzh/LocalFiles/Ansys_Project_Files/temp_train_TSV_RDL_104_1783633865_26216_SNP/temp_train_TSV_RDL_104_1783633865_26216.s2p
[train / TSV_RDL - Task 104] simulation completed: C:\ffzhzh\SyncFiles\Temp\HFSS_sim\LHS400_Connection2\train\TSV_RDL\dut104.s2p
PyAEDT INFO: Desktop has been released and closed.
[train / TSV_RDL - Task 108] simulation started.
PyAEDT INFO: Python version 3.11.15 | packaged by Anaconda, Inc. | (main, Mar 11 2026, 17:12:15) [MSC v.1942 64 bit (AMD64)].
PyAEDT INFO: PyAEDT version 1.0.1.
PyAEDT INFO: Initializing new Desktop session.
PyAEDT INFO: AEDT version 2026.1.
PyAEDT INFO: New AEDT session is starting on gRPC port 2700.
PyAEDT INFO: Starting new AEDT gRPC session on port 2700.
PyAEDT INFO: Launching AEDT server with gRPC transport mode: TransportMode.WNUA
PyAEDT INFO: Electronics Desktop started on gRPC port 2700 after 4.9 seconds.
PyAEDT INFO: AEDT installation Path C:\Program Files\ANSYS Inc\v261\AnsysEM
PyAEDT INFO: Connected to AEDT gRPC session on port 2700.
PyAEDT INFO: Non-graphical mode detected. Disabling Desktop logs.
PyAEDT INFO: Parsing C:\ffzhzh\LocalFiles\Ansys_Project_Files\temp_train_TSV_RDL_108_1783634381_26216.aedt.
PyAEDT INFO: Python version 3.11.15 | packaged by Anaconda, Inc. | (main, Mar 11 2026, 17:12:15) [MSC v.1942 64 bit (AMD64)].
PyAEDT INFO: PyAEDT version 1.0.1.
PyAEDT INFO: Returning found Desktop session with PID 28404!
PyAEDT INFO: File C:\ffzhzh\LocalFiles\Ansys_Project_Files\temp_train_TSV_RDL_108_1783634381_26216.aedt correctly loaded. Elapsed time: 0m 0sec
PyAEDT INFO: Project temp_train_TSV_RDL_108_1783634381_26216 has been opened.
PyAEDT INFO: Active Design set to TSV_RDL
PyAEDT INFO: AEDT objects correctly read
PyAEDT INFO: Modeler class has been initialized! Elapsed time: 0m 0sec
PyAEDT INFO: Project temp_train_TSV_RDL_108_1783634381_26216 Saved correctly
PyAEDT INFO: Key Desktop/ActiveDSOConfigurations/HFSS correctly changed.
PyAEDT INFO: Solving all design setups. Analysis started...
PyAEDT INFO: Design setup None solved correctly in 0.0h 6.0m 3.0s
PyAEDT INFO: Key Desktop/ActiveDSOConfigurations/HFSS correctly changed.
PyAEDT INFO: Exporting Touchstone C:/ffzhzh/LocalFiles/Ansys_Project_Files/temp_train_TSV_RDL_106_1783634274_33328_SNP/temp_train_TSV_RDL_106_1783634274_33328.s2p
PyAEDT INFO: Touchstone correctly exported to C:/ffzhzh/LocalFiles/Ansys_Project_Files/temp_train_TSV_RDL_106_1783634274_33328_SNP/temp_train_TSV_RDL_106_1783634274_33328.s2p
[train / TSV_RDL - Task 106] simulation completed: C:\ffzhzh\SyncFiles\Temp\HFSS_sim\LHS400_Connection2\train\TSV_RDL\dut106.s2p
PyAEDT INFO: Desktop has been released and closed.
[train / TSV_RDL - Task 109] simulation started.
PyAEDT INFO: Python version 3.11.15 | packaged by Anaconda, Inc. | (main, Mar 11 2026, 17:12:15) [MSC v.1942 64 bit (AMD64)].
PyAEDT INFO: PyAEDT version 1.0.1.
PyAEDT INFO: Initializing new Desktop session.
PyAEDT INFO: AEDT version 2026.1.
PyAEDT INFO: New AEDT session is starting on gRPC port 4052.
PyAEDT INFO: Starting new AEDT gRPC session on port 4052.
PyAEDT INFO: Launching AEDT server with gRPC transport mode: TransportMode.WNUA
PyAEDT INFO: Electronics Desktop started on gRPC port 4052 after 5.0 seconds.
PyAEDT INFO: AEDT installation Path C:\Program Files\ANSYS Inc\v261\AnsysEM
PyAEDT INFO: Connected to AEDT gRPC session on port 4052.
PyAEDT INFO: Non-graphical mode detected. Disabling Desktop logs.
PyAEDT INFO: Parsing C:\ffzhzh\LocalFiles\Ansys_Project_Files\temp_train_TSV_RDL_109_1783634660_33328.aedt.
PyAEDT INFO: Python version 3.11.15 | packaged by Anaconda, Inc. | (main, Mar 11 2026, 17:12:15) [MSC v.1942 64 bit (AMD64)].
PyAEDT INFO: PyAEDT version 1.0.1.
PyAEDT INFO: Returning found Desktop session with PID 29988!
PyAEDT INFO: File C:\ffzhzh\LocalFiles\Ansys_Project_Files\temp_train_TSV_RDL_109_1783634660_33328.aedt correctly loaded. Elapsed time: 0m 0sec
PyAEDT INFO: Project temp_train_TSV_RDL_109_1783634660_33328 has been opened.
PyAEDT INFO: Active Design set to TSV_RDL
PyAEDT INFO: AEDT objects correctly read
PyAEDT INFO: Modeler class has been initialized! Elapsed time: 0m 0sec
PyAEDT INFO: Project temp_train_TSV_RDL_109_1783634660_33328 Saved correctly
PyAEDT INFO: Key Desktop/ActiveDSOConfigurations/HFSS correctly changed.
PyAEDT INFO: Solving all design setups. Analysis started...
PyAEDT INFO: Design setup None solved correctly in 0.0h 7.0m 42.0s
PyAEDT INFO: Key Desktop/ActiveDSOConfigurations/HFSS correctly changed.
PyAEDT INFO: Exporting Touchstone C:/ffzhzh/LocalFiles/Ansys_Project_Files/temp_train_TSV_RDL_107_1783634365_29156_SNP/temp_train_TSV_RDL_107_1783634365_29156.s2p
PyAEDT INFO: Touchstone correctly exported to C:/ffzhzh/LocalFiles/Ansys_Project_Files/temp_train_TSV_RDL_107_1783634365_29156_SNP/temp_train_TSV_RDL_107_1783634365_29156.s2p
[train / TSV_RDL - Task 107] simulation completed: C:\ffzhzh\SyncFiles\Temp\HFSS_sim\LHS400_Connection2\train\TSV_RDL\dut107.s2p
PyAEDT INFO: Desktop has been released and closed.
[train / TSV_RDL - Task 110] simulation started.
PyAEDT INFO: Python version 3.11.15 | packaged by Anaconda, Inc. | (main, Mar 11 2026, 17:12:15) [MSC v.1942 64 bit (AMD64)].
PyAEDT INFO: PyAEDT version 1.0.1.
PyAEDT INFO: Initializing new Desktop session.
PyAEDT INFO: AEDT version 2026.1.
PyAEDT INFO: New AEDT session is starting on gRPC port 3328.
PyAEDT INFO: Starting new AEDT gRPC session on port 3328.
PyAEDT INFO: Launching AEDT server with gRPC transport mode: TransportMode.WNUA
PyAEDT INFO: Electronics Desktop started on gRPC port 3328 after 5.1 seconds.
PyAEDT INFO: AEDT installation Path C:\Program Files\ANSYS Inc\v261\AnsysEM
PyAEDT INFO: Connected to AEDT gRPC session on port 3328.
PyAEDT INFO: Non-graphical mode detected. Disabling Desktop logs.
PyAEDT INFO: Parsing C:\ffzhzh\LocalFiles\Ansys_Project_Files\temp_train_TSV_RDL_110_1783634841_29156.aedt.
PyAEDT INFO: Python version 3.11.15 | packaged by Anaconda, Inc. | (main, Mar 11 2026, 17:12:15) [MSC v.1942 64 bit (AMD64)].
PyAEDT INFO: PyAEDT version 1.0.1.
PyAEDT INFO: Returning found Desktop session with PID 32428!
PyAEDT INFO: File C:\ffzhzh\LocalFiles\Ansys_Project_Files\temp_train_TSV_RDL_110_1783634841_29156.aedt correctly loaded. Elapsed time: 0m 0sec
PyAEDT INFO: Project temp_train_TSV_RDL_110_1783634841_29156 has been opened.
PyAEDT INFO: Active Design set to TSV_RDL
PyAEDT INFO: AEDT objects correctly read
PyAEDT INFO: Modeler class has been initialized! Elapsed time: 0m 0sec
PyAEDT INFO: Project temp_train_TSV_RDL_110_1783634841_29156 Saved correctly
PyAEDT INFO: Key Desktop/ActiveDSOConfigurations/HFSS correctly changed.
PyAEDT INFO: Solving all design setups. Analysis started...
PyAEDT INFO: Design setup None solved correctly in 0.0h 13.0m 13.0s
PyAEDT INFO: Key Desktop/ActiveDSOConfigurations/HFSS correctly changed.
PyAEDT INFO: Exporting Touchstone C:/ffzhzh/LocalFiles/Ansys_Project_Files/temp_train_TSV_RDL_108_1783634381_26216_SNP/temp_train_TSV_RDL_108_1783634381_26216.s2p
PyAEDT INFO: Touchstone correctly exported to C:/ffzhzh/LocalFiles/Ansys_Project_Files/temp_train_TSV_RDL_108_1783634381_26216_SNP/temp_train_TSV_RDL_108_1783634381_26216.s2p
[train / TSV_RDL - Task 108] simulation completed: C:\ffzhzh\SyncFiles\Temp\HFSS_sim\LHS400_Connection2\train\TSV_RDL\dut108.s2p
PyAEDT INFO: Desktop has been released and closed.
[train / TSV_RDL - Task 111] simulation started.
PyAEDT INFO: Python version 3.11.15 | packaged by Anaconda, Inc. | (main, Mar 11 2026, 17:12:15) [MSC v.1942 64 bit (AMD64)].
PyAEDT INFO: PyAEDT version 1.0.1.
PyAEDT INFO: Initializing new Desktop session.
PyAEDT INFO: AEDT version 2026.1.
PyAEDT INFO: New AEDT session is starting on gRPC port 10504.
PyAEDT INFO: Starting new AEDT gRPC session on port 10504.
PyAEDT INFO: Launching AEDT server with gRPC transport mode: TransportMode.WNUA
PyAEDT INFO: Solving all design setups. Analysis started...
PyAEDT INFO: Design setup None solved correctly in 0.0h 8.0m 49.0s
PyAEDT INFO: Key Desktop/ActiveDSOConfigurations/HFSS correctly changed.
PyAEDT INFO: Exporting Touchstone C:/ffzhzh/LocalFiles/Ansys_Project_Files/temp_train_TSV_RDL_109_1783634660_33328_SNP/temp_train_TSV_RDL_109_1783634660_33328.s2p
PyAEDT INFO: Touchstone correctly exported to C:/ffzhzh/LocalFiles/Ansys_Project_Files/temp_train_TSV_RDL_109_1783634660_33328_SNP/temp_train_TSV_RDL_109_1783634660_33328.s2p
PyAEDT INFO: Electronics Desktop started on gRPC port 10504 after 4.9 seconds.
PyAEDT INFO: AEDT installation Path C:\Program Files\ANSYS Inc\v261\AnsysEM
PyAEDT INFO: Connected to AEDT gRPC session on port 10504.
PyAEDT INFO: Non-graphical mode detected. Disabling Desktop logs.
PyAEDT INFO: Parsing C:\ffzhzh\LocalFiles\Ansys_Project_Files\temp_train_TSV_RDL_111_1783635195_26216.aedt.
PyAEDT INFO: Python version 3.11.15 | packaged by Anaconda, Inc. | (main, Mar 11 2026, 17:12:15) [MSC v.1942 64 bit (AMD64)].
PyAEDT INFO: PyAEDT version 1.0.1.
PyAEDT INFO: Returning found Desktop session with PID 16776!
PyAEDT INFO: File C:\ffzhzh\LocalFiles\Ansys_Project_Files\temp_train_TSV_RDL_111_1783635195_26216.aedt correctly loaded. Elapsed time: 0m 0sec
PyAEDT INFO: Project temp_train_TSV_RDL_111_1783635195_26216 has been opened.
PyAEDT INFO: Active Design set to TSV_RDL
PyAEDT INFO: AEDT objects correctly read
PyAEDT INFO: Modeler class has been initialized! Elapsed time: 0m 0sec
PyAEDT INFO: Project temp_train_TSV_RDL_111_1783635195_26216 Saved correctly
PyAEDT INFO: Key Desktop/ActiveDSOConfigurations/HFSS correctly changed.
[train / TSV_RDL - Task 109] simulation completed: C:\ffzhzh\SyncFiles\Temp\HFSS_sim\LHS400_Connection2\train\TSV_RDL\dut109.s2p
PyAEDT INFO: Desktop has been released and closed.
[train / TSV_RDL - Task 112] simulation started.
PyAEDT INFO: Python version 3.11.15 | packaged by Anaconda, Inc. | (main, Mar 11 2026, 17:12:15) [MSC v.1942 64 bit (AMD64)].
PyAEDT INFO: PyAEDT version 1.0.1.
PyAEDT INFO: Initializing new Desktop session.
PyAEDT INFO: AEDT version 2026.1.
PyAEDT INFO: New AEDT session is starting on gRPC port 8295.
PyAEDT INFO: Starting new AEDT gRPC session on port 8295.
PyAEDT INFO: Launching AEDT server with gRPC transport mode: TransportMode.WNUA
PyAEDT INFO: Electronics Desktop started on gRPC port 8295 after 4.9 seconds.
PyAEDT INFO: AEDT installation Path C:\Program Files\ANSYS Inc\v261\AnsysEM
PyAEDT INFO: Connected to AEDT gRPC session on port 8295.
PyAEDT INFO: Non-graphical mode detected. Disabling Desktop logs.
PyAEDT INFO: Parsing C:\ffzhzh\LocalFiles\Ansys_Project_Files\temp_train_TSV_RDL_112_1783635211_33328.aedt.
PyAEDT INFO: Python version 3.11.15 | packaged by Anaconda, Inc. | (main, Mar 11 2026, 17:12:15) [MSC v.1942 64 bit (AMD64)].
PyAEDT INFO: PyAEDT version 1.0.1.
PyAEDT INFO: Returning found Desktop session with PID 2868!
PyAEDT INFO: File C:\ffzhzh\LocalFiles\Ansys_Project_Files\temp_train_TSV_RDL_112_1783635211_33328.aedt correctly loaded. Elapsed time: 0m 0sec
PyAEDT INFO: Project temp_train_TSV_RDL_112_1783635211_33328 has been opened.
PyAEDT INFO: Active Design set to TSV_RDL
PyAEDT INFO: AEDT objects correctly read
PyAEDT INFO: Modeler class has been initialized! Elapsed time: 0m 0sec
PyAEDT INFO: Project temp_train_TSV_RDL_112_1783635211_33328 Saved correctly
PyAEDT INFO: Key Desktop/ActiveDSOConfigurations/HFSS correctly changed.
PyAEDT INFO: Solving all design setups. Analysis started...
PyAEDT INFO: Design setup None solved correctly in 0.0h 7.0m 11.0s
PyAEDT INFO: Key Desktop/ActiveDSOConfigurations/HFSS correctly changed.
PyAEDT INFO: Exporting Touchstone C:/ffzhzh/LocalFiles/Ansys_Project_Files/temp_train_TSV_RDL_112_1783635211_33328_SNP/temp_train_TSV_RDL_112_1783635211_33328.s2p
PyAEDT INFO: Touchstone correctly exported to C:/ffzhzh/LocalFiles/Ansys_Project_Files/temp_train_TSV_RDL_112_1783635211_33328_SNP/temp_train_TSV_RDL_112_1783635211_33328.s2p
[train / TSV_RDL - Task 112] simulation completed: C:\ffzhzh\SyncFiles\Temp\HFSS_sim\LHS400_Connection2\train\TSV_RDL\dut112.s2p
PyAEDT INFO: Desktop has been released and closed.
[train / TSV_RDL - Task 113] simulation started.
PyAEDT INFO: Python version 3.11.15 | packaged by Anaconda, Inc. | (main, Mar 11 2026, 17:12:15) [MSC v.1942 64 bit (AMD64)].
PyAEDT INFO: PyAEDT version 1.0.1.
PyAEDT INFO: Initializing new Desktop session.
PyAEDT INFO: AEDT version 2026.1.
PyAEDT INFO: New AEDT session is starting on gRPC port 9369.
PyAEDT INFO: Starting new AEDT gRPC session on port 9369.
PyAEDT INFO: Launching AEDT server with gRPC transport mode: TransportMode.WNUA
PyAEDT INFO: Electronics Desktop started on gRPC port 9369 after 4.9 seconds.
PyAEDT INFO: AEDT installation Path C:\Program Files\ANSYS Inc\v261\AnsysEM
PyAEDT INFO: Connected to AEDT gRPC session on port 9369.
PyAEDT INFO: Non-graphical mode detected. Disabling Desktop logs.
PyAEDT INFO: Parsing C:\ffzhzh\LocalFiles\Ansys_Project_Files\temp_train_TSV_RDL_113_1783635662_33328.aedt.
PyAEDT INFO: Python version 3.11.15 | packaged by Anaconda, Inc. | (main, Mar 11 2026, 17:12:15) [MSC v.1942 64 bit (AMD64)].
PyAEDT INFO: PyAEDT version 1.0.1.
PyAEDT INFO: Returning found Desktop session with PID 5364!
PyAEDT INFO: File C:\ffzhzh\LocalFiles\Ansys_Project_Files\temp_train_TSV_RDL_113_1783635662_33328.aedt correctly loaded. Elapsed time: 0m 0sec
PyAEDT INFO: Project temp_train_TSV_RDL_113_1783635662_33328 has been opened.
PyAEDT INFO: Active Design set to TSV_RDL
PyAEDT INFO: AEDT objects correctly read
PyAEDT INFO: Modeler class has been initialized! Elapsed time: 0m 0sec
PyAEDT INFO: Project temp_train_TSV_RDL_113_1783635662_33328 Saved correctly
PyAEDT INFO: Key Desktop/ActiveDSOConfigurations/HFSS correctly changed.
PyAEDT INFO: Solving all design setups. Analysis started...
PyAEDT INFO: Design setup None solved correctly in 0.0h 16.0m 57.0s
PyAEDT INFO: Key Desktop/ActiveDSOConfigurations/HFSS correctly changed.
PyAEDT INFO: Exporting Touchstone C:/ffzhzh/LocalFiles/Ansys_Project_Files/temp_train_TSV_RDL_110_1783634841_29156_SNP/temp_train_TSV_RDL_110_1783634841_29156.s2p
PyAEDT INFO: Touchstone correctly exported to C:/ffzhzh/LocalFiles/Ansys_Project_Files/temp_train_TSV_RDL_110_1783634841_29156_SNP/temp_train_TSV_RDL_110_1783634841_29156.s2p
[train / TSV_RDL - Task 110] simulation completed: C:\ffzhzh\SyncFiles\Temp\HFSS_sim\LHS400_Connection2\train\TSV_RDL\dut110.s2p
PyAEDT INFO: Desktop has been released and closed.
[train / TSV_RDL - Task 114] simulation started.
PyAEDT INFO: Python version 3.11.15 | packaged by Anaconda, Inc. | (main, Mar 11 2026, 17:12:15) [MSC v.1942 64 bit (AMD64)].
PyAEDT INFO: PyAEDT version 1.0.1.
PyAEDT INFO: Initializing new Desktop session.
PyAEDT INFO: AEDT version 2026.1.
PyAEDT INFO: New AEDT session is starting on gRPC port 11585.
PyAEDT INFO: Starting new AEDT gRPC session on port 11585.
PyAEDT INFO: Launching AEDT server with gRPC transport mode: TransportMode.WNUA
PyAEDT INFO: Electronics Desktop started on gRPC port 11585 after 5.1 seconds.
PyAEDT INFO: AEDT installation Path C:\Program Files\ANSYS Inc\v261\AnsysEM
PyAEDT INFO: Connected to AEDT gRPC session on port 11585.
PyAEDT INFO: Non-graphical mode detected. Disabling Desktop logs.
PyAEDT INFO: Parsing C:\ffzhzh\LocalFiles\Ansys_Project_Files\temp_train_TSV_RDL_114_1783635876_29156.aedt.
PyAEDT INFO: Python version 3.11.15 | packaged by Anaconda, Inc. | (main, Mar 11 2026, 17:12:15) [MSC v.1942 64 bit (AMD64)].
PyAEDT INFO: PyAEDT version 1.0.1.
PyAEDT INFO: Returning found Desktop session with PID 10332!
PyAEDT INFO: File C:\ffzhzh\LocalFiles\Ansys_Project_Files\temp_train_TSV_RDL_114_1783635876_29156.aedt correctly loaded. Elapsed time: 0m 0sec
PyAEDT INFO: Project temp_train_TSV_RDL_114_1783635876_29156 has been opened.
PyAEDT INFO: Active Design set to TSV_RDL
PyAEDT INFO: AEDT objects correctly read
PyAEDT INFO: Modeler class has been initialized! Elapsed time: 0m 0sec
PyAEDT INFO: Project temp_train_TSV_RDL_114_1783635876_29156 Saved correctly
PyAEDT INFO: Key Desktop/ActiveDSOConfigurations/HFSS correctly changed.
PyAEDT INFO: Solving all design setups. Analysis started...
PyAEDT INFO: Design setup None solved correctly in 0.0h 7.0m 29.0s
PyAEDT INFO: Key Desktop/ActiveDSOConfigurations/HFSS correctly changed.
PyAEDT INFO: Exporting Touchstone C:/ffzhzh/LocalFiles/Ansys_Project_Files/temp_train_TSV_RDL_113_1783635662_33328_SNP/temp_train_TSV_RDL_113_1783635662_33328.s2p
PyAEDT INFO: Touchstone correctly exported to C:/ffzhzh/LocalFiles/Ansys_Project_Files/temp_train_TSV_RDL_113_1783635662_33328_SNP/temp_train_TSV_RDL_113_1783635662_33328.s2p
[train / TSV_RDL - Task 113] simulation completed: C:\ffzhzh\SyncFiles\Temp\HFSS_sim\LHS400_Connection2\train\TSV_RDL\dut113.s2p
PyAEDT INFO: Desktop has been released and closed.
[train / TSV_RDL - Task 115] simulation started.
PyAEDT INFO: Python version 3.11.15 | packaged by Anaconda, Inc. | (main, Mar 11 2026, 17:12:15) [MSC v.1942 64 bit (AMD64)].
PyAEDT INFO: PyAEDT version 1.0.1.
PyAEDT INFO: Initializing new Desktop session.
PyAEDT INFO: AEDT version 2026.1.
PyAEDT INFO: New AEDT session is starting on gRPC port 3166.
PyAEDT INFO: Starting new AEDT gRPC session on port 3166.
PyAEDT INFO: Launching AEDT server with gRPC transport mode: TransportMode.WNUA
PyAEDT INFO: Electronics Desktop started on gRPC port 3166 after 4.9 seconds.
PyAEDT INFO: AEDT installation Path C:\Program Files\ANSYS Inc\v261\AnsysEM
PyAEDT INFO: Connected to AEDT gRPC session on port 3166.
PyAEDT INFO: Non-graphical mode detected. Disabling Desktop logs.
PyAEDT INFO: Parsing C:\ffzhzh\LocalFiles\Ansys_Project_Files\temp_train_TSV_RDL_115_1783636132_33328.aedt.
PyAEDT INFO: Python version 3.11.15 | packaged by Anaconda, Inc. | (main, Mar 11 2026, 17:12:15) [MSC v.1942 64 bit (AMD64)].
PyAEDT INFO: PyAEDT version 1.0.1.
PyAEDT INFO: Returning found Desktop session with PID 39048!
PyAEDT INFO: File C:\ffzhzh\LocalFiles\Ansys_Project_Files\temp_train_TSV_RDL_115_1783636132_33328.aedt correctly loaded. Elapsed time: 0m 0sec
PyAEDT INFO: Project temp_train_TSV_RDL_115_1783636132_33328 has been opened.
PyAEDT INFO: Active Design set to TSV_RDL
PyAEDT INFO: AEDT objects correctly read
PyAEDT INFO: Modeler class has been initialized! Elapsed time: 0m 0sec
PyAEDT INFO: Project temp_train_TSV_RDL_115_1783636132_33328 Saved correctly
PyAEDT INFO: Key Desktop/ActiveDSOConfigurations/HFSS correctly changed.
PyAEDT INFO: Solving all design setups. Analysis started...
PyAEDT INFO: Design setup None solved correctly in 0.0h 16.0m 57.0s
PyAEDT INFO: Key Desktop/ActiveDSOConfigurations/HFSS correctly changed.
PyAEDT INFO: Exporting Touchstone C:/ffzhzh/LocalFiles/Ansys_Project_Files/temp_train_TSV_RDL_111_1783635195_26216_SNP/temp_train_TSV_RDL_111_1783635195_26216.s2p
PyAEDT INFO: Touchstone correctly exported to C:/ffzhzh/LocalFiles/Ansys_Project_Files/temp_train_TSV_RDL_111_1783635195_26216_SNP/temp_train_TSV_RDL_111_1783635195_26216.s2p
[train / TSV_RDL - Task 111] simulation completed: C:\ffzhzh\SyncFiles\Temp\HFSS_sim\LHS400_Connection2\train\TSV_RDL\dut111.s2p
PyAEDT INFO: Desktop has been released and closed.
[train / TSV_RDL - Task 116] simulation started.
PyAEDT INFO: Python version 3.11.15 | packaged by Anaconda, Inc. | (main, Mar 11 2026, 17:12:15) [MSC v.1942 64 bit (AMD64)].
PyAEDT INFO: PyAEDT version 1.0.1.
PyAEDT INFO: Initializing new Desktop session.
PyAEDT INFO: AEDT version 2026.1.
PyAEDT INFO: New AEDT session is starting on gRPC port 9303.
PyAEDT INFO: Starting new AEDT gRPC session on port 9303.
PyAEDT INFO: Launching AEDT server with gRPC transport mode: TransportMode.WNUA
PyAEDT INFO: Electronics Desktop started on gRPC port 9303 after 4.9 seconds.
PyAEDT INFO: AEDT installation Path C:\Program Files\ANSYS Inc\v261\AnsysEM
PyAEDT INFO: Connected to AEDT gRPC session on port 9303.
PyAEDT INFO: Non-graphical mode detected. Disabling Desktop logs.
PyAEDT INFO: Parsing C:\ffzhzh\LocalFiles\Ansys_Project_Files\temp_train_TSV_RDL_116_1783636231_26216.aedt.
PyAEDT INFO: Python version 3.11.15 | packaged by Anaconda, Inc. | (main, Mar 11 2026, 17:12:15) [MSC v.1942 64 bit (AMD64)].
PyAEDT INFO: PyAEDT version 1.0.1.
PyAEDT INFO: Returning found Desktop session with PID 37576!
PyAEDT INFO: File C:\ffzhzh\LocalFiles\Ansys_Project_Files\temp_train_TSV_RDL_116_1783636231_26216.aedt correctly loaded. Elapsed time: 0m 0sec
PyAEDT INFO: Project temp_train_TSV_RDL_116_1783636231_26216 has been opened.
PyAEDT INFO: Active Design set to TSV_RDL
PyAEDT INFO: AEDT objects correctly read
PyAEDT INFO: Modeler class has been initialized! Elapsed time: 0m 0sec
PyAEDT INFO: Project temp_train_TSV_RDL_116_1783636231_26216 Saved correctly
PyAEDT INFO: Key Desktop/ActiveDSOConfigurations/HFSS correctly changed.
PyAEDT INFO: Solving all design setups. Analysis started...
PyAEDT INFO: Design setup None solved correctly in 0.0h 6.0m 58.0s
PyAEDT INFO: Key Desktop/ActiveDSOConfigurations/HFSS correctly changed.
PyAEDT INFO: Exporting Touchstone C:/ffzhzh/LocalFiles/Ansys_Project_Files/temp_train_TSV_RDL_114_1783635876_29156_SNP/temp_train_TSV_RDL_114_1783635876_29156.s2p
PyAEDT INFO: Touchstone correctly exported to C:/ffzhzh/LocalFiles/Ansys_Project_Files/temp_train_TSV_RDL_114_1783635876_29156_SNP/temp_train_TSV_RDL_114_1783635876_29156.s2p
[train / TSV_RDL - Task 114] simulation completed: C:\ffzhzh\SyncFiles\Temp\HFSS_sim\LHS400_Connection2\train\TSV_RDL\dut114.s2p
PyAEDT INFO: Desktop has been released and closed.
[train / TSV_RDL - Task 117] simulation started.
PyAEDT INFO: Python version 3.11.15 | packaged by Anaconda, Inc. | (main, Mar 11 2026, 17:12:15) [MSC v.1942 64 bit (AMD64)].
PyAEDT INFO: PyAEDT version 1.0.1.
PyAEDT INFO: Initializing new Desktop session.
PyAEDT INFO: AEDT version 2026.1.
PyAEDT INFO: New AEDT session is starting on gRPC port 3220.
PyAEDT INFO: Starting new AEDT gRPC session on port 3220.
PyAEDT INFO: Launching AEDT server with gRPC transport mode: TransportMode.WNUA
PyAEDT INFO: Electronics Desktop started on gRPC port 3220 after 5.1 seconds.
PyAEDT INFO: AEDT installation Path C:\Program Files\ANSYS Inc\v261\AnsysEM
PyAEDT INFO: Connected to AEDT gRPC session on port 3220.
PyAEDT INFO: Non-graphical mode detected. Disabling Desktop logs.
PyAEDT INFO: Parsing C:\ffzhzh\LocalFiles\Ansys_Project_Files\temp_train_TSV_RDL_117_1783636317_29156.aedt.
PyAEDT INFO: Python version 3.11.15 | packaged by Anaconda, Inc. | (main, Mar 11 2026, 17:12:15) [MSC v.1942 64 bit (AMD64)].
PyAEDT INFO: PyAEDT version 1.0.1.
PyAEDT INFO: Returning found Desktop session with PID 13976!
PyAEDT INFO: File C:\ffzhzh\LocalFiles\Ansys_Project_Files\temp_train_TSV_RDL_117_1783636317_29156.aedt correctly loaded. Elapsed time: 0m 0sec
PyAEDT INFO: Project temp_train_TSV_RDL_117_1783636317_29156 has been opened.
PyAEDT INFO: Active Design set to TSV_RDL
PyAEDT INFO: AEDT objects correctly read
PyAEDT INFO: Modeler class has been initialized! Elapsed time: 0m 0sec
PyAEDT INFO: Project temp_train_TSV_RDL_117_1783636317_29156 Saved correctly
PyAEDT INFO: Key Desktop/ActiveDSOConfigurations/HFSS correctly changed.
PyAEDT INFO: Solving all design setups. Analysis started...
PyAEDT INFO: Design setup None solved correctly in 0.0h 8.0m 15.0s
PyAEDT INFO: Key Desktop/ActiveDSOConfigurations/HFSS correctly changed.
PyAEDT INFO: Exporting Touchstone C:/ffzhzh/LocalFiles/Ansys_Project_Files/temp_train_TSV_RDL_115_1783636132_33328_SNP/temp_train_TSV_RDL_115_1783636132_33328.s2p
PyAEDT INFO: Touchstone correctly exported to C:/ffzhzh/LocalFiles/Ansys_Project_Files/temp_train_TSV_RDL_115_1783636132_33328_SNP/temp_train_TSV_RDL_115_1783636132_33328.s2p
[train / TSV_RDL - Task 115] simulation completed: C:\ffzhzh\SyncFiles\Temp\HFSS_sim\LHS400_Connection2\train\TSV_RDL\dut115.s2p
PyAEDT INFO: Desktop has been released and closed.
[train / TSV_RDL - Task 118] simulation started.
PyAEDT INFO: Python version 3.11.15 | packaged by Anaconda, Inc. | (main, Mar 11 2026, 17:12:15) [MSC v.1942 64 bit (AMD64)].
PyAEDT INFO: PyAEDT version 1.0.1.
PyAEDT INFO: Initializing new Desktop session.
PyAEDT INFO: AEDT version 2026.1.
PyAEDT INFO: New AEDT session is starting on gRPC port 4377.
PyAEDT INFO: Starting new AEDT gRPC session on port 4377.
PyAEDT INFO: Launching AEDT server with gRPC transport mode: TransportMode.WNUA
PyAEDT INFO: Electronics Desktop started on gRPC port 4377 after 4.9 seconds.
PyAEDT INFO: AEDT installation Path C:\Program Files\ANSYS Inc\v261\AnsysEM
PyAEDT INFO: Connected to AEDT gRPC session on port 4377.
PyAEDT INFO: Non-graphical mode detected. Disabling Desktop logs.
PyAEDT INFO: Parsing C:\ffzhzh\LocalFiles\Ansys_Project_Files\temp_train_TSV_RDL_118_1783636648_33328.aedt.
PyAEDT INFO: Python version 3.11.15 | packaged by Anaconda, Inc. | (main, Mar 11 2026, 17:12:15) [MSC v.1942 64 bit (AMD64)].
PyAEDT INFO: PyAEDT version 1.0.1.
PyAEDT INFO: Returning found Desktop session with PID 18888!
PyAEDT INFO: File C:\ffzhzh\LocalFiles\Ansys_Project_Files\temp_train_TSV_RDL_118_1783636648_33328.aedt correctly loaded. Elapsed time: 0m 0sec
PyAEDT INFO: Project temp_train_TSV_RDL_118_1783636648_33328 has been opened.
PyAEDT INFO: Active Design set to TSV_RDL
PyAEDT INFO: AEDT objects correctly read
PyAEDT INFO: Modeler class has been initialized! Elapsed time: 0m 0sec
PyAEDT INFO: Project temp_train_TSV_RDL_118_1783636648_33328 Saved correctly
PyAEDT INFO: Key Desktop/ActiveDSOConfigurations/HFSS correctly changed.
PyAEDT INFO: Solving all design setups. Analysis started...
PyAEDT INFO: Design setup None solved correctly in 0.0h 6.0m 6.0s
PyAEDT INFO: Key Desktop/ActiveDSOConfigurations/HFSS correctly changed.
PyAEDT INFO: Exporting Touchstone C:/ffzhzh/LocalFiles/Ansys_Project_Files/temp_train_TSV_RDL_118_1783636648_33328_SNP/temp_train_TSV_RDL_118_1783636648_33328.s2p
PyAEDT INFO: Touchstone correctly exported to C:/ffzhzh/LocalFiles/Ansys_Project_Files/temp_train_TSV_RDL_118_1783636648_33328_SNP/temp_train_TSV_RDL_118_1783636648_33328.s2p
[train / TSV_RDL - Task 118] simulation completed: C:\ffzhzh\SyncFiles\Temp\HFSS_sim\LHS400_Connection2\train\TSV_RDL\dut118.s2p
PyAEDT INFO: Desktop has been released and closed.
[train / TSV_RDL - Task 119] simulation started.
PyAEDT INFO: Python version 3.11.15 | packaged by Anaconda, Inc. | (main, Mar 11 2026, 17:12:15) [MSC v.1942 64 bit (AMD64)].
PyAEDT INFO: PyAEDT version 1.0.1.
PyAEDT INFO: Initializing new Desktop session.
PyAEDT INFO: AEDT version 2026.1.
PyAEDT INFO: New AEDT session is starting on gRPC port 1315.
PyAEDT INFO: Starting new AEDT gRPC session on port 1315.
PyAEDT INFO: Launching AEDT server with gRPC transport mode: TransportMode.WNUA
PyAEDT INFO: Electronics Desktop started on gRPC port 1315 after 5.0 seconds.
PyAEDT INFO: AEDT installation Path C:\Program Files\ANSYS Inc\v261\AnsysEM
PyAEDT INFO: Connected to AEDT gRPC session on port 1315.
PyAEDT INFO: Non-graphical mode detected. Disabling Desktop logs.
PyAEDT INFO: Parsing C:\ffzhzh\LocalFiles\Ansys_Project_Files\temp_train_TSV_RDL_119_1783637033_33328.aedt.
PyAEDT INFO: Python version 3.11.15 | packaged by Anaconda, Inc. | (main, Mar 11 2026, 17:12:15) [MSC v.1942 64 bit (AMD64)].
PyAEDT INFO: PyAEDT version 1.0.1.
PyAEDT INFO: Returning found Desktop session with PID 15252!
PyAEDT INFO: File C:\ffzhzh\LocalFiles\Ansys_Project_Files\temp_train_TSV_RDL_119_1783637033_33328.aedt correctly loaded. Elapsed time: 0m 0sec
PyAEDT INFO: Project temp_train_TSV_RDL_119_1783637033_33328 has been opened.
PyAEDT INFO: Active Design set to TSV_RDL
PyAEDT INFO: AEDT objects correctly read
PyAEDT INFO: Modeler class has been initialized! Elapsed time: 0m 0sec
PyAEDT INFO: Project temp_train_TSV_RDL_119_1783637033_33328 Saved correctly
PyAEDT INFO: Key Desktop/ActiveDSOConfigurations/HFSS correctly changed.
PyAEDT INFO: Solving all design setups. Analysis started...
PyAEDT INFO: Design setup None solved correctly in 0.0h 12.0m 26.0s
PyAEDT INFO: Key Desktop/ActiveDSOConfigurations/HFSS correctly changed.
PyAEDT INFO: Exporting Touchstone C:/ffzhzh/LocalFiles/Ansys_Project_Files/temp_train_TSV_RDL_117_1783636317_29156_SNP/temp_train_TSV_RDL_117_1783636317_29156.s2p
PyAEDT INFO: Touchstone correctly exported to C:/ffzhzh/LocalFiles/Ansys_Project_Files/temp_train_TSV_RDL_117_1783636317_29156_SNP/temp_train_TSV_RDL_117_1783636317_29156.s2p
[train / TSV_RDL - Task 117] simulation completed: C:\ffzhzh\SyncFiles\Temp\HFSS_sim\LHS400_Connection2\train\TSV_RDL\dut117.s2p
PyAEDT INFO: Desktop has been released and closed.
[train / TSV_RDL - Task 120] simulation started.
PyAEDT INFO: Python version 3.11.15 | packaged by Anaconda, Inc. | (main, Mar 11 2026, 17:12:15) [MSC v.1942 64 bit (AMD64)].
PyAEDT INFO: PyAEDT version 1.0.1.
PyAEDT INFO: Initializing new Desktop session.
PyAEDT INFO: AEDT version 2026.1.
PyAEDT INFO: New AEDT session is starting on gRPC port 4098.
PyAEDT INFO: Starting new AEDT gRPC session on port 4098.
PyAEDT INFO: Launching AEDT server with gRPC transport mode: TransportMode.WNUA
PyAEDT INFO: Electronics Desktop started on gRPC port 4098 after 4.8 seconds.
PyAEDT INFO: AEDT installation Path C:\Program Files\ANSYS Inc\v261\AnsysEM
PyAEDT INFO: Connected to AEDT gRPC session on port 4098.
PyAEDT INFO: Non-graphical mode detected. Disabling Desktop logs.
PyAEDT INFO: Parsing C:\ffzhzh\LocalFiles\Ansys_Project_Files\temp_train_TSV_RDL_120_1783637076_29156.aedt.
PyAEDT INFO: Python version 3.11.15 | packaged by Anaconda, Inc. | (main, Mar 11 2026, 17:12:15) [MSC v.1942 64 bit (AMD64)].
PyAEDT INFO: PyAEDT version 1.0.1.
PyAEDT INFO: Returning found Desktop session with PID 39804!
PyAEDT INFO: File C:\ffzhzh\LocalFiles\Ansys_Project_Files\temp_train_TSV_RDL_120_1783637076_29156.aedt correctly loaded. Elapsed time: 0m 0sec
PyAEDT INFO: Project temp_train_TSV_RDL_120_1783637076_29156 has been opened.
PyAEDT INFO: Active Design set to TSV_RDL
PyAEDT INFO: AEDT objects correctly read
PyAEDT INFO: Modeler class has been initialized! Elapsed time: 0m 0sec
PyAEDT INFO: Project temp_train_TSV_RDL_120_1783637076_29156 Saved correctly
PyAEDT INFO: Key Desktop/ActiveDSOConfigurations/HFSS correctly changed.
PyAEDT INFO: Solving all design setups. Analysis started...
PyAEDT INFO: Design setup None solved correctly in 0.0h 17.0m 24.0s
PyAEDT INFO: Key Desktop/ActiveDSOConfigurations/HFSS correctly changed.
PyAEDT INFO: Exporting Touchstone C:/ffzhzh/LocalFiles/Ansys_Project_Files/temp_train_TSV_RDL_116_1783636231_26216_SNP/temp_train_TSV_RDL_116_1783636231_26216.s2p
PyAEDT INFO: Touchstone correctly exported to C:/ffzhzh/LocalFiles/Ansys_Project_Files/temp_train_TSV_RDL_116_1783636231_26216_SNP/temp_train_TSV_RDL_116_1783636231_26216.s2p
[train / TSV_RDL - Task 116] simulation completed: C:\ffzhzh\SyncFiles\Temp\HFSS_sim\LHS400_Connection2\train\TSV_RDL\dut116.s2p
PyAEDT INFO: Desktop has been released and closed.
[train / TSV_RDL - Task 121] simulation started.
PyAEDT INFO: Python version 3.11.15 | packaged by Anaconda, Inc. | (main, Mar 11 2026, 17:12:15) [MSC v.1942 64 bit (AMD64)].
PyAEDT INFO: PyAEDT version 1.0.1.
PyAEDT INFO: Initializing new Desktop session.
PyAEDT INFO: AEDT version 2026.1.
PyAEDT INFO: New AEDT session is starting on gRPC port 14499.
PyAEDT INFO: Starting new AEDT gRPC session on port 14499.
PyAEDT INFO: Launching AEDT server with gRPC transport mode: TransportMode.WNUA
PyAEDT INFO: Electronics Desktop started on gRPC port 14499 after 4.9 seconds.
PyAEDT INFO: AEDT installation Path C:\Program Files\ANSYS Inc\v261\AnsysEM
PyAEDT INFO: Connected to AEDT gRPC session on port 14499.
PyAEDT INFO: Non-graphical mode detected. Disabling Desktop logs.
PyAEDT INFO: Python version 3.11.15 | packaged by Anaconda, Inc. | (main, Mar 11 2026, 17:12:15) [MSC v.1942 64 bit (AMD64)].
PyAEDT INFO: Parsing C:\ffzhzh\LocalFiles\Ansys_Project_Files\temp_train_TSV_RDL_121_1783637294_26216.aedt.
PyAEDT INFO: PyAEDT version 1.0.1.
PyAEDT INFO: Returning found Desktop session with PID 32060!
PyAEDT INFO: File C:\ffzhzh\LocalFiles\Ansys_Project_Files\temp_train_TSV_RDL_121_1783637294_26216.aedt correctly loaded. Elapsed time: 0m 0sec
PyAEDT INFO: Project temp_train_TSV_RDL_121_1783637294_26216 has been opened.
PyAEDT INFO: Active Design set to TSV_RDL
PyAEDT INFO: AEDT objects correctly read
PyAEDT INFO: Modeler class has been initialized! Elapsed time: 0m 0sec
PyAEDT INFO: Project temp_train_TSV_RDL_121_1783637294_26216 Saved correctly
PyAEDT INFO: Key Desktop/ActiveDSOConfigurations/HFSS correctly changed.
PyAEDT INFO: Solving all design setups. Analysis started...
PyAEDT INFO: Design setup None solved correctly in 0.0h 7.0m 45.0s
PyAEDT INFO: Key Desktop/ActiveDSOConfigurations/HFSS correctly changed.
PyAEDT INFO: Exporting Touchstone C:/ffzhzh/LocalFiles/Ansys_Project_Files/temp_train_TSV_RDL_120_1783637076_29156_SNP/temp_train_TSV_RDL_120_1783637076_29156.s2p
PyAEDT INFO: Touchstone correctly exported to C:/ffzhzh/LocalFiles/Ansys_Project_Files/temp_train_TSV_RDL_120_1783637076_29156_SNP/temp_train_TSV_RDL_120_1783637076_29156.s2p
[train / TSV_RDL - Task 120] simulation completed: C:\ffzhzh\SyncFiles\Temp\HFSS_sim\LHS400_Connection2\train\TSV_RDL\dut120.s2p
PyAEDT INFO: Desktop has been released and closed.
[train / TSV_RDL - Task 122] simulation started.
PyAEDT INFO: Python version 3.11.15 | packaged by Anaconda, Inc. | (main, Mar 11 2026, 17:12:15) [MSC v.1942 64 bit (AMD64)].
PyAEDT INFO: PyAEDT version 1.0.1.
PyAEDT INFO: Initializing new Desktop session.
PyAEDT INFO: AEDT version 2026.1.
PyAEDT INFO: New AEDT session is starting on gRPC port 3833.
PyAEDT INFO: Starting new AEDT gRPC session on port 3833.
PyAEDT INFO: Launching AEDT server with gRPC transport mode: TransportMode.WNUA
PyAEDT INFO: Electronics Desktop started on gRPC port 3833 after 4.8 seconds.
PyAEDT INFO: AEDT installation Path C:\Program Files\ANSYS Inc\v261\AnsysEM
PyAEDT INFO: Connected to AEDT gRPC session on port 3833.
PyAEDT INFO: Non-graphical mode detected. Disabling Desktop logs.
PyAEDT INFO: Parsing C:\ffzhzh\LocalFiles\Ansys_Project_Files\temp_train_TSV_RDL_122_1783637564_29156.aedt.
PyAEDT INFO: Python version 3.11.15 | packaged by Anaconda, Inc. | (main, Mar 11 2026, 17:12:15) [MSC v.1942 64 bit (AMD64)].
PyAEDT INFO: PyAEDT version 1.0.1.
PyAEDT INFO: Returning found Desktop session with PID 31936!
PyAEDT INFO: File C:\ffzhzh\LocalFiles\Ansys_Project_Files\temp_train_TSV_RDL_122_1783637564_29156.aedt correctly loaded. Elapsed time: 0m 0sec
PyAEDT INFO: Project temp_train_TSV_RDL_122_1783637564_29156 has been opened.
PyAEDT INFO: Active Design set to TSV_RDL
PyAEDT INFO: AEDT objects correctly read
PyAEDT INFO: Modeler class has been initialized! Elapsed time: 0m 0sec
PyAEDT INFO: Project temp_train_TSV_RDL_122_1783637564_29156 Saved correctly
PyAEDT INFO: Key Desktop/ActiveDSOConfigurations/HFSS correctly changed.
PyAEDT INFO: Solving all design setups. Analysis started...
PyAEDT INFO: Design setup None solved correctly in 0.0h 10.0m 18.0s
PyAEDT INFO: Key Desktop/ActiveDSOConfigurations/HFSS correctly changed.
PyAEDT INFO: Exporting Touchstone C:/ffzhzh/LocalFiles/Ansys_Project_Files/temp_train_TSV_RDL_119_1783637033_33328_SNP/temp_train_TSV_RDL_119_1783637033_33328.s2p
PyAEDT INFO: Touchstone correctly exported to C:/ffzhzh/LocalFiles/Ansys_Project_Files/temp_train_TSV_RDL_119_1783637033_33328_SNP/temp_train_TSV_RDL_119_1783637033_33328.s2p
[train / TSV_RDL - Task 119] simulation completed: C:\ffzhzh\SyncFiles\Temp\HFSS_sim\LHS400_Connection2\train\TSV_RDL\dut119.s2p
PyAEDT INFO: Desktop has been released and closed.
[train / TSV_RDL - Task 123] simulation started.
PyAEDT INFO: Python version 3.11.15 | packaged by Anaconda, Inc. | (main, Mar 11 2026, 17:12:15) [MSC v.1942 64 bit (AMD64)].
PyAEDT INFO: PyAEDT version 1.0.1.
PyAEDT INFO: Initializing new Desktop session.
PyAEDT INFO: AEDT version 2026.1.
PyAEDT INFO: New AEDT session is starting on gRPC port 13038.
PyAEDT INFO: Starting new AEDT gRPC session on port 13038.
PyAEDT INFO: Launching AEDT server with gRPC transport mode: TransportMode.WNUA
PyAEDT INFO: Electronics Desktop started on gRPC port 13038 after 4.9 seconds.
PyAEDT INFO: AEDT installation Path C:\Program Files\ANSYS Inc\v261\AnsysEM
PyAEDT INFO: Connected to AEDT gRPC session on port 13038.
PyAEDT INFO: Non-graphical mode detected. Disabling Desktop logs.
PyAEDT INFO: Parsing C:\ffzhzh\LocalFiles\Ansys_Project_Files\temp_train_TSV_RDL_123_1783637669_33328.aedt.
PyAEDT INFO: Python version 3.11.15 | packaged by Anaconda, Inc. | (main, Mar 11 2026, 17:12:15) [MSC v.1942 64 bit (AMD64)].
PyAEDT INFO: PyAEDT version 1.0.1.
PyAEDT INFO: Returning found Desktop session with PID 14500!
PyAEDT INFO: File C:\ffzhzh\LocalFiles\Ansys_Project_Files\temp_train_TSV_RDL_123_1783637669_33328.aedt correctly loaded. Elapsed time: 0m 0sec
PyAEDT INFO: Project temp_train_TSV_RDL_123_1783637669_33328 has been opened.
PyAEDT INFO: Active Design set to TSV_RDL
PyAEDT INFO: AEDT objects correctly read
PyAEDT INFO: Modeler class has been initialized! Elapsed time: 0m 0sec
PyAEDT INFO: Project temp_train_TSV_RDL_123_1783637669_33328 Saved correctly
PyAEDT INFO: Key Desktop/ActiveDSOConfigurations/HFSS correctly changed.
PyAEDT INFO: Solving all design setups. Analysis started...
PyAEDT INFO: Design setup None solved correctly in 0.0h 7.0m 26.0s
PyAEDT INFO: Key Desktop/ActiveDSOConfigurations/HFSS correctly changed.
PyAEDT INFO: Exporting Touchstone C:/ffzhzh/LocalFiles/Ansys_Project_Files/temp_train_TSV_RDL_121_1783637294_26216_SNP/temp_train_TSV_RDL_121_1783637294_26216.s2p
PyAEDT INFO: Touchstone correctly exported to C:/ffzhzh/LocalFiles/Ansys_Project_Files/temp_train_TSV_RDL_121_1783637294_26216_SNP/temp_train_TSV_RDL_121_1783637294_26216.s2p
[train / TSV_RDL - Task 121] simulation completed: C:\ffzhzh\SyncFiles\Temp\HFSS_sim\LHS400_Connection2\train\TSV_RDL\dut121.s2p
PyAEDT INFO: Desktop has been released and closed.
[train / TSV_RDL - Task 124] simulation started.
PyAEDT INFO: Python version 3.11.15 | packaged by Anaconda, Inc. | (main, Mar 11 2026, 17:12:15) [MSC v.1942 64 bit (AMD64)].
PyAEDT INFO: PyAEDT version 1.0.1.
PyAEDT INFO: Initializing new Desktop session.
PyAEDT INFO: AEDT version 2026.1.
PyAEDT INFO: New AEDT session is starting on gRPC port 12936.
PyAEDT INFO: Starting new AEDT gRPC session on port 12936.
PyAEDT INFO: Launching AEDT server with gRPC transport mode: TransportMode.WNUA
PyAEDT INFO: Electronics Desktop started on gRPC port 12936 after 4.9 seconds.
PyAEDT INFO: AEDT installation Path C:\Program Files\ANSYS Inc\v261\AnsysEM
PyAEDT INFO: Connected to AEDT gRPC session on port 12936.
PyAEDT INFO: Non-graphical mode detected. Disabling Desktop logs.
PyAEDT INFO: Parsing C:\ffzhzh\LocalFiles\Ansys_Project_Files\temp_train_TSV_RDL_124_1783637752_26216.aedt.
PyAEDT INFO: Python version 3.11.15 | packaged by Anaconda, Inc. | (main, Mar 11 2026, 17:12:15) [MSC v.1942 64 bit (AMD64)].
PyAEDT INFO: PyAEDT version 1.0.1.
PyAEDT INFO: Returning found Desktop session with PID 12396!
PyAEDT INFO: File C:\ffzhzh\LocalFiles\Ansys_Project_Files\temp_train_TSV_RDL_124_1783637752_26216.aedt correctly loaded. Elapsed time: 0m 0sec
PyAEDT INFO: Project temp_train_TSV_RDL_124_1783637752_26216 has been opened.
PyAEDT INFO: Active Design set to TSV_RDL
PyAEDT INFO: AEDT objects correctly read
PyAEDT INFO: Modeler class has been initialized! Elapsed time: 0m 0sec
PyAEDT INFO: Project temp_train_TSV_RDL_124_1783637752_26216 Saved correctly
PyAEDT INFO: Key Desktop/ActiveDSOConfigurations/HFSS correctly changed.
PyAEDT INFO: Solving all design setups. Analysis started...
PyAEDT INFO: Design setup None solved correctly in 0.0h 5.0m 49.0s
PyAEDT INFO: Key Desktop/ActiveDSOConfigurations/HFSS correctly changed.
PyAEDT INFO: Exporting Touchstone C:/ffzhzh/LocalFiles/Ansys_Project_Files/temp_train_TSV_RDL_122_1783637564_29156_SNP/temp_train_TSV_RDL_122_1783637564_29156.s2p
PyAEDT INFO: Touchstone correctly exported to C:/ffzhzh/LocalFiles/Ansys_Project_Files/temp_train_TSV_RDL_122_1783637564_29156_SNP/temp_train_TSV_RDL_122_1783637564_29156.s2p
[train / TSV_RDL - Task 122] simulation completed: C:\ffzhzh\SyncFiles\Temp\HFSS_sim\LHS400_Connection2\train\TSV_RDL\dut122.s2p
PyAEDT INFO: Desktop has been released and closed.
[train / TSV_RDL - Task 125] simulation started.
PyAEDT INFO: Python version 3.11.15 | packaged by Anaconda, Inc. | (main, Mar 11 2026, 17:12:15) [MSC v.1942 64 bit (AMD64)].
PyAEDT INFO: PyAEDT version 1.0.1.
PyAEDT INFO: Initializing new Desktop session.
PyAEDT INFO: AEDT version 2026.1.
PyAEDT INFO: New AEDT session is starting on gRPC port 5288.
PyAEDT INFO: Starting new AEDT gRPC session on port 5288.
PyAEDT INFO: Launching AEDT server with gRPC transport mode: TransportMode.WNUA
PyAEDT INFO: Electronics Desktop started on gRPC port 5288 after 4.9 seconds.
PyAEDT INFO: AEDT installation Path C:\Program Files\ANSYS Inc\v261\AnsysEM
PyAEDT INFO: Connected to AEDT gRPC session on port 5288.
PyAEDT INFO: Non-graphical mode detected. Disabling Desktop logs.
PyAEDT INFO: Parsing C:\ffzhzh\LocalFiles\Ansys_Project_Files\temp_train_TSV_RDL_125_1783637934_29156.aedt.
PyAEDT INFO: Python version 3.11.15 | packaged by Anaconda, Inc. | (main, Mar 11 2026, 17:12:15) [MSC v.1942 64 bit (AMD64)].
PyAEDT INFO: PyAEDT version 1.0.1.
PyAEDT INFO: Returning found Desktop session with PID 37584!
PyAEDT INFO: File C:\ffzhzh\LocalFiles\Ansys_Project_Files\temp_train_TSV_RDL_125_1783637934_29156.aedt correctly loaded. Elapsed time: 0m 0sec
PyAEDT INFO: Project temp_train_TSV_RDL_125_1783637934_29156 has been opened.
PyAEDT INFO: Active Design set to TSV_RDL
PyAEDT INFO: AEDT objects correctly read
PyAEDT INFO: Modeler class has been initialized! Elapsed time: 0m 0sec
PyAEDT INFO: Project temp_train_TSV_RDL_125_1783637934_29156 Saved correctly
PyAEDT INFO: Key Desktop/ActiveDSOConfigurations/HFSS correctly changed.
PyAEDT INFO: Solving all design setups. Analysis started...
PyAEDT INFO: Design setup None solved correctly in 0.0h 6.0m 34.0s
PyAEDT INFO: Key Desktop/ActiveDSOConfigurations/HFSS correctly changed.
PyAEDT INFO: Exporting Touchstone C:/ffzhzh/LocalFiles/Ansys_Project_Files/temp_train_TSV_RDL_123_1783637669_33328_SNP/temp_train_TSV_RDL_123_1783637669_33328.s2p
PyAEDT INFO: Touchstone correctly exported to C:/ffzhzh/LocalFiles/Ansys_Project_Files/temp_train_TSV_RDL_123_1783637669_33328_SNP/temp_train_TSV_RDL_123_1783637669_33328.s2p
[train / TSV_RDL - Task 123] simulation completed: C:\ffzhzh\SyncFiles\Temp\HFSS_sim\LHS400_Connection2\train\TSV_RDL\dut123.s2p
PyAEDT INFO: Desktop has been released and closed.
[train / TSV_RDL - Task 126] simulation started.
PyAEDT INFO: Python version 3.11.15 | packaged by Anaconda, Inc. | (main, Mar 11 2026, 17:12:15) [MSC v.1942 64 bit (AMD64)].
PyAEDT INFO: PyAEDT version 1.0.1.
PyAEDT INFO: Initializing new Desktop session.
PyAEDT INFO: AEDT version 2026.1.
PyAEDT INFO: New AEDT session is starting on gRPC port 4302.
PyAEDT INFO: Starting new AEDT gRPC session on port 4302.
PyAEDT INFO: Launching AEDT server with gRPC transport mode: TransportMode.WNUA
PyAEDT INFO: Electronics Desktop started on gRPC port 4302 after 4.9 seconds.
PyAEDT INFO: AEDT installation Path C:\Program Files\ANSYS Inc\v261\AnsysEM
PyAEDT INFO: Connected to AEDT gRPC session on port 4302.
PyAEDT INFO: Non-graphical mode detected. Disabling Desktop logs.
PyAEDT INFO: Parsing C:\ffzhzh\LocalFiles\Ansys_Project_Files\temp_train_TSV_RDL_126_1783638085_33328.aedt.
PyAEDT INFO: Python version 3.11.15 | packaged by Anaconda, Inc. | (main, Mar 11 2026, 17:12:15) [MSC v.1942 64 bit (AMD64)].
PyAEDT INFO: PyAEDT version 1.0.1.
PyAEDT INFO: Returning found Desktop session with PID 38636!
PyAEDT INFO: File C:\ffzhzh\LocalFiles\Ansys_Project_Files\temp_train_TSV_RDL_126_1783638085_33328.aedt correctly loaded. Elapsed time: 0m 0sec
PyAEDT INFO: Project temp_train_TSV_RDL_126_1783638085_33328 has been opened.
PyAEDT INFO: Active Design set to TSV_RDL
PyAEDT INFO: AEDT objects correctly read
PyAEDT INFO: Modeler class has been initialized! Elapsed time: 0m 0sec
PyAEDT INFO: Project temp_train_TSV_RDL_126_1783638085_33328 Saved correctly
PyAEDT INFO: Key Desktop/ActiveDSOConfigurations/HFSS correctly changed.
PyAEDT INFO: Solving all design setups. Analysis started...
PyAEDT INFO: Design setup None solved correctly in 0.0h 7.0m 9.0s
PyAEDT INFO: Key Desktop/ActiveDSOConfigurations/HFSS correctly changed.
PyAEDT INFO: Exporting Touchstone C:/ffzhzh/LocalFiles/Ansys_Project_Files/temp_train_TSV_RDL_126_1783638085_33328_SNP/temp_train_TSV_RDL_126_1783638085_33328.s2p
PyAEDT INFO: Touchstone correctly exported to C:/ffzhzh/LocalFiles/Ansys_Project_Files/temp_train_TSV_RDL_126_1783638085_33328_SNP/temp_train_TSV_RDL_126_1783638085_33328.s2p
[train / TSV_RDL - Task 126] simulation completed: C:\ffzhzh\SyncFiles\Temp\HFSS_sim\LHS400_Connection2\train\TSV_RDL\dut126.s2p
PyAEDT INFO: Desktop has been released and closed.
[train / TSV_RDL - Task 127] simulation started.
PyAEDT INFO: Python version 3.11.15 | packaged by Anaconda, Inc. | (main, Mar 11 2026, 17:12:15) [MSC v.1942 64 bit (AMD64)].
PyAEDT INFO: PyAEDT version 1.0.1.
PyAEDT INFO: Initializing new Desktop session.
PyAEDT INFO: AEDT version 2026.1.
PyAEDT INFO: New AEDT session is starting on gRPC port 9533.
PyAEDT INFO: Starting new AEDT gRPC session on port 9533.
PyAEDT INFO: Launching AEDT server with gRPC transport mode: TransportMode.WNUA
PyAEDT INFO: Electronics Desktop started on gRPC port 9533 after 5.1 seconds.
PyAEDT INFO: AEDT installation Path C:\Program Files\ANSYS Inc\v261\AnsysEM
PyAEDT INFO: Connected to AEDT gRPC session on port 9533.
PyAEDT INFO: Non-graphical mode detected. Disabling Desktop logs.
PyAEDT INFO: Parsing C:\ffzhzh\LocalFiles\Ansys_Project_Files\temp_train_TSV_RDL_127_1783638536_33328.aedt.
PyAEDT INFO: Python version 3.11.15 | packaged by Anaconda, Inc. | (main, Mar 11 2026, 17:12:15) [MSC v.1942 64 bit (AMD64)].
PyAEDT INFO: PyAEDT version 1.0.1.
PyAEDT INFO: Returning found Desktop session with PID 4252!
PyAEDT INFO: File C:\ffzhzh\LocalFiles\Ansys_Project_Files\temp_train_TSV_RDL_127_1783638536_33328.aedt correctly loaded. Elapsed time: 0m 0sec
PyAEDT INFO: Project temp_train_TSV_RDL_127_1783638536_33328 has been opened.
PyAEDT INFO: Active Design set to TSV_RDL
PyAEDT INFO: AEDT objects correctly read
PyAEDT INFO: Modeler class has been initialized! Elapsed time: 0m 0sec
PyAEDT INFO: Project temp_train_TSV_RDL_127_1783638536_33328 Saved correctly
PyAEDT INFO: Key Desktop/ActiveDSOConfigurations/HFSS correctly changed.
PyAEDT INFO: Solving all design setups. Analysis started...
PyAEDT INFO: Design setup None solved correctly in 0.0h 7.0m 47.0s
PyAEDT INFO: Key Desktop/ActiveDSOConfigurations/HFSS correctly changed.
PyAEDT INFO: Exporting Touchstone C:/ffzhzh/LocalFiles/Ansys_Project_Files/temp_train_TSV_RDL_127_1783638536_33328_SNP/temp_train_TSV_RDL_127_1783638536_33328.s2p
PyAEDT INFO: Touchstone correctly exported to C:/ffzhzh/LocalFiles/Ansys_Project_Files/temp_train_TSV_RDL_127_1783638536_33328_SNP/temp_train_TSV_RDL_127_1783638536_33328.s2p
[train / TSV_RDL - Task 127] simulation completed: C:\ffzhzh\SyncFiles\Temp\HFSS_sim\LHS400_Connection2\train\TSV_RDL\dut127.s2p
PyAEDT INFO: Desktop has been released and closed.
[train / TSV_RDL - Task 128] simulation started.
PyAEDT INFO: Python version 3.11.15 | packaged by Anaconda, Inc. | (main, Mar 11 2026, 17:12:15) [MSC v.1942 64 bit (AMD64)].
PyAEDT INFO: PyAEDT version 1.0.1.
PyAEDT INFO: Initializing new Desktop session.
PyAEDT INFO: AEDT version 2026.1.
PyAEDT INFO: New AEDT session is starting on gRPC port 3329.
PyAEDT INFO: Starting new AEDT gRPC session on port 3329.
PyAEDT INFO: Launching AEDT server with gRPC transport mode: TransportMode.WNUA
PyAEDT INFO: Electronics Desktop started on gRPC port 3329 after 5.1 seconds.
PyAEDT INFO: AEDT installation Path C:\Program Files\ANSYS Inc\v261\AnsysEM
PyAEDT INFO: Connected to AEDT gRPC session on port 3329.
PyAEDT INFO: Non-graphical mode detected. Disabling Desktop logs.
PyAEDT INFO: Parsing C:\ffzhzh\LocalFiles\Ansys_Project_Files\temp_train_TSV_RDL_128_1783639027_33328.aedt.
PyAEDT INFO: Python version 3.11.15 | packaged by Anaconda, Inc. | (main, Mar 11 2026, 17:12:15) [MSC v.1942 64 bit (AMD64)].
PyAEDT INFO: PyAEDT version 1.0.1.
PyAEDT INFO: Returning found Desktop session with PID 30120!
PyAEDT INFO: File C:\ffzhzh\LocalFiles\Ansys_Project_Files\temp_train_TSV_RDL_128_1783639027_33328.aedt correctly loaded. Elapsed time: 0m 0sec
PyAEDT INFO: Project temp_train_TSV_RDL_128_1783639027_33328 has been opened.
PyAEDT INFO: Active Design set to TSV_RDL
PyAEDT INFO: AEDT objects correctly read
PyAEDT INFO: Modeler class has been initialized! Elapsed time: 0m 0sec
PyAEDT INFO: Project temp_train_TSV_RDL_128_1783639027_33328 Saved correctly
PyAEDT INFO: Key Desktop/ActiveDSOConfigurations/HFSS correctly changed.
PyAEDT INFO: Solving all design setups. Analysis started...
PyAEDT INFO: Design setup None solved correctly in 0.0h 24.0m 6.0s
PyAEDT INFO: Key Desktop/ActiveDSOConfigurations/HFSS correctly changed.
PyAEDT INFO: Exporting Touchstone C:/ffzhzh/LocalFiles/Ansys_Project_Files/temp_train_TSV_RDL_124_1783637752_26216_SNP/temp_train_TSV_RDL_124_1783637752_26216.s2p
PyAEDT INFO: Touchstone correctly exported to C:/ffzhzh/LocalFiles/Ansys_Project_Files/temp_train_TSV_RDL_124_1783637752_26216_SNP/temp_train_TSV_RDL_124_1783637752_26216.s2p
[train / TSV_RDL - Task 124] simulation completed: C:\ffzhzh\SyncFiles\Temp\HFSS_sim\LHS400_Connection2\train\TSV_RDL\dut124.s2p
PyAEDT INFO: Desktop has been released and closed.
[train / TSV_RDL - Task 129] simulation started.
PyAEDT INFO: Python version 3.11.15 | packaged by Anaconda, Inc. | (main, Mar 11 2026, 17:12:15) [MSC v.1942 64 bit (AMD64)].
PyAEDT INFO: PyAEDT version 1.0.1.
PyAEDT INFO: Initializing new Desktop session.
PyAEDT INFO: AEDT version 2026.1.
PyAEDT INFO: New AEDT session is starting on gRPC port 14812.
PyAEDT INFO: Starting new AEDT gRPC session on port 14812.
PyAEDT INFO: Launching AEDT server with gRPC transport mode: TransportMode.WNUA
PyAEDT INFO: Electronics Desktop started on gRPC port 14812 after 4.9 seconds.
PyAEDT INFO: AEDT installation Path C:\Program Files\ANSYS Inc\v261\AnsysEM
PyAEDT INFO: Connected to AEDT gRPC session on port 14812.
PyAEDT INFO: Non-graphical mode detected. Disabling Desktop logs.
PyAEDT INFO: Parsing C:\ffzhzh\LocalFiles\Ansys_Project_Files\temp_train_TSV_RDL_129_1783639217_26216.aedt.
PyAEDT INFO: Python version 3.11.15 | packaged by Anaconda, Inc. | (main, Mar 11 2026, 17:12:15) [MSC v.1942 64 bit (AMD64)].
PyAEDT INFO: PyAEDT version 1.0.1.
PyAEDT INFO: Returning found Desktop session with PID 14232!
PyAEDT INFO: File C:\ffzhzh\LocalFiles\Ansys_Project_Files\temp_train_TSV_RDL_129_1783639217_26216.aedt correctly loaded. Elapsed time: 0m 0sec
PyAEDT INFO: Project temp_train_TSV_RDL_129_1783639217_26216 has been opened.
PyAEDT INFO: Active Design set to TSV_RDL
PyAEDT INFO: AEDT objects correctly read
PyAEDT INFO: Modeler class has been initialized! Elapsed time: 0m 0sec
PyAEDT INFO: Project temp_train_TSV_RDL_129_1783639217_26216 Saved correctly
PyAEDT INFO: Key Desktop/ActiveDSOConfigurations/HFSS correctly changed.
PyAEDT INFO: Solving all design setups. Analysis started...
PyAEDT INFO: Design setup None solved correctly in 0.0h 9.0m 3.0s
PyAEDT INFO: Key Desktop/ActiveDSOConfigurations/HFSS correctly changed.
PyAEDT INFO: Exporting Touchstone C:/ffzhzh/LocalFiles/Ansys_Project_Files/temp_train_TSV_RDL_128_1783639027_33328_SNP/temp_train_TSV_RDL_128_1783639027_33328.s2p
PyAEDT INFO: Touchstone correctly exported to C:/ffzhzh/LocalFiles/Ansys_Project_Files/temp_train_TSV_RDL_128_1783639027_33328_SNP/temp_train_TSV_RDL_128_1783639027_33328.s2p
PyAEDT INFO: Solving all design setups. Analysis started...
PyAEDT INFO: Design setup None solved correctly in 0.0h 27.0m 19.0s
PyAEDT INFO: Key Desktop/ActiveDSOConfigurations/HFSS correctly changed.
PyAEDT INFO: Exporting Touchstone C:/ffzhzh/LocalFiles/Ansys_Project_Files/temp_train_TSV_RDL_125_1783637934_29156_SNP/temp_train_TSV_RDL_125_1783637934_29156.s2p
PyAEDT INFO: Touchstone correctly exported to C:/ffzhzh/LocalFiles/Ansys_Project_Files/temp_train_TSV_RDL_125_1783637934_29156_SNP/temp_train_TSV_RDL_125_1783637934_29156.s2p
[train / TSV_RDL - Task 125] simulation completed: C:\ffzhzh\SyncFiles\Temp\HFSS_sim\LHS400_Connection2\train\TSV_RDL\dut125.s2p
PyAEDT INFO: Desktop has been released and closed.
[train / TSV_RDL - Task 128] simulation completed: C:\ffzhzh\SyncFiles\Temp\HFSS_sim\LHS400_Connection2\train\TSV_RDL\dut128.s2p
PyAEDT INFO: Desktop has been released and closed.
[train / TSV_RDL - Task 130] simulation started.
PyAEDT INFO: Python version 3.11.15 | packaged by Anaconda, Inc. | (main, Mar 11 2026, 17:12:15) [MSC v.1942 64 bit (AMD64)].
PyAEDT INFO: PyAEDT version 1.0.1.
PyAEDT INFO: Initializing new Desktop session.
PyAEDT INFO: AEDT version 2026.1.
[train / TSV_RDL - Task 131] simulation started.
PyAEDT INFO: Python version 3.11.15 | packaged by Anaconda, Inc. | (main, Mar 11 2026, 17:12:15) [MSC v.1942 64 bit (AMD64)].
PyAEDT INFO: PyAEDT version 1.0.1.
PyAEDT INFO: Initializing new Desktop session.
PyAEDT INFO: AEDT version 2026.1.
PyAEDT INFO: New AEDT session is starting on gRPC port 11587.
PyAEDT INFO: New AEDT session is starting on gRPC port 11588.
PyAEDT INFO: Starting new AEDT gRPC session on port 11587.
PyAEDT INFO: Launching AEDT server with gRPC transport mode: TransportMode.WNUA
PyAEDT INFO: Starting new AEDT gRPC session on port 11588.
PyAEDT INFO: Launching AEDT server with gRPC transport mode: TransportMode.WNUA
PyAEDT INFO: Electronics Desktop started on gRPC port 11588 after 4.8 seconds.
PyAEDT INFO: AEDT installation Path C:\Program Files\ANSYS Inc\v261\AnsysEM
PyAEDT INFO: Electronics Desktop started on gRPC port 11587 after 4.8 seconds.
PyAEDT INFO: AEDT installation Path C:\Program Files\ANSYS Inc\v261\AnsysEM
PyAEDT INFO: Connected to AEDT gRPC session on port 11588.
PyAEDT INFO: Connected to AEDT gRPC session on port 11587.
PyAEDT INFO: Non-graphical mode detected. Disabling Desktop logs.
PyAEDT INFO: Non-graphical mode detected. Disabling Desktop logs.
PyAEDT INFO: Python version 3.11.15 | packaged by Anaconda, Inc. | (main, Mar 11 2026, 17:12:15) [MSC v.1942 64 bit (AMD64)].
PyAEDT INFO: Parsing C:\ffzhzh\LocalFiles\Ansys_Project_Files\temp_train_TSV_RDL_130_1783639592_33328.aedt.
PyAEDT INFO: Parsing C:\ffzhzh\LocalFiles\Ansys_Project_Files\temp_train_TSV_RDL_131_1783639592_29156.aedt.
PyAEDT INFO: Python version 3.11.15 | packaged by Anaconda, Inc. | (main, Mar 11 2026, 17:12:15) [MSC v.1942 64 bit (AMD64)].
PyAEDT INFO: PyAEDT version 1.0.1.
PyAEDT INFO: PyAEDT version 1.0.1.
PyAEDT INFO: Returning found Desktop session with PID 2260!
PyAEDT INFO: Returning found Desktop session with PID 29112!
PyAEDT INFO: File C:\ffzhzh\LocalFiles\Ansys_Project_Files\temp_train_TSV_RDL_130_1783639592_33328.aedt correctly loaded. Elapsed time: 0m 0sec
PyAEDT INFO: File C:\ffzhzh\LocalFiles\Ansys_Project_Files\temp_train_TSV_RDL_131_1783639592_29156.aedt correctly loaded. Elapsed time: 0m 0sec
PyAEDT INFO: Project temp_train_TSV_RDL_130_1783639592_33328 has been opened.
PyAEDT INFO: Project temp_train_TSV_RDL_131_1783639592_29156 has been opened.
PyAEDT INFO: Active Design set to TSV_RDL
PyAEDT INFO: Active Design set to TSV_RDL
PyAEDT INFO: AEDT objects correctly read
PyAEDT INFO: AEDT objects correctly read
PyAEDT INFO: Modeler class has been initialized! Elapsed time: 0m 0sec
PyAEDT INFO: Modeler class has been initialized! Elapsed time: 0m 0sec
PyAEDT INFO: Project temp_train_TSV_RDL_130_1783639592_33328 Saved correctly
PyAEDT INFO: Project temp_train_TSV_RDL_131_1783639592_29156 Saved correctly
PyAEDT INFO: Key Desktop/ActiveDSOConfigurations/HFSS correctly changed.
PyAEDT INFO: Key Desktop/ActiveDSOConfigurations/HFSS correctly changed.
PyAEDT INFO: Solving all design setups. Analysis started...
PyAEDT INFO: Design setup None solved correctly in 0.0h 7.0m 14.0s
PyAEDT INFO: Key Desktop/ActiveDSOConfigurations/HFSS correctly changed.
PyAEDT INFO: Exporting Touchstone C:/ffzhzh/LocalFiles/Ansys_Project_Files/temp_train_TSV_RDL_131_1783639592_29156_SNP/temp_train_TSV_RDL_131_1783639592_29156.s2p
PyAEDT INFO: Touchstone correctly exported to C:/ffzhzh/LocalFiles/Ansys_Project_Files/temp_train_TSV_RDL_131_1783639592_29156_SNP/temp_train_TSV_RDL_131_1783639592_29156.s2p
[train / TSV_RDL - Task 131] simulation completed: C:\ffzhzh\SyncFiles\Temp\HFSS_sim\LHS400_Connection2\train\TSV_RDL\dut131.s2p
PyAEDT INFO: Desktop has been released and closed.
[train / TSV_RDL - Task 132] simulation started.
PyAEDT INFO: Python version 3.11.15 | packaged by Anaconda, Inc. | (main, Mar 11 2026, 17:12:15) [MSC v.1942 64 bit (AMD64)].
PyAEDT INFO: PyAEDT version 1.0.1.
PyAEDT INFO: Initializing new Desktop session.
PyAEDT INFO: AEDT version 2026.1.
PyAEDT INFO: New AEDT session is starting on gRPC port 6071.
PyAEDT INFO: Starting new AEDT gRPC session on port 6071.
PyAEDT INFO: Launching AEDT server with gRPC transport mode: TransportMode.WNUA
PyAEDT INFO: Electronics Desktop started on gRPC port 6071 after 4.9 seconds.
PyAEDT INFO: AEDT installation Path C:\Program Files\ANSYS Inc\v261\AnsysEM
PyAEDT INFO: Connected to AEDT gRPC session on port 6071.
PyAEDT INFO: Non-graphical mode detected. Disabling Desktop logs.
PyAEDT INFO: Python version 3.11.15 | packaged by Anaconda, Inc. | (main, Mar 11 2026, 17:12:15) [MSC v.1942 64 bit (AMD64)].
PyAEDT INFO: Parsing C:\ffzhzh\LocalFiles\Ansys_Project_Files\temp_train_TSV_RDL_132_1783640047_29156.aedt.
PyAEDT INFO: PyAEDT version 1.0.1.
PyAEDT INFO: Returning found Desktop session with PID 38304!
PyAEDT INFO: File C:\ffzhzh\LocalFiles\Ansys_Project_Files\temp_train_TSV_RDL_132_1783640047_29156.aedt correctly loaded. Elapsed time: 0m 0sec
PyAEDT INFO: Project temp_train_TSV_RDL_132_1783640047_29156 has been opened.
PyAEDT INFO: Active Design set to TSV_RDL
PyAEDT INFO: AEDT objects correctly read
PyAEDT INFO: Modeler class has been initialized! Elapsed time: 0m 0sec
PyAEDT INFO: Project temp_train_TSV_RDL_132_1783640047_29156 Saved correctly
PyAEDT INFO: Key Desktop/ActiveDSOConfigurations/HFSS correctly changed.
PyAEDT INFO: Solving all design setups. Analysis started...
PyAEDT INFO: Design setup None solved correctly in 0.0h 13.0m 28.0s
PyAEDT INFO: Key Desktop/ActiveDSOConfigurations/HFSS correctly changed.
PyAEDT INFO: Exporting Touchstone C:/ffzhzh/LocalFiles/Ansys_Project_Files/temp_train_TSV_RDL_130_1783639592_33328_SNP/temp_train_TSV_RDL_130_1783639592_33328.s2p
PyAEDT INFO: Touchstone correctly exported to C:/ffzhzh/LocalFiles/Ansys_Project_Files/temp_train_TSV_RDL_130_1783639592_33328_SNP/temp_train_TSV_RDL_130_1783639592_33328.s2p
[train / TSV_RDL - Task 130] simulation completed: C:\ffzhzh\SyncFiles\Temp\HFSS_sim\LHS400_Connection2\train\TSV_RDL\dut130.s2p
PyAEDT INFO: Desktop has been released and closed.
[train / TSV_RDL - Task 133] simulation started.
PyAEDT INFO: Python version 3.11.15 | packaged by Anaconda, Inc. | (main, Mar 11 2026, 17:12:15) [MSC v.1942 64 bit (AMD64)].
PyAEDT INFO: PyAEDT version 1.0.1.
PyAEDT INFO: Initializing new Desktop session.
PyAEDT INFO: AEDT version 2026.1.
PyAEDT INFO: New AEDT session is starting on gRPC port 3740.
PyAEDT INFO: Starting new AEDT gRPC session on port 3740.
PyAEDT INFO: Launching AEDT server with gRPC transport mode: TransportMode.WNUA
PyAEDT INFO: Electronics Desktop started on gRPC port 3740 after 5.0 seconds.
PyAEDT INFO: AEDT installation Path C:\Program Files\ANSYS Inc\v261\AnsysEM
PyAEDT INFO: Connected to AEDT gRPC session on port 3740.
PyAEDT INFO: Non-graphical mode detected. Disabling Desktop logs.
PyAEDT INFO: Parsing C:\ffzhzh\LocalFiles\Ansys_Project_Files\temp_train_TSV_RDL_133_1783640419_33328.aedt.
PyAEDT INFO: Python version 3.11.15 | packaged by Anaconda, Inc. | (main, Mar 11 2026, 17:12:15) [MSC v.1942 64 bit (AMD64)].
PyAEDT INFO: PyAEDT version 1.0.1.
PyAEDT INFO: Returning found Desktop session with PID 38252!
PyAEDT INFO: File C:\ffzhzh\LocalFiles\Ansys_Project_Files\temp_train_TSV_RDL_133_1783640419_33328.aedt correctly loaded. Elapsed time: 0m 0sec
PyAEDT INFO: Project temp_train_TSV_RDL_133_1783640419_33328 has been opened.
PyAEDT INFO: Active Design set to TSV_RDL
PyAEDT INFO: AEDT objects correctly read
PyAEDT INFO: Modeler class has been initialized! Elapsed time: 0m 0sec
PyAEDT INFO: Project temp_train_TSV_RDL_133_1783640419_33328 Saved correctly
PyAEDT INFO: Key Desktop/ActiveDSOConfigurations/HFSS correctly changed.
PyAEDT INFO: Solving all design setups. Analysis started...
PyAEDT INFO: Design setup None solved correctly in 0.0h 7.0m 42.0s
PyAEDT INFO: Key Desktop/ActiveDSOConfigurations/HFSS correctly changed.
PyAEDT INFO: Exporting Touchstone C:/ffzhzh/LocalFiles/Ansys_Project_Files/temp_train_TSV_RDL_132_1783640047_29156_SNP/temp_train_TSV_RDL_132_1783640047_29156.s2p
PyAEDT INFO: Touchstone correctly exported to C:/ffzhzh/LocalFiles/Ansys_Project_Files/temp_train_TSV_RDL_132_1783640047_29156_SNP/temp_train_TSV_RDL_132_1783640047_29156.s2p
[train / TSV_RDL - Task 132] simulation completed: C:\ffzhzh\SyncFiles\Temp\HFSS_sim\LHS400_Connection2\train\TSV_RDL\dut132.s2p
PyAEDT INFO: Desktop has been released and closed.
[train / TSV_RDL - Task 134] simulation started.
PyAEDT INFO: Python version 3.11.15 | packaged by Anaconda, Inc. | (main, Mar 11 2026, 17:12:15) [MSC v.1942 64 bit (AMD64)].
PyAEDT INFO: PyAEDT version 1.0.1.
PyAEDT INFO: Initializing new Desktop session.
PyAEDT INFO: AEDT version 2026.1.
PyAEDT INFO: New AEDT session is starting on gRPC port 3492.
PyAEDT INFO: Starting new AEDT gRPC session on port 3492.
PyAEDT INFO: Launching AEDT server with gRPC transport mode: TransportMode.WNUA
PyAEDT INFO: Electronics Desktop started on gRPC port 3492 after 4.9 seconds.
PyAEDT INFO: AEDT installation Path C:\Program Files\ANSYS Inc\v261\AnsysEM
PyAEDT INFO: Connected to AEDT gRPC session on port 3492.
PyAEDT INFO: Non-graphical mode detected. Disabling Desktop logs.
PyAEDT INFO: Parsing C:\ffzhzh\LocalFiles\Ansys_Project_Files\temp_train_TSV_RDL_134_1783640523_29156.aedt.
PyAEDT INFO: Python version 3.11.15 | packaged by Anaconda, Inc. | (main, Mar 11 2026, 17:12:15) [MSC v.1942 64 bit (AMD64)].
PyAEDT INFO: PyAEDT version 1.0.1.
PyAEDT INFO: Returning found Desktop session with PID 25812!
PyAEDT INFO: File C:\ffzhzh\LocalFiles\Ansys_Project_Files\temp_train_TSV_RDL_134_1783640523_29156.aedt correctly loaded. Elapsed time: 0m 0sec
PyAEDT INFO: Project temp_train_TSV_RDL_134_1783640523_29156 has been opened.
PyAEDT INFO: Active Design set to TSV_RDL
PyAEDT INFO: AEDT objects correctly read
PyAEDT INFO: Modeler class has been initialized! Elapsed time: 0m 0sec
PyAEDT INFO: Project temp_train_TSV_RDL_134_1783640523_29156 Saved correctly
PyAEDT INFO: Key Desktop/ActiveDSOConfigurations/HFSS correctly changed.
PyAEDT INFO: Solving all design setups. Analysis started...
PyAEDT INFO: Design setup None solved correctly in 0.0h 27.0m 44.0s
PyAEDT INFO: Key Desktop/ActiveDSOConfigurations/HFSS correctly changed.
PyAEDT INFO: Exporting Touchstone C:/ffzhzh/LocalFiles/Ansys_Project_Files/temp_train_TSV_RDL_129_1783639217_26216_SNP/temp_train_TSV_RDL_129_1783639217_26216.s2p
PyAEDT INFO: Touchstone correctly exported to C:/ffzhzh/LocalFiles/Ansys_Project_Files/temp_train_TSV_RDL_129_1783639217_26216_SNP/temp_train_TSV_RDL_129_1783639217_26216.s2p
[train / TSV_RDL - Task 129] simulation completed: C:\ffzhzh\SyncFiles\Temp\HFSS_sim\LHS400_Connection2\train\TSV_RDL\dut129.s2p
PyAEDT INFO: Desktop has been released and closed.
[train / TSV_RDL - Task 135] simulation started.
PyAEDT INFO: Python version 3.11.15 | packaged by Anaconda, Inc. | (main, Mar 11 2026, 17:12:15) [MSC v.1942 64 bit (AMD64)].
PyAEDT INFO: PyAEDT version 1.0.1.
PyAEDT INFO: Initializing new Desktop session.
PyAEDT INFO: AEDT version 2026.1.
PyAEDT INFO: New AEDT session is starting on gRPC port 2501.
PyAEDT INFO: Starting new AEDT gRPC session on port 2501.
PyAEDT INFO: Launching AEDT server with gRPC transport mode: TransportMode.WNUA
PyAEDT INFO: Electronics Desktop started on gRPC port 2501 after 5.1 seconds.
PyAEDT INFO: AEDT installation Path C:\Program Files\ANSYS Inc\v261\AnsysEM
PyAEDT INFO: Connected to AEDT gRPC session on port 2501.
PyAEDT INFO: Non-graphical mode detected. Disabling Desktop logs.
PyAEDT INFO: Parsing C:\ffzhzh\LocalFiles\Ansys_Project_Files\temp_train_TSV_RDL_135_1783640904_26216.aedt.
PyAEDT INFO: Python version 3.11.15 | packaged by Anaconda, Inc. | (main, Mar 11 2026, 17:12:15) [MSC v.1942 64 bit (AMD64)].
PyAEDT INFO: PyAEDT version 1.0.1.
PyAEDT INFO: Returning found Desktop session with PID 14452!
PyAEDT INFO: File C:\ffzhzh\LocalFiles\Ansys_Project_Files\temp_train_TSV_RDL_135_1783640904_26216.aedt correctly loaded. Elapsed time: 0m 0sec
PyAEDT INFO: Project temp_train_TSV_RDL_135_1783640904_26216 has been opened.
PyAEDT INFO: Active Design set to TSV_RDL
PyAEDT INFO: AEDT objects correctly read
PyAEDT INFO: Modeler class has been initialized! Elapsed time: 0m 0sec
PyAEDT INFO: Project temp_train_TSV_RDL_135_1783640904_26216 Saved correctly
PyAEDT INFO: Key Desktop/ActiveDSOConfigurations/HFSS correctly changed.
PyAEDT INFO: Solving all design setups. Analysis started...
PyAEDT INFO: Design setup None solved correctly in 0.0h 8.0m 9.0s
PyAEDT INFO: Key Desktop/ActiveDSOConfigurations/HFSS correctly changed.
PyAEDT INFO: Exporting Touchstone C:/ffzhzh/LocalFiles/Ansys_Project_Files/temp_train_TSV_RDL_133_1783640419_33328_SNP/temp_train_TSV_RDL_133_1783640419_33328.s2p
PyAEDT INFO: Touchstone correctly exported to C:/ffzhzh/LocalFiles/Ansys_Project_Files/temp_train_TSV_RDL_133_1783640419_33328_SNP/temp_train_TSV_RDL_133_1783640419_33328.s2p
[train / TSV_RDL - Task 133] simulation completed: C:\ffzhzh\SyncFiles\Temp\HFSS_sim\LHS400_Connection2\train\TSV_RDL\dut133.s2p
PyAEDT INFO: Desktop has been released and closed.
[train / TSV_RDL - Task 136] simulation started.
PyAEDT INFO: Python version 3.11.15 | packaged by Anaconda, Inc. | (main, Mar 11 2026, 17:12:15) [MSC v.1942 64 bit (AMD64)].
PyAEDT INFO: PyAEDT version 1.0.1.
PyAEDT INFO: Initializing new Desktop session.
PyAEDT INFO: AEDT version 2026.1.
PyAEDT INFO: New AEDT session is starting on gRPC port 3601.
PyAEDT INFO: Starting new AEDT gRPC session on port 3601.
PyAEDT INFO: Launching AEDT server with gRPC transport mode: TransportMode.WNUA
PyAEDT INFO: Electronics Desktop started on gRPC port 3601 after 4.9 seconds.
PyAEDT INFO: AEDT installation Path C:\Program Files\ANSYS Inc\v261\AnsysEM
PyAEDT INFO: Connected to AEDT gRPC session on port 3601.
PyAEDT INFO: Non-graphical mode detected. Disabling Desktop logs.
PyAEDT INFO: Parsing C:\ffzhzh\LocalFiles\Ansys_Project_Files\temp_train_TSV_RDL_136_1783640928_33328.aedt.
PyAEDT INFO: Python version 3.11.15 | packaged by Anaconda, Inc. | (main, Mar 11 2026, 17:12:15) [MSC v.1942 64 bit (AMD64)].
PyAEDT INFO: PyAEDT version 1.0.1.
PyAEDT INFO: Returning found Desktop session with PID 1192!
PyAEDT INFO: File C:\ffzhzh\LocalFiles\Ansys_Project_Files\temp_train_TSV_RDL_136_1783640928_33328.aedt correctly loaded. Elapsed time: 0m 0sec
PyAEDT INFO: Project temp_train_TSV_RDL_136_1783640928_33328 has been opened.
PyAEDT INFO: Active Design set to TSV_RDL
PyAEDT INFO: AEDT objects correctly read
PyAEDT INFO: Modeler class has been initialized! Elapsed time: 0m 0sec
PyAEDT INFO: Project temp_train_TSV_RDL_136_1783640928_33328 Saved correctly
PyAEDT INFO: Key Desktop/ActiveDSOConfigurations/HFSS correctly changed.
PyAEDT INFO: Solving all design setups. Analysis started...
PyAEDT INFO: Design setup None solved correctly in 0.0h 11.0m 14.0s
PyAEDT INFO: Key Desktop/ActiveDSOConfigurations/HFSS correctly changed.
PyAEDT INFO: Exporting Touchstone C:/ffzhzh/LocalFiles/Ansys_Project_Files/temp_train_TSV_RDL_134_1783640523_29156_SNP/temp_train_TSV_RDL_134_1783640523_29156.s2p
PyAEDT INFO: Touchstone correctly exported to C:/ffzhzh/LocalFiles/Ansys_Project_Files/temp_train_TSV_RDL_134_1783640523_29156_SNP/temp_train_TSV_RDL_134_1783640523_29156.s2p
[train / TSV_RDL - Task 134] simulation completed: C:\ffzhzh\SyncFiles\Temp\HFSS_sim\LHS400_Connection2\train\TSV_RDL\dut134.s2p
PyAEDT INFO: Desktop has been released and closed.
[train / TSV_RDL - Task 137] simulation started.
PyAEDT INFO: Python version 3.11.15 | packaged by Anaconda, Inc. | (main, Mar 11 2026, 17:12:15) [MSC v.1942 64 bit (AMD64)].
PyAEDT INFO: PyAEDT version 1.0.1.
PyAEDT INFO: Initializing new Desktop session.
PyAEDT INFO: AEDT version 2026.1.
PyAEDT INFO: New AEDT session is starting on gRPC port 13765.
PyAEDT INFO: Starting new AEDT gRPC session on port 13765.
PyAEDT INFO: Launching AEDT server with gRPC transport mode: TransportMode.WNUA
PyAEDT INFO: Electronics Desktop started on gRPC port 13765 after 4.9 seconds.
PyAEDT INFO: AEDT installation Path C:\Program Files\ANSYS Inc\v261\AnsysEM
PyAEDT INFO: Connected to AEDT gRPC session on port 13765.
PyAEDT INFO: Non-graphical mode detected. Disabling Desktop logs.
PyAEDT INFO: Parsing C:\ffzhzh\LocalFiles\Ansys_Project_Files\temp_train_TSV_RDL_137_1783641219_29156.aedt.
PyAEDT INFO: Python version 3.11.15 | packaged by Anaconda, Inc. | (main, Mar 11 2026, 17:12:15) [MSC v.1942 64 bit (AMD64)].
PyAEDT INFO: PyAEDT version 1.0.1.
PyAEDT INFO: Returning found Desktop session with PID 34040!
PyAEDT INFO: File C:\ffzhzh\LocalFiles\Ansys_Project_Files\temp_train_TSV_RDL_137_1783641219_29156.aedt correctly loaded. Elapsed time: 0m 0sec
PyAEDT INFO: Project temp_train_TSV_RDL_137_1783641219_29156 has been opened.
PyAEDT INFO: Active Design set to TSV_RDL
PyAEDT INFO: AEDT objects correctly read
PyAEDT INFO: Modeler class has been initialized! Elapsed time: 0m 0sec
PyAEDT INFO: Project temp_train_TSV_RDL_137_1783641219_29156 Saved correctly
PyAEDT INFO: Key Desktop/ActiveDSOConfigurations/HFSS correctly changed.
PyAEDT INFO: Solving all design setups. Analysis started...
PyAEDT INFO: Design setup None solved correctly in 0.0h 7.0m 16.0s
PyAEDT INFO: Key Desktop/ActiveDSOConfigurations/HFSS correctly changed.
PyAEDT INFO: Exporting Touchstone C:/ffzhzh/LocalFiles/Ansys_Project_Files/temp_train_TSV_RDL_135_1783640904_26216_SNP/temp_train_TSV_RDL_135_1783640904_26216.s2p
PyAEDT INFO: Touchstone correctly exported to C:/ffzhzh/LocalFiles/Ansys_Project_Files/temp_train_TSV_RDL_135_1783640904_26216_SNP/temp_train_TSV_RDL_135_1783640904_26216.s2p
[train / TSV_RDL - Task 135] simulation completed: C:\ffzhzh\SyncFiles\Temp\HFSS_sim\LHS400_Connection2\train\TSV_RDL\dut135.s2p
PyAEDT INFO: Desktop has been released and closed.
[train / TSV_RDL - Task 138] simulation started.
PyAEDT INFO: Python version 3.11.15 | packaged by Anaconda, Inc. | (main, Mar 11 2026, 17:12:15) [MSC v.1942 64 bit (AMD64)].
PyAEDT INFO: PyAEDT version 1.0.1.
PyAEDT INFO: Initializing new Desktop session.
PyAEDT INFO: AEDT version 2026.1.
PyAEDT INFO: New AEDT session is starting on gRPC port 1444.
PyAEDT INFO: Starting new AEDT gRPC session on port 1444.
PyAEDT INFO: Launching AEDT server with gRPC transport mode: TransportMode.WNUA
PyAEDT INFO: Electronics Desktop started on gRPC port 1444 after 5.0 seconds.
PyAEDT INFO: AEDT installation Path C:\Program Files\ANSYS Inc\v261\AnsysEM
PyAEDT INFO: Connected to AEDT gRPC session on port 1444.
PyAEDT INFO: Non-graphical mode detected. Disabling Desktop logs.
PyAEDT INFO: Parsing C:\ffzhzh\LocalFiles\Ansys_Project_Files\temp_train_TSV_RDL_138_1783641354_26216.aedt.
PyAEDT INFO: Python version 3.11.15 | packaged by Anaconda, Inc. | (main, Mar 11 2026, 17:12:15) [MSC v.1942 64 bit (AMD64)].
PyAEDT INFO: PyAEDT version 1.0.1.
PyAEDT INFO: Returning found Desktop session with PID 39484!
PyAEDT INFO: File C:\ffzhzh\LocalFiles\Ansys_Project_Files\temp_train_TSV_RDL_138_1783641354_26216.aedt correctly loaded. Elapsed time: 0m 0sec
PyAEDT INFO: Project temp_train_TSV_RDL_138_1783641354_26216 has been opened.
PyAEDT INFO: Active Design set to TSV_RDL
PyAEDT INFO: AEDT objects correctly read
PyAEDT INFO: Modeler class has been initialized! Elapsed time: 0m 0sec
PyAEDT INFO: Project temp_train_TSV_RDL_138_1783641354_26216 Saved correctly
PyAEDT INFO: Key Desktop/ActiveDSOConfigurations/HFSS correctly changed.
PyAEDT INFO: Solving all design setups. Analysis started...
PyAEDT INFO: Design setup None solved correctly in 0.0h 8.0m 30.0s
PyAEDT INFO: Key Desktop/ActiveDSOConfigurations/HFSS correctly changed.
PyAEDT INFO: Exporting Touchstone C:/ffzhzh/LocalFiles/Ansys_Project_Files/temp_train_TSV_RDL_137_1783641219_29156_SNP/temp_train_TSV_RDL_137_1783641219_29156.s2p
PyAEDT INFO: Touchstone correctly exported to C:/ffzhzh/LocalFiles/Ansys_Project_Files/temp_train_TSV_RDL_137_1783641219_29156_SNP/temp_train_TSV_RDL_137_1783641219_29156.s2p
[train / TSV_RDL - Task 137] simulation completed: C:\ffzhzh\SyncFiles\Temp\HFSS_sim\LHS400_Connection2\train\TSV_RDL\dut137.s2p
PyAEDT INFO: Desktop has been released and closed.
[train / TSV_RDL - Task 139] simulation started.
PyAEDT INFO: Python version 3.11.15 | packaged by Anaconda, Inc. | (main, Mar 11 2026, 17:12:15) [MSC v.1942 64 bit (AMD64)].
PyAEDT INFO: PyAEDT version 1.0.1.
PyAEDT INFO: Initializing new Desktop session.
PyAEDT INFO: AEDT version 2026.1.
PyAEDT INFO: New AEDT session is starting on gRPC port 11620.
PyAEDT INFO: Starting new AEDT gRPC session on port 11620.
PyAEDT INFO: Launching AEDT server with gRPC transport mode: TransportMode.WNUA
PyAEDT INFO: Electronics Desktop started on gRPC port 11620 after 5.1 seconds.
PyAEDT INFO: AEDT installation Path C:\Program Files\ANSYS Inc\v261\AnsysEM
PyAEDT INFO: Connected to AEDT gRPC session on port 11620.
PyAEDT INFO: Non-graphical mode detected. Disabling Desktop logs.
PyAEDT INFO: Parsing C:\ffzhzh\LocalFiles\Ansys_Project_Files\temp_train_TSV_RDL_139_1783641755_29156.aedt.
PyAEDT INFO: Python version 3.11.15 | packaged by Anaconda, Inc. | (main, Mar 11 2026, 17:12:15) [MSC v.1942 64 bit (AMD64)].
PyAEDT INFO: PyAEDT version 1.0.1.
PyAEDT INFO: Returning found Desktop session with PID 5008!
PyAEDT INFO: File C:\ffzhzh\LocalFiles\Ansys_Project_Files\temp_train_TSV_RDL_139_1783641755_29156.aedt correctly loaded. Elapsed time: 0m 0sec
PyAEDT INFO: Project temp_train_TSV_RDL_139_1783641755_29156 has been opened.
PyAEDT INFO: Active Design set to TSV_RDL
PyAEDT INFO: AEDT objects correctly read
PyAEDT INFO: Modeler class has been initialized! Elapsed time: 0m 0sec
PyAEDT INFO: Project temp_train_TSV_RDL_139_1783641755_29156 Saved correctly
PyAEDT INFO: Key Desktop/ActiveDSOConfigurations/HFSS correctly changed.
PyAEDT INFO: Solving all design setups. Analysis started...
PyAEDT INFO: Design setup None solved correctly in 0.0h 13.0m 20.0s
PyAEDT INFO: Key Desktop/ActiveDSOConfigurations/HFSS correctly changed.
PyAEDT INFO: Exporting Touchstone C:/ffzhzh/LocalFiles/Ansys_Project_Files/temp_train_TSV_RDL_138_1783641354_26216_SNP/temp_train_TSV_RDL_138_1783641354_26216.s2p
PyAEDT INFO: Touchstone correctly exported to C:/ffzhzh/LocalFiles/Ansys_Project_Files/temp_train_TSV_RDL_138_1783641354_26216_SNP/temp_train_TSV_RDL_138_1783641354_26216.s2p
[train / TSV_RDL - Task 138] simulation completed: C:\ffzhzh\SyncFiles\Temp\HFSS_sim\LHS400_Connection2\train\TSV_RDL\dut138.s2p
PyAEDT INFO: Desktop has been released and closed.
[train / TSV_RDL - Task 140] simulation started.
PyAEDT INFO: Python version 3.11.15 | packaged by Anaconda, Inc. | (main, Mar 11 2026, 17:12:15) [MSC v.1942 64 bit (AMD64)].
PyAEDT INFO: PyAEDT version 1.0.1.
PyAEDT INFO: Initializing new Desktop session.
PyAEDT INFO: AEDT version 2026.1.
PyAEDT INFO: New AEDT session is starting on gRPC port 14527.
PyAEDT INFO: Starting new AEDT gRPC session on port 14527.
PyAEDT INFO: Launching AEDT server with gRPC transport mode: TransportMode.WNUA
PyAEDT INFO: Electronics Desktop started on gRPC port 14527 after 4.9 seconds.
PyAEDT INFO: AEDT installation Path C:\Program Files\ANSYS Inc\v261\AnsysEM
PyAEDT INFO: Connected to AEDT gRPC session on port 14527.
PyAEDT INFO: Non-graphical mode detected. Disabling Desktop logs.
PyAEDT INFO: Parsing C:\ffzhzh\LocalFiles\Ansys_Project_Files\temp_train_TSV_RDL_140_1783642176_26216.aedt.
PyAEDT INFO: Python version 3.11.15 | packaged by Anaconda, Inc. | (main, Mar 11 2026, 17:12:15) [MSC v.1942 64 bit (AMD64)].
PyAEDT INFO: PyAEDT version 1.0.1.
PyAEDT INFO: Returning found Desktop session with PID 36596!
PyAEDT INFO: File C:\ffzhzh\LocalFiles\Ansys_Project_Files\temp_train_TSV_RDL_140_1783642176_26216.aedt correctly loaded. Elapsed time: 0m 0sec
PyAEDT INFO: Project temp_train_TSV_RDL_140_1783642176_26216 has been opened.
PyAEDT INFO: Active Design set to TSV_RDL
PyAEDT INFO: AEDT objects correctly read
PyAEDT INFO: Modeler class has been initialized! Elapsed time: 0m 0sec
PyAEDT INFO: Project temp_train_TSV_RDL_140_1783642176_26216 Saved correctly
PyAEDT INFO: Key Desktop/ActiveDSOConfigurations/HFSS correctly changed.
PyAEDT INFO: Solving all design setups. Analysis started...
PyAEDT INFO: Design setup None solved correctly in 0.0h 12.0m 59.0s
PyAEDT INFO: Key Desktop/ActiveDSOConfigurations/HFSS correctly changed.
PyAEDT INFO: Exporting Touchstone C:/ffzhzh/LocalFiles/Ansys_Project_Files/temp_train_TSV_RDL_139_1783641755_29156_SNP/temp_train_TSV_RDL_139_1783641755_29156.s2p
PyAEDT INFO: Touchstone correctly exported to C:/ffzhzh/LocalFiles/Ansys_Project_Files/temp_train_TSV_RDL_139_1783641755_29156_SNP/temp_train_TSV_RDL_139_1783641755_29156.s2p
[train / TSV_RDL - Task 139] simulation completed: C:\ffzhzh\SyncFiles\Temp\HFSS_sim\LHS400_Connection2\train\TSV_RDL\dut139.s2p
PyAEDT INFO: Desktop has been released and closed.
[train / TSV_RDL - Task 141] simulation started.
PyAEDT INFO: Python version 3.11.15 | packaged by Anaconda, Inc. | (main, Mar 11 2026, 17:12:15) [MSC v.1942 64 bit (AMD64)].
PyAEDT INFO: PyAEDT version 1.0.1.
PyAEDT INFO: Initializing new Desktop session.
PyAEDT INFO: AEDT version 2026.1.
PyAEDT INFO: New AEDT session is starting on gRPC port 6521.
PyAEDT INFO: Starting new AEDT gRPC session on port 6521.
PyAEDT INFO: Launching AEDT server with gRPC transport mode: TransportMode.WNUA
PyAEDT INFO: Electronics Desktop started on gRPC port 6521 after 5.1 seconds.
PyAEDT INFO: AEDT installation Path C:\Program Files\ANSYS Inc\v261\AnsysEM
PyAEDT INFO: Connected to AEDT gRPC session on port 6521.
PyAEDT INFO: Non-graphical mode detected. Disabling Desktop logs.
PyAEDT INFO: Parsing C:\ffzhzh\LocalFiles\Ansys_Project_Files\temp_train_TSV_RDL_141_1783642556_29156.aedt.
PyAEDT INFO: Python version 3.11.15 | packaged by Anaconda, Inc. | (main, Mar 11 2026, 17:12:15) [MSC v.1942 64 bit (AMD64)].
PyAEDT INFO: PyAEDT version 1.0.1.
PyAEDT INFO: Returning found Desktop session with PID 412!
PyAEDT INFO: File C:\ffzhzh\LocalFiles\Ansys_Project_Files\temp_train_TSV_RDL_141_1783642556_29156.aedt correctly loaded. Elapsed time: 0m 0sec
PyAEDT INFO: Project temp_train_TSV_RDL_141_1783642556_29156 has been opened.
PyAEDT INFO: Active Design set to TSV_RDL
PyAEDT INFO: AEDT objects correctly read
PyAEDT INFO: Modeler class has been initialized! Elapsed time: 0m 0sec
PyAEDT INFO: Project temp_train_TSV_RDL_141_1783642556_29156 Saved correctly
PyAEDT INFO: Key Desktop/ActiveDSOConfigurations/HFSS correctly changed.
PyAEDT INFO: Solving all design setups. Analysis started...
PyAEDT INFO: Design setup None solved correctly in 0.0h 9.0m 50.0s
PyAEDT INFO: Key Desktop/ActiveDSOConfigurations/HFSS correctly changed.
PyAEDT INFO: Exporting Touchstone C:/ffzhzh/LocalFiles/Ansys_Project_Files/temp_train_TSV_RDL_141_1783642556_29156_SNP/temp_train_TSV_RDL_141_1783642556_29156.s2p
PyAEDT INFO: Touchstone correctly exported to C:/ffzhzh/LocalFiles/Ansys_Project_Files/temp_train_TSV_RDL_141_1783642556_29156_SNP/temp_train_TSV_RDL_141_1783642556_29156.s2p
[train / TSV_RDL - Task 141] simulation completed: C:\ffzhzh\SyncFiles\Temp\HFSS_sim\LHS400_Connection2\train\TSV_RDL\dut141.s2p
PyAEDT INFO: Desktop has been released and closed.
[train / TSV_RDL - Task 142] simulation started.
PyAEDT INFO: Python version 3.11.15 | packaged by Anaconda, Inc. | (main, Mar 11 2026, 17:12:15) [MSC v.1942 64 bit (AMD64)].
PyAEDT INFO: PyAEDT version 1.0.1.
PyAEDT INFO: Initializing new Desktop session.
PyAEDT INFO: AEDT version 2026.1.
PyAEDT INFO: New AEDT session is starting on gRPC port 9423.
PyAEDT INFO: Starting new AEDT gRPC session on port 9423.
PyAEDT INFO: Launching AEDT server with gRPC transport mode: TransportMode.WNUA
PyAEDT INFO: Electronics Desktop started on gRPC port 9423 after 5.0 seconds.
PyAEDT INFO: AEDT installation Path C:\Program Files\ANSYS Inc\v261\AnsysEM
PyAEDT INFO: Connected to AEDT gRPC session on port 9423.
PyAEDT INFO: Non-graphical mode detected. Disabling Desktop logs.
PyAEDT INFO: Parsing C:\ffzhzh\LocalFiles\Ansys_Project_Files\temp_train_TSV_RDL_142_1783643162_29156.aedt.
PyAEDT INFO: Python version 3.11.15 | packaged by Anaconda, Inc. | (main, Mar 11 2026, 17:12:15) [MSC v.1942 64 bit (AMD64)].
PyAEDT INFO: PyAEDT version 1.0.1.
PyAEDT INFO: Returning found Desktop session with PID 34900!
PyAEDT INFO: File C:\ffzhzh\LocalFiles\Ansys_Project_Files\temp_train_TSV_RDL_142_1783643162_29156.aedt correctly loaded. Elapsed time: 0m 0sec
PyAEDT INFO: Project temp_train_TSV_RDL_142_1783643162_29156 has been opened.
PyAEDT INFO: Active Design set to TSV_RDL
PyAEDT INFO: AEDT objects correctly read
PyAEDT INFO: Modeler class has been initialized! Elapsed time: 0m 0sec
PyAEDT INFO: Project temp_train_TSV_RDL_142_1783643162_29156 Saved correctly
PyAEDT INFO: Key Desktop/ActiveDSOConfigurations/HFSS correctly changed.
PyAEDT INFO: Solving all design setups. Analysis started...
PyAEDT INFO: Design setup None solved correctly in 0.0h 38.0m 27.0s
PyAEDT INFO: Key Desktop/ActiveDSOConfigurations/HFSS correctly changed.
PyAEDT INFO: Exporting Touchstone C:/ffzhzh/LocalFiles/Ansys_Project_Files/temp_train_TSV_RDL_136_1783640928_33328_SNP/temp_train_TSV_RDL_136_1783640928_33328.s2p
PyAEDT INFO: Touchstone correctly exported to C:/ffzhzh/LocalFiles/Ansys_Project_Files/temp_train_TSV_RDL_136_1783640928_33328_SNP/temp_train_TSV_RDL_136_1783640928_33328.s2p
[train / TSV_RDL - Task 136] simulation completed: C:\ffzhzh\SyncFiles\Temp\HFSS_sim\LHS400_Connection2\train\TSV_RDL\dut136.s2p
PyAEDT INFO: Desktop has been released and closed.
[train / TSV_RDL - Task 143] simulation started.
PyAEDT INFO: Python version 3.11.15 | packaged by Anaconda, Inc. | (main, Mar 11 2026, 17:12:15) [MSC v.1942 64 bit (AMD64)].
PyAEDT INFO: PyAEDT version 1.0.1.
PyAEDT INFO: Initializing new Desktop session.
PyAEDT INFO: AEDT version 2026.1.
PyAEDT INFO: New AEDT session is starting on gRPC port 4908.
PyAEDT INFO: Starting new AEDT gRPC session on port 4908.
PyAEDT INFO: Launching AEDT server with gRPC transport mode: TransportMode.WNUA
PyAEDT INFO: Electronics Desktop started on gRPC port 4908 after 4.9 seconds.
PyAEDT INFO: AEDT installation Path C:\Program Files\ANSYS Inc\v261\AnsysEM
PyAEDT INFO: Connected to AEDT gRPC session on port 4908.
PyAEDT INFO: Non-graphical mode detected. Disabling Desktop logs.
PyAEDT INFO: Parsing C:\ffzhzh\LocalFiles\Ansys_Project_Files\temp_train_TSV_RDL_143_1783643259_33328.aedt.
PyAEDT INFO: Python version 3.11.15 | packaged by Anaconda, Inc. | (main, Mar 11 2026, 17:12:15) [MSC v.1942 64 bit (AMD64)].
PyAEDT INFO: PyAEDT version 1.0.1.
PyAEDT INFO: Returning found Desktop session with PID 8108!
PyAEDT INFO: File C:\ffzhzh\LocalFiles\Ansys_Project_Files\temp_train_TSV_RDL_143_1783643259_33328.aedt correctly loaded. Elapsed time: 0m 0sec
PyAEDT INFO: Project temp_train_TSV_RDL_143_1783643259_33328 has been opened.
PyAEDT INFO: Active Design set to TSV_RDL
PyAEDT INFO: AEDT objects correctly read
PyAEDT INFO: Modeler class has been initialized! Elapsed time: 0m 0sec
PyAEDT INFO: Project temp_train_TSV_RDL_143_1783643259_33328 Saved correctly
PyAEDT INFO: Key Desktop/ActiveDSOConfigurations/HFSS correctly changed.
PyAEDT INFO: Solving all design setups. Analysis started...
PyAEDT INFO: Design setup None solved correctly in 0.0h 18.0m 30.0s
PyAEDT INFO: Key Desktop/ActiveDSOConfigurations/HFSS correctly changed.
PyAEDT INFO: Exporting Touchstone C:/ffzhzh/LocalFiles/Ansys_Project_Files/temp_train_TSV_RDL_140_1783642176_26216_SNP/temp_train_TSV_RDL_140_1783642176_26216.s2p
PyAEDT INFO: Touchstone correctly exported to C:/ffzhzh/LocalFiles/Ansys_Project_Files/temp_train_TSV_RDL_140_1783642176_26216_SNP/temp_train_TSV_RDL_140_1783642176_26216.s2p
[train / TSV_RDL - Task 140] simulation completed: C:\ffzhzh\SyncFiles\Temp\HFSS_sim\LHS400_Connection2\train\TSV_RDL\dut140.s2p
PyAEDT INFO: Desktop has been released and closed.
[train / TSV_RDL - Task 144] simulation started.
PyAEDT INFO: Python version 3.11.15 | packaged by Anaconda, Inc. | (main, Mar 11 2026, 17:12:15) [MSC v.1942 64 bit (AMD64)].
PyAEDT INFO: PyAEDT version 1.0.1.
PyAEDT INFO: Initializing new Desktop session.
PyAEDT INFO: AEDT version 2026.1.
PyAEDT INFO: New AEDT session is starting on gRPC port 13427.
PyAEDT INFO: Starting new AEDT gRPC session on port 13427.
PyAEDT INFO: Launching AEDT server with gRPC transport mode: TransportMode.WNUA
PyAEDT INFO: Electronics Desktop started on gRPC port 13427 after 4.9 seconds.
PyAEDT INFO: AEDT installation Path C:\Program Files\ANSYS Inc\v261\AnsysEM
PyAEDT INFO: Connected to AEDT gRPC session on port 13427.
PyAEDT INFO: Non-graphical mode detected. Disabling Desktop logs.
PyAEDT INFO: Parsing C:\ffzhzh\LocalFiles\Ansys_Project_Files\temp_train_TSV_RDL_144_1783643308_26216.aedt.
PyAEDT INFO: Python version 3.11.15 | packaged by Anaconda, Inc. | (main, Mar 11 2026, 17:12:15) [MSC v.1942 64 bit (AMD64)].
PyAEDT INFO: PyAEDT version 1.0.1.
PyAEDT INFO: Returning found Desktop session with PID 26304!
PyAEDT INFO: File C:\ffzhzh\LocalFiles\Ansys_Project_Files\temp_train_TSV_RDL_144_1783643308_26216.aedt correctly loaded. Elapsed time: 0m 0sec
PyAEDT INFO: Project temp_train_TSV_RDL_144_1783643308_26216 has been opened.
PyAEDT INFO: Active Design set to TSV_RDL
PyAEDT INFO: AEDT objects correctly read
PyAEDT INFO: Modeler class has been initialized! Elapsed time: 0m 0sec
PyAEDT INFO: Project temp_train_TSV_RDL_144_1783643308_26216 Saved correctly
PyAEDT INFO: Key Desktop/ActiveDSOConfigurations/HFSS correctly changed.
PyAEDT INFO: Solving all design setups. Analysis started...
PyAEDT INFO: Design setup None solved correctly in 0.0h 8.0m 27.0s
PyAEDT INFO: Key Desktop/ActiveDSOConfigurations/HFSS correctly changed.
PyAEDT INFO: Exporting Touchstone C:/ffzhzh/LocalFiles/Ansys_Project_Files/temp_train_TSV_RDL_142_1783643162_29156_SNP/temp_train_TSV_RDL_142_1783643162_29156.s2p
PyAEDT INFO: Touchstone correctly exported to C:/ffzhzh/LocalFiles/Ansys_Project_Files/temp_train_TSV_RDL_142_1783643162_29156_SNP/temp_train_TSV_RDL_142_1783643162_29156.s2p
[train / TSV_RDL - Task 142] simulation completed: C:\ffzhzh\SyncFiles\Temp\HFSS_sim\LHS400_Connection2\train\TSV_RDL\dut142.s2p
PyAEDT INFO: Desktop has been released and closed.
[train / TSV_RDL - Task 145] simulation started.
PyAEDT INFO: Python version 3.11.15 | packaged by Anaconda, Inc. | (main, Mar 11 2026, 17:12:15) [MSC v.1942 64 bit (AMD64)].
PyAEDT INFO: PyAEDT version 1.0.1.
PyAEDT INFO: Initializing new Desktop session.
PyAEDT INFO: AEDT version 2026.1.
PyAEDT INFO: New AEDT session is starting on gRPC port 11340.
PyAEDT INFO: Starting new AEDT gRPC session on port 11340.
PyAEDT INFO: Launching AEDT server with gRPC transport mode: TransportMode.WNUA
PyAEDT INFO: Electronics Desktop started on gRPC port 11340 after 5.1 seconds.
PyAEDT INFO: AEDT installation Path C:\Program Files\ANSYS Inc\v261\AnsysEM
PyAEDT INFO: Connected to AEDT gRPC session on port 11340.
PyAEDT INFO: Non-graphical mode detected. Disabling Desktop logs.
PyAEDT INFO: Parsing C:\ffzhzh\LocalFiles\Ansys_Project_Files\temp_train_TSV_RDL_145_1783643688_29156.aedt.
PyAEDT INFO: Python version 3.11.15 | packaged by Anaconda, Inc. | (main, Mar 11 2026, 17:12:15) [MSC v.1942 64 bit (AMD64)].
PyAEDT INFO: PyAEDT version 1.0.1.
PyAEDT INFO: Returning found Desktop session with PID 36436!
PyAEDT INFO: File C:\ffzhzh\LocalFiles\Ansys_Project_Files\temp_train_TSV_RDL_145_1783643688_29156.aedt correctly loaded. Elapsed time: 0m 0sec
PyAEDT INFO: Project temp_train_TSV_RDL_145_1783643688_29156 has been opened.
PyAEDT INFO: Active Design set to TSV_RDL
PyAEDT INFO: AEDT objects correctly read
PyAEDT INFO: Modeler class has been initialized! Elapsed time: 0m 0sec
PyAEDT INFO: Project temp_train_TSV_RDL_145_1783643688_29156 Saved correctly
PyAEDT INFO: Key Desktop/ActiveDSOConfigurations/HFSS correctly changed.
PyAEDT INFO: Solving all design setups. Analysis started...
PyAEDT INFO: Design setup None solved correctly in 0.0h 7.0m 8.0s
PyAEDT INFO: Key Desktop/ActiveDSOConfigurations/HFSS correctly changed.
PyAEDT INFO: Exporting Touchstone C:/ffzhzh/LocalFiles/Ansys_Project_Files/temp_train_TSV_RDL_144_1783643308_26216_SNP/temp_train_TSV_RDL_144_1783643308_26216.s2p
PyAEDT INFO: Touchstone correctly exported to C:/ffzhzh/LocalFiles/Ansys_Project_Files/temp_train_TSV_RDL_144_1783643308_26216_SNP/temp_train_TSV_RDL_144_1783643308_26216.s2p
[train / TSV_RDL - Task 144] simulation completed: C:\ffzhzh\SyncFiles\Temp\HFSS_sim\LHS400_Connection2\train\TSV_RDL\dut144.s2p
PyAEDT INFO: Desktop has been released and closed.
[train / TSV_RDL - Task 146] simulation started.
PyAEDT INFO: Python version 3.11.15 | packaged by Anaconda, Inc. | (main, Mar 11 2026, 17:12:15) [MSC v.1942 64 bit (AMD64)].
PyAEDT INFO: PyAEDT version 1.0.1.
PyAEDT INFO: Initializing new Desktop session.
PyAEDT INFO: AEDT version 2026.1.
PyAEDT INFO: New AEDT session is starting on gRPC port 13780.
PyAEDT INFO: Starting new AEDT gRPC session on port 13780.
PyAEDT INFO: Launching AEDT server with gRPC transport mode: TransportMode.WNUA
PyAEDT INFO: Electronics Desktop started on gRPC port 13780 after 5.0 seconds.
PyAEDT INFO: AEDT installation Path C:\Program Files\ANSYS Inc\v261\AnsysEM
PyAEDT INFO: Connected to AEDT gRPC session on port 13780.
PyAEDT INFO: Non-graphical mode detected. Disabling Desktop logs.
PyAEDT INFO: Parsing C:\ffzhzh\LocalFiles\Ansys_Project_Files\temp_train_TSV_RDL_146_1783643749_26216.aedt.
PyAEDT INFO: Python version 3.11.15 | packaged by Anaconda, Inc. | (main, Mar 11 2026, 17:12:15) [MSC v.1942 64 bit (AMD64)].
PyAEDT INFO: PyAEDT version 1.0.1.
PyAEDT INFO: Returning found Desktop session with PID 31936!
PyAEDT INFO: File C:\ffzhzh\LocalFiles\Ansys_Project_Files\temp_train_TSV_RDL_146_1783643749_26216.aedt correctly loaded. Elapsed time: 0m 0sec
PyAEDT INFO: Project temp_train_TSV_RDL_146_1783643749_26216 has been opened.
PyAEDT INFO: Active Design set to TSV_RDL
PyAEDT INFO: AEDT objects correctly read
PyAEDT INFO: Modeler class has been initialized! Elapsed time: 0m 0sec
PyAEDT INFO: Project temp_train_TSV_RDL_146_1783643749_26216 Saved correctly
PyAEDT INFO: Key Desktop/ActiveDSOConfigurations/HFSS correctly changed.
PyAEDT INFO: Solving all design setups. Analysis started...
PyAEDT INFO: Design setup None solved correctly in 0.0h 15.0m 32.0s
PyAEDT INFO: Key Desktop/ActiveDSOConfigurations/HFSS correctly changed.
PyAEDT INFO: Exporting Touchstone C:/ffzhzh/LocalFiles/Ansys_Project_Files/temp_train_TSV_RDL_143_1783643259_33328_SNP/temp_train_TSV_RDL_143_1783643259_33328.s2p
PyAEDT INFO: Touchstone correctly exported to C:/ffzhzh/LocalFiles/Ansys_Project_Files/temp_train_TSV_RDL_143_1783643259_33328_SNP/temp_train_TSV_RDL_143_1783643259_33328.s2p
[train / TSV_RDL - Task 143] simulation completed: C:\ffzhzh\SyncFiles\Temp\HFSS_sim\LHS400_Connection2\train\TSV_RDL\dut143.s2p
PyAEDT INFO: Desktop has been released and closed.
[train / TSV_RDL - Task 147] simulation started.
PyAEDT INFO: Python version 3.11.15 | packaged by Anaconda, Inc. | (main, Mar 11 2026, 17:12:15) [MSC v.1942 64 bit (AMD64)].
PyAEDT INFO: PyAEDT version 1.0.1.
PyAEDT INFO: Initializing new Desktop session.
PyAEDT INFO: AEDT version 2026.1.
PyAEDT INFO: New AEDT session is starting on gRPC port 6995.
PyAEDT INFO: Starting new AEDT gRPC session on port 6995.
PyAEDT INFO: Launching AEDT server with gRPC transport mode: TransportMode.WNUA
PyAEDT INFO: Electronics Desktop started on gRPC port 6995 after 4.9 seconds.
PyAEDT INFO: AEDT installation Path C:\Program Files\ANSYS Inc\v261\AnsysEM
PyAEDT INFO: Connected to AEDT gRPC session on port 6995.
PyAEDT INFO: Non-graphical mode detected. Disabling Desktop logs.
PyAEDT INFO: Parsing C:\ffzhzh\LocalFiles\Ansys_Project_Files\temp_train_TSV_RDL_147_1783644214_33328.aedt.
PyAEDT INFO: Python version 3.11.15 | packaged by Anaconda, Inc. | (main, Mar 11 2026, 17:12:15) [MSC v.1942 64 bit (AMD64)].
PyAEDT INFO: PyAEDT version 1.0.1.
PyAEDT INFO: Returning found Desktop session with PID 39564!
PyAEDT INFO: File C:\ffzhzh\LocalFiles\Ansys_Project_Files\temp_train_TSV_RDL_147_1783644214_33328.aedt correctly loaded. Elapsed time: 0m 0sec
PyAEDT INFO: Project temp_train_TSV_RDL_147_1783644214_33328 has been opened.
PyAEDT INFO: Active Design set to TSV_RDL
PyAEDT INFO: AEDT objects correctly read
PyAEDT INFO: Modeler class has been initialized! Elapsed time: 0m 0sec
PyAEDT INFO: Project temp_train_TSV_RDL_147_1783644214_33328 Saved correctly
PyAEDT INFO: Key Desktop/ActiveDSOConfigurations/HFSS correctly changed.
PyAEDT INFO: Solving all design setups. Analysis started...
PyAEDT INFO: Design setup None solved correctly in 0.0h 7.0m 50.0s
PyAEDT INFO: Key Desktop/ActiveDSOConfigurations/HFSS correctly changed.
PyAEDT INFO: Exporting Touchstone C:/ffzhzh/LocalFiles/Ansys_Project_Files/temp_train_TSV_RDL_146_1783643749_26216_SNP/temp_train_TSV_RDL_146_1783643749_26216.s2p
PyAEDT INFO: Touchstone correctly exported to C:/ffzhzh/LocalFiles/Ansys_Project_Files/temp_train_TSV_RDL_146_1783643749_26216_SNP/temp_train_TSV_RDL_146_1783643749_26216.s2p
[train / TSV_RDL - Task 146] simulation completed: C:\ffzhzh\SyncFiles\Temp\HFSS_sim\LHS400_Connection2\train\TSV_RDL\dut146.s2p
PyAEDT INFO: Desktop has been released and closed.
[train / TSV_RDL - Task 148] simulation started.
PyAEDT INFO: Python version 3.11.15 | packaged by Anaconda, Inc. | (main, Mar 11 2026, 17:12:15) [MSC v.1942 64 bit (AMD64)].
PyAEDT INFO: PyAEDT version 1.0.1.
PyAEDT INFO: Initializing new Desktop session.
PyAEDT INFO: AEDT version 2026.1.
PyAEDT INFO: New AEDT session is starting on gRPC port 14920.
PyAEDT INFO: Starting new AEDT gRPC session on port 14920.
PyAEDT INFO: Launching AEDT server with gRPC transport mode: TransportMode.WNUA
PyAEDT INFO: Electronics Desktop started on gRPC port 14920 after 4.9 seconds.
PyAEDT INFO: AEDT installation Path C:\Program Files\ANSYS Inc\v261\AnsysEM
PyAEDT INFO: Connected to AEDT gRPC session on port 14920.
PyAEDT INFO: Non-graphical mode detected. Disabling Desktop logs.
PyAEDT INFO: Parsing C:\ffzhzh\LocalFiles\Ansys_Project_Files\temp_train_TSV_RDL_148_1783644243_26216.aedt.
PyAEDT INFO: Python version 3.11.15 | packaged by Anaconda, Inc. | (main, Mar 11 2026, 17:12:15) [MSC v.1942 64 bit (AMD64)].
PyAEDT INFO: PyAEDT version 1.0.1.
PyAEDT INFO: Returning found Desktop session with PID 37880!
PyAEDT INFO: File C:\ffzhzh\LocalFiles\Ansys_Project_Files\temp_train_TSV_RDL_148_1783644243_26216.aedt correctly loaded. Elapsed time: 0m 0sec
PyAEDT INFO: Project temp_train_TSV_RDL_148_1783644243_26216 has been opened.
PyAEDT INFO: Active Design set to TSV_RDL
PyAEDT INFO: AEDT objects correctly read
PyAEDT INFO: Modeler class has been initialized! Elapsed time: 0m 0sec
PyAEDT INFO: Project temp_train_TSV_RDL_148_1783644243_26216 Saved correctly
PyAEDT INFO: Key Desktop/ActiveDSOConfigurations/HFSS correctly changed.
PyAEDT INFO: Solving all design setups. Analysis started...
PyAEDT INFO: Design setup None solved correctly in 0.0h 11.0m 49.0s
PyAEDT INFO: Key Desktop/ActiveDSOConfigurations/HFSS correctly changed.
PyAEDT INFO: Exporting Touchstone C:/ffzhzh/LocalFiles/Ansys_Project_Files/temp_train_TSV_RDL_145_1783643688_29156_SNP/temp_train_TSV_RDL_145_1783643688_29156.s2p
PyAEDT INFO: Touchstone correctly exported to C:/ffzhzh/LocalFiles/Ansys_Project_Files/temp_train_TSV_RDL_145_1783643688_29156_SNP/temp_train_TSV_RDL_145_1783643688_29156.s2p
[train / TSV_RDL - Task 145] simulation completed: C:\ffzhzh\SyncFiles\Temp\HFSS_sim\LHS400_Connection2\train\TSV_RDL\dut145.s2p
PyAEDT INFO: Desktop has been released and closed.
[train / TSV_RDL - Task 149] simulation started.
PyAEDT INFO: Python version 3.11.15 | packaged by Anaconda, Inc. | (main, Mar 11 2026, 17:12:15) [MSC v.1942 64 bit (AMD64)].
PyAEDT INFO: PyAEDT version 1.0.1.
PyAEDT INFO: Initializing new Desktop session.
PyAEDT INFO: AEDT version 2026.1.
PyAEDT INFO: New AEDT session is starting on gRPC port 7428.
PyAEDT INFO: Starting new AEDT gRPC session on port 7428.
PyAEDT INFO: Launching AEDT server with gRPC transport mode: TransportMode.WNUA
PyAEDT INFO: Electronics Desktop started on gRPC port 7428 after 5.1 seconds.
PyAEDT INFO: AEDT installation Path C:\Program Files\ANSYS Inc\v261\AnsysEM
PyAEDT INFO: Connected to AEDT gRPC session on port 7428.
PyAEDT INFO: Non-graphical mode detected. Disabling Desktop logs.
PyAEDT INFO: Parsing C:\ffzhzh\LocalFiles\Ansys_Project_Files\temp_train_TSV_RDL_149_1783644419_29156.aedt.
PyAEDT INFO: Python version 3.11.15 | packaged by Anaconda, Inc. | (main, Mar 11 2026, 17:12:15) [MSC v.1942 64 bit (AMD64)].
PyAEDT INFO: PyAEDT version 1.0.1.
PyAEDT INFO: Returning found Desktop session with PID 10980!
PyAEDT INFO: File C:\ffzhzh\LocalFiles\Ansys_Project_Files\temp_train_TSV_RDL_149_1783644419_29156.aedt correctly loaded. Elapsed time: 0m 0sec
PyAEDT INFO: Project temp_train_TSV_RDL_149_1783644419_29156 has been opened.
PyAEDT INFO: Active Design set to TSV_RDL
PyAEDT INFO: AEDT objects correctly read
PyAEDT INFO: Modeler class has been initialized! Elapsed time: 0m 0sec
PyAEDT INFO: Project temp_train_TSV_RDL_149_1783644419_29156 Saved correctly
PyAEDT INFO: Key Desktop/ActiveDSOConfigurations/HFSS correctly changed.
PyAEDT INFO: Solving all design setups. Analysis started...
PyAEDT INFO: Design setup None solved correctly in 0.0h 9.0m 1.0s
PyAEDT INFO: Key Desktop/ActiveDSOConfigurations/HFSS correctly changed.
PyAEDT INFO: Exporting Touchstone C:/ffzhzh/LocalFiles/Ansys_Project_Files/temp_train_TSV_RDL_147_1783644214_33328_SNP/temp_train_TSV_RDL_147_1783644214_33328.s2p
PyAEDT INFO: Touchstone correctly exported to C:/ffzhzh/LocalFiles/Ansys_Project_Files/temp_train_TSV_RDL_147_1783644214_33328_SNP/temp_train_TSV_RDL_147_1783644214_33328.s2p
[train / TSV_RDL - Task 147] simulation completed: C:\ffzhzh\SyncFiles\Temp\HFSS_sim\LHS400_Connection2\train\TSV_RDL\dut147.s2p
PyAEDT INFO: Desktop has been released and closed.
[train / TSV_RDL - Task 150] simulation started.
PyAEDT INFO: Python version 3.11.15 | packaged by Anaconda, Inc. | (main, Mar 11 2026, 17:12:15) [MSC v.1942 64 bit (AMD64)].
PyAEDT INFO: PyAEDT version 1.0.1.
PyAEDT INFO: Initializing new Desktop session.
PyAEDT INFO: AEDT version 2026.1.
PyAEDT INFO: New AEDT session is starting on gRPC port 14238.
PyAEDT INFO: Starting new AEDT gRPC session on port 14238.
PyAEDT INFO: Launching AEDT server with gRPC transport mode: TransportMode.WNUA
PyAEDT INFO: Electronics Desktop started on gRPC port 14238 after 4.9 seconds.
PyAEDT INFO: AEDT installation Path C:\Program Files\ANSYS Inc\v261\AnsysEM
PyAEDT INFO: Connected to AEDT gRPC session on port 14238.
PyAEDT INFO: Non-graphical mode detected. Disabling Desktop logs.
PyAEDT INFO: Parsing C:\ffzhzh\LocalFiles\Ansys_Project_Files\temp_train_TSV_RDL_150_1783644774_33328.aedt.
PyAEDT INFO: Python version 3.11.15 | packaged by Anaconda, Inc. | (main, Mar 11 2026, 17:12:15) [MSC v.1942 64 bit (AMD64)].
PyAEDT INFO: PyAEDT version 1.0.1.
PyAEDT INFO: Returning found Desktop session with PID 25952!
PyAEDT INFO: File C:\ffzhzh\LocalFiles\Ansys_Project_Files\temp_train_TSV_RDL_150_1783644774_33328.aedt correctly loaded. Elapsed time: 0m 0sec
PyAEDT INFO: Project temp_train_TSV_RDL_150_1783644774_33328 has been opened.
PyAEDT INFO: Active Design set to TSV_RDL
PyAEDT INFO: AEDT objects correctly read
PyAEDT INFO: Modeler class has been initialized! Elapsed time: 0m 0sec
PyAEDT INFO: Project temp_train_TSV_RDL_150_1783644774_33328 Saved correctly
PyAEDT INFO: Key Desktop/ActiveDSOConfigurations/HFSS correctly changed.
PyAEDT INFO: Solving all design setups. Analysis started...
PyAEDT INFO: Design setup None solved correctly in 0.0h 9.0m 16.0s
PyAEDT INFO: Key Desktop/ActiveDSOConfigurations/HFSS correctly changed.
PyAEDT INFO: Exporting Touchstone C:/ffzhzh/LocalFiles/Ansys_Project_Files/temp_train_TSV_RDL_148_1783644243_26216_SNP/temp_train_TSV_RDL_148_1783644243_26216.s2p
PyAEDT INFO: Touchstone correctly exported to C:/ffzhzh/LocalFiles/Ansys_Project_Files/temp_train_TSV_RDL_148_1783644243_26216_SNP/temp_train_TSV_RDL_148_1783644243_26216.s2p
[train / TSV_RDL - Task 148] simulation completed: C:\ffzhzh\SyncFiles\Temp\HFSS_sim\LHS400_Connection2\train\TSV_RDL\dut148.s2p
PyAEDT INFO: Desktop has been released and closed.
[train / TSV_RDL - Task 151] simulation started.
PyAEDT INFO: Python version 3.11.15 | packaged by Anaconda, Inc. | (main, Mar 11 2026, 17:12:15) [MSC v.1942 64 bit (AMD64)].
PyAEDT INFO: PyAEDT version 1.0.1.
PyAEDT INFO: Initializing new Desktop session.
PyAEDT INFO: AEDT version 2026.1.
PyAEDT INFO: New AEDT session is starting on gRPC port 14358.
PyAEDT INFO: Starting new AEDT gRPC session on port 14358.
PyAEDT INFO: Launching AEDT server with gRPC transport mode: TransportMode.WNUA
PyAEDT INFO: Electronics Desktop started on gRPC port 14358 after 4.8 seconds.
PyAEDT INFO: AEDT installation Path C:\Program Files\ANSYS Inc\v261\AnsysEM
PyAEDT INFO: Connected to AEDT gRPC session on port 14358.
PyAEDT INFO: Non-graphical mode detected. Disabling Desktop logs.
PyAEDT INFO: Parsing C:\ffzhzh\LocalFiles\Ansys_Project_Files\temp_train_TSV_RDL_151_1783644811_26216.aedt.
PyAEDT INFO: Python version 3.11.15 | packaged by Anaconda, Inc. | (main, Mar 11 2026, 17:12:15) [MSC v.1942 64 bit (AMD64)].
PyAEDT INFO: PyAEDT version 1.0.1.
PyAEDT INFO: Returning found Desktop session with PID 34556!
PyAEDT INFO: File C:\ffzhzh\LocalFiles\Ansys_Project_Files\temp_train_TSV_RDL_151_1783644811_26216.aedt correctly loaded. Elapsed time: 0m 0sec
PyAEDT INFO: Project temp_train_TSV_RDL_151_1783644811_26216 has been opened.
PyAEDT INFO: Active Design set to TSV_RDL
PyAEDT INFO: AEDT objects correctly read
PyAEDT INFO: Modeler class has been initialized! Elapsed time: 0m 0sec
PyAEDT INFO: Project temp_train_TSV_RDL_151_1783644811_26216 Saved correctly
PyAEDT INFO: Key Desktop/ActiveDSOConfigurations/HFSS correctly changed.
PyAEDT INFO: Solving all design setups. Analysis started...
PyAEDT INFO: Design setup None solved correctly in 0.0h 8.0m 15.0s
PyAEDT INFO: Key Desktop/ActiveDSOConfigurations/HFSS correctly changed.
PyAEDT INFO: Exporting Touchstone C:/ffzhzh/LocalFiles/Ansys_Project_Files/temp_train_TSV_RDL_151_1783644811_26216_SNP/temp_train_TSV_RDL_151_1783644811_26216.s2p
PyAEDT INFO: Touchstone correctly exported to C:/ffzhzh/LocalFiles/Ansys_Project_Files/temp_train_TSV_RDL_151_1783644811_26216_SNP/temp_train_TSV_RDL_151_1783644811_26216.s2p
[train / TSV_RDL - Task 151] simulation completed: C:\ffzhzh\SyncFiles\Temp\HFSS_sim\LHS400_Connection2\train\TSV_RDL\dut151.s2p
PyAEDT INFO: Desktop has been released and closed.
[train / TSV_RDL - Task 152] simulation started.
PyAEDT INFO: Python version 3.11.15 | packaged by Anaconda, Inc. | (main, Mar 11 2026, 17:12:15) [MSC v.1942 64 bit (AMD64)].
PyAEDT INFO: PyAEDT version 1.0.1.
PyAEDT INFO: Initializing new Desktop session.
PyAEDT INFO: AEDT version 2026.1.
PyAEDT INFO: New AEDT session is starting on gRPC port 8508.
PyAEDT INFO: Starting new AEDT gRPC session on port 8508.
PyAEDT INFO: Launching AEDT server with gRPC transport mode: TransportMode.WNUA
PyAEDT INFO: Electronics Desktop started on gRPC port 8508 after 4.9 seconds.
PyAEDT INFO: AEDT installation Path C:\Program Files\ANSYS Inc\v261\AnsysEM
PyAEDT INFO: Connected to AEDT gRPC session on port 8508.
PyAEDT INFO: Non-graphical mode detected. Disabling Desktop logs.
PyAEDT INFO: Parsing C:\ffzhzh\LocalFiles\Ansys_Project_Files\temp_train_TSV_RDL_152_1783645325_26216.aedt.
PyAEDT INFO: Python version 3.11.15 | packaged by Anaconda, Inc. | (main, Mar 11 2026, 17:12:15) [MSC v.1942 64 bit (AMD64)].
PyAEDT INFO: PyAEDT version 1.0.1.
PyAEDT INFO: Returning found Desktop session with PID 5044!
PyAEDT INFO: File C:\ffzhzh\LocalFiles\Ansys_Project_Files\temp_train_TSV_RDL_152_1783645325_26216.aedt correctly loaded. Elapsed time: 0m 0sec
PyAEDT INFO: Project temp_train_TSV_RDL_152_1783645325_26216 has been opened.
PyAEDT INFO: Active Design set to TSV_RDL
PyAEDT INFO: AEDT objects correctly read
PyAEDT INFO: Modeler class has been initialized! Elapsed time: 0m 0sec
PyAEDT INFO: Project temp_train_TSV_RDL_152_1783645325_26216 Saved correctly
PyAEDT INFO: Key Desktop/ActiveDSOConfigurations/HFSS correctly changed.
PyAEDT INFO: Solving all design setups. Analysis started...
PyAEDT INFO: Design setup None solved correctly in 0.0h 12.0m 27.0s
PyAEDT INFO: Key Desktop/ActiveDSOConfigurations/HFSS correctly changed.
PyAEDT INFO: Exporting Touchstone C:/ffzhzh/LocalFiles/Ansys_Project_Files/temp_train_TSV_RDL_150_1783644774_33328_SNP/temp_train_TSV_RDL_150_1783644774_33328.s2p
PyAEDT INFO: Touchstone correctly exported to C:/ffzhzh/LocalFiles/Ansys_Project_Files/temp_train_TSV_RDL_150_1783644774_33328_SNP/temp_train_TSV_RDL_150_1783644774_33328.s2p
[train / TSV_RDL - Task 150] simulation completed: C:\ffzhzh\SyncFiles\Temp\HFSS_sim\LHS400_Connection2\train\TSV_RDL\dut150.s2p
PyAEDT INFO: Desktop has been released and closed.
[train / TSV_RDL - Task 153] simulation started.
PyAEDT INFO: Python version 3.11.15 | packaged by Anaconda, Inc. | (main, Mar 11 2026, 17:12:15) [MSC v.1942 64 bit (AMD64)].
PyAEDT INFO: PyAEDT version 1.0.1.
PyAEDT INFO: Initializing new Desktop session.
PyAEDT INFO: AEDT version 2026.1.
PyAEDT INFO: New AEDT session is starting on gRPC port 10905.
PyAEDT INFO: Starting new AEDT gRPC session on port 10905.
PyAEDT INFO: Launching AEDT server with gRPC transport mode: TransportMode.WNUA
PyAEDT INFO: Electronics Desktop started on gRPC port 10905 after 4.9 seconds.
PyAEDT INFO: AEDT installation Path C:\Program Files\ANSYS Inc\v261\AnsysEM
PyAEDT INFO: Connected to AEDT gRPC session on port 10905.
PyAEDT INFO: Non-graphical mode detected. Disabling Desktop logs.
PyAEDT INFO: Parsing C:\ffzhzh\LocalFiles\Ansys_Project_Files\temp_train_TSV_RDL_153_1783645535_33328.aedt.
PyAEDT INFO: Python version 3.11.15 | packaged by Anaconda, Inc. | (main, Mar 11 2026, 17:12:15) [MSC v.1942 64 bit (AMD64)].
PyAEDT INFO: PyAEDT version 1.0.1.
PyAEDT INFO: Returning found Desktop session with PID 31464!
PyAEDT INFO: File C:\ffzhzh\LocalFiles\Ansys_Project_Files\temp_train_TSV_RDL_153_1783645535_33328.aedt correctly loaded. Elapsed time: 0m 0sec
PyAEDT INFO: Project temp_train_TSV_RDL_153_1783645535_33328 has been opened.
PyAEDT INFO: Active Design set to TSV_RDL
PyAEDT INFO: AEDT objects correctly read
PyAEDT INFO: Modeler class has been initialized! Elapsed time: 0m 0sec
PyAEDT INFO: Project temp_train_TSV_RDL_153_1783645535_33328 Saved correctly
PyAEDT INFO: Key Desktop/ActiveDSOConfigurations/HFSS correctly changed.
PyAEDT INFO: Solving all design setups. Analysis started...
PyAEDT INFO: Design setup None solved correctly in 0.0h 8.0m 21.0s
PyAEDT INFO: Key Desktop/ActiveDSOConfigurations/HFSS correctly changed.
PyAEDT INFO: Exporting Touchstone C:/ffzhzh/LocalFiles/Ansys_Project_Files/temp_train_TSV_RDL_152_1783645325_26216_SNP/temp_train_TSV_RDL_152_1783645325_26216.s2p
PyAEDT INFO: Touchstone correctly exported to C:/ffzhzh/LocalFiles/Ansys_Project_Files/temp_train_TSV_RDL_152_1783645325_26216_SNP/temp_train_TSV_RDL_152_1783645325_26216.s2p
[train / TSV_RDL - Task 152] simulation completed: C:\ffzhzh\SyncFiles\Temp\HFSS_sim\LHS400_Connection2\train\TSV_RDL\dut152.s2p
PyAEDT INFO: Desktop has been released and closed.
[train / TSV_RDL - Task 154] simulation started.
PyAEDT INFO: Python version 3.11.15 | packaged by Anaconda, Inc. | (main, Mar 11 2026, 17:12:15) [MSC v.1942 64 bit (AMD64)].
PyAEDT INFO: PyAEDT version 1.0.1.
PyAEDT INFO: Initializing new Desktop session.
PyAEDT INFO: AEDT version 2026.1.
PyAEDT INFO: New AEDT session is starting on gRPC port 4474.
PyAEDT INFO: Starting new AEDT gRPC session on port 4474.
PyAEDT INFO: Launching AEDT server with gRPC transport mode: TransportMode.WNUA
PyAEDT INFO: Electronics Desktop started on gRPC port 4474 after 5.0 seconds.
PyAEDT INFO: AEDT installation Path C:\Program Files\ANSYS Inc\v261\AnsysEM
PyAEDT INFO: Connected to AEDT gRPC session on port 4474.
PyAEDT INFO: Non-graphical mode detected. Disabling Desktop logs.
PyAEDT INFO: Parsing C:\ffzhzh\LocalFiles\Ansys_Project_Files\temp_train_TSV_RDL_154_1783645846_26216.aedt.
PyAEDT INFO: Python version 3.11.15 | packaged by Anaconda, Inc. | (main, Mar 11 2026, 17:12:15) [MSC v.1942 64 bit (AMD64)].
PyAEDT INFO: PyAEDT version 1.0.1.
PyAEDT INFO: Returning found Desktop session with PID 15224!
PyAEDT INFO: File C:\ffzhzh\LocalFiles\Ansys_Project_Files\temp_train_TSV_RDL_154_1783645846_26216.aedt correctly loaded. Elapsed time: 0m 0sec
PyAEDT INFO: Project temp_train_TSV_RDL_154_1783645846_26216 has been opened.
PyAEDT INFO: Active Design set to TSV_RDL
PyAEDT INFO: AEDT objects correctly read
PyAEDT INFO: Modeler class has been initialized! Elapsed time: 0m 0sec
PyAEDT INFO: Project temp_train_TSV_RDL_154_1783645846_26216 Saved correctly
PyAEDT INFO: Key Desktop/ActiveDSOConfigurations/HFSS correctly changed.
PyAEDT INFO: Solving all design setups. Analysis started...
PyAEDT INFO: Design setup None solved correctly in 0.0h 6.0m 50.0s
PyAEDT INFO: Key Desktop/ActiveDSOConfigurations/HFSS correctly changed.
PyAEDT INFO: Exporting Touchstone C:/ffzhzh/LocalFiles/Ansys_Project_Files/temp_train_TSV_RDL_153_1783645535_33328_SNP/temp_train_TSV_RDL_153_1783645535_33328.s2p
PyAEDT INFO: Touchstone correctly exported to C:/ffzhzh/LocalFiles/Ansys_Project_Files/temp_train_TSV_RDL_153_1783645535_33328_SNP/temp_train_TSV_RDL_153_1783645535_33328.s2p
[train / TSV_RDL - Task 153] simulation completed: C:\ffzhzh\SyncFiles\Temp\HFSS_sim\LHS400_Connection2\train\TSV_RDL\dut153.s2p
PyAEDT INFO: Desktop has been released and closed.
[train / TSV_RDL - Task 155] simulation started.
PyAEDT INFO: Python version 3.11.15 | packaged by Anaconda, Inc. | (main, Mar 11 2026, 17:12:15) [MSC v.1942 64 bit (AMD64)].
PyAEDT INFO: PyAEDT version 1.0.1.
PyAEDT INFO: Initializing new Desktop session.
PyAEDT INFO: AEDT version 2026.1.
PyAEDT INFO: New AEDT session is starting on gRPC port 5139.
PyAEDT INFO: Starting new AEDT gRPC session on port 5139.
PyAEDT INFO: Launching AEDT server with gRPC transport mode: TransportMode.WNUA
PyAEDT INFO: Electronics Desktop started on gRPC port 5139 after 5.1 seconds.
PyAEDT INFO: AEDT installation Path C:\Program Files\ANSYS Inc\v261\AnsysEM
PyAEDT INFO: Connected to AEDT gRPC session on port 5139.
PyAEDT INFO: Non-graphical mode detected. Disabling Desktop logs.
PyAEDT INFO: Parsing C:\ffzhzh\LocalFiles\Ansys_Project_Files\temp_train_TSV_RDL_155_1783645967_33328.aedt.
PyAEDT INFO: Python version 3.11.15 | packaged by Anaconda, Inc. | (main, Mar 11 2026, 17:12:15) [MSC v.1942 64 bit (AMD64)].
PyAEDT INFO: PyAEDT version 1.0.1.
PyAEDT INFO: Returning found Desktop session with PID 38108!
PyAEDT INFO: File C:\ffzhzh\LocalFiles\Ansys_Project_Files\temp_train_TSV_RDL_155_1783645967_33328.aedt correctly loaded. Elapsed time: 0m 0sec
PyAEDT INFO: Project temp_train_TSV_RDL_155_1783645967_33328 has been opened.
PyAEDT INFO: Active Design set to TSV_RDL
PyAEDT INFO: AEDT objects correctly read
PyAEDT INFO: Modeler class has been initialized! Elapsed time: 0m 0sec
PyAEDT INFO: Project temp_train_TSV_RDL_155_1783645967_33328 Saved correctly
PyAEDT INFO: Key Desktop/ActiveDSOConfigurations/HFSS correctly changed.
PyAEDT INFO: Solving all design setups. Analysis started...
PyAEDT INFO: Design setup None solved correctly in 0.0h 27.0m 11.0s
PyAEDT INFO: Key Desktop/ActiveDSOConfigurations/HFSS correctly changed.
PyAEDT INFO: Exporting Touchstone C:/ffzhzh/LocalFiles/Ansys_Project_Files/temp_train_TSV_RDL_149_1783644419_29156_SNP/temp_train_TSV_RDL_149_1783644419_29156.s2p
PyAEDT INFO: Touchstone correctly exported to C:/ffzhzh/LocalFiles/Ansys_Project_Files/temp_train_TSV_RDL_149_1783644419_29156_SNP/temp_train_TSV_RDL_149_1783644419_29156.s2p
[train / TSV_RDL - Task 149] simulation completed: C:\ffzhzh\SyncFiles\Temp\HFSS_sim\LHS400_Connection2\train\TSV_RDL\dut149.s2p
PyAEDT INFO: Desktop has been released and closed.
[train / TSV_RDL - Task 156] simulation started.
PyAEDT INFO: Python version 3.11.15 | packaged by Anaconda, Inc. | (main, Mar 11 2026, 17:12:15) [MSC v.1942 64 bit (AMD64)].
PyAEDT INFO: PyAEDT version 1.0.1.
PyAEDT INFO: Initializing new Desktop session.
PyAEDT INFO: AEDT version 2026.1.
PyAEDT INFO: New AEDT session is starting on gRPC port 10127.
PyAEDT INFO: Starting new AEDT gRPC session on port 10127.
PyAEDT INFO: Launching AEDT server with gRPC transport mode: TransportMode.WNUA
PyAEDT INFO: Electronics Desktop started on gRPC port 10127 after 5.1 seconds.
PyAEDT INFO: AEDT installation Path C:\Program Files\ANSYS Inc\v261\AnsysEM
PyAEDT INFO: Connected to AEDT gRPC session on port 10127.
PyAEDT INFO: Non-graphical mode detected. Disabling Desktop logs.
PyAEDT INFO: Parsing C:\ffzhzh\LocalFiles\Ansys_Project_Files\temp_train_TSV_RDL_156_1783646064_29156.aedt.
PyAEDT INFO: Python version 3.11.15 | packaged by Anaconda, Inc. | (main, Mar 11 2026, 17:12:15) [MSC v.1942 64 bit (AMD64)].
PyAEDT INFO: PyAEDT version 1.0.1.
PyAEDT INFO: Returning found Desktop session with PID 27536!
PyAEDT INFO: File C:\ffzhzh\LocalFiles\Ansys_Project_Files\temp_train_TSV_RDL_156_1783646064_29156.aedt correctly loaded. Elapsed time: 0m 0sec
PyAEDT INFO: Project temp_train_TSV_RDL_156_1783646064_29156 has been opened.
PyAEDT INFO: Active Design set to TSV_RDL
PyAEDT INFO: AEDT objects correctly read
PyAEDT INFO: Modeler class has been initialized! Elapsed time: 0m 0sec
PyAEDT INFO: Project temp_train_TSV_RDL_156_1783646064_29156 Saved correctly
PyAEDT INFO: Key Desktop/ActiveDSOConfigurations/HFSS correctly changed.
PyAEDT INFO: Solving all design setups. Analysis started...
PyAEDT INFO: Design setup None solved correctly in 0.0h 12.0m 33.0s
PyAEDT INFO: Key Desktop/ActiveDSOConfigurations/HFSS correctly changed.
PyAEDT INFO: Exporting Touchstone C:/ffzhzh/LocalFiles/Ansys_Project_Files/temp_train_TSV_RDL_154_1783645846_26216_SNP/temp_train_TSV_RDL_154_1783645846_26216.s2p
PyAEDT INFO: Touchstone correctly exported to C:/ffzhzh/LocalFiles/Ansys_Project_Files/temp_train_TSV_RDL_154_1783645846_26216_SNP/temp_train_TSV_RDL_154_1783645846_26216.s2p
[train / TSV_RDL - Task 154] simulation completed: C:\ffzhzh\SyncFiles\Temp\HFSS_sim\LHS400_Connection2\train\TSV_RDL\dut154.s2p
PyAEDT INFO: Desktop has been released and closed.
[train / TSV_RDL - Task 157] simulation started.
PyAEDT INFO: Python version 3.11.15 | packaged by Anaconda, Inc. | (main, Mar 11 2026, 17:12:15) [MSC v.1942 64 bit (AMD64)].
PyAEDT INFO: PyAEDT version 1.0.1.
PyAEDT INFO: Initializing new Desktop session.
PyAEDT INFO: AEDT version 2026.1.
PyAEDT INFO: New AEDT session is starting on gRPC port 3357.
PyAEDT INFO: Starting new AEDT gRPC session on port 3357.
PyAEDT INFO: Launching AEDT server with gRPC transport mode: TransportMode.WNUA
PyAEDT INFO: Electronics Desktop started on gRPC port 3357 after 4.8 seconds.
PyAEDT INFO: AEDT installation Path C:\Program Files\ANSYS Inc\v261\AnsysEM
PyAEDT INFO: Connected to AEDT gRPC session on port 3357.
PyAEDT INFO: Non-graphical mode detected. Disabling Desktop logs.
PyAEDT INFO: Parsing C:\ffzhzh\LocalFiles\Ansys_Project_Files\temp_train_TSV_RDL_157_1783646623_26216.aedt.
PyAEDT INFO: Python version 3.11.15 | packaged by Anaconda, Inc. | (main, Mar 11 2026, 17:12:15) [MSC v.1942 64 bit (AMD64)].
PyAEDT INFO: PyAEDT version 1.0.1.
PyAEDT INFO: Returning found Desktop session with PID 29616!
PyAEDT INFO: File C:\ffzhzh\LocalFiles\Ansys_Project_Files\temp_train_TSV_RDL_157_1783646623_26216.aedt correctly loaded. Elapsed time: 0m 0sec
PyAEDT INFO: Project temp_train_TSV_RDL_157_1783646623_26216 has been opened.
PyAEDT INFO: Active Design set to TSV_RDL
PyAEDT INFO: AEDT objects correctly read
PyAEDT INFO: Modeler class has been initialized! Elapsed time: 0m 0sec
PyAEDT INFO: Project temp_train_TSV_RDL_157_1783646623_26216 Saved correctly
PyAEDT INFO: Key Desktop/ActiveDSOConfigurations/HFSS correctly changed.
PyAEDT INFO: Solving all design setups. Analysis started...
PyAEDT INFO: Design setup None solved correctly in 0.0h 17.0m 49.0s
PyAEDT INFO: Key Desktop/ActiveDSOConfigurations/HFSS correctly changed.
PyAEDT INFO: Exporting Touchstone C:/ffzhzh/LocalFiles/Ansys_Project_Files/temp_train_TSV_RDL_156_1783646064_29156_SNP/temp_train_TSV_RDL_156_1783646064_29156.s2p
PyAEDT INFO: Touchstone correctly exported to C:/ffzhzh/LocalFiles/Ansys_Project_Files/temp_train_TSV_RDL_156_1783646064_29156_SNP/temp_train_TSV_RDL_156_1783646064_29156.s2p
[train / TSV_RDL - Task 156] simulation completed: C:\ffzhzh\SyncFiles\Temp\HFSS_sim\LHS400_Connection2\train\TSV_RDL\dut156.s2p
PyAEDT INFO: Desktop has been released and closed.
[train / TSV_RDL - Task 158] simulation started.
PyAEDT INFO: Python version 3.11.15 | packaged by Anaconda, Inc. | (main, Mar 11 2026, 17:12:15) [MSC v.1942 64 bit (AMD64)].
PyAEDT INFO: PyAEDT version 1.0.1.
PyAEDT INFO: Initializing new Desktop session.
PyAEDT INFO: AEDT version 2026.1.
PyAEDT INFO: New AEDT session is starting on gRPC port 12884.
PyAEDT INFO: Starting new AEDT gRPC session on port 12884.
PyAEDT INFO: Launching AEDT server with gRPC transport mode: TransportMode.WNUA
PyAEDT INFO: Electronics Desktop started on gRPC port 12884 after 6.4 seconds.
PyAEDT INFO: AEDT installation Path C:\Program Files\ANSYS Inc\v261\AnsysEM
PyAEDT INFO: Connected to AEDT gRPC session on port 12884.
PyAEDT INFO: Non-graphical mode detected. Disabling Desktop logs.
PyAEDT INFO: Parsing C:\ffzhzh\LocalFiles\Ansys_Project_Files\temp_train_TSV_RDL_158_1783647153_29156.aedt.
PyAEDT INFO: Python version 3.11.15 | packaged by Anaconda, Inc. | (main, Mar 11 2026, 17:12:15) [MSC v.1942 64 bit (AMD64)].
PyAEDT INFO: PyAEDT version 1.0.1.
PyAEDT INFO: Returning found Desktop session with PID 15540!
PyAEDT INFO: File C:\ffzhzh\LocalFiles\Ansys_Project_Files\temp_train_TSV_RDL_158_1783647153_29156.aedt correctly loaded. Elapsed time: 0m 0sec
PyAEDT INFO: Project temp_train_TSV_RDL_158_1783647153_29156 has been opened.
PyAEDT INFO: Active Design set to TSV_RDL
PyAEDT INFO: AEDT objects correctly read
PyAEDT INFO: Modeler class has been initialized! Elapsed time: 0m 0sec
PyAEDT INFO: Project temp_train_TSV_RDL_158_1783647153_29156 Saved correctly
PyAEDT INFO: Key Desktop/ActiveDSOConfigurations/HFSS correctly changed.
PyAEDT INFO: Solving all design setups. Analysis started...
PyAEDT INFO: Design setup None solved correctly in 0.0h 30.0m 51.0s
PyAEDT INFO: Key Desktop/ActiveDSOConfigurations/HFSS correctly changed.
PyAEDT INFO: Exporting Touchstone C:/ffzhzh/LocalFiles/Ansys_Project_Files/temp_train_TSV_RDL_155_1783645967_33328_SNP/temp_train_TSV_RDL_155_1783645967_33328.s2p
PyAEDT INFO: Touchstone correctly exported to C:/ffzhzh/LocalFiles/Ansys_Project_Files/temp_train_TSV_RDL_155_1783645967_33328_SNP/temp_train_TSV_RDL_155_1783645967_33328.s2p
[train / TSV_RDL - Task 155] simulation completed: C:\ffzhzh\SyncFiles\Temp\HFSS_sim\LHS400_Connection2\train\TSV_RDL\dut155.s2p
PyAEDT INFO: Desktop has been released and closed.
[train / TSV_RDL - Task 159] simulation started.
PyAEDT INFO: Python version 3.11.15 | packaged by Anaconda, Inc. | (main, Mar 11 2026, 17:12:15) [MSC v.1942 64 bit (AMD64)].
PyAEDT INFO: PyAEDT version 1.0.1.
PyAEDT INFO: Initializing new Desktop session.
PyAEDT INFO: AEDT version 2026.1.
PyAEDT INFO: New AEDT session is starting on gRPC port 14307.
PyAEDT INFO: Starting new AEDT gRPC session on port 14307.
PyAEDT INFO: Launching AEDT server with gRPC transport mode: TransportMode.WNUA
PyAEDT INFO: Electronics Desktop started on gRPC port 14307 after 6.2 seconds.
PyAEDT INFO: AEDT installation Path C:\Program Files\ANSYS Inc\v261\AnsysEM
PyAEDT INFO: Connected to AEDT gRPC session on port 14307.
PyAEDT INFO: Non-graphical mode detected. Disabling Desktop logs.
PyAEDT INFO: Parsing C:\ffzhzh\LocalFiles\Ansys_Project_Files\temp_train_TSV_RDL_159_1783647841_33328.aedt.
PyAEDT INFO: Python version 3.11.15 | packaged by Anaconda, Inc. | (main, Mar 11 2026, 17:12:15) [MSC v.1942 64 bit (AMD64)].
PyAEDT INFO: PyAEDT version 1.0.1.
PyAEDT INFO: Returning found Desktop session with PID 23004!
PyAEDT INFO: File C:\ffzhzh\LocalFiles\Ansys_Project_Files\temp_train_TSV_RDL_159_1783647841_33328.aedt correctly loaded. Elapsed time: 0m 0sec
PyAEDT INFO: Project temp_train_TSV_RDL_159_1783647841_33328 has been opened.
PyAEDT INFO: Active Design set to TSV_RDL
PyAEDT INFO: AEDT objects correctly read
PyAEDT INFO: Modeler class has been initialized! Elapsed time: 0m 0sec
PyAEDT INFO: Project temp_train_TSV_RDL_159_1783647841_33328 Saved correctly
PyAEDT INFO: Key Desktop/ActiveDSOConfigurations/HFSS correctly changed.
PyAEDT INFO: Solving all design setups. Analysis started...
PyAEDT INFO: Design setup None solved correctly in 0.0h 26.0m 15.0s
PyAEDT INFO: Key Desktop/ActiveDSOConfigurations/HFSS correctly changed.
PyAEDT INFO: Exporting Touchstone C:/ffzhzh/LocalFiles/Ansys_Project_Files/temp_train_TSV_RDL_157_1783646623_26216_SNP/temp_train_TSV_RDL_157_1783646623_26216.s2p
PyAEDT INFO: Touchstone correctly exported to C:/ffzhzh/LocalFiles/Ansys_Project_Files/temp_train_TSV_RDL_157_1783646623_26216_SNP/temp_train_TSV_RDL_157_1783646623_26216.s2p
[train / TSV_RDL - Task 157] simulation completed: C:\ffzhzh\SyncFiles\Temp\HFSS_sim\LHS400_Connection2\train\TSV_RDL\dut157.s2p
PyAEDT INFO: Desktop has been released and closed.
[train / TSV_RDL - Task 160] simulation started.
PyAEDT INFO: Python version 3.11.15 | packaged by Anaconda, Inc. | (main, Mar 11 2026, 17:12:15) [MSC v.1942 64 bit (AMD64)].
PyAEDT INFO: PyAEDT version 1.0.1.
PyAEDT INFO: Initializing new Desktop session.
PyAEDT INFO: AEDT version 2026.1.
PyAEDT INFO: New AEDT session is starting on gRPC port 5518.
PyAEDT INFO: Starting new AEDT gRPC session on port 5518.
PyAEDT INFO: Launching AEDT server with gRPC transport mode: TransportMode.WNUA
PyAEDT INFO: Solving all design setups. Analysis started...
PyAEDT INFO: Design setup None solved correctly in 0.0h 6.0m 9.0s
PyAEDT INFO: Key Desktop/ActiveDSOConfigurations/HFSS correctly changed.
PyAEDT INFO: Exporting Touchstone C:/ffzhzh/LocalFiles/Ansys_Project_Files/temp_train_TSV_RDL_159_1783647841_33328_SNP/temp_train_TSV_RDL_159_1783647841_33328.s2p
PyAEDT INFO: Touchstone correctly exported to C:/ffzhzh/LocalFiles/Ansys_Project_Files/temp_train_TSV_RDL_159_1783647841_33328_SNP/temp_train_TSV_RDL_159_1783647841_33328.s2p
PyAEDT INFO: Electronics Desktop started on gRPC port 5518 after 4.9 seconds.
PyAEDT INFO: AEDT installation Path C:\Program Files\ANSYS Inc\v261\AnsysEM
PyAEDT INFO: Connected to AEDT gRPC session on port 5518.
PyAEDT INFO: Non-graphical mode detected. Disabling Desktop logs.
PyAEDT INFO: Parsing C:\ffzhzh\LocalFiles\Ansys_Project_Files\temp_train_TSV_RDL_160_1783648220_26216.aedt.
PyAEDT INFO: Python version 3.11.15 | packaged by Anaconda, Inc. | (main, Mar 11 2026, 17:12:15) [MSC v.1942 64 bit (AMD64)].
PyAEDT INFO: PyAEDT version 1.0.1.
PyAEDT INFO: Returning found Desktop session with PID 23432!
PyAEDT INFO: File C:\ffzhzh\LocalFiles\Ansys_Project_Files\temp_train_TSV_RDL_160_1783648220_26216.aedt correctly loaded. Elapsed time: 0m 0sec
PyAEDT INFO: Project temp_train_TSV_RDL_160_1783648220_26216 has been opened.
PyAEDT INFO: Active Design set to TSV_RDL
PyAEDT INFO: AEDT objects correctly read
PyAEDT INFO: Modeler class has been initialized! Elapsed time: 0m 0sec
[train / TSV_RDL - Task 159] simulation completed: C:\ffzhzh\SyncFiles\Temp\HFSS_sim\LHS400_Connection2\train\TSV_RDL\dut159.s2p
PyAEDT INFO: Desktop has been released and closed.
PyAEDT INFO: Project temp_train_TSV_RDL_160_1783648220_26216 Saved correctly
PyAEDT INFO: Key Desktop/ActiveDSOConfigurations/HFSS correctly changed.
[train / TSV_RDL - Task 161] simulation started.
PyAEDT INFO: Python version 3.11.15 | packaged by Anaconda, Inc. | (main, Mar 11 2026, 17:12:15) [MSC v.1942 64 bit (AMD64)].
PyAEDT INFO: PyAEDT version 1.0.1.
PyAEDT INFO: Initializing new Desktop session.
PyAEDT INFO: AEDT version 2026.1.
PyAEDT INFO: New AEDT session is starting on gRPC port 6154.
PyAEDT INFO: Starting new AEDT gRPC session on port 6154.
PyAEDT INFO: Launching AEDT server with gRPC transport mode: TransportMode.WNUA
PyAEDT INFO: Electronics Desktop started on gRPC port 6154 after 5.0 seconds.
PyAEDT INFO: AEDT installation Path C:\Program Files\ANSYS Inc\v261\AnsysEM
PyAEDT INFO: Connected to AEDT gRPC session on port 6154.
PyAEDT INFO: Non-graphical mode detected. Disabling Desktop logs.
PyAEDT INFO: Parsing C:\ffzhzh\LocalFiles\Ansys_Project_Files\temp_train_TSV_RDL_161_1783648230_33328.aedt.
PyAEDT INFO: Python version 3.11.15 | packaged by Anaconda, Inc. | (main, Mar 11 2026, 17:12:15) [MSC v.1942 64 bit (AMD64)].
PyAEDT INFO: PyAEDT version 1.0.1.
PyAEDT INFO: Returning found Desktop session with PID 38012!
PyAEDT INFO: File C:\ffzhzh\LocalFiles\Ansys_Project_Files\temp_train_TSV_RDL_161_1783648230_33328.aedt correctly loaded. Elapsed time: 0m 0sec
PyAEDT INFO: Project temp_train_TSV_RDL_161_1783648230_33328 has been opened.
PyAEDT INFO: Active Design set to TSV_RDL
PyAEDT INFO: AEDT objects correctly read
PyAEDT INFO: Modeler class has been initialized! Elapsed time: 0m 0sec
PyAEDT INFO: Project temp_train_TSV_RDL_161_1783648230_33328 Saved correctly
PyAEDT INFO: Key Desktop/ActiveDSOConfigurations/HFSS correctly changed.
PyAEDT INFO: Solving all design setups. Analysis started...
PyAEDT INFO: Design setup None solved correctly in 0.0h 20.0m 38.0s
PyAEDT INFO: Key Desktop/ActiveDSOConfigurations/HFSS correctly changed.
PyAEDT INFO: Exporting Touchstone C:/ffzhzh/LocalFiles/Ansys_Project_Files/temp_train_TSV_RDL_158_1783647153_29156_SNP/temp_train_TSV_RDL_158_1783647153_29156.s2p
PyAEDT INFO: Touchstone correctly exported to C:/ffzhzh/LocalFiles/Ansys_Project_Files/temp_train_TSV_RDL_158_1783647153_29156_SNP/temp_train_TSV_RDL_158_1783647153_29156.s2p
[train / TSV_RDL - Task 158] simulation completed: C:\ffzhzh\SyncFiles\Temp\HFSS_sim\LHS400_Connection2\train\TSV_RDL\dut158.s2p
PyAEDT INFO: Desktop has been released and closed.
[train / TSV_RDL - Task 162] simulation started.
PyAEDT INFO: Python version 3.11.15 | packaged by Anaconda, Inc. | (main, Mar 11 2026, 17:12:15) [MSC v.1942 64 bit (AMD64)].
PyAEDT INFO: PyAEDT version 1.0.1.
PyAEDT INFO: Initializing new Desktop session.
PyAEDT INFO: AEDT version 2026.1.
PyAEDT INFO: New AEDT session is starting on gRPC port 2284.
PyAEDT INFO: Starting new AEDT gRPC session on port 2284.
PyAEDT INFO: Launching AEDT server with gRPC transport mode: TransportMode.WNUA
PyAEDT INFO: Electronics Desktop started on gRPC port 2284 after 4.8 seconds.
PyAEDT INFO: AEDT installation Path C:\Program Files\ANSYS Inc\v261\AnsysEM
PyAEDT INFO: Connected to AEDT gRPC session on port 2284.
PyAEDT INFO: Non-graphical mode detected. Disabling Desktop logs.
PyAEDT INFO: Parsing C:\ffzhzh\LocalFiles\Ansys_Project_Files\temp_train_TSV_RDL_162_1783648415_29156.aedt.
PyAEDT INFO: Python version 3.11.15 | packaged by Anaconda, Inc. | (main, Mar 11 2026, 17:12:15) [MSC v.1942 64 bit (AMD64)].
PyAEDT INFO: PyAEDT version 1.0.1.
PyAEDT INFO: Returning found Desktop session with PID 10136!
PyAEDT INFO: File C:\ffzhzh\LocalFiles\Ansys_Project_Files\temp_train_TSV_RDL_162_1783648415_29156.aedt correctly loaded. Elapsed time: 0m 0sec
PyAEDT INFO: Project temp_train_TSV_RDL_162_1783648415_29156 has been opened.
PyAEDT INFO: Active Design set to TSV_RDL
PyAEDT INFO: AEDT objects correctly read
PyAEDT INFO: Modeler class has been initialized! Elapsed time: 0m 0sec
PyAEDT INFO: Project temp_train_TSV_RDL_162_1783648415_29156 Saved correctly
PyAEDT INFO: Key Desktop/ActiveDSOConfigurations/HFSS correctly changed.
PyAEDT INFO: Solving all design setups. Analysis started...
PyAEDT INFO: Design setup None solved correctly in 0.0h 12.0m 2.0s
PyAEDT INFO: Key Desktop/ActiveDSOConfigurations/HFSS correctly changed.
PyAEDT INFO: Exporting Touchstone C:/ffzhzh/LocalFiles/Ansys_Project_Files/temp_train_TSV_RDL_160_1783648220_26216_SNP/temp_train_TSV_RDL_160_1783648220_26216.s2p
PyAEDT INFO: Touchstone correctly exported to C:/ffzhzh/LocalFiles/Ansys_Project_Files/temp_train_TSV_RDL_160_1783648220_26216_SNP/temp_train_TSV_RDL_160_1783648220_26216.s2p
[train / TSV_RDL - Task 160] simulation completed: C:\ffzhzh\SyncFiles\Temp\HFSS_sim\LHS400_Connection2\train\TSV_RDL\dut160.s2p
PyAEDT INFO: Desktop has been released and closed.
[train / TSV_RDL - Task 163] simulation started.
PyAEDT INFO: Python version 3.11.15 | packaged by Anaconda, Inc. | (main, Mar 11 2026, 17:12:15) [MSC v.1942 64 bit (AMD64)].
PyAEDT INFO: PyAEDT version 1.0.1.
PyAEDT INFO: Initializing new Desktop session.
PyAEDT INFO: AEDT version 2026.1.
PyAEDT INFO: New AEDT session is starting on gRPC port 5510.
PyAEDT INFO: Starting new AEDT gRPC session on port 5510.
PyAEDT INFO: Launching AEDT server with gRPC transport mode: TransportMode.WNUA
PyAEDT INFO: Electronics Desktop started on gRPC port 5510 after 5.2 seconds.
PyAEDT INFO: AEDT installation Path C:\Program Files\ANSYS Inc\v261\AnsysEM
PyAEDT INFO: Connected to AEDT gRPC session on port 5510.
PyAEDT INFO: Non-graphical mode detected. Disabling Desktop logs.
PyAEDT INFO: Parsing C:\ffzhzh\LocalFiles\Ansys_Project_Files\temp_train_TSV_RDL_163_1783648955_26216.aedt.
PyAEDT INFO: Python version 3.11.15 | packaged by Anaconda, Inc. | (main, Mar 11 2026, 17:12:15) [MSC v.1942 64 bit (AMD64)].
PyAEDT INFO: PyAEDT version 1.0.1.
PyAEDT INFO: Returning found Desktop session with PID 38480!
PyAEDT INFO: File C:\ffzhzh\LocalFiles\Ansys_Project_Files\temp_train_TSV_RDL_163_1783648955_26216.aedt correctly loaded. Elapsed time: 0m 0sec
PyAEDT INFO: Project temp_train_TSV_RDL_163_1783648955_26216 has been opened.
PyAEDT INFO: Active Design set to TSV_RDL
PyAEDT INFO: AEDT objects correctly read
PyAEDT INFO: Modeler class has been initialized! Elapsed time: 0m 0sec
PyAEDT INFO: Project temp_train_TSV_RDL_163_1783648955_26216 Saved correctly
PyAEDT INFO: Key Desktop/ActiveDSOConfigurations/HFSS correctly changed.
PyAEDT INFO: Solving all design setups. Analysis started...
PyAEDT INFO: Design setup None solved correctly in 0.0h 18.0m 43.0s
PyAEDT INFO: Key Desktop/ActiveDSOConfigurations/HFSS correctly changed.
PyAEDT INFO: Exporting Touchstone C:/ffzhzh/LocalFiles/Ansys_Project_Files/temp_train_TSV_RDL_161_1783648230_33328_SNP/temp_train_TSV_RDL_161_1783648230_33328.s2p
PyAEDT INFO: Touchstone correctly exported to C:/ffzhzh/LocalFiles/Ansys_Project_Files/temp_train_TSV_RDL_161_1783648230_33328_SNP/temp_train_TSV_RDL_161_1783648230_33328.s2p
[train / TSV_RDL - Task 161] simulation completed: C:\ffzhzh\SyncFiles\Temp\HFSS_sim\LHS400_Connection2\train\TSV_RDL\dut161.s2p
PyAEDT INFO: Desktop has been released and closed.
[train / TSV_RDL - Task 164] simulation started.
PyAEDT INFO: Python version 3.11.15 | packaged by Anaconda, Inc. | (main, Mar 11 2026, 17:12:15) [MSC v.1942 64 bit (AMD64)].
PyAEDT INFO: PyAEDT version 1.0.1.
PyAEDT INFO: Initializing new Desktop session.
PyAEDT INFO: AEDT version 2026.1.
PyAEDT INFO: New AEDT session is starting on gRPC port 12413.
PyAEDT INFO: Starting new AEDT gRPC session on port 12413.
PyAEDT INFO: Launching AEDT server with gRPC transport mode: TransportMode.WNUA
PyAEDT INFO: Electronics Desktop started on gRPC port 12413 after 5.3 seconds.
PyAEDT INFO: AEDT installation Path C:\Program Files\ANSYS Inc\v261\AnsysEM
PyAEDT INFO: Connected to AEDT gRPC session on port 12413.
PyAEDT INFO: Non-graphical mode detected. Disabling Desktop logs.
PyAEDT INFO: Parsing C:\ffzhzh\LocalFiles\Ansys_Project_Files\temp_train_TSV_RDL_164_1783649367_33328.aedt.
PyAEDT INFO: Python version 3.11.15 | packaged by Anaconda, Inc. | (main, Mar 11 2026, 17:12:15) [MSC v.1942 64 bit (AMD64)].
PyAEDT INFO: PyAEDT version 1.0.1.
PyAEDT INFO: Returning found Desktop session with PID 18584!
PyAEDT INFO: File C:\ffzhzh\LocalFiles\Ansys_Project_Files\temp_train_TSV_RDL_164_1783649367_33328.aedt correctly loaded. Elapsed time: 0m 0sec
PyAEDT INFO: Project temp_train_TSV_RDL_164_1783649367_33328 has been opened.
PyAEDT INFO: Active Design set to TSV_RDL
PyAEDT INFO: AEDT objects correctly read
PyAEDT INFO: Modeler class has been initialized! Elapsed time: 0m 0sec
PyAEDT INFO: Project temp_train_TSV_RDL_164_1783649367_33328 Saved correctly
PyAEDT INFO: Key Desktop/ActiveDSOConfigurations/HFSS correctly changed.
PyAEDT INFO: Solving all design setups. Analysis started...
PyAEDT INFO: Design setup None solved correctly in 0.0h 8.0m 48.0s
PyAEDT INFO: Key Desktop/ActiveDSOConfigurations/HFSS correctly changed.
PyAEDT INFO: Exporting Touchstone C:/ffzhzh/LocalFiles/Ansys_Project_Files/temp_train_TSV_RDL_163_1783648955_26216_SNP/temp_train_TSV_RDL_163_1783648955_26216.s2p
PyAEDT INFO: Touchstone correctly exported to C:/ffzhzh/LocalFiles/Ansys_Project_Files/temp_train_TSV_RDL_163_1783648955_26216_SNP/temp_train_TSV_RDL_163_1783648955_26216.s2p
[train / TSV_RDL - Task 163] simulation completed: C:\ffzhzh\SyncFiles\Temp\HFSS_sim\LHS400_Connection2\train\TSV_RDL\dut163.s2p
PyAEDT INFO: Desktop has been released and closed.
[train / TSV_RDL - Task 165] simulation started.
PyAEDT INFO: Python version 3.11.15 | packaged by Anaconda, Inc. | (main, Mar 11 2026, 17:12:15) [MSC v.1942 64 bit (AMD64)].
PyAEDT INFO: PyAEDT version 1.0.1.
PyAEDT INFO: Initializing new Desktop session.
PyAEDT INFO: AEDT version 2026.1.
PyAEDT INFO: New AEDT session is starting on gRPC port 14756.
PyAEDT INFO: Starting new AEDT gRPC session on port 14756.
PyAEDT INFO: Launching AEDT server with gRPC transport mode: TransportMode.WNUA
PyAEDT INFO: Electronics Desktop started on gRPC port 14756 after 5.2 seconds.
PyAEDT INFO: AEDT installation Path C:\Program Files\ANSYS Inc\v261\AnsysEM
PyAEDT INFO: Connected to AEDT gRPC session on port 14756.
PyAEDT INFO: Non-graphical mode detected. Disabling Desktop logs.
PyAEDT INFO: Parsing C:\ffzhzh\LocalFiles\Ansys_Project_Files\temp_train_TSV_RDL_165_1783649500_26216.aedt.
PyAEDT INFO: Python version 3.11.15 | packaged by Anaconda, Inc. | (main, Mar 11 2026, 17:12:15) [MSC v.1942 64 bit (AMD64)].
PyAEDT INFO: PyAEDT version 1.0.1.
PyAEDT INFO: Returning found Desktop session with PID 37520!
PyAEDT INFO: File C:\ffzhzh\LocalFiles\Ansys_Project_Files\temp_train_TSV_RDL_165_1783649500_26216.aedt correctly loaded. Elapsed time: 0m 0sec
PyAEDT INFO: Project temp_train_TSV_RDL_165_1783649500_26216 has been opened.
PyAEDT INFO: Active Design set to TSV_RDL
PyAEDT INFO: AEDT objects correctly read
PyAEDT INFO: Modeler class has been initialized! Elapsed time: 0m 0sec
PyAEDT INFO: Project temp_train_TSV_RDL_165_1783649500_26216 Saved correctly
PyAEDT INFO: Key Desktop/ActiveDSOConfigurations/HFSS correctly changed.
PyAEDT INFO: Solving all design setups. Analysis started...
PyAEDT INFO: Design setup None solved correctly in 0.0h 19.0m 15.0s
PyAEDT INFO: Key Desktop/ActiveDSOConfigurations/HFSS correctly changed.
PyAEDT INFO: Exporting Touchstone C:/ffzhzh/LocalFiles/Ansys_Project_Files/temp_train_TSV_RDL_162_1783648415_29156_SNP/temp_train_TSV_RDL_162_1783648415_29156.s2p
PyAEDT INFO: Touchstone correctly exported to C:/ffzhzh/LocalFiles/Ansys_Project_Files/temp_train_TSV_RDL_162_1783648415_29156_SNP/temp_train_TSV_RDL_162_1783648415_29156.s2p
[train / TSV_RDL - Task 162] simulation completed: C:\ffzhzh\SyncFiles\Temp\HFSS_sim\LHS400_Connection2\train\TSV_RDL\dut162.s2p
PyAEDT INFO: Desktop has been released and closed.
[train / TSV_RDL - Task 166] simulation started.
PyAEDT INFO: Python version 3.11.15 | packaged by Anaconda, Inc. | (main, Mar 11 2026, 17:12:15) [MSC v.1942 64 bit (AMD64)].
PyAEDT INFO: PyAEDT version 1.0.1.
PyAEDT INFO: Initializing new Desktop session.
PyAEDT INFO: AEDT version 2026.1.
PyAEDT INFO: New AEDT session is starting on gRPC port 3747.
PyAEDT INFO: Starting new AEDT gRPC session on port 3747.
PyAEDT INFO: Launching AEDT server with gRPC transport mode: TransportMode.WNUA
PyAEDT INFO: Electronics Desktop started on gRPC port 3747 after 5.1 seconds.
PyAEDT INFO: AEDT installation Path C:\Program Files\ANSYS Inc\v261\AnsysEM
PyAEDT INFO: Connected to AEDT gRPC session on port 3747.
PyAEDT INFO: Non-graphical mode detected. Disabling Desktop logs.
PyAEDT INFO: Parsing C:\ffzhzh\LocalFiles\Ansys_Project_Files\temp_train_TSV_RDL_166_1783649584_29156.aedt.
PyAEDT INFO: Python version 3.11.15 | packaged by Anaconda, Inc. | (main, Mar 11 2026, 17:12:15) [MSC v.1942 64 bit (AMD64)].
PyAEDT INFO: PyAEDT version 1.0.1.
PyAEDT INFO: Returning found Desktop session with PID 34272!
PyAEDT INFO: File C:\ffzhzh\LocalFiles\Ansys_Project_Files\temp_train_TSV_RDL_166_1783649584_29156.aedt correctly loaded. Elapsed time: 0m 0sec
PyAEDT INFO: Project temp_train_TSV_RDL_166_1783649584_29156 has been opened.
PyAEDT INFO: Active Design set to TSV_RDL
PyAEDT INFO: AEDT objects correctly read
PyAEDT INFO: Modeler class has been initialized! Elapsed time: 0m 0sec
PyAEDT INFO: Project temp_train_TSV_RDL_166_1783649584_29156 Saved correctly
PyAEDT INFO: Key Desktop/ActiveDSOConfigurations/HFSS correctly changed.
PyAEDT INFO: Solving all design setups. Analysis started...
PyAEDT INFO: Design setup None solved correctly in 0.0h 9.0m 28.0s
PyAEDT INFO: Key Desktop/ActiveDSOConfigurations/HFSS correctly changed.
PyAEDT INFO: Exporting Touchstone C:/ffzhzh/LocalFiles/Ansys_Project_Files/temp_train_TSV_RDL_164_1783649367_33328_SNP/temp_train_TSV_RDL_164_1783649367_33328.s2p
PyAEDT INFO: Touchstone correctly exported to C:/ffzhzh/LocalFiles/Ansys_Project_Files/temp_train_TSV_RDL_164_1783649367_33328_SNP/temp_train_TSV_RDL_164_1783649367_33328.s2p
[train / TSV_RDL - Task 164] simulation completed: C:\ffzhzh\SyncFiles\Temp\HFSS_sim\LHS400_Connection2\train\TSV_RDL\dut164.s2p
PyAEDT INFO: Desktop has been released and closed.
[train / TSV_RDL - Task 167] simulation started.
PyAEDT INFO: Python version 3.11.15 | packaged by Anaconda, Inc. | (main, Mar 11 2026, 17:12:15) [MSC v.1942 64 bit (AMD64)].
PyAEDT INFO: PyAEDT version 1.0.1.
PyAEDT INFO: Initializing new Desktop session.
PyAEDT INFO: AEDT version 2026.1.
PyAEDT INFO: New AEDT session is starting on gRPC port 9905.
PyAEDT INFO: Starting new AEDT gRPC session on port 9905.
PyAEDT INFO: Launching AEDT server with gRPC transport mode: TransportMode.WNUA
PyAEDT INFO: Electronics Desktop started on gRPC port 9905 after 5.1 seconds.
PyAEDT INFO: AEDT installation Path C:\Program Files\ANSYS Inc\v261\AnsysEM
PyAEDT INFO: Connected to AEDT gRPC session on port 9905.
PyAEDT INFO: Non-graphical mode detected. Disabling Desktop logs.
PyAEDT INFO: Parsing C:\ffzhzh\LocalFiles\Ansys_Project_Files\temp_train_TSV_RDL_167_1783649957_33328.aedt.
PyAEDT INFO: Python version 3.11.15 | packaged by Anaconda, Inc. | (main, Mar 11 2026, 17:12:15) [MSC v.1942 64 bit (AMD64)].
PyAEDT INFO: PyAEDT version 1.0.1.
PyAEDT INFO: Returning found Desktop session with PID 11572!
PyAEDT INFO: File C:\ffzhzh\LocalFiles\Ansys_Project_Files\temp_train_TSV_RDL_167_1783649957_33328.aedt correctly loaded. Elapsed time: 0m 0sec
PyAEDT INFO: Project temp_train_TSV_RDL_167_1783649957_33328 has been opened.
PyAEDT INFO: Active Design set to TSV_RDL
PyAEDT INFO: AEDT objects correctly read
PyAEDT INFO: Modeler class has been initialized! Elapsed time: 0m 0sec
PyAEDT INFO: Project temp_train_TSV_RDL_167_1783649957_33328 Saved correctly
PyAEDT INFO: Key Desktop/ActiveDSOConfigurations/HFSS correctly changed.
PyAEDT INFO: Solving all design setups. Analysis started...
PyAEDT INFO: Design setup None solved correctly in 0.0h 8.0m 2.0s
PyAEDT INFO: Key Desktop/ActiveDSOConfigurations/HFSS correctly changed.
PyAEDT INFO: Exporting Touchstone C:/ffzhzh/LocalFiles/Ansys_Project_Files/temp_train_TSV_RDL_165_1783649500_26216_SNP/temp_train_TSV_RDL_165_1783649500_26216.s2p
PyAEDT INFO: Touchstone correctly exported to C:/ffzhzh/LocalFiles/Ansys_Project_Files/temp_train_TSV_RDL_165_1783649500_26216_SNP/temp_train_TSV_RDL_165_1783649500_26216.s2p
[train / TSV_RDL - Task 165] simulation completed: C:\ffzhzh\SyncFiles\Temp\HFSS_sim\LHS400_Connection2\train\TSV_RDL\dut165.s2p
PyAEDT INFO: Desktop has been released and closed.
[train / TSV_RDL - Task 168] simulation started.
PyAEDT INFO: Python version 3.11.15 | packaged by Anaconda, Inc. | (main, Mar 11 2026, 17:12:15) [MSC v.1942 64 bit (AMD64)].
PyAEDT INFO: PyAEDT version 1.0.1.
PyAEDT INFO: Initializing new Desktop session.
PyAEDT INFO: AEDT version 2026.1.
PyAEDT INFO: New AEDT session is starting on gRPC port 10016.
PyAEDT INFO: Starting new AEDT gRPC session on port 10016.
PyAEDT INFO: Launching AEDT server with gRPC transport mode: TransportMode.WNUA
PyAEDT INFO: Electronics Desktop started on gRPC port 10016 after 5.1 seconds.
PyAEDT INFO: AEDT installation Path C:\Program Files\ANSYS Inc\v261\AnsysEM
PyAEDT INFO: Connected to AEDT gRPC session on port 10016.
PyAEDT INFO: Non-graphical mode detected. Disabling Desktop logs.
PyAEDT INFO: Parsing C:\ffzhzh\LocalFiles\Ansys_Project_Files\temp_train_TSV_RDL_168_1783650001_26216.aedt.
PyAEDT INFO: Python version 3.11.15 | packaged by Anaconda, Inc. | (main, Mar 11 2026, 17:12:15) [MSC v.1942 64 bit (AMD64)].
PyAEDT INFO: PyAEDT version 1.0.1.
PyAEDT INFO: Returning found Desktop session with PID 21028!
PyAEDT INFO: File C:\ffzhzh\LocalFiles\Ansys_Project_Files\temp_train_TSV_RDL_168_1783650001_26216.aedt correctly loaded. Elapsed time: 0m 0sec
PyAEDT INFO: Project temp_train_TSV_RDL_168_1783650001_26216 has been opened.
PyAEDT INFO: Active Design set to TSV_RDL
PyAEDT INFO: AEDT objects correctly read
PyAEDT INFO: Modeler class has been initialized! Elapsed time: 0m 0sec
PyAEDT INFO: Project temp_train_TSV_RDL_168_1783650001_26216 Saved correctly
PyAEDT INFO: Key Desktop/ActiveDSOConfigurations/HFSS correctly changed.
PyAEDT INFO: Solving all design setups. Analysis started...
PyAEDT INFO: Design setup None solved correctly in 0.0h 11.0m 25.0s
PyAEDT INFO: Key Desktop/ActiveDSOConfigurations/HFSS correctly changed.
PyAEDT INFO: Exporting Touchstone C:/ffzhzh/LocalFiles/Ansys_Project_Files/temp_train_TSV_RDL_166_1783649584_29156_SNP/temp_train_TSV_RDL_166_1783649584_29156.s2p
PyAEDT INFO: Touchstone correctly exported to C:/ffzhzh/LocalFiles/Ansys_Project_Files/temp_train_TSV_RDL_166_1783649584_29156_SNP/temp_train_TSV_RDL_166_1783649584_29156.s2p
[train / TSV_RDL - Task 166] simulation completed: C:\ffzhzh\SyncFiles\Temp\HFSS_sim\LHS400_Connection2\train\TSV_RDL\dut166.s2p
PyAEDT INFO: Desktop has been released and closed.
[train / TSV_RDL - Task 169] simulation started.
PyAEDT INFO: Python version 3.11.15 | packaged by Anaconda, Inc. | (main, Mar 11 2026, 17:12:15) [MSC v.1942 64 bit (AMD64)].
PyAEDT INFO: PyAEDT version 1.0.1.
PyAEDT INFO: Initializing new Desktop session.
PyAEDT INFO: AEDT version 2026.1.
PyAEDT INFO: New AEDT session is starting on gRPC port 7464.
PyAEDT INFO: Starting new AEDT gRPC session on port 7464.
PyAEDT INFO: Launching AEDT server with gRPC transport mode: TransportMode.WNUA
PyAEDT INFO: Electronics Desktop started on gRPC port 7464 after 5.1 seconds.
PyAEDT INFO: AEDT installation Path C:\Program Files\ANSYS Inc\v261\AnsysEM
PyAEDT INFO: Connected to AEDT gRPC session on port 7464.
PyAEDT INFO: Non-graphical mode detected. Disabling Desktop logs.
PyAEDT INFO: Parsing C:\ffzhzh\LocalFiles\Ansys_Project_Files\temp_train_TSV_RDL_169_1783650292_29156.aedt.
PyAEDT INFO: Python version 3.11.15 | packaged by Anaconda, Inc. | (main, Mar 11 2026, 17:12:15) [MSC v.1942 64 bit (AMD64)].
PyAEDT INFO: PyAEDT version 1.0.1.
PyAEDT INFO: Returning found Desktop session with PID 10144!
PyAEDT INFO: File C:\ffzhzh\LocalFiles\Ansys_Project_Files\temp_train_TSV_RDL_169_1783650292_29156.aedt correctly loaded. Elapsed time: 0m 0sec
PyAEDT INFO: Project temp_train_TSV_RDL_169_1783650292_29156 has been opened.
PyAEDT INFO: Active Design set to TSV_RDL
PyAEDT INFO: AEDT objects correctly read
PyAEDT INFO: Modeler class has been initialized! Elapsed time: 0m 0sec
PyAEDT INFO: Project temp_train_TSV_RDL_169_1783650292_29156 Saved correctly
PyAEDT INFO: Key Desktop/ActiveDSOConfigurations/HFSS correctly changed.
PyAEDT INFO: Solving all design setups. Analysis started...
PyAEDT INFO: Design setup None solved correctly in 0.0h 10.0m 15.0s
PyAEDT INFO: Key Desktop/ActiveDSOConfigurations/HFSS correctly changed.
PyAEDT INFO: Exporting Touchstone C:/ffzhzh/LocalFiles/Ansys_Project_Files/temp_train_TSV_RDL_168_1783650001_26216_SNP/temp_train_TSV_RDL_168_1783650001_26216.s2p
PyAEDT INFO: Touchstone correctly exported to C:/ffzhzh/LocalFiles/Ansys_Project_Files/temp_train_TSV_RDL_168_1783650001_26216_SNP/temp_train_TSV_RDL_168_1783650001_26216.s2p
[train / TSV_RDL - Task 168] simulation completed: C:\ffzhzh\SyncFiles\Temp\HFSS_sim\LHS400_Connection2\train\TSV_RDL\dut168.s2p
PyAEDT INFO: Desktop has been released and closed.
[train / TSV_RDL - Task 170] simulation started.
PyAEDT INFO: Python version 3.11.15 | packaged by Anaconda, Inc. | (main, Mar 11 2026, 17:12:15) [MSC v.1942 64 bit (AMD64)].
PyAEDT INFO: PyAEDT version 1.0.1.
PyAEDT INFO: Initializing new Desktop session.
PyAEDT INFO: AEDT version 2026.1.
PyAEDT INFO: New AEDT session is starting on gRPC port 12571.
PyAEDT INFO: Starting new AEDT gRPC session on port 12571.
PyAEDT INFO: Launching AEDT server with gRPC transport mode: TransportMode.WNUA
PyAEDT INFO: Electronics Desktop started on gRPC port 12571 after 5.3 seconds.
PyAEDT INFO: AEDT installation Path C:\Program Files\ANSYS Inc\v261\AnsysEM
PyAEDT INFO: Connected to AEDT gRPC session on port 12571.
PyAEDT INFO: Non-graphical mode detected. Disabling Desktop logs.
PyAEDT INFO: Parsing C:\ffzhzh\LocalFiles\Ansys_Project_Files\temp_train_TSV_RDL_170_1783650638_26216.aedt.
PyAEDT INFO: Python version 3.11.15 | packaged by Anaconda, Inc. | (main, Mar 11 2026, 17:12:15) [MSC v.1942 64 bit (AMD64)].
PyAEDT INFO: PyAEDT version 1.0.1.
PyAEDT INFO: Returning found Desktop session with PID 34428!
PyAEDT INFO: File C:\ffzhzh\LocalFiles\Ansys_Project_Files\temp_train_TSV_RDL_170_1783650638_26216.aedt correctly loaded. Elapsed time: 0m 0sec
PyAEDT INFO: Project temp_train_TSV_RDL_170_1783650638_26216 has been opened.
PyAEDT INFO: Active Design set to TSV_RDL
PyAEDT INFO: AEDT objects correctly read
PyAEDT INFO: Modeler class has been initialized! Elapsed time: 0m 0sec
PyAEDT INFO: Project temp_train_TSV_RDL_170_1783650638_26216 Saved correctly
PyAEDT INFO: Key Desktop/ActiveDSOConfigurations/HFSS correctly changed.
PyAEDT INFO: Solving all design setups. Analysis started...
PyAEDT INFO: Design setup None solved correctly in 0.0h 12.0m 55.0s
PyAEDT INFO: Key Desktop/ActiveDSOConfigurations/HFSS correctly changed.
PyAEDT INFO: Exporting Touchstone C:/ffzhzh/LocalFiles/Ansys_Project_Files/temp_train_TSV_RDL_167_1783649957_33328_SNP/temp_train_TSV_RDL_167_1783649957_33328.s2p
PyAEDT INFO: Touchstone correctly exported to C:/ffzhzh/LocalFiles/Ansys_Project_Files/temp_train_TSV_RDL_167_1783649957_33328_SNP/temp_train_TSV_RDL_167_1783649957_33328.s2p
[train / TSV_RDL - Task 167] simulation completed: C:\ffzhzh\SyncFiles\Temp\HFSS_sim\LHS400_Connection2\train\TSV_RDL\dut167.s2p
PyAEDT INFO: Desktop has been released and closed.
[train / TSV_RDL - Task 171] simulation started.
PyAEDT INFO: Python version 3.11.15 | packaged by Anaconda, Inc. | (main, Mar 11 2026, 17:12:15) [MSC v.1942 64 bit (AMD64)].
PyAEDT INFO: PyAEDT version 1.0.1.
PyAEDT INFO: Initializing new Desktop session.
PyAEDT INFO: AEDT version 2026.1.
PyAEDT INFO: New AEDT session is starting on gRPC port 8762.
PyAEDT INFO: Starting new AEDT gRPC session on port 8762.
PyAEDT INFO: Launching AEDT server with gRPC transport mode: TransportMode.WNUA
PyAEDT INFO: Electronics Desktop started on gRPC port 8762 after 5.2 seconds.
PyAEDT INFO: AEDT installation Path C:\Program Files\ANSYS Inc\v261\AnsysEM
PyAEDT INFO: Connected to AEDT gRPC session on port 8762.
PyAEDT INFO: Non-graphical mode detected. Disabling Desktop logs.
PyAEDT INFO: Parsing C:\ffzhzh\LocalFiles\Ansys_Project_Files\temp_train_TSV_RDL_171_1783650753_33328.aedt.
PyAEDT INFO: Python version 3.11.15 | packaged by Anaconda, Inc. | (main, Mar 11 2026, 17:12:15) [MSC v.1942 64 bit (AMD64)].
PyAEDT INFO: PyAEDT version 1.0.1.
PyAEDT INFO: Returning found Desktop session with PID 40964!
PyAEDT INFO: File C:\ffzhzh\LocalFiles\Ansys_Project_Files\temp_train_TSV_RDL_171_1783650753_33328.aedt correctly loaded. Elapsed time: 0m 0sec
PyAEDT INFO: Project temp_train_TSV_RDL_171_1783650753_33328 has been opened.
PyAEDT INFO: Active Design set to TSV_RDL
PyAEDT INFO: AEDT objects correctly read
PyAEDT INFO: Modeler class has been initialized! Elapsed time: 0m 0sec
PyAEDT INFO: Project temp_train_TSV_RDL_171_1783650753_33328 Saved correctly
PyAEDT INFO: Key Desktop/ActiveDSOConfigurations/HFSS correctly changed.
PyAEDT INFO: Solving all design setups. Analysis started...
PyAEDT INFO: Design setup None solved correctly in 0.0h 10.0m 41.0s
PyAEDT INFO: Key Desktop/ActiveDSOConfigurations/HFSS correctly changed.
PyAEDT INFO: Exporting Touchstone C:/ffzhzh/LocalFiles/Ansys_Project_Files/temp_train_TSV_RDL_169_1783650292_29156_SNP/temp_train_TSV_RDL_169_1783650292_29156.s2p
PyAEDT INFO: Touchstone correctly exported to C:/ffzhzh/LocalFiles/Ansys_Project_Files/temp_train_TSV_RDL_169_1783650292_29156_SNP/temp_train_TSV_RDL_169_1783650292_29156.s2p
[train / TSV_RDL - Task 169] simulation completed: C:\ffzhzh\SyncFiles\Temp\HFSS_sim\LHS400_Connection2\train\TSV_RDL\dut169.s2p
PyAEDT INFO: Desktop has been released and closed.
[train / TSV_RDL - Task 172] simulation started.
PyAEDT INFO: Python version 3.11.15 | packaged by Anaconda, Inc. | (main, Mar 11 2026, 17:12:15) [MSC v.1942 64 bit (AMD64)].
PyAEDT INFO: PyAEDT version 1.0.1.
PyAEDT INFO: Initializing new Desktop session.
PyAEDT INFO: AEDT version 2026.1.
PyAEDT INFO: New AEDT session is starting on gRPC port 6365.
PyAEDT INFO: Starting new AEDT gRPC session on port 6365.
PyAEDT INFO: Launching AEDT server with gRPC transport mode: TransportMode.WNUA
PyAEDT INFO: Electronics Desktop started on gRPC port 6365 after 5.4 seconds.
PyAEDT INFO: AEDT installation Path C:\Program Files\ANSYS Inc\v261\AnsysEM
PyAEDT INFO: Connected to AEDT gRPC session on port 6365.
PyAEDT INFO: Non-graphical mode detected. Disabling Desktop logs.
PyAEDT INFO: Parsing C:\ffzhzh\LocalFiles\Ansys_Project_Files\temp_train_TSV_RDL_172_1783650952_29156.aedt.
PyAEDT INFO: Python version 3.11.15 | packaged by Anaconda, Inc. | (main, Mar 11 2026, 17:12:15) [MSC v.1942 64 bit (AMD64)].
PyAEDT INFO: PyAEDT version 1.0.1.
PyAEDT INFO: Returning found Desktop session with PID 8020!
PyAEDT INFO: File C:\ffzhzh\LocalFiles\Ansys_Project_Files\temp_train_TSV_RDL_172_1783650952_29156.aedt correctly loaded. Elapsed time: 0m 0sec
PyAEDT INFO: Project temp_train_TSV_RDL_172_1783650952_29156 has been opened.
PyAEDT INFO: Active Design set to TSV_RDL
PyAEDT INFO: AEDT objects correctly read
PyAEDT INFO: Modeler class has been initialized! Elapsed time: 0m 0sec
PyAEDT INFO: Project temp_train_TSV_RDL_172_1783650952_29156 Saved correctly
PyAEDT INFO: Key Desktop/ActiveDSOConfigurations/HFSS correctly changed.
PyAEDT INFO: Solving all design setups. Analysis started...
PyAEDT INFO: Design setup None solved correctly in 0.0h 10.0m 15.0s
PyAEDT INFO: Key Desktop/ActiveDSOConfigurations/HFSS correctly changed.
PyAEDT INFO: Exporting Touchstone C:/ffzhzh/LocalFiles/Ansys_Project_Files/temp_train_TSV_RDL_170_1783650638_26216_SNP/temp_train_TSV_RDL_170_1783650638_26216.s2p
PyAEDT INFO: Touchstone correctly exported to C:/ffzhzh/LocalFiles/Ansys_Project_Files/temp_train_TSV_RDL_170_1783650638_26216_SNP/temp_train_TSV_RDL_170_1783650638_26216.s2p
[train / TSV_RDL - Task 170] simulation completed: C:\ffzhzh\SyncFiles\Temp\HFSS_sim\LHS400_Connection2\train\TSV_RDL\dut170.s2p
PyAEDT INFO: Desktop has been released and closed.
[train / TSV_RDL - Task 173] simulation started.
PyAEDT INFO: Python version 3.11.15 | packaged by Anaconda, Inc. | (main, Mar 11 2026, 17:12:15) [MSC v.1942 64 bit (AMD64)].
PyAEDT INFO: PyAEDT version 1.0.1.
PyAEDT INFO: Initializing new Desktop session.
PyAEDT INFO: AEDT version 2026.1.
PyAEDT INFO: New AEDT session is starting on gRPC port 4449.
PyAEDT INFO: Starting new AEDT gRPC session on port 4449.
PyAEDT INFO: Launching AEDT server with gRPC transport mode: TransportMode.WNUA
PyAEDT INFO: Electronics Desktop started on gRPC port 4449 after 13.4 seconds.
PyAEDT INFO: AEDT installation Path C:\Program Files\ANSYS Inc\v261\AnsysEM
PyAEDT INFO: Connected to AEDT gRPC session on port 4449.
PyAEDT INFO: Non-graphical mode detected. Disabling Desktop logs.
PyAEDT INFO: Parsing C:\ffzhzh\LocalFiles\Ansys_Project_Files\temp_train_TSV_RDL_173_1783651273_26216.aedt.
PyAEDT INFO: Python version 3.11.15 | packaged by Anaconda, Inc. | (main, Mar 11 2026, 17:12:15) [MSC v.1942 64 bit (AMD64)].
PyAEDT INFO: PyAEDT version 1.0.1.
PyAEDT INFO: Returning found Desktop session with PID 43772!
PyAEDT INFO: File C:\ffzhzh\LocalFiles\Ansys_Project_Files\temp_train_TSV_RDL_173_1783651273_26216.aedt correctly loaded. Elapsed time: 0m 0sec
PyAEDT INFO: Project temp_train_TSV_RDL_173_1783651273_26216 has been opened.
PyAEDT INFO: Active Design set to TSV_RDL
PyAEDT INFO: AEDT objects correctly read
PyAEDT INFO: Modeler class has been initialized! Elapsed time: 0m 0sec
PyAEDT INFO: Project temp_train_TSV_RDL_173_1783651273_26216 Saved correctly
PyAEDT INFO: Key Desktop/ActiveDSOConfigurations/HFSS correctly changed.
PyAEDT INFO: Solving all design setups. Analysis started...
PyAEDT INFO: Design setup None solved correctly in 0.0h 11.0m 58.0s
PyAEDT INFO: Key Desktop/ActiveDSOConfigurations/HFSS correctly changed.
PyAEDT INFO: Exporting Touchstone C:/ffzhzh/LocalFiles/Ansys_Project_Files/temp_train_TSV_RDL_172_1783650952_29156_SNP/temp_train_TSV_RDL_172_1783650952_29156.s2p
PyAEDT INFO: Touchstone correctly exported to C:/ffzhzh/LocalFiles/Ansys_Project_Files/temp_train_TSV_RDL_172_1783650952_29156_SNP/temp_train_TSV_RDL_172_1783650952_29156.s2p
[train / TSV_RDL - Task 172] simulation completed: C:\ffzhzh\SyncFiles\Temp\HFSS_sim\LHS400_Connection2\train\TSV_RDL\dut172.s2p
PyAEDT INFO: Desktop has been released and closed.
[train / TSV_RDL - Task 174] simulation started.
PyAEDT INFO: Python version 3.11.15 | packaged by Anaconda, Inc. | (main, Mar 11 2026, 17:12:15) [MSC v.1942 64 bit (AMD64)].
PyAEDT INFO: PyAEDT version 1.0.1.
PyAEDT INFO: Initializing new Desktop session.
PyAEDT INFO: AEDT version 2026.1.
PyAEDT INFO: New AEDT session is starting on gRPC port 2563.
PyAEDT INFO: Starting new AEDT gRPC session on port 2563.
PyAEDT INFO: Launching AEDT server with gRPC transport mode: TransportMode.WNUA
PyAEDT INFO: Electronics Desktop started on gRPC port 2563 after 5.2 seconds.
PyAEDT INFO: AEDT installation Path C:\Program Files\ANSYS Inc\v261\AnsysEM
PyAEDT INFO: Connected to AEDT gRPC session on port 2563.
PyAEDT INFO: Non-graphical mode detected. Disabling Desktop logs.
PyAEDT INFO: Parsing C:\ffzhzh\LocalFiles\Ansys_Project_Files\temp_train_TSV_RDL_174_1783651685_29156.aedt.
PyAEDT INFO: Python version 3.11.15 | packaged by Anaconda, Inc. | (main, Mar 11 2026, 17:12:15) [MSC v.1942 64 bit (AMD64)].
PyAEDT INFO: PyAEDT version 1.0.1.
PyAEDT INFO: Returning found Desktop session with PID 41720!
PyAEDT INFO: File C:\ffzhzh\LocalFiles\Ansys_Project_Files\temp_train_TSV_RDL_174_1783651685_29156.aedt correctly loaded. Elapsed time: 0m 0sec
PyAEDT INFO: Project temp_train_TSV_RDL_174_1783651685_29156 has been opened.
PyAEDT INFO: Active Design set to TSV_RDL
PyAEDT INFO: AEDT objects correctly read
PyAEDT INFO: Modeler class has been initialized! Elapsed time: 0m 0sec
PyAEDT INFO: Project temp_train_TSV_RDL_174_1783651685_29156 Saved correctly
PyAEDT INFO: Key Desktop/ActiveDSOConfigurations/HFSS correctly changed.
PyAEDT INFO: Solving all design setups. Analysis started...
PyAEDT INFO: Design setup None solved correctly in 0.0h 8.0m 24.0s
PyAEDT INFO: Key Desktop/ActiveDSOConfigurations/HFSS correctly changed.
PyAEDT INFO: Exporting Touchstone C:/ffzhzh/LocalFiles/Ansys_Project_Files/temp_train_TSV_RDL_173_1783651273_26216_SNP/temp_train_TSV_RDL_173_1783651273_26216.s2p
PyAEDT INFO: Touchstone correctly exported to C:/ffzhzh/LocalFiles/Ansys_Project_Files/temp_train_TSV_RDL_173_1783651273_26216_SNP/temp_train_TSV_RDL_173_1783651273_26216.s2p
[train / TSV_RDL - Task 173] simulation completed: C:\ffzhzh\SyncFiles\Temp\HFSS_sim\LHS400_Connection2\train\TSV_RDL\dut173.s2p
PyAEDT INFO: Desktop has been released and closed.
[train / TSV_RDL - Task 175] simulation started.
PyAEDT INFO: Python version 3.11.15 | packaged by Anaconda, Inc. | (main, Mar 11 2026, 17:12:15) [MSC v.1942 64 bit (AMD64)].
PyAEDT INFO: PyAEDT version 1.0.1.
PyAEDT INFO: Initializing new Desktop session.
PyAEDT INFO: AEDT version 2026.1.
PyAEDT INFO: New AEDT session is starting on gRPC port 6589.
PyAEDT INFO: Starting new AEDT gRPC session on port 6589.
PyAEDT INFO: Launching AEDT server with gRPC transport mode: TransportMode.WNUA
PyAEDT INFO: Electronics Desktop started on gRPC port 6589 after 5.3 seconds.
PyAEDT INFO: AEDT installation Path C:\Program Files\ANSYS Inc\v261\AnsysEM
PyAEDT INFO: Connected to AEDT gRPC session on port 6589.
PyAEDT INFO: Non-graphical mode detected. Disabling Desktop logs.
PyAEDT INFO: Parsing C:\ffzhzh\LocalFiles\Ansys_Project_Files\temp_train_TSV_RDL_175_1783651809_26216.aedt.
PyAEDT INFO: Python version 3.11.15 | packaged by Anaconda, Inc. | (main, Mar 11 2026, 17:12:15) [MSC v.1942 64 bit (AMD64)].
PyAEDT INFO: PyAEDT version 1.0.1.
PyAEDT INFO: Returning found Desktop session with PID 41184!
PyAEDT INFO: File C:\ffzhzh\LocalFiles\Ansys_Project_Files\temp_train_TSV_RDL_175_1783651809_26216.aedt correctly loaded. Elapsed time: 0m 0sec
PyAEDT INFO: Project temp_train_TSV_RDL_175_1783651809_26216 has been opened.
PyAEDT INFO: Active Design set to TSV_RDL
PyAEDT INFO: AEDT objects correctly read
PyAEDT INFO: Modeler class has been initialized! Elapsed time: 0m 0sec
PyAEDT INFO: Project temp_train_TSV_RDL_175_1783651809_26216 Saved correctly
PyAEDT INFO: Key Desktop/ActiveDSOConfigurations/HFSS correctly changed.
PyAEDT INFO: Solving all design setups. Analysis started...
PyAEDT INFO: Design setup None solved correctly in 0.0h 20.0m 30.0s
PyAEDT INFO: Key Desktop/ActiveDSOConfigurations/HFSS correctly changed.
PyAEDT INFO: Exporting Touchstone C:/ffzhzh/LocalFiles/Ansys_Project_Files/temp_train_TSV_RDL_171_1783650753_33328_SNP/temp_train_TSV_RDL_171_1783650753_33328.s2p
PyAEDT INFO: Touchstone correctly exported to C:/ffzhzh/LocalFiles/Ansys_Project_Files/temp_train_TSV_RDL_171_1783650753_33328_SNP/temp_train_TSV_RDL_171_1783650753_33328.s2p
[train / TSV_RDL - Task 171] simulation completed: C:\ffzhzh\SyncFiles\Temp\HFSS_sim\LHS400_Connection2\train\TSV_RDL\dut171.s2p
PyAEDT INFO: Desktop has been released and closed.
[train / TSV_RDL - Task 176] simulation started.
PyAEDT INFO: Python version 3.11.15 | packaged by Anaconda, Inc. | (main, Mar 11 2026, 17:12:15) [MSC v.1942 64 bit (AMD64)].
PyAEDT INFO: PyAEDT version 1.0.1.
PyAEDT INFO: Initializing new Desktop session.
PyAEDT INFO: AEDT version 2026.1.
PyAEDT INFO: New AEDT session is starting on gRPC port 1290.
PyAEDT INFO: Starting new AEDT gRPC session on port 1290.
PyAEDT INFO: Launching AEDT server with gRPC transport mode: TransportMode.WNUA
PyAEDT INFO: Electronics Desktop started on gRPC port 1290 after 5.7 seconds.
PyAEDT INFO: AEDT installation Path C:\Program Files\ANSYS Inc\v261\AnsysEM
PyAEDT INFO: Connected to AEDT gRPC session on port 1290.
PyAEDT INFO: Non-graphical mode detected. Disabling Desktop logs.
PyAEDT INFO: Parsing C:\ffzhzh\LocalFiles\Ansys_Project_Files\temp_train_TSV_RDL_176_1783652000_33328.aedt.
PyAEDT INFO: Python version 3.11.15 | packaged by Anaconda, Inc. | (main, Mar 11 2026, 17:12:15) [MSC v.1942 64 bit (AMD64)].
PyAEDT INFO: PyAEDT version 1.0.1.
PyAEDT INFO: Returning found Desktop session with PID 13340!
PyAEDT INFO: File C:\ffzhzh\LocalFiles\Ansys_Project_Files\temp_train_TSV_RDL_176_1783652000_33328.aedt correctly loaded. Elapsed time: 0m 0sec
PyAEDT INFO: Project temp_train_TSV_RDL_176_1783652000_33328 has been opened.
PyAEDT INFO: Active Design set to TSV_RDL
PyAEDT INFO: AEDT objects correctly read
PyAEDT INFO: Modeler class has been initialized! Elapsed time: 0m 0sec
PyAEDT INFO: Project temp_train_TSV_RDL_176_1783652000_33328 Saved correctly
PyAEDT INFO: Key Desktop/ActiveDSOConfigurations/HFSS correctly changed.
PyAEDT INFO: Solving all design setups. Analysis started...
PyAEDT INFO: Design setup None solved correctly in 0.0h 9.0m 43.0s
PyAEDT INFO: Key Desktop/ActiveDSOConfigurations/HFSS correctly changed.
PyAEDT INFO: Exporting Touchstone C:/ffzhzh/LocalFiles/Ansys_Project_Files/temp_train_TSV_RDL_175_1783651809_26216_SNP/temp_train_TSV_RDL_175_1783651809_26216.s2p
PyAEDT INFO: Touchstone correctly exported to C:/ffzhzh/LocalFiles/Ansys_Project_Files/temp_train_TSV_RDL_175_1783651809_26216_SNP/temp_train_TSV_RDL_175_1783651809_26216.s2p
[train / TSV_RDL - Task 175] simulation completed: C:\ffzhzh\SyncFiles\Temp\HFSS_sim\LHS400_Connection2\train\TSV_RDL\dut175.s2p
PyAEDT INFO: Desktop has been released and closed.
[train / TSV_RDL - Task 177] simulation started.
PyAEDT INFO: Python version 3.11.15 | packaged by Anaconda, Inc. | (main, Mar 11 2026, 17:12:15) [MSC v.1942 64 bit (AMD64)].
PyAEDT INFO: PyAEDT version 1.0.1.
PyAEDT INFO: Initializing new Desktop session.
PyAEDT INFO: AEDT version 2026.1.
PyAEDT INFO: New AEDT session is starting on gRPC port 10875.
PyAEDT INFO: Starting new AEDT gRPC session on port 10875.
PyAEDT INFO: Launching AEDT server with gRPC transport mode: TransportMode.WNUA
PyAEDT INFO: Electronics Desktop started on gRPC port 10875 after 5.4 seconds.
PyAEDT INFO: AEDT installation Path C:\Program Files\ANSYS Inc\v261\AnsysEM
PyAEDT INFO: Connected to AEDT gRPC session on port 10875.
PyAEDT INFO: Non-graphical mode detected. Disabling Desktop logs.
PyAEDT INFO: Parsing C:\ffzhzh\LocalFiles\Ansys_Project_Files\temp_train_TSV_RDL_177_1783652410_26216.aedt.
PyAEDT INFO: Python version 3.11.15 | packaged by Anaconda, Inc. | (main, Mar 11 2026, 17:12:15) [MSC v.1942 64 bit (AMD64)].
PyAEDT INFO: PyAEDT version 1.0.1.
PyAEDT INFO: Returning found Desktop session with PID 43156!
PyAEDT INFO: File C:\ffzhzh\LocalFiles\Ansys_Project_Files\temp_train_TSV_RDL_177_1783652410_26216.aedt correctly loaded. Elapsed time: 0m 0sec
PyAEDT INFO: Project temp_train_TSV_RDL_177_1783652410_26216 has been opened.
PyAEDT INFO: Active Design set to TSV_RDL
PyAEDT INFO: AEDT objects correctly read
PyAEDT INFO: Modeler class has been initialized! Elapsed time: 0m 0sec
PyAEDT INFO: Project temp_train_TSV_RDL_177_1783652410_26216 Saved correctly
PyAEDT INFO: Key Desktop/ActiveDSOConfigurations/HFSS correctly changed.
PyAEDT INFO: Solving all design setups. Analysis started...
PyAEDT INFO: Design setup None solved correctly in 0.0h 12.0m 36.0s
PyAEDT INFO: Key Desktop/ActiveDSOConfigurations/HFSS correctly changed.
PyAEDT INFO: Exporting Touchstone C:/ffzhzh/LocalFiles/Ansys_Project_Files/temp_train_TSV_RDL_174_1783651685_29156_SNP/temp_train_TSV_RDL_174_1783651685_29156.s2p
PyAEDT INFO: Touchstone correctly exported to C:/ffzhzh/LocalFiles/Ansys_Project_Files/temp_train_TSV_RDL_174_1783651685_29156_SNP/temp_train_TSV_RDL_174_1783651685_29156.s2p
[train / TSV_RDL - Task 174] simulation completed: C:\ffzhzh\SyncFiles\Temp\HFSS_sim\LHS400_Connection2\train\TSV_RDL\dut174.s2p
PyAEDT INFO: Desktop has been released and closed.
[train / TSV_RDL - Task 178] simulation started.
PyAEDT INFO: Python version 3.11.15 | packaged by Anaconda, Inc. | (main, Mar 11 2026, 17:12:15) [MSC v.1942 64 bit (AMD64)].
PyAEDT INFO: PyAEDT version 1.0.1.
PyAEDT INFO: Initializing new Desktop session.
PyAEDT INFO: AEDT version 2026.1.
PyAEDT INFO: New AEDT session is starting on gRPC port 2952.
PyAEDT INFO: Starting new AEDT gRPC session on port 2952.
PyAEDT INFO: Launching AEDT server with gRPC transport mode: TransportMode.WNUA
PyAEDT INFO: Electronics Desktop started on gRPC port 2952 after 5.2 seconds.
PyAEDT INFO: AEDT installation Path C:\Program Files\ANSYS Inc\v261\AnsysEM
PyAEDT INFO: Connected to AEDT gRPC session on port 2952.
PyAEDT INFO: Non-graphical mode detected. Disabling Desktop logs.
PyAEDT INFO: Parsing C:\ffzhzh\LocalFiles\Ansys_Project_Files\temp_train_TSV_RDL_178_1783652460_29156.aedt.
PyAEDT INFO: Python version 3.11.15 | packaged by Anaconda, Inc. | (main, Mar 11 2026, 17:12:15) [MSC v.1942 64 bit (AMD64)].
PyAEDT INFO: PyAEDT version 1.0.1.
PyAEDT INFO: Returning found Desktop session with PID 42672!
PyAEDT INFO: File C:\ffzhzh\LocalFiles\Ansys_Project_Files\temp_train_TSV_RDL_178_1783652460_29156.aedt correctly loaded. Elapsed time: 0m 0sec
PyAEDT INFO: Solving all design setups. Analysis started...
PyAEDT INFO: Design setup None solved correctly in 0.0h 7.0m 34.0s
PyAEDT INFO: Key Desktop/ActiveDSOConfigurations/HFSS correctly changed.
PyAEDT INFO: Project temp_train_TSV_RDL_178_1783652460_29156 has been opened.
PyAEDT INFO: Exporting Touchstone C:/ffzhzh/LocalFiles/Ansys_Project_Files/temp_train_TSV_RDL_176_1783652000_33328_SNP/temp_train_TSV_RDL_176_1783652000_33328.s2p
PyAEDT INFO: Active Design set to TSV_RDL
PyAEDT INFO: AEDT objects correctly read
PyAEDT INFO: Touchstone correctly exported to C:/ffzhzh/LocalFiles/Ansys_Project_Files/temp_train_TSV_RDL_176_1783652000_33328_SNP/temp_train_TSV_RDL_176_1783652000_33328.s2p
PyAEDT INFO: Modeler class has been initialized! Elapsed time: 0m 0sec
PyAEDT INFO: Project temp_train_TSV_RDL_178_1783652460_29156 Saved correctly
PyAEDT INFO: Key Desktop/ActiveDSOConfigurations/HFSS correctly changed.
[train / TSV_RDL - Task 176] simulation completed: C:\ffzhzh\SyncFiles\Temp\HFSS_sim\LHS400_Connection2\train\TSV_RDL\dut176.s2p
PyAEDT INFO: Desktop has been released and closed.
[train / TSV_RDL - Task 179] simulation started.
PyAEDT INFO: Python version 3.11.15 | packaged by Anaconda, Inc. | (main, Mar 11 2026, 17:12:15) [MSC v.1942 64 bit (AMD64)].
PyAEDT INFO: PyAEDT version 1.0.1.
PyAEDT INFO: Initializing new Desktop session.
PyAEDT INFO: AEDT version 2026.1.
PyAEDT INFO: New AEDT session is starting on gRPC port 5575.
PyAEDT INFO: Starting new AEDT gRPC session on port 5575.
PyAEDT INFO: Launching AEDT server with gRPC transport mode: TransportMode.WNUA
PyAEDT INFO: Electronics Desktop started on gRPC port 5575 after 5.2 seconds.
PyAEDT INFO: AEDT installation Path C:\Program Files\ANSYS Inc\v261\AnsysEM
PyAEDT INFO: Connected to AEDT gRPC session on port 5575.
PyAEDT INFO: Non-graphical mode detected. Disabling Desktop logs.
PyAEDT INFO: Parsing C:\ffzhzh\LocalFiles\Ansys_Project_Files\temp_train_TSV_RDL_179_1783652480_33328.aedt.
PyAEDT INFO: Python version 3.11.15 | packaged by Anaconda, Inc. | (main, Mar 11 2026, 17:12:15) [MSC v.1942 64 bit (AMD64)].
PyAEDT INFO: PyAEDT version 1.0.1.
PyAEDT INFO: Returning found Desktop session with PID 39948!
PyAEDT INFO: File C:\ffzhzh\LocalFiles\Ansys_Project_Files\temp_train_TSV_RDL_179_1783652480_33328.aedt correctly loaded. Elapsed time: 0m 0sec
PyAEDT INFO: Project temp_train_TSV_RDL_179_1783652480_33328 has been opened.
PyAEDT INFO: Active Design set to TSV_RDL
PyAEDT INFO: AEDT objects correctly read
PyAEDT INFO: Modeler class has been initialized! Elapsed time: 0m 0sec
PyAEDT INFO: Project temp_train_TSV_RDL_179_1783652480_33328 Saved correctly
PyAEDT INFO: Key Desktop/ActiveDSOConfigurations/HFSS correctly changed.
PyAEDT INFO: Solving all design setups. Analysis started...
PyAEDT INFO: Design setup None solved correctly in 0.0h 7.0m 5.0s
PyAEDT INFO: Key Desktop/ActiveDSOConfigurations/HFSS correctly changed.
PyAEDT INFO: Exporting Touchstone C:/ffzhzh/LocalFiles/Ansys_Project_Files/temp_train_TSV_RDL_178_1783652460_29156_SNP/temp_train_TSV_RDL_178_1783652460_29156.s2p
PyAEDT INFO: Touchstone correctly exported to C:/ffzhzh/LocalFiles/Ansys_Project_Files/temp_train_TSV_RDL_178_1783652460_29156_SNP/temp_train_TSV_RDL_178_1783652460_29156.s2p
[train / TSV_RDL - Task 178] simulation completed: C:\ffzhzh\SyncFiles\Temp\HFSS_sim\LHS400_Connection2\train\TSV_RDL\dut178.s2p
PyAEDT INFO: Desktop has been released and closed.
[train / TSV_RDL - Task 180] simulation started.
PyAEDT INFO: Python version 3.11.15 | packaged by Anaconda, Inc. | (main, Mar 11 2026, 17:12:15) [MSC v.1942 64 bit (AMD64)].
PyAEDT INFO: PyAEDT version 1.0.1.
PyAEDT INFO: Initializing new Desktop session.
PyAEDT INFO: AEDT version 2026.1.
PyAEDT INFO: New AEDT session is starting on gRPC port 1796.
PyAEDT INFO: Starting new AEDT gRPC session on port 1796.
PyAEDT INFO: Launching AEDT server with gRPC transport mode: TransportMode.WNUA
PyAEDT INFO: Electronics Desktop started on gRPC port 1796 after 5.2 seconds.
PyAEDT INFO: AEDT installation Path C:\Program Files\ANSYS Inc\v261\AnsysEM
PyAEDT INFO: Connected to AEDT gRPC session on port 1796.
PyAEDT INFO: Non-graphical mode detected. Disabling Desktop logs.
PyAEDT INFO: Parsing C:\ffzhzh\LocalFiles\Ansys_Project_Files\temp_train_TSV_RDL_180_1783652905_29156.aedt.
PyAEDT INFO: Python version 3.11.15 | packaged by Anaconda, Inc. | (main, Mar 11 2026, 17:12:15) [MSC v.1942 64 bit (AMD64)].
PyAEDT INFO: PyAEDT version 1.0.1.
PyAEDT INFO: Returning found Desktop session with PID 34032!
PyAEDT INFO: File C:\ffzhzh\LocalFiles\Ansys_Project_Files\temp_train_TSV_RDL_180_1783652905_29156.aedt correctly loaded. Elapsed time: 0m 0sec
PyAEDT INFO: Project temp_train_TSV_RDL_180_1783652905_29156 has been opened.
PyAEDT INFO: Active Design set to TSV_RDL
PyAEDT INFO: AEDT objects correctly read
PyAEDT INFO: Modeler class has been initialized! Elapsed time: 0m 0sec
PyAEDT INFO: Project temp_train_TSV_RDL_180_1783652905_29156 Saved correctly
PyAEDT INFO: Key Desktop/ActiveDSOConfigurations/HFSS correctly changed.
PyAEDT INFO: Solving all design setups. Analysis started...
PyAEDT INFO: Design setup None solved correctly in 0.0h 9.0m 23.0s
PyAEDT INFO: Key Desktop/ActiveDSOConfigurations/HFSS correctly changed.
PyAEDT INFO: Exporting Touchstone C:/ffzhzh/LocalFiles/Ansys_Project_Files/temp_train_TSV_RDL_179_1783652480_33328_SNP/temp_train_TSV_RDL_179_1783652480_33328.s2p
PyAEDT INFO: Touchstone correctly exported to C:/ffzhzh/LocalFiles/Ansys_Project_Files/temp_train_TSV_RDL_179_1783652480_33328_SNP/temp_train_TSV_RDL_179_1783652480_33328.s2p
[train / TSV_RDL - Task 179] simulation completed: C:\ffzhzh\SyncFiles\Temp\HFSS_sim\LHS400_Connection2\train\TSV_RDL\dut179.s2p
PyAEDT INFO: Desktop has been released and closed.
[train / TSV_RDL - Task 181] simulation started.
PyAEDT INFO: Python version 3.11.15 | packaged by Anaconda, Inc. | (main, Mar 11 2026, 17:12:15) [MSC v.1942 64 bit (AMD64)].
PyAEDT INFO: PyAEDT version 1.0.1.
PyAEDT INFO: Initializing new Desktop session.
PyAEDT INFO: AEDT version 2026.1.
PyAEDT INFO: New AEDT session is starting on gRPC port 4266.
PyAEDT INFO: Starting new AEDT gRPC session on port 4266.
PyAEDT INFO: Launching AEDT server with gRPC transport mode: TransportMode.WNUA
PyAEDT INFO: Electronics Desktop started on gRPC port 4266 after 5.1 seconds.
PyAEDT INFO: AEDT installation Path C:\Program Files\ANSYS Inc\v261\AnsysEM
PyAEDT INFO: Connected to AEDT gRPC session on port 4266.
PyAEDT INFO: Non-graphical mode detected. Disabling Desktop logs.
PyAEDT INFO: Parsing C:\ffzhzh\LocalFiles\Ansys_Project_Files\temp_train_TSV_RDL_181_1783653061_33328.aedt.
PyAEDT INFO: Python version 3.11.15 | packaged by Anaconda, Inc. | (main, Mar 11 2026, 17:12:15) [MSC v.1942 64 bit (AMD64)].
PyAEDT INFO: PyAEDT version 1.0.1.
PyAEDT INFO: Returning found Desktop session with PID 27664!
PyAEDT INFO: File C:\ffzhzh\LocalFiles\Ansys_Project_Files\temp_train_TSV_RDL_181_1783653061_33328.aedt correctly loaded. Elapsed time: 0m 0sec
PyAEDT INFO: Project temp_train_TSV_RDL_181_1783653061_33328 has been opened.
PyAEDT INFO: Active Design set to TSV_RDL
PyAEDT INFO: AEDT objects correctly read
PyAEDT INFO: Modeler class has been initialized! Elapsed time: 0m 0sec
PyAEDT INFO: Project temp_train_TSV_RDL_181_1783653061_33328 Saved correctly
PyAEDT INFO: Key Desktop/ActiveDSOConfigurations/HFSS correctly changed.
PyAEDT INFO: Solving all design setups. Analysis started...
PyAEDT INFO: Design setup None solved correctly in 0.0h 14.0m 1.0s
PyAEDT INFO: Key Desktop/ActiveDSOConfigurations/HFSS correctly changed.
PyAEDT INFO: Exporting Touchstone C:/ffzhzh/LocalFiles/Ansys_Project_Files/temp_train_TSV_RDL_177_1783652410_26216_SNP/temp_train_TSV_RDL_177_1783652410_26216.s2p
PyAEDT INFO: Touchstone correctly exported to C:/ffzhzh/LocalFiles/Ansys_Project_Files/temp_train_TSV_RDL_177_1783652410_26216_SNP/temp_train_TSV_RDL_177_1783652410_26216.s2p
[train / TSV_RDL - Task 177] simulation completed: C:\ffzhzh\SyncFiles\Temp\HFSS_sim\LHS400_Connection2\train\TSV_RDL\dut177.s2p
PyAEDT INFO: Desktop has been released and closed.
[train / TSV_RDL - Task 182] simulation started.
PyAEDT INFO: Python version 3.11.15 | packaged by Anaconda, Inc. | (main, Mar 11 2026, 17:12:15) [MSC v.1942 64 bit (AMD64)].
PyAEDT INFO: PyAEDT version 1.0.1.
PyAEDT INFO: Initializing new Desktop session.
PyAEDT INFO: AEDT version 2026.1.
PyAEDT INFO: New AEDT session is starting on gRPC port 8200.
PyAEDT INFO: Starting new AEDT gRPC session on port 8200.
PyAEDT INFO: Launching AEDT server with gRPC transport mode: TransportMode.WNUA
PyAEDT INFO: Electronics Desktop started on gRPC port 8200 after 5.3 seconds.
PyAEDT INFO: AEDT installation Path C:\Program Files\ANSYS Inc\v261\AnsysEM
PyAEDT INFO: Connected to AEDT gRPC session on port 8200.
PyAEDT INFO: Non-graphical mode detected. Disabling Desktop logs.
PyAEDT INFO: Parsing C:\ffzhzh\LocalFiles\Ansys_Project_Files\temp_train_TSV_RDL_182_1783653271_26216.aedt.
PyAEDT INFO: Python version 3.11.15 | packaged by Anaconda, Inc. | (main, Mar 11 2026, 17:12:15) [MSC v.1942 64 bit (AMD64)].
PyAEDT INFO: PyAEDT version 1.0.1.
PyAEDT INFO: Returning found Desktop session with PID 25708!
PyAEDT INFO: File C:\ffzhzh\LocalFiles\Ansys_Project_Files\temp_train_TSV_RDL_182_1783653271_26216.aedt correctly loaded. Elapsed time: 0m 0sec
PyAEDT INFO: Project temp_train_TSV_RDL_182_1783653271_26216 has been opened.
PyAEDT INFO: Active Design set to TSV_RDL
PyAEDT INFO: AEDT objects correctly read
PyAEDT INFO: Modeler class has been initialized! Elapsed time: 0m 0sec
PyAEDT INFO: Project temp_train_TSV_RDL_182_1783653271_26216 Saved correctly
PyAEDT INFO: Key Desktop/ActiveDSOConfigurations/HFSS correctly changed.
PyAEDT INFO: Solving all design setups. Analysis started...
PyAEDT INFO: Design setup None solved correctly in 0.0h 6.0m 8.0s
PyAEDT INFO: Key Desktop/ActiveDSOConfigurations/HFSS correctly changed.
PyAEDT INFO: Exporting Touchstone C:/ffzhzh/LocalFiles/Ansys_Project_Files/temp_train_TSV_RDL_181_1783653061_33328_SNP/temp_train_TSV_RDL_181_1783653061_33328.s2p
PyAEDT INFO: Touchstone correctly exported to C:/ffzhzh/LocalFiles/Ansys_Project_Files/temp_train_TSV_RDL_181_1783653061_33328_SNP/temp_train_TSV_RDL_181_1783653061_33328.s2p
[train / TSV_RDL - Task 181] simulation completed: C:\ffzhzh\SyncFiles\Temp\HFSS_sim\LHS400_Connection2\train\TSV_RDL\dut181.s2p
PyAEDT INFO: Desktop has been released and closed.
[train / TSV_RDL - Task 183] simulation started.
PyAEDT INFO: Python version 3.11.15 | packaged by Anaconda, Inc. | (main, Mar 11 2026, 17:12:15) [MSC v.1942 64 bit (AMD64)].
PyAEDT INFO: PyAEDT version 1.0.1.
PyAEDT INFO: Initializing new Desktop session.
PyAEDT INFO: AEDT version 2026.1.
PyAEDT INFO: New AEDT session is starting on gRPC port 14617.
PyAEDT INFO: Starting new AEDT gRPC session on port 14617.
PyAEDT INFO: Launching AEDT server with gRPC transport mode: TransportMode.WNUA
PyAEDT INFO: Electronics Desktop started on gRPC port 14617 after 5.2 seconds.
PyAEDT INFO: AEDT installation Path C:\Program Files\ANSYS Inc\v261\AnsysEM
PyAEDT INFO: Connected to AEDT gRPC session on port 14617.
PyAEDT INFO: Non-graphical mode detected. Disabling Desktop logs.
PyAEDT INFO: Parsing C:\ffzhzh\LocalFiles\Ansys_Project_Files\temp_train_TSV_RDL_183_1783653451_33328.aedt.
PyAEDT INFO: Python version 3.11.15 | packaged by Anaconda, Inc. | (main, Mar 11 2026, 17:12:15) [MSC v.1942 64 bit (AMD64)].
PyAEDT INFO: PyAEDT version 1.0.1.
PyAEDT INFO: Returning found Desktop session with PID 31796!
PyAEDT INFO: File C:\ffzhzh\LocalFiles\Ansys_Project_Files\temp_train_TSV_RDL_183_1783653451_33328.aedt correctly loaded. Elapsed time: 0m 0sec
PyAEDT INFO: Project temp_train_TSV_RDL_183_1783653451_33328 has been opened.
PyAEDT INFO: Active Design set to TSV_RDL
PyAEDT INFO: AEDT objects correctly read
PyAEDT INFO: Modeler class has been initialized! Elapsed time: 0m 0sec
PyAEDT INFO: Project temp_train_TSV_RDL_183_1783653451_33328 Saved correctly
PyAEDT INFO: Key Desktop/ActiveDSOConfigurations/HFSS correctly changed.
PyAEDT INFO: Solving all design setups. Analysis started...
PyAEDT INFO: Design setup None solved correctly in 0.0h 12.0m 8.0s
PyAEDT INFO: Key Desktop/ActiveDSOConfigurations/HFSS correctly changed.
PyAEDT INFO: Exporting Touchstone C:/ffzhzh/LocalFiles/Ansys_Project_Files/temp_train_TSV_RDL_180_1783652905_29156_SNP/temp_train_TSV_RDL_180_1783652905_29156.s2p
PyAEDT INFO: Touchstone correctly exported to C:/ffzhzh/LocalFiles/Ansys_Project_Files/temp_train_TSV_RDL_180_1783652905_29156_SNP/temp_train_TSV_RDL_180_1783652905_29156.s2p
[train / TSV_RDL - Task 180] simulation completed: C:\ffzhzh\SyncFiles\Temp\HFSS_sim\LHS400_Connection2\train\TSV_RDL\dut180.s2p
PyAEDT INFO: Desktop has been released and closed.
[train / TSV_RDL - Task 184] simulation started.
PyAEDT INFO: Python version 3.11.15 | packaged by Anaconda, Inc. | (main, Mar 11 2026, 17:12:15) [MSC v.1942 64 bit (AMD64)].
PyAEDT INFO: PyAEDT version 1.0.1.
PyAEDT INFO: Initializing new Desktop session.
PyAEDT INFO: AEDT version 2026.1.
PyAEDT INFO: New AEDT session is starting on gRPC port 2528.
PyAEDT INFO: Starting new AEDT gRPC session on port 2528.
PyAEDT INFO: Launching AEDT server with gRPC transport mode: TransportMode.WNUA
PyAEDT INFO: Electronics Desktop started on gRPC port 2528 after 5.4 seconds.
PyAEDT INFO: AEDT installation Path C:\Program Files\ANSYS Inc\v261\AnsysEM
PyAEDT INFO: Connected to AEDT gRPC session on port 2528.
PyAEDT INFO: Non-graphical mode detected. Disabling Desktop logs.
PyAEDT INFO: Parsing C:\ffzhzh\LocalFiles\Ansys_Project_Files\temp_train_TSV_RDL_184_1783653652_29156.aedt.
PyAEDT INFO: Python version 3.11.15 | packaged by Anaconda, Inc. | (main, Mar 11 2026, 17:12:15) [MSC v.1942 64 bit (AMD64)].
PyAEDT INFO: PyAEDT version 1.0.1.
PyAEDT INFO: Returning found Desktop session with PID 18912!
PyAEDT INFO: File C:\ffzhzh\LocalFiles\Ansys_Project_Files\temp_train_TSV_RDL_184_1783653652_29156.aedt correctly loaded. Elapsed time: 0m 0sec
PyAEDT INFO: Project temp_train_TSV_RDL_184_1783653652_29156 has been opened.
PyAEDT INFO: Active Design set to TSV_RDL
PyAEDT INFO: AEDT objects correctly read
PyAEDT INFO: Modeler class has been initialized! Elapsed time: 0m 0sec
PyAEDT INFO: Project temp_train_TSV_RDL_184_1783653652_29156 Saved correctly
PyAEDT INFO: Key Desktop/ActiveDSOConfigurations/HFSS correctly changed.
PyAEDT INFO: Solving all design setups. Analysis started...
PyAEDT INFO: Design setup None solved correctly in 0.0h 10.0m 43.0s
PyAEDT INFO: Key Desktop/ActiveDSOConfigurations/HFSS correctly changed.
PyAEDT INFO: Exporting Touchstone C:/ffzhzh/LocalFiles/Ansys_Project_Files/temp_train_TSV_RDL_183_1783653451_33328_SNP/temp_train_TSV_RDL_183_1783653451_33328.s2p
PyAEDT INFO: Touchstone correctly exported to C:/ffzhzh/LocalFiles/Ansys_Project_Files/temp_train_TSV_RDL_183_1783653451_33328_SNP/temp_train_TSV_RDL_183_1783653451_33328.s2p
[train / TSV_RDL - Task 183] simulation completed: C:\ffzhzh\SyncFiles\Temp\HFSS_sim\LHS400_Connection2\train\TSV_RDL\dut183.s2p
PyAEDT INFO: Desktop has been released and closed.
[train / TSV_RDL - Task 185] simulation started.
PyAEDT INFO: Python version 3.11.15 | packaged by Anaconda, Inc. | (main, Mar 11 2026, 17:12:15) [MSC v.1942 64 bit (AMD64)].
PyAEDT INFO: PyAEDT version 1.0.1.
PyAEDT INFO: Initializing new Desktop session.
PyAEDT INFO: AEDT version 2026.1.
PyAEDT INFO: New AEDT session is starting on gRPC port 6411.
PyAEDT INFO: Starting new AEDT gRPC session on port 6411.
PyAEDT INFO: Launching AEDT server with gRPC transport mode: TransportMode.WNUA
PyAEDT INFO: Electronics Desktop started on gRPC port 6411 after 5.3 seconds.
PyAEDT INFO: AEDT installation Path C:\Program Files\ANSYS Inc\v261\AnsysEM
PyAEDT INFO: Connected to AEDT gRPC session on port 6411.
PyAEDT INFO: Non-graphical mode detected. Disabling Desktop logs.
PyAEDT INFO: Parsing C:\ffzhzh\LocalFiles\Ansys_Project_Files\temp_train_TSV_RDL_185_1783654112_33328.aedt.
PyAEDT INFO: Python version 3.11.15 | packaged by Anaconda, Inc. | (main, Mar 11 2026, 17:12:15) [MSC v.1942 64 bit (AMD64)].
PyAEDT INFO: PyAEDT version 1.0.1.
PyAEDT INFO: Returning found Desktop session with PID 40824!
PyAEDT INFO: File C:\ffzhzh\LocalFiles\Ansys_Project_Files\temp_train_TSV_RDL_185_1783654112_33328.aedt correctly loaded. Elapsed time: 0m 0sec
PyAEDT INFO: Project temp_train_TSV_RDL_185_1783654112_33328 has been opened.
PyAEDT INFO: Active Design set to TSV_RDL
PyAEDT INFO: AEDT objects correctly read
PyAEDT INFO: Modeler class has been initialized! Elapsed time: 0m 0sec
PyAEDT INFO: Project temp_train_TSV_RDL_185_1783654112_33328 Saved correctly
PyAEDT INFO: Key Desktop/ActiveDSOConfigurations/HFSS correctly changed.
PyAEDT INFO: Solving all design setups. Analysis started...
PyAEDT INFO: Design setup None solved correctly in 0.0h 10.0m 17.0s
PyAEDT INFO: Key Desktop/ActiveDSOConfigurations/HFSS correctly changed.
PyAEDT INFO: Exporting Touchstone C:/ffzhzh/LocalFiles/Ansys_Project_Files/temp_train_TSV_RDL_184_1783653652_29156_SNP/temp_train_TSV_RDL_184_1783653652_29156.s2p
PyAEDT INFO: Touchstone correctly exported to C:/ffzhzh/LocalFiles/Ansys_Project_Files/temp_train_TSV_RDL_184_1783653652_29156_SNP/temp_train_TSV_RDL_184_1783653652_29156.s2p
[train / TSV_RDL - Task 184] simulation completed: C:\ffzhzh\SyncFiles\Temp\HFSS_sim\LHS400_Connection2\train\TSV_RDL\dut184.s2p
PyAEDT INFO: Desktop has been released and closed.
[train / TSV_RDL - Task 186] simulation started.
PyAEDT INFO: Python version 3.11.15 | packaged by Anaconda, Inc. | (main, Mar 11 2026, 17:12:15) [MSC v.1942 64 bit (AMD64)].
PyAEDT INFO: PyAEDT version 1.0.1.
PyAEDT INFO: Initializing new Desktop session.
PyAEDT INFO: AEDT version 2026.1.
PyAEDT INFO: New AEDT session is starting on gRPC port 12777.
PyAEDT INFO: Starting new AEDT gRPC session on port 12777.
PyAEDT INFO: Launching AEDT server with gRPC transport mode: TransportMode.WNUA
PyAEDT INFO: Electronics Desktop started on gRPC port 12777 after 5.1 seconds.
PyAEDT INFO: AEDT installation Path C:\Program Files\ANSYS Inc\v261\AnsysEM
PyAEDT INFO: Connected to AEDT gRPC session on port 12777.
PyAEDT INFO: Non-graphical mode detected. Disabling Desktop logs.
PyAEDT INFO: Parsing C:\ffzhzh\LocalFiles\Ansys_Project_Files\temp_train_TSV_RDL_186_1783654293_29156.aedt.
PyAEDT INFO: Python version 3.11.15 | packaged by Anaconda, Inc. | (main, Mar 11 2026, 17:12:15) [MSC v.1942 64 bit (AMD64)].
PyAEDT INFO: PyAEDT version 1.0.1.
PyAEDT INFO: Returning found Desktop session with PID 30576!
PyAEDT INFO: File C:\ffzhzh\LocalFiles\Ansys_Project_Files\temp_train_TSV_RDL_186_1783654293_29156.aedt correctly loaded. Elapsed time: 0m 0sec
PyAEDT INFO: Project temp_train_TSV_RDL_186_1783654293_29156 has been opened.
PyAEDT INFO: Active Design set to TSV_RDL
PyAEDT INFO: AEDT objects correctly read
PyAEDT INFO: Modeler class has been initialized! Elapsed time: 0m 0sec
PyAEDT INFO: Project temp_train_TSV_RDL_186_1783654293_29156 Saved correctly
PyAEDT INFO: Key Desktop/ActiveDSOConfigurations/HFSS correctly changed.
PyAEDT INFO: Solving all design setups. Analysis started...
PyAEDT INFO: Design setup None solved correctly in 0.0h 7.0m 12.0s
PyAEDT INFO: Key Desktop/ActiveDSOConfigurations/HFSS correctly changed.
PyAEDT INFO: Exporting Touchstone C:/ffzhzh/LocalFiles/Ansys_Project_Files/temp_train_TSV_RDL_186_1783654293_29156_SNP/temp_train_TSV_RDL_186_1783654293_29156.s2p
PyAEDT INFO: Touchstone correctly exported to C:/ffzhzh/LocalFiles/Ansys_Project_Files/temp_train_TSV_RDL_186_1783654293_29156_SNP/temp_train_TSV_RDL_186_1783654293_29156.s2p
[train / TSV_RDL - Task 186] simulation completed: C:\ffzhzh\SyncFiles\Temp\HFSS_sim\LHS400_Connection2\train\TSV_RDL\dut186.s2p
PyAEDT INFO: Desktop has been released and closed.
[train / TSV_RDL - Task 187] simulation started.
PyAEDT INFO: Python version 3.11.15 | packaged by Anaconda, Inc. | (main, Mar 11 2026, 17:12:15) [MSC v.1942 64 bit (AMD64)].
PyAEDT INFO: PyAEDT version 1.0.1.
PyAEDT INFO: Initializing new Desktop session.
PyAEDT INFO: AEDT version 2026.1.
PyAEDT INFO: New AEDT session is starting on gRPC port 1646.
PyAEDT INFO: Starting new AEDT gRPC session on port 1646.
PyAEDT INFO: Launching AEDT server with gRPC transport mode: TransportMode.WNUA
PyAEDT INFO: Electronics Desktop started on gRPC port 1646 after 6.5 seconds.
PyAEDT INFO: AEDT installation Path C:\Program Files\ANSYS Inc\v261\AnsysEM
PyAEDT INFO: Connected to AEDT gRPC session on port 1646.
PyAEDT INFO: Non-graphical mode detected. Disabling Desktop logs.
PyAEDT INFO: Parsing C:\ffzhzh\LocalFiles\Ansys_Project_Files\temp_train_TSV_RDL_187_1783654743_29156.aedt.
PyAEDT INFO: Python version 3.11.15 | packaged by Anaconda, Inc. | (main, Mar 11 2026, 17:12:15) [MSC v.1942 64 bit (AMD64)].
PyAEDT INFO: PyAEDT version 1.0.1.
PyAEDT INFO: Returning found Desktop session with PID 25740!
PyAEDT INFO: File C:\ffzhzh\LocalFiles\Ansys_Project_Files\temp_train_TSV_RDL_187_1783654743_29156.aedt correctly loaded. Elapsed time: 0m 0sec
PyAEDT INFO: Project temp_train_TSV_RDL_187_1783654743_29156 has been opened.
PyAEDT INFO: Active Design set to TSV_RDL
PyAEDT INFO: AEDT objects correctly read
PyAEDT INFO: Modeler class has been initialized! Elapsed time: 0m 0sec
PyAEDT INFO: Project temp_train_TSV_RDL_187_1783654743_29156 Saved correctly
PyAEDT INFO: Key Desktop/ActiveDSOConfigurations/HFSS correctly changed.
PyAEDT INFO: Solving all design setups. Analysis started...
PyAEDT INFO: Design setup None solved correctly in 0.0h 25.0m 30.0s
PyAEDT INFO: Key Desktop/ActiveDSOConfigurations/HFSS correctly changed.
PyAEDT INFO: Exporting Touchstone C:/ffzhzh/LocalFiles/Ansys_Project_Files/temp_train_TSV_RDL_182_1783653271_26216_SNP/temp_train_TSV_RDL_182_1783653271_26216.s2p
PyAEDT INFO: Touchstone correctly exported to C:/ffzhzh/LocalFiles/Ansys_Project_Files/temp_train_TSV_RDL_182_1783653271_26216_SNP/temp_train_TSV_RDL_182_1783653271_26216.s2p
[train / TSV_RDL - Task 182] simulation completed: C:\ffzhzh\SyncFiles\Temp\HFSS_sim\LHS400_Connection2\train\TSV_RDL\dut182.s2p
PyAEDT INFO: Desktop has been released and closed.
[train / TSV_RDL - Task 188] simulation started.
PyAEDT INFO: Python version 3.11.15 | packaged by Anaconda, Inc. | (main, Mar 11 2026, 17:12:15) [MSC v.1942 64 bit (AMD64)].
PyAEDT INFO: PyAEDT version 1.0.1.
PyAEDT INFO: Initializing new Desktop session.
PyAEDT INFO: AEDT version 2026.1.
PyAEDT INFO: New AEDT session is starting on gRPC port 4894.
PyAEDT INFO: Starting new AEDT gRPC session on port 4894.
PyAEDT INFO: Launching AEDT server with gRPC transport mode: TransportMode.WNUA
PyAEDT INFO: Electronics Desktop started on gRPC port 4894 after 5.2 seconds.
PyAEDT INFO: AEDT installation Path C:\Program Files\ANSYS Inc\v261\AnsysEM
PyAEDT INFO: Connected to AEDT gRPC session on port 4894.
PyAEDT INFO: Non-graphical mode detected. Disabling Desktop logs.
PyAEDT INFO: Parsing C:\ffzhzh\LocalFiles\Ansys_Project_Files\temp_train_TSV_RDL_188_1783654823_26216.aedt.
PyAEDT INFO: Python version 3.11.15 | packaged by Anaconda, Inc. | (main, Mar 11 2026, 17:12:15) [MSC v.1942 64 bit (AMD64)].
PyAEDT INFO: PyAEDT version 1.0.1.
PyAEDT INFO: Returning found Desktop session with PID 42780!
PyAEDT INFO: File C:\ffzhzh\LocalFiles\Ansys_Project_Files\temp_train_TSV_RDL_188_1783654823_26216.aedt correctly loaded. Elapsed time: 0m 0sec
PyAEDT INFO: Project temp_train_TSV_RDL_188_1783654823_26216 has been opened.
PyAEDT INFO: Active Design set to TSV_RDL
PyAEDT INFO: AEDT objects correctly read
PyAEDT INFO: Modeler class has been initialized! Elapsed time: 0m 0sec
PyAEDT INFO: Project temp_train_TSV_RDL_188_1783654823_26216 Saved correctly
PyAEDT INFO: Key Desktop/ActiveDSOConfigurations/HFSS correctly changed.
PyAEDT INFO: Solving all design setups. Analysis started...
PyAEDT INFO: Design setup None solved correctly in 0.0h 14.0m 5.0s
PyAEDT INFO: Key Desktop/ActiveDSOConfigurations/HFSS correctly changed.
PyAEDT INFO: Exporting Touchstone C:/ffzhzh/LocalFiles/Ansys_Project_Files/temp_train_TSV_RDL_185_1783654112_33328_SNP/temp_train_TSV_RDL_185_1783654112_33328.s2p
PyAEDT INFO: Touchstone correctly exported to C:/ffzhzh/LocalFiles/Ansys_Project_Files/temp_train_TSV_RDL_185_1783654112_33328_SNP/temp_train_TSV_RDL_185_1783654112_33328.s2p
[train / TSV_RDL - Task 185] simulation completed: C:\ffzhzh\SyncFiles\Temp\HFSS_sim\LHS400_Connection2\train\TSV_RDL\dut185.s2p
PyAEDT INFO: Desktop has been released and closed.
[train / TSV_RDL - Task 189] simulation started.
PyAEDT INFO: Python version 3.11.15 | packaged by Anaconda, Inc. | (main, Mar 11 2026, 17:12:15) [MSC v.1942 64 bit (AMD64)].
PyAEDT INFO: PyAEDT version 1.0.1.
PyAEDT INFO: Initializing new Desktop session.
PyAEDT INFO: AEDT version 2026.1.
PyAEDT INFO: New AEDT session is starting on gRPC port 7825.
PyAEDT INFO: Starting new AEDT gRPC session on port 7825.
PyAEDT INFO: Launching AEDT server with gRPC transport mode: TransportMode.WNUA
PyAEDT INFO: Electronics Desktop started on gRPC port 7825 after 5.5 seconds.
PyAEDT INFO: AEDT installation Path C:\Program Files\ANSYS Inc\v261\AnsysEM
PyAEDT INFO: Connected to AEDT gRPC session on port 7825.
PyAEDT INFO: Non-graphical mode detected. Disabling Desktop logs.
PyAEDT INFO: Parsing C:\ffzhzh\LocalFiles\Ansys_Project_Files\temp_train_TSV_RDL_189_1783654979_33328.aedt.
PyAEDT INFO: Python version 3.11.15 | packaged by Anaconda, Inc. | (main, Mar 11 2026, 17:12:15) [MSC v.1942 64 bit (AMD64)].
PyAEDT INFO: PyAEDT version 1.0.1.
PyAEDT INFO: Returning found Desktop session with PID 4384!
PyAEDT INFO: File C:\ffzhzh\LocalFiles\Ansys_Project_Files\temp_train_TSV_RDL_189_1783654979_33328.aedt correctly loaded. Elapsed time: 0m 0sec
PyAEDT INFO: Project temp_train_TSV_RDL_189_1783654979_33328 has been opened.
PyAEDT INFO: Active Design set to TSV_RDL
PyAEDT INFO: AEDT objects correctly read
PyAEDT INFO: Modeler class has been initialized! Elapsed time: 0m 0sec
PyAEDT INFO: Project temp_train_TSV_RDL_189_1783654979_33328 Saved correctly
PyAEDT INFO: Key Desktop/ActiveDSOConfigurations/HFSS correctly changed.
PyAEDT INFO: Solving all design setups. Analysis started...
PyAEDT INFO: Design setup None solved correctly in 0.0h 9.0m 15.0s
PyAEDT INFO: Key Desktop/ActiveDSOConfigurations/HFSS correctly changed.
PyAEDT INFO: Exporting Touchstone C:/ffzhzh/LocalFiles/Ansys_Project_Files/temp_train_TSV_RDL_187_1783654743_29156_SNP/temp_train_TSV_RDL_187_1783654743_29156.s2p
PyAEDT INFO: Touchstone correctly exported to C:/ffzhzh/LocalFiles/Ansys_Project_Files/temp_train_TSV_RDL_187_1783654743_29156_SNP/temp_train_TSV_RDL_187_1783654743_29156.s2p
[train / TSV_RDL - Task 187] simulation completed: C:\ffzhzh\SyncFiles\Temp\HFSS_sim\LHS400_Connection2\train\TSV_RDL\dut187.s2p
PyAEDT INFO: Desktop has been released and closed.
[train / TSV_RDL - Task 190] simulation started.
PyAEDT INFO: Python version 3.11.15 | packaged by Anaconda, Inc. | (main, Mar 11 2026, 17:12:15) [MSC v.1942 64 bit (AMD64)].
PyAEDT INFO: PyAEDT version 1.0.1.
PyAEDT INFO: Initializing new Desktop session.
PyAEDT INFO: AEDT version 2026.1.
PyAEDT INFO: New AEDT session is starting on gRPC port 1762.
PyAEDT INFO: Starting new AEDT gRPC session on port 1762.
PyAEDT INFO: Launching AEDT server with gRPC transport mode: TransportMode.WNUA
PyAEDT INFO: Electronics Desktop started on gRPC port 1762 after 7.7 seconds.
PyAEDT INFO: AEDT installation Path C:\Program Files\ANSYS Inc\v261\AnsysEM
PyAEDT INFO: Connected to AEDT gRPC session on port 1762.
PyAEDT INFO: Non-graphical mode detected. Disabling Desktop logs.
PyAEDT INFO: Parsing C:\ffzhzh\LocalFiles\Ansys_Project_Files\temp_train_TSV_RDL_190_1783655319_29156.aedt.
PyAEDT INFO: Python version 3.11.15 | packaged by Anaconda, Inc. | (main, Mar 11 2026, 17:12:15) [MSC v.1942 64 bit (AMD64)].
PyAEDT INFO: PyAEDT version 1.0.1.
PyAEDT INFO: Returning found Desktop session with PID 39508!
PyAEDT INFO: File C:\ffzhzh\LocalFiles\Ansys_Project_Files\temp_train_TSV_RDL_190_1783655319_29156.aedt correctly loaded. Elapsed time: 0m 0sec
PyAEDT INFO: Project temp_train_TSV_RDL_190_1783655319_29156 has been opened.
PyAEDT INFO: Active Design set to TSV_RDL
PyAEDT INFO: AEDT objects correctly read
PyAEDT INFO: Modeler class has been initialized! Elapsed time: 0m 0sec
PyAEDT INFO: Project temp_train_TSV_RDL_190_1783655319_29156 Saved correctly
PyAEDT INFO: Key Desktop/ActiveDSOConfigurations/HFSS correctly changed.
PyAEDT INFO: Solving all design setups. Analysis started...
PyAEDT INFO: Design setup None solved correctly in 0.0h 9.0m 5.0s
PyAEDT INFO: Key Desktop/ActiveDSOConfigurations/HFSS correctly changed.
PyAEDT INFO: Exporting Touchstone C:/ffzhzh/LocalFiles/Ansys_Project_Files/temp_train_TSV_RDL_189_1783654979_33328_SNP/temp_train_TSV_RDL_189_1783654979_33328.s2p
PyAEDT INFO: Touchstone correctly exported to C:/ffzhzh/LocalFiles/Ansys_Project_Files/temp_train_TSV_RDL_189_1783654979_33328_SNP/temp_train_TSV_RDL_189_1783654979_33328.s2p
[train / TSV_RDL - Task 189] simulation completed: C:\ffzhzh\SyncFiles\Temp\HFSS_sim\LHS400_Connection2\train\TSV_RDL\dut189.s2p
PyAEDT INFO: Desktop has been released and closed.
[train / TSV_RDL - Task 191] simulation started.
PyAEDT INFO: Python version 3.11.15 | packaged by Anaconda, Inc. | (main, Mar 11 2026, 17:12:15) [MSC v.1942 64 bit (AMD64)].
PyAEDT INFO: PyAEDT version 1.0.1.
PyAEDT INFO: Initializing new Desktop session.
PyAEDT INFO: AEDT version 2026.1.
PyAEDT INFO: New AEDT session is starting on gRPC port 8170.
PyAEDT INFO: Starting new AEDT gRPC session on port 8170.
PyAEDT INFO: Launching AEDT server with gRPC transport mode: TransportMode.WNUA
PyAEDT INFO: Electronics Desktop started on gRPC port 8170 after 5.6 seconds.
PyAEDT INFO: AEDT installation Path C:\Program Files\ANSYS Inc\v261\AnsysEM
PyAEDT INFO: Connected to AEDT gRPC session on port 8170.
PyAEDT INFO: Non-graphical mode detected. Disabling Desktop logs.
PyAEDT INFO: Parsing C:\ffzhzh\LocalFiles\Ansys_Project_Files\temp_train_TSV_RDL_191_1783655544_33328.aedt.
PyAEDT INFO: Python version 3.11.15 | packaged by Anaconda, Inc. | (main, Mar 11 2026, 17:12:15) [MSC v.1942 64 bit (AMD64)].
PyAEDT INFO: PyAEDT version 1.0.1.
PyAEDT INFO: Returning found Desktop session with PID 36032!
PyAEDT INFO: File C:\ffzhzh\LocalFiles\Ansys_Project_Files\temp_train_TSV_RDL_191_1783655544_33328.aedt correctly loaded. Elapsed time: 0m 0sec
PyAEDT INFO: Project temp_train_TSV_RDL_191_1783655544_33328 has been opened.
PyAEDT INFO: Active Design set to TSV_RDL
PyAEDT INFO: AEDT objects correctly read
PyAEDT INFO: Modeler class has been initialized! Elapsed time: 0m 0sec
PyAEDT INFO: Project temp_train_TSV_RDL_191_1783655544_33328 Saved correctly
PyAEDT INFO: Key Desktop/ActiveDSOConfigurations/HFSS correctly changed.
PyAEDT INFO: Solving all design setups. Analysis started...
PyAEDT INFO: Design setup None solved correctly in 0.0h 14.0m 38.0s
PyAEDT INFO: Key Desktop/ActiveDSOConfigurations/HFSS correctly changed.
PyAEDT INFO: Exporting Touchstone C:/ffzhzh/LocalFiles/Ansys_Project_Files/temp_train_TSV_RDL_188_1783654823_26216_SNP/temp_train_TSV_RDL_188_1783654823_26216.s2p
PyAEDT INFO: Touchstone correctly exported to C:/ffzhzh/LocalFiles/Ansys_Project_Files/temp_train_TSV_RDL_188_1783654823_26216_SNP/temp_train_TSV_RDL_188_1783654823_26216.s2p
[train / TSV_RDL - Task 188] simulation completed: C:\ffzhzh\SyncFiles\Temp\HFSS_sim\LHS400_Connection2\train\TSV_RDL\dut188.s2p
PyAEDT INFO: Desktop has been released and closed.
[train / TSV_RDL - Task 192] simulation started.
PyAEDT INFO: Python version 3.11.15 | packaged by Anaconda, Inc. | (main, Mar 11 2026, 17:12:15) [MSC v.1942 64 bit (AMD64)].
PyAEDT INFO: PyAEDT version 1.0.1.
PyAEDT INFO: Initializing new Desktop session.
PyAEDT INFO: AEDT version 2026.1.
PyAEDT INFO: New AEDT session is starting on gRPC port 1128.
PyAEDT INFO: Starting new AEDT gRPC session on port 1128.
PyAEDT INFO: Launching AEDT server with gRPC transport mode: TransportMode.WNUA
PyAEDT INFO: Electronics Desktop started on gRPC port 1128 after 5.4 seconds.
PyAEDT INFO: AEDT installation Path C:\Program Files\ANSYS Inc\v261\AnsysEM
PyAEDT INFO: Connected to AEDT gRPC session on port 1128.
PyAEDT INFO: Non-graphical mode detected. Disabling Desktop logs.
PyAEDT INFO: Parsing C:\ffzhzh\LocalFiles\Ansys_Project_Files\temp_train_TSV_RDL_192_1783655725_26216.aedt.
PyAEDT INFO: Python version 3.11.15 | packaged by Anaconda, Inc. | (main, Mar 11 2026, 17:12:15) [MSC v.1942 64 bit (AMD64)].
PyAEDT INFO: PyAEDT version 1.0.1.
PyAEDT INFO: Returning found Desktop session with PID 41100!
PyAEDT INFO: File C:\ffzhzh\LocalFiles\Ansys_Project_Files\temp_train_TSV_RDL_192_1783655725_26216.aedt correctly loaded. Elapsed time: 0m 0sec
PyAEDT INFO: Project temp_train_TSV_RDL_192_1783655725_26216 has been opened.
PyAEDT INFO: Active Design set to TSV_RDL
PyAEDT INFO: AEDT objects correctly read
PyAEDT INFO: Modeler class has been initialized! Elapsed time: 0m 0sec
PyAEDT INFO: Project temp_train_TSV_RDL_192_1783655725_26216 Saved correctly
PyAEDT INFO: Key Desktop/ActiveDSOConfigurations/HFSS correctly changed.
PyAEDT INFO: Solving all design setups. Analysis started...
PyAEDT INFO: Design setup None solved correctly in 0.0h 5.0m 31.0s
PyAEDT INFO: Key Desktop/ActiveDSOConfigurations/HFSS correctly changed.
PyAEDT INFO: Exporting Touchstone C:/ffzhzh/LocalFiles/Ansys_Project_Files/temp_train_TSV_RDL_192_1783655725_26216_SNP/temp_train_TSV_RDL_192_1783655725_26216.s2p
PyAEDT INFO: Touchstone correctly exported to C:/ffzhzh/LocalFiles/Ansys_Project_Files/temp_train_TSV_RDL_192_1783655725_26216_SNP/temp_train_TSV_RDL_192_1783655725_26216.s2p
[train / TSV_RDL - Task 192] simulation completed: C:\ffzhzh\SyncFiles\Temp\HFSS_sim\LHS400_Connection2\train\TSV_RDL\dut192.s2p
PyAEDT INFO: Desktop has been released and closed.
[train / TSV_RDL - Task 193] simulation started.
PyAEDT INFO: Python version 3.11.15 | packaged by Anaconda, Inc. | (main, Mar 11 2026, 17:12:15) [MSC v.1942 64 bit (AMD64)].
PyAEDT INFO: PyAEDT version 1.0.1.
PyAEDT INFO: Initializing new Desktop session.
PyAEDT INFO: AEDT version 2026.1.
PyAEDT INFO: New AEDT session is starting on gRPC port 5034.
PyAEDT INFO: Starting new AEDT gRPC session on port 5034.
PyAEDT INFO: Launching AEDT server with gRPC transport mode: TransportMode.WNUA
PyAEDT INFO: Electronics Desktop started on gRPC port 5034 after 5.5 seconds.
PyAEDT INFO: AEDT installation Path C:\Program Files\ANSYS Inc\v261\AnsysEM
PyAEDT INFO: Connected to AEDT gRPC session on port 5034.
PyAEDT INFO: Non-graphical mode detected. Disabling Desktop logs.
PyAEDT INFO: Parsing C:\ffzhzh\LocalFiles\Ansys_Project_Files\temp_train_TSV_RDL_193_1783656077_26216.aedt.
PyAEDT INFO: Python version 3.11.15 | packaged by Anaconda, Inc. | (main, Mar 11 2026, 17:12:15) [MSC v.1942 64 bit (AMD64)].
PyAEDT INFO: PyAEDT version 1.0.1.
PyAEDT INFO: Returning found Desktop session with PID 35024!
PyAEDT INFO: File C:\ffzhzh\LocalFiles\Ansys_Project_Files\temp_train_TSV_RDL_193_1783656077_26216.aedt correctly loaded. Elapsed time: 0m 0sec
PyAEDT INFO: Project temp_train_TSV_RDL_193_1783656077_26216 has been opened.
PyAEDT INFO: Active Design set to TSV_RDL
PyAEDT INFO: AEDT objects correctly read
PyAEDT INFO: Modeler class has been initialized! Elapsed time: 0m 0sec
PyAEDT INFO: Project temp_train_TSV_RDL_193_1783656077_26216 Saved correctly
PyAEDT INFO: Key Desktop/ActiveDSOConfigurations/HFSS correctly changed.
PyAEDT INFO: Solving all design setups. Analysis started...
PyAEDT INFO: Design setup None solved correctly in 0.0h 7.0m 48.0s
PyAEDT INFO: Key Desktop/ActiveDSOConfigurations/HFSS correctly changed.
PyAEDT INFO: Exporting Touchstone C:/ffzhzh/LocalFiles/Ansys_Project_Files/temp_train_TSV_RDL_193_1783656077_26216_SNP/temp_train_TSV_RDL_193_1783656077_26216.s2p
PyAEDT INFO: Touchstone correctly exported to C:/ffzhzh/LocalFiles/Ansys_Project_Files/temp_train_TSV_RDL_193_1783656077_26216_SNP/temp_train_TSV_RDL_193_1783656077_26216.s2p
[train / TSV_RDL - Task 193] simulation completed: C:\ffzhzh\SyncFiles\Temp\HFSS_sim\LHS400_Connection2\train\TSV_RDL\dut193.s2p
PyAEDT INFO: Desktop has been released and closed.
[train / TSV_RDL - Task 194] simulation started.
PyAEDT INFO: Python version 3.11.15 | packaged by Anaconda, Inc. | (main, Mar 11 2026, 17:12:15) [MSC v.1942 64 bit (AMD64)].
PyAEDT INFO: PyAEDT version 1.0.1.
PyAEDT INFO: Initializing new Desktop session.
PyAEDT INFO: AEDT version 2026.1.
PyAEDT INFO: New AEDT session is starting on gRPC port 5150.
PyAEDT INFO: Starting new AEDT gRPC session on port 5150.
PyAEDT INFO: Launching AEDT server with gRPC transport mode: TransportMode.WNUA
PyAEDT INFO: Electronics Desktop started on gRPC port 5150 after 6.8 seconds.
PyAEDT INFO: AEDT installation Path C:\Program Files\ANSYS Inc\v261\AnsysEM
PyAEDT INFO: Connected to AEDT gRPC session on port 5150.
PyAEDT INFO: Non-graphical mode detected. Disabling Desktop logs.
PyAEDT INFO: Parsing C:\ffzhzh\LocalFiles\Ansys_Project_Files\temp_train_TSV_RDL_194_1783656566_26216.aedt.
PyAEDT INFO: Python version 3.11.15 | packaged by Anaconda, Inc. | (main, Mar 11 2026, 17:12:15) [MSC v.1942 64 bit (AMD64)].
PyAEDT INFO: PyAEDT version 1.0.1.
PyAEDT INFO: Returning found Desktop session with PID 8340!
PyAEDT INFO: File C:\ffzhzh\LocalFiles\Ansys_Project_Files\temp_train_TSV_RDL_194_1783656566_26216.aedt correctly loaded. Elapsed time: 0m 0sec
PyAEDT INFO: Project temp_train_TSV_RDL_194_1783656566_26216 has been opened.
PyAEDT INFO: Active Design set to TSV_RDL
PyAEDT INFO: AEDT objects correctly read
PyAEDT INFO: Modeler class has been initialized! Elapsed time: 0m 0sec
PyAEDT INFO: Project temp_train_TSV_RDL_194_1783656566_26216 Saved correctly
PyAEDT INFO: Key Desktop/ActiveDSOConfigurations/HFSS correctly changed.
PyAEDT INFO: Solving all design setups. Analysis started...
PyAEDT INFO: Design setup None solved correctly in 0.0h 20.0m 39.0s
PyAEDT INFO: Key Desktop/ActiveDSOConfigurations/HFSS correctly changed.
PyAEDT INFO: Exporting Touchstone C:/ffzhzh/LocalFiles/Ansys_Project_Files/temp_train_TSV_RDL_191_1783655544_33328_SNP/temp_train_TSV_RDL_191_1783655544_33328.s2p
PyAEDT INFO: Touchstone correctly exported to C:/ffzhzh/LocalFiles/Ansys_Project_Files/temp_train_TSV_RDL_191_1783655544_33328_SNP/temp_train_TSV_RDL_191_1783655544_33328.s2p
[train / TSV_RDL - Task 191] simulation completed: C:\ffzhzh\SyncFiles\Temp\HFSS_sim\LHS400_Connection2\train\TSV_RDL\dut191.s2p
PyAEDT INFO: Desktop has been released and closed.
[train / TSV_RDL - Task 195] simulation started.
PyAEDT INFO: Python version 3.11.15 | packaged by Anaconda, Inc. | (main, Mar 11 2026, 17:12:15) [MSC v.1942 64 bit (AMD64)].
PyAEDT INFO: PyAEDT version 1.0.1.
PyAEDT INFO: Initializing new Desktop session.
PyAEDT INFO: AEDT version 2026.1.
PyAEDT INFO: New AEDT session is starting on gRPC port 2247.
PyAEDT INFO: Starting new AEDT gRPC session on port 2247.
PyAEDT INFO: Launching AEDT server with gRPC transport mode: TransportMode.WNUA
PyAEDT INFO: Solving all design setups. Analysis started...
PyAEDT INFO: Design setup None solved correctly in 0.0h 24.0m 40.0s
PyAEDT INFO: Key Desktop/ActiveDSOConfigurations/HFSS correctly changed.
PyAEDT INFO: Exporting Touchstone C:/ffzhzh/LocalFiles/Ansys_Project_Files/temp_train_TSV_RDL_190_1783655319_29156_SNP/temp_train_TSV_RDL_190_1783655319_29156.s2p
PyAEDT INFO: Touchstone correctly exported to C:/ffzhzh/LocalFiles/Ansys_Project_Files/temp_train_TSV_RDL_190_1783655319_29156_SNP/temp_train_TSV_RDL_190_1783655319_29156.s2p
PyAEDT INFO: Electronics Desktop started on gRPC port 2247 after 5.1 seconds.
PyAEDT INFO: AEDT installation Path C:\Program Files\ANSYS Inc\v261\AnsysEM
PyAEDT INFO: Connected to AEDT gRPC session on port 2247.
PyAEDT INFO: Non-graphical mode detected. Disabling Desktop logs.
PyAEDT INFO: Parsing C:\ffzhzh\LocalFiles\Ansys_Project_Files\temp_train_TSV_RDL_195_1783656806_33328.aedt.
PyAEDT INFO: Python version 3.11.15 | packaged by Anaconda, Inc. | (main, Mar 11 2026, 17:12:15) [MSC v.1942 64 bit (AMD64)].
PyAEDT INFO: PyAEDT version 1.0.1.
PyAEDT INFO: Returning found Desktop session with PID 27944!
PyAEDT INFO: File C:\ffzhzh\LocalFiles\Ansys_Project_Files\temp_train_TSV_RDL_195_1783656806_33328.aedt correctly loaded. Elapsed time: 0m 0sec
PyAEDT INFO: Project temp_train_TSV_RDL_195_1783656806_33328 has been opened.
PyAEDT INFO: Active Design set to TSV_RDL
PyAEDT INFO: AEDT objects correctly read
PyAEDT INFO: Modeler class has been initialized! Elapsed time: 0m 0sec
PyAEDT INFO: Project temp_train_TSV_RDL_195_1783656806_33328 Saved correctly
PyAEDT INFO: Key Desktop/ActiveDSOConfigurations/HFSS correctly changed.
[train / TSV_RDL - Task 190] simulation completed: C:\ffzhzh\SyncFiles\Temp\HFSS_sim\LHS400_Connection2\train\TSV_RDL\dut190.s2p
PyAEDT INFO: Desktop has been released and closed.
[train / TSV_RDL - Task 196] simulation started.
PyAEDT INFO: Python version 3.11.15 | packaged by Anaconda, Inc. | (main, Mar 11 2026, 17:12:15) [MSC v.1942 64 bit (AMD64)].
PyAEDT INFO: PyAEDT version 1.0.1.
PyAEDT INFO: Initializing new Desktop session.
PyAEDT INFO: AEDT version 2026.1.
PyAEDT INFO: New AEDT session is starting on gRPC port 2296.
PyAEDT INFO: Starting new AEDT gRPC session on port 2296.
PyAEDT INFO: Launching AEDT server with gRPC transport mode: TransportMode.WNUA
PyAEDT INFO: Electronics Desktop started on gRPC port 2296 after 5.1 seconds.
PyAEDT INFO: AEDT installation Path C:\Program Files\ANSYS Inc\v261\AnsysEM
PyAEDT INFO: Connected to AEDT gRPC session on port 2296.
PyAEDT INFO: Non-graphical mode detected. Disabling Desktop logs.
PyAEDT INFO: Parsing C:\ffzhzh\LocalFiles\Ansys_Project_Files\temp_train_TSV_RDL_196_1783656821_29156.aedt.
PyAEDT INFO: Python version 3.11.15 | packaged by Anaconda, Inc. | (main, Mar 11 2026, 17:12:15) [MSC v.1942 64 bit (AMD64)].
PyAEDT INFO: PyAEDT version 1.0.1.
PyAEDT INFO: Returning found Desktop session with PID 27228!
PyAEDT INFO: File C:\ffzhzh\LocalFiles\Ansys_Project_Files\temp_train_TSV_RDL_196_1783656821_29156.aedt correctly loaded. Elapsed time: 0m 0sec
PyAEDT INFO: Project temp_train_TSV_RDL_196_1783656821_29156 has been opened.
PyAEDT INFO: Active Design set to TSV_RDL
PyAEDT INFO: AEDT objects correctly read
PyAEDT INFO: Modeler class has been initialized! Elapsed time: 0m 0sec
PyAEDT INFO: Project temp_train_TSV_RDL_196_1783656821_29156 Saved correctly
PyAEDT INFO: Key Desktop/ActiveDSOConfigurations/HFSS correctly changed.
PyAEDT INFO: Solving all design setups. Analysis started...
PyAEDT INFO: Design setup None solved correctly in 0.0h 11.0m 31.0s
PyAEDT INFO: Key Desktop/ActiveDSOConfigurations/HFSS correctly changed.
PyAEDT INFO: Exporting Touchstone C:/ffzhzh/LocalFiles/Ansys_Project_Files/temp_train_TSV_RDL_195_1783656806_33328_SNP/temp_train_TSV_RDL_195_1783656806_33328.s2p
PyAEDT INFO: Touchstone correctly exported to C:/ffzhzh/LocalFiles/Ansys_Project_Files/temp_train_TSV_RDL_195_1783656806_33328_SNP/temp_train_TSV_RDL_195_1783656806_33328.s2p
[train / TSV_RDL - Task 195] simulation completed: C:\ffzhzh\SyncFiles\Temp\HFSS_sim\LHS400_Connection2\train\TSV_RDL\dut195.s2p
PyAEDT INFO: Desktop has been released and closed.
[train / TSV_RDL - Task 197] simulation started.
PyAEDT INFO: Python version 3.11.15 | packaged by Anaconda, Inc. | (main, Mar 11 2026, 17:12:15) [MSC v.1942 64 bit (AMD64)].
PyAEDT INFO: PyAEDT version 1.0.1.
PyAEDT INFO: Initializing new Desktop session.
PyAEDT INFO: AEDT version 2026.1.
PyAEDT INFO: New AEDT session is starting on gRPC port 10421.
PyAEDT INFO: Starting new AEDT gRPC session on port 10421.
PyAEDT INFO: Launching AEDT server with gRPC transport mode: TransportMode.WNUA
PyAEDT INFO: Electronics Desktop started on gRPC port 10421 after 8.2 seconds.
PyAEDT INFO: AEDT installation Path C:\Program Files\ANSYS Inc\v261\AnsysEM
PyAEDT INFO: Connected to AEDT gRPC session on port 10421.
PyAEDT INFO: Non-graphical mode detected. Disabling Desktop logs.
PyAEDT INFO: Parsing C:\ffzhzh\LocalFiles\Ansys_Project_Files\temp_train_TSV_RDL_197_1783657524_33328.aedt.
PyAEDT INFO: Python version 3.11.15 | packaged by Anaconda, Inc. | (main, Mar 11 2026, 17:12:15) [MSC v.1942 64 bit (AMD64)].
PyAEDT INFO: PyAEDT version 1.0.1.
PyAEDT INFO: Returning found Desktop session with PID 23492!
PyAEDT INFO: File C:\ffzhzh\LocalFiles\Ansys_Project_Files\temp_train_TSV_RDL_197_1783657524_33328.aedt correctly loaded. Elapsed time: 0m 0sec
PyAEDT INFO: Project temp_train_TSV_RDL_197_1783657524_33328 has been opened.
PyAEDT INFO: Active Design set to TSV_RDL
PyAEDT INFO: AEDT objects correctly read
PyAEDT INFO: Modeler class has been initialized! Elapsed time: 0m 0sec
PyAEDT INFO: Project temp_train_TSV_RDL_197_1783657524_33328 Saved correctly
PyAEDT INFO: Key Desktop/ActiveDSOConfigurations/HFSS correctly changed.
PyAEDT INFO: Solving all design setups. Analysis started...
PyAEDT INFO: Design setup None solved correctly in 0.0h 17.0m 1.0s
PyAEDT INFO: Key Desktop/ActiveDSOConfigurations/HFSS correctly changed.
PyAEDT INFO: Exporting Touchstone C:/ffzhzh/LocalFiles/Ansys_Project_Files/temp_train_TSV_RDL_196_1783656821_29156_SNP/temp_train_TSV_RDL_196_1783656821_29156.s2p
PyAEDT INFO: Touchstone correctly exported to C:/ffzhzh/LocalFiles/Ansys_Project_Files/temp_train_TSV_RDL_196_1783656821_29156_SNP/temp_train_TSV_RDL_196_1783656821_29156.s2p
[train / TSV_RDL - Task 196] simulation completed: C:\ffzhzh\SyncFiles\Temp\HFSS_sim\LHS400_Connection2\train\TSV_RDL\dut196.s2p
PyAEDT INFO: Desktop has been released and closed.
[train / TSV_RDL - Task 198] simulation started.
PyAEDT INFO: Python version 3.11.15 | packaged by Anaconda, Inc. | (main, Mar 11 2026, 17:12:15) [MSC v.1942 64 bit (AMD64)].
PyAEDT INFO: PyAEDT version 1.0.1.
PyAEDT INFO: Initializing new Desktop session.
PyAEDT INFO: AEDT version 2026.1.
PyAEDT INFO: New AEDT session is starting on gRPC port 5127.
PyAEDT INFO: Starting new AEDT gRPC session on port 5127.
PyAEDT INFO: Launching AEDT server with gRPC transport mode: TransportMode.WNUA
PyAEDT INFO: Electronics Desktop started on gRPC port 5127 after 5.3 seconds.
PyAEDT INFO: AEDT installation Path C:\Program Files\ANSYS Inc\v261\AnsysEM
PyAEDT INFO: Connected to AEDT gRPC session on port 5127.
PyAEDT INFO: Non-graphical mode detected. Disabling Desktop logs.
PyAEDT INFO: Parsing C:\ffzhzh\LocalFiles\Ansys_Project_Files\temp_train_TSV_RDL_198_1783657863_29156.aedt.
PyAEDT INFO: Python version 3.11.15 | packaged by Anaconda, Inc. | (main, Mar 11 2026, 17:12:15) [MSC v.1942 64 bit (AMD64)].
PyAEDT INFO: PyAEDT version 1.0.1.
PyAEDT INFO: Returning found Desktop session with PID 43224!
PyAEDT INFO: File C:\ffzhzh\LocalFiles\Ansys_Project_Files\temp_train_TSV_RDL_198_1783657863_29156.aedt correctly loaded. Elapsed time: 0m 0sec
PyAEDT INFO: Project temp_train_TSV_RDL_198_1783657863_29156 has been opened.
PyAEDT INFO: Active Design set to TSV_RDL
PyAEDT INFO: AEDT objects correctly read
PyAEDT INFO: Modeler class has been initialized! Elapsed time: 0m 0sec
PyAEDT INFO: Project temp_train_TSV_RDL_198_1783657863_29156 Saved correctly
PyAEDT INFO: Key Desktop/ActiveDSOConfigurations/HFSS correctly changed.
PyAEDT INFO: Solving all design setups. Analysis started...
PyAEDT INFO: Design setup None solved correctly in 0.0h 9.0m 40.0s
PyAEDT INFO: Key Desktop/ActiveDSOConfigurations/HFSS correctly changed.
PyAEDT INFO: Exporting Touchstone C:/ffzhzh/LocalFiles/Ansys_Project_Files/temp_train_TSV_RDL_197_1783657524_33328_SNP/temp_train_TSV_RDL_197_1783657524_33328.s2p
PyAEDT INFO: Touchstone correctly exported to C:/ffzhzh/LocalFiles/Ansys_Project_Files/temp_train_TSV_RDL_197_1783657524_33328_SNP/temp_train_TSV_RDL_197_1783657524_33328.s2p
[train / TSV_RDL - Task 197] simulation completed: C:\ffzhzh\SyncFiles\Temp\HFSS_sim\LHS400_Connection2\train\TSV_RDL\dut197.s2p
PyAEDT INFO: Desktop has been released and closed.
[train / TSV_RDL - Task 199] simulation started.
PyAEDT INFO: Python version 3.11.15 | packaged by Anaconda, Inc. | (main, Mar 11 2026, 17:12:15) [MSC v.1942 64 bit (AMD64)].
PyAEDT INFO: PyAEDT version 1.0.1.
PyAEDT INFO: Initializing new Desktop session.
PyAEDT INFO: AEDT version 2026.1.
PyAEDT INFO: New AEDT session is starting on gRPC port 11547.
PyAEDT INFO: Starting new AEDT gRPC session on port 11547.
PyAEDT INFO: Launching AEDT server with gRPC transport mode: TransportMode.WNUA
PyAEDT INFO: Electronics Desktop started on gRPC port 11547 after 5.1 seconds.
PyAEDT INFO: AEDT installation Path C:\Program Files\ANSYS Inc\v261\AnsysEM
PyAEDT INFO: Connected to AEDT gRPC session on port 11547.
PyAEDT INFO: Non-graphical mode detected. Disabling Desktop logs.
PyAEDT INFO: Parsing C:\ffzhzh\LocalFiles\Ansys_Project_Files\temp_train_TSV_RDL_199_1783658134_33328.aedt.
PyAEDT INFO: Python version 3.11.15 | packaged by Anaconda, Inc. | (main, Mar 11 2026, 17:12:15) [MSC v.1942 64 bit (AMD64)].
PyAEDT INFO: PyAEDT version 1.0.1.
PyAEDT INFO: Returning found Desktop session with PID 33800!
PyAEDT INFO: File C:\ffzhzh\LocalFiles\Ansys_Project_Files\temp_train_TSV_RDL_199_1783658134_33328.aedt correctly loaded. Elapsed time: 0m 0sec
PyAEDT INFO: Project temp_train_TSV_RDL_199_1783658134_33328 has been opened.
PyAEDT INFO: Active Design set to TSV_RDL
PyAEDT INFO: AEDT objects correctly read
PyAEDT INFO: Modeler class has been initialized! Elapsed time: 0m 0sec
PyAEDT INFO: Project temp_train_TSV_RDL_199_1783658134_33328 Saved correctly
PyAEDT INFO: Key Desktop/ActiveDSOConfigurations/HFSS correctly changed.
PyAEDT INFO: Solving all design setups. Analysis started...
PyAEDT INFO: Design setup None solved correctly in 0.0h 27.0m 0.0s
PyAEDT INFO: Key Desktop/ActiveDSOConfigurations/HFSS correctly changed.
PyAEDT INFO: Exporting Touchstone C:/ffzhzh/LocalFiles/Ansys_Project_Files/temp_train_TSV_RDL_194_1783656566_26216_SNP/temp_train_TSV_RDL_194_1783656566_26216.s2p
PyAEDT INFO: Touchstone correctly exported to C:/ffzhzh/LocalFiles/Ansys_Project_Files/temp_train_TSV_RDL_194_1783656566_26216_SNP/temp_train_TSV_RDL_194_1783656566_26216.s2p
[train / TSV_RDL - Task 194] simulation completed: C:\ffzhzh\SyncFiles\Temp\HFSS_sim\LHS400_Connection2\train\TSV_RDL\dut194.s2p
PyAEDT INFO: Desktop has been released and closed.
[train / TSV_RDL - Task 200] simulation started.
PyAEDT INFO: Python version 3.11.15 | packaged by Anaconda, Inc. | (main, Mar 11 2026, 17:12:15) [MSC v.1942 64 bit (AMD64)].
PyAEDT INFO: PyAEDT version 1.0.1.
PyAEDT INFO: Initializing new Desktop session.
PyAEDT INFO: AEDT version 2026.1.
PyAEDT INFO: New AEDT session is starting on gRPC port 2656.
PyAEDT INFO: Starting new AEDT gRPC session on port 2656.
PyAEDT INFO: Launching AEDT server with gRPC transport mode: TransportMode.WNUA
PyAEDT INFO: Electronics Desktop started on gRPC port 2656 after 5.2 seconds.
PyAEDT INFO: AEDT installation Path C:\Program Files\ANSYS Inc\v261\AnsysEM
PyAEDT INFO: Connected to AEDT gRPC session on port 2656.
PyAEDT INFO: Non-graphical mode detected. Disabling Desktop logs.
PyAEDT INFO: Parsing C:\ffzhzh\LocalFiles\Ansys_Project_Files\temp_train_TSV_RDL_200_1783658207_26216.aedt.
PyAEDT INFO: Python version 3.11.15 | packaged by Anaconda, Inc. | (main, Mar 11 2026, 17:12:15) [MSC v.1942 64 bit (AMD64)].
PyAEDT INFO: PyAEDT version 1.0.1.
PyAEDT INFO: Returning found Desktop session with PID 30240!
PyAEDT INFO: File C:\ffzhzh\LocalFiles\Ansys_Project_Files\temp_train_TSV_RDL_200_1783658207_26216.aedt correctly loaded. Elapsed time: 0m 0sec
PyAEDT INFO: Project temp_train_TSV_RDL_200_1783658207_26216 has been opened.
PyAEDT INFO: Active Design set to TSV_RDL
PyAEDT INFO: AEDT objects correctly read
PyAEDT INFO: Modeler class has been initialized! Elapsed time: 0m 0sec
PyAEDT INFO: Project temp_train_TSV_RDL_200_1783658207_26216 Saved correctly
PyAEDT INFO: Key Desktop/ActiveDSOConfigurations/HFSS correctly changed.
PyAEDT INFO: Solving all design setups. Analysis started...
PyAEDT INFO: Design setup None solved correctly in 0.0h 11.0m 18.0s
PyAEDT INFO: Key Desktop/ActiveDSOConfigurations/HFSS correctly changed.
PyAEDT INFO: Exporting Touchstone C:/ffzhzh/LocalFiles/Ansys_Project_Files/temp_train_TSV_RDL_198_1783657863_29156_SNP/temp_train_TSV_RDL_198_1783657863_29156.s2p
PyAEDT INFO: Touchstone correctly exported to C:/ffzhzh/LocalFiles/Ansys_Project_Files/temp_train_TSV_RDL_198_1783657863_29156_SNP/temp_train_TSV_RDL_198_1783657863_29156.s2p
[train / TSV_RDL - Task 198] simulation completed: C:\ffzhzh\SyncFiles\Temp\HFSS_sim\LHS400_Connection2\train\TSV_RDL\dut198.s2p
PyAEDT INFO: Desktop has been released and closed.
[train / TSV_RDL - Task 201] simulation started.
PyAEDT INFO: Python version 3.11.15 | packaged by Anaconda, Inc. | (main, Mar 11 2026, 17:12:15) [MSC v.1942 64 bit (AMD64)].
PyAEDT INFO: PyAEDT version 1.0.1.
PyAEDT INFO: Initializing new Desktop session.
PyAEDT INFO: AEDT version 2026.1.
PyAEDT INFO: New AEDT session is starting on gRPC port 13360.
PyAEDT INFO: Starting new AEDT gRPC session on port 13360.
PyAEDT INFO: Launching AEDT server with gRPC transport mode: TransportMode.WNUA
PyAEDT INFO: Electronics Desktop started on gRPC port 13360 after 5.5 seconds.
PyAEDT INFO: AEDT installation Path C:\Program Files\ANSYS Inc\v261\AnsysEM
PyAEDT INFO: Connected to AEDT gRPC session on port 13360.
PyAEDT INFO: Non-graphical mode detected. Disabling Desktop logs.
PyAEDT INFO: Parsing C:\ffzhzh\LocalFiles\Ansys_Project_Files\temp_train_TSV_RDL_201_1783658559_29156.aedt.
PyAEDT INFO: Python version 3.11.15 | packaged by Anaconda, Inc. | (main, Mar 11 2026, 17:12:15) [MSC v.1942 64 bit (AMD64)].
PyAEDT INFO: PyAEDT version 1.0.1.
PyAEDT INFO: Returning found Desktop session with PID 19940!
PyAEDT INFO: File C:\ffzhzh\LocalFiles\Ansys_Project_Files\temp_train_TSV_RDL_201_1783658559_29156.aedt correctly loaded. Elapsed time: 0m 0sec
PyAEDT INFO: Project temp_train_TSV_RDL_201_1783658559_29156 has been opened.
PyAEDT INFO: Active Design set to TSV_RDL
PyAEDT INFO: AEDT objects correctly read
PyAEDT INFO: Modeler class has been initialized! Elapsed time: 0m 0sec
PyAEDT INFO: Project temp_train_TSV_RDL_201_1783658559_29156 Saved correctly
PyAEDT INFO: Key Desktop/ActiveDSOConfigurations/HFSS correctly changed.
PyAEDT INFO: Solving all design setups. Analysis started...
PyAEDT INFO: Design setup None solved correctly in 0.0h 7.0m 56.0s
PyAEDT INFO: Key Desktop/ActiveDSOConfigurations/HFSS correctly changed.
PyAEDT INFO: Exporting Touchstone C:/ffzhzh/LocalFiles/Ansys_Project_Files/temp_train_TSV_RDL_199_1783658134_33328_SNP/temp_train_TSV_RDL_199_1783658134_33328.s2p
PyAEDT INFO: Touchstone correctly exported to C:/ffzhzh/LocalFiles/Ansys_Project_Files/temp_train_TSV_RDL_199_1783658134_33328_SNP/temp_train_TSV_RDL_199_1783658134_33328.s2p
[train / TSV_RDL - Task 199] simulation completed: C:\ffzhzh\SyncFiles\Temp\HFSS_sim\LHS400_Connection2\train\TSV_RDL\dut199.s2p
PyAEDT INFO: Desktop has been released and closed.
[train / TSV_RDL - Task 202] simulation started.
PyAEDT INFO: Python version 3.11.15 | packaged by Anaconda, Inc. | (main, Mar 11 2026, 17:12:15) [MSC v.1942 64 bit (AMD64)].
PyAEDT INFO: PyAEDT version 1.0.1.
PyAEDT INFO: Initializing new Desktop session.
PyAEDT INFO: AEDT version 2026.1.
PyAEDT INFO: New AEDT session is starting on gRPC port 13454.
PyAEDT INFO: Starting new AEDT gRPC session on port 13454.
PyAEDT INFO: Launching AEDT server with gRPC transport mode: TransportMode.WNUA
PyAEDT INFO: Electronics Desktop started on gRPC port 13454 after 5.1 seconds.
PyAEDT INFO: AEDT installation Path C:\Program Files\ANSYS Inc\v261\AnsysEM
PyAEDT INFO: Connected to AEDT gRPC session on port 13454.
PyAEDT INFO: Non-graphical mode detected. Disabling Desktop logs.
PyAEDT INFO: Parsing C:\ffzhzh\LocalFiles\Ansys_Project_Files\temp_train_TSV_RDL_202_1783658623_33328.aedt.
PyAEDT INFO: Python version 3.11.15 | packaged by Anaconda, Inc. | (main, Mar 11 2026, 17:12:15) [MSC v.1942 64 bit (AMD64)].
PyAEDT INFO: PyAEDT version 1.0.1.
PyAEDT INFO: Returning found Desktop session with PID 28408!
PyAEDT INFO: File C:\ffzhzh\LocalFiles\Ansys_Project_Files\temp_train_TSV_RDL_202_1783658623_33328.aedt correctly loaded. Elapsed time: 0m 0sec
PyAEDT INFO: Project temp_train_TSV_RDL_202_1783658623_33328 has been opened.
PyAEDT INFO: Active Design set to TSV_RDL
PyAEDT INFO: AEDT objects correctly read
PyAEDT INFO: Modeler class has been initialized! Elapsed time: 0m 0sec
PyAEDT INFO: Project temp_train_TSV_RDL_202_1783658623_33328 Saved correctly
PyAEDT INFO: Key Desktop/ActiveDSOConfigurations/HFSS correctly changed.
PyAEDT INFO: Solving all design setups. Analysis started...
PyAEDT INFO: Design setup None solved correctly in 0.0h 9.0m 28.0s
PyAEDT INFO: Key Desktop/ActiveDSOConfigurations/HFSS correctly changed.
PyAEDT INFO: Exporting Touchstone C:/ffzhzh/LocalFiles/Ansys_Project_Files/temp_train_TSV_RDL_201_1783658559_29156_SNP/temp_train_TSV_RDL_201_1783658559_29156.s2p
PyAEDT INFO: Touchstone correctly exported to C:/ffzhzh/LocalFiles/Ansys_Project_Files/temp_train_TSV_RDL_201_1783658559_29156_SNP/temp_train_TSV_RDL_201_1783658559_29156.s2p
[train / TSV_RDL - Task 201] simulation completed: C:\ffzhzh\SyncFiles\Temp\HFSS_sim\LHS400_Connection2\train\TSV_RDL\dut201.s2p
PyAEDT INFO: Desktop has been released and closed.
[train / TSV_RDL - Task 203] simulation started.
PyAEDT INFO: Python version 3.11.15 | packaged by Anaconda, Inc. | (main, Mar 11 2026, 17:12:15) [MSC v.1942 64 bit (AMD64)].
PyAEDT INFO: PyAEDT version 1.0.1.
PyAEDT INFO: Initializing new Desktop session.
PyAEDT INFO: AEDT version 2026.1.
PyAEDT INFO: New AEDT session is starting on gRPC port 11709.
PyAEDT INFO: Starting new AEDT gRPC session on port 11709.
PyAEDT INFO: Launching AEDT server with gRPC transport mode: TransportMode.WNUA
PyAEDT INFO: Electronics Desktop started on gRPC port 11709 after 5.8 seconds.
PyAEDT INFO: AEDT installation Path C:\Program Files\ANSYS Inc\v261\AnsysEM
PyAEDT INFO: Connected to AEDT gRPC session on port 11709.
PyAEDT INFO: Non-graphical mode detected. Disabling Desktop logs.
PyAEDT INFO: Parsing C:\ffzhzh\LocalFiles\Ansys_Project_Files\temp_train_TSV_RDL_203_1783659150_29156.aedt.
PyAEDT INFO: Python version 3.11.15 | packaged by Anaconda, Inc. | (main, Mar 11 2026, 17:12:15) [MSC v.1942 64 bit (AMD64)].
PyAEDT INFO: PyAEDT version 1.0.1.
PyAEDT INFO: Returning found Desktop session with PID 31696!
PyAEDT INFO: File C:\ffzhzh\LocalFiles\Ansys_Project_Files\temp_train_TSV_RDL_203_1783659150_29156.aedt correctly loaded. Elapsed time: 0m 0sec
PyAEDT INFO: Project temp_train_TSV_RDL_203_1783659150_29156 has been opened.
PyAEDT INFO: Active Design set to TSV_RDL
PyAEDT INFO: AEDT objects correctly read
PyAEDT INFO: Modeler class has been initialized! Elapsed time: 0m 0sec
PyAEDT INFO: Project temp_train_TSV_RDL_203_1783659150_29156 Saved correctly
PyAEDT INFO: Key Desktop/ActiveDSOConfigurations/HFSS correctly changed.
PyAEDT INFO: Solving all design setups. Analysis started...
PyAEDT INFO: Design setup None solved correctly in 0.0h 21.0m 33.0s
PyAEDT INFO: Key Desktop/ActiveDSOConfigurations/HFSS correctly changed.
PyAEDT INFO: Exporting Touchstone C:/ffzhzh/LocalFiles/Ansys_Project_Files/temp_train_TSV_RDL_200_1783658207_26216_SNP/temp_train_TSV_RDL_200_1783658207_26216.s2p
PyAEDT INFO: Touchstone correctly exported to C:/ffzhzh/LocalFiles/Ansys_Project_Files/temp_train_TSV_RDL_200_1783658207_26216_SNP/temp_train_TSV_RDL_200_1783658207_26216.s2p
[train / TSV_RDL - Task 200] simulation completed: C:\ffzhzh\SyncFiles\Temp\HFSS_sim\LHS400_Connection2\train\TSV_RDL\dut200.s2p
PyAEDT INFO: Desktop has been released and closed.
[train / TSV_RDL - Task 204] simulation started.
PyAEDT INFO: Python version 3.11.15 | packaged by Anaconda, Inc. | (main, Mar 11 2026, 17:12:15) [MSC v.1942 64 bit (AMD64)].
PyAEDT INFO: PyAEDT version 1.0.1.
PyAEDT INFO: Initializing new Desktop session.
PyAEDT INFO: AEDT version 2026.1.
PyAEDT INFO: New AEDT session is starting on gRPC port 10412.
PyAEDT INFO: Starting new AEDT gRPC session on port 10412.
PyAEDT INFO: Launching AEDT server with gRPC transport mode: TransportMode.WNUA
PyAEDT INFO: Electronics Desktop started on gRPC port 10412 after 5.8 seconds.
PyAEDT INFO: AEDT installation Path C:\Program Files\ANSYS Inc\v261\AnsysEM
PyAEDT INFO: Connected to AEDT gRPC session on port 10412.
PyAEDT INFO: Non-graphical mode detected. Disabling Desktop logs.
PyAEDT INFO: Python version 3.11.15 | packaged by Anaconda, Inc. | (main, Mar 11 2026, 17:12:15) [MSC v.1942 64 bit (AMD64)].
PyAEDT INFO: Parsing C:\ffzhzh\LocalFiles\Ansys_Project_Files\temp_train_TSV_RDL_204_1783659521_26216.aedt.
PyAEDT INFO: PyAEDT version 1.0.1.
PyAEDT INFO: Returning found Desktop session with PID 43376!
PyAEDT INFO: File C:\ffzhzh\LocalFiles\Ansys_Project_Files\temp_train_TSV_RDL_204_1783659521_26216.aedt correctly loaded. Elapsed time: 0m 0sec
PyAEDT INFO: Project temp_train_TSV_RDL_204_1783659521_26216 has been opened.
PyAEDT INFO: Active Design set to TSV_RDL
PyAEDT INFO: AEDT objects correctly read
PyAEDT INFO: Modeler class has been initialized! Elapsed time: 0m 0sec
PyAEDT INFO: Project temp_train_TSV_RDL_204_1783659521_26216 Saved correctly
PyAEDT INFO: Key Desktop/ActiveDSOConfigurations/HFSS correctly changed.
PyAEDT INFO: Solving all design setups. Analysis started...
PyAEDT INFO: Design setup None solved correctly in 0.0h 16.0m 20.0s
PyAEDT INFO: Key Desktop/ActiveDSOConfigurations/HFSS correctly changed.
PyAEDT INFO: Exporting Touchstone C:/ffzhzh/LocalFiles/Ansys_Project_Files/temp_train_TSV_RDL_202_1783658623_33328_SNP/temp_train_TSV_RDL_202_1783658623_33328.s2p
PyAEDT INFO: Touchstone correctly exported to C:/ffzhzh/LocalFiles/Ansys_Project_Files/temp_train_TSV_RDL_202_1783658623_33328_SNP/temp_train_TSV_RDL_202_1783658623_33328.s2p
[train / TSV_RDL - Task 202] simulation completed: C:\ffzhzh\SyncFiles\Temp\HFSS_sim\LHS400_Connection2\train\TSV_RDL\dut202.s2p
PyAEDT INFO: Desktop has been released and closed.
[train / TSV_RDL - Task 205] simulation started.
PyAEDT INFO: Python version 3.11.15 | packaged by Anaconda, Inc. | (main, Mar 11 2026, 17:12:15) [MSC v.1942 64 bit (AMD64)].
PyAEDT INFO: PyAEDT version 1.0.1.
PyAEDT INFO: Initializing new Desktop session.
PyAEDT INFO: AEDT version 2026.1.
PyAEDT INFO: New AEDT session is starting on gRPC port 11238.
PyAEDT INFO: Starting new AEDT gRPC session on port 11238.
PyAEDT INFO: Launching AEDT server with gRPC transport mode: TransportMode.WNUA
PyAEDT INFO: Electronics Desktop started on gRPC port 11238 after 5.6 seconds.
PyAEDT INFO: AEDT installation Path C:\Program Files\ANSYS Inc\v261\AnsysEM
PyAEDT INFO: Connected to AEDT gRPC session on port 11238.
PyAEDT INFO: Non-graphical mode detected. Disabling Desktop logs.
PyAEDT INFO: Python version 3.11.15 | packaged by Anaconda, Inc. | (main, Mar 11 2026, 17:12:15) [MSC v.1942 64 bit (AMD64)].
PyAEDT INFO: Parsing C:\ffzhzh\LocalFiles\Ansys_Project_Files\temp_train_TSV_RDL_205_1783659618_33328.aedt.
PyAEDT INFO: PyAEDT version 1.0.1.
PyAEDT INFO: Returning found Desktop session with PID 42488!
PyAEDT INFO: File C:\ffzhzh\LocalFiles\Ansys_Project_Files\temp_train_TSV_RDL_205_1783659618_33328.aedt correctly loaded. Elapsed time: 0m 0sec
PyAEDT INFO: Project temp_train_TSV_RDL_205_1783659618_33328 has been opened.
PyAEDT INFO: Active Design set to TSV_RDL
PyAEDT INFO: AEDT objects correctly read
PyAEDT INFO: Modeler class has been initialized! Elapsed time: 0m 0sec
PyAEDT INFO: Project temp_train_TSV_RDL_205_1783659618_33328 Saved correctly
PyAEDT INFO: Key Desktop/ActiveDSOConfigurations/HFSS correctly changed.
PyAEDT INFO: Solving all design setups. Analysis started...
PyAEDT INFO: Design setup None solved correctly in 0.0h 8.0m 14.0s
PyAEDT INFO: Key Desktop/ActiveDSOConfigurations/HFSS correctly changed.
PyAEDT INFO: Exporting Touchstone C:/ffzhzh/LocalFiles/Ansys_Project_Files/temp_train_TSV_RDL_203_1783659150_29156_SNP/temp_train_TSV_RDL_203_1783659150_29156.s2p
PyAEDT INFO: Touchstone correctly exported to C:/ffzhzh/LocalFiles/Ansys_Project_Files/temp_train_TSV_RDL_203_1783659150_29156_SNP/temp_train_TSV_RDL_203_1783659150_29156.s2p
[train / TSV_RDL - Task 203] simulation completed: C:\ffzhzh\SyncFiles\Temp\HFSS_sim\LHS400_Connection2\train\TSV_RDL\dut203.s2p
PyAEDT INFO: Desktop has been released and closed.
[train / TSV_RDL - Task 206] simulation started.
PyAEDT INFO: Python version 3.11.15 | packaged by Anaconda, Inc. | (main, Mar 11 2026, 17:12:15) [MSC v.1942 64 bit (AMD64)].
PyAEDT INFO: PyAEDT version 1.0.1.
PyAEDT INFO: Initializing new Desktop session.
PyAEDT INFO: AEDT version 2026.1.
PyAEDT INFO: New AEDT session is starting on gRPC port 4696.
PyAEDT INFO: Starting new AEDT gRPC session on port 4696.
PyAEDT INFO: Launching AEDT server with gRPC transport mode: TransportMode.WNUA
PyAEDT INFO: Electronics Desktop started on gRPC port 4696 after 5.4 seconds.
PyAEDT INFO: AEDT installation Path C:\Program Files\ANSYS Inc\v261\AnsysEM
PyAEDT INFO: Connected to AEDT gRPC session on port 4696.
PyAEDT INFO: Non-graphical mode detected. Disabling Desktop logs.
PyAEDT INFO: Parsing C:\ffzhzh\LocalFiles\Ansys_Project_Files\temp_train_TSV_RDL_206_1783659665_29156.aedt.
PyAEDT INFO: Python version 3.11.15 | packaged by Anaconda, Inc. | (main, Mar 11 2026, 17:12:15) [MSC v.1942 64 bit (AMD64)].
PyAEDT INFO: PyAEDT version 1.0.1.
PyAEDT INFO: Returning found Desktop session with PID 17472!
PyAEDT INFO: File C:\ffzhzh\LocalFiles\Ansys_Project_Files\temp_train_TSV_RDL_206_1783659665_29156.aedt correctly loaded. Elapsed time: 0m 0sec
PyAEDT INFO: Project temp_train_TSV_RDL_206_1783659665_29156 has been opened.
PyAEDT INFO: Active Design set to TSV_RDL
PyAEDT INFO: AEDT objects correctly read
PyAEDT INFO: Modeler class has been initialized! Elapsed time: 0m 0sec
PyAEDT INFO: Project temp_train_TSV_RDL_206_1783659665_29156 Saved correctly
PyAEDT INFO: Key Desktop/ActiveDSOConfigurations/HFSS correctly changed.
PyAEDT INFO: Solving all design setups. Analysis started...
PyAEDT INFO: Design setup None solved correctly in 0.0h 8.0m 58.0s
PyAEDT INFO: Key Desktop/ActiveDSOConfigurations/HFSS correctly changed.
PyAEDT INFO: Exporting Touchstone C:/ffzhzh/LocalFiles/Ansys_Project_Files/temp_train_TSV_RDL_204_1783659521_26216_SNP/temp_train_TSV_RDL_204_1783659521_26216.s2p
PyAEDT INFO: Touchstone correctly exported to C:/ffzhzh/LocalFiles/Ansys_Project_Files/temp_train_TSV_RDL_204_1783659521_26216_SNP/temp_train_TSV_RDL_204_1783659521_26216.s2p
[train / TSV_RDL - Task 204] simulation completed: C:\ffzhzh\SyncFiles\Temp\HFSS_sim\LHS400_Connection2\train\TSV_RDL\dut204.s2p
PyAEDT INFO: Desktop has been released and closed.
[train / TSV_RDL - Task 207] simulation started.
PyAEDT INFO: Python version 3.11.15 | packaged by Anaconda, Inc. | (main, Mar 11 2026, 17:12:15) [MSC v.1942 64 bit (AMD64)].
PyAEDT INFO: PyAEDT version 1.0.1.
PyAEDT INFO: Initializing new Desktop session.
PyAEDT INFO: AEDT version 2026.1.
PyAEDT INFO: New AEDT session is starting on gRPC port 6588.
PyAEDT INFO: Starting new AEDT gRPC session on port 6588.
PyAEDT INFO: Launching AEDT server with gRPC transport mode: TransportMode.WNUA
PyAEDT INFO: Electronics Desktop started on gRPC port 6588 after 5.7 seconds.
PyAEDT INFO: AEDT installation Path C:\Program Files\ANSYS Inc\v261\AnsysEM
PyAEDT INFO: Connected to AEDT gRPC session on port 6588.
PyAEDT INFO: Non-graphical mode detected. Disabling Desktop logs.
PyAEDT INFO: Parsing C:\ffzhzh\LocalFiles\Ansys_Project_Files\temp_train_TSV_RDL_207_1783660086_26216.aedt.
PyAEDT INFO: Python version 3.11.15 | packaged by Anaconda, Inc. | (main, Mar 11 2026, 17:12:15) [MSC v.1942 64 bit (AMD64)].
PyAEDT INFO: PyAEDT version 1.0.1.
PyAEDT INFO: Returning found Desktop session with PID 12268!
PyAEDT INFO: File C:\ffzhzh\LocalFiles\Ansys_Project_Files\temp_train_TSV_RDL_207_1783660086_26216.aedt correctly loaded. Elapsed time: 0m 0sec
PyAEDT INFO: Project temp_train_TSV_RDL_207_1783660086_26216 has been opened.
PyAEDT INFO: Active Design set to TSV_RDL
PyAEDT INFO: AEDT objects correctly read
PyAEDT INFO: Modeler class has been initialized! Elapsed time: 0m 0sec
PyAEDT INFO: Project temp_train_TSV_RDL_207_1783660086_26216 Saved correctly
PyAEDT INFO: Key Desktop/ActiveDSOConfigurations/HFSS correctly changed.
PyAEDT INFO: Solving all design setups. Analysis started...
PyAEDT INFO: Design setup None solved correctly in 0.0h 9.0m 27.0s
PyAEDT INFO: Key Desktop/ActiveDSOConfigurations/HFSS correctly changed.
PyAEDT INFO: Exporting Touchstone C:/ffzhzh/LocalFiles/Ansys_Project_Files/temp_train_TSV_RDL_205_1783659618_33328_SNP/temp_train_TSV_RDL_205_1783659618_33328.s2p
PyAEDT INFO: Touchstone correctly exported to C:/ffzhzh/LocalFiles/Ansys_Project_Files/temp_train_TSV_RDL_205_1783659618_33328_SNP/temp_train_TSV_RDL_205_1783659618_33328.s2p
[train / TSV_RDL - Task 205] simulation completed: C:\ffzhzh\SyncFiles\Temp\HFSS_sim\LHS400_Connection2\train\TSV_RDL\dut205.s2p
PyAEDT INFO: Desktop has been released and closed.
[train / TSV_RDL - Task 208] simulation started.
PyAEDT INFO: Python version 3.11.15 | packaged by Anaconda, Inc. | (main, Mar 11 2026, 17:12:15) [MSC v.1942 64 bit (AMD64)].
PyAEDT INFO: PyAEDT version 1.0.1.
PyAEDT INFO: Initializing new Desktop session.
PyAEDT INFO: AEDT version 2026.1.
PyAEDT INFO: New AEDT session is starting on gRPC port 3400.
PyAEDT INFO: Starting new AEDT gRPC session on port 3400.
PyAEDT INFO: Launching AEDT server with gRPC transport mode: TransportMode.WNUA
PyAEDT INFO: Electronics Desktop started on gRPC port 3400 after 5.4 seconds.
PyAEDT INFO: AEDT installation Path C:\Program Files\ANSYS Inc\v261\AnsysEM
PyAEDT INFO: Connected to AEDT gRPC session on port 3400.
PyAEDT INFO: Non-graphical mode detected. Disabling Desktop logs.
PyAEDT INFO: Parsing C:\ffzhzh\LocalFiles\Ansys_Project_Files\temp_train_TSV_RDL_208_1783660212_33328.aedt.
PyAEDT INFO: Python version 3.11.15 | packaged by Anaconda, Inc. | (main, Mar 11 2026, 17:12:15) [MSC v.1942 64 bit (AMD64)].
PyAEDT INFO: PyAEDT version 1.0.1.
PyAEDT INFO: Returning found Desktop session with PID 34200!
PyAEDT INFO: File C:\ffzhzh\LocalFiles\Ansys_Project_Files\temp_train_TSV_RDL_208_1783660212_33328.aedt correctly loaded. Elapsed time: 0m 0sec
PyAEDT INFO: Project temp_train_TSV_RDL_208_1783660212_33328 has been opened.
PyAEDT INFO: Active Design set to TSV_RDL
PyAEDT INFO: AEDT objects correctly read
PyAEDT INFO: Modeler class has been initialized! Elapsed time: 0m 0sec
PyAEDT INFO: Project temp_train_TSV_RDL_208_1783660212_33328 Saved correctly
PyAEDT INFO: Key Desktop/ActiveDSOConfigurations/HFSS correctly changed.
PyAEDT INFO: Solving all design setups. Analysis started...
PyAEDT INFO: Design setup None solved correctly in 0.0h 9.0m 12.0s
PyAEDT INFO: Key Desktop/ActiveDSOConfigurations/HFSS correctly changed.
PyAEDT INFO: Exporting Touchstone C:/ffzhzh/LocalFiles/Ansys_Project_Files/temp_train_TSV_RDL_206_1783659665_29156_SNP/temp_train_TSV_RDL_206_1783659665_29156.s2p
PyAEDT INFO: Touchstone correctly exported to C:/ffzhzh/LocalFiles/Ansys_Project_Files/temp_train_TSV_RDL_206_1783659665_29156_SNP/temp_train_TSV_RDL_206_1783659665_29156.s2p
[train / TSV_RDL - Task 206] simulation completed: C:\ffzhzh\SyncFiles\Temp\HFSS_sim\LHS400_Connection2\train\TSV_RDL\dut206.s2p
PyAEDT INFO: Desktop has been released and closed.
[train / TSV_RDL - Task 209] simulation started.
PyAEDT INFO: Python version 3.11.15 | packaged by Anaconda, Inc. | (main, Mar 11 2026, 17:12:15) [MSC v.1942 64 bit (AMD64)].
PyAEDT INFO: PyAEDT version 1.0.1.
PyAEDT INFO: Initializing new Desktop session.
PyAEDT INFO: AEDT version 2026.1.
PyAEDT INFO: New AEDT session is starting on gRPC port 3472.
PyAEDT INFO: Starting new AEDT gRPC session on port 3472.
PyAEDT INFO: Launching AEDT server with gRPC transport mode: TransportMode.WNUA
PyAEDT INFO: Electronics Desktop started on gRPC port 3472 after 5.3 seconds.
PyAEDT INFO: AEDT installation Path C:\Program Files\ANSYS Inc\v261\AnsysEM
PyAEDT INFO: Connected to AEDT gRPC session on port 3472.
PyAEDT INFO: Non-graphical mode detected. Disabling Desktop logs.
PyAEDT INFO: Parsing C:\ffzhzh\LocalFiles\Ansys_Project_Files\temp_train_TSV_RDL_209_1783660242_29156.aedt.
PyAEDT INFO: Python version 3.11.15 | packaged by Anaconda, Inc. | (main, Mar 11 2026, 17:12:15) [MSC v.1942 64 bit (AMD64)].
PyAEDT INFO: PyAEDT version 1.0.1.
PyAEDT INFO: Returning found Desktop session with PID 40364!
PyAEDT INFO: File C:\ffzhzh\LocalFiles\Ansys_Project_Files\temp_train_TSV_RDL_209_1783660242_29156.aedt correctly loaded. Elapsed time: 0m 0sec
PyAEDT INFO: Project temp_train_TSV_RDL_209_1783660242_29156 has been opened.
PyAEDT INFO: Active Design set to TSV_RDL
PyAEDT INFO: AEDT objects correctly read
PyAEDT INFO: Modeler class has been initialized! Elapsed time: 0m 0sec
PyAEDT INFO: Project temp_train_TSV_RDL_209_1783660242_29156 Saved correctly
PyAEDT INFO: Key Desktop/ActiveDSOConfigurations/HFSS correctly changed.
PyAEDT INFO: Solving all design setups. Analysis started...
PyAEDT INFO: Design setup None solved correctly in 0.0h 8.0m 54.0s
PyAEDT INFO: Key Desktop/ActiveDSOConfigurations/HFSS correctly changed.
PyAEDT INFO: Exporting Touchstone C:/ffzhzh/LocalFiles/Ansys_Project_Files/temp_train_TSV_RDL_207_1783660086_26216_SNP/temp_train_TSV_RDL_207_1783660086_26216.s2p
PyAEDT INFO: Touchstone correctly exported to C:/ffzhzh/LocalFiles/Ansys_Project_Files/temp_train_TSV_RDL_207_1783660086_26216_SNP/temp_train_TSV_RDL_207_1783660086_26216.s2p
[train / TSV_RDL - Task 207] simulation completed: C:\ffzhzh\SyncFiles\Temp\HFSS_sim\LHS400_Connection2\train\TSV_RDL\dut207.s2p
PyAEDT INFO: Desktop has been released and closed.
[train / TSV_RDL - Task 210] simulation started.
PyAEDT INFO: Python version 3.11.15 | packaged by Anaconda, Inc. | (main, Mar 11 2026, 17:12:15) [MSC v.1942 64 bit (AMD64)].
PyAEDT INFO: PyAEDT version 1.0.1.
PyAEDT INFO: Initializing new Desktop session.
PyAEDT INFO: AEDT version 2026.1.
PyAEDT INFO: New AEDT session is starting on gRPC port 2739.
PyAEDT INFO: Starting new AEDT gRPC session on port 2739.
PyAEDT INFO: Launching AEDT server with gRPC transport mode: TransportMode.WNUA
PyAEDT INFO: Electronics Desktop started on gRPC port 2739 after 5.4 seconds.
PyAEDT INFO: AEDT installation Path C:\Program Files\ANSYS Inc\v261\AnsysEM
PyAEDT INFO: Connected to AEDT gRPC session on port 2739.
PyAEDT INFO: Non-graphical mode detected. Disabling Desktop logs.
PyAEDT INFO: Parsing C:\ffzhzh\LocalFiles\Ansys_Project_Files\temp_train_TSV_RDL_210_1783660641_26216.aedt.
PyAEDT INFO: Python version 3.11.15 | packaged by Anaconda, Inc. | (main, Mar 11 2026, 17:12:15) [MSC v.1942 64 bit (AMD64)].
PyAEDT INFO: PyAEDT version 1.0.1.
PyAEDT INFO: Returning found Desktop session with PID 19184!
PyAEDT INFO: File C:\ffzhzh\LocalFiles\Ansys_Project_Files\temp_train_TSV_RDL_210_1783660641_26216.aedt correctly loaded. Elapsed time: 0m 0sec
PyAEDT INFO: Project temp_train_TSV_RDL_210_1783660641_26216 has been opened.
PyAEDT INFO: Active Design set to TSV_RDL
PyAEDT INFO: AEDT objects correctly read
PyAEDT INFO: Modeler class has been initialized! Elapsed time: 0m 0sec
PyAEDT INFO: Project temp_train_TSV_RDL_210_1783660641_26216 Saved correctly
PyAEDT INFO: Key Desktop/ActiveDSOConfigurations/HFSS correctly changed.
PyAEDT INFO: Solving all design setups. Analysis started...
PyAEDT INFO: Design setup None solved correctly in 0.0h 7.0m 53.0s
PyAEDT INFO: Key Desktop/ActiveDSOConfigurations/HFSS correctly changed.
PyAEDT INFO: Exporting Touchstone C:/ffzhzh/LocalFiles/Ansys_Project_Files/temp_train_TSV_RDL_208_1783660212_33328_SNP/temp_train_TSV_RDL_208_1783660212_33328.s2p
PyAEDT INFO: Touchstone correctly exported to C:/ffzhzh/LocalFiles/Ansys_Project_Files/temp_train_TSV_RDL_208_1783660212_33328_SNP/temp_train_TSV_RDL_208_1783660212_33328.s2p
[train / TSV_RDL - Task 208] simulation completed: C:\ffzhzh\SyncFiles\Temp\HFSS_sim\LHS400_Connection2\train\TSV_RDL\dut208.s2p
PyAEDT INFO: Desktop has been released and closed.
[train / TSV_RDL - Task 211] simulation started.
PyAEDT INFO: Python version 3.11.15 | packaged by Anaconda, Inc. | (main, Mar 11 2026, 17:12:15) [MSC v.1942 64 bit (AMD64)].
PyAEDT INFO: PyAEDT version 1.0.1.
PyAEDT INFO: Initializing new Desktop session.
PyAEDT INFO: AEDT version 2026.1.
PyAEDT INFO: New AEDT session is starting on gRPC port 2900.
PyAEDT INFO: Starting new AEDT gRPC session on port 2900.
PyAEDT INFO: Launching AEDT server with gRPC transport mode: TransportMode.WNUA
PyAEDT INFO: Electronics Desktop started on gRPC port 2900 after 5.3 seconds.
PyAEDT INFO: AEDT installation Path C:\Program Files\ANSYS Inc\v261\AnsysEM
PyAEDT INFO: Connected to AEDT gRPC session on port 2900.
PyAEDT INFO: Non-graphical mode detected. Disabling Desktop logs.
PyAEDT INFO: Parsing C:\ffzhzh\LocalFiles\Ansys_Project_Files\temp_train_TSV_RDL_211_1783660708_33328.aedt.
PyAEDT INFO: Python version 3.11.15 | packaged by Anaconda, Inc. | (main, Mar 11 2026, 17:12:15) [MSC v.1942 64 bit (AMD64)].
PyAEDT INFO: PyAEDT version 1.0.1.
PyAEDT INFO: Returning found Desktop session with PID 42316!
PyAEDT INFO: File C:\ffzhzh\LocalFiles\Ansys_Project_Files\temp_train_TSV_RDL_211_1783660708_33328.aedt correctly loaded. Elapsed time: 0m 0sec
PyAEDT INFO: Project temp_train_TSV_RDL_211_1783660708_33328 has been opened.
PyAEDT INFO: Active Design set to TSV_RDL
PyAEDT INFO: AEDT objects correctly read
PyAEDT INFO: Modeler class has been initialized! Elapsed time: 0m 0sec
PyAEDT INFO: Project temp_train_TSV_RDL_211_1783660708_33328 Saved correctly
PyAEDT INFO: Key Desktop/ActiveDSOConfigurations/HFSS correctly changed.
PyAEDT INFO: Solving all design setups. Analysis started...
PyAEDT INFO: Design setup None solved correctly in 0.0h 10.0m 13.0s
PyAEDT INFO: Key Desktop/ActiveDSOConfigurations/HFSS correctly changed.
PyAEDT INFO: Exporting Touchstone C:/ffzhzh/LocalFiles/Ansys_Project_Files/temp_train_TSV_RDL_209_1783660242_29156_SNP/temp_train_TSV_RDL_209_1783660242_29156.s2p
PyAEDT INFO: Touchstone correctly exported to C:/ffzhzh/LocalFiles/Ansys_Project_Files/temp_train_TSV_RDL_209_1783660242_29156_SNP/temp_train_TSV_RDL_209_1783660242_29156.s2p
[train / TSV_RDL - Task 209] simulation completed: C:\ffzhzh\SyncFiles\Temp\HFSS_sim\LHS400_Connection2\train\TSV_RDL\dut209.s2p
PyAEDT INFO: Desktop has been released and closed.
[train / TSV_RDL - Task 212] simulation started.
PyAEDT INFO: Python version 3.11.15 | packaged by Anaconda, Inc. | (main, Mar 11 2026, 17:12:15) [MSC v.1942 64 bit (AMD64)].
PyAEDT INFO: PyAEDT version 1.0.1.
PyAEDT INFO: Initializing new Desktop session.
PyAEDT INFO: AEDT version 2026.1.
PyAEDT INFO: New AEDT session is starting on gRPC port 5571.
PyAEDT INFO: Starting new AEDT gRPC session on port 5571.
PyAEDT INFO: Launching AEDT server with gRPC transport mode: TransportMode.WNUA
PyAEDT INFO: Electronics Desktop started on gRPC port 5571 after 5.5 seconds.
PyAEDT INFO: AEDT installation Path C:\Program Files\ANSYS Inc\v261\AnsysEM
PyAEDT INFO: Connected to AEDT gRPC session on port 5571.
PyAEDT INFO: Non-graphical mode detected. Disabling Desktop logs.
PyAEDT INFO: Parsing C:\ffzhzh\LocalFiles\Ansys_Project_Files\temp_train_TSV_RDL_212_1783660877_29156.aedt.
PyAEDT INFO: Python version 3.11.15 | packaged by Anaconda, Inc. | (main, Mar 11 2026, 17:12:15) [MSC v.1942 64 bit (AMD64)].
PyAEDT INFO: PyAEDT version 1.0.1.
PyAEDT INFO: Returning found Desktop session with PID 18756!
PyAEDT INFO: File C:\ffzhzh\LocalFiles\Ansys_Project_Files\temp_train_TSV_RDL_212_1783660877_29156.aedt correctly loaded. Elapsed time: 0m 0sec
PyAEDT INFO: Project temp_train_TSV_RDL_212_1783660877_29156 has been opened.
PyAEDT INFO: Active Design set to TSV_RDL
PyAEDT INFO: AEDT objects correctly read
PyAEDT INFO: Modeler class has been initialized! Elapsed time: 0m 0sec
PyAEDT INFO: Project temp_train_TSV_RDL_212_1783660877_29156 Saved correctly
PyAEDT INFO: Key Desktop/ActiveDSOConfigurations/HFSS correctly changed.
PyAEDT INFO: Solving all design setups. Analysis started...
PyAEDT INFO: Design setup None solved correctly in 0.0h 6.0m 34.0s
PyAEDT INFO: Key Desktop/ActiveDSOConfigurations/HFSS correctly changed.
PyAEDT INFO: Exporting Touchstone C:/ffzhzh/LocalFiles/Ansys_Project_Files/temp_train_TSV_RDL_210_1783660641_26216_SNP/temp_train_TSV_RDL_210_1783660641_26216.s2p
PyAEDT INFO: Touchstone correctly exported to C:/ffzhzh/LocalFiles/Ansys_Project_Files/temp_train_TSV_RDL_210_1783660641_26216_SNP/temp_train_TSV_RDL_210_1783660641_26216.s2p
[train / TSV_RDL - Task 210] simulation completed: C:\ffzhzh\SyncFiles\Temp\HFSS_sim\LHS400_Connection2\train\TSV_RDL\dut210.s2p
PyAEDT INFO: Desktop has been released and closed.
[train / TSV_RDL - Task 213] simulation started.
PyAEDT INFO: Python version 3.11.15 | packaged by Anaconda, Inc. | (main, Mar 11 2026, 17:12:15) [MSC v.1942 64 bit (AMD64)].
PyAEDT INFO: PyAEDT version 1.0.1.
PyAEDT INFO: Initializing new Desktop session.
PyAEDT INFO: AEDT version 2026.1.
PyAEDT INFO: New AEDT session is starting on gRPC port 12010.
PyAEDT INFO: Starting new AEDT gRPC session on port 12010.
PyAEDT INFO: Launching AEDT server with gRPC transport mode: TransportMode.WNUA
PyAEDT INFO: Electronics Desktop started on gRPC port 12010 after 5.2 seconds.
PyAEDT INFO: AEDT installation Path C:\Program Files\ANSYS Inc\v261\AnsysEM
PyAEDT INFO: Connected to AEDT gRPC session on port 12010.
PyAEDT INFO: Non-graphical mode detected. Disabling Desktop logs.
PyAEDT INFO: Parsing C:\ffzhzh\LocalFiles\Ansys_Project_Files\temp_train_TSV_RDL_213_1783661052_26216.aedt.
PyAEDT INFO: Python version 3.11.15 | packaged by Anaconda, Inc. | (main, Mar 11 2026, 17:12:15) [MSC v.1942 64 bit (AMD64)].
PyAEDT INFO: PyAEDT version 1.0.1.
PyAEDT INFO: Returning found Desktop session with PID 41252!
PyAEDT INFO: File C:\ffzhzh\LocalFiles\Ansys_Project_Files\temp_train_TSV_RDL_213_1783661052_26216.aedt correctly loaded. Elapsed time: 0m 0sec
PyAEDT INFO: Project temp_train_TSV_RDL_213_1783661052_26216 has been opened.
PyAEDT INFO: Active Design set to TSV_RDL
PyAEDT INFO: AEDT objects correctly read
PyAEDT INFO: Modeler class has been initialized! Elapsed time: 0m 0sec
PyAEDT INFO: Project temp_train_TSV_RDL_213_1783661052_26216 Saved correctly
PyAEDT INFO: Key Desktop/ActiveDSOConfigurations/HFSS correctly changed.
PyAEDT INFO: Solving all design setups. Analysis started...
PyAEDT INFO: Design setup None solved correctly in 0.0h 7.0m 25.0s
PyAEDT INFO: Key Desktop/ActiveDSOConfigurations/HFSS correctly changed.
PyAEDT INFO: Exporting Touchstone C:/ffzhzh/LocalFiles/Ansys_Project_Files/temp_train_TSV_RDL_211_1783660708_33328_SNP/temp_train_TSV_RDL_211_1783660708_33328.s2p
PyAEDT INFO: Touchstone correctly exported to C:/ffzhzh/LocalFiles/Ansys_Project_Files/temp_train_TSV_RDL_211_1783660708_33328_SNP/temp_train_TSV_RDL_211_1783660708_33328.s2p
[train / TSV_RDL - Task 211] simulation completed: C:\ffzhzh\SyncFiles\Temp\HFSS_sim\LHS400_Connection2\train\TSV_RDL\dut211.s2p
PyAEDT INFO: Desktop has been released and closed.
[train / TSV_RDL - Task 214] simulation started.
PyAEDT INFO: Python version 3.11.15 | packaged by Anaconda, Inc. | (main, Mar 11 2026, 17:12:15) [MSC v.1942 64 bit (AMD64)].
PyAEDT INFO: PyAEDT version 1.0.1.
PyAEDT INFO: Initializing new Desktop session.
PyAEDT INFO: AEDT version 2026.1.
PyAEDT INFO: New AEDT session is starting on gRPC port 1525.
PyAEDT INFO: Starting new AEDT gRPC session on port 1525.
PyAEDT INFO: Launching AEDT server with gRPC transport mode: TransportMode.WNUA
PyAEDT INFO: Electronics Desktop started on gRPC port 1525 after 5.3 seconds.
PyAEDT INFO: AEDT installation Path C:\Program Files\ANSYS Inc\v261\AnsysEM
PyAEDT INFO: Connected to AEDT gRPC session on port 1525.
PyAEDT INFO: Non-graphical mode detected. Disabling Desktop logs.
PyAEDT INFO: Parsing C:\ffzhzh\LocalFiles\Ansys_Project_Files\temp_train_TSV_RDL_214_1783661167_33328.aedt.
PyAEDT INFO: Python version 3.11.15 | packaged by Anaconda, Inc. | (main, Mar 11 2026, 17:12:15) [MSC v.1942 64 bit (AMD64)].
PyAEDT INFO: PyAEDT version 1.0.1.
PyAEDT INFO: Returning found Desktop session with PID 31048!
PyAEDT INFO: File C:\ffzhzh\LocalFiles\Ansys_Project_Files\temp_train_TSV_RDL_214_1783661167_33328.aedt correctly loaded. Elapsed time: 0m 0sec
PyAEDT INFO: Project temp_train_TSV_RDL_214_1783661167_33328 has been opened.
PyAEDT INFO: Active Design set to TSV_RDL
PyAEDT INFO: AEDT objects correctly read
PyAEDT INFO: Modeler class has been initialized! Elapsed time: 0m 0sec
PyAEDT INFO: Project temp_train_TSV_RDL_214_1783661167_33328 Saved correctly
PyAEDT INFO: Key Desktop/ActiveDSOConfigurations/HFSS correctly changed.
PyAEDT INFO: Solving all design setups. Analysis started...
PyAEDT INFO: Design setup None solved correctly in 0.0h 10.0m 2.0s
PyAEDT INFO: Key Desktop/ActiveDSOConfigurations/HFSS correctly changed.
PyAEDT INFO: Exporting Touchstone C:/ffzhzh/LocalFiles/Ansys_Project_Files/temp_train_TSV_RDL_212_1783660877_29156_SNP/temp_train_TSV_RDL_212_1783660877_29156.s2p
PyAEDT INFO: Touchstone correctly exported to C:/ffzhzh/LocalFiles/Ansys_Project_Files/temp_train_TSV_RDL_212_1783660877_29156_SNP/temp_train_TSV_RDL_212_1783660877_29156.s2p
[train / TSV_RDL - Task 212] simulation completed: C:\ffzhzh\SyncFiles\Temp\HFSS_sim\LHS400_Connection2\train\TSV_RDL\dut212.s2p
PyAEDT INFO: Desktop has been released and closed.
[train / TSV_RDL - Task 215] simulation started.
PyAEDT INFO: Python version 3.11.15 | packaged by Anaconda, Inc. | (main, Mar 11 2026, 17:12:15) [MSC v.1942 64 bit (AMD64)].
PyAEDT INFO: PyAEDT version 1.0.1.
PyAEDT INFO: Initializing new Desktop session.
PyAEDT INFO: AEDT version 2026.1.
PyAEDT INFO: New AEDT session is starting on gRPC port 5230.
PyAEDT INFO: Starting new AEDT gRPC session on port 5230.
PyAEDT INFO: Launching AEDT server with gRPC transport mode: TransportMode.WNUA
PyAEDT INFO: Electronics Desktop started on gRPC port 5230 after 5.5 seconds.
PyAEDT INFO: AEDT installation Path C:\Program Files\ANSYS Inc\v261\AnsysEM
PyAEDT INFO: Connected to AEDT gRPC session on port 5230.
PyAEDT INFO: Non-graphical mode detected. Disabling Desktop logs.
PyAEDT INFO: Parsing C:\ffzhzh\LocalFiles\Ansys_Project_Files\temp_train_TSV_RDL_215_1783661502_29156.aedt.
PyAEDT INFO: Python version 3.11.15 | packaged by Anaconda, Inc. | (main, Mar 11 2026, 17:12:15) [MSC v.1942 64 bit (AMD64)].
PyAEDT INFO: PyAEDT version 1.0.1.
PyAEDT INFO: Returning found Desktop session with PID 18508!
PyAEDT INFO: File C:\ffzhzh\LocalFiles\Ansys_Project_Files\temp_train_TSV_RDL_215_1783661502_29156.aedt correctly loaded. Elapsed time: 0m 0sec
PyAEDT INFO: Project temp_train_TSV_RDL_215_1783661502_29156 has been opened.
PyAEDT INFO: Active Design set to TSV_RDL
PyAEDT INFO: AEDT objects correctly read
PyAEDT INFO: Modeler class has been initialized! Elapsed time: 0m 0sec
PyAEDT INFO: Project temp_train_TSV_RDL_215_1783661502_29156 Saved correctly
PyAEDT INFO: Key Desktop/ActiveDSOConfigurations/HFSS correctly changed.
PyAEDT INFO: Solving all design setups. Analysis started...
PyAEDT INFO: Design setup None solved correctly in 0.0h 8.0m 56.0s
PyAEDT INFO: Key Desktop/ActiveDSOConfigurations/HFSS correctly changed.
PyAEDT INFO: Exporting Touchstone C:/ffzhzh/LocalFiles/Ansys_Project_Files/temp_train_TSV_RDL_213_1783661052_26216_SNP/temp_train_TSV_RDL_213_1783661052_26216.s2p
PyAEDT INFO: Touchstone correctly exported to C:/ffzhzh/LocalFiles/Ansys_Project_Files/temp_train_TSV_RDL_213_1783661052_26216_SNP/temp_train_TSV_RDL_213_1783661052_26216.s2p
[train / TSV_RDL - Task 213] simulation completed: C:\ffzhzh\SyncFiles\Temp\HFSS_sim\LHS400_Connection2\train\TSV_RDL\dut213.s2p
PyAEDT INFO: Desktop has been released and closed.
[train / TSV_RDL - Task 216] simulation started.
PyAEDT INFO: Python version 3.11.15 | packaged by Anaconda, Inc. | (main, Mar 11 2026, 17:12:15) [MSC v.1942 64 bit (AMD64)].
PyAEDT INFO: PyAEDT version 1.0.1.
PyAEDT INFO: Initializing new Desktop session.
PyAEDT INFO: AEDT version 2026.1.
PyAEDT INFO: New AEDT session is starting on gRPC port 6230.
PyAEDT INFO: Starting new AEDT gRPC session on port 6230.
PyAEDT INFO: Launching AEDT server with gRPC transport mode: TransportMode.WNUA
PyAEDT INFO: Electronics Desktop started on gRPC port 6230 after 5.3 seconds.
PyAEDT INFO: AEDT installation Path C:\Program Files\ANSYS Inc\v261\AnsysEM
PyAEDT INFO: Connected to AEDT gRPC session on port 6230.
PyAEDT INFO: Non-graphical mode detected. Disabling Desktop logs.
PyAEDT INFO: Parsing C:\ffzhzh\LocalFiles\Ansys_Project_Files\temp_train_TSV_RDL_216_1783661602_26216.aedt.
PyAEDT INFO: Python version 3.11.15 | packaged by Anaconda, Inc. | (main, Mar 11 2026, 17:12:15) [MSC v.1942 64 bit (AMD64)].
PyAEDT INFO: PyAEDT version 1.0.1.
PyAEDT INFO: Returning found Desktop session with PID 20436!
PyAEDT INFO: File C:\ffzhzh\LocalFiles\Ansys_Project_Files\temp_train_TSV_RDL_216_1783661602_26216.aedt correctly loaded. Elapsed time: 0m 0sec
PyAEDT INFO: Project temp_train_TSV_RDL_216_1783661602_26216 has been opened.
PyAEDT INFO: Active Design set to TSV_RDL
PyAEDT INFO: AEDT objects correctly read
PyAEDT INFO: Modeler class has been initialized! Elapsed time: 0m 0sec
PyAEDT INFO: Project temp_train_TSV_RDL_216_1783661602_26216 Saved correctly
PyAEDT INFO: Key Desktop/ActiveDSOConfigurations/HFSS correctly changed.
PyAEDT INFO: Solving all design setups. Analysis started...
PyAEDT INFO: Design setup None solved correctly in 0.0h 11.0m 7.0s
PyAEDT INFO: Key Desktop/ActiveDSOConfigurations/HFSS correctly changed.
PyAEDT INFO: Exporting Touchstone C:/ffzhzh/LocalFiles/Ansys_Project_Files/temp_train_TSV_RDL_214_1783661167_33328_SNP/temp_train_TSV_RDL_214_1783661167_33328.s2p
PyAEDT INFO: Touchstone correctly exported to C:/ffzhzh/LocalFiles/Ansys_Project_Files/temp_train_TSV_RDL_214_1783661167_33328_SNP/temp_train_TSV_RDL_214_1783661167_33328.s2p
[train / TSV_RDL - Task 214] simulation completed: C:\ffzhzh\SyncFiles\Temp\HFSS_sim\LHS400_Connection2\train\TSV_RDL\dut214.s2p
PyAEDT INFO: Desktop has been released and closed.
[train / TSV_RDL - Task 217] simulation started.
PyAEDT INFO: Python version 3.11.15 | packaged by Anaconda, Inc. | (main, Mar 11 2026, 17:12:15) [MSC v.1942 64 bit (AMD64)].
PyAEDT INFO: PyAEDT version 1.0.1.
PyAEDT INFO: Initializing new Desktop session.
PyAEDT INFO: AEDT version 2026.1.
PyAEDT INFO: New AEDT session is starting on gRPC port 8990.
PyAEDT INFO: Starting new AEDT gRPC session on port 8990.
PyAEDT INFO: Launching AEDT server with gRPC transport mode: TransportMode.WNUA
PyAEDT INFO: Electronics Desktop started on gRPC port 8990 after 5.4 seconds.
PyAEDT INFO: AEDT installation Path C:\Program Files\ANSYS Inc\v261\AnsysEM
PyAEDT INFO: Connected to AEDT gRPC session on port 8990.
PyAEDT INFO: Non-graphical mode detected. Disabling Desktop logs.
PyAEDT INFO: Parsing C:\ffzhzh\LocalFiles\Ansys_Project_Files\temp_train_TSV_RDL_217_1783661854_33328.aedt.
PyAEDT INFO: Python version 3.11.15 | packaged by Anaconda, Inc. | (main, Mar 11 2026, 17:12:15) [MSC v.1942 64 bit (AMD64)].
PyAEDT INFO: PyAEDT version 1.0.1.
PyAEDT INFO: Returning found Desktop session with PID 5056!
PyAEDT INFO: File C:\ffzhzh\LocalFiles\Ansys_Project_Files\temp_train_TSV_RDL_217_1783661854_33328.aedt correctly loaded. Elapsed time: 0m 0sec
PyAEDT INFO: Project temp_train_TSV_RDL_217_1783661854_33328 has been opened.
PyAEDT INFO: Active Design set to TSV_RDL
PyAEDT INFO: AEDT objects correctly read
PyAEDT INFO: Modeler class has been initialized! Elapsed time: 0m 0sec
PyAEDT INFO: Project temp_train_TSV_RDL_217_1783661854_33328 Saved correctly
PyAEDT INFO: Key Desktop/ActiveDSOConfigurations/HFSS correctly changed.
PyAEDT INFO: Solving all design setups. Analysis started...
PyAEDT INFO: Design setup None solved correctly in 0.0h 8.0m 22.0s
PyAEDT INFO: Key Desktop/ActiveDSOConfigurations/HFSS correctly changed.
PyAEDT INFO: Exporting Touchstone C:/ffzhzh/LocalFiles/Ansys_Project_Files/temp_train_TSV_RDL_216_1783661602_26216_SNP/temp_train_TSV_RDL_216_1783661602_26216.s2p
PyAEDT INFO: Touchstone correctly exported to C:/ffzhzh/LocalFiles/Ansys_Project_Files/temp_train_TSV_RDL_216_1783661602_26216_SNP/temp_train_TSV_RDL_216_1783661602_26216.s2p
[train / TSV_RDL - Task 216] simulation completed: C:\ffzhzh\SyncFiles\Temp\HFSS_sim\LHS400_Connection2\train\TSV_RDL\dut216.s2p
PyAEDT INFO: Desktop has been released and closed.
[train / TSV_RDL - Task 218] simulation started.
PyAEDT INFO: Python version 3.11.15 | packaged by Anaconda, Inc. | (main, Mar 11 2026, 17:12:15) [MSC v.1942 64 bit (AMD64)].
PyAEDT INFO: PyAEDT version 1.0.1.
PyAEDT INFO: Initializing new Desktop session.
PyAEDT INFO: AEDT version 2026.1.
PyAEDT INFO: New AEDT session is starting on gRPC port 8873.
PyAEDT INFO: Starting new AEDT gRPC session on port 8873.
PyAEDT INFO: Launching AEDT server with gRPC transport mode: TransportMode.WNUA
PyAEDT INFO: Electronics Desktop started on gRPC port 8873 after 5.4 seconds.
PyAEDT INFO: AEDT installation Path C:\Program Files\ANSYS Inc\v261\AnsysEM
PyAEDT INFO: Connected to AEDT gRPC session on port 8873.
PyAEDT INFO: Non-graphical mode detected. Disabling Desktop logs.
PyAEDT INFO: Parsing C:\ffzhzh\LocalFiles\Ansys_Project_Files\temp_train_TSV_RDL_218_1783662123_26216.aedt.
PyAEDT INFO: Python version 3.11.15 | packaged by Anaconda, Inc. | (main, Mar 11 2026, 17:12:15) [MSC v.1942 64 bit (AMD64)].
PyAEDT INFO: PyAEDT version 1.0.1.
PyAEDT INFO: Returning found Desktop session with PID 34824!
PyAEDT INFO: File C:\ffzhzh\LocalFiles\Ansys_Project_Files\temp_train_TSV_RDL_218_1783662123_26216.aedt correctly loaded. Elapsed time: 0m 0sec
PyAEDT INFO: Project temp_train_TSV_RDL_218_1783662123_26216 has been opened.
PyAEDT INFO: Active Design set to TSV_RDL
PyAEDT INFO: AEDT objects correctly read
PyAEDT INFO: Modeler class has been initialized! Elapsed time: 0m 0sec
PyAEDT INFO: Project temp_train_TSV_RDL_218_1783662123_26216 Saved correctly
PyAEDT INFO: Key Desktop/ActiveDSOConfigurations/HFSS correctly changed.
PyAEDT INFO: Solving all design setups. Analysis started...
PyAEDT INFO: Design setup None solved correctly in 0.0h 14.0m 17.0s
PyAEDT INFO: Key Desktop/ActiveDSOConfigurations/HFSS correctly changed.
PyAEDT INFO: Exporting Touchstone C:/ffzhzh/LocalFiles/Ansys_Project_Files/temp_train_TSV_RDL_215_1783661502_29156_SNP/temp_train_TSV_RDL_215_1783661502_29156.s2p
PyAEDT INFO: Touchstone correctly exported to C:/ffzhzh/LocalFiles/Ansys_Project_Files/temp_train_TSV_RDL_215_1783661502_29156_SNP/temp_train_TSV_RDL_215_1783661502_29156.s2p
[train / TSV_RDL - Task 215] simulation completed: C:\ffzhzh\SyncFiles\Temp\HFSS_sim\LHS400_Connection2\train\TSV_RDL\dut215.s2p
PyAEDT INFO: Desktop has been released and closed.
[train / TSV_RDL - Task 219] simulation started.
PyAEDT INFO: Python version 3.11.15 | packaged by Anaconda, Inc. | (main, Mar 11 2026, 17:12:15) [MSC v.1942 64 bit (AMD64)].
PyAEDT INFO: PyAEDT version 1.0.1.
PyAEDT INFO: Initializing new Desktop session.
PyAEDT INFO: AEDT version 2026.1.
PyAEDT INFO: New AEDT session is starting on gRPC port 1260.
PyAEDT INFO: Starting new AEDT gRPC session on port 1260.
PyAEDT INFO: Launching AEDT server with gRPC transport mode: TransportMode.WNUA
PyAEDT INFO: Electronics Desktop started on gRPC port 1260 after 5.1 seconds.
PyAEDT INFO: AEDT installation Path C:\Program Files\ANSYS Inc\v261\AnsysEM
PyAEDT INFO: Connected to AEDT gRPC session on port 1260.
PyAEDT INFO: Non-graphical mode detected. Disabling Desktop logs.
PyAEDT INFO: Parsing C:\ffzhzh\LocalFiles\Ansys_Project_Files\temp_train_TSV_RDL_219_1783662384_29156.aedt.
PyAEDT INFO: Python version 3.11.15 | packaged by Anaconda, Inc. | (main, Mar 11 2026, 17:12:15) [MSC v.1942 64 bit (AMD64)].
PyAEDT INFO: PyAEDT version 1.0.1.
PyAEDT INFO: Returning found Desktop session with PID 33908!
PyAEDT INFO: File C:\ffzhzh\LocalFiles\Ansys_Project_Files\temp_train_TSV_RDL_219_1783662384_29156.aedt correctly loaded. Elapsed time: 0m 0sec
PyAEDT INFO: Project temp_train_TSV_RDL_219_1783662384_29156 has been opened.
PyAEDT INFO: Active Design set to TSV_RDL
PyAEDT INFO: AEDT objects correctly read
PyAEDT INFO: Modeler class has been initialized! Elapsed time: 0m 0sec
PyAEDT INFO: Project temp_train_TSV_RDL_219_1783662384_29156 Saved correctly
PyAEDT INFO: Key Desktop/ActiveDSOConfigurations/HFSS correctly changed.
PyAEDT INFO: Solving all design setups. Analysis started...
PyAEDT INFO: Design setup None solved correctly in 0.0h 13.0m 22.0s
PyAEDT INFO: Key Desktop/ActiveDSOConfigurations/HFSS correctly changed.
PyAEDT INFO: Exporting Touchstone C:/ffzhzh/LocalFiles/Ansys_Project_Files/temp_train_TSV_RDL_217_1783661854_33328_SNP/temp_train_TSV_RDL_217_1783661854_33328.s2p
PyAEDT INFO: Touchstone correctly exported to C:/ffzhzh/LocalFiles/Ansys_Project_Files/temp_train_TSV_RDL_217_1783661854_33328_SNP/temp_train_TSV_RDL_217_1783661854_33328.s2p
[train / TSV_RDL - Task 217] simulation completed: C:\ffzhzh\SyncFiles\Temp\HFSS_sim\LHS400_Connection2\train\TSV_RDL\dut217.s2p
PyAEDT INFO: Desktop has been released and closed.
[train / TSV_RDL - Task 220] simulation started.
PyAEDT INFO: Python version 3.11.15 | packaged by Anaconda, Inc. | (main, Mar 11 2026, 17:12:15) [MSC v.1942 64 bit (AMD64)].
PyAEDT INFO: PyAEDT version 1.0.1.
PyAEDT INFO: Initializing new Desktop session.
PyAEDT INFO: AEDT version 2026.1.
PyAEDT INFO: New AEDT session is starting on gRPC port 9988.
PyAEDT INFO: Starting new AEDT gRPC session on port 9988.
PyAEDT INFO: Launching AEDT server with gRPC transport mode: TransportMode.WNUA
PyAEDT INFO: Electronics Desktop started on gRPC port 9988 after 5.2 seconds.
PyAEDT INFO: AEDT installation Path C:\Program Files\ANSYS Inc\v261\AnsysEM
PyAEDT INFO: Connected to AEDT gRPC session on port 9988.
PyAEDT INFO: Non-graphical mode detected. Disabling Desktop logs.
PyAEDT INFO: Parsing C:\ffzhzh\LocalFiles\Ansys_Project_Files\temp_train_TSV_RDL_220_1783662674_33328.aedt.
PyAEDT INFO: Python version 3.11.15 | packaged by Anaconda, Inc. | (main, Mar 11 2026, 17:12:15) [MSC v.1942 64 bit (AMD64)].
PyAEDT INFO: PyAEDT version 1.0.1.
PyAEDT INFO: Returning found Desktop session with PID 42132!
PyAEDT INFO: File C:\ffzhzh\LocalFiles\Ansys_Project_Files\temp_train_TSV_RDL_220_1783662674_33328.aedt correctly loaded. Elapsed time: 0m 0sec
PyAEDT INFO: Project temp_train_TSV_RDL_220_1783662674_33328 has been opened.
PyAEDT INFO: Active Design set to TSV_RDL
PyAEDT INFO: AEDT objects correctly read
PyAEDT INFO: Modeler class has been initialized! Elapsed time: 0m 0sec
PyAEDT INFO: Project temp_train_TSV_RDL_220_1783662674_33328 Saved correctly
PyAEDT INFO: Key Desktop/ActiveDSOConfigurations/HFSS correctly changed.
PyAEDT INFO: Solving all design setups. Analysis started...
PyAEDT INFO: Design setup None solved correctly in 0.0h 14.0m 53.0s
PyAEDT INFO: Key Desktop/ActiveDSOConfigurations/HFSS correctly changed.
PyAEDT INFO: Exporting Touchstone C:/ffzhzh/LocalFiles/Ansys_Project_Files/temp_train_TSV_RDL_218_1783662123_26216_SNP/temp_train_TSV_RDL_218_1783662123_26216.s2p
PyAEDT INFO: Touchstone correctly exported to C:/ffzhzh/LocalFiles/Ansys_Project_Files/temp_train_TSV_RDL_218_1783662123_26216_SNP/temp_train_TSV_RDL_218_1783662123_26216.s2p
[train / TSV_RDL - Task 218] simulation completed: C:\ffzhzh\SyncFiles\Temp\HFSS_sim\LHS400_Connection2\train\TSV_RDL\dut218.s2p
PyAEDT INFO: Desktop has been released and closed.
[train / TSV_RDL - Task 221] simulation started.
PyAEDT INFO: Python version 3.11.15 | packaged by Anaconda, Inc. | (main, Mar 11 2026, 17:12:15) [MSC v.1942 64 bit (AMD64)].
PyAEDT INFO: PyAEDT version 1.0.1.
PyAEDT INFO: Initializing new Desktop session.
PyAEDT INFO: AEDT version 2026.1.
PyAEDT INFO: New AEDT session is starting on gRPC port 11038.
PyAEDT INFO: Starting new AEDT gRPC session on port 11038.
PyAEDT INFO: Launching AEDT server with gRPC transport mode: TransportMode.WNUA
PyAEDT INFO: Electronics Desktop started on gRPC port 11038 after 5.3 seconds.
PyAEDT INFO: AEDT installation Path C:\Program Files\ANSYS Inc\v261\AnsysEM
PyAEDT INFO: Connected to AEDT gRPC session on port 11038.
PyAEDT INFO: Non-graphical mode detected. Disabling Desktop logs.
PyAEDT INFO: Parsing C:\ffzhzh\LocalFiles\Ansys_Project_Files\temp_train_TSV_RDL_221_1783663030_26216.aedt.
PyAEDT INFO: Python version 3.11.15 | packaged by Anaconda, Inc. | (main, Mar 11 2026, 17:12:15) [MSC v.1942 64 bit (AMD64)].
PyAEDT INFO: PyAEDT version 1.0.1.
PyAEDT INFO: Returning found Desktop session with PID 42340!
PyAEDT INFO: File C:\ffzhzh\LocalFiles\Ansys_Project_Files\temp_train_TSV_RDL_221_1783663030_26216.aedt correctly loaded. Elapsed time: 0m 0sec
PyAEDT INFO: Project temp_train_TSV_RDL_221_1783663030_26216 has been opened.
PyAEDT INFO: Active Design set to TSV_RDL
PyAEDT INFO: AEDT objects correctly read
PyAEDT INFO: Modeler class has been initialized! Elapsed time: 0m 0sec
PyAEDT INFO: Project temp_train_TSV_RDL_221_1783663030_26216 Saved correctly
PyAEDT INFO: Key Desktop/ActiveDSOConfigurations/HFSS correctly changed.
PyAEDT INFO: Solving all design setups. Analysis started...
PyAEDT INFO: Design setup None solved correctly in 0.0h 12.0m 5.0s
PyAEDT INFO: Key Desktop/ActiveDSOConfigurations/HFSS correctly changed.
PyAEDT INFO: Exporting Touchstone C:/ffzhzh/LocalFiles/Ansys_Project_Files/temp_train_TSV_RDL_219_1783662384_29156_SNP/temp_train_TSV_RDL_219_1783662384_29156.s2p
PyAEDT INFO: Touchstone correctly exported to C:/ffzhzh/LocalFiles/Ansys_Project_Files/temp_train_TSV_RDL_219_1783662384_29156_SNP/temp_train_TSV_RDL_219_1783662384_29156.s2p
[train / TSV_RDL - Task 219] simulation completed: C:\ffzhzh\SyncFiles\Temp\HFSS_sim\LHS400_Connection2\train\TSV_RDL\dut219.s2p
PyAEDT INFO: Desktop has been released and closed.
[train / TSV_RDL - Task 222] simulation started.
PyAEDT INFO: Python version 3.11.15 | packaged by Anaconda, Inc. | (main, Mar 11 2026, 17:12:15) [MSC v.1942 64 bit (AMD64)].
PyAEDT INFO: PyAEDT version 1.0.1.
PyAEDT INFO: Initializing new Desktop session.
PyAEDT INFO: AEDT version 2026.1.
PyAEDT INFO: New AEDT session is starting on gRPC port 10153.
PyAEDT INFO: Starting new AEDT gRPC session on port 10153.
PyAEDT INFO: Launching AEDT server with gRPC transport mode: TransportMode.WNUA
PyAEDT INFO: Electronics Desktop started on gRPC port 10153 after 5.2 seconds.
PyAEDT INFO: AEDT installation Path C:\Program Files\ANSYS Inc\v261\AnsysEM
PyAEDT INFO: Connected to AEDT gRPC session on port 10153.
PyAEDT INFO: Non-graphical mode detected. Disabling Desktop logs.
PyAEDT INFO: Parsing C:\ffzhzh\LocalFiles\Ansys_Project_Files\temp_train_TSV_RDL_222_1783663129_29156.aedt.
PyAEDT INFO: Python version 3.11.15 | packaged by Anaconda, Inc. | (main, Mar 11 2026, 17:12:15) [MSC v.1942 64 bit (AMD64)].
PyAEDT INFO: PyAEDT version 1.0.1.
PyAEDT INFO: Returning found Desktop session with PID 11096!
PyAEDT INFO: File C:\ffzhzh\LocalFiles\Ansys_Project_Files\temp_train_TSV_RDL_222_1783663129_29156.aedt correctly loaded. Elapsed time: 0m 0sec
PyAEDT INFO: Project temp_train_TSV_RDL_222_1783663129_29156 has been opened.
PyAEDT INFO: Active Design set to TSV_RDL
PyAEDT INFO: AEDT objects correctly read
PyAEDT INFO: Modeler class has been initialized! Elapsed time: 0m 0sec
PyAEDT INFO: Project temp_train_TSV_RDL_222_1783663129_29156 Saved correctly
PyAEDT INFO: Key Desktop/ActiveDSOConfigurations/HFSS correctly changed.
PyAEDT INFO: Solving all design setups. Analysis started...
PyAEDT INFO: Design setup None solved correctly in 0.0h 10.0m 2.0s
PyAEDT INFO: Key Desktop/ActiveDSOConfigurations/HFSS correctly changed.
PyAEDT INFO: Exporting Touchstone C:/ffzhzh/LocalFiles/Ansys_Project_Files/temp_train_TSV_RDL_220_1783662674_33328_SNP/temp_train_TSV_RDL_220_1783662674_33328.s2p
PyAEDT INFO: Touchstone correctly exported to C:/ffzhzh/LocalFiles/Ansys_Project_Files/temp_train_TSV_RDL_220_1783662674_33328_SNP/temp_train_TSV_RDL_220_1783662674_33328.s2p
[train / TSV_RDL - Task 220] simulation completed: C:\ffzhzh\SyncFiles\Temp\HFSS_sim\LHS400_Connection2\train\TSV_RDL\dut220.s2p
PyAEDT INFO: Desktop has been released and closed.
[train / TSV_RDL - Task 223] simulation started.
PyAEDT INFO: Python version 3.11.15 | packaged by Anaconda, Inc. | (main, Mar 11 2026, 17:12:15) [MSC v.1942 64 bit (AMD64)].
PyAEDT INFO: PyAEDT version 1.0.1.
PyAEDT INFO: Initializing new Desktop session.
PyAEDT INFO: AEDT version 2026.1.
PyAEDT INFO: New AEDT session is starting on gRPC port 5733.
PyAEDT INFO: Starting new AEDT gRPC session on port 5733.
PyAEDT INFO: Launching AEDT server with gRPC transport mode: TransportMode.WNUA
PyAEDT INFO: Electronics Desktop started on gRPC port 5733 after 5.4 seconds.
PyAEDT INFO: AEDT installation Path C:\Program Files\ANSYS Inc\v261\AnsysEM
PyAEDT INFO: Connected to AEDT gRPC session on port 5733.
PyAEDT INFO: Non-graphical mode detected. Disabling Desktop logs.
PyAEDT INFO: Parsing C:\ffzhzh\LocalFiles\Ansys_Project_Files\temp_train_TSV_RDL_223_1783663295_33328.aedt.
PyAEDT INFO: Python version 3.11.15 | packaged by Anaconda, Inc. | (main, Mar 11 2026, 17:12:15) [MSC v.1942 64 bit (AMD64)].
PyAEDT INFO: PyAEDT version 1.0.1.
PyAEDT INFO: Returning found Desktop session with PID 11796!
PyAEDT INFO: File C:\ffzhzh\LocalFiles\Ansys_Project_Files\temp_train_TSV_RDL_223_1783663295_33328.aedt correctly loaded. Elapsed time: 0m 0sec
PyAEDT INFO: Project temp_train_TSV_RDL_223_1783663295_33328 has been opened.
PyAEDT INFO: Active Design set to TSV_RDL
PyAEDT INFO: AEDT objects correctly read
PyAEDT INFO: Modeler class has been initialized! Elapsed time: 0m 0sec
PyAEDT INFO: Project temp_train_TSV_RDL_223_1783663295_33328 Saved correctly
PyAEDT INFO: Key Desktop/ActiveDSOConfigurations/HFSS correctly changed.
PyAEDT INFO: Solving all design setups. Analysis started...
PyAEDT INFO: Design setup None solved correctly in 0.0h 7.0m 5.0s
PyAEDT INFO: Key Desktop/ActiveDSOConfigurations/HFSS correctly changed.
PyAEDT INFO: Exporting Touchstone C:/ffzhzh/LocalFiles/Ansys_Project_Files/temp_train_TSV_RDL_222_1783663129_29156_SNP/temp_train_TSV_RDL_222_1783663129_29156.s2p
PyAEDT INFO: Touchstone correctly exported to C:/ffzhzh/LocalFiles/Ansys_Project_Files/temp_train_TSV_RDL_222_1783663129_29156_SNP/temp_train_TSV_RDL_222_1783663129_29156.s2p
[train / TSV_RDL - Task 222] simulation completed: C:\ffzhzh\SyncFiles\Temp\HFSS_sim\LHS400_Connection2\train\TSV_RDL\dut222.s2p
PyAEDT INFO: Desktop has been released and closed.
[train / TSV_RDL - Task 224] simulation started.
PyAEDT INFO: Python version 3.11.15 | packaged by Anaconda, Inc. | (main, Mar 11 2026, 17:12:15) [MSC v.1942 64 bit (AMD64)].
PyAEDT INFO: PyAEDT version 1.0.1.
PyAEDT INFO: Initializing new Desktop session.
PyAEDT INFO: AEDT version 2026.1.
PyAEDT INFO: New AEDT session is starting on gRPC port 8416.
PyAEDT INFO: Starting new AEDT gRPC session on port 8416.
PyAEDT INFO: Launching AEDT server with gRPC transport mode: TransportMode.WNUA
PyAEDT INFO: Electronics Desktop started on gRPC port 8416 after 5.9 seconds.
PyAEDT INFO: AEDT installation Path C:\Program Files\ANSYS Inc\v261\AnsysEM
PyAEDT INFO: Connected to AEDT gRPC session on port 8416.
PyAEDT INFO: Non-graphical mode detected. Disabling Desktop logs.
PyAEDT INFO: Parsing C:\ffzhzh\LocalFiles\Ansys_Project_Files\temp_train_TSV_RDL_224_1783663572_29156.aedt.
PyAEDT INFO: Python version 3.11.15 | packaged by Anaconda, Inc. | (main, Mar 11 2026, 17:12:15) [MSC v.1942 64 bit (AMD64)].
PyAEDT INFO: PyAEDT version 1.0.1.
PyAEDT INFO: Returning found Desktop session with PID 18696!
PyAEDT INFO: File C:\ffzhzh\LocalFiles\Ansys_Project_Files\temp_train_TSV_RDL_224_1783663572_29156.aedt correctly loaded. Elapsed time: 0m 0sec
PyAEDT INFO: Project temp_train_TSV_RDL_224_1783663572_29156 has been opened.
PyAEDT INFO: Active Design set to TSV_RDL
PyAEDT INFO: AEDT objects correctly read
PyAEDT INFO: Modeler class has been initialized! Elapsed time: 0m 0sec
PyAEDT INFO: Project temp_train_TSV_RDL_224_1783663572_29156 Saved correctly
PyAEDT INFO: Key Desktop/ActiveDSOConfigurations/HFSS correctly changed.
PyAEDT INFO: Solving all design setups. Analysis started...
PyAEDT INFO: Design setup None solved correctly in 0.0h 9.0m 20.0s
PyAEDT INFO: Key Desktop/ActiveDSOConfigurations/HFSS correctly changed.
PyAEDT INFO: Exporting Touchstone C:/ffzhzh/LocalFiles/Ansys_Project_Files/temp_train_TSV_RDL_221_1783663030_26216_SNP/temp_train_TSV_RDL_221_1783663030_26216.s2p
PyAEDT INFO: Touchstone correctly exported to C:/ffzhzh/LocalFiles/Ansys_Project_Files/temp_train_TSV_RDL_221_1783663030_26216_SNP/temp_train_TSV_RDL_221_1783663030_26216.s2p
[train / TSV_RDL - Task 221] simulation completed: C:\ffzhzh\SyncFiles\Temp\HFSS_sim\LHS400_Connection2\train\TSV_RDL\dut221.s2p
PyAEDT INFO: Desktop has been released and closed.
[train / TSV_RDL - Task 225] simulation started.
PyAEDT INFO: Python version 3.11.15 | packaged by Anaconda, Inc. | (main, Mar 11 2026, 17:12:15) [MSC v.1942 64 bit (AMD64)].
PyAEDT INFO: PyAEDT version 1.0.1.
PyAEDT INFO: Initializing new Desktop session.
PyAEDT INFO: AEDT version 2026.1.
PyAEDT INFO: New AEDT session is starting on gRPC port 9496.
PyAEDT INFO: Starting new AEDT gRPC session on port 9496.
PyAEDT INFO: Launching AEDT server with gRPC transport mode: TransportMode.WNUA
PyAEDT INFO: Electronics Desktop started on gRPC port 9496 after 5.3 seconds.
PyAEDT INFO: AEDT installation Path C:\Program Files\ANSYS Inc\v261\AnsysEM
PyAEDT INFO: Connected to AEDT gRPC session on port 9496.
PyAEDT INFO: Non-graphical mode detected. Disabling Desktop logs.
PyAEDT INFO: Parsing C:\ffzhzh\LocalFiles\Ansys_Project_Files\temp_train_TSV_RDL_225_1783663608_26216.aedt.
PyAEDT INFO: Python version 3.11.15 | packaged by Anaconda, Inc. | (main, Mar 11 2026, 17:12:15) [MSC v.1942 64 bit (AMD64)].
PyAEDT INFO: PyAEDT version 1.0.1.
PyAEDT INFO: Returning found Desktop session with PID 28880!
PyAEDT INFO: File C:\ffzhzh\LocalFiles\Ansys_Project_Files\temp_train_TSV_RDL_225_1783663608_26216.aedt correctly loaded. Elapsed time: 0m 0sec
PyAEDT INFO: Project temp_train_TSV_RDL_225_1783663608_26216 has been opened.
PyAEDT INFO: Active Design set to TSV_RDL
PyAEDT INFO: AEDT objects correctly read
PyAEDT INFO: Modeler class has been initialized! Elapsed time: 0m 0sec
PyAEDT INFO: Project temp_train_TSV_RDL_225_1783663608_26216 Saved correctly
PyAEDT INFO: Key Desktop/ActiveDSOConfigurations/HFSS correctly changed.
PyAEDT INFO: Solving all design setups. Analysis started...
PyAEDT INFO: Design setup None solved correctly in 0.0h 9.0m 1.0s
PyAEDT INFO: Key Desktop/ActiveDSOConfigurations/HFSS correctly changed.
PyAEDT INFO: Exporting Touchstone C:/ffzhzh/LocalFiles/Ansys_Project_Files/temp_train_TSV_RDL_223_1783663295_33328_SNP/temp_train_TSV_RDL_223_1783663295_33328.s2p
PyAEDT INFO: Touchstone correctly exported to C:/ffzhzh/LocalFiles/Ansys_Project_Files/temp_train_TSV_RDL_223_1783663295_33328_SNP/temp_train_TSV_RDL_223_1783663295_33328.s2p
[train / TSV_RDL - Task 223] simulation completed: C:\ffzhzh\SyncFiles\Temp\HFSS_sim\LHS400_Connection2\train\TSV_RDL\dut223.s2p
PyAEDT INFO: Desktop has been released and closed.
[train / TSV_RDL - Task 226] simulation started.
PyAEDT INFO: Python version 3.11.15 | packaged by Anaconda, Inc. | (main, Mar 11 2026, 17:12:15) [MSC v.1942 64 bit (AMD64)].
PyAEDT INFO: PyAEDT version 1.0.1.
PyAEDT INFO: Initializing new Desktop session.
PyAEDT INFO: AEDT version 2026.1.
PyAEDT INFO: New AEDT session is starting on gRPC port 1853.
PyAEDT INFO: Starting new AEDT gRPC session on port 1853.
PyAEDT INFO: Launching AEDT server with gRPC transport mode: TransportMode.WNUA
PyAEDT INFO: Electronics Desktop started on gRPC port 1853 after 5.2 seconds.
PyAEDT INFO: AEDT installation Path C:\Program Files\ANSYS Inc\v261\AnsysEM
PyAEDT INFO: Connected to AEDT gRPC session on port 1853.
PyAEDT INFO: Non-graphical mode detected. Disabling Desktop logs.
PyAEDT INFO: Parsing C:\ffzhzh\LocalFiles\Ansys_Project_Files\temp_train_TSV_RDL_226_1783663857_33328.aedt.
PyAEDT INFO: Python version 3.11.15 | packaged by Anaconda, Inc. | (main, Mar 11 2026, 17:12:15) [MSC v.1942 64 bit (AMD64)].
PyAEDT INFO: PyAEDT version 1.0.1.
PyAEDT INFO: Returning found Desktop session with PID 41716!
PyAEDT INFO: File C:\ffzhzh\LocalFiles\Ansys_Project_Files\temp_train_TSV_RDL_226_1783663857_33328.aedt correctly loaded. Elapsed time: 0m 0sec
PyAEDT INFO: Project temp_train_TSV_RDL_226_1783663857_33328 has been opened.
PyAEDT INFO: Active Design set to TSV_RDL
PyAEDT INFO: AEDT objects correctly read
PyAEDT INFO: Modeler class has been initialized! Elapsed time: 0m 0sec
PyAEDT INFO: Project temp_train_TSV_RDL_226_1783663857_33328 Saved correctly
PyAEDT INFO: Key Desktop/ActiveDSOConfigurations/HFSS correctly changed.
PyAEDT INFO: Solving all design setups. Analysis started...
PyAEDT INFO: Design setup None solved correctly in 0.0h 9.0m 44.0s
PyAEDT INFO: Key Desktop/ActiveDSOConfigurations/HFSS correctly changed.
PyAEDT INFO: Exporting Touchstone C:/ffzhzh/LocalFiles/Ansys_Project_Files/temp_train_TSV_RDL_225_1783663608_26216_SNP/temp_train_TSV_RDL_225_1783663608_26216.s2p
PyAEDT INFO: Touchstone correctly exported to C:/ffzhzh/LocalFiles/Ansys_Project_Files/temp_train_TSV_RDL_225_1783663608_26216_SNP/temp_train_TSV_RDL_225_1783663608_26216.s2p
[train / TSV_RDL - Task 225] simulation completed: C:\ffzhzh\SyncFiles\Temp\HFSS_sim\LHS400_Connection2\train\TSV_RDL\dut225.s2p
PyAEDT INFO: Desktop has been released and closed.
[train / TSV_RDL - Task 227] simulation started.
PyAEDT INFO: Python version 3.11.15 | packaged by Anaconda, Inc. | (main, Mar 11 2026, 17:12:15) [MSC v.1942 64 bit (AMD64)].
PyAEDT INFO: PyAEDT version 1.0.1.
PyAEDT INFO: Initializing new Desktop session.
PyAEDT INFO: AEDT version 2026.1.
PyAEDT INFO: New AEDT session is starting on gRPC port 7980.
PyAEDT INFO: Starting new AEDT gRPC session on port 7980.
PyAEDT INFO: Launching AEDT server with gRPC transport mode: TransportMode.WNUA
PyAEDT INFO: Electronics Desktop started on gRPC port 7980 after 5.1 seconds.
PyAEDT INFO: AEDT installation Path C:\Program Files\ANSYS Inc\v261\AnsysEM
PyAEDT INFO: Connected to AEDT gRPC session on port 7980.
PyAEDT INFO: Non-graphical mode detected. Disabling Desktop logs.
PyAEDT INFO: Parsing C:\ffzhzh\LocalFiles\Ansys_Project_Files\temp_train_TSV_RDL_227_1783664207_26216.aedt.
PyAEDT INFO: Python version 3.11.15 | packaged by Anaconda, Inc. | (main, Mar 11 2026, 17:12:15) [MSC v.1942 64 bit (AMD64)].
PyAEDT INFO: PyAEDT version 1.0.1.
PyAEDT INFO: Returning found Desktop session with PID 8784!
PyAEDT INFO: File C:\ffzhzh\LocalFiles\Ansys_Project_Files\temp_train_TSV_RDL_227_1783664207_26216.aedt correctly loaded. Elapsed time: 0m 0sec
PyAEDT INFO: Project temp_train_TSV_RDL_227_1783664207_26216 has been opened.
PyAEDT INFO: Active Design set to TSV_RDL
PyAEDT INFO: AEDT objects correctly read
PyAEDT INFO: Modeler class has been initialized! Elapsed time: 0m 0sec
PyAEDT INFO: Project temp_train_TSV_RDL_227_1783664207_26216 Saved correctly
PyAEDT INFO: Key Desktop/ActiveDSOConfigurations/HFSS correctly changed.
PyAEDT INFO: Solving all design setups. Analysis started...
PyAEDT INFO: Design setup None solved correctly in 0.0h 11.0m 57.0s
PyAEDT INFO: Key Desktop/ActiveDSOConfigurations/HFSS correctly changed.
PyAEDT INFO: Exporting Touchstone C:/ffzhzh/LocalFiles/Ansys_Project_Files/temp_train_TSV_RDL_224_1783663572_29156_SNP/temp_train_TSV_RDL_224_1783663572_29156.s2p
PyAEDT INFO: Touchstone correctly exported to C:/ffzhzh/LocalFiles/Ansys_Project_Files/temp_train_TSV_RDL_224_1783663572_29156_SNP/temp_train_TSV_RDL_224_1783663572_29156.s2p
[train / TSV_RDL - Task 224] simulation completed: C:\ffzhzh\SyncFiles\Temp\HFSS_sim\LHS400_Connection2\train\TSV_RDL\dut224.s2p
PyAEDT INFO: Desktop has been released and closed.
[train / TSV_RDL - Task 228] simulation started.
PyAEDT INFO: Python version 3.11.15 | packaged by Anaconda, Inc. | (main, Mar 11 2026, 17:12:15) [MSC v.1942 64 bit (AMD64)].
PyAEDT INFO: PyAEDT version 1.0.1.
PyAEDT INFO: Initializing new Desktop session.
PyAEDT INFO: AEDT version 2026.1.
PyAEDT INFO: New AEDT session is starting on gRPC port 8283.
PyAEDT INFO: Starting new AEDT gRPC session on port 8283.
PyAEDT INFO: Launching AEDT server with gRPC transport mode: TransportMode.WNUA
PyAEDT INFO: Electronics Desktop started on gRPC port 8283 after 5.2 seconds.
PyAEDT INFO: AEDT installation Path C:\Program Files\ANSYS Inc\v261\AnsysEM
PyAEDT INFO: Connected to AEDT gRPC session on port 8283.
PyAEDT INFO: Non-graphical mode detected. Disabling Desktop logs.
PyAEDT INFO: Python version 3.11.15 | packaged by Anaconda, Inc. | (main, Mar 11 2026, 17:12:15) [MSC v.1942 64 bit (AMD64)].
PyAEDT INFO: Parsing C:\ffzhzh\LocalFiles\Ansys_Project_Files\temp_train_TSV_RDL_228_1783664317_29156.aedt.
PyAEDT INFO: PyAEDT version 1.0.1.
PyAEDT INFO: Returning found Desktop session with PID 18728!
PyAEDT INFO: File C:\ffzhzh\LocalFiles\Ansys_Project_Files\temp_train_TSV_RDL_228_1783664317_29156.aedt correctly loaded. Elapsed time: 0m 0sec
PyAEDT INFO: Project temp_train_TSV_RDL_228_1783664317_29156 has been opened.
PyAEDT INFO: Active Design set to TSV_RDL
PyAEDT INFO: AEDT objects correctly read
PyAEDT INFO: Modeler class has been initialized! Elapsed time: 0m 0sec
PyAEDT INFO: Project temp_train_TSV_RDL_228_1783664317_29156 Saved correctly
PyAEDT INFO: Key Desktop/ActiveDSOConfigurations/HFSS correctly changed.
PyAEDT INFO: Solving all design setups. Analysis started...
PyAEDT INFO: Design setup None solved correctly in 0.0h 10.0m 34.0s
PyAEDT INFO: Key Desktop/ActiveDSOConfigurations/HFSS correctly changed.
PyAEDT INFO: Exporting Touchstone C:/ffzhzh/LocalFiles/Ansys_Project_Files/temp_train_TSV_RDL_226_1783663857_33328_SNP/temp_train_TSV_RDL_226_1783663857_33328.s2p
PyAEDT INFO: Touchstone correctly exported to C:/ffzhzh/LocalFiles/Ansys_Project_Files/temp_train_TSV_RDL_226_1783663857_33328_SNP/temp_train_TSV_RDL_226_1783663857_33328.s2p
[train / TSV_RDL - Task 226] simulation completed: C:\ffzhzh\SyncFiles\Temp\HFSS_sim\LHS400_Connection2\train\TSV_RDL\dut226.s2p
PyAEDT INFO: Desktop has been released and closed.
[train / TSV_RDL - Task 229] simulation started.
PyAEDT INFO: Python version 3.11.15 | packaged by Anaconda, Inc. | (main, Mar 11 2026, 17:12:15) [MSC v.1942 64 bit (AMD64)].
PyAEDT INFO: PyAEDT version 1.0.1.
PyAEDT INFO: Initializing new Desktop session.
PyAEDT INFO: AEDT version 2026.1.
PyAEDT INFO: New AEDT session is starting on gRPC port 1408.
PyAEDT INFO: Starting new AEDT gRPC session on port 1408.
PyAEDT INFO: Launching AEDT server with gRPC transport mode: TransportMode.WNUA
PyAEDT INFO: Electronics Desktop started on gRPC port 1408 after 5.2 seconds.
PyAEDT INFO: AEDT installation Path C:\Program Files\ANSYS Inc\v261\AnsysEM
PyAEDT INFO: Connected to AEDT gRPC session on port 1408.
PyAEDT INFO: Non-graphical mode detected. Disabling Desktop logs.
PyAEDT INFO: Parsing C:\ffzhzh\LocalFiles\Ansys_Project_Files\temp_train_TSV_RDL_229_1783664512_33328.aedt.
PyAEDT INFO: Python version 3.11.15 | packaged by Anaconda, Inc. | (main, Mar 11 2026, 17:12:15) [MSC v.1942 64 bit (AMD64)].
PyAEDT INFO: PyAEDT version 1.0.1.
PyAEDT INFO: Returning found Desktop session with PID 24496!
PyAEDT INFO: File C:\ffzhzh\LocalFiles\Ansys_Project_Files\temp_train_TSV_RDL_229_1783664512_33328.aedt correctly loaded. Elapsed time: 0m 0sec
PyAEDT INFO: Project temp_train_TSV_RDL_229_1783664512_33328 has been opened.
PyAEDT INFO: Active Design set to TSV_RDL
PyAEDT INFO: AEDT objects correctly read
PyAEDT INFO: Modeler class has been initialized! Elapsed time: 0m 0sec
PyAEDT INFO: Project temp_train_TSV_RDL_229_1783664512_33328 Saved correctly
PyAEDT INFO: Key Desktop/ActiveDSOConfigurations/HFSS correctly changed.
PyAEDT INFO: Solving all design setups. Analysis started...
PyAEDT INFO: Design setup None solved correctly in 0.0h 9.0m 1.0s
PyAEDT INFO: Key Desktop/ActiveDSOConfigurations/HFSS correctly changed.
PyAEDT INFO: Exporting Touchstone C:/ffzhzh/LocalFiles/Ansys_Project_Files/temp_train_TSV_RDL_227_1783664207_26216_SNP/temp_train_TSV_RDL_227_1783664207_26216.s2p
PyAEDT INFO: Touchstone correctly exported to C:/ffzhzh/LocalFiles/Ansys_Project_Files/temp_train_TSV_RDL_227_1783664207_26216_SNP/temp_train_TSV_RDL_227_1783664207_26216.s2p
[train / TSV_RDL - Task 227] simulation completed: C:\ffzhzh\SyncFiles\Temp\HFSS_sim\LHS400_Connection2\train\TSV_RDL\dut227.s2p
PyAEDT INFO: Desktop has been released and closed.
[train / TSV_RDL - Task 230] simulation started.
PyAEDT INFO: Python version 3.11.15 | packaged by Anaconda, Inc. | (main, Mar 11 2026, 17:12:15) [MSC v.1942 64 bit (AMD64)].
PyAEDT INFO: PyAEDT version 1.0.1.
PyAEDT INFO: Initializing new Desktop session.
PyAEDT INFO: AEDT version 2026.1.
PyAEDT INFO: New AEDT session is starting on gRPC port 4796.
PyAEDT INFO: Starting new AEDT gRPC session on port 4796.
PyAEDT INFO: Launching AEDT server with gRPC transport mode: TransportMode.WNUA
PyAEDT INFO: Electronics Desktop started on gRPC port 4796 after 5.1 seconds.
PyAEDT INFO: AEDT installation Path C:\Program Files\ANSYS Inc\v261\AnsysEM
PyAEDT INFO: Connected to AEDT gRPC session on port 4796.
PyAEDT INFO: Non-graphical mode detected. Disabling Desktop logs.
PyAEDT INFO: Parsing C:\ffzhzh\LocalFiles\Ansys_Project_Files\temp_train_TSV_RDL_230_1783664768_26216.aedt.
PyAEDT INFO: Python version 3.11.15 | packaged by Anaconda, Inc. | (main, Mar 11 2026, 17:12:15) [MSC v.1942 64 bit (AMD64)].
PyAEDT INFO: PyAEDT version 1.0.1.
PyAEDT INFO: Returning found Desktop session with PID 40552!
PyAEDT INFO: File C:\ffzhzh\LocalFiles\Ansys_Project_Files\temp_train_TSV_RDL_230_1783664768_26216.aedt correctly loaded. Elapsed time: 0m 0sec
PyAEDT INFO: Project temp_train_TSV_RDL_230_1783664768_26216 has been opened.
PyAEDT INFO: Active Design set to TSV_RDL
PyAEDT INFO: AEDT objects correctly read
PyAEDT INFO: Modeler class has been initialized! Elapsed time: 0m 0sec
PyAEDT INFO: Project temp_train_TSV_RDL_230_1783664768_26216 Saved correctly
PyAEDT INFO: Key Desktop/ActiveDSOConfigurations/HFSS correctly changed.
PyAEDT INFO: Solving all design setups. Analysis started...
PyAEDT INFO: Design setup None solved correctly in 0.0h 9.0m 19.0s
PyAEDT INFO: Key Desktop/ActiveDSOConfigurations/HFSS correctly changed.
PyAEDT INFO: Exporting Touchstone C:/ffzhzh/LocalFiles/Ansys_Project_Files/temp_train_TSV_RDL_228_1783664317_29156_SNP/temp_train_TSV_RDL_228_1783664317_29156.s2p
PyAEDT INFO: Touchstone correctly exported to C:/ffzhzh/LocalFiles/Ansys_Project_Files/temp_train_TSV_RDL_228_1783664317_29156_SNP/temp_train_TSV_RDL_228_1783664317_29156.s2p
[train / TSV_RDL - Task 228] simulation completed: C:\ffzhzh\SyncFiles\Temp\HFSS_sim\LHS400_Connection2\train\TSV_RDL\dut228.s2p
PyAEDT INFO: Desktop has been released and closed.
[train / TSV_RDL - Task 231] simulation started.
PyAEDT INFO: Python version 3.11.15 | packaged by Anaconda, Inc. | (main, Mar 11 2026, 17:12:15) [MSC v.1942 64 bit (AMD64)].
PyAEDT INFO: PyAEDT version 1.0.1.
PyAEDT INFO: Initializing new Desktop session.
PyAEDT INFO: AEDT version 2026.1.
PyAEDT INFO: New AEDT session is starting on gRPC port 9566.
PyAEDT INFO: Starting new AEDT gRPC session on port 9566.
PyAEDT INFO: Launching AEDT server with gRPC transport mode: TransportMode.WNUA
PyAEDT INFO: Electronics Desktop started on gRPC port 9566 after 5.1 seconds.
PyAEDT INFO: AEDT installation Path C:\Program Files\ANSYS Inc\v261\AnsysEM
PyAEDT INFO: Connected to AEDT gRPC session on port 9566.
PyAEDT INFO: Non-graphical mode detected. Disabling Desktop logs.
PyAEDT INFO: Parsing C:\ffzhzh\LocalFiles\Ansys_Project_Files\temp_train_TSV_RDL_231_1783664897_29156.aedt.
PyAEDT INFO: Python version 3.11.15 | packaged by Anaconda, Inc. | (main, Mar 11 2026, 17:12:15) [MSC v.1942 64 bit (AMD64)].
PyAEDT INFO: PyAEDT version 1.0.1.
PyAEDT INFO: Returning found Desktop session with PID 16740!
PyAEDT INFO: File C:\ffzhzh\LocalFiles\Ansys_Project_Files\temp_train_TSV_RDL_231_1783664897_29156.aedt correctly loaded. Elapsed time: 0m 0sec
PyAEDT INFO: Project temp_train_TSV_RDL_231_1783664897_29156 has been opened.
PyAEDT INFO: Active Design set to TSV_RDL
PyAEDT INFO: AEDT objects correctly read
PyAEDT INFO: Modeler class has been initialized! Elapsed time: 0m 0sec
PyAEDT INFO: Project temp_train_TSV_RDL_231_1783664897_29156 Saved correctly
PyAEDT INFO: Key Desktop/ActiveDSOConfigurations/HFSS correctly changed.
PyAEDT INFO: Solving all design setups. Analysis started...
PyAEDT INFO: Design setup None solved correctly in 0.0h 9.0m 23.0s
PyAEDT INFO: Key Desktop/ActiveDSOConfigurations/HFSS correctly changed.
PyAEDT INFO: Exporting Touchstone C:/ffzhzh/LocalFiles/Ansys_Project_Files/temp_train_TSV_RDL_229_1783664512_33328_SNP/temp_train_TSV_RDL_229_1783664512_33328.s2p
PyAEDT INFO: Touchstone correctly exported to C:/ffzhzh/LocalFiles/Ansys_Project_Files/temp_train_TSV_RDL_229_1783664512_33328_SNP/temp_train_TSV_RDL_229_1783664512_33328.s2p
[train / TSV_RDL - Task 229] simulation completed: C:\ffzhzh\SyncFiles\Temp\HFSS_sim\LHS400_Connection2\train\TSV_RDL\dut229.s2p
PyAEDT INFO: Desktop has been released and closed.
[train / TSV_RDL - Task 232] simulation started.
PyAEDT INFO: Python version 3.11.15 | packaged by Anaconda, Inc. | (main, Mar 11 2026, 17:12:15) [MSC v.1942 64 bit (AMD64)].
PyAEDT INFO: PyAEDT version 1.0.1.
PyAEDT INFO: Initializing new Desktop session.
PyAEDT INFO: AEDT version 2026.1.
PyAEDT INFO: New AEDT session is starting on gRPC port 9712.
PyAEDT INFO: Starting new AEDT gRPC session on port 9712.
PyAEDT INFO: Launching AEDT server with gRPC transport mode: TransportMode.WNUA
PyAEDT INFO: Electronics Desktop started on gRPC port 9712 after 5.1 seconds.
PyAEDT INFO: AEDT installation Path C:\Program Files\ANSYS Inc\v261\AnsysEM
PyAEDT INFO: Connected to AEDT gRPC session on port 9712.
PyAEDT INFO: Non-graphical mode detected. Disabling Desktop logs.
PyAEDT INFO: Parsing C:\ffzhzh\LocalFiles\Ansys_Project_Files\temp_train_TSV_RDL_232_1783665088_33328.aedt.
PyAEDT INFO: Python version 3.11.15 | packaged by Anaconda, Inc. | (main, Mar 11 2026, 17:12:15) [MSC v.1942 64 bit (AMD64)].
PyAEDT INFO: PyAEDT version 1.0.1.
PyAEDT INFO: Returning found Desktop session with PID 37328!
PyAEDT INFO: File C:\ffzhzh\LocalFiles\Ansys_Project_Files\temp_train_TSV_RDL_232_1783665088_33328.aedt correctly loaded. Elapsed time: 0m 0sec
PyAEDT INFO: Project temp_train_TSV_RDL_232_1783665088_33328 has been opened.
PyAEDT INFO: Active Design set to TSV_RDL
PyAEDT INFO: AEDT objects correctly read
PyAEDT INFO: Modeler class has been initialized! Elapsed time: 0m 0sec
PyAEDT INFO: Project temp_train_TSV_RDL_232_1783665088_33328 Saved correctly
PyAEDT INFO: Key Desktop/ActiveDSOConfigurations/HFSS correctly changed.
PyAEDT INFO: Solving all design setups. Analysis started...
PyAEDT INFO: Design setup None solved correctly in 0.0h 6.0m 58.0s
PyAEDT INFO: Key Desktop/ActiveDSOConfigurations/HFSS correctly changed.
PyAEDT INFO: Exporting Touchstone C:/ffzhzh/LocalFiles/Ansys_Project_Files/temp_train_TSV_RDL_231_1783664897_29156_SNP/temp_train_TSV_RDL_231_1783664897_29156.s2p
PyAEDT INFO: Touchstone correctly exported to C:/ffzhzh/LocalFiles/Ansys_Project_Files/temp_train_TSV_RDL_231_1783664897_29156_SNP/temp_train_TSV_RDL_231_1783664897_29156.s2p
[train / TSV_RDL - Task 231] simulation completed: C:\ffzhzh\SyncFiles\Temp\HFSS_sim\LHS400_Connection2\train\TSV_RDL\dut231.s2p
PyAEDT INFO: Desktop has been released and closed.
[train / TSV_RDL - Task 233] simulation started.
PyAEDT INFO: Python version 3.11.15 | packaged by Anaconda, Inc. | (main, Mar 11 2026, 17:12:15) [MSC v.1942 64 bit (AMD64)].
PyAEDT INFO: PyAEDT version 1.0.1.
PyAEDT INFO: Initializing new Desktop session.
PyAEDT INFO: AEDT version 2026.1.
PyAEDT INFO: New AEDT session is starting on gRPC port 11154.
PyAEDT INFO: Starting new AEDT gRPC session on port 11154.
PyAEDT INFO: Launching AEDT server with gRPC transport mode: TransportMode.WNUA
PyAEDT INFO: Electronics Desktop started on gRPC port 11154 after 5.0 seconds.
PyAEDT INFO: AEDT installation Path C:\Program Files\ANSYS Inc\v261\AnsysEM
PyAEDT INFO: Connected to AEDT gRPC session on port 11154.
PyAEDT INFO: Non-graphical mode detected. Disabling Desktop logs.
PyAEDT INFO: Parsing C:\ffzhzh\LocalFiles\Ansys_Project_Files\temp_train_TSV_RDL_233_1783665339_29156.aedt.
PyAEDT INFO: Python version 3.11.15 | packaged by Anaconda, Inc. | (main, Mar 11 2026, 17:12:15) [MSC v.1942 64 bit (AMD64)].
PyAEDT INFO: PyAEDT version 1.0.1.
PyAEDT INFO: Returning found Desktop session with PID 41448!
PyAEDT INFO: File C:\ffzhzh\LocalFiles\Ansys_Project_Files\temp_train_TSV_RDL_233_1783665339_29156.aedt correctly loaded. Elapsed time: 0m 0sec
PyAEDT INFO: Project temp_train_TSV_RDL_233_1783665339_29156 has been opened.
PyAEDT INFO: Active Design set to TSV_RDL
PyAEDT INFO: AEDT objects correctly read
PyAEDT INFO: Modeler class has been initialized! Elapsed time: 0m 0sec
PyAEDT INFO: Project temp_train_TSV_RDL_233_1783665339_29156 Saved correctly
PyAEDT INFO: Key Desktop/ActiveDSOConfigurations/HFSS correctly changed.
PyAEDT INFO: Solving all design setups. Analysis started...
PyAEDT INFO: Design setup None solved correctly in 0.0h 9.0m 3.0s
PyAEDT INFO: Key Desktop/ActiveDSOConfigurations/HFSS correctly changed.
PyAEDT INFO: Exporting Touchstone C:/ffzhzh/LocalFiles/Ansys_Project_Files/temp_train_TSV_RDL_232_1783665088_33328_SNP/temp_train_TSV_RDL_232_1783665088_33328.s2p
PyAEDT INFO: Touchstone correctly exported to C:/ffzhzh/LocalFiles/Ansys_Project_Files/temp_train_TSV_RDL_232_1783665088_33328_SNP/temp_train_TSV_RDL_232_1783665088_33328.s2p
[train / TSV_RDL - Task 232] simulation completed: C:\ffzhzh\SyncFiles\Temp\HFSS_sim\LHS400_Connection2\train\TSV_RDL\dut232.s2p
PyAEDT INFO: Desktop has been released and closed.
[train / TSV_RDL - Task 234] simulation started.
PyAEDT INFO: Python version 3.11.15 | packaged by Anaconda, Inc. | (main, Mar 11 2026, 17:12:15) [MSC v.1942 64 bit (AMD64)].
PyAEDT INFO: PyAEDT version 1.0.1.
PyAEDT INFO: Initializing new Desktop session.
PyAEDT INFO: AEDT version 2026.1.
PyAEDT INFO: New AEDT session is starting on gRPC port 14918.
PyAEDT INFO: Starting new AEDT gRPC session on port 14918.
PyAEDT INFO: Launching AEDT server with gRPC transport mode: TransportMode.WNUA
PyAEDT INFO: Electronics Desktop started on gRPC port 14918 after 5.2 seconds.
PyAEDT INFO: AEDT installation Path C:\Program Files\ANSYS Inc\v261\AnsysEM
PyAEDT INFO: Connected to AEDT gRPC session on port 14918.
PyAEDT INFO: Non-graphical mode detected. Disabling Desktop logs.
PyAEDT INFO: Parsing C:\ffzhzh\LocalFiles\Ansys_Project_Files\temp_train_TSV_RDL_234_1783665649_33328.aedt.
PyAEDT INFO: Python version 3.11.15 | packaged by Anaconda, Inc. | (main, Mar 11 2026, 17:12:15) [MSC v.1942 64 bit (AMD64)].
PyAEDT INFO: PyAEDT version 1.0.1.
PyAEDT INFO: Returning found Desktop session with PID 14648!
PyAEDT INFO: File C:\ffzhzh\LocalFiles\Ansys_Project_Files\temp_train_TSV_RDL_234_1783665649_33328.aedt correctly loaded. Elapsed time: 0m 0sec
PyAEDT INFO: Project temp_train_TSV_RDL_234_1783665649_33328 has been opened.
PyAEDT INFO: Active Design set to TSV_RDL
PyAEDT INFO: AEDT objects correctly read
PyAEDT INFO: Modeler class has been initialized! Elapsed time: 0m 0sec
PyAEDT INFO: Project temp_train_TSV_RDL_234_1783665649_33328 Saved correctly
PyAEDT INFO: Key Desktop/ActiveDSOConfigurations/HFSS correctly changed.
PyAEDT INFO: Solving all design setups. Analysis started...
PyAEDT INFO: Design setup None solved correctly in 0.0h 8.0m 32.0s
PyAEDT INFO: Key Desktop/ActiveDSOConfigurations/HFSS correctly changed.
PyAEDT INFO: Exporting Touchstone C:/ffzhzh/LocalFiles/Ansys_Project_Files/temp_train_TSV_RDL_233_1783665339_29156_SNP/temp_train_TSV_RDL_233_1783665339_29156.s2p
PyAEDT INFO: Touchstone correctly exported to C:/ffzhzh/LocalFiles/Ansys_Project_Files/temp_train_TSV_RDL_233_1783665339_29156_SNP/temp_train_TSV_RDL_233_1783665339_29156.s2p
[train / TSV_RDL - Task 233] simulation completed: C:\ffzhzh\SyncFiles\Temp\HFSS_sim\LHS400_Connection2\train\TSV_RDL\dut233.s2p
PyAEDT INFO: Desktop has been released and closed.
[train / TSV_RDL - Task 235] simulation started.
PyAEDT INFO: Python version 3.11.15 | packaged by Anaconda, Inc. | (main, Mar 11 2026, 17:12:15) [MSC v.1942 64 bit (AMD64)].
PyAEDT INFO: PyAEDT version 1.0.1.
PyAEDT INFO: Initializing new Desktop session.
PyAEDT INFO: AEDT version 2026.1.
PyAEDT INFO: New AEDT session is starting on gRPC port 6808.
PyAEDT INFO: Starting new AEDT gRPC session on port 6808.
PyAEDT INFO: Launching AEDT server with gRPC transport mode: TransportMode.WNUA
PyAEDT INFO: Electronics Desktop started on gRPC port 6808 after 5.2 seconds.
PyAEDT INFO: AEDT installation Path C:\Program Files\ANSYS Inc\v261\AnsysEM
PyAEDT INFO: Connected to AEDT gRPC session on port 6808.
PyAEDT INFO: Non-graphical mode detected. Disabling Desktop logs.
PyAEDT INFO: Parsing C:\ffzhzh\LocalFiles\Ansys_Project_Files\temp_train_TSV_RDL_235_1783665870_29156.aedt.
PyAEDT INFO: Python version 3.11.15 | packaged by Anaconda, Inc. | (main, Mar 11 2026, 17:12:15) [MSC v.1942 64 bit (AMD64)].
PyAEDT INFO: PyAEDT version 1.0.1.
PyAEDT INFO: Returning found Desktop session with PID 7992!
PyAEDT INFO: File C:\ffzhzh\LocalFiles\Ansys_Project_Files\temp_train_TSV_RDL_235_1783665870_29156.aedt correctly loaded. Elapsed time: 0m 0sec
PyAEDT INFO: Project temp_train_TSV_RDL_235_1783665870_29156 has been opened.
PyAEDT INFO: Active Design set to TSV_RDL
PyAEDT INFO: AEDT objects correctly read
PyAEDT INFO: Modeler class has been initialized! Elapsed time: 0m 0sec
PyAEDT INFO: Project temp_train_TSV_RDL_235_1783665870_29156 Saved correctly
PyAEDT INFO: Key Desktop/ActiveDSOConfigurations/HFSS correctly changed.
PyAEDT INFO: Solving all design setups. Analysis started...
PyAEDT INFO: Design setup None solved correctly in 0.0h 9.0m 20.0s
PyAEDT INFO: Key Desktop/ActiveDSOConfigurations/HFSS correctly changed.
PyAEDT INFO: Exporting Touchstone C:/ffzhzh/LocalFiles/Ansys_Project_Files/temp_train_TSV_RDL_234_1783665649_33328_SNP/temp_train_TSV_RDL_234_1783665649_33328.s2p
PyAEDT INFO: Touchstone correctly exported to C:/ffzhzh/LocalFiles/Ansys_Project_Files/temp_train_TSV_RDL_234_1783665649_33328_SNP/temp_train_TSV_RDL_234_1783665649_33328.s2p
[train / TSV_RDL - Task 234] simulation completed: C:\ffzhzh\SyncFiles\Temp\HFSS_sim\LHS400_Connection2\train\TSV_RDL\dut234.s2p
PyAEDT INFO: Desktop has been released and closed.
[train / TSV_RDL - Task 236] simulation started.
PyAEDT INFO: Python version 3.11.15 | packaged by Anaconda, Inc. | (main, Mar 11 2026, 17:12:15) [MSC v.1942 64 bit (AMD64)].
PyAEDT INFO: PyAEDT version 1.0.1.
PyAEDT INFO: Initializing new Desktop session.
PyAEDT INFO: AEDT version 2026.1.
PyAEDT INFO: New AEDT session is starting on gRPC port 5070.
PyAEDT INFO: Starting new AEDT gRPC session on port 5070.
PyAEDT INFO: Launching AEDT server with gRPC transport mode: TransportMode.WNUA
PyAEDT INFO: Electronics Desktop started on gRPC port 5070 after 5.2 seconds.
PyAEDT INFO: AEDT installation Path C:\Program Files\ANSYS Inc\v261\AnsysEM
PyAEDT INFO: Connected to AEDT gRPC session on port 5070.
PyAEDT INFO: Non-graphical mode detected. Disabling Desktop logs.
PyAEDT INFO: Parsing C:\ffzhzh\LocalFiles\Ansys_Project_Files\temp_train_TSV_RDL_236_1783666230_33328.aedt.
PyAEDT INFO: Python version 3.11.15 | packaged by Anaconda, Inc. | (main, Mar 11 2026, 17:12:15) [MSC v.1942 64 bit (AMD64)].
PyAEDT INFO: PyAEDT version 1.0.1.
PyAEDT INFO: Returning found Desktop session with PID 25728!
PyAEDT INFO: File C:\ffzhzh\LocalFiles\Ansys_Project_Files\temp_train_TSV_RDL_236_1783666230_33328.aedt correctly loaded. Elapsed time: 0m 0sec
PyAEDT INFO: Project temp_train_TSV_RDL_236_1783666230_33328 has been opened.
PyAEDT INFO: Active Design set to TSV_RDL
PyAEDT INFO: AEDT objects correctly read
PyAEDT INFO: Modeler class has been initialized! Elapsed time: 0m 0sec
PyAEDT INFO: Project temp_train_TSV_RDL_236_1783666230_33328 Saved correctly
PyAEDT INFO: Key Desktop/ActiveDSOConfigurations/HFSS correctly changed.
PyAEDT INFO: Solving all design setups. Analysis started...
PyAEDT INFO: Design setup None solved correctly in 0.0h 9.0m 16.0s
PyAEDT INFO: Key Desktop/ActiveDSOConfigurations/HFSS correctly changed.
PyAEDT INFO: Exporting Touchstone C:/ffzhzh/LocalFiles/Ansys_Project_Files/temp_train_TSV_RDL_235_1783665870_29156_SNP/temp_train_TSV_RDL_235_1783665870_29156.s2p
PyAEDT INFO: Touchstone correctly exported to C:/ffzhzh/LocalFiles/Ansys_Project_Files/temp_train_TSV_RDL_235_1783665870_29156_SNP/temp_train_TSV_RDL_235_1783665870_29156.s2p
[train / TSV_RDL - Task 235] simulation completed: C:\ffzhzh\SyncFiles\Temp\HFSS_sim\LHS400_Connection2\train\TSV_RDL\dut235.s2p
PyAEDT INFO: Desktop has been released and closed.
[train / TSV_RDL - Task 237] simulation started.
PyAEDT INFO: Python version 3.11.15 | packaged by Anaconda, Inc. | (main, Mar 11 2026, 17:12:15) [MSC v.1942 64 bit (AMD64)].
PyAEDT INFO: PyAEDT version 1.0.1.
PyAEDT INFO: Initializing new Desktop session.
PyAEDT INFO: AEDT version 2026.1.
PyAEDT INFO: New AEDT session is starting on gRPC port 3468.
PyAEDT INFO: Starting new AEDT gRPC session on port 3468.
PyAEDT INFO: Launching AEDT server with gRPC transport mode: TransportMode.WNUA
PyAEDT INFO: Electronics Desktop started on gRPC port 3468 after 5.2 seconds.
PyAEDT INFO: AEDT installation Path C:\Program Files\ANSYS Inc\v261\AnsysEM
PyAEDT INFO: Connected to AEDT gRPC session on port 3468.
PyAEDT INFO: Non-graphical mode detected. Disabling Desktop logs.
PyAEDT INFO: Parsing C:\ffzhzh\LocalFiles\Ansys_Project_Files\temp_train_TSV_RDL_237_1783666445_29156.aedt.
PyAEDT INFO: Python version 3.11.15 | packaged by Anaconda, Inc. | (main, Mar 11 2026, 17:12:15) [MSC v.1942 64 bit (AMD64)].
PyAEDT INFO: PyAEDT version 1.0.1.
PyAEDT INFO: Returning found Desktop session with PID 37896!
PyAEDT INFO: File C:\ffzhzh\LocalFiles\Ansys_Project_Files\temp_train_TSV_RDL_237_1783666445_29156.aedt correctly loaded. Elapsed time: 0m 0sec
PyAEDT INFO: Project temp_train_TSV_RDL_237_1783666445_29156 has been opened.
PyAEDT INFO: Active Design set to TSV_RDL
PyAEDT INFO: AEDT objects correctly read
PyAEDT INFO: Modeler class has been initialized! Elapsed time: 0m 0sec
PyAEDT INFO: Project temp_train_TSV_RDL_237_1783666445_29156 Saved correctly
PyAEDT INFO: Key Desktop/ActiveDSOConfigurations/HFSS correctly changed.
PyAEDT INFO: Solving all design setups. Analysis started...
PyAEDT INFO: Design setup None solved correctly in 0.0h 30.0m 41.0s
PyAEDT INFO: Key Desktop/ActiveDSOConfigurations/HFSS correctly changed.
PyAEDT INFO: Exporting Touchstone C:/ffzhzh/LocalFiles/Ansys_Project_Files/temp_train_TSV_RDL_230_1783664768_26216_SNP/temp_train_TSV_RDL_230_1783664768_26216.s2p
PyAEDT INFO: Touchstone correctly exported to C:/ffzhzh/LocalFiles/Ansys_Project_Files/temp_train_TSV_RDL_230_1783664768_26216_SNP/temp_train_TSV_RDL_230_1783664768_26216.s2p
[train / TSV_RDL - Task 230] simulation completed: C:\ffzhzh\SyncFiles\Temp\HFSS_sim\LHS400_Connection2\train\TSV_RDL\dut230.s2p
PyAEDT INFO: Desktop has been released and closed.
[train / TSV_RDL - Task 238] simulation started.
PyAEDT INFO: Python version 3.11.15 | packaged by Anaconda, Inc. | (main, Mar 11 2026, 17:12:15) [MSC v.1942 64 bit (AMD64)].
PyAEDT INFO: PyAEDT version 1.0.1.
PyAEDT INFO: Initializing new Desktop session.
PyAEDT INFO: AEDT version 2026.1.
PyAEDT INFO: New AEDT session is starting on gRPC port 12451.
PyAEDT INFO: Starting new AEDT gRPC session on port 12451.
PyAEDT INFO: Launching AEDT server with gRPC transport mode: TransportMode.WNUA
PyAEDT INFO: Electronics Desktop started on gRPC port 12451 after 5.2 seconds.
PyAEDT INFO: AEDT installation Path C:\Program Files\ANSYS Inc\v261\AnsysEM
PyAEDT INFO: Connected to AEDT gRPC session on port 12451.
PyAEDT INFO: Non-graphical mode detected. Disabling Desktop logs.
PyAEDT INFO: Parsing C:\ffzhzh\LocalFiles\Ansys_Project_Files\temp_train_TSV_RDL_238_1783666631_26216.aedt.
PyAEDT INFO: Python version 3.11.15 | packaged by Anaconda, Inc. | (main, Mar 11 2026, 17:12:15) [MSC v.1942 64 bit (AMD64)].
PyAEDT INFO: PyAEDT version 1.0.1.
PyAEDT INFO: Returning found Desktop session with PID 30236!
PyAEDT INFO: File C:\ffzhzh\LocalFiles\Ansys_Project_Files\temp_train_TSV_RDL_238_1783666631_26216.aedt correctly loaded. Elapsed time: 0m 0sec
PyAEDT INFO: Project temp_train_TSV_RDL_238_1783666631_26216 has been opened.
PyAEDT INFO: Active Design set to TSV_RDL
PyAEDT INFO: AEDT objects correctly read
PyAEDT INFO: Modeler class has been initialized! Elapsed time: 0m 0sec
PyAEDT INFO: Project temp_train_TSV_RDL_238_1783666631_26216 Saved correctly
PyAEDT INFO: Key Desktop/ActiveDSOConfigurations/HFSS correctly changed.
PyAEDT INFO: Solving all design setups. Analysis started...
PyAEDT INFO: Design setup None solved correctly in 0.0h 8.0m 25.0s
PyAEDT INFO: Key Desktop/ActiveDSOConfigurations/HFSS correctly changed.
PyAEDT INFO: Exporting Touchstone C:/ffzhzh/LocalFiles/Ansys_Project_Files/temp_train_TSV_RDL_236_1783666230_33328_SNP/temp_train_TSV_RDL_236_1783666230_33328.s2p
PyAEDT INFO: Touchstone correctly exported to C:/ffzhzh/LocalFiles/Ansys_Project_Files/temp_train_TSV_RDL_236_1783666230_33328_SNP/temp_train_TSV_RDL_236_1783666230_33328.s2p
[train / TSV_RDL - Task 236] simulation completed: C:\ffzhzh\SyncFiles\Temp\HFSS_sim\LHS400_Connection2\train\TSV_RDL\dut236.s2p
PyAEDT INFO: Desktop has been released and closed.
[train / TSV_RDL - Task 239] simulation started.
PyAEDT INFO: Python version 3.11.15 | packaged by Anaconda, Inc. | (main, Mar 11 2026, 17:12:15) [MSC v.1942 64 bit (AMD64)].
PyAEDT INFO: PyAEDT version 1.0.1.
PyAEDT INFO: Initializing new Desktop session.
PyAEDT INFO: AEDT version 2026.1.
PyAEDT INFO: New AEDT session is starting on gRPC port 4686.
PyAEDT INFO: Starting new AEDT gRPC session on port 4686.
PyAEDT INFO: Launching AEDT server with gRPC transport mode: TransportMode.WNUA
PyAEDT INFO: Electronics Desktop started on gRPC port 4686 after 5.4 seconds.
PyAEDT INFO: AEDT installation Path C:\Program Files\ANSYS Inc\v261\AnsysEM
PyAEDT INFO: Connected to AEDT gRPC session on port 4686.
PyAEDT INFO: Non-graphical mode detected. Disabling Desktop logs.
PyAEDT INFO: Parsing C:\ffzhzh\LocalFiles\Ansys_Project_Files\temp_train_TSV_RDL_239_1783666748_33328.aedt.
PyAEDT INFO: Python version 3.11.15 | packaged by Anaconda, Inc. | (main, Mar 11 2026, 17:12:15) [MSC v.1942 64 bit (AMD64)].
PyAEDT INFO: PyAEDT version 1.0.1.
PyAEDT INFO: Returning found Desktop session with PID 34972!
PyAEDT INFO: File C:\ffzhzh\LocalFiles\Ansys_Project_Files\temp_train_TSV_RDL_239_1783666748_33328.aedt correctly loaded. Elapsed time: 0m 0sec
PyAEDT INFO: Project temp_train_TSV_RDL_239_1783666748_33328 has been opened.
PyAEDT INFO: Active Design set to TSV_RDL
PyAEDT INFO: AEDT objects correctly read
PyAEDT INFO: Modeler class has been initialized! Elapsed time: 0m 0sec
PyAEDT INFO: Project temp_train_TSV_RDL_239_1783666748_33328 Saved correctly
PyAEDT INFO: Key Desktop/ActiveDSOConfigurations/HFSS correctly changed.
PyAEDT INFO: Solving all design setups. Analysis started...
PyAEDT INFO: Design setup None solved correctly in 0.0h 12.0m 35.0s
PyAEDT INFO: Key Desktop/ActiveDSOConfigurations/HFSS correctly changed.
PyAEDT INFO: Exporting Touchstone C:/ffzhzh/LocalFiles/Ansys_Project_Files/temp_train_TSV_RDL_237_1783666445_29156_SNP/temp_train_TSV_RDL_237_1783666445_29156.s2p
PyAEDT INFO: Touchstone correctly exported to C:/ffzhzh/LocalFiles/Ansys_Project_Files/temp_train_TSV_RDL_237_1783666445_29156_SNP/temp_train_TSV_RDL_237_1783666445_29156.s2p
[train / TSV_RDL - Task 237] simulation completed: C:\ffzhzh\SyncFiles\Temp\HFSS_sim\LHS400_Connection2\train\TSV_RDL\dut237.s2p
PyAEDT INFO: Desktop has been released and closed.
[train / TSV_RDL - Task 240] simulation started.
PyAEDT INFO: Python version 3.11.15 | packaged by Anaconda, Inc. | (main, Mar 11 2026, 17:12:15) [MSC v.1942 64 bit (AMD64)].
PyAEDT INFO: PyAEDT version 1.0.1.
PyAEDT INFO: Initializing new Desktop session.
PyAEDT INFO: AEDT version 2026.1.
PyAEDT INFO: New AEDT session is starting on gRPC port 5140.
PyAEDT INFO: Starting new AEDT gRPC session on port 5140.
PyAEDT INFO: Launching AEDT server with gRPC transport mode: TransportMode.WNUA
PyAEDT INFO: Electronics Desktop started on gRPC port 5140 after 5.4 seconds.
PyAEDT INFO: AEDT installation Path C:\Program Files\ANSYS Inc\v261\AnsysEM
PyAEDT INFO: Connected to AEDT gRPC session on port 5140.
PyAEDT INFO: Non-graphical mode detected. Disabling Desktop logs.
PyAEDT INFO: Parsing C:\ffzhzh\LocalFiles\Ansys_Project_Files\temp_train_TSV_RDL_240_1783667223_29156.aedt.
PyAEDT INFO: Python version 3.11.15 | packaged by Anaconda, Inc. | (main, Mar 11 2026, 17:12:15) [MSC v.1942 64 bit (AMD64)].
PyAEDT INFO: PyAEDT version 1.0.1.
PyAEDT INFO: Returning found Desktop session with PID 34332!
PyAEDT INFO: File C:\ffzhzh\LocalFiles\Ansys_Project_Files\temp_train_TSV_RDL_240_1783667223_29156.aedt correctly loaded. Elapsed time: 0m 0sec
PyAEDT INFO: Project temp_train_TSV_RDL_240_1783667223_29156 has been opened.
PyAEDT INFO: Active Design set to TSV_RDL
PyAEDT INFO: AEDT objects correctly read
PyAEDT INFO: Modeler class has been initialized! Elapsed time: 0m 0sec
PyAEDT INFO: Project temp_train_TSV_RDL_240_1783667223_29156 Saved correctly
PyAEDT INFO: Key Desktop/ActiveDSOConfigurations/HFSS correctly changed.
PyAEDT INFO: Solving all design setups. Analysis started...
PyAEDT INFO: Design setup None solved correctly in 0.0h 11.0m 5.0s
PyAEDT INFO: Key Desktop/ActiveDSOConfigurations/HFSS correctly changed.
PyAEDT INFO: Exporting Touchstone C:/ffzhzh/LocalFiles/Ansys_Project_Files/temp_train_TSV_RDL_238_1783666631_26216_SNP/temp_train_TSV_RDL_238_1783666631_26216.s2p
PyAEDT INFO: Touchstone correctly exported to C:/ffzhzh/LocalFiles/Ansys_Project_Files/temp_train_TSV_RDL_238_1783666631_26216_SNP/temp_train_TSV_RDL_238_1783666631_26216.s2p
[train / TSV_RDL - Task 238] simulation completed: C:\ffzhzh\SyncFiles\Temp\HFSS_sim\LHS400_Connection2\train\TSV_RDL\dut238.s2p
PyAEDT INFO: Desktop has been released and closed.
[train / TSV_RDL - Task 241] simulation started.
PyAEDT INFO: Python version 3.11.15 | packaged by Anaconda, Inc. | (main, Mar 11 2026, 17:12:15) [MSC v.1942 64 bit (AMD64)].
PyAEDT INFO: PyAEDT version 1.0.1.
PyAEDT INFO: Initializing new Desktop session.
PyAEDT INFO: AEDT version 2026.1.
PyAEDT INFO: New AEDT session is starting on gRPC port 5333.
PyAEDT INFO: Starting new AEDT gRPC session on port 5333.
PyAEDT INFO: Launching AEDT server with gRPC transport mode: TransportMode.WNUA
PyAEDT INFO: Solving all design setups. Analysis started...
PyAEDT INFO: Design setup None solved correctly in 0.0h 9.0m 22.0s
PyAEDT INFO: Key Desktop/ActiveDSOConfigurations/HFSS correctly changed.
PyAEDT INFO: Exporting Touchstone C:/ffzhzh/LocalFiles/Ansys_Project_Files/temp_train_TSV_RDL_239_1783666748_33328_SNP/temp_train_TSV_RDL_239_1783666748_33328.s2p
PyAEDT INFO: Touchstone correctly exported to C:/ffzhzh/LocalFiles/Ansys_Project_Files/temp_train_TSV_RDL_239_1783666748_33328_SNP/temp_train_TSV_RDL_239_1783666748_33328.s2p
PyAEDT INFO: Electronics Desktop started on gRPC port 5333 after 5.1 seconds.
PyAEDT INFO: AEDT installation Path C:\Program Files\ANSYS Inc\v261\AnsysEM
PyAEDT INFO: Connected to AEDT gRPC session on port 5333.
PyAEDT INFO: Non-graphical mode detected. Disabling Desktop logs.
PyAEDT INFO: Parsing C:\ffzhzh\LocalFiles\Ansys_Project_Files\temp_train_TSV_RDL_241_1783667316_26216.aedt.
PyAEDT INFO: Python version 3.11.15 | packaged by Anaconda, Inc. | (main, Mar 11 2026, 17:12:15) [MSC v.1942 64 bit (AMD64)].
PyAEDT INFO: PyAEDT version 1.0.1.
PyAEDT INFO: Returning found Desktop session with PID 39828!
PyAEDT INFO: File C:\ffzhzh\LocalFiles\Ansys_Project_Files\temp_train_TSV_RDL_241_1783667316_26216.aedt correctly loaded. Elapsed time: 0m 0sec
PyAEDT INFO: Project temp_train_TSV_RDL_241_1783667316_26216 has been opened.
PyAEDT INFO: Active Design set to TSV_RDL
PyAEDT INFO: AEDT objects correctly read
PyAEDT INFO: Modeler class has been initialized! Elapsed time: 0m 0sec
PyAEDT INFO: Project temp_train_TSV_RDL_241_1783667316_26216 Saved correctly
PyAEDT INFO: Key Desktop/ActiveDSOConfigurations/HFSS correctly changed.
[train / TSV_RDL - Task 239] simulation completed: C:\ffzhzh\SyncFiles\Temp\HFSS_sim\LHS400_Connection2\train\TSV_RDL\dut239.s2p
PyAEDT INFO: Desktop has been released and closed.
[train / TSV_RDL - Task 242] simulation started.
PyAEDT INFO: Python version 3.11.15 | packaged by Anaconda, Inc. | (main, Mar 11 2026, 17:12:15) [MSC v.1942 64 bit (AMD64)].
PyAEDT INFO: PyAEDT version 1.0.1.
PyAEDT INFO: Initializing new Desktop session.
PyAEDT INFO: AEDT version 2026.1.
PyAEDT INFO: New AEDT session is starting on gRPC port 5382.
PyAEDT INFO: Starting new AEDT gRPC session on port 5382.
PyAEDT INFO: Launching AEDT server with gRPC transport mode: TransportMode.WNUA
PyAEDT INFO: Electronics Desktop started on gRPC port 5382 after 5.2 seconds.
PyAEDT INFO: AEDT installation Path C:\Program Files\ANSYS Inc\v261\AnsysEM
PyAEDT INFO: Connected to AEDT gRPC session on port 5382.
PyAEDT INFO: Non-graphical mode detected. Disabling Desktop logs.
PyAEDT INFO: Parsing C:\ffzhzh\LocalFiles\Ansys_Project_Files\temp_train_TSV_RDL_242_1783667332_33328.aedt.
PyAEDT INFO: Python version 3.11.15 | packaged by Anaconda, Inc. | (main, Mar 11 2026, 17:12:15) [MSC v.1942 64 bit (AMD64)].
PyAEDT INFO: PyAEDT version 1.0.1.
PyAEDT INFO: Returning found Desktop session with PID 39568!
PyAEDT INFO: File C:\ffzhzh\LocalFiles\Ansys_Project_Files\temp_train_TSV_RDL_242_1783667332_33328.aedt correctly loaded. Elapsed time: 0m 0sec
PyAEDT INFO: Project temp_train_TSV_RDL_242_1783667332_33328 has been opened.
PyAEDT INFO: Active Design set to TSV_RDL
PyAEDT INFO: AEDT objects correctly read
PyAEDT INFO: Modeler class has been initialized! Elapsed time: 0m 0sec
PyAEDT INFO: Project temp_train_TSV_RDL_242_1783667332_33328 Saved correctly
PyAEDT INFO: Key Desktop/ActiveDSOConfigurations/HFSS correctly changed.
PyAEDT INFO: Solving all design setups. Analysis started...
PyAEDT INFO: Design setup None solved correctly in 0.0h 9.0m 2.0s
PyAEDT INFO: Key Desktop/ActiveDSOConfigurations/HFSS correctly changed.
PyAEDT INFO: Exporting Touchstone C:/ffzhzh/LocalFiles/Ansys_Project_Files/temp_train_TSV_RDL_241_1783667316_26216_SNP/temp_train_TSV_RDL_241_1783667316_26216.s2p
PyAEDT INFO: Touchstone correctly exported to C:/ffzhzh/LocalFiles/Ansys_Project_Files/temp_train_TSV_RDL_241_1783667316_26216_SNP/temp_train_TSV_RDL_241_1783667316_26216.s2p
[train / TSV_RDL - Task 241] simulation completed: C:\ffzhzh\SyncFiles\Temp\HFSS_sim\LHS400_Connection2\train\TSV_RDL\dut241.s2p
PyAEDT INFO: Desktop has been released and closed.
[train / TSV_RDL - Task 243] simulation started.
PyAEDT INFO: Python version 3.11.15 | packaged by Anaconda, Inc. | (main, Mar 11 2026, 17:12:15) [MSC v.1942 64 bit (AMD64)].
PyAEDT INFO: PyAEDT version 1.0.1.
PyAEDT INFO: Initializing new Desktop session.
PyAEDT INFO: AEDT version 2026.1.
PyAEDT INFO: New AEDT session is starting on gRPC port 10662.
PyAEDT INFO: Starting new AEDT gRPC session on port 10662.
PyAEDT INFO: Launching AEDT server with gRPC transport mode: TransportMode.WNUA
PyAEDT INFO: Electronics Desktop started on gRPC port 10662 after 6.0 seconds.
PyAEDT INFO: AEDT installation Path C:\Program Files\ANSYS Inc\v261\AnsysEM
PyAEDT INFO: Connected to AEDT gRPC session on port 10662.
PyAEDT INFO: Non-graphical mode detected. Disabling Desktop logs.
PyAEDT INFO: Parsing C:\ffzhzh\LocalFiles\Ansys_Project_Files\temp_train_TSV_RDL_243_1783667875_26216.aedt.
PyAEDT INFO: Python version 3.11.15 | packaged by Anaconda, Inc. | (main, Mar 11 2026, 17:12:15) [MSC v.1942 64 bit (AMD64)].
PyAEDT INFO: PyAEDT version 1.0.1.
PyAEDT INFO: Returning found Desktop session with PID 42452!
PyAEDT INFO: File C:\ffzhzh\LocalFiles\Ansys_Project_Files\temp_train_TSV_RDL_243_1783667875_26216.aedt correctly loaded. Elapsed time: 0m 0sec
PyAEDT INFO: Project temp_train_TSV_RDL_243_1783667875_26216 has been opened.
PyAEDT INFO: Active Design set to TSV_RDL
PyAEDT INFO: AEDT objects correctly read
PyAEDT INFO: Modeler class has been initialized! Elapsed time: 0m 0sec
PyAEDT INFO: Project temp_train_TSV_RDL_243_1783667875_26216 Saved correctly
PyAEDT INFO: Key Desktop/ActiveDSOConfigurations/HFSS correctly changed.
PyAEDT INFO: Solving all design setups. Analysis started...
PyAEDT INFO: Design setup None solved correctly in 0.0h 12.0m 6.0s
PyAEDT INFO: Key Desktop/ActiveDSOConfigurations/HFSS correctly changed.
PyAEDT INFO: Exporting Touchstone C:/ffzhzh/LocalFiles/Ansys_Project_Files/temp_train_TSV_RDL_242_1783667332_33328_SNP/temp_train_TSV_RDL_242_1783667332_33328.s2p
PyAEDT INFO: Touchstone correctly exported to C:/ffzhzh/LocalFiles/Ansys_Project_Files/temp_train_TSV_RDL_242_1783667332_33328_SNP/temp_train_TSV_RDL_242_1783667332_33328.s2p
[train / TSV_RDL - Task 242] simulation completed: C:\ffzhzh\SyncFiles\Temp\HFSS_sim\LHS400_Connection2\train\TSV_RDL\dut242.s2p
PyAEDT INFO: Desktop has been released and closed.
[train / TSV_RDL - Task 244] simulation started.
PyAEDT INFO: Python version 3.11.15 | packaged by Anaconda, Inc. | (main, Mar 11 2026, 17:12:15) [MSC v.1942 64 bit (AMD64)].
PyAEDT INFO: PyAEDT version 1.0.1.
PyAEDT INFO: Initializing new Desktop session.
PyAEDT INFO: AEDT version 2026.1.
PyAEDT INFO: New AEDT session is starting on gRPC port 5289.
PyAEDT INFO: Starting new AEDT gRPC session on port 5289.
PyAEDT INFO: Launching AEDT server with gRPC transport mode: TransportMode.WNUA
PyAEDT INFO: Electronics Desktop started on gRPC port 5289 after 5.9 seconds.
PyAEDT INFO: AEDT installation Path C:\Program Files\ANSYS Inc\v261\AnsysEM
PyAEDT INFO: Connected to AEDT gRPC session on port 5289.
PyAEDT INFO: Non-graphical mode detected. Disabling Desktop logs.
PyAEDT INFO: Python version 3.11.15 | packaged by Anaconda, Inc. | (main, Mar 11 2026, 17:12:15) [MSC v.1942 64 bit (AMD64)].
PyAEDT INFO: Parsing C:\ffzhzh\LocalFiles\Ansys_Project_Files\temp_train_TSV_RDL_244_1783668075_33328.aedt.
PyAEDT INFO: PyAEDT version 1.0.1.
PyAEDT INFO: Returning found Desktop session with PID 2712!
PyAEDT INFO: File C:\ffzhzh\LocalFiles\Ansys_Project_Files\temp_train_TSV_RDL_244_1783668075_33328.aedt correctly loaded. Elapsed time: 0m 0sec
PyAEDT INFO: Project temp_train_TSV_RDL_244_1783668075_33328 has been opened.
PyAEDT INFO: Active Design set to TSV_RDL
PyAEDT INFO: AEDT objects correctly read
PyAEDT INFO: Modeler class has been initialized! Elapsed time: 0m 0sec
PyAEDT INFO: Project temp_train_TSV_RDL_244_1783668075_33328 Saved correctly
PyAEDT INFO: Key Desktop/ActiveDSOConfigurations/HFSS correctly changed.
PyAEDT INFO: Solving all design setups. Analysis started...
PyAEDT INFO: Design setup None solved correctly in 0.0h 7.0m 55.0s
PyAEDT INFO: Key Desktop/ActiveDSOConfigurations/HFSS correctly changed.
PyAEDT INFO: Exporting Touchstone C:/ffzhzh/LocalFiles/Ansys_Project_Files/temp_train_TSV_RDL_243_1783667875_26216_SNP/temp_train_TSV_RDL_243_1783667875_26216.s2p
PyAEDT INFO: Touchstone correctly exported to C:/ffzhzh/LocalFiles/Ansys_Project_Files/temp_train_TSV_RDL_243_1783667875_26216_SNP/temp_train_TSV_RDL_243_1783667875_26216.s2p
[train / TSV_RDL - Task 243] simulation completed: C:\ffzhzh\SyncFiles\Temp\HFSS_sim\LHS400_Connection2\train\TSV_RDL\dut243.s2p
PyAEDT INFO: Desktop has been released and closed.
[train / TSV_RDL - Task 245] simulation started.
PyAEDT INFO: Python version 3.11.15 | packaged by Anaconda, Inc. | (main, Mar 11 2026, 17:12:15) [MSC v.1942 64 bit (AMD64)].
PyAEDT INFO: PyAEDT version 1.0.1.
PyAEDT INFO: Initializing new Desktop session.
PyAEDT INFO: AEDT version 2026.1.
PyAEDT INFO: New AEDT session is starting on gRPC port 13563.
PyAEDT INFO: Starting new AEDT gRPC session on port 13563.
PyAEDT INFO: Launching AEDT server with gRPC transport mode: TransportMode.WNUA
PyAEDT INFO: Electronics Desktop started on gRPC port 13563 after 9.4 seconds.
PyAEDT INFO: AEDT installation Path C:\Program Files\ANSYS Inc\v261\AnsysEM
PyAEDT INFO: Connected to AEDT gRPC session on port 13563.
PyAEDT INFO: Non-graphical mode detected. Disabling Desktop logs.
PyAEDT INFO: Parsing C:\ffzhzh\LocalFiles\Ansys_Project_Files\temp_train_TSV_RDL_245_1783668372_26216.aedt.
PyAEDT INFO: Python version 3.11.15 | packaged by Anaconda, Inc. | (main, Mar 11 2026, 17:12:15) [MSC v.1942 64 bit (AMD64)].
PyAEDT INFO: PyAEDT version 1.0.1.
PyAEDT INFO: Returning found Desktop session with PID 36792!
PyAEDT INFO: File C:\ffzhzh\LocalFiles\Ansys_Project_Files\temp_train_TSV_RDL_245_1783668372_26216.aedt correctly loaded. Elapsed time: 0m 0sec
PyAEDT INFO: Project temp_train_TSV_RDL_245_1783668372_26216 has been opened.
PyAEDT INFO: Active Design set to TSV_RDL
PyAEDT INFO: AEDT objects correctly read
PyAEDT INFO: Modeler class has been initialized! Elapsed time: 0m 0sec
PyAEDT INFO: Project temp_train_TSV_RDL_245_1783668372_26216 Saved correctly
PyAEDT INFO: Key Desktop/ActiveDSOConfigurations/HFSS correctly changed.
PyAEDT INFO: Solving all design setups. Analysis started...
PyAEDT INFO: Design setup None solved correctly in 0.0h 21.0m 18.0s
PyAEDT INFO: Key Desktop/ActiveDSOConfigurations/HFSS correctly changed.
PyAEDT INFO: Exporting Touchstone C:/ffzhzh/LocalFiles/Ansys_Project_Files/temp_train_TSV_RDL_240_1783667223_29156_SNP/temp_train_TSV_RDL_240_1783667223_29156.s2p
PyAEDT INFO: Touchstone correctly exported to C:/ffzhzh/LocalFiles/Ansys_Project_Files/temp_train_TSV_RDL_240_1783667223_29156_SNP/temp_train_TSV_RDL_240_1783667223_29156.s2p
[train / TSV_RDL - Task 240] simulation completed: C:\ffzhzh\SyncFiles\Temp\HFSS_sim\LHS400_Connection2\train\TSV_RDL\dut240.s2p
PyAEDT INFO: Desktop has been released and closed.
[train / TSV_RDL - Task 246] simulation started.
PyAEDT INFO: Python version 3.11.15 | packaged by Anaconda, Inc. | (main, Mar 11 2026, 17:12:15) [MSC v.1942 64 bit (AMD64)].
PyAEDT INFO: PyAEDT version 1.0.1.
PyAEDT INFO: Initializing new Desktop session.
PyAEDT INFO: AEDT version 2026.1.
PyAEDT INFO: New AEDT session is starting on gRPC port 10784.
PyAEDT INFO: Starting new AEDT gRPC session on port 10784.
PyAEDT INFO: Launching AEDT server with gRPC transport mode: TransportMode.WNUA
PyAEDT INFO: Electronics Desktop started on gRPC port 10784 after 5.5 seconds.
PyAEDT INFO: AEDT installation Path C:\Program Files\ANSYS Inc\v261\AnsysEM
PyAEDT INFO: Connected to AEDT gRPC session on port 10784.
PyAEDT INFO: Non-graphical mode detected. Disabling Desktop logs.
PyAEDT INFO: Parsing C:\ffzhzh\LocalFiles\Ansys_Project_Files\temp_train_TSV_RDL_246_1783668525_29156.aedt.
PyAEDT INFO: Python version 3.11.15 | packaged by Anaconda, Inc. | (main, Mar 11 2026, 17:12:15) [MSC v.1942 64 bit (AMD64)].
PyAEDT INFO: PyAEDT version 1.0.1.
PyAEDT INFO: Returning found Desktop session with PID 4392!
PyAEDT INFO: File C:\ffzhzh\LocalFiles\Ansys_Project_Files\temp_train_TSV_RDL_246_1783668525_29156.aedt correctly loaded. Elapsed time: 0m 0sec
PyAEDT INFO: Project temp_train_TSV_RDL_246_1783668525_29156 has been opened.
PyAEDT INFO: Active Design set to TSV_RDL
PyAEDT INFO: AEDT objects correctly read
PyAEDT INFO: Modeler class has been initialized! Elapsed time: 0m 0sec
PyAEDT INFO: Project temp_train_TSV_RDL_246_1783668525_29156 Saved correctly
PyAEDT INFO: Key Desktop/ActiveDSOConfigurations/HFSS correctly changed.
PyAEDT INFO: Solving all design setups. Analysis started...
PyAEDT INFO: Design setup None solved correctly in 0.0h 9.0m 30.0s
PyAEDT INFO: Key Desktop/ActiveDSOConfigurations/HFSS correctly changed.
PyAEDT INFO: Exporting Touchstone C:/ffzhzh/LocalFiles/Ansys_Project_Files/temp_train_TSV_RDL_245_1783668372_26216_SNP/temp_train_TSV_RDL_245_1783668372_26216.s2p
PyAEDT INFO: Touchstone correctly exported to C:/ffzhzh/LocalFiles/Ansys_Project_Files/temp_train_TSV_RDL_245_1783668372_26216_SNP/temp_train_TSV_RDL_245_1783668372_26216.s2p
[train / TSV_RDL - Task 245] simulation completed: C:\ffzhzh\SyncFiles\Temp\HFSS_sim\LHS400_Connection2\train\TSV_RDL\dut245.s2p
PyAEDT INFO: Desktop has been released and closed.
[train / TSV_RDL - Task 247] simulation started.
PyAEDT INFO: Python version 3.11.15 | packaged by Anaconda, Inc. | (main, Mar 11 2026, 17:12:15) [MSC v.1942 64 bit (AMD64)].
PyAEDT INFO: PyAEDT version 1.0.1.
PyAEDT INFO: Initializing new Desktop session.
PyAEDT INFO: AEDT version 2026.1.
PyAEDT INFO: New AEDT session is starting on gRPC port 9764.
PyAEDT INFO: Starting new AEDT gRPC session on port 9764.
PyAEDT INFO: Launching AEDT server with gRPC transport mode: TransportMode.WNUA
PyAEDT INFO: Electronics Desktop started on gRPC port 9764 after 5.3 seconds.
PyAEDT INFO: AEDT installation Path C:\Program Files\ANSYS Inc\v261\AnsysEM
PyAEDT INFO: Connected to AEDT gRPC session on port 9764.
PyAEDT INFO: Non-graphical mode detected. Disabling Desktop logs.
PyAEDT INFO: Parsing C:\ffzhzh\LocalFiles\Ansys_Project_Files\temp_train_TSV_RDL_247_1783668970_26216.aedt.
PyAEDT INFO: Python version 3.11.15 | packaged by Anaconda, Inc. | (main, Mar 11 2026, 17:12:15) [MSC v.1942 64 bit (AMD64)].
PyAEDT INFO: PyAEDT version 1.0.1.
PyAEDT INFO: Returning found Desktop session with PID 36372!
PyAEDT INFO: File C:\ffzhzh\LocalFiles\Ansys_Project_Files\temp_train_TSV_RDL_247_1783668970_26216.aedt correctly loaded. Elapsed time: 0m 0sec
PyAEDT INFO: Project temp_train_TSV_RDL_247_1783668970_26216 has been opened.
PyAEDT INFO: Active Design set to TSV_RDL
PyAEDT INFO: AEDT objects correctly read
PyAEDT INFO: Modeler class has been initialized! Elapsed time: 0m 0sec
PyAEDT INFO: Project temp_train_TSV_RDL_247_1783668970_26216 Saved correctly
PyAEDT INFO: Key Desktop/ActiveDSOConfigurations/HFSS correctly changed.
PyAEDT INFO: Solving all design setups. Analysis started...
PyAEDT INFO: Design setup None solved correctly in 0.0h 10.0m 34.0s
PyAEDT INFO: Key Desktop/ActiveDSOConfigurations/HFSS correctly changed.
PyAEDT INFO: Exporting Touchstone C:/ffzhzh/LocalFiles/Ansys_Project_Files/temp_train_TSV_RDL_246_1783668525_29156_SNP/temp_train_TSV_RDL_246_1783668525_29156.s2p
PyAEDT INFO: Touchstone correctly exported to C:/ffzhzh/LocalFiles/Ansys_Project_Files/temp_train_TSV_RDL_246_1783668525_29156_SNP/temp_train_TSV_RDL_246_1783668525_29156.s2p
[train / TSV_RDL - Task 246] simulation completed: C:\ffzhzh\SyncFiles\Temp\HFSS_sim\LHS400_Connection2\train\TSV_RDL\dut246.s2p
PyAEDT INFO: Desktop has been released and closed.
[train / TSV_RDL - Task 248] simulation started.
PyAEDT INFO: Python version 3.11.15 | packaged by Anaconda, Inc. | (main, Mar 11 2026, 17:12:15) [MSC v.1942 64 bit (AMD64)].
PyAEDT INFO: PyAEDT version 1.0.1.
PyAEDT INFO: Initializing new Desktop session.
PyAEDT INFO: AEDT version 2026.1.
PyAEDT INFO: New AEDT session is starting on gRPC port 10405.
PyAEDT INFO: Starting new AEDT gRPC session on port 10405.
PyAEDT INFO: Launching AEDT server with gRPC transport mode: TransportMode.WNUA
PyAEDT INFO: Electronics Desktop started on gRPC port 10405 after 5.2 seconds.
PyAEDT INFO: AEDT installation Path C:\Program Files\ANSYS Inc\v261\AnsysEM
PyAEDT INFO: Connected to AEDT gRPC session on port 10405.
PyAEDT INFO: Non-graphical mode detected. Disabling Desktop logs.
PyAEDT INFO: Parsing C:\ffzhzh\LocalFiles\Ansys_Project_Files\temp_train_TSV_RDL_248_1783669186_29156.aedt.
PyAEDT INFO: Python version 3.11.15 | packaged by Anaconda, Inc. | (main, Mar 11 2026, 17:12:15) [MSC v.1942 64 bit (AMD64)].
PyAEDT INFO: PyAEDT version 1.0.1.
PyAEDT INFO: Returning found Desktop session with PID 28628!
PyAEDT INFO: File C:\ffzhzh\LocalFiles\Ansys_Project_Files\temp_train_TSV_RDL_248_1783669186_29156.aedt correctly loaded. Elapsed time: 0m 0sec
PyAEDT INFO: Project temp_train_TSV_RDL_248_1783669186_29156 has been opened.
PyAEDT INFO: Active Design set to TSV_RDL
PyAEDT INFO: AEDT objects correctly read
PyAEDT INFO: Modeler class has been initialized! Elapsed time: 0m 0sec
PyAEDT INFO: Project temp_train_TSV_RDL_248_1783669186_29156 Saved correctly
PyAEDT INFO: Key Desktop/ActiveDSOConfigurations/HFSS correctly changed.
PyAEDT INFO: Solving all design setups. Analysis started...
PyAEDT INFO: Design setup None solved correctly in 0.0h 18.0m 60.0s
PyAEDT INFO: Key Desktop/ActiveDSOConfigurations/HFSS correctly changed.
PyAEDT INFO: Exporting Touchstone C:/ffzhzh/LocalFiles/Ansys_Project_Files/temp_train_TSV_RDL_244_1783668075_33328_SNP/temp_train_TSV_RDL_244_1783668075_33328.s2p
PyAEDT INFO: Touchstone correctly exported to C:/ffzhzh/LocalFiles/Ansys_Project_Files/temp_train_TSV_RDL_244_1783668075_33328_SNP/temp_train_TSV_RDL_244_1783668075_33328.s2p
[train / TSV_RDL - Task 244] simulation completed: C:\ffzhzh\SyncFiles\Temp\HFSS_sim\LHS400_Connection2\train\TSV_RDL\dut244.s2p
PyAEDT INFO: Desktop has been released and closed.
[train / TSV_RDL - Task 249] simulation started.
PyAEDT INFO: Python version 3.11.15 | packaged by Anaconda, Inc. | (main, Mar 11 2026, 17:12:15) [MSC v.1942 64 bit (AMD64)].
PyAEDT INFO: PyAEDT version 1.0.1.
PyAEDT INFO: Initializing new Desktop session.
PyAEDT INFO: AEDT version 2026.1.
PyAEDT INFO: New AEDT session is starting on gRPC port 10483.
PyAEDT INFO: Starting new AEDT gRPC session on port 10483.
PyAEDT INFO: Launching AEDT server with gRPC transport mode: TransportMode.WNUA
PyAEDT INFO: Electronics Desktop started on gRPC port 10483 after 5.0 seconds.
PyAEDT INFO: AEDT installation Path C:\Program Files\ANSYS Inc\v261\AnsysEM
PyAEDT INFO: Connected to AEDT gRPC session on port 10483.
PyAEDT INFO: Non-graphical mode detected. Disabling Desktop logs.
PyAEDT INFO: Parsing C:\ffzhzh\LocalFiles\Ansys_Project_Files\temp_train_TSV_RDL_249_1783669241_33328.aedt.
PyAEDT INFO: Python version 3.11.15 | packaged by Anaconda, Inc. | (main, Mar 11 2026, 17:12:15) [MSC v.1942 64 bit (AMD64)].
PyAEDT INFO: PyAEDT version 1.0.1.
PyAEDT INFO: Returning found Desktop session with PID 11328!
PyAEDT INFO: File C:\ffzhzh\LocalFiles\Ansys_Project_Files\temp_train_TSV_RDL_249_1783669241_33328.aedt correctly loaded. Elapsed time: 0m 0sec
PyAEDT INFO: Project temp_train_TSV_RDL_249_1783669241_33328 has been opened.
PyAEDT INFO: Active Design set to TSV_RDL
PyAEDT INFO: AEDT objects correctly read
PyAEDT INFO: Modeler class has been initialized! Elapsed time: 0m 0sec
PyAEDT INFO: Project temp_train_TSV_RDL_249_1783669241_33328 Saved correctly
PyAEDT INFO: Key Desktop/ActiveDSOConfigurations/HFSS correctly changed.
PyAEDT INFO: Solving all design setups. Analysis started...
PyAEDT INFO: Design setup None solved correctly in 0.0h 23.0m 38.0s
PyAEDT INFO: Key Desktop/ActiveDSOConfigurations/HFSS correctly changed.
PyAEDT INFO: Exporting Touchstone C:/ffzhzh/LocalFiles/Ansys_Project_Files/temp_train_TSV_RDL_249_1783669241_33328_SNP/temp_train_TSV_RDL_249_1783669241_33328.s2p
PyAEDT INFO: Touchstone correctly exported to C:/ffzhzh/LocalFiles/Ansys_Project_Files/temp_train_TSV_RDL_249_1783669241_33328_SNP/temp_train_TSV_RDL_249_1783669241_33328.s2p
[train / TSV_RDL - Task 249] simulation completed: C:\ffzhzh\SyncFiles\Temp\HFSS_sim\LHS400_Connection2\train\TSV_RDL\dut249.s2p
PyAEDT INFO: Desktop has been released and closed.
[train / TSV_RDL - Task 250] simulation started.
PyAEDT INFO: Python version 3.11.15 | packaged by Anaconda, Inc. | (main, Mar 11 2026, 17:12:15) [MSC v.1942 64 bit (AMD64)].
PyAEDT INFO: PyAEDT version 1.0.1.
PyAEDT INFO: Initializing new Desktop session.
PyAEDT INFO: AEDT version 2026.1.
PyAEDT INFO: New AEDT session is starting on gRPC port 7902.
PyAEDT INFO: Starting new AEDT gRPC session on port 7902.
PyAEDT INFO: Launching AEDT server with gRPC transport mode: TransportMode.WNUA
PyAEDT INFO: Electronics Desktop started on gRPC port 7902 after 6.6 seconds.
PyAEDT INFO: AEDT installation Path C:\Program Files\ANSYS Inc\v261\AnsysEM
PyAEDT INFO: Connected to AEDT gRPC session on port 7902.
PyAEDT INFO: Non-graphical mode detected. Disabling Desktop logs.
PyAEDT INFO: Parsing C:\ffzhzh\LocalFiles\Ansys_Project_Files\temp_train_TSV_RDL_250_1783670679_33328.aedt.
PyAEDT INFO: Python version 3.11.15 | packaged by Anaconda, Inc. | (main, Mar 11 2026, 17:12:15) [MSC v.1942 64 bit (AMD64)].
PyAEDT INFO: PyAEDT version 1.0.1.
PyAEDT INFO: Returning found Desktop session with PID 39372!
PyAEDT INFO: File C:\ffzhzh\LocalFiles\Ansys_Project_Files\temp_train_TSV_RDL_250_1783670679_33328.aedt correctly loaded. Elapsed time: 0m 0sec
PyAEDT INFO: Project temp_train_TSV_RDL_250_1783670679_33328 has been opened.
PyAEDT INFO: Active Design set to TSV_RDL
PyAEDT INFO: AEDT objects correctly read
PyAEDT INFO: Modeler class has been initialized! Elapsed time: 0m 0sec
PyAEDT INFO: Project temp_train_TSV_RDL_250_1783670679_33328 Saved correctly
PyAEDT INFO: Key Desktop/ActiveDSOConfigurations/HFSS correctly changed.
PyAEDT INFO: Solving all design setups. Analysis started...
PyAEDT INFO: Design setup None solved correctly in 0.0h 8.0m 50.0s
PyAEDT INFO: Key Desktop/ActiveDSOConfigurations/HFSS correctly changed.
PyAEDT INFO: Exporting Touchstone C:/ffzhzh/LocalFiles/Ansys_Project_Files/temp_train_TSV_RDL_250_1783670679_33328_SNP/temp_train_TSV_RDL_250_1783670679_33328.s2p
PyAEDT INFO: Touchstone correctly exported to C:/ffzhzh/LocalFiles/Ansys_Project_Files/temp_train_TSV_RDL_250_1783670679_33328_SNP/temp_train_TSV_RDL_250_1783670679_33328.s2p
[train / TSV_RDL - Task 250] simulation completed: C:\ffzhzh\SyncFiles\Temp\HFSS_sim\LHS400_Connection2\train\TSV_RDL\dut250.s2p
PyAEDT INFO: Desktop has been released and closed.
[train / TSV_RDL - Task 251] simulation started.
PyAEDT INFO: Python version 3.11.15 | packaged by Anaconda, Inc. | (main, Mar 11 2026, 17:12:15) [MSC v.1942 64 bit (AMD64)].
PyAEDT INFO: PyAEDT version 1.0.1.
PyAEDT INFO: Initializing new Desktop session.
PyAEDT INFO: AEDT version 2026.1.
PyAEDT INFO: New AEDT session is starting on gRPC port 4981.
PyAEDT INFO: Starting new AEDT gRPC session on port 4981.
PyAEDT INFO: Launching AEDT server with gRPC transport mode: TransportMode.WNUA
PyAEDT INFO: Electronics Desktop started on gRPC port 4981 after 5.3 seconds.
PyAEDT INFO: AEDT installation Path C:\Program Files\ANSYS Inc\v261\AnsysEM
PyAEDT INFO: Connected to AEDT gRPC session on port 4981.
PyAEDT INFO: Non-graphical mode detected. Disabling Desktop logs.
PyAEDT INFO: Parsing C:\ffzhzh\LocalFiles\Ansys_Project_Files\temp_train_TSV_RDL_251_1783671233_33328.aedt.
PyAEDT INFO: Python version 3.11.15 | packaged by Anaconda, Inc. | (main, Mar 11 2026, 17:12:15) [MSC v.1942 64 bit (AMD64)].
PyAEDT INFO: PyAEDT version 1.0.1.
PyAEDT INFO: Returning found Desktop session with PID 20720!
PyAEDT INFO: File C:\ffzhzh\LocalFiles\Ansys_Project_Files\temp_train_TSV_RDL_251_1783671233_33328.aedt correctly loaded. Elapsed time: 0m 0sec
PyAEDT INFO: Project temp_train_TSV_RDL_251_1783671233_33328 has been opened.
PyAEDT INFO: Active Design set to TSV_RDL
PyAEDT INFO: AEDT objects correctly read
PyAEDT INFO: Modeler class has been initialized! Elapsed time: 0m 0sec
PyAEDT INFO: Project temp_train_TSV_RDL_251_1783671233_33328 Saved correctly
PyAEDT INFO: Key Desktop/ActiveDSOConfigurations/HFSS correctly changed.
PyAEDT INFO: Solving all design setups. Analysis started...
PyAEDT INFO: Design setup None solved correctly in 0.0h 40.0m 28.0s
PyAEDT INFO: Key Desktop/ActiveDSOConfigurations/HFSS correctly changed.
PyAEDT INFO: Exporting Touchstone C:/ffzhzh/LocalFiles/Ansys_Project_Files/temp_train_TSV_RDL_247_1783668970_26216_SNP/temp_train_TSV_RDL_247_1783668970_26216.s2p
PyAEDT INFO: Touchstone correctly exported to C:/ffzhzh/LocalFiles/Ansys_Project_Files/temp_train_TSV_RDL_247_1783668970_26216_SNP/temp_train_TSV_RDL_247_1783668970_26216.s2p
[train / TSV_RDL - Task 247] simulation completed: C:\ffzhzh\SyncFiles\Temp\HFSS_sim\LHS400_Connection2\train\TSV_RDL\dut247.s2p
PyAEDT INFO: Desktop has been released and closed.
[train / TSV_RDL - Task 252] simulation started.
PyAEDT INFO: Python version 3.11.15 | packaged by Anaconda, Inc. | (main, Mar 11 2026, 17:12:15) [MSC v.1942 64 bit (AMD64)].
PyAEDT INFO: PyAEDT version 1.0.1.
PyAEDT INFO: Initializing new Desktop session.
PyAEDT INFO: AEDT version 2026.1.
PyAEDT INFO: New AEDT session is starting on gRPC port 12742.
PyAEDT INFO: Starting new AEDT gRPC session on port 12742.
PyAEDT INFO: Launching AEDT server with gRPC transport mode: TransportMode.WNUA
PyAEDT INFO: Electronics Desktop started on gRPC port 12742 after 5.2 seconds.
PyAEDT INFO: AEDT installation Path C:\Program Files\ANSYS Inc\v261\AnsysEM
PyAEDT INFO: Connected to AEDT gRPC session on port 12742.
PyAEDT INFO: Non-graphical mode detected. Disabling Desktop logs.
PyAEDT INFO: Parsing C:\ffzhzh\LocalFiles\Ansys_Project_Files\temp_train_TSV_RDL_252_1783671414_26216.aedt.
PyAEDT INFO: Python version 3.11.15 | packaged by Anaconda, Inc. | (main, Mar 11 2026, 17:12:15) [MSC v.1942 64 bit (AMD64)].
PyAEDT INFO: PyAEDT version 1.0.1.
PyAEDT INFO: Returning found Desktop session with PID 2964!
PyAEDT INFO: File C:\ffzhzh\LocalFiles\Ansys_Project_Files\temp_train_TSV_RDL_252_1783671414_26216.aedt correctly loaded. Elapsed time: 0m 0sec
PyAEDT INFO: Project temp_train_TSV_RDL_252_1783671414_26216 has been opened.
PyAEDT INFO: Active Design set to TSV_RDL
PyAEDT INFO: AEDT objects correctly read
PyAEDT INFO: Modeler class has been initialized! Elapsed time: 0m 0sec
PyAEDT INFO: Project temp_train_TSV_RDL_252_1783671414_26216 Saved correctly
PyAEDT INFO: Key Desktop/ActiveDSOConfigurations/HFSS correctly changed.
PyAEDT ERROR: Error in solving all setups (AnalyzeAll).
PyAEDT INFO: Design setup None solved correctly in 0.0h 37.0m 26.0s
PyAEDT INFO: Key Desktop/ActiveDSOConfigurations/HFSS correctly changed.
[train / TSV_RDL - Task 248] HFSS analyze failed for setup Auto1.
PyAEDT INFO: Desktop has been released and closed.
[train / TSV_RDL - Task 253] simulation started.
PyAEDT INFO: Python version 3.11.15 | packaged by Anaconda, Inc. | (main, Mar 11 2026, 17:12:15) [MSC v.1942 64 bit (AMD64)].
PyAEDT INFO: PyAEDT version 1.0.1.
PyAEDT INFO: Initializing new Desktop session.
PyAEDT INFO: AEDT version 2026.1.
PyAEDT INFO: New AEDT session is starting on gRPC port 3627.
PyAEDT INFO: Starting new AEDT gRPC session on port 3627.
PyAEDT INFO: Launching AEDT server with gRPC transport mode: TransportMode.WNUA
PyAEDT INFO: Electronics Desktop started on gRPC port 3627 after 5.2 seconds.
PyAEDT INFO: AEDT installation Path C:\Program Files\ANSYS Inc\v261\AnsysEM
PyAEDT INFO: Connected to AEDT gRPC session on port 3627.
PyAEDT INFO: Non-graphical mode detected. Disabling Desktop logs.
PyAEDT INFO: Parsing C:\ffzhzh\LocalFiles\Ansys_Project_Files\temp_train_TSV_RDL_253_1783671454_29156.aedt.
PyAEDT INFO: Python version 3.11.15 | packaged by Anaconda, Inc. | (main, Mar 11 2026, 17:12:15) [MSC v.1942 64 bit (AMD64)].
PyAEDT INFO: PyAEDT version 1.0.1.
PyAEDT INFO: Returning found Desktop session with PID 14664!
PyAEDT INFO: File C:\ffzhzh\LocalFiles\Ansys_Project_Files\temp_train_TSV_RDL_253_1783671454_29156.aedt correctly loaded. Elapsed time: 0m 0sec
PyAEDT INFO: Project temp_train_TSV_RDL_253_1783671454_29156 has been opened.
PyAEDT INFO: Active Design set to TSV_RDL
PyAEDT INFO: AEDT objects correctly read
PyAEDT INFO: Modeler class has been initialized! Elapsed time: 0m 0sec
PyAEDT INFO: Project temp_train_TSV_RDL_253_1783671454_29156 Saved correctly
PyAEDT INFO: Key Desktop/ActiveDSOConfigurations/HFSS correctly changed.
PyAEDT INFO: Solving all design setups. Analysis started...
PyAEDT INFO: Design setup None solved correctly in 0.0h 6.0m 29.0s
PyAEDT INFO: Key Desktop/ActiveDSOConfigurations/HFSS correctly changed.
PyAEDT INFO: Exporting Touchstone C:/ffzhzh/LocalFiles/Ansys_Project_Files/temp_train_TSV_RDL_252_1783671414_26216_SNP/temp_train_TSV_RDL_252_1783671414_26216.s2p
PyAEDT INFO: Touchstone correctly exported to C:/ffzhzh/LocalFiles/Ansys_Project_Files/temp_train_TSV_RDL_252_1783671414_26216_SNP/temp_train_TSV_RDL_252_1783671414_26216.s2p
[train / TSV_RDL - Task 252] simulation completed: C:\ffzhzh\SyncFiles\Temp\HFSS_sim\LHS400_Connection2\train\TSV_RDL\dut252.s2p
PyAEDT INFO: Desktop has been released and closed.
[train / TSV_RDL - Task 254] simulation started.
PyAEDT INFO: Python version 3.11.15 | packaged by Anaconda, Inc. | (main, Mar 11 2026, 17:12:15) [MSC v.1942 64 bit (AMD64)].
PyAEDT INFO: PyAEDT version 1.0.1.
PyAEDT INFO: Initializing new Desktop session.
PyAEDT INFO: AEDT version 2026.1.
PyAEDT INFO: New AEDT session is starting on gRPC port 3807.
PyAEDT INFO: Starting new AEDT gRPC session on port 3807.
PyAEDT INFO: Launching AEDT server with gRPC transport mode: TransportMode.WNUA
PyAEDT INFO: Electronics Desktop started on gRPC port 3807 after 5.7 seconds.
PyAEDT INFO: AEDT installation Path C:\Program Files\ANSYS Inc\v261\AnsysEM
PyAEDT INFO: Connected to AEDT gRPC session on port 3807.
PyAEDT INFO: Non-graphical mode detected. Disabling Desktop logs.
PyAEDT INFO: Parsing C:\ffzhzh\LocalFiles\Ansys_Project_Files\temp_train_TSV_RDL_254_1783671819_26216.aedt.
PyAEDT INFO: Python version 3.11.15 | packaged by Anaconda, Inc. | (main, Mar 11 2026, 17:12:15) [MSC v.1942 64 bit (AMD64)].
PyAEDT INFO: PyAEDT version 1.0.1.
PyAEDT INFO: Returning found Desktop session with PID 37004!
PyAEDT INFO: File C:\ffzhzh\LocalFiles\Ansys_Project_Files\temp_train_TSV_RDL_254_1783671819_26216.aedt correctly loaded. Elapsed time: 0m 0sec
PyAEDT INFO: Project temp_train_TSV_RDL_254_1783671819_26216 has been opened.
PyAEDT INFO: Active Design set to TSV_RDL
PyAEDT INFO: AEDT objects correctly read
PyAEDT INFO: Modeler class has been initialized! Elapsed time: 0m 0sec
PyAEDT INFO: Project temp_train_TSV_RDL_254_1783671819_26216 Saved correctly
PyAEDT INFO: Key Desktop/ActiveDSOConfigurations/HFSS correctly changed.
PyAEDT INFO: Solving all design setups. Analysis started...
PyAEDT INFO: Design setup None solved correctly in 0.0h 11.0m 39.0s
PyAEDT INFO: Key Desktop/ActiveDSOConfigurations/HFSS correctly changed.
PyAEDT INFO: Exporting Touchstone C:/ffzhzh/LocalFiles/Ansys_Project_Files/temp_train_TSV_RDL_251_1783671233_33328_SNP/temp_train_TSV_RDL_251_1783671233_33328.s2p
PyAEDT INFO: Touchstone correctly exported to C:/ffzhzh/LocalFiles/Ansys_Project_Files/temp_train_TSV_RDL_251_1783671233_33328_SNP/temp_train_TSV_RDL_251_1783671233_33328.s2p
[train / TSV_RDL - Task 251] simulation completed: C:\ffzhzh\SyncFiles\Temp\HFSS_sim\LHS400_Connection2\train\TSV_RDL\dut251.s2p
PyAEDT INFO: Desktop has been released and closed.
[train / TSV_RDL - Task 255] simulation started.
PyAEDT INFO: Python version 3.11.15 | packaged by Anaconda, Inc. | (main, Mar 11 2026, 17:12:15) [MSC v.1942 64 bit (AMD64)].
PyAEDT INFO: PyAEDT version 1.0.1.
PyAEDT INFO: Initializing new Desktop session.
PyAEDT INFO: AEDT version 2026.1.
PyAEDT INFO: New AEDT session is starting on gRPC port 9778.
PyAEDT INFO: Starting new AEDT gRPC session on port 9778.
PyAEDT INFO: Launching AEDT server with gRPC transport mode: TransportMode.WNUA
PyAEDT INFO: Electronics Desktop started on gRPC port 9778 after 5.5 seconds.
PyAEDT INFO: AEDT installation Path C:\Program Files\ANSYS Inc\v261\AnsysEM
PyAEDT INFO: Connected to AEDT gRPC session on port 9778.
PyAEDT INFO: Non-graphical mode detected. Disabling Desktop logs.
PyAEDT INFO: Parsing C:\ffzhzh\LocalFiles\Ansys_Project_Files\temp_train_TSV_RDL_255_1783671955_33328.aedt.
PyAEDT INFO: Python version 3.11.15 | packaged by Anaconda, Inc. | (main, Mar 11 2026, 17:12:15) [MSC v.1942 64 bit (AMD64)].
PyAEDT INFO: PyAEDT version 1.0.1.
PyAEDT INFO: Returning found Desktop session with PID 30560!
PyAEDT INFO: File C:\ffzhzh\LocalFiles\Ansys_Project_Files\temp_train_TSV_RDL_255_1783671955_33328.aedt correctly loaded. Elapsed time: 0m 0sec
PyAEDT INFO: Project temp_train_TSV_RDL_255_1783671955_33328 has been opened.
PyAEDT INFO: Active Design set to TSV_RDL
PyAEDT INFO: AEDT objects correctly read
PyAEDT INFO: Modeler class has been initialized! Elapsed time: 0m 0sec
PyAEDT INFO: Project temp_train_TSV_RDL_255_1783671955_33328 Saved correctly
PyAEDT INFO: Key Desktop/ActiveDSOConfigurations/HFSS correctly changed.
PyAEDT INFO: Solving all design setups. Analysis started...
PyAEDT INFO: Design setup None solved correctly in 0.0h 9.0m 50.0s
PyAEDT INFO: Key Desktop/ActiveDSOConfigurations/HFSS correctly changed.
PyAEDT INFO: Exporting Touchstone C:/ffzhzh/LocalFiles/Ansys_Project_Files/temp_train_TSV_RDL_253_1783671454_29156_SNP/temp_train_TSV_RDL_253_1783671454_29156.s2p
PyAEDT INFO: Touchstone correctly exported to C:/ffzhzh/LocalFiles/Ansys_Project_Files/temp_train_TSV_RDL_253_1783671454_29156_SNP/temp_train_TSV_RDL_253_1783671454_29156.s2p
[train / TSV_RDL - Task 253] simulation completed: C:\ffzhzh\SyncFiles\Temp\HFSS_sim\LHS400_Connection2\train\TSV_RDL\dut253.s2p
PyAEDT INFO: Desktop has been released and closed.
[train / TSV_RDL - Task 256] simulation started.
PyAEDT INFO: Python version 3.11.15 | packaged by Anaconda, Inc. | (main, Mar 11 2026, 17:12:15) [MSC v.1942 64 bit (AMD64)].
PyAEDT INFO: PyAEDT version 1.0.1.
PyAEDT INFO: Initializing new Desktop session.
PyAEDT INFO: AEDT version 2026.1.
PyAEDT INFO: New AEDT session is starting on gRPC port 3215.
PyAEDT INFO: Starting new AEDT gRPC session on port 3215.
PyAEDT INFO: Launching AEDT server with gRPC transport mode: TransportMode.WNUA
PyAEDT INFO: Electronics Desktop started on gRPC port 3215 after 5.4 seconds.
PyAEDT INFO: AEDT installation Path C:\Program Files\ANSYS Inc\v261\AnsysEM
PyAEDT INFO: Connected to AEDT gRPC session on port 3215.
PyAEDT INFO: Non-graphical mode detected. Disabling Desktop logs.
PyAEDT INFO: Parsing C:\ffzhzh\LocalFiles\Ansys_Project_Files\temp_train_TSV_RDL_256_1783672064_29156.aedt.
PyAEDT INFO: Python version 3.11.15 | packaged by Anaconda, Inc. | (main, Mar 11 2026, 17:12:15) [MSC v.1942 64 bit (AMD64)].
PyAEDT INFO: PyAEDT version 1.0.1.
PyAEDT INFO: Returning found Desktop session with PID 19452!
PyAEDT INFO: File C:\ffzhzh\LocalFiles\Ansys_Project_Files\temp_train_TSV_RDL_256_1783672064_29156.aedt correctly loaded. Elapsed time: 0m 0sec
PyAEDT INFO: Project temp_train_TSV_RDL_256_1783672064_29156 has been opened.
PyAEDT INFO: Active Design set to TSV_RDL
PyAEDT INFO: AEDT objects correctly read
PyAEDT INFO: Modeler class has been initialized! Elapsed time: 0m 0sec
PyAEDT INFO: Project temp_train_TSV_RDL_256_1783672064_29156 Saved correctly
PyAEDT INFO: Key Desktop/ActiveDSOConfigurations/HFSS correctly changed.
PyAEDT INFO: Solving all design setups. Analysis started...
PyAEDT INFO: Design setup None solved correctly in 0.0h 9.0m 34.0s
PyAEDT INFO: Key Desktop/ActiveDSOConfigurations/HFSS correctly changed.
PyAEDT INFO: Exporting Touchstone C:/ffzhzh/LocalFiles/Ansys_Project_Files/temp_train_TSV_RDL_255_1783671955_33328_SNP/temp_train_TSV_RDL_255_1783671955_33328.s2p
PyAEDT INFO: Touchstone correctly exported to C:/ffzhzh/LocalFiles/Ansys_Project_Files/temp_train_TSV_RDL_255_1783671955_33328_SNP/temp_train_TSV_RDL_255_1783671955_33328.s2p
[train / TSV_RDL - Task 255] simulation completed: C:\ffzhzh\SyncFiles\Temp\HFSS_sim\LHS400_Connection2\train\TSV_RDL\dut255.s2p
PyAEDT INFO: Desktop has been released and closed.
[train / TSV_RDL - Task 257] simulation started.
PyAEDT INFO: Python version 3.11.15 | packaged by Anaconda, Inc. | (main, Mar 11 2026, 17:12:15) [MSC v.1942 64 bit (AMD64)].
PyAEDT INFO: PyAEDT version 1.0.1.
PyAEDT INFO: Initializing new Desktop session.
PyAEDT INFO: AEDT version 2026.1.
PyAEDT INFO: New AEDT session is starting on gRPC port 7140.
PyAEDT INFO: Starting new AEDT gRPC session on port 7140.
PyAEDT INFO: Launching AEDT server with gRPC transport mode: TransportMode.WNUA
PyAEDT INFO: Electronics Desktop started on gRPC port 7140 after 5.4 seconds.
PyAEDT INFO: AEDT installation Path C:\Program Files\ANSYS Inc\v261\AnsysEM
PyAEDT INFO: Connected to AEDT gRPC session on port 7140.
PyAEDT INFO: Non-graphical mode detected. Disabling Desktop logs.
PyAEDT INFO: Parsing C:\ffzhzh\LocalFiles\Ansys_Project_Files\temp_train_TSV_RDL_257_1783672550_33328.aedt.
PyAEDT INFO: Python version 3.11.15 | packaged by Anaconda, Inc. | (main, Mar 11 2026, 17:12:15) [MSC v.1942 64 bit (AMD64)].
PyAEDT INFO: PyAEDT version 1.0.1.
PyAEDT INFO: Returning found Desktop session with PID 30628!
PyAEDT INFO: File C:\ffzhzh\LocalFiles\Ansys_Project_Files\temp_train_TSV_RDL_257_1783672550_33328.aedt correctly loaded. Elapsed time: 0m 0sec
PyAEDT INFO: Project temp_train_TSV_RDL_257_1783672550_33328 has been opened.
PyAEDT INFO: Active Design set to TSV_RDL
PyAEDT INFO: AEDT objects correctly read
PyAEDT INFO: Modeler class has been initialized! Elapsed time: 0m 0sec
PyAEDT INFO: Project temp_train_TSV_RDL_257_1783672550_33328 Saved correctly
PyAEDT INFO: Key Desktop/ActiveDSOConfigurations/HFSS correctly changed.
PyAEDT INFO: Solving all design setups. Analysis started...
PyAEDT INFO: Design setup None solved correctly in 0.0h 10.0m 53.0s
PyAEDT INFO: Key Desktop/ActiveDSOConfigurations/HFSS correctly changed.
PyAEDT INFO: Exporting Touchstone C:/ffzhzh/LocalFiles/Ansys_Project_Files/temp_train_TSV_RDL_256_1783672064_29156_SNP/temp_train_TSV_RDL_256_1783672064_29156.s2p
PyAEDT INFO: Touchstone correctly exported to C:/ffzhzh/LocalFiles/Ansys_Project_Files/temp_train_TSV_RDL_256_1783672064_29156_SNP/temp_train_TSV_RDL_256_1783672064_29156.s2p
[train / TSV_RDL - Task 256] simulation completed: C:\ffzhzh\SyncFiles\Temp\HFSS_sim\LHS400_Connection2\train\TSV_RDL\dut256.s2p
PyAEDT INFO: Desktop has been released and closed.
[train / TSV_RDL - Task 258] simulation started.
PyAEDT INFO: Python version 3.11.15 | packaged by Anaconda, Inc. | (main, Mar 11 2026, 17:12:15) [MSC v.1942 64 bit (AMD64)].
PyAEDT INFO: PyAEDT version 1.0.1.
PyAEDT INFO: Initializing new Desktop session.
PyAEDT INFO: AEDT version 2026.1.
PyAEDT INFO: New AEDT session is starting on gRPC port 13082.
PyAEDT INFO: Starting new AEDT gRPC session on port 13082.
PyAEDT INFO: Launching AEDT server with gRPC transport mode: TransportMode.WNUA
PyAEDT INFO: Electronics Desktop started on gRPC port 13082 after 5.4 seconds.
PyAEDT INFO: AEDT installation Path C:\Program Files\ANSYS Inc\v261\AnsysEM
PyAEDT INFO: Connected to AEDT gRPC session on port 13082.
PyAEDT INFO: Non-graphical mode detected. Disabling Desktop logs.
PyAEDT INFO: Parsing C:\ffzhzh\LocalFiles\Ansys_Project_Files\temp_train_TSV_RDL_258_1783672739_29156.aedt.
PyAEDT INFO: Python version 3.11.15 | packaged by Anaconda, Inc. | (main, Mar 11 2026, 17:12:15) [MSC v.1942 64 bit (AMD64)].
PyAEDT INFO: PyAEDT version 1.0.1.
PyAEDT INFO: Returning found Desktop session with PID 37288!
PyAEDT INFO: File C:\ffzhzh\LocalFiles\Ansys_Project_Files\temp_train_TSV_RDL_258_1783672739_29156.aedt correctly loaded. Elapsed time: 0m 0sec
PyAEDT INFO: Project temp_train_TSV_RDL_258_1783672739_29156 has been opened.
PyAEDT INFO: Active Design set to TSV_RDL
PyAEDT INFO: AEDT objects correctly read
PyAEDT INFO: Modeler class has been initialized! Elapsed time: 0m 0sec
PyAEDT INFO: Project temp_train_TSV_RDL_258_1783672739_29156 Saved correctly
PyAEDT INFO: Key Desktop/ActiveDSOConfigurations/HFSS correctly changed.
PyAEDT INFO: Solving all design setups. Analysis started...
PyAEDT INFO: Design setup None solved correctly in 0.0h 20.0m 14.0s
PyAEDT INFO: Key Desktop/ActiveDSOConfigurations/HFSS correctly changed.
PyAEDT INFO: Exporting Touchstone C:/ffzhzh/LocalFiles/Ansys_Project_Files/temp_train_TSV_RDL_254_1783671819_26216_SNP/temp_train_TSV_RDL_254_1783671819_26216.s2p
PyAEDT INFO: Touchstone correctly exported to C:/ffzhzh/LocalFiles/Ansys_Project_Files/temp_train_TSV_RDL_254_1783671819_26216_SNP/temp_train_TSV_RDL_254_1783671819_26216.s2p
[train / TSV_RDL - Task 254] simulation completed: C:\ffzhzh\SyncFiles\Temp\HFSS_sim\LHS400_Connection2\train\TSV_RDL\dut254.s2p
PyAEDT INFO: Desktop has been released and closed.
[train / TSV_RDL - Task 259] simulation started.
PyAEDT INFO: Python version 3.11.15 | packaged by Anaconda, Inc. | (main, Mar 11 2026, 17:12:15) [MSC v.1942 64 bit (AMD64)].
PyAEDT INFO: PyAEDT version 1.0.1.
PyAEDT INFO: Initializing new Desktop session.
PyAEDT INFO: AEDT version 2026.1.
PyAEDT INFO: New AEDT session is starting on gRPC port 4513.
PyAEDT INFO: Starting new AEDT gRPC session on port 4513.
PyAEDT INFO: Launching AEDT server with gRPC transport mode: TransportMode.WNUA
PyAEDT INFO: Electronics Desktop started on gRPC port 4513 after 5.2 seconds.
PyAEDT INFO: AEDT installation Path C:\Program Files\ANSYS Inc\v261\AnsysEM
PyAEDT INFO: Connected to AEDT gRPC session on port 4513.
PyAEDT INFO: Non-graphical mode detected. Disabling Desktop logs.
PyAEDT INFO: Parsing C:\ffzhzh\LocalFiles\Ansys_Project_Files\temp_train_TSV_RDL_259_1783673055_26216.aedt.
PyAEDT INFO: Python version 3.11.15 | packaged by Anaconda, Inc. | (main, Mar 11 2026, 17:12:15) [MSC v.1942 64 bit (AMD64)].
PyAEDT INFO: PyAEDT version 1.0.1.
PyAEDT INFO: Returning found Desktop session with PID 30576!
PyAEDT INFO: File C:\ffzhzh\LocalFiles\Ansys_Project_Files\temp_train_TSV_RDL_259_1783673055_26216.aedt correctly loaded. Elapsed time: 0m 0sec
PyAEDT INFO: Project temp_train_TSV_RDL_259_1783673055_26216 has been opened.
PyAEDT INFO: Active Design set to TSV_RDL
PyAEDT INFO: AEDT objects correctly read
PyAEDT INFO: Modeler class has been initialized! Elapsed time: 0m 0sec
PyAEDT INFO: Project temp_train_TSV_RDL_259_1783673055_26216 Saved correctly
PyAEDT INFO: Key Desktop/ActiveDSOConfigurations/HFSS correctly changed.
PyAEDT INFO: Solving all design setups. Analysis started...
PyAEDT INFO: Design setup None solved correctly in 0.0h 13.0m 30.0s
PyAEDT INFO: Key Desktop/ActiveDSOConfigurations/HFSS correctly changed.
PyAEDT INFO: Exporting Touchstone C:/ffzhzh/LocalFiles/Ansys_Project_Files/temp_train_TSV_RDL_257_1783672550_33328_SNP/temp_train_TSV_RDL_257_1783672550_33328.s2p
PyAEDT INFO: Touchstone correctly exported to C:/ffzhzh/LocalFiles/Ansys_Project_Files/temp_train_TSV_RDL_257_1783672550_33328_SNP/temp_train_TSV_RDL_257_1783672550_33328.s2p
[train / TSV_RDL - Task 257] simulation completed: C:\ffzhzh\SyncFiles\Temp\HFSS_sim\LHS400_Connection2\train\TSV_RDL\dut257.s2p
PyAEDT INFO: Desktop has been released and closed.
[train / TSV_RDL - Task 260] simulation started.
PyAEDT INFO: Python version 3.11.15 | packaged by Anaconda, Inc. | (main, Mar 11 2026, 17:12:15) [MSC v.1942 64 bit (AMD64)].
PyAEDT INFO: PyAEDT version 1.0.1.
PyAEDT INFO: Initializing new Desktop session.
PyAEDT INFO: AEDT version 2026.1.
PyAEDT INFO: New AEDT session is starting on gRPC port 11652.
PyAEDT INFO: Starting new AEDT gRPC session on port 11652.
PyAEDT INFO: Launching AEDT server with gRPC transport mode: TransportMode.WNUA
PyAEDT INFO: Solving all design setups. Analysis started...
PyAEDT INFO: Design setup None solved correctly in 0.0h 10.0m 26.0s
PyAEDT INFO: Key Desktop/ActiveDSOConfigurations/HFSS correctly changed.
PyAEDT INFO: Exporting Touchstone C:/ffzhzh/LocalFiles/Ansys_Project_Files/temp_train_TSV_RDL_258_1783672739_29156_SNP/temp_train_TSV_RDL_258_1783672739_29156.s2p
PyAEDT INFO: Touchstone correctly exported to C:/ffzhzh/LocalFiles/Ansys_Project_Files/temp_train_TSV_RDL_258_1783672739_29156_SNP/temp_train_TSV_RDL_258_1783672739_29156.s2p
PyAEDT INFO: Electronics Desktop started on gRPC port 11652 after 5.1 seconds.
PyAEDT INFO: AEDT installation Path C:\Program Files\ANSYS Inc\v261\AnsysEM
PyAEDT INFO: Connected to AEDT gRPC session on port 11652.
PyAEDT INFO: Non-graphical mode detected. Disabling Desktop logs.
PyAEDT INFO: Parsing C:\ffzhzh\LocalFiles\Ansys_Project_Files\temp_train_TSV_RDL_260_1783673374_33328.aedt.
PyAEDT INFO: Python version 3.11.15 | packaged by Anaconda, Inc. | (main, Mar 11 2026, 17:12:15) [MSC v.1942 64 bit (AMD64)].
PyAEDT INFO: PyAEDT version 1.0.1.
PyAEDT INFO: Returning found Desktop session with PID 24712!
PyAEDT INFO: File C:\ffzhzh\LocalFiles\Ansys_Project_Files\temp_train_TSV_RDL_260_1783673374_33328.aedt correctly loaded. Elapsed time: 0m 0sec
PyAEDT INFO: Project temp_train_TSV_RDL_260_1783673374_33328 has been opened.
PyAEDT INFO: Active Design set to TSV_RDL
PyAEDT INFO: AEDT objects correctly read
PyAEDT INFO: Modeler class has been initialized! Elapsed time: 0m 0sec
PyAEDT INFO: Project temp_train_TSV_RDL_260_1783673374_33328 Saved correctly
PyAEDT INFO: Key Desktop/ActiveDSOConfigurations/HFSS correctly changed.
[train / TSV_RDL - Task 258] simulation completed: C:\ffzhzh\SyncFiles\Temp\HFSS_sim\LHS400_Connection2\train\TSV_RDL\dut258.s2p
PyAEDT INFO: Desktop has been released and closed.
[train / TSV_RDL - Task 261] simulation started.
PyAEDT INFO: Python version 3.11.15 | packaged by Anaconda, Inc. | (main, Mar 11 2026, 17:12:15) [MSC v.1942 64 bit (AMD64)].
PyAEDT INFO: PyAEDT version 1.0.1.
PyAEDT INFO: Initializing new Desktop session.
PyAEDT INFO: AEDT version 2026.1.
PyAEDT INFO: New AEDT session is starting on gRPC port 11701.
PyAEDT INFO: Starting new AEDT gRPC session on port 11701.
PyAEDT INFO: Launching AEDT server with gRPC transport mode: TransportMode.WNUA
PyAEDT INFO: Electronics Desktop started on gRPC port 11701 after 5.0 seconds.
PyAEDT INFO: AEDT installation Path C:\Program Files\ANSYS Inc\v261\AnsysEM
PyAEDT INFO: Connected to AEDT gRPC session on port 11701.
PyAEDT INFO: Non-graphical mode detected. Disabling Desktop logs.
PyAEDT INFO: Parsing C:\ffzhzh\LocalFiles\Ansys_Project_Files\temp_train_TSV_RDL_261_1783673386_29156.aedt.
PyAEDT INFO: Python version 3.11.15 | packaged by Anaconda, Inc. | (main, Mar 11 2026, 17:12:15) [MSC v.1942 64 bit (AMD64)].
PyAEDT INFO: PyAEDT version 1.0.1.
PyAEDT INFO: Returning found Desktop session with PID 39648!
PyAEDT INFO: File C:\ffzhzh\LocalFiles\Ansys_Project_Files\temp_train_TSV_RDL_261_1783673386_29156.aedt correctly loaded. Elapsed time: 0m 0sec
PyAEDT INFO: Project temp_train_TSV_RDL_261_1783673386_29156 has been opened.
PyAEDT INFO: Active Design set to TSV_RDL
PyAEDT INFO: AEDT objects correctly read
PyAEDT INFO: Modeler class has been initialized! Elapsed time: 0m 0sec
PyAEDT INFO: Project temp_train_TSV_RDL_261_1783673386_29156 Saved correctly
PyAEDT INFO: Key Desktop/ActiveDSOConfigurations/HFSS correctly changed.
PyAEDT INFO: Solving all design setups. Analysis started...
PyAEDT INFO: Design setup None solved correctly in 0.0h 7.0m 59.0s
PyAEDT INFO: Key Desktop/ActiveDSOConfigurations/HFSS correctly changed.
PyAEDT INFO: Exporting Touchstone C:/ffzhzh/LocalFiles/Ansys_Project_Files/temp_train_TSV_RDL_259_1783673055_26216_SNP/temp_train_TSV_RDL_259_1783673055_26216.s2p
PyAEDT INFO: Touchstone correctly exported to C:/ffzhzh/LocalFiles/Ansys_Project_Files/temp_train_TSV_RDL_259_1783673055_26216_SNP/temp_train_TSV_RDL_259_1783673055_26216.s2p
[train / TSV_RDL - Task 259] simulation completed: C:\ffzhzh\SyncFiles\Temp\HFSS_sim\LHS400_Connection2\train\TSV_RDL\dut259.s2p
PyAEDT INFO: Desktop has been released and closed.
[train / TSV_RDL - Task 262] simulation started.
PyAEDT INFO: Python version 3.11.15 | packaged by Anaconda, Inc. | (main, Mar 11 2026, 17:12:15) [MSC v.1942 64 bit (AMD64)].
PyAEDT INFO: PyAEDT version 1.0.1.
PyAEDT INFO: Initializing new Desktop session.
PyAEDT INFO: AEDT version 2026.1.
PyAEDT INFO: New AEDT session is starting on gRPC port 5323.
PyAEDT INFO: Starting new AEDT gRPC session on port 5323.
PyAEDT INFO: Launching AEDT server with gRPC transport mode: TransportMode.WNUA
PyAEDT INFO: Electronics Desktop started on gRPC port 5323 after 5.4 seconds.
PyAEDT INFO: AEDT installation Path C:\Program Files\ANSYS Inc\v261\AnsysEM
PyAEDT INFO: Connected to AEDT gRPC session on port 5323.
PyAEDT INFO: Non-graphical mode detected. Disabling Desktop logs.
PyAEDT INFO: Parsing C:\ffzhzh\LocalFiles\Ansys_Project_Files\temp_train_TSV_RDL_262_1783673548_26216.aedt.
PyAEDT INFO: Python version 3.11.15 | packaged by Anaconda, Inc. | (main, Mar 11 2026, 17:12:15) [MSC v.1942 64 bit (AMD64)].
PyAEDT INFO: PyAEDT version 1.0.1.
PyAEDT INFO: Returning found Desktop session with PID 3596!
PyAEDT INFO: File C:\ffzhzh\LocalFiles\Ansys_Project_Files\temp_train_TSV_RDL_262_1783673548_26216.aedt correctly loaded. Elapsed time: 0m 0sec
PyAEDT INFO: Project temp_train_TSV_RDL_262_1783673548_26216 has been opened.
PyAEDT INFO: Active Design set to TSV_RDL
PyAEDT INFO: AEDT objects correctly read
PyAEDT INFO: Modeler class has been initialized! Elapsed time: 0m 0sec
PyAEDT INFO: Project temp_train_TSV_RDL_262_1783673548_26216 Saved correctly
PyAEDT INFO: Key Desktop/ActiveDSOConfigurations/HFSS correctly changed.
PyAEDT INFO: Solving all design setups. Analysis started...
PyAEDT INFO: Design setup None solved correctly in 0.0h 7.0m 45.0s
PyAEDT INFO: Key Desktop/ActiveDSOConfigurations/HFSS correctly changed.
PyAEDT INFO: Exporting Touchstone C:/ffzhzh/LocalFiles/Ansys_Project_Files/temp_train_TSV_RDL_260_1783673374_33328_SNP/temp_train_TSV_RDL_260_1783673374_33328.s2p
PyAEDT INFO: Touchstone correctly exported to C:/ffzhzh/LocalFiles/Ansys_Project_Files/temp_train_TSV_RDL_260_1783673374_33328_SNP/temp_train_TSV_RDL_260_1783673374_33328.s2p
[train / TSV_RDL - Task 260] simulation completed: C:\ffzhzh\SyncFiles\Temp\HFSS_sim\LHS400_Connection2\train\TSV_RDL\dut260.s2p
PyAEDT INFO: Desktop has been released and closed.
[train / TSV_RDL - Task 263] simulation started.
PyAEDT INFO: Python version 3.11.15 | packaged by Anaconda, Inc. | (main, Mar 11 2026, 17:12:15) [MSC v.1942 64 bit (AMD64)].
PyAEDT INFO: PyAEDT version 1.0.1.
PyAEDT INFO: Initializing new Desktop session.
PyAEDT INFO: AEDT version 2026.1.
PyAEDT INFO: New AEDT session is starting on gRPC port 1462.
PyAEDT INFO: Starting new AEDT gRPC session on port 1462.
PyAEDT INFO: Launching AEDT server with gRPC transport mode: TransportMode.WNUA
PyAEDT INFO: Electronics Desktop started on gRPC port 1462 after 5.3 seconds.
PyAEDT INFO: AEDT installation Path C:\Program Files\ANSYS Inc\v261\AnsysEM
PyAEDT INFO: Connected to AEDT gRPC session on port 1462.
PyAEDT INFO: Non-graphical mode detected. Disabling Desktop logs.
PyAEDT INFO: Parsing C:\ffzhzh\LocalFiles\Ansys_Project_Files\temp_train_TSV_RDL_263_1783673857_33328.aedt.
PyAEDT INFO: Python version 3.11.15 | packaged by Anaconda, Inc. | (main, Mar 11 2026, 17:12:15) [MSC v.1942 64 bit (AMD64)].
PyAEDT INFO: PyAEDT version 1.0.1.
PyAEDT INFO: Returning found Desktop session with PID 25728!
PyAEDT INFO: File C:\ffzhzh\LocalFiles\Ansys_Project_Files\temp_train_TSV_RDL_263_1783673857_33328.aedt correctly loaded. Elapsed time: 0m 0sec
PyAEDT INFO: Project temp_train_TSV_RDL_263_1783673857_33328 has been opened.
PyAEDT INFO: Active Design set to TSV_RDL
PyAEDT INFO: AEDT objects correctly read
PyAEDT INFO: Modeler class has been initialized! Elapsed time: 0m 0sec
PyAEDT INFO: Project temp_train_TSV_RDL_263_1783673857_33328 Saved correctly
PyAEDT INFO: Key Desktop/ActiveDSOConfigurations/HFSS correctly changed.
PyAEDT INFO: Solving all design setups. Analysis started...
PyAEDT INFO: Design setup None solved correctly in 0.0h 8.0m 42.0s
PyAEDT INFO: Key Desktop/ActiveDSOConfigurations/HFSS correctly changed.
PyAEDT INFO: Exporting Touchstone C:/ffzhzh/LocalFiles/Ansys_Project_Files/temp_train_TSV_RDL_261_1783673386_29156_SNP/temp_train_TSV_RDL_261_1783673386_29156.s2p
PyAEDT INFO: Touchstone correctly exported to C:/ffzhzh/LocalFiles/Ansys_Project_Files/temp_train_TSV_RDL_261_1783673386_29156_SNP/temp_train_TSV_RDL_261_1783673386_29156.s2p
[train / TSV_RDL - Task 261] simulation completed: C:\ffzhzh\SyncFiles\Temp\HFSS_sim\LHS400_Connection2\train\TSV_RDL\dut261.s2p
PyAEDT INFO: Desktop has been released and closed.
[train / TSV_RDL - Task 264] simulation started.
PyAEDT INFO: Python version 3.11.15 | packaged by Anaconda, Inc. | (main, Mar 11 2026, 17:12:15) [MSC v.1942 64 bit (AMD64)].
PyAEDT INFO: PyAEDT version 1.0.1.
PyAEDT INFO: Initializing new Desktop session.
PyAEDT INFO: AEDT version 2026.1.
PyAEDT INFO: New AEDT session is starting on gRPC port 5822.
PyAEDT INFO: Starting new AEDT gRPC session on port 5822.
PyAEDT INFO: Launching AEDT server with gRPC transport mode: TransportMode.WNUA
PyAEDT INFO: Electronics Desktop started on gRPC port 5822 after 5.1 seconds.
PyAEDT INFO: AEDT installation Path C:\Program Files\ANSYS Inc\v261\AnsysEM
PyAEDT INFO: Connected to AEDT gRPC session on port 5822.
PyAEDT INFO: Non-graphical mode detected. Disabling Desktop logs.
PyAEDT INFO: Parsing C:\ffzhzh\LocalFiles\Ansys_Project_Files\temp_train_TSV_RDL_264_1783673921_29156.aedt.
PyAEDT INFO: Python version 3.11.15 | packaged by Anaconda, Inc. | (main, Mar 11 2026, 17:12:15) [MSC v.1942 64 bit (AMD64)].
PyAEDT INFO: PyAEDT version 1.0.1.
PyAEDT INFO: Returning found Desktop session with PID 35700!
PyAEDT INFO: File C:\ffzhzh\LocalFiles\Ansys_Project_Files\temp_train_TSV_RDL_264_1783673921_29156.aedt correctly loaded. Elapsed time: 0m 0sec
PyAEDT INFO: Project temp_train_TSV_RDL_264_1783673921_29156 has been opened.
PyAEDT INFO: Active Design set to TSV_RDL
PyAEDT INFO: AEDT objects correctly read
PyAEDT INFO: Modeler class has been initialized! Elapsed time: 0m 0sec
PyAEDT INFO: Project temp_train_TSV_RDL_264_1783673921_29156 Saved correctly
PyAEDT INFO: Key Desktop/ActiveDSOConfigurations/HFSS correctly changed.
PyAEDT INFO: Solving all design setups. Analysis started...
PyAEDT INFO: Design setup None solved correctly in 0.0h 8.0m 19.0s
PyAEDT INFO: Key Desktop/ActiveDSOConfigurations/HFSS correctly changed.
PyAEDT INFO: Exporting Touchstone C:/ffzhzh/LocalFiles/Ansys_Project_Files/temp_train_TSV_RDL_262_1783673548_26216_SNP/temp_train_TSV_RDL_262_1783673548_26216.s2p
PyAEDT INFO: Touchstone correctly exported to C:/ffzhzh/LocalFiles/Ansys_Project_Files/temp_train_TSV_RDL_262_1783673548_26216_SNP/temp_train_TSV_RDL_262_1783673548_26216.s2p
[train / TSV_RDL - Task 262] simulation completed: C:\ffzhzh\SyncFiles\Temp\HFSS_sim\LHS400_Connection2\train\TSV_RDL\dut262.s2p
PyAEDT INFO: Desktop has been released and closed.
[train / TSV_RDL - Task 265] simulation started.
PyAEDT INFO: Python version 3.11.15 | packaged by Anaconda, Inc. | (main, Mar 11 2026, 17:12:15) [MSC v.1942 64 bit (AMD64)].
PyAEDT INFO: PyAEDT version 1.0.1.
PyAEDT INFO: Initializing new Desktop session.
PyAEDT INFO: AEDT version 2026.1.
PyAEDT INFO: New AEDT session is starting on gRPC port 10186.
PyAEDT INFO: Starting new AEDT gRPC session on port 10186.
PyAEDT INFO: Launching AEDT server with gRPC transport mode: TransportMode.WNUA
PyAEDT INFO: Electronics Desktop started on gRPC port 10186 after 5.4 seconds.
PyAEDT INFO: AEDT installation Path C:\Program Files\ANSYS Inc\v261\AnsysEM
PyAEDT INFO: Connected to AEDT gRPC session on port 10186.
PyAEDT INFO: Non-graphical mode detected. Disabling Desktop logs.
PyAEDT INFO: Parsing C:\ffzhzh\LocalFiles\Ansys_Project_Files\temp_train_TSV_RDL_265_1783674068_26216.aedt.
PyAEDT INFO: Python version 3.11.15 | packaged by Anaconda, Inc. | (main, Mar 11 2026, 17:12:15) [MSC v.1942 64 bit (AMD64)].
PyAEDT INFO: PyAEDT version 1.0.1.
PyAEDT INFO: Returning found Desktop session with PID 25080!
PyAEDT INFO: File C:\ffzhzh\LocalFiles\Ansys_Project_Files\temp_train_TSV_RDL_265_1783674068_26216.aedt correctly loaded. Elapsed time: 0m 0sec
PyAEDT INFO: Project temp_train_TSV_RDL_265_1783674068_26216 has been opened.
PyAEDT INFO: Active Design set to TSV_RDL
PyAEDT INFO: AEDT objects correctly read
PyAEDT INFO: Modeler class has been initialized! Elapsed time: 0m 0sec
PyAEDT INFO: Project temp_train_TSV_RDL_265_1783674068_26216 Saved correctly
PyAEDT INFO: Key Desktop/ActiveDSOConfigurations/HFSS correctly changed.
PyAEDT INFO: Solving all design setups. Analysis started...
PyAEDT INFO: Design setup None solved correctly in 0.0h 5.0m 42.0s
PyAEDT INFO: Key Desktop/ActiveDSOConfigurations/HFSS correctly changed.
PyAEDT INFO: Exporting Touchstone C:/ffzhzh/LocalFiles/Ansys_Project_Files/temp_train_TSV_RDL_263_1783673857_33328_SNP/temp_train_TSV_RDL_263_1783673857_33328.s2p
PyAEDT INFO: Touchstone correctly exported to C:/ffzhzh/LocalFiles/Ansys_Project_Files/temp_train_TSV_RDL_263_1783673857_33328_SNP/temp_train_TSV_RDL_263_1783673857_33328.s2p
[train / TSV_RDL - Task 263] simulation completed: C:\ffzhzh\SyncFiles\Temp\HFSS_sim\LHS400_Connection2\train\TSV_RDL\dut263.s2p
PyAEDT INFO: Desktop has been released and closed.
[train / TSV_RDL - Task 266] simulation started.
PyAEDT INFO: Python version 3.11.15 | packaged by Anaconda, Inc. | (main, Mar 11 2026, 17:12:15) [MSC v.1942 64 bit (AMD64)].
PyAEDT INFO: PyAEDT version 1.0.1.
PyAEDT INFO: Initializing new Desktop session.
PyAEDT INFO: AEDT version 2026.1.
PyAEDT INFO: New AEDT session is starting on gRPC port 4205.
PyAEDT INFO: Starting new AEDT gRPC session on port 4205.
PyAEDT INFO: Launching AEDT server with gRPC transport mode: TransportMode.WNUA
PyAEDT INFO: Electronics Desktop started on gRPC port 4205 after 5.4 seconds.
PyAEDT INFO: AEDT installation Path C:\Program Files\ANSYS Inc\v261\AnsysEM
PyAEDT INFO: Connected to AEDT gRPC session on port 4205.
PyAEDT INFO: Non-graphical mode detected. Disabling Desktop logs.
PyAEDT INFO: Parsing C:\ffzhzh\LocalFiles\Ansys_Project_Files\temp_train_TSV_RDL_266_1783674218_33328.aedt.
PyAEDT INFO: Python version 3.11.15 | packaged by Anaconda, Inc. | (main, Mar 11 2026, 17:12:15) [MSC v.1942 64 bit (AMD64)].
PyAEDT INFO: PyAEDT version 1.0.1.
PyAEDT INFO: Returning found Desktop session with PID 41740!
PyAEDT INFO: File C:\ffzhzh\LocalFiles\Ansys_Project_Files\temp_train_TSV_RDL_266_1783674218_33328.aedt correctly loaded. Elapsed time: 0m 0sec
PyAEDT INFO: Project temp_train_TSV_RDL_266_1783674218_33328 has been opened.
PyAEDT INFO: Active Design set to TSV_RDL
PyAEDT INFO: AEDT objects correctly read
PyAEDT INFO: Modeler class has been initialized! Elapsed time: 0m 0sec
PyAEDT INFO: Project temp_train_TSV_RDL_266_1783674218_33328 Saved correctly
PyAEDT INFO: Key Desktop/ActiveDSOConfigurations/HFSS correctly changed.
PyAEDT INFO: Solving all design setups. Analysis started...
PyAEDT INFO: Design setup None solved correctly in 0.0h 6.0m 50.0s
PyAEDT INFO: Key Desktop/ActiveDSOConfigurations/HFSS correctly changed.
PyAEDT INFO: Exporting Touchstone C:/ffzhzh/LocalFiles/Ansys_Project_Files/temp_train_TSV_RDL_264_1783673921_29156_SNP/temp_train_TSV_RDL_264_1783673921_29156.s2p
PyAEDT INFO: Touchstone correctly exported to C:/ffzhzh/LocalFiles/Ansys_Project_Files/temp_train_TSV_RDL_264_1783673921_29156_SNP/temp_train_TSV_RDL_264_1783673921_29156.s2p
[train / TSV_RDL - Task 264] simulation completed: C:\ffzhzh\SyncFiles\Temp\HFSS_sim\LHS400_Connection2\train\TSV_RDL\dut264.s2p
PyAEDT INFO: Desktop has been released and closed.
[train / TSV_RDL - Task 267] simulation started.
PyAEDT INFO: Python version 3.11.15 | packaged by Anaconda, Inc. | (main, Mar 11 2026, 17:12:15) [MSC v.1942 64 bit (AMD64)].
PyAEDT INFO: PyAEDT version 1.0.1.
PyAEDT INFO: Initializing new Desktop session.
PyAEDT INFO: AEDT version 2026.1.
PyAEDT INFO: New AEDT session is starting on gRPC port 14467.
PyAEDT INFO: Starting new AEDT gRPC session on port 14467.
PyAEDT INFO: Launching AEDT server with gRPC transport mode: TransportMode.WNUA
PyAEDT INFO: Electronics Desktop started on gRPC port 14467 after 5.4 seconds.
PyAEDT INFO: AEDT installation Path C:\Program Files\ANSYS Inc\v261\AnsysEM
PyAEDT INFO: Connected to AEDT gRPC session on port 14467.
PyAEDT INFO: Non-graphical mode detected. Disabling Desktop logs.
PyAEDT INFO: Parsing C:\ffzhzh\LocalFiles\Ansys_Project_Files\temp_train_TSV_RDL_267_1783674346_29156.aedt.
PyAEDT INFO: Python version 3.11.15 | packaged by Anaconda, Inc. | (main, Mar 11 2026, 17:12:15) [MSC v.1942 64 bit (AMD64)].
PyAEDT INFO: PyAEDT version 1.0.1.
PyAEDT INFO: Returning found Desktop session with PID 12244!
PyAEDT INFO: File C:\ffzhzh\LocalFiles\Ansys_Project_Files\temp_train_TSV_RDL_267_1783674346_29156.aedt correctly loaded. Elapsed time: 0m 0sec
PyAEDT INFO: Project temp_train_TSV_RDL_267_1783674346_29156 has been opened.
PyAEDT INFO: Active Design set to TSV_RDL
PyAEDT INFO: AEDT objects correctly read
PyAEDT INFO: Modeler class has been initialized! Elapsed time: 0m 0sec
PyAEDT INFO: Project temp_train_TSV_RDL_267_1783674346_29156 Saved correctly
PyAEDT INFO: Key Desktop/ActiveDSOConfigurations/HFSS correctly changed.
PyAEDT INFO: Solving all design setups. Analysis started...
PyAEDT INFO: Design setup None solved correctly in 0.0h 6.0m 56.0s
PyAEDT INFO: Key Desktop/ActiveDSOConfigurations/HFSS correctly changed.
PyAEDT INFO: Exporting Touchstone C:/ffzhzh/LocalFiles/Ansys_Project_Files/temp_train_TSV_RDL_265_1783674068_26216_SNP/temp_train_TSV_RDL_265_1783674068_26216.s2p
PyAEDT INFO: Touchstone correctly exported to C:/ffzhzh/LocalFiles/Ansys_Project_Files/temp_train_TSV_RDL_265_1783674068_26216_SNP/temp_train_TSV_RDL_265_1783674068_26216.s2p
[train / TSV_RDL - Task 265] simulation completed: C:\ffzhzh\SyncFiles\Temp\HFSS_sim\LHS400_Connection2\train\TSV_RDL\dut265.s2p
PyAEDT INFO: Desktop has been released and closed.
[train / TSV_RDL - Task 268] simulation started.
PyAEDT INFO: Python version 3.11.15 | packaged by Anaconda, Inc. | (main, Mar 11 2026, 17:12:15) [MSC v.1942 64 bit (AMD64)].
PyAEDT INFO: PyAEDT version 1.0.1.
PyAEDT INFO: Initializing new Desktop session.
PyAEDT INFO: AEDT version 2026.1.
PyAEDT INFO: New AEDT session is starting on gRPC port 11062.
PyAEDT INFO: Starting new AEDT gRPC session on port 11062.
PyAEDT INFO: Launching AEDT server with gRPC transport mode: TransportMode.WNUA
PyAEDT INFO: Electronics Desktop started on gRPC port 11062 after 5.3 seconds.
PyAEDT INFO: AEDT installation Path C:\Program Files\ANSYS Inc\v261\AnsysEM
PyAEDT INFO: Connected to AEDT gRPC session on port 11062.
PyAEDT INFO: Non-graphical mode detected. Disabling Desktop logs.
PyAEDT INFO: Parsing C:\ffzhzh\LocalFiles\Ansys_Project_Files\temp_train_TSV_RDL_268_1783674508_26216.aedt.
PyAEDT INFO: Python version 3.11.15 | packaged by Anaconda, Inc. | (main, Mar 11 2026, 17:12:15) [MSC v.1942 64 bit (AMD64)].
PyAEDT INFO: PyAEDT version 1.0.1.
PyAEDT INFO: Returning found Desktop session with PID 34768!
PyAEDT INFO: File C:\ffzhzh\LocalFiles\Ansys_Project_Files\temp_train_TSV_RDL_268_1783674508_26216.aedt correctly loaded. Elapsed time: 0m 0sec
PyAEDT INFO: Project temp_train_TSV_RDL_268_1783674508_26216 has been opened.
PyAEDT INFO: Active Design set to TSV_RDL
PyAEDT INFO: AEDT objects correctly read
PyAEDT INFO: Modeler class has been initialized! Elapsed time: 0m 0sec
PyAEDT INFO: Project temp_train_TSV_RDL_268_1783674508_26216 Saved correctly
PyAEDT INFO: Key Desktop/ActiveDSOConfigurations/HFSS correctly changed.
PyAEDT INFO: Solving all design setups. Analysis started...
PyAEDT INFO: Design setup None solved correctly in 0.0h 10.0m 20.0s
PyAEDT INFO: Key Desktop/ActiveDSOConfigurations/HFSS correctly changed.
PyAEDT INFO: Exporting Touchstone C:/ffzhzh/LocalFiles/Ansys_Project_Files/temp_train_TSV_RDL_266_1783674218_33328_SNP/temp_train_TSV_RDL_266_1783674218_33328.s2p
PyAEDT INFO: Touchstone correctly exported to C:/ffzhzh/LocalFiles/Ansys_Project_Files/temp_train_TSV_RDL_266_1783674218_33328_SNP/temp_train_TSV_RDL_266_1783674218_33328.s2p
[train / TSV_RDL - Task 266] simulation completed: C:\ffzhzh\SyncFiles\Temp\HFSS_sim\LHS400_Connection2\train\TSV_RDL\dut266.s2p
PyAEDT INFO: Desktop has been released and closed.
[train / TSV_RDL - Task 269] simulation started.
PyAEDT INFO: Python version 3.11.15 | packaged by Anaconda, Inc. | (main, Mar 11 2026, 17:12:15) [MSC v.1942 64 bit (AMD64)].
PyAEDT INFO: PyAEDT version 1.0.1.
PyAEDT INFO: Initializing new Desktop session.
PyAEDT INFO: AEDT version 2026.1.
PyAEDT INFO: New AEDT session is starting on gRPC port 1075.
PyAEDT INFO: Starting new AEDT gRPC session on port 1075.
PyAEDT INFO: Launching AEDT server with gRPC transport mode: TransportMode.WNUA
PyAEDT INFO: Electronics Desktop started on gRPC port 1075 after 5.4 seconds.
PyAEDT INFO: AEDT installation Path C:\Program Files\ANSYS Inc\v261\AnsysEM
PyAEDT INFO: Connected to AEDT gRPC session on port 1075.
PyAEDT INFO: Non-graphical mode detected. Disabling Desktop logs.
PyAEDT INFO: Parsing C:\ffzhzh\LocalFiles\Ansys_Project_Files\temp_train_TSV_RDL_269_1783674853_33328.aedt.
PyAEDT INFO: Python version 3.11.15 | packaged by Anaconda, Inc. | (main, Mar 11 2026, 17:12:15) [MSC v.1942 64 bit (AMD64)].
PyAEDT INFO: PyAEDT version 1.0.1.
PyAEDT INFO: Returning found Desktop session with PID 33620!
PyAEDT INFO: File C:\ffzhzh\LocalFiles\Ansys_Project_Files\temp_train_TSV_RDL_269_1783674853_33328.aedt correctly loaded. Elapsed time: 0m 0sec
PyAEDT INFO: Project temp_train_TSV_RDL_269_1783674853_33328 has been opened.
PyAEDT INFO: Active Design set to TSV_RDL
PyAEDT INFO: AEDT objects correctly read
PyAEDT INFO: Modeler class has been initialized! Elapsed time: 0m 0sec
PyAEDT INFO: Project temp_train_TSV_RDL_269_1783674853_33328 Saved correctly
PyAEDT INFO: Key Desktop/ActiveDSOConfigurations/HFSS correctly changed.
PyAEDT INFO: Solving all design setups. Analysis started...
PyAEDT INFO: Design setup None solved correctly in 0.0h 10.0m 38.0s
PyAEDT INFO: Key Desktop/ActiveDSOConfigurations/HFSS correctly changed.
PyAEDT INFO: Exporting Touchstone C:/ffzhzh/LocalFiles/Ansys_Project_Files/temp_train_TSV_RDL_267_1783674346_29156_SNP/temp_train_TSV_RDL_267_1783674346_29156.s2p
PyAEDT INFO: Touchstone correctly exported to C:/ffzhzh/LocalFiles/Ansys_Project_Files/temp_train_TSV_RDL_267_1783674346_29156_SNP/temp_train_TSV_RDL_267_1783674346_29156.s2p
[train / TSV_RDL - Task 267] simulation completed: C:\ffzhzh\SyncFiles\Temp\HFSS_sim\LHS400_Connection2\train\TSV_RDL\dut267.s2p
PyAEDT INFO: Desktop has been released and closed.
[train / TSV_RDL - Task 270] simulation started.
PyAEDT INFO: Python version 3.11.15 | packaged by Anaconda, Inc. | (main, Mar 11 2026, 17:12:15) [MSC v.1942 64 bit (AMD64)].
PyAEDT INFO: PyAEDT version 1.0.1.
PyAEDT INFO: Initializing new Desktop session.
PyAEDT INFO: AEDT version 2026.1.
PyAEDT INFO: New AEDT session is starting on gRPC port 14678.
PyAEDT INFO: Starting new AEDT gRPC session on port 14678.
PyAEDT INFO: Launching AEDT server with gRPC transport mode: TransportMode.WNUA
PyAEDT INFO: Electronics Desktop started on gRPC port 14678 after 5.3 seconds.
PyAEDT INFO: AEDT installation Path C:\Program Files\ANSYS Inc\v261\AnsysEM
PyAEDT INFO: Connected to AEDT gRPC session on port 14678.
PyAEDT INFO: Non-graphical mode detected. Disabling Desktop logs.
PyAEDT INFO: Parsing C:\ffzhzh\LocalFiles\Ansys_Project_Files\temp_train_TSV_RDL_270_1783674999_29156.aedt.
PyAEDT INFO: Python version 3.11.15 | packaged by Anaconda, Inc. | (main, Mar 11 2026, 17:12:15) [MSC v.1942 64 bit (AMD64)].
PyAEDT INFO: PyAEDT version 1.0.1.
PyAEDT INFO: Returning found Desktop session with PID 28464!
PyAEDT INFO: File C:\ffzhzh\LocalFiles\Ansys_Project_Files\temp_train_TSV_RDL_270_1783674999_29156.aedt correctly loaded. Elapsed time: 0m 0sec
PyAEDT INFO: Project temp_train_TSV_RDL_270_1783674999_29156 has been opened.
PyAEDT INFO: Active Design set to TSV_RDL
PyAEDT INFO: AEDT objects correctly read
PyAEDT INFO: Modeler class has been initialized! Elapsed time: 0m 0sec
PyAEDT INFO: Project temp_train_TSV_RDL_270_1783674999_29156 Saved correctly
PyAEDT INFO: Key Desktop/ActiveDSOConfigurations/HFSS correctly changed.
PyAEDT INFO: Solving all design setups. Analysis started...
PyAEDT INFO: Design setup None solved correctly in 0.0h 8.0m 45.0s
PyAEDT INFO: Key Desktop/ActiveDSOConfigurations/HFSS correctly changed.
PyAEDT INFO: Exporting Touchstone C:/ffzhzh/LocalFiles/Ansys_Project_Files/temp_train_TSV_RDL_268_1783674508_26216_SNP/temp_train_TSV_RDL_268_1783674508_26216.s2p
PyAEDT INFO: Touchstone correctly exported to C:/ffzhzh/LocalFiles/Ansys_Project_Files/temp_train_TSV_RDL_268_1783674508_26216_SNP/temp_train_TSV_RDL_268_1783674508_26216.s2p
[train / TSV_RDL - Task 268] simulation completed: C:\ffzhzh\SyncFiles\Temp\HFSS_sim\LHS400_Connection2\train\TSV_RDL\dut268.s2p
PyAEDT INFO: Desktop has been released and closed.
[train / TSV_RDL - Task 271] simulation started.
PyAEDT INFO: Python version 3.11.15 | packaged by Anaconda, Inc. | (main, Mar 11 2026, 17:12:15) [MSC v.1942 64 bit (AMD64)].
PyAEDT INFO: PyAEDT version 1.0.1.
PyAEDT INFO: Initializing new Desktop session.
PyAEDT INFO: AEDT version 2026.1.
PyAEDT INFO: New AEDT session is starting on gRPC port 14757.
PyAEDT INFO: Starting new AEDT gRPC session on port 14757.
PyAEDT INFO: Launching AEDT server with gRPC transport mode: TransportMode.WNUA
PyAEDT INFO: Electronics Desktop started on gRPC port 14757 after 5.3 seconds.
PyAEDT INFO: AEDT installation Path C:\Program Files\ANSYS Inc\v261\AnsysEM
PyAEDT INFO: Connected to AEDT gRPC session on port 14757.
PyAEDT INFO: Non-graphical mode detected. Disabling Desktop logs.
PyAEDT INFO: Parsing C:\ffzhzh\LocalFiles\Ansys_Project_Files\temp_train_TSV_RDL_271_1783675047_26216.aedt.
PyAEDT INFO: Python version 3.11.15 | packaged by Anaconda, Inc. | (main, Mar 11 2026, 17:12:15) [MSC v.1942 64 bit (AMD64)].
PyAEDT INFO: PyAEDT version 1.0.1.
PyAEDT INFO: Returning found Desktop session with PID 12096!
PyAEDT INFO: File C:\ffzhzh\LocalFiles\Ansys_Project_Files\temp_train_TSV_RDL_271_1783675047_26216.aedt correctly loaded. Elapsed time: 0m 0sec
PyAEDT INFO: Project temp_train_TSV_RDL_271_1783675047_26216 has been opened.
PyAEDT INFO: Active Design set to TSV_RDL
PyAEDT INFO: AEDT objects correctly read
PyAEDT INFO: Modeler class has been initialized! Elapsed time: 0m 0sec
PyAEDT INFO: Project temp_train_TSV_RDL_271_1783675047_26216 Saved correctly
PyAEDT INFO: Key Desktop/ActiveDSOConfigurations/HFSS correctly changed.
PyAEDT INFO: Solving all design setups. Analysis started...
PyAEDT INFO: Design setup None solved correctly in 0.0h 8.0m 5.0s
PyAEDT INFO: Key Desktop/ActiveDSOConfigurations/HFSS correctly changed.
PyAEDT INFO: Exporting Touchstone C:/ffzhzh/LocalFiles/Ansys_Project_Files/temp_train_TSV_RDL_269_1783674853_33328_SNP/temp_train_TSV_RDL_269_1783674853_33328.s2p
PyAEDT INFO: Touchstone correctly exported to C:/ffzhzh/LocalFiles/Ansys_Project_Files/temp_train_TSV_RDL_269_1783674853_33328_SNP/temp_train_TSV_RDL_269_1783674853_33328.s2p
[train / TSV_RDL - Task 269] simulation completed: C:\ffzhzh\SyncFiles\Temp\HFSS_sim\LHS400_Connection2\train\TSV_RDL\dut269.s2p
PyAEDT INFO: Desktop has been released and closed.
[train / TSV_RDL - Task 272] simulation started.
PyAEDT INFO: Python version 3.11.15 | packaged by Anaconda, Inc. | (main, Mar 11 2026, 17:12:15) [MSC v.1942 64 bit (AMD64)].
PyAEDT INFO: PyAEDT version 1.0.1.
PyAEDT INFO: Initializing new Desktop session.
PyAEDT INFO: AEDT version 2026.1.
PyAEDT INFO: New AEDT session is starting on gRPC port 6947.
PyAEDT INFO: Starting new AEDT gRPC session on port 6947.
PyAEDT INFO: Launching AEDT server with gRPC transport mode: TransportMode.WNUA
PyAEDT INFO: Electronics Desktop started on gRPC port 6947 after 5.4 seconds.
PyAEDT INFO: AEDT installation Path C:\Program Files\ANSYS Inc\v261\AnsysEM
PyAEDT INFO: Connected to AEDT gRPC session on port 6947.
PyAEDT INFO: Non-graphical mode detected. Disabling Desktop logs.
PyAEDT INFO: Parsing C:\ffzhzh\LocalFiles\Ansys_Project_Files\temp_train_TSV_RDL_272_1783675352_33328.aedt.
PyAEDT INFO: Python version 3.11.15 | packaged by Anaconda, Inc. | (main, Mar 11 2026, 17:12:15) [MSC v.1942 64 bit (AMD64)].
PyAEDT INFO: PyAEDT version 1.0.1.
PyAEDT INFO: Returning found Desktop session with PID 35376!
PyAEDT INFO: File C:\ffzhzh\LocalFiles\Ansys_Project_Files\temp_train_TSV_RDL_272_1783675352_33328.aedt correctly loaded. Elapsed time: 0m 0sec
PyAEDT INFO: Project temp_train_TSV_RDL_272_1783675352_33328 has been opened.
PyAEDT INFO: Active Design set to TSV_RDL
PyAEDT INFO: AEDT objects correctly read
PyAEDT INFO: Modeler class has been initialized! Elapsed time: 0m 0sec
PyAEDT INFO: Project temp_train_TSV_RDL_272_1783675352_33328 Saved correctly
PyAEDT INFO: Key Desktop/ActiveDSOConfigurations/HFSS correctly changed.
PyAEDT INFO: Solving all design setups. Analysis started...
PyAEDT INFO: Design setup None solved correctly in 0.0h 8.0m 20.0s
PyAEDT INFO: Key Desktop/ActiveDSOConfigurations/HFSS correctly changed.
PyAEDT INFO: Exporting Touchstone C:/ffzhzh/LocalFiles/Ansys_Project_Files/temp_train_TSV_RDL_271_1783675047_26216_SNP/temp_train_TSV_RDL_271_1783675047_26216.s2p
PyAEDT INFO: Touchstone correctly exported to C:/ffzhzh/LocalFiles/Ansys_Project_Files/temp_train_TSV_RDL_271_1783675047_26216_SNP/temp_train_TSV_RDL_271_1783675047_26216.s2p
[train / TSV_RDL - Task 271] simulation completed: C:\ffzhzh\SyncFiles\Temp\HFSS_sim\LHS400_Connection2\train\TSV_RDL\dut271.s2p
PyAEDT INFO: Desktop has been released and closed.
PyAEDT INFO: Solving all design setups. Analysis started...
PyAEDT INFO: Design setup None solved correctly in 0.0h 9.0m 21.0s
PyAEDT INFO: Key Desktop/ActiveDSOConfigurations/HFSS correctly changed.
[train / TSV_RDL - Task 273] simulation started.
PyAEDT INFO: Python version 3.11.15 | packaged by Anaconda, Inc. | (main, Mar 11 2026, 17:12:15) [MSC v.1942 64 bit (AMD64)].
PyAEDT INFO: PyAEDT version 1.0.1.
PyAEDT INFO: Initializing new Desktop session.
PyAEDT INFO: AEDT version 2026.1.
PyAEDT INFO: New AEDT session is starting on gRPC port 11306.
PyAEDT INFO: Starting new AEDT gRPC session on port 11306.
PyAEDT INFO: Launching AEDT server with gRPC transport mode: TransportMode.WNUA
PyAEDT INFO: Exporting Touchstone C:/ffzhzh/LocalFiles/Ansys_Project_Files/temp_train_TSV_RDL_270_1783674999_29156_SNP/temp_train_TSV_RDL_270_1783674999_29156.s2p
PyAEDT INFO: Touchstone correctly exported to C:/ffzhzh/LocalFiles/Ansys_Project_Files/temp_train_TSV_RDL_270_1783674999_29156_SNP/temp_train_TSV_RDL_270_1783674999_29156.s2p
[train / TSV_RDL - Task 270] simulation completed: C:\ffzhzh\SyncFiles\Temp\HFSS_sim\LHS400_Connection2\train\TSV_RDL\dut270.s2p
PyAEDT INFO: Desktop has been released and closed.
[train / TSV_RDL - Task 274] simulation started.
PyAEDT INFO: Python version 3.11.15 | packaged by Anaconda, Inc. | (main, Mar 11 2026, 17:12:15) [MSC v.1942 64 bit (AMD64)].
PyAEDT INFO: PyAEDT version 1.0.1.
PyAEDT INFO: Initializing new Desktop session.
PyAEDT INFO: AEDT version 2026.1.
PyAEDT INFO: New AEDT session is starting on gRPC port 11309.
PyAEDT INFO: Starting new AEDT gRPC session on port 11309.
PyAEDT INFO: Launching AEDT server with gRPC transport mode: TransportMode.WNUA
PyAEDT INFO: Electronics Desktop started on gRPC port 11306 after 5.2 seconds.
PyAEDT INFO: AEDT installation Path C:\Program Files\ANSYS Inc\v261\AnsysEM
PyAEDT INFO: Connected to AEDT gRPC session on port 11306.
PyAEDT INFO: Non-graphical mode detected. Disabling Desktop logs.
PyAEDT INFO: Parsing C:\ffzhzh\LocalFiles\Ansys_Project_Files\temp_train_TSV_RDL_273_1783675570_26216.aedt.
PyAEDT INFO: Python version 3.11.15 | packaged by Anaconda, Inc. | (main, Mar 11 2026, 17:12:15) [MSC v.1942 64 bit (AMD64)].
PyAEDT INFO: PyAEDT version 1.0.1.
PyAEDT INFO: Returning found Desktop session with PID 23384!
PyAEDT INFO: File C:\ffzhzh\LocalFiles\Ansys_Project_Files\temp_train_TSV_RDL_273_1783675570_26216.aedt correctly loaded. Elapsed time: 0m 0sec
PyAEDT INFO: Project temp_train_TSV_RDL_273_1783675570_26216 has been opened.
PyAEDT INFO: Active Design set to TSV_RDL
PyAEDT INFO: AEDT objects correctly read
PyAEDT INFO: Modeler class has been initialized! Elapsed time: 0m 0sec
PyAEDT INFO: Project temp_train_TSV_RDL_273_1783675570_26216 Saved correctly
PyAEDT INFO: Key Desktop/ActiveDSOConfigurations/HFSS correctly changed.
PyAEDT INFO: Electronics Desktop started on gRPC port 11309 after 5.2 seconds.
PyAEDT INFO: AEDT installation Path C:\Program Files\ANSYS Inc\v261\AnsysEM
PyAEDT INFO: Connected to AEDT gRPC session on port 11309.
PyAEDT INFO: Non-graphical mode detected. Disabling Desktop logs.
PyAEDT INFO: Parsing C:\ffzhzh\LocalFiles\Ansys_Project_Files\temp_train_TSV_RDL_274_1783675573_29156.aedt.
PyAEDT INFO: Python version 3.11.15 | packaged by Anaconda, Inc. | (main, Mar 11 2026, 17:12:15) [MSC v.1942 64 bit (AMD64)].
PyAEDT INFO: PyAEDT version 1.0.1.
PyAEDT INFO: Returning found Desktop session with PID 35872!
PyAEDT INFO: File C:\ffzhzh\LocalFiles\Ansys_Project_Files\temp_train_TSV_RDL_274_1783675573_29156.aedt correctly loaded. Elapsed time: 0m 0sec
PyAEDT INFO: Project temp_train_TSV_RDL_274_1783675573_29156 has been opened.
PyAEDT INFO: Active Design set to TSV_RDL
PyAEDT INFO: AEDT objects correctly read
PyAEDT INFO: Modeler class has been initialized! Elapsed time: 0m 0sec
PyAEDT INFO: Project temp_train_TSV_RDL_274_1783675573_29156 Saved correctly
PyAEDT INFO: Key Desktop/ActiveDSOConfigurations/HFSS correctly changed.
PyAEDT INFO: Solving all design setups. Analysis started...
PyAEDT INFO: Design setup None solved correctly in 0.0h 8.0m 31.0s
PyAEDT INFO: Key Desktop/ActiveDSOConfigurations/HFSS correctly changed.
PyAEDT INFO: Exporting Touchstone C:/ffzhzh/LocalFiles/Ansys_Project_Files/temp_train_TSV_RDL_272_1783675352_33328_SNP/temp_train_TSV_RDL_272_1783675352_33328.s2p
PyAEDT INFO: Touchstone correctly exported to C:/ffzhzh/LocalFiles/Ansys_Project_Files/temp_train_TSV_RDL_272_1783675352_33328_SNP/temp_train_TSV_RDL_272_1783675352_33328.s2p
[train / TSV_RDL - Task 272] simulation completed: C:\ffzhzh\SyncFiles\Temp\HFSS_sim\LHS400_Connection2\train\TSV_RDL\dut272.s2p
PyAEDT INFO: Desktop has been released and closed.
[train / TSV_RDL - Task 275] simulation started.
PyAEDT INFO: Python version 3.11.15 | packaged by Anaconda, Inc. | (main, Mar 11 2026, 17:12:15) [MSC v.1942 64 bit (AMD64)].
PyAEDT INFO: PyAEDT version 1.0.1.
PyAEDT INFO: Initializing new Desktop session.
PyAEDT INFO: AEDT version 2026.1.
PyAEDT INFO: New AEDT session is starting on gRPC port 11455.
PyAEDT INFO: Starting new AEDT gRPC session on port 11455.
PyAEDT INFO: Launching AEDT server with gRPC transport mode: TransportMode.WNUA
PyAEDT INFO: Electronics Desktop started on gRPC port 11455 after 5.3 seconds.
PyAEDT INFO: AEDT installation Path C:\Program Files\ANSYS Inc\v261\AnsysEM
PyAEDT INFO: Connected to AEDT gRPC session on port 11455.
PyAEDT INFO: Non-graphical mode detected. Disabling Desktop logs.
PyAEDT INFO: Parsing C:\ffzhzh\LocalFiles\Ansys_Project_Files\temp_train_TSV_RDL_275_1783675886_33328.aedt.
PyAEDT INFO: Python version 3.11.15 | packaged by Anaconda, Inc. | (main, Mar 11 2026, 17:12:15) [MSC v.1942 64 bit (AMD64)].
PyAEDT INFO: PyAEDT version 1.0.1.
PyAEDT INFO: Returning found Desktop session with PID 37180!
PyAEDT INFO: File C:\ffzhzh\LocalFiles\Ansys_Project_Files\temp_train_TSV_RDL_275_1783675886_33328.aedt correctly loaded. Elapsed time: 0m 0sec
PyAEDT INFO: Project temp_train_TSV_RDL_275_1783675886_33328 has been opened.
PyAEDT INFO: Active Design set to TSV_RDL
PyAEDT INFO: AEDT objects correctly read
PyAEDT INFO: Modeler class has been initialized! Elapsed time: 0m 0sec
PyAEDT INFO: Project temp_train_TSV_RDL_275_1783675886_33328 Saved correctly
PyAEDT INFO: Key Desktop/ActiveDSOConfigurations/HFSS correctly changed.
PyAEDT INFO: Solving all design setups. Analysis started...
PyAEDT INFO: Design setup None solved correctly in 0.0h 20.0m 45.0s
PyAEDT INFO: Key Desktop/ActiveDSOConfigurations/HFSS correctly changed.
PyAEDT INFO: Exporting Touchstone C:/ffzhzh/LocalFiles/Ansys_Project_Files/temp_train_TSV_RDL_274_1783675573_29156_SNP/temp_train_TSV_RDL_274_1783675573_29156.s2p
PyAEDT INFO: Touchstone correctly exported to C:/ffzhzh/LocalFiles/Ansys_Project_Files/temp_train_TSV_RDL_274_1783675573_29156_SNP/temp_train_TSV_RDL_274_1783675573_29156.s2p
[train / TSV_RDL - Task 274] simulation completed: C:\ffzhzh\SyncFiles\Temp\HFSS_sim\LHS400_Connection2\train\TSV_RDL\dut274.s2p
PyAEDT INFO: Desktop has been released and closed.
[train / TSV_RDL - Task 276] simulation started.
PyAEDT INFO: Python version 3.11.15 | packaged by Anaconda, Inc. | (main, Mar 11 2026, 17:12:15) [MSC v.1942 64 bit (AMD64)].
PyAEDT INFO: PyAEDT version 1.0.1.
PyAEDT INFO: Initializing new Desktop session.
PyAEDT INFO: AEDT version 2026.1.
PyAEDT INFO: New AEDT session is starting on gRPC port 12917.
PyAEDT INFO: Starting new AEDT gRPC session on port 12917.
PyAEDT INFO: Launching AEDT server with gRPC transport mode: TransportMode.WNUA
PyAEDT INFO: Electronics Desktop started on gRPC port 12917 after 6.8 seconds.
PyAEDT INFO: AEDT installation Path C:\Program Files\ANSYS Inc\v261\AnsysEM
PyAEDT INFO: Connected to AEDT gRPC session on port 12917.
PyAEDT INFO: Non-graphical mode detected. Disabling Desktop logs.
PyAEDT INFO: Parsing C:\ffzhzh\LocalFiles\Ansys_Project_Files\temp_train_TSV_RDL_276_1783676843_29156.aedt.
PyAEDT INFO: Python version 3.11.15 | packaged by Anaconda, Inc. | (main, Mar 11 2026, 17:12:15) [MSC v.1942 64 bit (AMD64)].
PyAEDT INFO: PyAEDT version 1.0.1.
PyAEDT INFO: Returning found Desktop session with PID 38380!
PyAEDT INFO: File C:\ffzhzh\LocalFiles\Ansys_Project_Files\temp_train_TSV_RDL_276_1783676843_29156.aedt correctly loaded. Elapsed time: 0m 0sec
PyAEDT INFO: Project temp_train_TSV_RDL_276_1783676843_29156 has been opened.
PyAEDT INFO: Active Design set to TSV_RDL
PyAEDT INFO: AEDT objects correctly read
PyAEDT INFO: Modeler class has been initialized! Elapsed time: 0m 0sec
PyAEDT INFO: Project temp_train_TSV_RDL_276_1783676843_29156 Saved correctly
PyAEDT INFO: Key Desktop/ActiveDSOConfigurations/HFSS correctly changed.
PyAEDT INFO: Solving all design setups. Analysis started...
PyAEDT INFO: Design setup None solved correctly in 0.0h 28.0m 24.0s
PyAEDT INFO: Key Desktop/ActiveDSOConfigurations/HFSS correctly changed.
PyAEDT INFO: Exporting Touchstone C:/ffzhzh/LocalFiles/Ansys_Project_Files/temp_train_TSV_RDL_273_1783675570_26216_SNP/temp_train_TSV_RDL_273_1783675570_26216.s2p
PyAEDT INFO: Touchstone correctly exported to C:/ffzhzh/LocalFiles/Ansys_Project_Files/temp_train_TSV_RDL_273_1783675570_26216_SNP/temp_train_TSV_RDL_273_1783675570_26216.s2p
[train / TSV_RDL - Task 273] simulation completed: C:\ffzhzh\SyncFiles\Temp\HFSS_sim\LHS400_Connection2\train\TSV_RDL\dut273.s2p
PyAEDT INFO: Desktop has been released and closed.
[train / TSV_RDL - Task 277] simulation started.
PyAEDT INFO: Python version 3.11.15 | packaged by Anaconda, Inc. | (main, Mar 11 2026, 17:12:15) [MSC v.1942 64 bit (AMD64)].
PyAEDT INFO: PyAEDT version 1.0.1.
PyAEDT INFO: Initializing new Desktop session.
PyAEDT INFO: AEDT version 2026.1.
PyAEDT INFO: New AEDT session is starting on gRPC port 8677.
PyAEDT INFO: Starting new AEDT gRPC session on port 8677.
PyAEDT INFO: Launching AEDT server with gRPC transport mode: TransportMode.WNUA
PyAEDT INFO: Electronics Desktop started on gRPC port 8677 after 5.5 seconds.
PyAEDT INFO: AEDT installation Path C:\Program Files\ANSYS Inc\v261\AnsysEM
PyAEDT INFO: Connected to AEDT gRPC session on port 8677.
PyAEDT INFO: Non-graphical mode detected. Disabling Desktop logs.
PyAEDT INFO: Parsing C:\ffzhzh\LocalFiles\Ansys_Project_Files\temp_train_TSV_RDL_277_1783677299_26216.aedt.
PyAEDT INFO: Python version 3.11.15 | packaged by Anaconda, Inc. | (main, Mar 11 2026, 17:12:15) [MSC v.1942 64 bit (AMD64)].
PyAEDT INFO: PyAEDT version 1.0.1.
PyAEDT INFO: Returning found Desktop session with PID 23344!
PyAEDT INFO: File C:\ffzhzh\LocalFiles\Ansys_Project_Files\temp_train_TSV_RDL_277_1783677299_26216.aedt correctly loaded. Elapsed time: 0m 0sec
PyAEDT INFO: Project temp_train_TSV_RDL_277_1783677299_26216 has been opened.
PyAEDT INFO: Active Design set to TSV_RDL
PyAEDT INFO: AEDT objects correctly read
PyAEDT INFO: Modeler class has been initialized! Elapsed time: 0m 0sec
PyAEDT INFO: Project temp_train_TSV_RDL_277_1783677299_26216 Saved correctly
PyAEDT INFO: Key Desktop/ActiveDSOConfigurations/HFSS correctly changed.
PyAEDT INFO: Solving all design setups. Analysis started...
PyAEDT INFO: Design setup None solved correctly in 0.0h 13.0m 57.0s
PyAEDT INFO: Key Desktop/ActiveDSOConfigurations/HFSS correctly changed.
PyAEDT INFO: Exporting Touchstone C:/ffzhzh/LocalFiles/Ansys_Project_Files/temp_train_TSV_RDL_276_1783676843_29156_SNP/temp_train_TSV_RDL_276_1783676843_29156.s2p
PyAEDT INFO: Touchstone correctly exported to C:/ffzhzh/LocalFiles/Ansys_Project_Files/temp_train_TSV_RDL_276_1783676843_29156_SNP/temp_train_TSV_RDL_276_1783676843_29156.s2p
[train / TSV_RDL - Task 276] simulation completed: C:\ffzhzh\SyncFiles\Temp\HFSS_sim\LHS400_Connection2\train\TSV_RDL\dut276.s2p
PyAEDT INFO: Desktop has been released and closed.
[train / TSV_RDL - Task 278] simulation started.
PyAEDT INFO: Python version 3.11.15 | packaged by Anaconda, Inc. | (main, Mar 11 2026, 17:12:15) [MSC v.1942 64 bit (AMD64)].
PyAEDT INFO: PyAEDT version 1.0.1.
PyAEDT INFO: Initializing new Desktop session.
PyAEDT INFO: AEDT version 2026.1.
PyAEDT INFO: New AEDT session is starting on gRPC port 7478.
PyAEDT INFO: Starting new AEDT gRPC session on port 7478.
PyAEDT INFO: Launching AEDT server with gRPC transport mode: TransportMode.WNUA
PyAEDT INFO: Electronics Desktop started on gRPC port 7478 after 7.1 seconds.
PyAEDT INFO: AEDT installation Path C:\Program Files\ANSYS Inc\v261\AnsysEM
PyAEDT INFO: Connected to AEDT gRPC session on port 7478.
PyAEDT INFO: Non-graphical mode detected. Disabling Desktop logs.
PyAEDT INFO: Python version 3.11.15 | packaged by Anaconda, Inc. | (main, Mar 11 2026, 17:12:15) [MSC v.1942 64 bit (AMD64)].
PyAEDT INFO: Parsing C:\ffzhzh\LocalFiles\Ansys_Project_Files\temp_train_TSV_RDL_278_1783677703_29156.aedt.
PyAEDT INFO: PyAEDT version 1.0.1.
PyAEDT INFO: Returning found Desktop session with PID 9660!
PyAEDT INFO: File C:\ffzhzh\LocalFiles\Ansys_Project_Files\temp_train_TSV_RDL_278_1783677703_29156.aedt correctly loaded. Elapsed time: 0m 0sec
PyAEDT INFO: Project temp_train_TSV_RDL_278_1783677703_29156 has been opened.
PyAEDT INFO: Active Design set to TSV_RDL
PyAEDT INFO: AEDT objects correctly read
PyAEDT INFO: Modeler class has been initialized! Elapsed time: 0m 0sec
PyAEDT INFO: Project temp_train_TSV_RDL_278_1783677703_29156 Saved correctly
PyAEDT INFO: Key Desktop/ActiveDSOConfigurations/HFSS correctly changed.
PyAEDT INFO: Solving all design setups. Analysis started...
PyAEDT INFO: Design setup None solved correctly in 0.0h 9.0m 48.0s
PyAEDT INFO: Key Desktop/ActiveDSOConfigurations/HFSS correctly changed.
PyAEDT INFO: Exporting Touchstone C:/ffzhzh/LocalFiles/Ansys_Project_Files/temp_train_TSV_RDL_277_1783677299_26216_SNP/temp_train_TSV_RDL_277_1783677299_26216.s2p
PyAEDT INFO: Touchstone correctly exported to C:/ffzhzh/LocalFiles/Ansys_Project_Files/temp_train_TSV_RDL_277_1783677299_26216_SNP/temp_train_TSV_RDL_277_1783677299_26216.s2p
[train / TSV_RDL - Task 277] simulation completed: C:\ffzhzh\SyncFiles\Temp\HFSS_sim\LHS400_Connection2\train\TSV_RDL\dut277.s2p
PyAEDT INFO: Desktop has been released and closed.
[train / TSV_RDL - Task 279] simulation started.
PyAEDT INFO: Python version 3.11.15 | packaged by Anaconda, Inc. | (main, Mar 11 2026, 17:12:15) [MSC v.1942 64 bit (AMD64)].
PyAEDT INFO: PyAEDT version 1.0.1.
PyAEDT INFO: Initializing new Desktop session.
PyAEDT INFO: AEDT version 2026.1.
PyAEDT INFO: New AEDT session is starting on gRPC port 6993.
PyAEDT INFO: Starting new AEDT gRPC session on port 6993.
PyAEDT INFO: Launching AEDT server with gRPC transport mode: TransportMode.WNUA
PyAEDT INFO: Electronics Desktop started on gRPC port 6993 after 5.8 seconds.
PyAEDT INFO: AEDT installation Path C:\Program Files\ANSYS Inc\v261\AnsysEM
PyAEDT INFO: Connected to AEDT gRPC session on port 6993.
PyAEDT INFO: Non-graphical mode detected. Disabling Desktop logs.
PyAEDT INFO: Parsing C:\ffzhzh\LocalFiles\Ansys_Project_Files\temp_train_TSV_RDL_279_1783677909_26216.aedt.
PyAEDT INFO: Python version 3.11.15 | packaged by Anaconda, Inc. | (main, Mar 11 2026, 17:12:15) [MSC v.1942 64 bit (AMD64)].
PyAEDT INFO: PyAEDT version 1.0.1.
PyAEDT INFO: Returning found Desktop session with PID 4412!
PyAEDT INFO: File C:\ffzhzh\LocalFiles\Ansys_Project_Files\temp_train_TSV_RDL_279_1783677909_26216.aedt correctly loaded. Elapsed time: 0m 0sec
PyAEDT INFO: Project temp_train_TSV_RDL_279_1783677909_26216 has been opened.
PyAEDT INFO: Active Design set to TSV_RDL
PyAEDT INFO: AEDT objects correctly read
PyAEDT INFO: Modeler class has been initialized! Elapsed time: 0m 0sec
PyAEDT INFO: Project temp_train_TSV_RDL_279_1783677909_26216 Saved correctly
PyAEDT INFO: Key Desktop/ActiveDSOConfigurations/HFSS correctly changed.
PyAEDT INFO: Solving all design setups. Analysis started...
PyAEDT INFO: Design setup None solved correctly in 0.0h 9.0m 48.0s
PyAEDT INFO: Key Desktop/ActiveDSOConfigurations/HFSS correctly changed.
PyAEDT INFO: Exporting Touchstone C:/ffzhzh/LocalFiles/Ansys_Project_Files/temp_train_TSV_RDL_278_1783677703_29156_SNP/temp_train_TSV_RDL_278_1783677703_29156.s2p
PyAEDT INFO: Touchstone correctly exported to C:/ffzhzh/LocalFiles/Ansys_Project_Files/temp_train_TSV_RDL_278_1783677703_29156_SNP/temp_train_TSV_RDL_278_1783677703_29156.s2p
[train / TSV_RDL - Task 278] simulation completed: C:\ffzhzh\SyncFiles\Temp\HFSS_sim\LHS400_Connection2\train\TSV_RDL\dut278.s2p
PyAEDT INFO: Desktop has been released and closed.
[train / TSV_RDL - Task 280] simulation started.
PyAEDT INFO: Python version 3.11.15 | packaged by Anaconda, Inc. | (main, Mar 11 2026, 17:12:15) [MSC v.1942 64 bit (AMD64)].
PyAEDT INFO: PyAEDT version 1.0.1.
PyAEDT INFO: Initializing new Desktop session.
PyAEDT INFO: AEDT version 2026.1.
PyAEDT INFO: New AEDT session is starting on gRPC port 2852.
PyAEDT INFO: Starting new AEDT gRPC session on port 2852.
PyAEDT INFO: Launching AEDT server with gRPC transport mode: TransportMode.WNUA
PyAEDT INFO: Electronics Desktop started on gRPC port 2852 after 5.7 seconds.
PyAEDT INFO: AEDT installation Path C:\Program Files\ANSYS Inc\v261\AnsysEM
PyAEDT INFO: Connected to AEDT gRPC session on port 2852.
PyAEDT INFO: Non-graphical mode detected. Disabling Desktop logs.
PyAEDT INFO: Parsing C:\ffzhzh\LocalFiles\Ansys_Project_Files\temp_train_TSV_RDL_280_1783678311_29156.aedt.
PyAEDT INFO: Python version 3.11.15 | packaged by Anaconda, Inc. | (main, Mar 11 2026, 17:12:15) [MSC v.1942 64 bit (AMD64)].
PyAEDT INFO: PyAEDT version 1.0.1.
PyAEDT INFO: Returning found Desktop session with PID 25024!
PyAEDT INFO: File C:\ffzhzh\LocalFiles\Ansys_Project_Files\temp_train_TSV_RDL_280_1783678311_29156.aedt correctly loaded. Elapsed time: 0m 0sec
PyAEDT INFO: Project temp_train_TSV_RDL_280_1783678311_29156 has been opened.
PyAEDT INFO: Active Design set to TSV_RDL
PyAEDT INFO: AEDT objects correctly read
PyAEDT INFO: Modeler class has been initialized! Elapsed time: 0m 0sec
PyAEDT INFO: Project temp_train_TSV_RDL_280_1783678311_29156 Saved correctly
PyAEDT INFO: Key Desktop/ActiveDSOConfigurations/HFSS correctly changed.
PyAEDT INFO: Solving all design setups. Analysis started...
PyAEDT INFO: Design setup None solved correctly in 0.0h 42.0m 24.0s
PyAEDT INFO: Key Desktop/ActiveDSOConfigurations/HFSS correctly changed.
PyAEDT INFO: Exporting Touchstone C:/ffzhzh/LocalFiles/Ansys_Project_Files/temp_train_TSV_RDL_275_1783675886_33328_SNP/temp_train_TSV_RDL_275_1783675886_33328.s2p
PyAEDT INFO: Touchstone correctly exported to C:/ffzhzh/LocalFiles/Ansys_Project_Files/temp_train_TSV_RDL_275_1783675886_33328_SNP/temp_train_TSV_RDL_275_1783675886_33328.s2p
[train / TSV_RDL - Task 275] simulation completed: C:\ffzhzh\SyncFiles\Temp\HFSS_sim\LHS400_Connection2\train\TSV_RDL\dut275.s2p
PyAEDT INFO: Desktop has been released and closed.
[train / TSV_RDL - Task 281] simulation started.
PyAEDT INFO: Python version 3.11.15 | packaged by Anaconda, Inc. | (main, Mar 11 2026, 17:12:15) [MSC v.1942 64 bit (AMD64)].
PyAEDT INFO: PyAEDT version 1.0.1.
PyAEDT INFO: Initializing new Desktop session.
PyAEDT INFO: AEDT version 2026.1.
PyAEDT INFO: New AEDT session is starting on gRPC port 5013.
PyAEDT INFO: Starting new AEDT gRPC session on port 5013.
PyAEDT INFO: Launching AEDT server with gRPC transport mode: TransportMode.WNUA
PyAEDT INFO: Electronics Desktop started on gRPC port 5013 after 5.6 seconds.
PyAEDT INFO: AEDT installation Path C:\Program Files\ANSYS Inc\v261\AnsysEM
PyAEDT INFO: Connected to AEDT gRPC session on port 5013.
PyAEDT INFO: Non-graphical mode detected. Disabling Desktop logs.
PyAEDT INFO: Parsing C:\ffzhzh\LocalFiles\Ansys_Project_Files\temp_train_TSV_RDL_281_1783678456_33328.aedt.
PyAEDT INFO: Python version 3.11.15 | packaged by Anaconda, Inc. | (main, Mar 11 2026, 17:12:15) [MSC v.1942 64 bit (AMD64)].
PyAEDT INFO: PyAEDT version 1.0.1.
PyAEDT INFO: Returning found Desktop session with PID 34820!
PyAEDT INFO: File C:\ffzhzh\LocalFiles\Ansys_Project_Files\temp_train_TSV_RDL_281_1783678456_33328.aedt correctly loaded. Elapsed time: 0m 0sec
PyAEDT INFO: Project temp_train_TSV_RDL_281_1783678456_33328 has been opened.
PyAEDT INFO: Active Design set to TSV_RDL
PyAEDT INFO: AEDT objects correctly read
PyAEDT INFO: Modeler class has been initialized! Elapsed time: 0m 0sec
PyAEDT INFO: Project temp_train_TSV_RDL_281_1783678456_33328 Saved correctly
PyAEDT INFO: Key Desktop/ActiveDSOConfigurations/HFSS correctly changed.
PyAEDT INFO: Solving all design setups. Analysis started...
PyAEDT INFO: Design setup None solved correctly in 0.0h 9.0m 14.0s
PyAEDT INFO: Key Desktop/ActiveDSOConfigurations/HFSS correctly changed.
PyAEDT INFO: Exporting Touchstone C:/ffzhzh/LocalFiles/Ansys_Project_Files/temp_train_TSV_RDL_280_1783678311_29156_SNP/temp_train_TSV_RDL_280_1783678311_29156.s2p
PyAEDT INFO: Touchstone correctly exported to C:/ffzhzh/LocalFiles/Ansys_Project_Files/temp_train_TSV_RDL_280_1783678311_29156_SNP/temp_train_TSV_RDL_280_1783678311_29156.s2p
[train / TSV_RDL - Task 280] simulation completed: C:\ffzhzh\SyncFiles\Temp\HFSS_sim\LHS400_Connection2\train\TSV_RDL\dut280.s2p
PyAEDT INFO: Desktop has been released and closed.
[train / TSV_RDL - Task 282] simulation started.
PyAEDT INFO: Python version 3.11.15 | packaged by Anaconda, Inc. | (main, Mar 11 2026, 17:12:15) [MSC v.1942 64 bit (AMD64)].
PyAEDT INFO: PyAEDT version 1.0.1.
PyAEDT INFO: Initializing new Desktop session.
PyAEDT INFO: AEDT version 2026.1.
PyAEDT INFO: New AEDT session is starting on gRPC port 5954.
PyAEDT INFO: Starting new AEDT gRPC session on port 5954.
PyAEDT INFO: Launching AEDT server with gRPC transport mode: TransportMode.WNUA
PyAEDT INFO: Electronics Desktop started on gRPC port 5954 after 5.8 seconds.
PyAEDT INFO: AEDT installation Path C:\Program Files\ANSYS Inc\v261\AnsysEM
PyAEDT INFO: Connected to AEDT gRPC session on port 5954.
PyAEDT INFO: Non-graphical mode detected. Disabling Desktop logs.
PyAEDT INFO: Parsing C:\ffzhzh\LocalFiles\Ansys_Project_Files\temp_train_TSV_RDL_282_1783678881_29156.aedt.
PyAEDT INFO: Python version 3.11.15 | packaged by Anaconda, Inc. | (main, Mar 11 2026, 17:12:15) [MSC v.1942 64 bit (AMD64)].
PyAEDT INFO: PyAEDT version 1.0.1.
PyAEDT INFO: Returning found Desktop session with PID 17568!
PyAEDT INFO: File C:\ffzhzh\LocalFiles\Ansys_Project_Files\temp_train_TSV_RDL_282_1783678881_29156.aedt correctly loaded. Elapsed time: 0m 0sec
PyAEDT INFO: Project temp_train_TSV_RDL_282_1783678881_29156 has been opened.
PyAEDT INFO: Active Design set to TSV_RDL
PyAEDT INFO: AEDT objects correctly read
PyAEDT INFO: Modeler class has been initialized! Elapsed time: 0m 0sec
PyAEDT INFO: Project temp_train_TSV_RDL_282_1783678881_29156 Saved correctly
PyAEDT INFO: Key Desktop/ActiveDSOConfigurations/HFSS correctly changed.
PyAEDT INFO: Solving all design setups. Analysis started...
PyAEDT INFO: Design setup None solved correctly in 0.0h 12.0m 16.0s
PyAEDT INFO: Key Desktop/ActiveDSOConfigurations/HFSS correctly changed.
PyAEDT INFO: Exporting Touchstone C:/ffzhzh/LocalFiles/Ansys_Project_Files/temp_train_TSV_RDL_281_1783678456_33328_SNP/temp_train_TSV_RDL_281_1783678456_33328.s2p
PyAEDT INFO: Touchstone correctly exported to C:/ffzhzh/LocalFiles/Ansys_Project_Files/temp_train_TSV_RDL_281_1783678456_33328_SNP/temp_train_TSV_RDL_281_1783678456_33328.s2p
[train / TSV_RDL - Task 281] simulation completed: C:\ffzhzh\SyncFiles\Temp\HFSS_sim\LHS400_Connection2\train\TSV_RDL\dut281.s2p
PyAEDT INFO: Desktop has been released and closed.
[train / TSV_RDL - Task 283] simulation started.
PyAEDT INFO: Python version 3.11.15 | packaged by Anaconda, Inc. | (main, Mar 11 2026, 17:12:15) [MSC v.1942 64 bit (AMD64)].
PyAEDT INFO: PyAEDT version 1.0.1.
PyAEDT INFO: Initializing new Desktop session.
PyAEDT INFO: AEDT version 2026.1.
PyAEDT INFO: New AEDT session is starting on gRPC port 2966.
PyAEDT INFO: Starting new AEDT gRPC session on port 2966.
PyAEDT INFO: Launching AEDT server with gRPC transport mode: TransportMode.WNUA
PyAEDT INFO: Electronics Desktop started on gRPC port 2966 after 7.2 seconds.
PyAEDT INFO: AEDT installation Path C:\Program Files\ANSYS Inc\v261\AnsysEM
PyAEDT INFO: Connected to AEDT gRPC session on port 2966.
PyAEDT INFO: Non-graphical mode detected. Disabling Desktop logs.
PyAEDT INFO: Parsing C:\ffzhzh\LocalFiles\Ansys_Project_Files\temp_train_TSV_RDL_283_1783679221_33328.aedt.
PyAEDT INFO: Python version 3.11.15 | packaged by Anaconda, Inc. | (main, Mar 11 2026, 17:12:15) [MSC v.1942 64 bit (AMD64)].
PyAEDT INFO: PyAEDT version 1.0.1.
PyAEDT INFO: Returning found Desktop session with PID 20388!
PyAEDT INFO: File C:\ffzhzh\LocalFiles\Ansys_Project_Files\temp_train_TSV_RDL_283_1783679221_33328.aedt correctly loaded. Elapsed time: 0m 0sec
PyAEDT INFO: Project temp_train_TSV_RDL_283_1783679221_33328 has been opened.
PyAEDT INFO: Active Design set to TSV_RDL
PyAEDT INFO: AEDT objects correctly read
PyAEDT INFO: Modeler class has been initialized! Elapsed time: 0m 0sec
PyAEDT INFO: Project temp_train_TSV_RDL_283_1783679221_33328 Saved correctly
PyAEDT INFO: Key Desktop/ActiveDSOConfigurations/HFSS correctly changed.
PyAEDT INFO: Solving all design setups. Analysis started...
PyAEDT INFO: Design setup None solved correctly in 0.0h 9.0m 52.0s
PyAEDT INFO: Key Desktop/ActiveDSOConfigurations/HFSS correctly changed.
PyAEDT INFO: Exporting Touchstone C:/ffzhzh/LocalFiles/Ansys_Project_Files/temp_train_TSV_RDL_282_1783678881_29156_SNP/temp_train_TSV_RDL_282_1783678881_29156.s2p
PyAEDT INFO: Touchstone correctly exported to C:/ffzhzh/LocalFiles/Ansys_Project_Files/temp_train_TSV_RDL_282_1783678881_29156_SNP/temp_train_TSV_RDL_282_1783678881_29156.s2p
[train / TSV_RDL - Task 282] simulation completed: C:\ffzhzh\SyncFiles\Temp\HFSS_sim\LHS400_Connection2\train\TSV_RDL\dut282.s2p
PyAEDT INFO: Desktop has been released and closed.
[train / TSV_RDL - Task 284] simulation started.
PyAEDT INFO: Python version 3.11.15 | packaged by Anaconda, Inc. | (main, Mar 11 2026, 17:12:15) [MSC v.1942 64 bit (AMD64)].
PyAEDT INFO: PyAEDT version 1.0.1.
PyAEDT INFO: Initializing new Desktop session.
PyAEDT INFO: AEDT version 2026.1.
PyAEDT INFO: New AEDT session is starting on gRPC port 6044.
PyAEDT INFO: Starting new AEDT gRPC session on port 6044.
PyAEDT INFO: Launching AEDT server with gRPC transport mode: TransportMode.WNUA
PyAEDT INFO: Electronics Desktop started on gRPC port 6044 after 7.0 seconds.
PyAEDT INFO: AEDT installation Path C:\Program Files\ANSYS Inc\v261\AnsysEM
PyAEDT INFO: Connected to AEDT gRPC session on port 6044.
PyAEDT INFO: Non-graphical mode detected. Disabling Desktop logs.
PyAEDT INFO: Python version 3.11.15 | packaged by Anaconda, Inc. | (main, Mar 11 2026, 17:12:15) [MSC v.1942 64 bit (AMD64)].
PyAEDT INFO: Parsing C:\ffzhzh\LocalFiles\Ansys_Project_Files\temp_train_TSV_RDL_284_1783679496_29156.aedt.
PyAEDT INFO: PyAEDT version 1.0.1.
PyAEDT INFO: Returning found Desktop session with PID 37652!
PyAEDT INFO: File C:\ffzhzh\LocalFiles\Ansys_Project_Files\temp_train_TSV_RDL_284_1783679496_29156.aedt correctly loaded. Elapsed time: 0m 0sec
PyAEDT INFO: Project temp_train_TSV_RDL_284_1783679496_29156 has been opened.
PyAEDT INFO: Active Design set to TSV_RDL
PyAEDT INFO: AEDT objects correctly read
PyAEDT INFO: Modeler class has been initialized! Elapsed time: 0m 0sec
PyAEDT INFO: Project temp_train_TSV_RDL_284_1783679496_29156 Saved correctly
PyAEDT INFO: Key Desktop/ActiveDSOConfigurations/HFSS correctly changed.
PyAEDT INFO: Solving all design setups. Analysis started...
PyAEDT INFO: Design setup None solved correctly in 0.0h 10.0m 8.0s
PyAEDT INFO: Key Desktop/ActiveDSOConfigurations/HFSS correctly changed.
PyAEDT INFO: Exporting Touchstone C:/ffzhzh/LocalFiles/Ansys_Project_Files/temp_train_TSV_RDL_283_1783679221_33328_SNP/temp_train_TSV_RDL_283_1783679221_33328.s2p
PyAEDT INFO: Touchstone correctly exported to C:/ffzhzh/LocalFiles/Ansys_Project_Files/temp_train_TSV_RDL_283_1783679221_33328_SNP/temp_train_TSV_RDL_283_1783679221_33328.s2p
[train / TSV_RDL - Task 283] simulation completed: C:\ffzhzh\SyncFiles\Temp\HFSS_sim\LHS400_Connection2\train\TSV_RDL\dut283.s2p
PyAEDT INFO: Desktop has been released and closed.
[train / TSV_RDL - Task 285] simulation started.
PyAEDT INFO: Python version 3.11.15 | packaged by Anaconda, Inc. | (main, Mar 11 2026, 17:12:15) [MSC v.1942 64 bit (AMD64)].
PyAEDT INFO: PyAEDT version 1.0.1.
PyAEDT INFO: Initializing new Desktop session.
PyAEDT INFO: AEDT version 2026.1.
PyAEDT INFO: New AEDT session is starting on gRPC port 13330.
PyAEDT INFO: Starting new AEDT gRPC session on port 13330.
PyAEDT INFO: Launching AEDT server with gRPC transport mode: TransportMode.WNUA
PyAEDT INFO: Electronics Desktop started on gRPC port 13330 after 5.5 seconds.
PyAEDT INFO: AEDT installation Path C:\Program Files\ANSYS Inc\v261\AnsysEM
PyAEDT INFO: Connected to AEDT gRPC session on port 13330.
PyAEDT INFO: Non-graphical mode detected. Disabling Desktop logs.
PyAEDT INFO: Parsing C:\ffzhzh\LocalFiles\Ansys_Project_Files\temp_train_TSV_RDL_285_1783679850_33328.aedt.
PyAEDT INFO: Python version 3.11.15 | packaged by Anaconda, Inc. | (main, Mar 11 2026, 17:12:15) [MSC v.1942 64 bit (AMD64)].
PyAEDT INFO: PyAEDT version 1.0.1.
PyAEDT INFO: Returning found Desktop session with PID 42304!
PyAEDT INFO: File C:\ffzhzh\LocalFiles\Ansys_Project_Files\temp_train_TSV_RDL_285_1783679850_33328.aedt correctly loaded. Elapsed time: 0m 0sec
PyAEDT INFO: Project temp_train_TSV_RDL_285_1783679850_33328 has been opened.
PyAEDT INFO: Active Design set to TSV_RDL
PyAEDT INFO: AEDT objects correctly read
PyAEDT INFO: Modeler class has been initialized! Elapsed time: 0m 0sec
PyAEDT INFO: Project temp_train_TSV_RDL_285_1783679850_33328 Saved correctly
PyAEDT INFO: Key Desktop/ActiveDSOConfigurations/HFSS correctly changed.
PyAEDT INFO: Solving all design setups. Analysis started...
PyAEDT INFO: Design setup None solved correctly in 0.0h 34.0m 38.0s
PyAEDT INFO: Key Desktop/ActiveDSOConfigurations/HFSS correctly changed.
PyAEDT INFO: Exporting Touchstone C:/ffzhzh/LocalFiles/Ansys_Project_Files/temp_train_TSV_RDL_279_1783677909_26216_SNP/temp_train_TSV_RDL_279_1783677909_26216.s2p
PyAEDT INFO: Touchstone correctly exported to C:/ffzhzh/LocalFiles/Ansys_Project_Files/temp_train_TSV_RDL_279_1783677909_26216_SNP/temp_train_TSV_RDL_279_1783677909_26216.s2p
[train / TSV_RDL - Task 279] simulation completed: C:\ffzhzh\SyncFiles\Temp\HFSS_sim\LHS400_Connection2\train\TSV_RDL\dut279.s2p
PyAEDT INFO: Desktop has been released and closed.
[train / TSV_RDL - Task 286] simulation started.
PyAEDT INFO: Python version 3.11.15 | packaged by Anaconda, Inc. | (main, Mar 11 2026, 17:12:15) [MSC v.1942 64 bit (AMD64)].
PyAEDT INFO: PyAEDT version 1.0.1.
PyAEDT INFO: Initializing new Desktop session.
PyAEDT INFO: AEDT version 2026.1.
PyAEDT INFO: New AEDT session is starting on gRPC port 5932.
PyAEDT INFO: Starting new AEDT gRPC session on port 5932.
PyAEDT INFO: Launching AEDT server with gRPC transport mode: TransportMode.WNUA
PyAEDT INFO: Electronics Desktop started on gRPC port 5932 after 5.3 seconds.
PyAEDT INFO: AEDT installation Path C:\Program Files\ANSYS Inc\v261\AnsysEM
PyAEDT INFO: Connected to AEDT gRPC session on port 5932.
PyAEDT INFO: Non-graphical mode detected. Disabling Desktop logs.
PyAEDT INFO: Parsing C:\ffzhzh\LocalFiles\Ansys_Project_Files\temp_train_TSV_RDL_286_1783680006_26216.aedt.
PyAEDT INFO: Python version 3.11.15 | packaged by Anaconda, Inc. | (main, Mar 11 2026, 17:12:15) [MSC v.1942 64 bit (AMD64)].
PyAEDT INFO: PyAEDT version 1.0.1.
PyAEDT INFO: Returning found Desktop session with PID 1636!
PyAEDT INFO: File C:\ffzhzh\LocalFiles\Ansys_Project_Files\temp_train_TSV_RDL_286_1783680006_26216.aedt correctly loaded. Elapsed time: 0m 0sec
PyAEDT INFO: Project temp_train_TSV_RDL_286_1783680006_26216 has been opened.
PyAEDT INFO: Active Design set to TSV_RDL
PyAEDT INFO: AEDT objects correctly read
PyAEDT INFO: Modeler class has been initialized! Elapsed time: 0m 0sec
PyAEDT INFO: Project temp_train_TSV_RDL_286_1783680006_26216 Saved correctly
PyAEDT INFO: Key Desktop/ActiveDSOConfigurations/HFSS correctly changed.
PyAEDT INFO: Solving all design setups. Analysis started...
PyAEDT INFO: Design setup None solved correctly in 0.0h 11.0m 30.0s
PyAEDT INFO: Key Desktop/ActiveDSOConfigurations/HFSS correctly changed.
PyAEDT INFO: Exporting Touchstone C:/ffzhzh/LocalFiles/Ansys_Project_Files/temp_train_TSV_RDL_284_1783679496_29156_SNP/temp_train_TSV_RDL_284_1783679496_29156.s2p
PyAEDT INFO: Touchstone correctly exported to C:/ffzhzh/LocalFiles/Ansys_Project_Files/temp_train_TSV_RDL_284_1783679496_29156_SNP/temp_train_TSV_RDL_284_1783679496_29156.s2p
[train / TSV_RDL - Task 284] simulation completed: C:\ffzhzh\SyncFiles\Temp\HFSS_sim\LHS400_Connection2\train\TSV_RDL\dut284.s2p
PyAEDT INFO: Desktop has been released and closed.
[train / TSV_RDL - Task 287] simulation started.
PyAEDT INFO: Python version 3.11.15 | packaged by Anaconda, Inc. | (main, Mar 11 2026, 17:12:15) [MSC v.1942 64 bit (AMD64)].
PyAEDT INFO: PyAEDT version 1.0.1.
PyAEDT INFO: Initializing new Desktop session.
PyAEDT INFO: AEDT version 2026.1.
PyAEDT INFO: New AEDT session is starting on gRPC port 7148.
PyAEDT INFO: Starting new AEDT gRPC session on port 7148.
PyAEDT INFO: Launching AEDT server with gRPC transport mode: TransportMode.WNUA
PyAEDT INFO: Electronics Desktop started on gRPC port 7148 after 5.5 seconds.
PyAEDT INFO: AEDT installation Path C:\Program Files\ANSYS Inc\v261\AnsysEM
PyAEDT INFO: Connected to AEDT gRPC session on port 7148.
PyAEDT INFO: Non-graphical mode detected. Disabling Desktop logs.
PyAEDT INFO: Parsing C:\ffzhzh\LocalFiles\Ansys_Project_Files\temp_train_TSV_RDL_287_1783680207_29156.aedt.
PyAEDT INFO: Python version 3.11.15 | packaged by Anaconda, Inc. | (main, Mar 11 2026, 17:12:15) [MSC v.1942 64 bit (AMD64)].
PyAEDT INFO: PyAEDT version 1.0.1.
PyAEDT INFO: Returning found Desktop session with PID 41248!
PyAEDT INFO: File C:\ffzhzh\LocalFiles\Ansys_Project_Files\temp_train_TSV_RDL_287_1783680207_29156.aedt correctly loaded. Elapsed time: 0m 0sec
PyAEDT INFO: Project temp_train_TSV_RDL_287_1783680207_29156 has been opened.
PyAEDT INFO: Active Design set to TSV_RDL
PyAEDT INFO: AEDT objects correctly read
PyAEDT INFO: Modeler class has been initialized! Elapsed time: 0m 0sec
PyAEDT INFO: Project temp_train_TSV_RDL_287_1783680207_29156 Saved correctly
PyAEDT INFO: Key Desktop/ActiveDSOConfigurations/HFSS correctly changed.
PyAEDT INFO: Solving all design setups. Analysis started...
PyAEDT INFO: Design setup None solved correctly in 0.0h 6.0m 26.0s
PyAEDT INFO: Key Desktop/ActiveDSOConfigurations/HFSS correctly changed.
PyAEDT INFO: Exporting Touchstone C:/ffzhzh/LocalFiles/Ansys_Project_Files/temp_train_TSV_RDL_285_1783679850_33328_SNP/temp_train_TSV_RDL_285_1783679850_33328.s2p
PyAEDT INFO: Touchstone correctly exported to C:/ffzhzh/LocalFiles/Ansys_Project_Files/temp_train_TSV_RDL_285_1783679850_33328_SNP/temp_train_TSV_RDL_285_1783679850_33328.s2p
[train / TSV_RDL - Task 285] simulation completed: C:\ffzhzh\SyncFiles\Temp\HFSS_sim\LHS400_Connection2\train\TSV_RDL\dut285.s2p
PyAEDT INFO: Desktop has been released and closed.
[train / TSV_RDL - Task 288] simulation started.
PyAEDT INFO: Python version 3.11.15 | packaged by Anaconda, Inc. | (main, Mar 11 2026, 17:12:15) [MSC v.1942 64 bit (AMD64)].
PyAEDT INFO: PyAEDT version 1.0.1.
PyAEDT INFO: Initializing new Desktop session.
PyAEDT INFO: AEDT version 2026.1.
PyAEDT INFO: New AEDT session is starting on gRPC port 8811.
PyAEDT INFO: Starting new AEDT gRPC session on port 8811.
PyAEDT INFO: Launching AEDT server with gRPC transport mode: TransportMode.WNUA
PyAEDT INFO: Electronics Desktop started on gRPC port 8811 after 5.4 seconds.
PyAEDT INFO: AEDT installation Path C:\Program Files\ANSYS Inc\v261\AnsysEM
PyAEDT INFO: Connected to AEDT gRPC session on port 8811.
PyAEDT INFO: Non-graphical mode detected. Disabling Desktop logs.
PyAEDT INFO: Python version 3.11.15 | packaged by Anaconda, Inc. | (main, Mar 11 2026, 17:12:15) [MSC v.1942 64 bit (AMD64)].
PyAEDT INFO: Parsing C:\ffzhzh\LocalFiles\Ansys_Project_Files\temp_train_TSV_RDL_288_1783680255_33328.aedt.
PyAEDT INFO: PyAEDT version 1.0.1.
PyAEDT INFO: Returning found Desktop session with PID 16128!
PyAEDT INFO: File C:\ffzhzh\LocalFiles\Ansys_Project_Files\temp_train_TSV_RDL_288_1783680255_33328.aedt correctly loaded. Elapsed time: 0m 0sec
PyAEDT INFO: Project temp_train_TSV_RDL_288_1783680255_33328 has been opened.
PyAEDT INFO: Active Design set to TSV_RDL
PyAEDT INFO: AEDT objects correctly read
PyAEDT INFO: Modeler class has been initialized! Elapsed time: 0m 0sec
PyAEDT INFO: Project temp_train_TSV_RDL_288_1783680255_33328 Saved correctly
PyAEDT INFO: Key Desktop/ActiveDSOConfigurations/HFSS correctly changed.
PyAEDT INFO: Solving all design setups. Analysis started...
PyAEDT INFO: Design setup None solved correctly in 0.0h 8.0m 53.0s
PyAEDT INFO: Key Desktop/ActiveDSOConfigurations/HFSS correctly changed.
PyAEDT INFO: Exporting Touchstone C:/ffzhzh/LocalFiles/Ansys_Project_Files/temp_train_TSV_RDL_286_1783680006_26216_SNP/temp_train_TSV_RDL_286_1783680006_26216.s2p
PyAEDT INFO: Touchstone correctly exported to C:/ffzhzh/LocalFiles/Ansys_Project_Files/temp_train_TSV_RDL_286_1783680006_26216_SNP/temp_train_TSV_RDL_286_1783680006_26216.s2p
[train / TSV_RDL - Task 286] simulation completed: C:\ffzhzh\SyncFiles\Temp\HFSS_sim\LHS400_Connection2\train\TSV_RDL\dut286.s2p
PyAEDT INFO: Desktop has been released and closed.
[train / TSV_RDL - Task 289] simulation started.
PyAEDT INFO: Python version 3.11.15 | packaged by Anaconda, Inc. | (main, Mar 11 2026, 17:12:15) [MSC v.1942 64 bit (AMD64)].
PyAEDT INFO: PyAEDT version 1.0.1.
PyAEDT INFO: Initializing new Desktop session.
PyAEDT INFO: AEDT version 2026.1.
PyAEDT INFO: New AEDT session is starting on gRPC port 5614.
PyAEDT INFO: Starting new AEDT gRPC session on port 5614.
PyAEDT INFO: Launching AEDT server with gRPC transport mode: TransportMode.WNUA
PyAEDT INFO: Electronics Desktop started on gRPC port 5614 after 5.4 seconds.
PyAEDT INFO: AEDT installation Path C:\Program Files\ANSYS Inc\v261\AnsysEM
PyAEDT INFO: Connected to AEDT gRPC session on port 5614.
PyAEDT INFO: Non-graphical mode detected. Disabling Desktop logs.
PyAEDT INFO: Parsing C:\ffzhzh\LocalFiles\Ansys_Project_Files\temp_train_TSV_RDL_289_1783680555_26216.aedt.
PyAEDT INFO: Python version 3.11.15 | packaged by Anaconda, Inc. | (main, Mar 11 2026, 17:12:15) [MSC v.1942 64 bit (AMD64)].
PyAEDT INFO: PyAEDT version 1.0.1.
PyAEDT INFO: Returning found Desktop session with PID 45300!
PyAEDT INFO: File C:\ffzhzh\LocalFiles\Ansys_Project_Files\temp_train_TSV_RDL_289_1783680555_26216.aedt correctly loaded. Elapsed time: 0m 0sec
PyAEDT INFO: Project temp_train_TSV_RDL_289_1783680555_26216 has been opened.
PyAEDT INFO: Active Design set to TSV_RDL
PyAEDT INFO: AEDT objects correctly read
PyAEDT INFO: Modeler class has been initialized! Elapsed time: 0m 0sec
PyAEDT INFO: Project temp_train_TSV_RDL_289_1783680555_26216 Saved correctly
PyAEDT INFO: Key Desktop/ActiveDSOConfigurations/HFSS correctly changed.
PyAEDT INFO: Solving all design setups. Analysis started...
PyAEDT INFO: Design setup None solved correctly in 0.0h 8.0m 10.0s
PyAEDT INFO: Key Desktop/ActiveDSOConfigurations/HFSS correctly changed.
PyAEDT INFO: Exporting Touchstone C:/ffzhzh/LocalFiles/Ansys_Project_Files/temp_train_TSV_RDL_287_1783680207_29156_SNP/temp_train_TSV_RDL_287_1783680207_29156.s2p
PyAEDT INFO: Touchstone correctly exported to C:/ffzhzh/LocalFiles/Ansys_Project_Files/temp_train_TSV_RDL_287_1783680207_29156_SNP/temp_train_TSV_RDL_287_1783680207_29156.s2p
[train / TSV_RDL - Task 287] simulation completed: C:\ffzhzh\SyncFiles\Temp\HFSS_sim\LHS400_Connection2\train\TSV_RDL\dut287.s2p
PyAEDT INFO: Desktop has been released and closed.
[train / TSV_RDL - Task 290] simulation started.
PyAEDT INFO: Python version 3.11.15 | packaged by Anaconda, Inc. | (main, Mar 11 2026, 17:12:15) [MSC v.1942 64 bit (AMD64)].
PyAEDT INFO: PyAEDT version 1.0.1.
PyAEDT INFO: Initializing new Desktop session.
PyAEDT INFO: AEDT version 2026.1.
PyAEDT INFO: New AEDT session is starting on gRPC port 3568.
PyAEDT INFO: Starting new AEDT gRPC session on port 3568.
PyAEDT INFO: Launching AEDT server with gRPC transport mode: TransportMode.WNUA
PyAEDT INFO: Electronics Desktop started on gRPC port 3568 after 5.6 seconds.
PyAEDT INFO: AEDT installation Path C:\Program Files\ANSYS Inc\v261\AnsysEM
PyAEDT INFO: Connected to AEDT gRPC session on port 3568.
PyAEDT INFO: Non-graphical mode detected. Disabling Desktop logs.
PyAEDT INFO: Parsing C:\ffzhzh\LocalFiles\Ansys_Project_Files\temp_train_TSV_RDL_290_1783680714_29156.aedt.
PyAEDT INFO: Python version 3.11.15 | packaged by Anaconda, Inc. | (main, Mar 11 2026, 17:12:15) [MSC v.1942 64 bit (AMD64)].
PyAEDT INFO: PyAEDT version 1.0.1.
PyAEDT INFO: Returning found Desktop session with PID 42968!
PyAEDT INFO: File C:\ffzhzh\LocalFiles\Ansys_Project_Files\temp_train_TSV_RDL_290_1783680714_29156.aedt correctly loaded. Elapsed time: 0m 0sec
PyAEDT INFO: Project temp_train_TSV_RDL_290_1783680714_29156 has been opened.
PyAEDT INFO: Active Design set to TSV_RDL
PyAEDT INFO: AEDT objects correctly read
PyAEDT INFO: Modeler class has been initialized! Elapsed time: 0m 0sec
PyAEDT INFO: Project temp_train_TSV_RDL_290_1783680714_29156 Saved correctly
PyAEDT INFO: Key Desktop/ActiveDSOConfigurations/HFSS correctly changed.
PyAEDT INFO: Solving all design setups. Analysis started...
PyAEDT INFO: Design setup None solved correctly in 0.0h 7.0m 56.0s
PyAEDT INFO: Key Desktop/ActiveDSOConfigurations/HFSS correctly changed.
PyAEDT INFO: Exporting Touchstone C:/ffzhzh/LocalFiles/Ansys_Project_Files/temp_train_TSV_RDL_288_1783680255_33328_SNP/temp_train_TSV_RDL_288_1783680255_33328.s2p
PyAEDT INFO: Touchstone correctly exported to C:/ffzhzh/LocalFiles/Ansys_Project_Files/temp_train_TSV_RDL_288_1783680255_33328_SNP/temp_train_TSV_RDL_288_1783680255_33328.s2p
[train / TSV_RDL - Task 288] simulation completed: C:\ffzhzh\SyncFiles\Temp\HFSS_sim\LHS400_Connection2\train\TSV_RDL\dut288.s2p
PyAEDT INFO: Desktop has been released and closed.
[train / TSV_RDL - Task 291] simulation started.
PyAEDT INFO: Python version 3.11.15 | packaged by Anaconda, Inc. | (main, Mar 11 2026, 17:12:15) [MSC v.1942 64 bit (AMD64)].
PyAEDT INFO: PyAEDT version 1.0.1.
PyAEDT INFO: Initializing new Desktop session.
PyAEDT INFO: AEDT version 2026.1.
PyAEDT INFO: New AEDT session is starting on gRPC port 3748.
PyAEDT INFO: Starting new AEDT gRPC session on port 3748.
PyAEDT INFO: Launching AEDT server with gRPC transport mode: TransportMode.WNUA
PyAEDT INFO: Electronics Desktop started on gRPC port 3748 after 5.1 seconds.
PyAEDT INFO: AEDT installation Path C:\Program Files\ANSYS Inc\v261\AnsysEM
PyAEDT INFO: Connected to AEDT gRPC session on port 3748.
PyAEDT INFO: Non-graphical mode detected. Disabling Desktop logs.
PyAEDT INFO: Parsing C:\ffzhzh\LocalFiles\Ansys_Project_Files\temp_train_TSV_RDL_291_1783680748_33328.aedt.
PyAEDT INFO: Python version 3.11.15 | packaged by Anaconda, Inc. | (main, Mar 11 2026, 17:12:15) [MSC v.1942 64 bit (AMD64)].
PyAEDT INFO: PyAEDT version 1.0.1.
PyAEDT INFO: Returning found Desktop session with PID 25824!
PyAEDT INFO: File C:\ffzhzh\LocalFiles\Ansys_Project_Files\temp_train_TSV_RDL_291_1783680748_33328.aedt correctly loaded. Elapsed time: 0m 0sec
PyAEDT INFO: Project temp_train_TSV_RDL_291_1783680748_33328 has been opened.
PyAEDT INFO: Active Design set to TSV_RDL
PyAEDT INFO: AEDT objects correctly read
PyAEDT INFO: Modeler class has been initialized! Elapsed time: 0m 0sec
PyAEDT INFO: Project temp_train_TSV_RDL_291_1783680748_33328 Saved correctly
PyAEDT INFO: Key Desktop/ActiveDSOConfigurations/HFSS correctly changed.
PyAEDT INFO: Solving all design setups. Analysis started...
PyAEDT INFO: Design setup None solved correctly in 0.0h 6.0m 58.0s
PyAEDT INFO: Key Desktop/ActiveDSOConfigurations/HFSS correctly changed.
PyAEDT INFO: Exporting Touchstone C:/ffzhzh/LocalFiles/Ansys_Project_Files/temp_train_TSV_RDL_289_1783680555_26216_SNP/temp_train_TSV_RDL_289_1783680555_26216.s2p
PyAEDT INFO: Touchstone correctly exported to C:/ffzhzh/LocalFiles/Ansys_Project_Files/temp_train_TSV_RDL_289_1783680555_26216_SNP/temp_train_TSV_RDL_289_1783680555_26216.s2p
[train / TSV_RDL - Task 289] simulation completed: C:\ffzhzh\SyncFiles\Temp\HFSS_sim\LHS400_Connection2\train\TSV_RDL\dut289.s2p
PyAEDT INFO: Desktop has been released and closed.
[train / TSV_RDL - Task 292] simulation started.
PyAEDT INFO: Python version 3.11.15 | packaged by Anaconda, Inc. | (main, Mar 11 2026, 17:12:15) [MSC v.1942 64 bit (AMD64)].
PyAEDT INFO: PyAEDT version 1.0.1.
PyAEDT INFO: Initializing new Desktop session.
PyAEDT INFO: AEDT version 2026.1.
PyAEDT INFO: New AEDT session is starting on gRPC port 13711.
PyAEDT INFO: Starting new AEDT gRPC session on port 13711.
PyAEDT INFO: Launching AEDT server with gRPC transport mode: TransportMode.WNUA
PyAEDT INFO: Electronics Desktop started on gRPC port 13711 after 5.5 seconds.
PyAEDT INFO: AEDT installation Path C:\Program Files\ANSYS Inc\v261\AnsysEM
PyAEDT INFO: Connected to AEDT gRPC session on port 13711.
PyAEDT INFO: Non-graphical mode detected. Disabling Desktop logs.
PyAEDT INFO: Parsing C:\ffzhzh\LocalFiles\Ansys_Project_Files\temp_train_TSV_RDL_292_1783680993_26216.aedt.
PyAEDT INFO: Python version 3.11.15 | packaged by Anaconda, Inc. | (main, Mar 11 2026, 17:12:15) [MSC v.1942 64 bit (AMD64)].
PyAEDT INFO: PyAEDT version 1.0.1.
PyAEDT INFO: Returning found Desktop session with PID 35928!
PyAEDT INFO: File C:\ffzhzh\LocalFiles\Ansys_Project_Files\temp_train_TSV_RDL_292_1783680993_26216.aedt correctly loaded. Elapsed time: 0m 0sec
PyAEDT INFO: Project temp_train_TSV_RDL_292_1783680993_26216 has been opened.
PyAEDT INFO: Active Design set to TSV_RDL
PyAEDT INFO: AEDT objects correctly read
PyAEDT INFO: Modeler class has been initialized! Elapsed time: 0m 0sec
PyAEDT INFO: Project temp_train_TSV_RDL_292_1783680993_26216 Saved correctly
PyAEDT INFO: Key Desktop/ActiveDSOConfigurations/HFSS correctly changed.
PyAEDT INFO: Solving all design setups. Analysis started...
PyAEDT INFO: Design setup None solved correctly in 0.0h 7.0m 2.0s
PyAEDT INFO: Key Desktop/ActiveDSOConfigurations/HFSS correctly changed.
PyAEDT INFO: Exporting Touchstone C:/ffzhzh/LocalFiles/Ansys_Project_Files/temp_train_TSV_RDL_290_1783680714_29156_SNP/temp_train_TSV_RDL_290_1783680714_29156.s2p
PyAEDT INFO: Touchstone correctly exported to C:/ffzhzh/LocalFiles/Ansys_Project_Files/temp_train_TSV_RDL_290_1783680714_29156_SNP/temp_train_TSV_RDL_290_1783680714_29156.s2p
[train / TSV_RDL - Task 290] simulation completed: C:\ffzhzh\SyncFiles\Temp\HFSS_sim\LHS400_Connection2\train\TSV_RDL\dut290.s2p
PyAEDT INFO: Desktop has been released and closed.
[train / TSV_RDL - Task 293] simulation started.
PyAEDT INFO: Python version 3.11.15 | packaged by Anaconda, Inc. | (main, Mar 11 2026, 17:12:15) [MSC v.1942 64 bit (AMD64)].
PyAEDT INFO: PyAEDT version 1.0.1.
PyAEDT INFO: Initializing new Desktop session.
PyAEDT INFO: AEDT version 2026.1.
PyAEDT INFO: New AEDT session is starting on gRPC port 3935.
PyAEDT INFO: Starting new AEDT gRPC session on port 3935.
PyAEDT INFO: Launching AEDT server with gRPC transport mode: TransportMode.WNUA
PyAEDT INFO: Electronics Desktop started on gRPC port 3935 after 5.4 seconds.
PyAEDT INFO: AEDT installation Path C:\Program Files\ANSYS Inc\v261\AnsysEM
PyAEDT INFO: Connected to AEDT gRPC session on port 3935.
PyAEDT INFO: Non-graphical mode detected. Disabling Desktop logs.
PyAEDT INFO: Parsing C:\ffzhzh\LocalFiles\Ansys_Project_Files\temp_train_TSV_RDL_293_1783681151_29156.aedt.
PyAEDT INFO: Python version 3.11.15 | packaged by Anaconda, Inc. | (main, Mar 11 2026, 17:12:15) [MSC v.1942 64 bit (AMD64)].
PyAEDT INFO: PyAEDT version 1.0.1.
PyAEDT INFO: Returning found Desktop session with PID 38936!
PyAEDT INFO: File C:\ffzhzh\LocalFiles\Ansys_Project_Files\temp_train_TSV_RDL_293_1783681151_29156.aedt correctly loaded. Elapsed time: 0m 0sec
PyAEDT INFO: Project temp_train_TSV_RDL_293_1783681151_29156 has been opened.
PyAEDT INFO: Active Design set to TSV_RDL
PyAEDT INFO: AEDT objects correctly read
PyAEDT INFO: Modeler class has been initialized! Elapsed time: 0m 0sec
PyAEDT INFO: Project temp_train_TSV_RDL_293_1783681151_29156 Saved correctly
PyAEDT INFO: Key Desktop/ActiveDSOConfigurations/HFSS correctly changed.
PyAEDT INFO: Solving all design setups. Analysis started...
PyAEDT INFO: Design setup None solved correctly in 0.0h 12.0m 18.0s
PyAEDT INFO: Key Desktop/ActiveDSOConfigurations/HFSS correctly changed.
PyAEDT INFO: Exporting Touchstone C:/ffzhzh/LocalFiles/Ansys_Project_Files/temp_train_TSV_RDL_291_1783680748_33328_SNP/temp_train_TSV_RDL_291_1783680748_33328.s2p
PyAEDT INFO: Touchstone correctly exported to C:/ffzhzh/LocalFiles/Ansys_Project_Files/temp_train_TSV_RDL_291_1783680748_33328_SNP/temp_train_TSV_RDL_291_1783680748_33328.s2p
[train / TSV_RDL - Task 291] simulation completed: C:\ffzhzh\SyncFiles\Temp\HFSS_sim\LHS400_Connection2\train\TSV_RDL\dut291.s2p
PyAEDT INFO: Desktop has been released and closed.
[train / TSV_RDL - Task 294] simulation started.
PyAEDT INFO: Python version 3.11.15 | packaged by Anaconda, Inc. | (main, Mar 11 2026, 17:12:15) [MSC v.1942 64 bit (AMD64)].
PyAEDT INFO: PyAEDT version 1.0.1.
PyAEDT INFO: Initializing new Desktop session.
PyAEDT INFO: AEDT version 2026.1.
PyAEDT INFO: New AEDT session is starting on gRPC port 3128.
PyAEDT INFO: Solving all design setups. Analysis started...
PyAEDT INFO: Design setup None solved correctly in 0.0h 8.0m 27.0s
PyAEDT INFO: Starting new AEDT gRPC session on port 3128.
PyAEDT INFO: Launching AEDT server with gRPC transport mode: TransportMode.WNUA
PyAEDT INFO: Key Desktop/ActiveDSOConfigurations/HFSS correctly changed.
PyAEDT INFO: Exporting Touchstone C:/ffzhzh/LocalFiles/Ansys_Project_Files/temp_train_TSV_RDL_292_1783680993_26216_SNP/temp_train_TSV_RDL_292_1783680993_26216.s2p
PyAEDT INFO: Touchstone correctly exported to C:/ffzhzh/LocalFiles/Ansys_Project_Files/temp_train_TSV_RDL_292_1783680993_26216_SNP/temp_train_TSV_RDL_292_1783680993_26216.s2p
[train / TSV_RDL - Task 292] simulation completed: C:\ffzhzh\SyncFiles\Temp\HFSS_sim\LHS400_Connection2\train\TSV_RDL\dut292.s2p
PyAEDT INFO: Desktop has been released and closed.
[train / TSV_RDL - Task 295] simulation started.
PyAEDT INFO: Python version 3.11.15 | packaged by Anaconda, Inc. | (main, Mar 11 2026, 17:12:15) [MSC v.1942 64 bit (AMD64)].
PyAEDT INFO: PyAEDT version 1.0.1.
PyAEDT INFO: Initializing new Desktop session.
PyAEDT INFO: AEDT version 2026.1.
PyAEDT INFO: New AEDT session is starting on gRPC port 3172.
PyAEDT INFO: Starting new AEDT gRPC session on port 3172.
PyAEDT INFO: Launching AEDT server with gRPC transport mode: TransportMode.WNUA
PyAEDT INFO: Electronics Desktop started on gRPC port 3128 after 5.0 seconds.
PyAEDT INFO: AEDT installation Path C:\Program Files\ANSYS Inc\v261\AnsysEM
PyAEDT INFO: Connected to AEDT gRPC session on port 3128.
PyAEDT INFO: Non-graphical mode detected. Disabling Desktop logs.
PyAEDT INFO: Parsing C:\ffzhzh\LocalFiles\Ansys_Project_Files\temp_train_TSV_RDL_294_1783681510_33328.aedt.
PyAEDT INFO: Python version 3.11.15 | packaged by Anaconda, Inc. | (main, Mar 11 2026, 17:12:15) [MSC v.1942 64 bit (AMD64)].
PyAEDT INFO: PyAEDT version 1.0.1.
PyAEDT INFO: Returning found Desktop session with PID 26140!
PyAEDT INFO: File C:\ffzhzh\LocalFiles\Ansys_Project_Files\temp_train_TSV_RDL_294_1783681510_33328.aedt correctly loaded. Elapsed time: 0m 0sec
PyAEDT INFO: Project temp_train_TSV_RDL_294_1783681510_33328 has been opened.
PyAEDT INFO: Active Design set to TSV_RDL
PyAEDT INFO: AEDT objects correctly read
PyAEDT INFO: Modeler class has been initialized! Elapsed time: 0m 0sec
PyAEDT INFO: Project temp_train_TSV_RDL_294_1783681510_33328 Saved correctly
PyAEDT INFO: Key Desktop/ActiveDSOConfigurations/HFSS correctly changed.
PyAEDT INFO: Electronics Desktop started on gRPC port 3172 after 5.1 seconds.
PyAEDT INFO: AEDT installation Path C:\Program Files\ANSYS Inc\v261\AnsysEM
PyAEDT INFO: Connected to AEDT gRPC session on port 3172.
PyAEDT INFO: Non-graphical mode detected. Disabling Desktop logs.
PyAEDT INFO: Parsing C:\ffzhzh\LocalFiles\Ansys_Project_Files\temp_train_TSV_RDL_295_1783681514_26216.aedt.
PyAEDT INFO: Python version 3.11.15 | packaged by Anaconda, Inc. | (main, Mar 11 2026, 17:12:15) [MSC v.1942 64 bit (AMD64)].
PyAEDT INFO: PyAEDT version 1.0.1.
PyAEDT INFO: Returning found Desktop session with PID 38268!
PyAEDT INFO: File C:\ffzhzh\LocalFiles\Ansys_Project_Files\temp_train_TSV_RDL_295_1783681514_26216.aedt correctly loaded. Elapsed time: 0m 0sec
PyAEDT INFO: Project temp_train_TSV_RDL_295_1783681514_26216 has been opened.
PyAEDT INFO: Active Design set to TSV_RDL
PyAEDT INFO: AEDT objects correctly read
PyAEDT INFO: Modeler class has been initialized! Elapsed time: 0m 0sec
PyAEDT INFO: Project temp_train_TSV_RDL_295_1783681514_26216 Saved correctly
PyAEDT INFO: Key Desktop/ActiveDSOConfigurations/HFSS correctly changed.
PyAEDT INFO: Solving all design setups. Analysis started...
PyAEDT INFO: Design setup None solved correctly in 0.0h 7.0m 52.0s
PyAEDT INFO: Key Desktop/ActiveDSOConfigurations/HFSS correctly changed.
PyAEDT INFO: Exporting Touchstone C:/ffzhzh/LocalFiles/Ansys_Project_Files/temp_train_TSV_RDL_293_1783681151_29156_SNP/temp_train_TSV_RDL_293_1783681151_29156.s2p
PyAEDT INFO: Touchstone correctly exported to C:/ffzhzh/LocalFiles/Ansys_Project_Files/temp_train_TSV_RDL_293_1783681151_29156_SNP/temp_train_TSV_RDL_293_1783681151_29156.s2p
[train / TSV_RDL - Task 293] simulation completed: C:\ffzhzh\SyncFiles\Temp\HFSS_sim\LHS400_Connection2\train\TSV_RDL\dut293.s2p
PyAEDT INFO: Desktop has been released and closed.
[train / TSV_RDL - Task 296] simulation started.
PyAEDT INFO: Python version 3.11.15 | packaged by Anaconda, Inc. | (main, Mar 11 2026, 17:12:15) [MSC v.1942 64 bit (AMD64)].
PyAEDT INFO: PyAEDT version 1.0.1.
PyAEDT INFO: Initializing new Desktop session.
PyAEDT INFO: AEDT version 2026.1.
PyAEDT INFO: New AEDT session is starting on gRPC port 13243.
PyAEDT INFO: Starting new AEDT gRPC session on port 13243.
PyAEDT INFO: Launching AEDT server with gRPC transport mode: TransportMode.WNUA
PyAEDT INFO: Electronics Desktop started on gRPC port 13243 after 5.5 seconds.
PyAEDT INFO: AEDT installation Path C:\Program Files\ANSYS Inc\v261\AnsysEM
PyAEDT INFO: Connected to AEDT gRPC session on port 13243.
PyAEDT INFO: Non-graphical mode detected. Disabling Desktop logs.
PyAEDT INFO: Parsing C:\ffzhzh\LocalFiles\Ansys_Project_Files\temp_train_TSV_RDL_296_1783681644_29156.aedt.
PyAEDT INFO: Python version 3.11.15 | packaged by Anaconda, Inc. | (main, Mar 11 2026, 17:12:15) [MSC v.1942 64 bit (AMD64)].
PyAEDT INFO: PyAEDT version 1.0.1.
PyAEDT INFO: Returning found Desktop session with PID 30224!
PyAEDT INFO: File C:\ffzhzh\LocalFiles\Ansys_Project_Files\temp_train_TSV_RDL_296_1783681644_29156.aedt correctly loaded. Elapsed time: 0m 0sec
PyAEDT INFO: Project temp_train_TSV_RDL_296_1783681644_29156 has been opened.
PyAEDT INFO: Active Design set to TSV_RDL
PyAEDT INFO: AEDT objects correctly read
PyAEDT INFO: Modeler class has been initialized! Elapsed time: 0m 0sec
PyAEDT INFO: Project temp_train_TSV_RDL_296_1783681644_29156 Saved correctly
PyAEDT INFO: Key Desktop/ActiveDSOConfigurations/HFSS correctly changed.
PyAEDT INFO: Solving all design setups. Analysis started...
PyAEDT INFO: Design setup None solved correctly in 0.0h 7.0m 0.0s
PyAEDT INFO: Key Desktop/ActiveDSOConfigurations/HFSS correctly changed.
PyAEDT INFO: Exporting Touchstone C:/ffzhzh/LocalFiles/Ansys_Project_Files/temp_train_TSV_RDL_294_1783681510_33328_SNP/temp_train_TSV_RDL_294_1783681510_33328.s2p
PyAEDT INFO: Touchstone correctly exported to C:/ffzhzh/LocalFiles/Ansys_Project_Files/temp_train_TSV_RDL_294_1783681510_33328_SNP/temp_train_TSV_RDL_294_1783681510_33328.s2p
[train / TSV_RDL - Task 294] simulation completed: C:\ffzhzh\SyncFiles\Temp\HFSS_sim\LHS400_Connection2\train\TSV_RDL\dut294.s2p
PyAEDT INFO: Desktop has been released and closed.
[train / TSV_RDL - Task 297] simulation started.
PyAEDT INFO: Python version 3.11.15 | packaged by Anaconda, Inc. | (main, Mar 11 2026, 17:12:15) [MSC v.1942 64 bit (AMD64)].
PyAEDT INFO: PyAEDT version 1.0.1.
PyAEDT INFO: Initializing new Desktop session.
PyAEDT INFO: AEDT version 2026.1.
PyAEDT INFO: New AEDT session is starting on gRPC port 6481.
PyAEDT INFO: Starting new AEDT gRPC session on port 6481.
PyAEDT INFO: Launching AEDT server with gRPC transport mode: TransportMode.WNUA
PyAEDT INFO: Electronics Desktop started on gRPC port 6481 after 5.3 seconds.
PyAEDT INFO: AEDT installation Path C:\Program Files\ANSYS Inc\v261\AnsysEM
PyAEDT INFO: Connected to AEDT gRPC session on port 6481.
PyAEDT INFO: Non-graphical mode detected. Disabling Desktop logs.
PyAEDT INFO: Parsing C:\ffzhzh\LocalFiles\Ansys_Project_Files\temp_train_TSV_RDL_297_1783681944_33328.aedt.
PyAEDT INFO: Python version 3.11.15 | packaged by Anaconda, Inc. | (main, Mar 11 2026, 17:12:15) [MSC v.1942 64 bit (AMD64)].
PyAEDT INFO: PyAEDT version 1.0.1.
PyAEDT INFO: Returning found Desktop session with PID 45060!
PyAEDT INFO: File C:\ffzhzh\LocalFiles\Ansys_Project_Files\temp_train_TSV_RDL_297_1783681944_33328.aedt correctly loaded. Elapsed time: 0m 0sec
PyAEDT INFO: Project temp_train_TSV_RDL_297_1783681944_33328 has been opened.
PyAEDT INFO: Active Design set to TSV_RDL
PyAEDT INFO: AEDT objects correctly read
PyAEDT INFO: Modeler class has been initialized! Elapsed time: 0m 0sec
PyAEDT INFO: Project temp_train_TSV_RDL_297_1783681944_33328 Saved correctly
PyAEDT INFO: Key Desktop/ActiveDSOConfigurations/HFSS correctly changed.
PyAEDT INFO: Solving all design setups. Analysis started...
PyAEDT INFO: Design setup None solved correctly in 0.0h 8.0m 14.0s
PyAEDT INFO: Key Desktop/ActiveDSOConfigurations/HFSS correctly changed.
PyAEDT INFO: Exporting Touchstone C:/ffzhzh/LocalFiles/Ansys_Project_Files/temp_train_TSV_RDL_295_1783681514_26216_SNP/temp_train_TSV_RDL_295_1783681514_26216.s2p
PyAEDT INFO: Touchstone correctly exported to C:/ffzhzh/LocalFiles/Ansys_Project_Files/temp_train_TSV_RDL_295_1783681514_26216_SNP/temp_train_TSV_RDL_295_1783681514_26216.s2p
[train / TSV_RDL - Task 295] simulation completed: C:\ffzhzh\SyncFiles\Temp\HFSS_sim\LHS400_Connection2\train\TSV_RDL\dut295.s2p
PyAEDT INFO: Desktop has been released and closed.
[train / TSV_RDL - Task 298] simulation started.
PyAEDT INFO: Python version 3.11.15 | packaged by Anaconda, Inc. | (main, Mar 11 2026, 17:12:15) [MSC v.1942 64 bit (AMD64)].
PyAEDT INFO: PyAEDT version 1.0.1.
PyAEDT INFO: Initializing new Desktop session.
PyAEDT INFO: AEDT version 2026.1.
PyAEDT INFO: New AEDT session is starting on gRPC port 8574.
PyAEDT INFO: Starting new AEDT gRPC session on port 8574.
PyAEDT INFO: Launching AEDT server with gRPC transport mode: TransportMode.WNUA
PyAEDT INFO: Electronics Desktop started on gRPC port 8574 after 5.2 seconds.
PyAEDT INFO: AEDT installation Path C:\Program Files\ANSYS Inc\v261\AnsysEM
PyAEDT INFO: Connected to AEDT gRPC session on port 8574.
PyAEDT INFO: Non-graphical mode detected. Disabling Desktop logs.
PyAEDT INFO: Parsing C:\ffzhzh\LocalFiles\Ansys_Project_Files\temp_train_TSV_RDL_298_1783682023_26216.aedt.
PyAEDT INFO: Python version 3.11.15 | packaged by Anaconda, Inc. | (main, Mar 11 2026, 17:12:15) [MSC v.1942 64 bit (AMD64)].
PyAEDT INFO: PyAEDT version 1.0.1.
PyAEDT INFO: Returning found Desktop session with PID 10136!
PyAEDT INFO: File C:\ffzhzh\LocalFiles\Ansys_Project_Files\temp_train_TSV_RDL_298_1783682023_26216.aedt correctly loaded. Elapsed time: 0m 0sec
PyAEDT INFO: Project temp_train_TSV_RDL_298_1783682023_26216 has been opened.
PyAEDT INFO: Active Design set to TSV_RDL
PyAEDT INFO: AEDT objects correctly read
PyAEDT INFO: Modeler class has been initialized! Elapsed time: 0m 0sec
PyAEDT INFO: Project temp_train_TSV_RDL_298_1783682023_26216 Saved correctly
PyAEDT INFO: Key Desktop/ActiveDSOConfigurations/HFSS correctly changed.
PyAEDT INFO: Solving all design setups. Analysis started...
PyAEDT INFO: Design setup None solved correctly in 0.0h 8.0m 15.0s
PyAEDT INFO: Key Desktop/ActiveDSOConfigurations/HFSS correctly changed.
PyAEDT INFO: Exporting Touchstone C:/ffzhzh/LocalFiles/Ansys_Project_Files/temp_train_TSV_RDL_296_1783681644_29156_SNP/temp_train_TSV_RDL_296_1783681644_29156.s2p
PyAEDT INFO: Touchstone correctly exported to C:/ffzhzh/LocalFiles/Ansys_Project_Files/temp_train_TSV_RDL_296_1783681644_29156_SNP/temp_train_TSV_RDL_296_1783681644_29156.s2p
[train / TSV_RDL - Task 296] simulation completed: C:\ffzhzh\SyncFiles\Temp\HFSS_sim\LHS400_Connection2\train\TSV_RDL\dut296.s2p
PyAEDT INFO: Desktop has been released and closed.
[train / TSV_RDL - Task 299] simulation started.
PyAEDT INFO: Python version 3.11.15 | packaged by Anaconda, Inc. | (main, Mar 11 2026, 17:12:15) [MSC v.1942 64 bit (AMD64)].
PyAEDT INFO: PyAEDT version 1.0.1.
PyAEDT INFO: Initializing new Desktop session.
PyAEDT INFO: AEDT version 2026.1.
PyAEDT INFO: New AEDT session is starting on gRPC port 10207.
PyAEDT INFO: Starting new AEDT gRPC session on port 10207.
PyAEDT INFO: Launching AEDT server with gRPC transport mode: TransportMode.WNUA
PyAEDT INFO: Electronics Desktop started on gRPC port 10207 after 5.4 seconds.
PyAEDT INFO: AEDT installation Path C:\Program Files\ANSYS Inc\v261\AnsysEM
PyAEDT INFO: Connected to AEDT gRPC session on port 10207.
PyAEDT INFO: Non-graphical mode detected. Disabling Desktop logs.
PyAEDT INFO: Parsing C:\ffzhzh\LocalFiles\Ansys_Project_Files\temp_train_TSV_RDL_299_1783682153_29156.aedt.
PyAEDT INFO: Python version 3.11.15 | packaged by Anaconda, Inc. | (main, Mar 11 2026, 17:12:15) [MSC v.1942 64 bit (AMD64)].
PyAEDT INFO: PyAEDT version 1.0.1.
PyAEDT INFO: Returning found Desktop session with PID 45460!
PyAEDT INFO: File C:\ffzhzh\LocalFiles\Ansys_Project_Files\temp_train_TSV_RDL_299_1783682153_29156.aedt correctly loaded. Elapsed time: 0m 0sec
PyAEDT INFO: Project temp_train_TSV_RDL_299_1783682153_29156 has been opened.
PyAEDT INFO: Active Design set to TSV_RDL
PyAEDT INFO: AEDT objects correctly read
PyAEDT INFO: Modeler class has been initialized! Elapsed time: 0m 0sec
PyAEDT INFO: Project temp_train_TSV_RDL_299_1783682153_29156 Saved correctly
PyAEDT INFO: Key Desktop/ActiveDSOConfigurations/HFSS correctly changed.
PyAEDT INFO: Solving all design setups. Analysis started...
PyAEDT INFO: Design setup None solved correctly in 0.0h 10.0m 8.0s
PyAEDT INFO: Key Desktop/ActiveDSOConfigurations/HFSS correctly changed.
PyAEDT INFO: Exporting Touchstone C:/ffzhzh/LocalFiles/Ansys_Project_Files/temp_train_TSV_RDL_297_1783681944_33328_SNP/temp_train_TSV_RDL_297_1783681944_33328.s2p
PyAEDT INFO: Touchstone correctly exported to C:/ffzhzh/LocalFiles/Ansys_Project_Files/temp_train_TSV_RDL_297_1783681944_33328_SNP/temp_train_TSV_RDL_297_1783681944_33328.s2p
[train / TSV_RDL - Task 297] simulation completed: C:\ffzhzh\SyncFiles\Temp\HFSS_sim\LHS400_Connection2\train\TSV_RDL\dut297.s2p
PyAEDT INFO: Desktop has been released and closed.
[train / TSV_RDL - Task 300] simulation started.
PyAEDT INFO: Python version 3.11.15 | packaged by Anaconda, Inc. | (main, Mar 11 2026, 17:12:15) [MSC v.1942 64 bit (AMD64)].
PyAEDT INFO: PyAEDT version 1.0.1.
PyAEDT INFO: Initializing new Desktop session.
PyAEDT INFO: AEDT version 2026.1.
PyAEDT INFO: New AEDT session is starting on gRPC port 9747.
PyAEDT INFO: Starting new AEDT gRPC session on port 9747.
PyAEDT INFO: Launching AEDT server with gRPC transport mode: TransportMode.WNUA
PyAEDT INFO: Electronics Desktop started on gRPC port 9747 after 5.4 seconds.
PyAEDT INFO: AEDT installation Path C:\Program Files\ANSYS Inc\v261\AnsysEM
PyAEDT INFO: Connected to AEDT gRPC session on port 9747.
PyAEDT INFO: Non-graphical mode detected. Disabling Desktop logs.
PyAEDT INFO: Parsing C:\ffzhzh\LocalFiles\Ansys_Project_Files\temp_train_TSV_RDL_300_1783682566_33328.aedt.
PyAEDT INFO: Python version 3.11.15 | packaged by Anaconda, Inc. | (main, Mar 11 2026, 17:12:15) [MSC v.1942 64 bit (AMD64)].
PyAEDT INFO: PyAEDT version 1.0.1.
PyAEDT INFO: Returning found Desktop session with PID 33812!
PyAEDT INFO: File C:\ffzhzh\LocalFiles\Ansys_Project_Files\temp_train_TSV_RDL_300_1783682566_33328.aedt correctly loaded. Elapsed time: 0m 0sec
PyAEDT INFO: Project temp_train_TSV_RDL_300_1783682566_33328 has been opened.
PyAEDT INFO: Active Design set to TSV_RDL
PyAEDT INFO: AEDT objects correctly read
PyAEDT INFO: Modeler class has been initialized! Elapsed time: 0m 0sec
PyAEDT INFO: Project temp_train_TSV_RDL_300_1783682566_33328 Saved correctly
PyAEDT INFO: Key Desktop/ActiveDSOConfigurations/HFSS correctly changed.
PyAEDT INFO: Solving all design setups. Analysis started...
PyAEDT INFO: Design setup None solved correctly in 0.0h 9.0m 36.0s
PyAEDT INFO: Key Desktop/ActiveDSOConfigurations/HFSS correctly changed.
PyAEDT INFO: Exporting Touchstone C:/ffzhzh/LocalFiles/Ansys_Project_Files/temp_train_TSV_RDL_299_1783682153_29156_SNP/temp_train_TSV_RDL_299_1783682153_29156.s2p
PyAEDT INFO: Touchstone correctly exported to C:/ffzhzh/LocalFiles/Ansys_Project_Files/temp_train_TSV_RDL_299_1783682153_29156_SNP/temp_train_TSV_RDL_299_1783682153_29156.s2p
[train / TSV_RDL - Task 299] simulation completed: C:\ffzhzh\SyncFiles\Temp\HFSS_sim\LHS400_Connection2\train\TSV_RDL\dut299.s2p
PyAEDT INFO: Desktop has been released and closed.
[train / TSV_RDL - Task 301] simulation started.
PyAEDT INFO: Python version 3.11.15 | packaged by Anaconda, Inc. | (main, Mar 11 2026, 17:12:15) [MSC v.1942 64 bit (AMD64)].
PyAEDT INFO: PyAEDT version 1.0.1.
PyAEDT INFO: Initializing new Desktop session.
PyAEDT INFO: AEDT version 2026.1.
PyAEDT INFO: New AEDT session is starting on gRPC port 1343.
PyAEDT INFO: Starting new AEDT gRPC session on port 1343.
PyAEDT INFO: Launching AEDT server with gRPC transport mode: TransportMode.WNUA
PyAEDT INFO: Electronics Desktop started on gRPC port 1343 after 5.8 seconds.
PyAEDT INFO: AEDT installation Path C:\Program Files\ANSYS Inc\v261\AnsysEM
PyAEDT INFO: Connected to AEDT gRPC session on port 1343.
PyAEDT INFO: Non-graphical mode detected. Disabling Desktop logs.
PyAEDT INFO: Parsing C:\ffzhzh\LocalFiles\Ansys_Project_Files\temp_train_TSV_RDL_301_1783682744_29156.aedt.
PyAEDT INFO: Python version 3.11.15 | packaged by Anaconda, Inc. | (main, Mar 11 2026, 17:12:15) [MSC v.1942 64 bit (AMD64)].
PyAEDT INFO: PyAEDT version 1.0.1.
PyAEDT INFO: Returning found Desktop session with PID 5920!
PyAEDT INFO: File C:\ffzhzh\LocalFiles\Ansys_Project_Files\temp_train_TSV_RDL_301_1783682744_29156.aedt correctly loaded. Elapsed time: 0m 0sec
PyAEDT INFO: Project temp_train_TSV_RDL_301_1783682744_29156 has been opened.
PyAEDT INFO: Active Design set to TSV_RDL
PyAEDT INFO: AEDT objects correctly read
PyAEDT INFO: Modeler class has been initialized! Elapsed time: 0m 0sec
