output_path,split,design,idx,status,file
C:\ffzhzh\SyncFiles\Temp\HFSS_sim\LHS400_Connection2,train,RDL,0,skipped,C:\ffzhzh\SyncFiles\Temp\HFSS_sim\LHS400_Connection2\train\RDL\dut0.s2p
C:\ffzhzh\SyncFiles\Temp\HFSS_sim\LHS400_Connection2,train,RDL,1,skipped,C:\ffzhzh\SyncFiles\Temp\HFSS_sim\LHS400_Connection2\train\RDL\dut1.s2p
C:\ffzhzh\SyncFiles\Temp\HFSS_sim\LHS400_Connection2,train,RDL,2,skipped,C:\ffzhzh\SyncFiles\Temp\HFSS_sim\LHS400_Connection2\train\RDL\dut2.s2p
C:\ffzhzh\SyncFiles\Temp\HFSS_sim\LHS400_Connection2,train,RDL,3,skipped,C:\ffzhzh\SyncFiles\Temp\HFSS_sim\LHS400_Connection2\train\RDL\dut3.s2p
C:\ffzhzh\SyncFiles\Temp\HFSS_sim\LHS400_Connection2,train,RDL,4,skipped,C:\ffzhzh\SyncFiles\Temp\HFSS_sim\LHS400_Connection2\train\RDL\dut4.s2p
C:\ffzhzh\SyncFiles\Temp\HFSS_sim\LHS400_Connection2,train,RDL,5,skipped,C:\ffzhzh\SyncFiles\Temp\HFSS_sim\LHS400_Connection2\train\RDL\dut5.s2p
C:\ffzhzh\SyncFiles\Temp\HFSS_sim\LHS400_Connection2,train,RDL,6,skipped,C:\ffzhzh\SyncFiles\Temp\HFSS_sim\LHS400_Connection2\train\RDL\dut6.s2p
C:\ffzhzh\SyncFiles\Temp\HFSS_sim\LHS400_Connection2,train,RDL,7,skipped,C:\ffzhzh\SyncFiles\Temp\HFSS_sim\LHS400_Connection2\train\RDL\dut7.s2p
C:\ffzhzh\SyncFiles\Temp\HFSS_sim\LHS400_Connection2,train,RDL,8,skipped,C:\ffzhzh\SyncFiles\Temp\HFSS_sim\LHS400_Connection2\train\RDL\dut8.s2p
C:\ffzhzh\SyncFiles\Temp\HFSS_sim\LHS400_Connection2,train,RDL,9,skipped,C:\ffzhzh\SyncFiles\Temp\HFSS_sim\LHS400_Connection2\train\RDL\dut9.s2p
C:\ffzhzh\SyncFiles\Temp\HFSS_sim\LHS400_Connection2,train,RDL,10,skipped,C:\ffzhzh\SyncFiles\Temp\HFSS_sim\LHS400_Connection2\train\RDL\dut10.s2p
C:\ffzhzh\SyncFiles\Temp\HFSS_sim\LHS400_Connection2,train,RDL,11,skipped,C:\ffzhzh\SyncFiles\Temp\HFSS_sim\LHS400_Connection2\train\RDL\dut11.s2p
C:\ffzhzh\SyncFiles\Temp\HFSS_sim\LHS400_Connection2,train,RDL,12,skipped,C:\ffzhzh\SyncFiles\Temp\HFSS_sim\LHS400_Connection2\train\RDL\dut12.s2p
C:\ffzhzh\SyncFiles\Temp\HFSS_sim\LHS400_Connection2,train,RDL,13,skipped,C:\ffzhzh\SyncFiles\Temp\HFSS_sim\LHS400_Connection2\train\RDL\dut13.s2p
C:\ffzhzh\SyncFiles\Temp\HFSS_sim\LHS400_Connection2,train,RDL,14,skipped,C:\ffzhzh\SyncFiles\Temp\HFSS_sim\LHS400_Connection2\train\RDL\dut14.s2p
C:\ffzhzh\SyncFiles\Temp\HFSS_sim\LHS400_Connection2,train,RDL,15,skipped,C:\ffzhzh\SyncFiles\Temp\HFSS_sim\LHS400_Connection2\train\RDL\dut15.s2p
C:\ffzhzh\SyncFiles\Temp\HFSS_sim\LHS400_Connection2,train,RDL,16,skipped,C:\ffzhzh\SyncFiles\Temp\HFSS_sim\LHS400_Connection2\train\RDL\dut16.s2p
C:\ffzhzh\SyncFiles\Temp\HFSS_sim\LHS400_Connection2,train,RDL,17,skipped,C:\ffzhzh\SyncFiles\Temp\HFSS_sim\LHS400_Connection2\train\RDL\dut17.s2p
C:\ffzhzh\SyncFiles\Temp\HFSS_sim\LHS400_Connection2,train,RDL,18,skipped,C:\ffzhzh\SyncFiles\Temp\HFSS_sim\LHS400_Connection2\train\RDL\dut18.s2p
C:\ffzhzh\SyncFiles\Temp\HFSS_sim\LHS400_Connection2,train,RDL,19,skipped,C:\ffzhzh\SyncFiles\Temp\HFSS_sim\LHS400_Connection2\train\RDL\dut19.s2p
C:\ffzhzh\SyncFiles\Temp\HFSS_sim\LHS400_Connection2,train,RDL,20,skipped,C:\ffzhzh\SyncFiles\Temp\HFSS_sim\LHS400_Connection2\train\RDL\dut20.s2p
C:\ffzhzh\SyncFiles\Temp\HFSS_sim\LHS400_Connection2,train,RDL,21,skipped,C:\ffzhzh\SyncFiles\Temp\HFSS_sim\LHS400_Connection2\train\RDL\dut21.s2p
C:\ffzhzh\SyncFiles\Temp\HFSS_sim\LHS400_Connection2,train,RDL,22,skipped,C:\ffzhzh\SyncFiles\Temp\HFSS_sim\LHS400_Connection2\train\RDL\dut22.s2p
C:\ffzhzh\SyncFiles\Temp\HFSS_sim\LHS400_Connection2,train,RDL,23,skipped,C:\ffzhzh\SyncFiles\Temp\HFSS_sim\LHS400_Connection2\train\RDL\dut23.s2p
C:\ffzhzh\SyncFiles\Temp\HFSS_sim\LHS400_Connection2,train,RDL,24,skipped,C:\ffzhzh\SyncFiles\Temp\HFSS_sim\LHS400_Connection2\train\RDL\dut24.s2p
C:\ffzhzh\SyncFiles\Temp\HFSS_sim\LHS400_Connection2,train,RDL,25,skipped,C:\ffzhzh\SyncFiles\Temp\HFSS_sim\LHS400_Connection2\train\RDL\dut25.s2p
C:\ffzhzh\SyncFiles\Temp\HFSS_sim\LHS400_Connection2,train,RDL,26,skipped,C:\ffzhzh\SyncFiles\Temp\HFSS_sim\LHS400_Connection2\train\RDL\dut26.s2p
C:\ffzhzh\SyncFiles\Temp\HFSS_sim\LHS400_Connection2,train,RDL,27,skipped,C:\ffzhzh\SyncFiles\Temp\HFSS_sim\LHS400_Connection2\train\RDL\dut27.s2p
C:\ffzhzh\SyncFiles\Temp\HFSS_sim\LHS400_Connection2,train,RDL,28,skipped,C:\ffzhzh\SyncFiles\Temp\HFSS_sim\LHS400_Connection2\train\RDL\dut28.s2p
C:\ffzhzh\SyncFiles\Temp\HFSS_sim\LHS400_Connection2,train,RDL,29,skipped,C:\ffzhzh\SyncFiles\Temp\HFSS_sim\LHS400_Connection2\train\RDL\dut29.s2p
C:\ffzhzh\SyncFiles\Temp\HFSS_sim\LHS400_Connection2,train,RDL,30,skipped,C:\ffzhzh\SyncFiles\Temp\HFSS_sim\LHS400_Connection2\train\RDL\dut30.s2p
C:\ffzhzh\SyncFiles\Temp\HFSS_sim\LHS400_Connection2,train,RDL,31,skipped,C:\ffzhzh\SyncFiles\Temp\HFSS_sim\LHS400_Connection2\train\RDL\dut31.s2p
C:\ffzhzh\SyncFiles\Temp\HFSS_sim\LHS400_Connection2,train,RDL,32,skipped,C:\ffzhzh\SyncFiles\Temp\HFSS_sim\LHS400_Connection2\train\RDL\dut32.s2p
C:\ffzhzh\SyncFiles\Temp\HFSS_sim\LHS400_Connection2,train,RDL,33,skipped,C:\ffzhzh\SyncFiles\Temp\HFSS_sim\LHS400_Connection2\train\RDL\dut33.s2p
C:\ffzhzh\SyncFiles\Temp\HFSS_sim\LHS400_Connection2,train,RDL,34,skipped,C:\ffzhzh\SyncFiles\Temp\HFSS_sim\LHS400_Connection2\train\RDL\dut34.s2p
C:\ffzhzh\SyncFiles\Temp\HFSS_sim\LHS400_Connection2,train,RDL,35,skipped,C:\ffzhzh\SyncFiles\Temp\HFSS_sim\LHS400_Connection2\train\RDL\dut35.s2p
C:\ffzhzh\SyncFiles\Temp\HFSS_sim\LHS400_Connection2,train,RDL,36,skipped,C:\ffzhzh\SyncFiles\Temp\HFSS_sim\LHS400_Connection2\train\RDL\dut36.s2p
C:\ffzhzh\SyncFiles\Temp\HFSS_sim\LHS400_Connection2,train,RDL,37,skipped,C:\ffzhzh\SyncFiles\Temp\HFSS_sim\LHS400_Connection2\train\RDL\dut37.s2p
C:\ffzhzh\SyncFiles\Temp\HFSS_sim\LHS400_Connection2,train,RDL,38,skipped,C:\ffzhzh\SyncFiles\Temp\HFSS_sim\LHS400_Connection2\train\RDL\dut38.s2p
C:\ffzhzh\SyncFiles\Temp\HFSS_sim\LHS400_Connection2,train,RDL,39,skipped,C:\ffzhzh\SyncFiles\Temp\HFSS_sim\LHS400_Connection2\train\RDL\dut39.s2p
C:\ffzhzh\SyncFiles\Temp\HFSS_sim\LHS400_Connection2,train,RDL,40,skipped,C:\ffzhzh\SyncFiles\Temp\HFSS_sim\LHS400_Connection2\train\RDL\dut40.s2p
C:\ffzhzh\SyncFiles\Temp\HFSS_sim\LHS400_Connection2,train,RDL,41,skipped,C:\ffzhzh\SyncFiles\Temp\HFSS_sim\LHS400_Connection2\train\RDL\dut41.s2p
C:\ffzhzh\SyncFiles\Temp\HFSS_sim\LHS400_Connection2,train,RDL,42,skipped,C:\ffzhzh\SyncFiles\Temp\HFSS_sim\LHS400_Connection2\train\RDL\dut42.s2p
C:\ffzhzh\SyncFiles\Temp\HFSS_sim\LHS400_Connection2,train,RDL,43,skipped,C:\ffzhzh\SyncFiles\Temp\HFSS_sim\LHS400_Connection2\train\RDL\dut43.s2p
C:\ffzhzh\SyncFiles\Temp\HFSS_sim\LHS400_Connection2,train,RDL,44,skipped,C:\ffzhzh\SyncFiles\Temp\HFSS_sim\LHS400_Connection2\train\RDL\dut44.s2p
C:\ffzhzh\SyncFiles\Temp\HFSS_sim\LHS400_Connection2,train,RDL,45,skipped,C:\ffzhzh\SyncFiles\Temp\HFSS_sim\LHS400_Connection2\train\RDL\dut45.s2p
C:\ffzhzh\SyncFiles\Temp\HFSS_sim\LHS400_Connection2,train,RDL,46,skipped,C:\ffzhzh\SyncFiles\Temp\HFSS_sim\LHS400_Connection2\train\RDL\dut46.s2p
C:\ffzhzh\SyncFiles\Temp\HFSS_sim\LHS400_Connection2,train,RDL,47,skipped,C:\ffzhzh\SyncFiles\Temp\HFSS_sim\LHS400_Connection2\train\RDL\dut47.s2p
C:\ffzhzh\SyncFiles\Temp\HFSS_sim\LHS400_Connection2,train,RDL,48,skipped,C:\ffzhzh\SyncFiles\Temp\HFSS_sim\LHS400_Connection2\train\RDL\dut48.s2p
C:\ffzhzh\SyncFiles\Temp\HFSS_sim\LHS400_Connection2,train,RDL,49,skipped,C:\ffzhzh\SyncFiles\Temp\HFSS_sim\LHS400_Connection2\train\RDL\dut49.s2p
C:\ffzhzh\SyncFiles\Temp\HFSS_sim\LHS400_Connection2,train,RDL,50,skipped,C:\ffzhzh\SyncFiles\Temp\HFSS_sim\LHS400_Connection2\train\RDL\dut50.s2p
C:\ffzhzh\SyncFiles\Temp\HFSS_sim\LHS400_Connection2,train,RDL,51,skipped,C:\ffzhzh\SyncFiles\Temp\HFSS_sim\LHS400_Connection2\train\RDL\dut51.s2p
C:\ffzhzh\SyncFiles\Temp\HFSS_sim\LHS400_Connection2,train,RDL,52,skipped,C:\ffzhzh\SyncFiles\Temp\HFSS_sim\LHS400_Connection2\train\RDL\dut52.s2p
C:\ffzhzh\SyncFiles\Temp\HFSS_sim\LHS400_Connection2,train,RDL,53,skipped,C:\ffzhzh\SyncFiles\Temp\HFSS_sim\LHS400_Connection2\train\RDL\dut53.s2p
C:\ffzhzh\SyncFiles\Temp\HFSS_sim\LHS400_Connection2,train,RDL,54,skipped,C:\ffzhzh\SyncFiles\Temp\HFSS_sim\LHS400_Connection2\train\RDL\dut54.s2p
C:\ffzhzh\SyncFiles\Temp\HFSS_sim\LHS400_Connection2,train,RDL,55,skipped,C:\ffzhzh\SyncFiles\Temp\HFSS_sim\LHS400_Connection2\train\RDL\dut55.s2p
C:\ffzhzh\SyncFiles\Temp\HFSS_sim\LHS400_Connection2,train,RDL,56,skipped,C:\ffzhzh\SyncFiles\Temp\HFSS_sim\LHS400_Connection2\train\RDL\dut56.s2p
C:\ffzhzh\SyncFiles\Temp\HFSS_sim\LHS400_Connection2,train,RDL,57,skipped,C:\ffzhzh\SyncFiles\Temp\HFSS_sim\LHS400_Connection2\train\RDL\dut57.s2p
C:\ffzhzh\SyncFiles\Temp\HFSS_sim\LHS400_Connection2,train,RDL,58,skipped,C:\ffzhzh\SyncFiles\Temp\HFSS_sim\LHS400_Connection2\train\RDL\dut58.s2p
C:\ffzhzh\SyncFiles\Temp\HFSS_sim\LHS400_Connection2,train,RDL,59,skipped,C:\ffzhzh\SyncFiles\Temp\HFSS_sim\LHS400_Connection2\train\RDL\dut59.s2p
C:\ffzhzh\SyncFiles\Temp\HFSS_sim\LHS400_Connection2,train,RDL,60,skipped,C:\ffzhzh\SyncFiles\Temp\HFSS_sim\LHS400_Connection2\train\RDL\dut60.s2p
C:\ffzhzh\SyncFiles\Temp\HFSS_sim\LHS400_Connection2,train,RDL,61,skipped,C:\ffzhzh\SyncFiles\Temp\HFSS_sim\LHS400_Connection2\train\RDL\dut61.s2p
C:\ffzhzh\SyncFiles\Temp\HFSS_sim\LHS400_Connection2,train,RDL,62,skipped,C:\ffzhzh\SyncFiles\Temp\HFSS_sim\LHS400_Connection2\train\RDL\dut62.s2p
C:\ffzhzh\SyncFiles\Temp\HFSS_sim\LHS400_Connection2,train,RDL,63,skipped,C:\ffzhzh\SyncFiles\Temp\HFSS_sim\LHS400_Connection2\train\RDL\dut63.s2p
C:\ffzhzh\SyncFiles\Temp\HFSS_sim\LHS400_Connection2,train,RDL,64,skipped,C:\ffzhzh\SyncFiles\Temp\HFSS_sim\LHS400_Connection2\train\RDL\dut64.s2p
C:\ffzhzh\SyncFiles\Temp\HFSS_sim\LHS400_Connection2,train,RDL,65,skipped,C:\ffzhzh\SyncFiles\Temp\HFSS_sim\LHS400_Connection2\train\RDL\dut65.s2p
C:\ffzhzh\SyncFiles\Temp\HFSS_sim\LHS400_Connection2,train,RDL,66,skipped,C:\ffzhzh\SyncFiles\Temp\HFSS_sim\LHS400_Connection2\train\RDL\dut66.s2p
C:\ffzhzh\SyncFiles\Temp\HFSS_sim\LHS400_Connection2,train,RDL,67,skipped,C:\ffzhzh\SyncFiles\Temp\HFSS_sim\LHS400_Connection2\train\RDL\dut67.s2p
C:\ffzhzh\SyncFiles\Temp\HFSS_sim\LHS400_Connection2,train,RDL,68,skipped,C:\ffzhzh\SyncFiles\Temp\HFSS_sim\LHS400_Connection2\train\RDL\dut68.s2p
C:\ffzhzh\SyncFiles\Temp\HFSS_sim\LHS400_Connection2,train,RDL,69,skipped,C:\ffzhzh\SyncFiles\Temp\HFSS_sim\LHS400_Connection2\train\RDL\dut69.s2p
C:\ffzhzh\SyncFiles\Temp\HFSS_sim\LHS400_Connection2,train,RDL,70,skipped,C:\ffzhzh\SyncFiles\Temp\HFSS_sim\LHS400_Connection2\train\RDL\dut70.s2p
C:\ffzhzh\SyncFiles\Temp\HFSS_sim\LHS400_Connection2,train,RDL,71,skipped,C:\ffzhzh\SyncFiles\Temp\HFSS_sim\LHS400_Connection2\train\RDL\dut71.s2p
C:\ffzhzh\SyncFiles\Temp\HFSS_sim\LHS400_Connection2,train,RDL,72,skipped,C:\ffzhzh\SyncFiles\Temp\HFSS_sim\LHS400_Connection2\train\RDL\dut72.s2p
C:\ffzhzh\SyncFiles\Temp\HFSS_sim\LHS400_Connection2,train,RDL,73,skipped,C:\ffzhzh\SyncFiles\Temp\HFSS_sim\LHS400_Connection2\train\RDL\dut73.s2p
C:\ffzhzh\SyncFiles\Temp\HFSS_sim\LHS400_Connection2,train,RDL,74,skipped,C:\ffzhzh\SyncFiles\Temp\HFSS_sim\LHS400_Connection2\train\RDL\dut74.s2p
C:\ffzhzh\SyncFiles\Temp\HFSS_sim\LHS400_Connection2,train,RDL,75,skipped,C:\ffzhzh\SyncFiles\Temp\HFSS_sim\LHS400_Connection2\train\RDL\dut75.s2p
C:\ffzhzh\SyncFiles\Temp\HFSS_sim\LHS400_Connection2,train,RDL,76,skipped,C:\ffzhzh\SyncFiles\Temp\HFSS_sim\LHS400_Connection2\train\RDL\dut76.s2p
C:\ffzhzh\SyncFiles\Temp\HFSS_sim\LHS400_Connection2,train,RDL,77,skipped,C:\ffzhzh\SyncFiles\Temp\HFSS_sim\LHS400_Connection2\train\RDL\dut77.s2p
C:\ffzhzh\SyncFiles\Temp\HFSS_sim\LHS400_Connection2,train,RDL,78,skipped,C:\ffzhzh\SyncFiles\Temp\HFSS_sim\LHS400_Connection2\train\RDL\dut78.s2p
C:\ffzhzh\SyncFiles\Temp\HFSS_sim\LHS400_Connection2,train,RDL,79,skipped,C:\ffzhzh\SyncFiles\Temp\HFSS_sim\LHS400_Connection2\train\RDL\dut79.s2p
C:\ffzhzh\SyncFiles\Temp\HFSS_sim\LHS400_Connection2,train,RDL,80,skipped,C:\ffzhzh\SyncFiles\Temp\HFSS_sim\LHS400_Connection2\train\RDL\dut80.s2p
C:\ffzhzh\SyncFiles\Temp\HFSS_sim\LHS400_Connection2,train,RDL,81,skipped,C:\ffzhzh\SyncFiles\Temp\HFSS_sim\LHS400_Connection2\train\RDL\dut81.s2p
C:\ffzhzh\SyncFiles\Temp\HFSS_sim\LHS400_Connection2,train,RDL,82,skipped,C:\ffzhzh\SyncFiles\Temp\HFSS_sim\LHS400_Connection2\train\RDL\dut82.s2p
C:\ffzhzh\SyncFiles\Temp\HFSS_sim\LHS400_Connection2,train,RDL,83,skipped,C:\ffzhzh\SyncFiles\Temp\HFSS_sim\LHS400_Connection2\train\RDL\dut83.s2p
C:\ffzhzh\SyncFiles\Temp\HFSS_sim\LHS400_Connection2,train,RDL,84,skipped,C:\ffzhzh\SyncFiles\Temp\HFSS_sim\LHS400_Connection2\train\RDL\dut84.s2p
C:\ffzhzh\SyncFiles\Temp\HFSS_sim\LHS400_Connection2,train,RDL,85,skipped,C:\ffzhzh\SyncFiles\Temp\HFSS_sim\LHS400_Connection2\train\RDL\dut85.s2p
C:\ffzhzh\SyncFiles\Temp\HFSS_sim\LHS400_Connection2,train,RDL,86,skipped,C:\ffzhzh\SyncFiles\Temp\HFSS_sim\LHS400_Connection2\train\RDL\dut86.s2p
C:\ffzhzh\SyncFiles\Temp\HFSS_sim\LHS400_Connection2,train,RDL,87,skipped,C:\ffzhzh\SyncFiles\Temp\HFSS_sim\LHS400_Connection2\train\RDL\dut87.s2p
C:\ffzhzh\SyncFiles\Temp\HFSS_sim\LHS400_Connection2,train,RDL,88,skipped,C:\ffzhzh\SyncFiles\Temp\HFSS_sim\LHS400_Connection2\train\RDL\dut88.s2p
C:\ffzhzh\SyncFiles\Temp\HFSS_sim\LHS400_Connection2,train,RDL,89,skipped,C:\ffzhzh\SyncFiles\Temp\HFSS_sim\LHS400_Connection2\train\RDL\dut89.s2p
C:\ffzhzh\SyncFiles\Temp\HFSS_sim\LHS400_Connection2,train,RDL,90,skipped,C:\ffzhzh\SyncFiles\Temp\HFSS_sim\LHS400_Connection2\train\RDL\dut90.s2p
C:\ffzhzh\SyncFiles\Temp\HFSS_sim\LHS400_Connection2,train,RDL,91,skipped,C:\ffzhzh\SyncFiles\Temp\HFSS_sim\LHS400_Connection2\train\RDL\dut91.s2p
C:\ffzhzh\SyncFiles\Temp\HFSS_sim\LHS400_Connection2,train,RDL,92,skipped,C:\ffzhzh\SyncFiles\Temp\HFSS_sim\LHS400_Connection2\train\RDL\dut92.s2p
C:\ffzhzh\SyncFiles\Temp\HFSS_sim\LHS400_Connection2,train,RDL,93,skipped,C:\ffzhzh\SyncFiles\Temp\HFSS_sim\LHS400_Connection2\train\RDL\dut93.s2p
C:\ffzhzh\SyncFiles\Temp\HFSS_sim\LHS400_Connection2,train,RDL,94,skipped,C:\ffzhzh\SyncFiles\Temp\HFSS_sim\LHS400_Connection2\train\RDL\dut94.s2p
C:\ffzhzh\SyncFiles\Temp\HFSS_sim\LHS400_Connection2,train,RDL,95,skipped,C:\ffzhzh\SyncFiles\Temp\HFSS_sim\LHS400_Connection2\train\RDL\dut95.s2p
C:\ffzhzh\SyncFiles\Temp\HFSS_sim\LHS400_Connection2,train,RDL,96,skipped,C:\ffzhzh\SyncFiles\Temp\HFSS_sim\LHS400_Connection2\train\RDL\dut96.s2p
C:\ffzhzh\SyncFiles\Temp\HFSS_sim\LHS400_Connection2,train,RDL,97,skipped,C:\ffzhzh\SyncFiles\Temp\HFSS_sim\LHS400_Connection2\train\RDL\dut97.s2p
C:\ffzhzh\SyncFiles\Temp\HFSS_sim\LHS400_Connection2,train,RDL,98,skipped,C:\ffzhzh\SyncFiles\Temp\HFSS_sim\LHS400_Connection2\train\RDL\dut98.s2p
C:\ffzhzh\SyncFiles\Temp\HFSS_sim\LHS400_Connection2,train,RDL,99,skipped,C:\ffzhzh\SyncFiles\Temp\HFSS_sim\LHS400_Connection2\train\RDL\dut99.s2p
C:\ffzhzh\SyncFiles\Temp\HFSS_sim\LHS400_Connection2,train,RDL,100,skipped,C:\ffzhzh\SyncFiles\Temp\HFSS_sim\LHS400_Connection2\train\RDL\dut100.s2p
C:\ffzhzh\SyncFiles\Temp\HFSS_sim\LHS400_Connection2,train,RDL,101,skipped,C:\ffzhzh\SyncFiles\Temp\HFSS_sim\LHS400_Connection2\train\RDL\dut101.s2p
C:\ffzhzh\SyncFiles\Temp\HFSS_sim\LHS400_Connection2,train,RDL,102,skipped,C:\ffzhzh\SyncFiles\Temp\HFSS_sim\LHS400_Connection2\train\RDL\dut102.s2p
C:\ffzhzh\SyncFiles\Temp\HFSS_sim\LHS400_Connection2,train,RDL,103,skipped,C:\ffzhzh\SyncFiles\Temp\HFSS_sim\LHS400_Connection2\train\RDL\dut103.s2p
C:\ffzhzh\SyncFiles\Temp\HFSS_sim\LHS400_Connection2,train,RDL,104,skipped,C:\ffzhzh\SyncFiles\Temp\HFSS_sim\LHS400_Connection2\train\RDL\dut104.s2p
C:\ffzhzh\SyncFiles\Temp\HFSS_sim\LHS400_Connection2,train,RDL,105,skipped,C:\ffzhzh\SyncFiles\Temp\HFSS_sim\LHS400_Connection2\train\RDL\dut105.s2p
C:\ffzhzh\SyncFiles\Temp\HFSS_sim\LHS400_Connection2,train,RDL,106,skipped,C:\ffzhzh\SyncFiles\Temp\HFSS_sim\LHS400_Connection2\train\RDL\dut106.s2p
C:\ffzhzh\SyncFiles\Temp\HFSS_sim\LHS400_Connection2,train,RDL,107,skipped,C:\ffzhzh\SyncFiles\Temp\HFSS_sim\LHS400_Connection2\train\RDL\dut107.s2p
C:\ffzhzh\SyncFiles\Temp\HFSS_sim\LHS400_Connection2,train,RDL,108,skipped,C:\ffzhzh\SyncFiles\Temp\HFSS_sim\LHS400_Connection2\train\RDL\dut108.s2p
C:\ffzhzh\SyncFiles\Temp\HFSS_sim\LHS400_Connection2,train,RDL,109,skipped,C:\ffzhzh\SyncFiles\Temp\HFSS_sim\LHS400_Connection2\train\RDL\dut109.s2p
C:\ffzhzh\SyncFiles\Temp\HFSS_sim\LHS400_Connection2,train,RDL,110,skipped,C:\ffzhzh\SyncFiles\Temp\HFSS_sim\LHS400_Connection2\train\RDL\dut110.s2p
C:\ffzhzh\SyncFiles\Temp\HFSS_sim\LHS400_Connection2,train,RDL,111,skipped,C:\ffzhzh\SyncFiles\Temp\HFSS_sim\LHS400_Connection2\train\RDL\dut111.s2p
C:\ffzhzh\SyncFiles\Temp\HFSS_sim\LHS400_Connection2,train,RDL,112,skipped,C:\ffzhzh\SyncFiles\Temp\HFSS_sim\LHS400_Connection2\train\RDL\dut112.s2p
C:\ffzhzh\SyncFiles\Temp\HFSS_sim\LHS400_Connection2,train,RDL,113,skipped,C:\ffzhzh\SyncFiles\Temp\HFSS_sim\LHS400_Connection2\train\RDL\dut113.s2p
C:\ffzhzh\SyncFiles\Temp\HFSS_sim\LHS400_Connection2,train,RDL,114,skipped,C:\ffzhzh\SyncFiles\Temp\HFSS_sim\LHS400_Connection2\train\RDL\dut114.s2p
C:\ffzhzh\SyncFiles\Temp\HFSS_sim\LHS400_Connection2,train,RDL,115,skipped,C:\ffzhzh\SyncFiles\Temp\HFSS_sim\LHS400_Connection2\train\RDL\dut115.s2p
C:\ffzhzh\SyncFiles\Temp\HFSS_sim\LHS400_Connection2,train,RDL,116,skipped,C:\ffzhzh\SyncFiles\Temp\HFSS_sim\LHS400_Connection2\train\RDL\dut116.s2p
C:\ffzhzh\SyncFiles\Temp\HFSS_sim\LHS400_Connection2,train,RDL,117,skipped,C:\ffzhzh\SyncFiles\Temp\HFSS_sim\LHS400_Connection2\train\RDL\dut117.s2p
C:\ffzhzh\SyncFiles\Temp\HFSS_sim\LHS400_Connection2,train,RDL,118,skipped,C:\ffzhzh\SyncFiles\Temp\HFSS_sim\LHS400_Connection2\train\RDL\dut118.s2p
C:\ffzhzh\SyncFiles\Temp\HFSS_sim\LHS400_Connection2,train,RDL,119,skipped,C:\ffzhzh\SyncFiles\Temp\HFSS_sim\LHS400_Connection2\train\RDL\dut119.s2p
C:\ffzhzh\SyncFiles\Temp\HFSS_sim\LHS400_Connection2,train,RDL,120,skipped,C:\ffzhzh\SyncFiles\Temp\HFSS_sim\LHS400_Connection2\train\RDL\dut120.s2p
C:\ffzhzh\SyncFiles\Temp\HFSS_sim\LHS400_Connection2,train,RDL,121,skipped,C:\ffzhzh\SyncFiles\Temp\HFSS_sim\LHS400_Connection2\train\RDL\dut121.s2p
C:\ffzhzh\SyncFiles\Temp\HFSS_sim\LHS400_Connection2,train,RDL,122,skipped,C:\ffzhzh\SyncFiles\Temp\HFSS_sim\LHS400_Connection2\train\RDL\dut122.s2p
C:\ffzhzh\SyncFiles\Temp\HFSS_sim\LHS400_Connection2,train,RDL,123,skipped,C:\ffzhzh\SyncFiles\Temp\HFSS_sim\LHS400_Connection2\train\RDL\dut123.s2p
C:\ffzhzh\SyncFiles\Temp\HFSS_sim\LHS400_Connection2,train,RDL,124,skipped,C:\ffzhzh\SyncFiles\Temp\HFSS_sim\LHS400_Connection2\train\RDL\dut124.s2p
C:\ffzhzh\SyncFiles\Temp\HFSS_sim\LHS400_Connection2,train,RDL,125,skipped,C:\ffzhzh\SyncFiles\Temp\HFSS_sim\LHS400_Connection2\train\RDL\dut125.s2p
C:\ffzhzh\SyncFiles\Temp\HFSS_sim\LHS400_Connection2,train,RDL,126,skipped,C:\ffzhzh\SyncFiles\Temp\HFSS_sim\LHS400_Connection2\train\RDL\dut126.s2p
C:\ffzhzh\SyncFiles\Temp\HFSS_sim\LHS400_Connection2,train,RDL,127,skipped,C:\ffzhzh\SyncFiles\Temp\HFSS_sim\LHS400_Connection2\train\RDL\dut127.s2p
C:\ffzhzh\SyncFiles\Temp\HFSS_sim\LHS400_Connection2,train,RDL,128,skipped,C:\ffzhzh\SyncFiles\Temp\HFSS_sim\LHS400_Connection2\train\RDL\dut128.s2p
C:\ffzhzh\SyncFiles\Temp\HFSS_sim\LHS400_Connection2,train,RDL,129,skipped,C:\ffzhzh\SyncFiles\Temp\HFSS_sim\LHS400_Connection2\train\RDL\dut129.s2p
C:\ffzhzh\SyncFiles\Temp\HFSS_sim\LHS400_Connection2,train,RDL,130,skipped,C:\ffzhzh\SyncFiles\Temp\HFSS_sim\LHS400_Connection2\train\RDL\dut130.s2p
C:\ffzhzh\SyncFiles\Temp\HFSS_sim\LHS400_Connection2,train,RDL,131,skipped,C:\ffzhzh\SyncFiles\Temp\HFSS_sim\LHS400_Connection2\train\RDL\dut131.s2p
C:\ffzhzh\SyncFiles\Temp\HFSS_sim\LHS400_Connection2,train,RDL,132,skipped,C:\ffzhzh\SyncFiles\Temp\HFSS_sim\LHS400_Connection2\train\RDL\dut132.s2p
C:\ffzhzh\SyncFiles\Temp\HFSS_sim\LHS400_Connection2,train,RDL,133,skipped,C:\ffzhzh\SyncFiles\Temp\HFSS_sim\LHS400_Connection2\train\RDL\dut133.s2p
C:\ffzhzh\SyncFiles\Temp\HFSS_sim\LHS400_Connection2,train,RDL,134,skipped,C:\ffzhzh\SyncFiles\Temp\HFSS_sim\LHS400_Connection2\train\RDL\dut134.s2p
C:\ffzhzh\SyncFiles\Temp\HFSS_sim\LHS400_Connection2,train,RDL,135,skipped,C:\ffzhzh\SyncFiles\Temp\HFSS_sim\LHS400_Connection2\train\RDL\dut135.s2p
C:\ffzhzh\SyncFiles\Temp\HFSS_sim\LHS400_Connection2,train,RDL,136,skipped,C:\ffzhzh\SyncFiles\Temp\HFSS_sim\LHS400_Connection2\train\RDL\dut136.s2p
C:\ffzhzh\SyncFiles\Temp\HFSS_sim\LHS400_Connection2,train,RDL,137,skipped,C:\ffzhzh\SyncFiles\Temp\HFSS_sim\LHS400_Connection2\train\RDL\dut137.s2p
C:\ffzhzh\SyncFiles\Temp\HFSS_sim\LHS400_Connection2,train,RDL,138,skipped,C:\ffzhzh\SyncFiles\Temp\HFSS_sim\LHS400_Connection2\train\RDL\dut138.s2p
C:\ffzhzh\SyncFiles\Temp\HFSS_sim\LHS400_Connection2,train,RDL,139,skipped,C:\ffzhzh\SyncFiles\Temp\HFSS_sim\LHS400_Connection2\train\RDL\dut139.s2p
C:\ffzhzh\SyncFiles\Temp\HFSS_sim\LHS400_Connection2,train,RDL,140,skipped,C:\ffzhzh\SyncFiles\Temp\HFSS_sim\LHS400_Connection2\train\RDL\dut140.s2p
C:\ffzhzh\SyncFiles\Temp\HFSS_sim\LHS400_Connection2,train,RDL,141,skipped,C:\ffzhzh\SyncFiles\Temp\HFSS_sim\LHS400_Connection2\train\RDL\dut141.s2p
C:\ffzhzh\SyncFiles\Temp\HFSS_sim\LHS400_Connection2,train,RDL,142,skipped,C:\ffzhzh\SyncFiles\Temp\HFSS_sim\LHS400_Connection2\train\RDL\dut142.s2p
C:\ffzhzh\SyncFiles\Temp\HFSS_sim\LHS400_Connection2,train,RDL,143,skipped,C:\ffzhzh\SyncFiles\Temp\HFSS_sim\LHS400_Connection2\train\RDL\dut143.s2p
C:\ffzhzh\SyncFiles\Temp\HFSS_sim\LHS400_Connection2,train,RDL,144,skipped,C:\ffzhzh\SyncFiles\Temp\HFSS_sim\LHS400_Connection2\train\RDL\dut144.s2p
C:\ffzhzh\SyncFiles\Temp\HFSS_sim\LHS400_Connection2,train,RDL,145,skipped,C:\ffzhzh\SyncFiles\Temp\HFSS_sim\LHS400_Connection2\train\RDL\dut145.s2p
C:\ffzhzh\SyncFiles\Temp\HFSS_sim\LHS400_Connection2,train,RDL,146,skipped,C:\ffzhzh\SyncFiles\Temp\HFSS_sim\LHS400_Connection2\train\RDL\dut146.s2p
C:\ffzhzh\SyncFiles\Temp\HFSS_sim\LHS400_Connection2,train,RDL,147,skipped,C:\ffzhzh\SyncFiles\Temp\HFSS_sim\LHS400_Connection2\train\RDL\dut147.s2p
C:\ffzhzh\SyncFiles\Temp\HFSS_sim\LHS400_Connection2,train,RDL,148,skipped,C:\ffzhzh\SyncFiles\Temp\HFSS_sim\LHS400_Connection2\train\RDL\dut148.s2p
C:\ffzhzh\SyncFiles\Temp\HFSS_sim\LHS400_Connection2,train,RDL,149,skipped,C:\ffzhzh\SyncFiles\Temp\HFSS_sim\LHS400_Connection2\train\RDL\dut149.s2p
C:\ffzhzh\SyncFiles\Temp\HFSS_sim\LHS400_Connection2,train,RDL,150,skipped,C:\ffzhzh\SyncFiles\Temp\HFSS_sim\LHS400_Connection2\train\RDL\dut150.s2p
C:\ffzhzh\SyncFiles\Temp\HFSS_sim\LHS400_Connection2,train,RDL,151,skipped,C:\ffzhzh\SyncFiles\Temp\HFSS_sim\LHS400_Connection2\train\RDL\dut151.s2p
C:\ffzhzh\SyncFiles\Temp\HFSS_sim\LHS400_Connection2,train,RDL,152,skipped,C:\ffzhzh\SyncFiles\Temp\HFSS_sim\LHS400_Connection2\train\RDL\dut152.s2p
C:\ffzhzh\SyncFiles\Temp\HFSS_sim\LHS400_Connection2,train,RDL,153,skipped,C:\ffzhzh\SyncFiles\Temp\HFSS_sim\LHS400_Connection2\train\RDL\dut153.s2p
C:\ffzhzh\SyncFiles\Temp\HFSS_sim\LHS400_Connection2,train,RDL,154,skipped,C:\ffzhzh\SyncFiles\Temp\HFSS_sim\LHS400_Connection2\train\RDL\dut154.s2p
C:\ffzhzh\SyncFiles\Temp\HFSS_sim\LHS400_Connection2,train,RDL,155,skipped,C:\ffzhzh\SyncFiles\Temp\HFSS_sim\LHS400_Connection2\train\RDL\dut155.s2p
C:\ffzhzh\SyncFiles\Temp\HFSS_sim\LHS400_Connection2,train,RDL,156,skipped,C:\ffzhzh\SyncFiles\Temp\HFSS_sim\LHS400_Connection2\train\RDL\dut156.s2p
C:\ffzhzh\SyncFiles\Temp\HFSS_sim\LHS400_Connection2,train,RDL,157,skipped,C:\ffzhzh\SyncFiles\Temp\HFSS_sim\LHS400_Connection2\train\RDL\dut157.s2p
C:\ffzhzh\SyncFiles\Temp\HFSS_sim\LHS400_Connection2,train,RDL,158,skipped,C:\ffzhzh\SyncFiles\Temp\HFSS_sim\LHS400_Connection2\train\RDL\dut158.s2p
C:\ffzhzh\SyncFiles\Temp\HFSS_sim\LHS400_Connection2,train,RDL,159,skipped,C:\ffzhzh\SyncFiles\Temp\HFSS_sim\LHS400_Connection2\train\RDL\dut159.s2p
C:\ffzhzh\SyncFiles\Temp\HFSS_sim\LHS400_Connection2,train,RDL,160,skipped,C:\ffzhzh\SyncFiles\Temp\HFSS_sim\LHS400_Connection2\train\RDL\dut160.s2p
C:\ffzhzh\SyncFiles\Temp\HFSS_sim\LHS400_Connection2,train,RDL,161,skipped,C:\ffzhzh\SyncFiles\Temp\HFSS_sim\LHS400_Connection2\train\RDL\dut161.s2p
C:\ffzhzh\SyncFiles\Temp\HFSS_sim\LHS400_Connection2,train,RDL,162,skipped,C:\ffzhzh\SyncFiles\Temp\HFSS_sim\LHS400_Connection2\train\RDL\dut162.s2p
C:\ffzhzh\SyncFiles\Temp\HFSS_sim\LHS400_Connection2,train,RDL,163,skipped,C:\ffzhzh\SyncFiles\Temp\HFSS_sim\LHS400_Connection2\train\RDL\dut163.s2p
C:\ffzhzh\SyncFiles\Temp\HFSS_sim\LHS400_Connection2,train,RDL,164,skipped,C:\ffzhzh\SyncFiles\Temp\HFSS_sim\LHS400_Connection2\train\RDL\dut164.s2p
C:\ffzhzh\SyncFiles\Temp\HFSS_sim\LHS400_Connection2,train,RDL,165,skipped,C:\ffzhzh\SyncFiles\Temp\HFSS_sim\LHS400_Connection2\train\RDL\dut165.s2p
C:\ffzhzh\SyncFiles\Temp\HFSS_sim\LHS400_Connection2,train,RDL,166,skipped,C:\ffzhzh\SyncFiles\Temp\HFSS_sim\LHS400_Connection2\train\RDL\dut166.s2p
C:\ffzhzh\SyncFiles\Temp\HFSS_sim\LHS400_Connection2,train,RDL,167,skipped,C:\ffzhzh\SyncFiles\Temp\HFSS_sim\LHS400_Connection2\train\RDL\dut167.s2p
C:\ffzhzh\SyncFiles\Temp\HFSS_sim\LHS400_Connection2,train,RDL,168,skipped,C:\ffzhzh\SyncFiles\Temp\HFSS_sim\LHS400_Connection2\train\RDL\dut168.s2p
C:\ffzhzh\SyncFiles\Temp\HFSS_sim\LHS400_Connection2,train,RDL,169,skipped,C:\ffzhzh\SyncFiles\Temp\HFSS_sim\LHS400_Connection2\train\RDL\dut169.s2p
C:\ffzhzh\SyncFiles\Temp\HFSS_sim\LHS400_Connection2,train,RDL,170,skipped,C:\ffzhzh\SyncFiles\Temp\HFSS_sim\LHS400_Connection2\train\RDL\dut170.s2p
C:\ffzhzh\SyncFiles\Temp\HFSS_sim\LHS400_Connection2,train,RDL,171,skipped,C:\ffzhzh\SyncFiles\Temp\HFSS_sim\LHS400_Connection2\train\RDL\dut171.s2p
C:\ffzhzh\SyncFiles\Temp\HFSS_sim\LHS400_Connection2,train,RDL,172,skipped,C:\ffzhzh\SyncFiles\Temp\HFSS_sim\LHS400_Connection2\train\RDL\dut172.s2p
C:\ffzhzh\SyncFiles\Temp\HFSS_sim\LHS400_Connection2,train,RDL,173,skipped,C:\ffzhzh\SyncFiles\Temp\HFSS_sim\LHS400_Connection2\train\RDL\dut173.s2p
C:\ffzhzh\SyncFiles\Temp\HFSS_sim\LHS400_Connection2,train,RDL,174,skipped,C:\ffzhzh\SyncFiles\Temp\HFSS_sim\LHS400_Connection2\train\RDL\dut174.s2p
C:\ffzhzh\SyncFiles\Temp\HFSS_sim\LHS400_Connection2,train,RDL,175,skipped,C:\ffzhzh\SyncFiles\Temp\HFSS_sim\LHS400_Connection2\train\RDL\dut175.s2p
C:\ffzhzh\SyncFiles\Temp\HFSS_sim\LHS400_Connection2,train,RDL,176,skipped,C:\ffzhzh\SyncFiles\Temp\HFSS_sim\LHS400_Connection2\train\RDL\dut176.s2p
C:\ffzhzh\SyncFiles\Temp\HFSS_sim\LHS400_Connection2,train,RDL,177,skipped,C:\ffzhzh\SyncFiles\Temp\HFSS_sim\LHS400_Connection2\train\RDL\dut177.s2p
C:\ffzhzh\SyncFiles\Temp\HFSS_sim\LHS400_Connection2,train,RDL,178,skipped,C:\ffzhzh\SyncFiles\Temp\HFSS_sim\LHS400_Connection2\train\RDL\dut178.s2p
C:\ffzhzh\SyncFiles\Temp\HFSS_sim\LHS400_Connection2,train,RDL,179,skipped,C:\ffzhzh\SyncFiles\Temp\HFSS_sim\LHS400_Connection2\train\RDL\dut179.s2p
C:\ffzhzh\SyncFiles\Temp\HFSS_sim\LHS400_Connection2,train,RDL,180,skipped,C:\ffzhzh\SyncFiles\Temp\HFSS_sim\LHS400_Connection2\train\RDL\dut180.s2p
C:\ffzhzh\SyncFiles\Temp\HFSS_sim\LHS400_Connection2,train,RDL,181,skipped,C:\ffzhzh\SyncFiles\Temp\HFSS_sim\LHS400_Connection2\train\RDL\dut181.s2p
C:\ffzhzh\SyncFiles\Temp\HFSS_sim\LHS400_Connection2,train,RDL,182,skipped,C:\ffzhzh\SyncFiles\Temp\HFSS_sim\LHS400_Connection2\train\RDL\dut182.s2p
C:\ffzhzh\SyncFiles\Temp\HFSS_sim\LHS400_Connection2,train,RDL,183,skipped,C:\ffzhzh\SyncFiles\Temp\HFSS_sim\LHS400_Connection2\train\RDL\dut183.s2p
C:\ffzhzh\SyncFiles\Temp\HFSS_sim\LHS400_Connection2,train,RDL,184,skipped,C:\ffzhzh\SyncFiles\Temp\HFSS_sim\LHS400_Connection2\train\RDL\dut184.s2p
C:\ffzhzh\SyncFiles\Temp\HFSS_sim\LHS400_Connection2,train,RDL,185,skipped,C:\ffzhzh\SyncFiles\Temp\HFSS_sim\LHS400_Connection2\train\RDL\dut185.s2p
C:\ffzhzh\SyncFiles\Temp\HFSS_sim\LHS400_Connection2,train,RDL,186,skipped,C:\ffzhzh\SyncFiles\Temp\HFSS_sim\LHS400_Connection2\train\RDL\dut186.s2p
C:\ffzhzh\SyncFiles\Temp\HFSS_sim\LHS400_Connection2,train,RDL,187,skipped,C:\ffzhzh\SyncFiles\Temp\HFSS_sim\LHS400_Connection2\train\RDL\dut187.s2p
C:\ffzhzh\SyncFiles\Temp\HFSS_sim\LHS400_Connection2,train,RDL,188,skipped,C:\ffzhzh\SyncFiles\Temp\HFSS_sim\LHS400_Connection2\train\RDL\dut188.s2p
C:\ffzhzh\SyncFiles\Temp\HFSS_sim\LHS400_Connection2,train,RDL,189,skipped,C:\ffzhzh\SyncFiles\Temp\HFSS_sim\LHS400_Connection2\train\RDL\dut189.s2p
C:\ffzhzh\SyncFiles\Temp\HFSS_sim\LHS400_Connection2,train,RDL,190,skipped,C:\ffzhzh\SyncFiles\Temp\HFSS_sim\LHS400_Connection2\train\RDL\dut190.s2p
C:\ffzhzh\SyncFiles\Temp\HFSS_sim\LHS400_Connection2,train,RDL,191,skipped,C:\ffzhzh\SyncFiles\Temp\HFSS_sim\LHS400_Connection2\train\RDL\dut191.s2p
C:\ffzhzh\SyncFiles\Temp\HFSS_sim\LHS400_Connection2,train,RDL,192,skipped,C:\ffzhzh\SyncFiles\Temp\HFSS_sim\LHS400_Connection2\train\RDL\dut192.s2p
C:\ffzhzh\SyncFiles\Temp\HFSS_sim\LHS400_Connection2,train,RDL,193,skipped,C:\ffzhzh\SyncFiles\Temp\HFSS_sim\LHS400_Connection2\train\RDL\dut193.s2p
C:\ffzhzh\SyncFiles\Temp\HFSS_sim\LHS400_Connection2,train,RDL,194,skipped,C:\ffzhzh\SyncFiles\Temp\HFSS_sim\LHS400_Connection2\train\RDL\dut194.s2p
C:\ffzhzh\SyncFiles\Temp\HFSS_sim\LHS400_Connection2,train,RDL,195,skipped,C:\ffzhzh\SyncFiles\Temp\HFSS_sim\LHS400_Connection2\train\RDL\dut195.s2p
C:\ffzhzh\SyncFiles\Temp\HFSS_sim\LHS400_Connection2,train,RDL,196,skipped,C:\ffzhzh\SyncFiles\Temp\HFSS_sim\LHS400_Connection2\train\RDL\dut196.s2p
C:\ffzhzh\SyncFiles\Temp\HFSS_sim\LHS400_Connection2,train,RDL,197,skipped,C:\ffzhzh\SyncFiles\Temp\HFSS_sim\LHS400_Connection2\train\RDL\dut197.s2p
C:\ffzhzh\SyncFiles\Temp\HFSS_sim\LHS400_Connection2,train,RDL,198,skipped,C:\ffzhzh\SyncFiles\Temp\HFSS_sim\LHS400_Connection2\train\RDL\dut198.s2p
C:\ffzhzh\SyncFiles\Temp\HFSS_sim\LHS400_Connection2,train,RDL,199,skipped,C:\ffzhzh\SyncFiles\Temp\HFSS_sim\LHS400_Connection2\train\RDL\dut199.s2p
C:\ffzhzh\SyncFiles\Temp\HFSS_sim\LHS400_Connection2,train,RDL,200,skipped,C:\ffzhzh\SyncFiles\Temp\HFSS_sim\LHS400_Connection2\train\RDL\dut200.s2p
C:\ffzhzh\SyncFiles\Temp\HFSS_sim\LHS400_Connection2,train,RDL,201,skipped,C:\ffzhzh\SyncFiles\Temp\HFSS_sim\LHS400_Connection2\train\RDL\dut201.s2p
C:\ffzhzh\SyncFiles\Temp\HFSS_sim\LHS400_Connection2,train,RDL,202,skipped,C:\ffzhzh\SyncFiles\Temp\HFSS_sim\LHS400_Connection2\train\RDL\dut202.s2p
C:\ffzhzh\SyncFiles\Temp\HFSS_sim\LHS400_Connection2,train,RDL,203,skipped,C:\ffzhzh\SyncFiles\Temp\HFSS_sim\LHS400_Connection2\train\RDL\dut203.s2p
C:\ffzhzh\SyncFiles\Temp\HFSS_sim\LHS400_Connection2,train,RDL,204,skipped,C:\ffzhzh\SyncFiles\Temp\HFSS_sim\LHS400_Connection2\train\RDL\dut204.s2p
C:\ffzhzh\SyncFiles\Temp\HFSS_sim\LHS400_Connection2,train,RDL,205,skipped,C:\ffzhzh\SyncFiles\Temp\HFSS_sim\LHS400_Connection2\train\RDL\dut205.s2p
C:\ffzhzh\SyncFiles\Temp\HFSS_sim\LHS400_Connection2,train,RDL,206,skipped,C:\ffzhzh\SyncFiles\Temp\HFSS_sim\LHS400_Connection2\train\RDL\dut206.s2p
C:\ffzhzh\SyncFiles\Temp\HFSS_sim\LHS400_Connection2,train,RDL,207,skipped,C:\ffzhzh\SyncFiles\Temp\HFSS_sim\LHS400_Connection2\train\RDL\dut207.s2p
C:\ffzhzh\SyncFiles\Temp\HFSS_sim\LHS400_Connection2,train,RDL,208,skipped,C:\ffzhzh\SyncFiles\Temp\HFSS_sim\LHS400_Connection2\train\RDL\dut208.s2p
C:\ffzhzh\SyncFiles\Temp\HFSS_sim\LHS400_Connection2,train,RDL,209,skipped,C:\ffzhzh\SyncFiles\Temp\HFSS_sim\LHS400_Connection2\train\RDL\dut209.s2p
C:\ffzhzh\SyncFiles\Temp\HFSS_sim\LHS400_Connection2,train,RDL,210,skipped,C:\ffzhzh\SyncFiles\Temp\HFSS_sim\LHS400_Connection2\train\RDL\dut210.s2p
C:\ffzhzh\SyncFiles\Temp\HFSS_sim\LHS400_Connection2,train,RDL,211,skipped,C:\ffzhzh\SyncFiles\Temp\HFSS_sim\LHS400_Connection2\train\RDL\dut211.s2p
C:\ffzhzh\SyncFiles\Temp\HFSS_sim\LHS400_Connection2,train,RDL,212,skipped,C:\ffzhzh\SyncFiles\Temp\HFSS_sim\LHS400_Connection2\train\RDL\dut212.s2p
C:\ffzhzh\SyncFiles\Temp\HFSS_sim\LHS400_Connection2,train,RDL,213,skipped,C:\ffzhzh\SyncFiles\Temp\HFSS_sim\LHS400_Connection2\train\RDL\dut213.s2p
C:\ffzhzh\SyncFiles\Temp\HFSS_sim\LHS400_Connection2,train,RDL,214,skipped,C:\ffzhzh\SyncFiles\Temp\HFSS_sim\LHS400_Connection2\train\RDL\dut214.s2p
C:\ffzhzh\SyncFiles\Temp\HFSS_sim\LHS400_Connection2,train,RDL,215,skipped,C:\ffzhzh\SyncFiles\Temp\HFSS_sim\LHS400_Connection2\train\RDL\dut215.s2p
C:\ffzhzh\SyncFiles\Temp\HFSS_sim\LHS400_Connection2,train,RDL,216,skipped,C:\ffzhzh\SyncFiles\Temp\HFSS_sim\LHS400_Connection2\train\RDL\dut216.s2p
C:\ffzhzh\SyncFiles\Temp\HFSS_sim\LHS400_Connection2,train,RDL,217,skipped,C:\ffzhzh\SyncFiles\Temp\HFSS_sim\LHS400_Connection2\train\RDL\dut217.s2p
C:\ffzhzh\SyncFiles\Temp\HFSS_sim\LHS400_Connection2,train,RDL,218,skipped,C:\ffzhzh\SyncFiles\Temp\HFSS_sim\LHS400_Connection2\train\RDL\dut218.s2p
C:\ffzhzh\SyncFiles\Temp\HFSS_sim\LHS400_Connection2,train,RDL,219,skipped,C:\ffzhzh\SyncFiles\Temp\HFSS_sim\LHS400_Connection2\train\RDL\dut219.s2p
C:\ffzhzh\SyncFiles\Temp\HFSS_sim\LHS400_Connection2,train,RDL,220,skipped,C:\ffzhzh\SyncFiles\Temp\HFSS_sim\LHS400_Connection2\train\RDL\dut220.s2p
C:\ffzhzh\SyncFiles\Temp\HFSS_sim\LHS400_Connection2,train,RDL,221,skipped,C:\ffzhzh\SyncFiles\Temp\HFSS_sim\LHS400_Connection2\train\RDL\dut221.s2p
C:\ffzhzh\SyncFiles\Temp\HFSS_sim\LHS400_Connection2,train,RDL,222,skipped,C:\ffzhzh\SyncFiles\Temp\HFSS_sim\LHS400_Connection2\train\RDL\dut222.s2p
C:\ffzhzh\SyncFiles\Temp\HFSS_sim\LHS400_Connection2,train,RDL,223,skipped,C:\ffzhzh\SyncFiles\Temp\HFSS_sim\LHS400_Connection2\train\RDL\dut223.s2p
C:\ffzhzh\SyncFiles\Temp\HFSS_sim\LHS400_Connection2,train,RDL,224,skipped,C:\ffzhzh\SyncFiles\Temp\HFSS_sim\LHS400_Connection2\train\RDL\dut224.s2p
C:\ffzhzh\SyncFiles\Temp\HFSS_sim\LHS400_Connection2,train,RDL,225,skipped,C:\ffzhzh\SyncFiles\Temp\HFSS_sim\LHS400_Connection2\train\RDL\dut225.s2p
C:\ffzhzh\SyncFiles\Temp\HFSS_sim\LHS400_Connection2,train,RDL,226,skipped,C:\ffzhzh\SyncFiles\Temp\HFSS_sim\LHS400_Connection2\train\RDL\dut226.s2p
C:\ffzhzh\SyncFiles\Temp\HFSS_sim\LHS400_Connection2,train,RDL,227,skipped,C:\ffzhzh\SyncFiles\Temp\HFSS_sim\LHS400_Connection2\train\RDL\dut227.s2p
C:\ffzhzh\SyncFiles\Temp\HFSS_sim\LHS400_Connection2,train,RDL,228,skipped,C:\ffzhzh\SyncFiles\Temp\HFSS_sim\LHS400_Connection2\train\RDL\dut228.s2p
C:\ffzhzh\SyncFiles\Temp\HFSS_sim\LHS400_Connection2,train,RDL,229,skipped,C:\ffzhzh\SyncFiles\Temp\HFSS_sim\LHS400_Connection2\train\RDL\dut229.s2p
C:\ffzhzh\SyncFiles\Temp\HFSS_sim\LHS400_Connection2,train,RDL,230,skipped,C:\ffzhzh\SyncFiles\Temp\HFSS_sim\LHS400_Connection2\train\RDL\dut230.s2p
C:\ffzhzh\SyncFiles\Temp\HFSS_sim\LHS400_Connection2,train,RDL,231,skipped,C:\ffzhzh\SyncFiles\Temp\HFSS_sim\LHS400_Connection2\train\RDL\dut231.s2p
C:\ffzhzh\SyncFiles\Temp\HFSS_sim\LHS400_Connection2,train,RDL,232,skipped,C:\ffzhzh\SyncFiles\Temp\HFSS_sim\LHS400_Connection2\train\RDL\dut232.s2p
C:\ffzhzh\SyncFiles\Temp\HFSS_sim\LHS400_Connection2,train,RDL,233,skipped,C:\ffzhzh\SyncFiles\Temp\HFSS_sim\LHS400_Connection2\train\RDL\dut233.s2p
C:\ffzhzh\SyncFiles\Temp\HFSS_sim\LHS400_Connection2,train,RDL,234,skipped,C:\ffzhzh\SyncFiles\Temp\HFSS_sim\LHS400_Connection2\train\RDL\dut234.s2p
C:\ffzhzh\SyncFiles\Temp\HFSS_sim\LHS400_Connection2,train,RDL,235,skipped,C:\ffzhzh\SyncFiles\Temp\HFSS_sim\LHS400_Connection2\train\RDL\dut235.s2p
C:\ffzhzh\SyncFiles\Temp\HFSS_sim\LHS400_Connection2,train,RDL,236,skipped,C:\ffzhzh\SyncFiles\Temp\HFSS_sim\LHS400_Connection2\train\RDL\dut236.s2p
C:\ffzhzh\SyncFiles\Temp\HFSS_sim\LHS400_Connection2,train,RDL,237,skipped,C:\ffzhzh\SyncFiles\Temp\HFSS_sim\LHS400_Connection2\train\RDL\dut237.s2p
C:\ffzhzh\SyncFiles\Temp\HFSS_sim\LHS400_Connection2,train,RDL,238,skipped,C:\ffzhzh\SyncFiles\Temp\HFSS_sim\LHS400_Connection2\train\RDL\dut238.s2p
C:\ffzhzh\SyncFiles\Temp\HFSS_sim\LHS400_Connection2,train,RDL,239,skipped,C:\ffzhzh\SyncFiles\Temp\HFSS_sim\LHS400_Connection2\train\RDL\dut239.s2p
C:\ffzhzh\SyncFiles\Temp\HFSS_sim\LHS400_Connection2,train,RDL,240,skipped,C:\ffzhzh\SyncFiles\Temp\HFSS_sim\LHS400_Connection2\train\RDL\dut240.s2p
C:\ffzhzh\SyncFiles\Temp\HFSS_sim\LHS400_Connection2,train,RDL,241,skipped,C:\ffzhzh\SyncFiles\Temp\HFSS_sim\LHS400_Connection2\train\RDL\dut241.s2p
C:\ffzhzh\SyncFiles\Temp\HFSS_sim\LHS400_Connection2,train,RDL,242,skipped,C:\ffzhzh\SyncFiles\Temp\HFSS_sim\LHS400_Connection2\train\RDL\dut242.s2p
C:\ffzhzh\SyncFiles\Temp\HFSS_sim\LHS400_Connection2,train,RDL,243,skipped,C:\ffzhzh\SyncFiles\Temp\HFSS_sim\LHS400_Connection2\train\RDL\dut243.s2p
C:\ffzhzh\SyncFiles\Temp\HFSS_sim\LHS400_Connection2,train,RDL,244,skipped,C:\ffzhzh\SyncFiles\Temp\HFSS_sim\LHS400_Connection2\train\RDL\dut244.s2p
C:\ffzhzh\SyncFiles\Temp\HFSS_sim\LHS400_Connection2,train,RDL,245,skipped,C:\ffzhzh\SyncFiles\Temp\HFSS_sim\LHS400_Connection2\train\RDL\dut245.s2p
C:\ffzhzh\SyncFiles\Temp\HFSS_sim\LHS400_Connection2,train,RDL,246,skipped,C:\ffzhzh\SyncFiles\Temp\HFSS_sim\LHS400_Connection2\train\RDL\dut246.s2p
C:\ffzhzh\SyncFiles\Temp\HFSS_sim\LHS400_Connection2,train,RDL,247,skipped,C:\ffzhzh\SyncFiles\Temp\HFSS_sim\LHS400_Connection2\train\RDL\dut247.s2p
C:\ffzhzh\SyncFiles\Temp\HFSS_sim\LHS400_Connection2,train,RDL,248,skipped,C:\ffzhzh\SyncFiles\Temp\HFSS_sim\LHS400_Connection2\train\RDL\dut248.s2p
C:\ffzhzh\SyncFiles\Temp\HFSS_sim\LHS400_Connection2,train,RDL,249,skipped,C:\ffzhzh\SyncFiles\Temp\HFSS_sim\LHS400_Connection2\train\RDL\dut249.s2p
C:\ffzhzh\SyncFiles\Temp\HFSS_sim\LHS400_Connection2,train,RDL,250,skipped,C:\ffzhzh\SyncFiles\Temp\HFSS_sim\LHS400_Connection2\train\RDL\dut250.s2p
C:\ffzhzh\SyncFiles\Temp\HFSS_sim\LHS400_Connection2,train,RDL,251,skipped,C:\ffzhzh\SyncFiles\Temp\HFSS_sim\LHS400_Connection2\train\RDL\dut251.s2p
C:\ffzhzh\SyncFiles\Temp\HFSS_sim\LHS400_Connection2,train,RDL,252,skipped,C:\ffzhzh\SyncFiles\Temp\HFSS_sim\LHS400_Connection2\train\RDL\dut252.s2p
C:\ffzhzh\SyncFiles\Temp\HFSS_sim\LHS400_Connection2,train,RDL,253,skipped,C:\ffzhzh\SyncFiles\Temp\HFSS_sim\LHS400_Connection2\train\RDL\dut253.s2p
C:\ffzhzh\SyncFiles\Temp\HFSS_sim\LHS400_Connection2,train,RDL,254,skipped,C:\ffzhzh\SyncFiles\Temp\HFSS_sim\LHS400_Connection2\train\RDL\dut254.s2p
C:\ffzhzh\SyncFiles\Temp\HFSS_sim\LHS400_Connection2,train,RDL,255,skipped,C:\ffzhzh\SyncFiles\Temp\HFSS_sim\LHS400_Connection2\train\RDL\dut255.s2p
C:\ffzhzh\SyncFiles\Temp\HFSS_sim\LHS400_Connection2,train,RDL,256,skipped,C:\ffzhzh\SyncFiles\Temp\HFSS_sim\LHS400_Connection2\train\RDL\dut256.s2p
C:\ffzhzh\SyncFiles\Temp\HFSS_sim\LHS400_Connection2,train,RDL,257,skipped,C:\ffzhzh\SyncFiles\Temp\HFSS_sim\LHS400_Connection2\train\RDL\dut257.s2p
C:\ffzhzh\SyncFiles\Temp\HFSS_sim\LHS400_Connection2,train,RDL,258,skipped,C:\ffzhzh\SyncFiles\Temp\HFSS_sim\LHS400_Connection2\train\RDL\dut258.s2p
C:\ffzhzh\SyncFiles\Temp\HFSS_sim\LHS400_Connection2,train,RDL,259,skipped,C:\ffzhzh\SyncFiles\Temp\HFSS_sim\LHS400_Connection2\train\RDL\dut259.s2p
C:\ffzhzh\SyncFiles\Temp\HFSS_sim\LHS400_Connection2,train,RDL,260,skipped,C:\ffzhzh\SyncFiles\Temp\HFSS_sim\LHS400_Connection2\train\RDL\dut260.s2p
C:\ffzhzh\SyncFiles\Temp\HFSS_sim\LHS400_Connection2,train,RDL,261,skipped,C:\ffzhzh\SyncFiles\Temp\HFSS_sim\LHS400_Connection2\train\RDL\dut261.s2p
C:\ffzhzh\SyncFiles\Temp\HFSS_sim\LHS400_Connection2,train,RDL,262,skipped,C:\ffzhzh\SyncFiles\Temp\HFSS_sim\LHS400_Connection2\train\RDL\dut262.s2p
C:\ffzhzh\SyncFiles\Temp\HFSS_sim\LHS400_Connection2,train,RDL,263,skipped,C:\ffzhzh\SyncFiles\Temp\HFSS_sim\LHS400_Connection2\train\RDL\dut263.s2p
C:\ffzhzh\SyncFiles\Temp\HFSS_sim\LHS400_Connection2,train,RDL,264,skipped,C:\ffzhzh\SyncFiles\Temp\HFSS_sim\LHS400_Connection2\train\RDL\dut264.s2p
C:\ffzhzh\SyncFiles\Temp\HFSS_sim\LHS400_Connection2,train,RDL,265,skipped,C:\ffzhzh\SyncFiles\Temp\HFSS_sim\LHS400_Connection2\train\RDL\dut265.s2p
C:\ffzhzh\SyncFiles\Temp\HFSS_sim\LHS400_Connection2,train,RDL,266,skipped,C:\ffzhzh\SyncFiles\Temp\HFSS_sim\LHS400_Connection2\train\RDL\dut266.s2p
C:\ffzhzh\SyncFiles\Temp\HFSS_sim\LHS400_Connection2,train,RDL,267,skipped,C:\ffzhzh\SyncFiles\Temp\HFSS_sim\LHS400_Connection2\train\RDL\dut267.s2p
C:\ffzhzh\SyncFiles\Temp\HFSS_sim\LHS400_Connection2,train,RDL,268,skipped,C:\ffzhzh\SyncFiles\Temp\HFSS_sim\LHS400_Connection2\train\RDL\dut268.s2p
C:\ffzhzh\SyncFiles\Temp\HFSS_sim\LHS400_Connection2,train,RDL,269,skipped,C:\ffzhzh\SyncFiles\Temp\HFSS_sim\LHS400_Connection2\train\RDL\dut269.s2p
C:\ffzhzh\SyncFiles\Temp\HFSS_sim\LHS400_Connection2,train,RDL,270,skipped,C:\ffzhzh\SyncFiles\Temp\HFSS_sim\LHS400_Connection2\train\RDL\dut270.s2p
C:\ffzhzh\SyncFiles\Temp\HFSS_sim\LHS400_Connection2,train,RDL,271,skipped,C:\ffzhzh\SyncFiles\Temp\HFSS_sim\LHS400_Connection2\train\RDL\dut271.s2p
C:\ffzhzh\SyncFiles\Temp\HFSS_sim\LHS400_Connection2,train,RDL,272,skipped,C:\ffzhzh\SyncFiles\Temp\HFSS_sim\LHS400_Connection2\train\RDL\dut272.s2p
C:\ffzhzh\SyncFiles\Temp\HFSS_sim\LHS400_Connection2,train,RDL,273,skipped,C:\ffzhzh\SyncFiles\Temp\HFSS_sim\LHS400_Connection2\train\RDL\dut273.s2p
C:\ffzhzh\SyncFiles\Temp\HFSS_sim\LHS400_Connection2,train,RDL,274,skipped,C:\ffzhzh\SyncFiles\Temp\HFSS_sim\LHS400_Connection2\train\RDL\dut274.s2p
C:\ffzhzh\SyncFiles\Temp\HFSS_sim\LHS400_Connection2,train,RDL,275,skipped,C:\ffzhzh\SyncFiles\Temp\HFSS_sim\LHS400_Connection2\train\RDL\dut275.s2p
C:\ffzhzh\SyncFiles\Temp\HFSS_sim\LHS400_Connection2,train,RDL,276,skipped,C:\ffzhzh\SyncFiles\Temp\HFSS_sim\LHS400_Connection2\train\RDL\dut276.s2p
C:\ffzhzh\SyncFiles\Temp\HFSS_sim\LHS400_Connection2,train,RDL,277,skipped,C:\ffzhzh\SyncFiles\Temp\HFSS_sim\LHS400_Connection2\train\RDL\dut277.s2p
C:\ffzhzh\SyncFiles\Temp\HFSS_sim\LHS400_Connection2,train,RDL,278,skipped,C:\ffzhzh\SyncFiles\Temp\HFSS_sim\LHS400_Connection2\train\RDL\dut278.s2p
C:\ffzhzh\SyncFiles\Temp\HFSS_sim\LHS400_Connection2,train,RDL,279,skipped,C:\ffzhzh\SyncFiles\Temp\HFSS_sim\LHS400_Connection2\train\RDL\dut279.s2p
C:\ffzhzh\SyncFiles\Temp\HFSS_sim\LHS400_Connection2,train,RDL,280,skipped,C:\ffzhzh\SyncFiles\Temp\HFSS_sim\LHS400_Connection2\train\RDL\dut280.s2p
C:\ffzhzh\SyncFiles\Temp\HFSS_sim\LHS400_Connection2,train,RDL,281,skipped,C:\ffzhzh\SyncFiles\Temp\HFSS_sim\LHS400_Connection2\train\RDL\dut281.s2p
C:\ffzhzh\SyncFiles\Temp\HFSS_sim\LHS400_Connection2,train,RDL,282,skipped,C:\ffzhzh\SyncFiles\Temp\HFSS_sim\LHS400_Connection2\train\RDL\dut282.s2p
C:\ffzhzh\SyncFiles\Temp\HFSS_sim\LHS400_Connection2,train,RDL,283,skipped,C:\ffzhzh\SyncFiles\Temp\HFSS_sim\LHS400_Connection2\train\RDL\dut283.s2p
C:\ffzhzh\SyncFiles\Temp\HFSS_sim\LHS400_Connection2,train,RDL,284,skipped,C:\ffzhzh\SyncFiles\Temp\HFSS_sim\LHS400_Connection2\train\RDL\dut284.s2p
C:\ffzhzh\SyncFiles\Temp\HFSS_sim\LHS400_Connection2,train,RDL,285,skipped,C:\ffzhzh\SyncFiles\Temp\HFSS_sim\LHS400_Connection2\train\RDL\dut285.s2p
C:\ffzhzh\SyncFiles\Temp\HFSS_sim\LHS400_Connection2,train,RDL,286,skipped,C:\ffzhzh\SyncFiles\Temp\HFSS_sim\LHS400_Connection2\train\RDL\dut286.s2p
C:\ffzhzh\SyncFiles\Temp\HFSS_sim\LHS400_Connection2,train,RDL,287,skipped,C:\ffzhzh\SyncFiles\Temp\HFSS_sim\LHS400_Connection2\train\RDL\dut287.s2p
C:\ffzhzh\SyncFiles\Temp\HFSS_sim\LHS400_Connection2,train,RDL,288,skipped,C:\ffzhzh\SyncFiles\Temp\HFSS_sim\LHS400_Connection2\train\RDL\dut288.s2p
C:\ffzhzh\SyncFiles\Temp\HFSS_sim\LHS400_Connection2,train,RDL,289,skipped,C:\ffzhzh\SyncFiles\Temp\HFSS_sim\LHS400_Connection2\train\RDL\dut289.s2p
C:\ffzhzh\SyncFiles\Temp\HFSS_sim\LHS400_Connection2,train,RDL,290,skipped,C:\ffzhzh\SyncFiles\Temp\HFSS_sim\LHS400_Connection2\train\RDL\dut290.s2p
C:\ffzhzh\SyncFiles\Temp\HFSS_sim\LHS400_Connection2,train,RDL,291,skipped,C:\ffzhzh\SyncFiles\Temp\HFSS_sim\LHS400_Connection2\train\RDL\dut291.s2p
C:\ffzhzh\SyncFiles\Temp\HFSS_sim\LHS400_Connection2,train,RDL,292,skipped,C:\ffzhzh\SyncFiles\Temp\HFSS_sim\LHS400_Connection2\train\RDL\dut292.s2p
C:\ffzhzh\SyncFiles\Temp\HFSS_sim\LHS400_Connection2,train,RDL,293,skipped,C:\ffzhzh\SyncFiles\Temp\HFSS_sim\LHS400_Connection2\train\RDL\dut293.s2p
C:\ffzhzh\SyncFiles\Temp\HFSS_sim\LHS400_Connection2,train,RDL,294,skipped,C:\ffzhzh\SyncFiles\Temp\HFSS_sim\LHS400_Connection2\train\RDL\dut294.s2p
C:\ffzhzh\SyncFiles\Temp\HFSS_sim\LHS400_Connection2,train,RDL,295,skipped,C:\ffzhzh\SyncFiles\Temp\HFSS_sim\LHS400_Connection2\train\RDL\dut295.s2p
C:\ffzhzh\SyncFiles\Temp\HFSS_sim\LHS400_Connection2,train,RDL,296,skipped,C:\ffzhzh\SyncFiles\Temp\HFSS_sim\LHS400_Connection2\train\RDL\dut296.s2p
C:\ffzhzh\SyncFiles\Temp\HFSS_sim\LHS400_Connection2,train,RDL,297,skipped,C:\ffzhzh\SyncFiles\Temp\HFSS_sim\LHS400_Connection2\train\RDL\dut297.s2p
C:\ffzhzh\SyncFiles\Temp\HFSS_sim\LHS400_Connection2,train,RDL,298,skipped,C:\ffzhzh\SyncFiles\Temp\HFSS_sim\LHS400_Connection2\train\RDL\dut298.s2p
C:\ffzhzh\SyncFiles\Temp\HFSS_sim\LHS400_Connection2,train,RDL,299,skipped,C:\ffzhzh\SyncFiles\Temp\HFSS_sim\LHS400_Connection2\train\RDL\dut299.s2p
C:\ffzhzh\SyncFiles\Temp\HFSS_sim\LHS400_Connection2,train,RDL,300,skipped,C:\ffzhzh\SyncFiles\Temp\HFSS_sim\LHS400_Connection2\train\RDL\dut300.s2p
C:\ffzhzh\SyncFiles\Temp\HFSS_sim\LHS400_Connection2,train,RDL,301,skipped,C:\ffzhzh\SyncFiles\Temp\HFSS_sim\LHS400_Connection2\train\RDL\dut301.s2p
C:\ffzhzh\SyncFiles\Temp\HFSS_sim\LHS400_Connection2,train,RDL,302,skipped,C:\ffzhzh\SyncFiles\Temp\HFSS_sim\LHS400_Connection2\train\RDL\dut302.s2p
C:\ffzhzh\SyncFiles\Temp\HFSS_sim\LHS400_Connection2,train,RDL,303,skipped,C:\ffzhzh\SyncFiles\Temp\HFSS_sim\LHS400_Connection2\train\RDL\dut303.s2p
C:\ffzhzh\SyncFiles\Temp\HFSS_sim\LHS400_Connection2,train,RDL,304,skipped,C:\ffzhzh\SyncFiles\Temp\HFSS_sim\LHS400_Connection2\train\RDL\dut304.s2p
C:\ffzhzh\SyncFiles\Temp\HFSS_sim\LHS400_Connection2,train,RDL,305,skipped,C:\ffzhzh\SyncFiles\Temp\HFSS_sim\LHS400_Connection2\train\RDL\dut305.s2p
C:\ffzhzh\SyncFiles\Temp\HFSS_sim\LHS400_Connection2,train,RDL,306,skipped,C:\ffzhzh\SyncFiles\Temp\HFSS_sim\LHS400_Connection2\train\RDL\dut306.s2p
C:\ffzhzh\SyncFiles\Temp\HFSS_sim\LHS400_Connection2,train,RDL,307,skipped,C:\ffzhzh\SyncFiles\Temp\HFSS_sim\LHS400_Connection2\train\RDL\dut307.s2p
C:\ffzhzh\SyncFiles\Temp\HFSS_sim\LHS400_Connection2,train,RDL,308,skipped,C:\ffzhzh\SyncFiles\Temp\HFSS_sim\LHS400_Connection2\train\RDL\dut308.s2p
C:\ffzhzh\SyncFiles\Temp\HFSS_sim\LHS400_Connection2,train,RDL,309,skipped,C:\ffzhzh\SyncFiles\Temp\HFSS_sim\LHS400_Connection2\train\RDL\dut309.s2p
C:\ffzhzh\SyncFiles\Temp\HFSS_sim\LHS400_Connection2,train,RDL,310,skipped,C:\ffzhzh\SyncFiles\Temp\HFSS_sim\LHS400_Connection2\train\RDL\dut310.s2p
C:\ffzhzh\SyncFiles\Temp\HFSS_sim\LHS400_Connection2,train,RDL,311,skipped,C:\ffzhzh\SyncFiles\Temp\HFSS_sim\LHS400_Connection2\train\RDL\dut311.s2p
C:\ffzhzh\SyncFiles\Temp\HFSS_sim\LHS400_Connection2,train,RDL,312,skipped,C:\ffzhzh\SyncFiles\Temp\HFSS_sim\LHS400_Connection2\train\RDL\dut312.s2p
C:\ffzhzh\SyncFiles\Temp\HFSS_sim\LHS400_Connection2,train,RDL,313,skipped,C:\ffzhzh\SyncFiles\Temp\HFSS_sim\LHS400_Connection2\train\RDL\dut313.s2p
C:\ffzhzh\SyncFiles\Temp\HFSS_sim\LHS400_Connection2,train,RDL,314,skipped,C:\ffzhzh\SyncFiles\Temp\HFSS_sim\LHS400_Connection2\train\RDL\dut314.s2p
C:\ffzhzh\SyncFiles\Temp\HFSS_sim\LHS400_Connection2,train,RDL,315,skipped,C:\ffzhzh\SyncFiles\Temp\HFSS_sim\LHS400_Connection2\train\RDL\dut315.s2p
C:\ffzhzh\SyncFiles\Temp\HFSS_sim\LHS400_Connection2,train,RDL,316,skipped,C:\ffzhzh\SyncFiles\Temp\HFSS_sim\LHS400_Connection2\train\RDL\dut316.s2p
C:\ffzhzh\SyncFiles\Temp\HFSS_sim\LHS400_Connection2,train,RDL,317,skipped,C:\ffzhzh\SyncFiles\Temp\HFSS_sim\LHS400_Connection2\train\RDL\dut317.s2p
C:\ffzhzh\SyncFiles\Temp\HFSS_sim\LHS400_Connection2,train,RDL,318,skipped,C:\ffzhzh\SyncFiles\Temp\HFSS_sim\LHS400_Connection2\train\RDL\dut318.s2p
C:\ffzhzh\SyncFiles\Temp\HFSS_sim\LHS400_Connection2,train,RDL,319,skipped,C:\ffzhzh\SyncFiles\Temp\HFSS_sim\LHS400_Connection2\train\RDL\dut319.s2p
C:\ffzhzh\SyncFiles\Temp\HFSS_sim\LHS400_Connection2,train,RDL,320,skipped,C:\ffzhzh\SyncFiles\Temp\HFSS_sim\LHS400_Connection2\train\RDL\dut320.s2p
C:\ffzhzh\SyncFiles\Temp\HFSS_sim\LHS400_Connection2,train,RDL,321,skipped,C:\ffzhzh\SyncFiles\Temp\HFSS_sim\LHS400_Connection2\train\RDL\dut321.s2p
C:\ffzhzh\SyncFiles\Temp\HFSS_sim\LHS400_Connection2,train,RDL,322,skipped,C:\ffzhzh\SyncFiles\Temp\HFSS_sim\LHS400_Connection2\train\RDL\dut322.s2p
C:\ffzhzh\SyncFiles\Temp\HFSS_sim\LHS400_Connection2,train,RDL,323,skipped,C:\ffzhzh\SyncFiles\Temp\HFSS_sim\LHS400_Connection2\train\RDL\dut323.s2p
C:\ffzhzh\SyncFiles\Temp\HFSS_sim\LHS400_Connection2,train,RDL,324,skipped,C:\ffzhzh\SyncFiles\Temp\HFSS_sim\LHS400_Connection2\train\RDL\dut324.s2p
C:\ffzhzh\SyncFiles\Temp\HFSS_sim\LHS400_Connection2,train,RDL,325,skipped,C:\ffzhzh\SyncFiles\Temp\HFSS_sim\LHS400_Connection2\train\RDL\dut325.s2p
C:\ffzhzh\SyncFiles\Temp\HFSS_sim\LHS400_Connection2,train,RDL,326,skipped,C:\ffzhzh\SyncFiles\Temp\HFSS_sim\LHS400_Connection2\train\RDL\dut326.s2p
C:\ffzhzh\SyncFiles\Temp\HFSS_sim\LHS400_Connection2,train,RDL,327,skipped,C:\ffzhzh\SyncFiles\Temp\HFSS_sim\LHS400_Connection2\train\RDL\dut327.s2p
C:\ffzhzh\SyncFiles\Temp\HFSS_sim\LHS400_Connection2,train,RDL,328,skipped,C:\ffzhzh\SyncFiles\Temp\HFSS_sim\LHS400_Connection2\train\RDL\dut328.s2p
C:\ffzhzh\SyncFiles\Temp\HFSS_sim\LHS400_Connection2,train,RDL,329,skipped,C:\ffzhzh\SyncFiles\Temp\HFSS_sim\LHS400_Connection2\train\RDL\dut329.s2p
C:\ffzhzh\SyncFiles\Temp\HFSS_sim\LHS400_Connection2,train,RDL,330,skipped,C:\ffzhzh\SyncFiles\Temp\HFSS_sim\LHS400_Connection2\train\RDL\dut330.s2p
C:\ffzhzh\SyncFiles\Temp\HFSS_sim\LHS400_Connection2,train,RDL,331,skipped,C:\ffzhzh\SyncFiles\Temp\HFSS_sim\LHS400_Connection2\train\RDL\dut331.s2p
C:\ffzhzh\SyncFiles\Temp\HFSS_sim\LHS400_Connection2,train,RDL,332,skipped,C:\ffzhzh\SyncFiles\Temp\HFSS_sim\LHS400_Connection2\train\RDL\dut332.s2p
C:\ffzhzh\SyncFiles\Temp\HFSS_sim\LHS400_Connection2,train,RDL,333,skipped,C:\ffzhzh\SyncFiles\Temp\HFSS_sim\LHS400_Connection2\train\RDL\dut333.s2p
C:\ffzhzh\SyncFiles\Temp\HFSS_sim\LHS400_Connection2,train,RDL,334,skipped,C:\ffzhzh\SyncFiles\Temp\HFSS_sim\LHS400_Connection2\train\RDL\dut334.s2p
C:\ffzhzh\SyncFiles\Temp\HFSS_sim\LHS400_Connection2,train,RDL,335,skipped,C:\ffzhzh\SyncFiles\Temp\HFSS_sim\LHS400_Connection2\train\RDL\dut335.s2p
C:\ffzhzh\SyncFiles\Temp\HFSS_sim\LHS400_Connection2,train,RDL,336,skipped,C:\ffzhzh\SyncFiles\Temp\HFSS_sim\LHS400_Connection2\train\RDL\dut336.s2p
C:\ffzhzh\SyncFiles\Temp\HFSS_sim\LHS400_Connection2,train,RDL,337,skipped,C:\ffzhzh\SyncFiles\Temp\HFSS_sim\LHS400_Connection2\train\RDL\dut337.s2p
C:\ffzhzh\SyncFiles\Temp\HFSS_sim\LHS400_Connection2,train,RDL,338,skipped,C:\ffzhzh\SyncFiles\Temp\HFSS_sim\LHS400_Connection2\train\RDL\dut338.s2p
C:\ffzhzh\SyncFiles\Temp\HFSS_sim\LHS400_Connection2,train,RDL,339,skipped,C:\ffzhzh\SyncFiles\Temp\HFSS_sim\LHS400_Connection2\train\RDL\dut339.s2p
C:\ffzhzh\SyncFiles\Temp\HFSS_sim\LHS400_Connection2,train,RDL,340,skipped,C:\ffzhzh\SyncFiles\Temp\HFSS_sim\LHS400_Connection2\train\RDL\dut340.s2p
C:\ffzhzh\SyncFiles\Temp\HFSS_sim\LHS400_Connection2,train,RDL,341,skipped,C:\ffzhzh\SyncFiles\Temp\HFSS_sim\LHS400_Connection2\train\RDL\dut341.s2p
C:\ffzhzh\SyncFiles\Temp\HFSS_sim\LHS400_Connection2,train,RDL,342,skipped,C:\ffzhzh\SyncFiles\Temp\HFSS_sim\LHS400_Connection2\train\RDL\dut342.s2p
C:\ffzhzh\SyncFiles\Temp\HFSS_sim\LHS400_Connection2,train,RDL,343,skipped,C:\ffzhzh\SyncFiles\Temp\HFSS_sim\LHS400_Connection2\train\RDL\dut343.s2p
C:\ffzhzh\SyncFiles\Temp\HFSS_sim\LHS400_Connection2,train,RDL,344,skipped,C:\ffzhzh\SyncFiles\Temp\HFSS_sim\LHS400_Connection2\train\RDL\dut344.s2p
C:\ffzhzh\SyncFiles\Temp\HFSS_sim\LHS400_Connection2,train,RDL,345,skipped,C:\ffzhzh\SyncFiles\Temp\HFSS_sim\LHS400_Connection2\train\RDL\dut345.s2p
C:\ffzhzh\SyncFiles\Temp\HFSS_sim\LHS400_Connection2,train,RDL,346,skipped,C:\ffzhzh\SyncFiles\Temp\HFSS_sim\LHS400_Connection2\train\RDL\dut346.s2p
C:\ffzhzh\SyncFiles\Temp\HFSS_sim\LHS400_Connection2,train,RDL,347,skipped,C:\ffzhzh\SyncFiles\Temp\HFSS_sim\LHS400_Connection2\train\RDL\dut347.s2p
C:\ffzhzh\SyncFiles\Temp\HFSS_sim\LHS400_Connection2,train,RDL,348,skipped,C:\ffzhzh\SyncFiles\Temp\HFSS_sim\LHS400_Connection2\train\RDL\dut348.s2p
C:\ffzhzh\SyncFiles\Temp\HFSS_sim\LHS400_Connection2,train,RDL,349,skipped,C:\ffzhzh\SyncFiles\Temp\HFSS_sim\LHS400_Connection2\train\RDL\dut349.s2p
C:\ffzhzh\SyncFiles\Temp\HFSS_sim\LHS400_Connection2,train,RDL,350,skipped,C:\ffzhzh\SyncFiles\Temp\HFSS_sim\LHS400_Connection2\train\RDL\dut350.s2p
C:\ffzhzh\SyncFiles\Temp\HFSS_sim\LHS400_Connection2,train,RDL,351,skipped,C:\ffzhzh\SyncFiles\Temp\HFSS_sim\LHS400_Connection2\train\RDL\dut351.s2p
C:\ffzhzh\SyncFiles\Temp\HFSS_sim\LHS400_Connection2,train,RDL,352,skipped,C:\ffzhzh\SyncFiles\Temp\HFSS_sim\LHS400_Connection2\train\RDL\dut352.s2p
C:\ffzhzh\SyncFiles\Temp\HFSS_sim\LHS400_Connection2,train,RDL,353,skipped,C:\ffzhzh\SyncFiles\Temp\HFSS_sim\LHS400_Connection2\train\RDL\dut353.s2p
C:\ffzhzh\SyncFiles\Temp\HFSS_sim\LHS400_Connection2,train,RDL,354,skipped,C:\ffzhzh\SyncFiles\Temp\HFSS_sim\LHS400_Connection2\train\RDL\dut354.s2p
C:\ffzhzh\SyncFiles\Temp\HFSS_sim\LHS400_Connection2,train,RDL,355,skipped,C:\ffzhzh\SyncFiles\Temp\HFSS_sim\LHS400_Connection2\train\RDL\dut355.s2p
C:\ffzhzh\SyncFiles\Temp\HFSS_sim\LHS400_Connection2,train,RDL,356,skipped,C:\ffzhzh\SyncFiles\Temp\HFSS_sim\LHS400_Connection2\train\RDL\dut356.s2p
C:\ffzhzh\SyncFiles\Temp\HFSS_sim\LHS400_Connection2,train,RDL,357,skipped,C:\ffzhzh\SyncFiles\Temp\HFSS_sim\LHS400_Connection2\train\RDL\dut357.s2p
C:\ffzhzh\SyncFiles\Temp\HFSS_sim\LHS400_Connection2,train,RDL,358,skipped,C:\ffzhzh\SyncFiles\Temp\HFSS_sim\LHS400_Connection2\train\RDL\dut358.s2p
C:\ffzhzh\SyncFiles\Temp\HFSS_sim\LHS400_Connection2,train,RDL,359,skipped,C:\ffzhzh\SyncFiles\Temp\HFSS_sim\LHS400_Connection2\train\RDL\dut359.s2p
C:\ffzhzh\SyncFiles\Temp\HFSS_sim\LHS400_Connection2,train,RDL,360,skipped,C:\ffzhzh\SyncFiles\Temp\HFSS_sim\LHS400_Connection2\train\RDL\dut360.s2p
C:\ffzhzh\SyncFiles\Temp\HFSS_sim\LHS400_Connection2,train,RDL,361,skipped,C:\ffzhzh\SyncFiles\Temp\HFSS_sim\LHS400_Connection2\train\RDL\dut361.s2p
C:\ffzhzh\SyncFiles\Temp\HFSS_sim\LHS400_Connection2,train,RDL,362,skipped,C:\ffzhzh\SyncFiles\Temp\HFSS_sim\LHS400_Connection2\train\RDL\dut362.s2p
C:\ffzhzh\SyncFiles\Temp\HFSS_sim\LHS400_Connection2,train,RDL,363,skipped,C:\ffzhzh\SyncFiles\Temp\HFSS_sim\LHS400_Connection2\train\RDL\dut363.s2p
C:\ffzhzh\SyncFiles\Temp\HFSS_sim\LHS400_Connection2,train,RDL,364,skipped,C:\ffzhzh\SyncFiles\Temp\HFSS_sim\LHS400_Connection2\train\RDL\dut364.s2p
C:\ffzhzh\SyncFiles\Temp\HFSS_sim\LHS400_Connection2,train,RDL,365,skipped,C:\ffzhzh\SyncFiles\Temp\HFSS_sim\LHS400_Connection2\train\RDL\dut365.s2p
C:\ffzhzh\SyncFiles\Temp\HFSS_sim\LHS400_Connection2,train,RDL,366,skipped,C:\ffzhzh\SyncFiles\Temp\HFSS_sim\LHS400_Connection2\train\RDL\dut366.s2p
C:\ffzhzh\SyncFiles\Temp\HFSS_sim\LHS400_Connection2,train,RDL,367,skipped,C:\ffzhzh\SyncFiles\Temp\HFSS_sim\LHS400_Connection2\train\RDL\dut367.s2p
C:\ffzhzh\SyncFiles\Temp\HFSS_sim\LHS400_Connection2,train,RDL,368,skipped,C:\ffzhzh\SyncFiles\Temp\HFSS_sim\LHS400_Connection2\train\RDL\dut368.s2p
C:\ffzhzh\SyncFiles\Temp\HFSS_sim\LHS400_Connection2,train,RDL,369,skipped,C:\ffzhzh\SyncFiles\Temp\HFSS_sim\LHS400_Connection2\train\RDL\dut369.s2p
C:\ffzhzh\SyncFiles\Temp\HFSS_sim\LHS400_Connection2,train,RDL,370,skipped,C:\ffzhzh\SyncFiles\Temp\HFSS_sim\LHS400_Connection2\train\RDL\dut370.s2p
C:\ffzhzh\SyncFiles\Temp\HFSS_sim\LHS400_Connection2,train,RDL,371,skipped,C:\ffzhzh\SyncFiles\Temp\HFSS_sim\LHS400_Connection2\train\RDL\dut371.s2p
C:\ffzhzh\SyncFiles\Temp\HFSS_sim\LHS400_Connection2,train,RDL,372,skipped,C:\ffzhzh\SyncFiles\Temp\HFSS_sim\LHS400_Connection2\train\RDL\dut372.s2p
C:\ffzhzh\SyncFiles\Temp\HFSS_sim\LHS400_Connection2,train,RDL,373,skipped,C:\ffzhzh\SyncFiles\Temp\HFSS_sim\LHS400_Connection2\train\RDL\dut373.s2p
C:\ffzhzh\SyncFiles\Temp\HFSS_sim\LHS400_Connection2,train,RDL,374,skipped,C:\ffzhzh\SyncFiles\Temp\HFSS_sim\LHS400_Connection2\train\RDL\dut374.s2p
C:\ffzhzh\SyncFiles\Temp\HFSS_sim\LHS400_Connection2,train,RDL,375,skipped,C:\ffzhzh\SyncFiles\Temp\HFSS_sim\LHS400_Connection2\train\RDL\dut375.s2p
C:\ffzhzh\SyncFiles\Temp\HFSS_sim\LHS400_Connection2,train,RDL,376,skipped,C:\ffzhzh\SyncFiles\Temp\HFSS_sim\LHS400_Connection2\train\RDL\dut376.s2p
C:\ffzhzh\SyncFiles\Temp\HFSS_sim\LHS400_Connection2,train,RDL,377,skipped,C:\ffzhzh\SyncFiles\Temp\HFSS_sim\LHS400_Connection2\train\RDL\dut377.s2p
C:\ffzhzh\SyncFiles\Temp\HFSS_sim\LHS400_Connection2,train,RDL,378,skipped,C:\ffzhzh\SyncFiles\Temp\HFSS_sim\LHS400_Connection2\train\RDL\dut378.s2p
C:\ffzhzh\SyncFiles\Temp\HFSS_sim\LHS400_Connection2,train,RDL,379,skipped,C:\ffzhzh\SyncFiles\Temp\HFSS_sim\LHS400_Connection2\train\RDL\dut379.s2p
C:\ffzhzh\SyncFiles\Temp\HFSS_sim\LHS400_Connection2,train,RDL,380,skipped,C:\ffzhzh\SyncFiles\Temp\HFSS_sim\LHS400_Connection2\train\RDL\dut380.s2p
C:\ffzhzh\SyncFiles\Temp\HFSS_sim\LHS400_Connection2,train,RDL,381,skipped,C:\ffzhzh\SyncFiles\Temp\HFSS_sim\LHS400_Connection2\train\RDL\dut381.s2p
C:\ffzhzh\SyncFiles\Temp\HFSS_sim\LHS400_Connection2,train,RDL,382,skipped,C:\ffzhzh\SyncFiles\Temp\HFSS_sim\LHS400_Connection2\train\RDL\dut382.s2p
C:\ffzhzh\SyncFiles\Temp\HFSS_sim\LHS400_Connection2,train,RDL,383,skipped,C:\ffzhzh\SyncFiles\Temp\HFSS_sim\LHS400_Connection2\train\RDL\dut383.s2p
C:\ffzhzh\SyncFiles\Temp\HFSS_sim\LHS400_Connection2,train,RDL,384,skipped,C:\ffzhzh\SyncFiles\Temp\HFSS_sim\LHS400_Connection2\train\RDL\dut384.s2p
C:\ffzhzh\SyncFiles\Temp\HFSS_sim\LHS400_Connection2,train,RDL,385,skipped,C:\ffzhzh\SyncFiles\Temp\HFSS_sim\LHS400_Connection2\train\RDL\dut385.s2p
C:\ffzhzh\SyncFiles\Temp\HFSS_sim\LHS400_Connection2,train,RDL,386,skipped,C:\ffzhzh\SyncFiles\Temp\HFSS_sim\LHS400_Connection2\train\RDL\dut386.s2p
C:\ffzhzh\SyncFiles\Temp\HFSS_sim\LHS400_Connection2,train,RDL,387,skipped,C:\ffzhzh\SyncFiles\Temp\HFSS_sim\LHS400_Connection2\train\RDL\dut387.s2p
C:\ffzhzh\SyncFiles\Temp\HFSS_sim\LHS400_Connection2,train,RDL,388,skipped,C:\ffzhzh\SyncFiles\Temp\HFSS_sim\LHS400_Connection2\train\RDL\dut388.s2p
C:\ffzhzh\SyncFiles\Temp\HFSS_sim\LHS400_Connection2,train,RDL,389,skipped,C:\ffzhzh\SyncFiles\Temp\HFSS_sim\LHS400_Connection2\train\RDL\dut389.s2p
C:\ffzhzh\SyncFiles\Temp\HFSS_sim\LHS400_Connection2,train,RDL,390,skipped,C:\ffzhzh\SyncFiles\Temp\HFSS_sim\LHS400_Connection2\train\RDL\dut390.s2p
C:\ffzhzh\SyncFiles\Temp\HFSS_sim\LHS400_Connection2,train,RDL,391,skipped,C:\ffzhzh\SyncFiles\Temp\HFSS_sim\LHS400_Connection2\train\RDL\dut391.s2p
C:\ffzhzh\SyncFiles\Temp\HFSS_sim\LHS400_Connection2,train,RDL,392,skipped,C:\ffzhzh\SyncFiles\Temp\HFSS_sim\LHS400_Connection2\train\RDL\dut392.s2p
C:\ffzhzh\SyncFiles\Temp\HFSS_sim\LHS400_Connection2,train,RDL,393,skipped,C:\ffzhzh\SyncFiles\Temp\HFSS_sim\LHS400_Connection2\train\RDL\dut393.s2p
C:\ffzhzh\SyncFiles\Temp\HFSS_sim\LHS400_Connection2,train,RDL,394,skipped,C:\ffzhzh\SyncFiles\Temp\HFSS_sim\LHS400_Connection2\train\RDL\dut394.s2p
C:\ffzhzh\SyncFiles\Temp\HFSS_sim\LHS400_Connection2,train,RDL,395,skipped,C:\ffzhzh\SyncFiles\Temp\HFSS_sim\LHS400_Connection2\train\RDL\dut395.s2p
C:\ffzhzh\SyncFiles\Temp\HFSS_sim\LHS400_Connection2,train,RDL,396,skipped,C:\ffzhzh\SyncFiles\Temp\HFSS_sim\LHS400_Connection2\train\RDL\dut396.s2p
C:\ffzhzh\SyncFiles\Temp\HFSS_sim\LHS400_Connection2,train,RDL,397,skipped,C:\ffzhzh\SyncFiles\Temp\HFSS_sim\LHS400_Connection2\train\RDL\dut397.s2p
C:\ffzhzh\SyncFiles\Temp\HFSS_sim\LHS400_Connection2,train,RDL,398,skipped,C:\ffzhzh\SyncFiles\Temp\HFSS_sim\LHS400_Connection2\train\RDL\dut398.s2p
C:\ffzhzh\SyncFiles\Temp\HFSS_sim\LHS400_Connection2,train,RDL,399,skipped,C:\ffzhzh\SyncFiles\Temp\HFSS_sim\LHS400_Connection2\train\RDL\dut399.s2p
C:\ffzhzh\SyncFiles\Temp\HFSS_sim\LHS400_Connection2,train,TSV,0,skipped,C:\ffzhzh\SyncFiles\Temp\HFSS_sim\LHS400_Connection2\train\TSV\dut0.s2p
C:\ffzhzh\SyncFiles\Temp\HFSS_sim\LHS400_Connection2,train,TSV,1,skipped,C:\ffzhzh\SyncFiles\Temp\HFSS_sim\LHS400_Connection2\train\TSV\dut1.s2p
C:\ffzhzh\SyncFiles\Temp\HFSS_sim\LHS400_Connection2,train,TSV,2,skipped,C:\ffzhzh\SyncFiles\Temp\HFSS_sim\LHS400_Connection2\train\TSV\dut2.s2p
C:\ffzhzh\SyncFiles\Temp\HFSS_sim\LHS400_Connection2,train,TSV,3,skipped,C:\ffzhzh\SyncFiles\Temp\HFSS_sim\LHS400_Connection2\train\TSV\dut3.s2p
C:\ffzhzh\SyncFiles\Temp\HFSS_sim\LHS400_Connection2,train,TSV,4,skipped,C:\ffzhzh\SyncFiles\Temp\HFSS_sim\LHS400_Connection2\train\TSV\dut4.s2p
C:\ffzhzh\SyncFiles\Temp\HFSS_sim\LHS400_Connection2,train,TSV,5,skipped,C:\ffzhzh\SyncFiles\Temp\HFSS_sim\LHS400_Connection2\train\TSV\dut5.s2p
C:\ffzhzh\SyncFiles\Temp\HFSS_sim\LHS400_Connection2,train,TSV,6,skipped,C:\ffzhzh\SyncFiles\Temp\HFSS_sim\LHS400_Connection2\train\TSV\dut6.s2p
C:\ffzhzh\SyncFiles\Temp\HFSS_sim\LHS400_Connection2,train,TSV,7,skipped,C:\ffzhzh\SyncFiles\Temp\HFSS_sim\LHS400_Connection2\train\TSV\dut7.s2p
C:\ffzhzh\SyncFiles\Temp\HFSS_sim\LHS400_Connection2,train,TSV,8,skipped,C:\ffzhzh\SyncFiles\Temp\HFSS_sim\LHS400_Connection2\train\TSV\dut8.s2p
C:\ffzhzh\SyncFiles\Temp\HFSS_sim\LHS400_Connection2,train,TSV,9,skipped,C:\ffzhzh\SyncFiles\Temp\HFSS_sim\LHS400_Connection2\train\TSV\dut9.s2p
C:\ffzhzh\SyncFiles\Temp\HFSS_sim\LHS400_Connection2,train,TSV,10,skipped,C:\ffzhzh\SyncFiles\Temp\HFSS_sim\LHS400_Connection2\train\TSV\dut10.s2p
C:\ffzhzh\SyncFiles\Temp\HFSS_sim\LHS400_Connection2,train,TSV,11,skipped,C:\ffzhzh\SyncFiles\Temp\HFSS_sim\LHS400_Connection2\train\TSV\dut11.s2p
C:\ffzhzh\SyncFiles\Temp\HFSS_sim\LHS400_Connection2,train,TSV,12,skipped,C:\ffzhzh\SyncFiles\Temp\HFSS_sim\LHS400_Connection2\train\TSV\dut12.s2p
C:\ffzhzh\SyncFiles\Temp\HFSS_sim\LHS400_Connection2,train,TSV,13,skipped,C:\ffzhzh\SyncFiles\Temp\HFSS_sim\LHS400_Connection2\train\TSV\dut13.s2p
C:\ffzhzh\SyncFiles\Temp\HFSS_sim\LHS400_Connection2,train,TSV,14,skipped,C:\ffzhzh\SyncFiles\Temp\HFSS_sim\LHS400_Connection2\train\TSV\dut14.s2p
C:\ffzhzh\SyncFiles\Temp\HFSS_sim\LHS400_Connection2,train,TSV,15,skipped,C:\ffzhzh\SyncFiles\Temp\HFSS_sim\LHS400_Connection2\train\TSV\dut15.s2p
C:\ffzhzh\SyncFiles\Temp\HFSS_sim\LHS400_Connection2,train,TSV,16,skipped,C:\ffzhzh\SyncFiles\Temp\HFSS_sim\LHS400_Connection2\train\TSV\dut16.s2p
C:\ffzhzh\SyncFiles\Temp\HFSS_sim\LHS400_Connection2,train,TSV,17,skipped,C:\ffzhzh\SyncFiles\Temp\HFSS_sim\LHS400_Connection2\train\TSV\dut17.s2p
C:\ffzhzh\SyncFiles\Temp\HFSS_sim\LHS400_Connection2,train,TSV,18,skipped,C:\ffzhzh\SyncFiles\Temp\HFSS_sim\LHS400_Connection2\train\TSV\dut18.s2p
C:\ffzhzh\SyncFiles\Temp\HFSS_sim\LHS400_Connection2,train,TSV,19,skipped,C:\ffzhzh\SyncFiles\Temp\HFSS_sim\LHS400_Connection2\train\TSV\dut19.s2p
C:\ffzhzh\SyncFiles\Temp\HFSS_sim\LHS400_Connection2,train,TSV,20,skipped,C:\ffzhzh\SyncFiles\Temp\HFSS_sim\LHS400_Connection2\train\TSV\dut20.s2p
C:\ffzhzh\SyncFiles\Temp\HFSS_sim\LHS400_Connection2,train,TSV,21,skipped,C:\ffzhzh\SyncFiles\Temp\HFSS_sim\LHS400_Connection2\train\TSV\dut21.s2p
C:\ffzhzh\SyncFiles\Temp\HFSS_sim\LHS400_Connection2,train,TSV,22,skipped,C:\ffzhzh\SyncFiles\Temp\HFSS_sim\LHS400_Connection2\train\TSV\dut22.s2p
C:\ffzhzh\SyncFiles\Temp\HFSS_sim\LHS400_Connection2,train,TSV,23,skipped,C:\ffzhzh\SyncFiles\Temp\HFSS_sim\LHS400_Connection2\train\TSV\dut23.s2p
C:\ffzhzh\SyncFiles\Temp\HFSS_sim\LHS400_Connection2,train,TSV,24,skipped,C:\ffzhzh\SyncFiles\Temp\HFSS_sim\LHS400_Connection2\train\TSV\dut24.s2p
C:\ffzhzh\SyncFiles\Temp\HFSS_sim\LHS400_Connection2,train,TSV,25,skipped,C:\ffzhzh\SyncFiles\Temp\HFSS_sim\LHS400_Connection2\train\TSV\dut25.s2p
C:\ffzhzh\SyncFiles\Temp\HFSS_sim\LHS400_Connection2,train,TSV,26,skipped,C:\ffzhzh\SyncFiles\Temp\HFSS_sim\LHS400_Connection2\train\TSV\dut26.s2p
C:\ffzhzh\SyncFiles\Temp\HFSS_sim\LHS400_Connection2,train,TSV,27,skipped,C:\ffzhzh\SyncFiles\Temp\HFSS_sim\LHS400_Connection2\train\TSV\dut27.s2p
C:\ffzhzh\SyncFiles\Temp\HFSS_sim\LHS400_Connection2,train,TSV,28,skipped,C:\ffzhzh\SyncFiles\Temp\HFSS_sim\LHS400_Connection2\train\TSV\dut28.s2p
C:\ffzhzh\SyncFiles\Temp\HFSS_sim\LHS400_Connection2,train,TSV,29,skipped,C:\ffzhzh\SyncFiles\Temp\HFSS_sim\LHS400_Connection2\train\TSV\dut29.s2p
C:\ffzhzh\SyncFiles\Temp\HFSS_sim\LHS400_Connection2,train,TSV,30,skipped,C:\ffzhzh\SyncFiles\Temp\HFSS_sim\LHS400_Connection2\train\TSV\dut30.s2p
C:\ffzhzh\SyncFiles\Temp\HFSS_sim\LHS400_Connection2,train,TSV,31,skipped,C:\ffzhzh\SyncFiles\Temp\HFSS_sim\LHS400_Connection2\train\TSV\dut31.s2p
C:\ffzhzh\SyncFiles\Temp\HFSS_sim\LHS400_Connection2,train,TSV,32,skipped,C:\ffzhzh\SyncFiles\Temp\HFSS_sim\LHS400_Connection2\train\TSV\dut32.s2p
C:\ffzhzh\SyncFiles\Temp\HFSS_sim\LHS400_Connection2,train,TSV,33,skipped,C:\ffzhzh\SyncFiles\Temp\HFSS_sim\LHS400_Connection2\train\TSV\dut33.s2p
C:\ffzhzh\SyncFiles\Temp\HFSS_sim\LHS400_Connection2,train,TSV,34,skipped,C:\ffzhzh\SyncFiles\Temp\HFSS_sim\LHS400_Connection2\train\TSV\dut34.s2p
C:\ffzhzh\SyncFiles\Temp\HFSS_sim\LHS400_Connection2,train,TSV,35,skipped,C:\ffzhzh\SyncFiles\Temp\HFSS_sim\LHS400_Connection2\train\TSV\dut35.s2p
C:\ffzhzh\SyncFiles\Temp\HFSS_sim\LHS400_Connection2,train,TSV,36,skipped,C:\ffzhzh\SyncFiles\Temp\HFSS_sim\LHS400_Connection2\train\TSV\dut36.s2p
C:\ffzhzh\SyncFiles\Temp\HFSS_sim\LHS400_Connection2,train,TSV,37,skipped,C:\ffzhzh\SyncFiles\Temp\HFSS_sim\LHS400_Connection2\train\TSV\dut37.s2p
C:\ffzhzh\SyncFiles\Temp\HFSS_sim\LHS400_Connection2,train,TSV,38,skipped,C:\ffzhzh\SyncFiles\Temp\HFSS_sim\LHS400_Connection2\train\TSV\dut38.s2p
C:\ffzhzh\SyncFiles\Temp\HFSS_sim\LHS400_Connection2,train,TSV,39,skipped,C:\ffzhzh\SyncFiles\Temp\HFSS_sim\LHS400_Connection2\train\TSV\dut39.s2p
C:\ffzhzh\SyncFiles\Temp\HFSS_sim\LHS400_Connection2,train,TSV,40,skipped,C:\ffzhzh\SyncFiles\Temp\HFSS_sim\LHS400_Connection2\train\TSV\dut40.s2p
C:\ffzhzh\SyncFiles\Temp\HFSS_sim\LHS400_Connection2,train,TSV,41,skipped,C:\ffzhzh\SyncFiles\Temp\HFSS_sim\LHS400_Connection2\train\TSV\dut41.s2p
C:\ffzhzh\SyncFiles\Temp\HFSS_sim\LHS400_Connection2,train,TSV,42,skipped,C:\ffzhzh\SyncFiles\Temp\HFSS_sim\LHS400_Connection2\train\TSV\dut42.s2p
C:\ffzhzh\SyncFiles\Temp\HFSS_sim\LHS400_Connection2,train,TSV,43,skipped,C:\ffzhzh\SyncFiles\Temp\HFSS_sim\LHS400_Connection2\train\TSV\dut43.s2p
C:\ffzhzh\SyncFiles\Temp\HFSS_sim\LHS400_Connection2,train,TSV,44,skipped,C:\ffzhzh\SyncFiles\Temp\HFSS_sim\LHS400_Connection2\train\TSV\dut44.s2p
C:\ffzhzh\SyncFiles\Temp\HFSS_sim\LHS400_Connection2,train,TSV,45,skipped,C:\ffzhzh\SyncFiles\Temp\HFSS_sim\LHS400_Connection2\train\TSV\dut45.s2p
C:\ffzhzh\SyncFiles\Temp\HFSS_sim\LHS400_Connection2,train,TSV,46,skipped,C:\ffzhzh\SyncFiles\Temp\HFSS_sim\LHS400_Connection2\train\TSV\dut46.s2p
C:\ffzhzh\SyncFiles\Temp\HFSS_sim\LHS400_Connection2,train,TSV,47,skipped,C:\ffzhzh\SyncFiles\Temp\HFSS_sim\LHS400_Connection2\train\TSV\dut47.s2p
C:\ffzhzh\SyncFiles\Temp\HFSS_sim\LHS400_Connection2,train,TSV,48,skipped,C:\ffzhzh\SyncFiles\Temp\HFSS_sim\LHS400_Connection2\train\TSV\dut48.s2p
C:\ffzhzh\SyncFiles\Temp\HFSS_sim\LHS400_Connection2,train,TSV,49,skipped,C:\ffzhzh\SyncFiles\Temp\HFSS_sim\LHS400_Connection2\train\TSV\dut49.s2p
C:\ffzhzh\SyncFiles\Temp\HFSS_sim\LHS400_Connection2,train,TSV,50,skipped,C:\ffzhzh\SyncFiles\Temp\HFSS_sim\LHS400_Connection2\train\TSV\dut50.s2p
C:\ffzhzh\SyncFiles\Temp\HFSS_sim\LHS400_Connection2,train,TSV,51,skipped,C:\ffzhzh\SyncFiles\Temp\HFSS_sim\LHS400_Connection2\train\TSV\dut51.s2p
C:\ffzhzh\SyncFiles\Temp\HFSS_sim\LHS400_Connection2,train,TSV,52,skipped,C:\ffzhzh\SyncFiles\Temp\HFSS_sim\LHS400_Connection2\train\TSV\dut52.s2p
C:\ffzhzh\SyncFiles\Temp\HFSS_sim\LHS400_Connection2,train,TSV,53,skipped,C:\ffzhzh\SyncFiles\Temp\HFSS_sim\LHS400_Connection2\train\TSV\dut53.s2p
C:\ffzhzh\SyncFiles\Temp\HFSS_sim\LHS400_Connection2,train,TSV,54,skipped,C:\ffzhzh\SyncFiles\Temp\HFSS_sim\LHS400_Connection2\train\TSV\dut54.s2p
C:\ffzhzh\SyncFiles\Temp\HFSS_sim\LHS400_Connection2,train,TSV,55,skipped,C:\ffzhzh\SyncFiles\Temp\HFSS_sim\LHS400_Connection2\train\TSV\dut55.s2p
C:\ffzhzh\SyncFiles\Temp\HFSS_sim\LHS400_Connection2,train,TSV,56,skipped,C:\ffzhzh\SyncFiles\Temp\HFSS_sim\LHS400_Connection2\train\TSV\dut56.s2p
C:\ffzhzh\SyncFiles\Temp\HFSS_sim\LHS400_Connection2,train,TSV,57,skipped,C:\ffzhzh\SyncFiles\Temp\HFSS_sim\LHS400_Connection2\train\TSV\dut57.s2p
C:\ffzhzh\SyncFiles\Temp\HFSS_sim\LHS400_Connection2,train,TSV,58,skipped,C:\ffzhzh\SyncFiles\Temp\HFSS_sim\LHS400_Connection2\train\TSV\dut58.s2p
C:\ffzhzh\SyncFiles\Temp\HFSS_sim\LHS400_Connection2,train,TSV,59,skipped,C:\ffzhzh\SyncFiles\Temp\HFSS_sim\LHS400_Connection2\train\TSV\dut59.s2p
C:\ffzhzh\SyncFiles\Temp\HFSS_sim\LHS400_Connection2,train,TSV,60,skipped,C:\ffzhzh\SyncFiles\Temp\HFSS_sim\LHS400_Connection2\train\TSV\dut60.s2p
C:\ffzhzh\SyncFiles\Temp\HFSS_sim\LHS400_Connection2,train,TSV,61,skipped,C:\ffzhzh\SyncFiles\Temp\HFSS_sim\LHS400_Connection2\train\TSV\dut61.s2p
C:\ffzhzh\SyncFiles\Temp\HFSS_sim\LHS400_Connection2,train,TSV,62,skipped,C:\ffzhzh\SyncFiles\Temp\HFSS_sim\LHS400_Connection2\train\TSV\dut62.s2p
C:\ffzhzh\SyncFiles\Temp\HFSS_sim\LHS400_Connection2,train,TSV,63,skipped,C:\ffzhzh\SyncFiles\Temp\HFSS_sim\LHS400_Connection2\train\TSV\dut63.s2p
C:\ffzhzh\SyncFiles\Temp\HFSS_sim\LHS400_Connection2,train,TSV,64,skipped,C:\ffzhzh\SyncFiles\Temp\HFSS_sim\LHS400_Connection2\train\TSV\dut64.s2p
C:\ffzhzh\SyncFiles\Temp\HFSS_sim\LHS400_Connection2,train,TSV,65,skipped,C:\ffzhzh\SyncFiles\Temp\HFSS_sim\LHS400_Connection2\train\TSV\dut65.s2p
C:\ffzhzh\SyncFiles\Temp\HFSS_sim\LHS400_Connection2,train,TSV,66,skipped,C:\ffzhzh\SyncFiles\Temp\HFSS_sim\LHS400_Connection2\train\TSV\dut66.s2p
C:\ffzhzh\SyncFiles\Temp\HFSS_sim\LHS400_Connection2,train,TSV,67,skipped,C:\ffzhzh\SyncFiles\Temp\HFSS_sim\LHS400_Connection2\train\TSV\dut67.s2p
C:\ffzhzh\SyncFiles\Temp\HFSS_sim\LHS400_Connection2,train,TSV,68,skipped,C:\ffzhzh\SyncFiles\Temp\HFSS_sim\LHS400_Connection2\train\TSV\dut68.s2p
C:\ffzhzh\SyncFiles\Temp\HFSS_sim\LHS400_Connection2,train,TSV,69,skipped,C:\ffzhzh\SyncFiles\Temp\HFSS_sim\LHS400_Connection2\train\TSV\dut69.s2p
C:\ffzhzh\SyncFiles\Temp\HFSS_sim\LHS400_Connection2,train,TSV,70,skipped,C:\ffzhzh\SyncFiles\Temp\HFSS_sim\LHS400_Connection2\train\TSV\dut70.s2p
C:\ffzhzh\SyncFiles\Temp\HFSS_sim\LHS400_Connection2,train,TSV,71,skipped,C:\ffzhzh\SyncFiles\Temp\HFSS_sim\LHS400_Connection2\train\TSV\dut71.s2p
C:\ffzhzh\SyncFiles\Temp\HFSS_sim\LHS400_Connection2,train,TSV,72,skipped,C:\ffzhzh\SyncFiles\Temp\HFSS_sim\LHS400_Connection2\train\TSV\dut72.s2p
C:\ffzhzh\SyncFiles\Temp\HFSS_sim\LHS400_Connection2,train,TSV,73,skipped,C:\ffzhzh\SyncFiles\Temp\HFSS_sim\LHS400_Connection2\train\TSV\dut73.s2p
C:\ffzhzh\SyncFiles\Temp\HFSS_sim\LHS400_Connection2,train,TSV,74,skipped,C:\ffzhzh\SyncFiles\Temp\HFSS_sim\LHS400_Connection2\train\TSV\dut74.s2p
C:\ffzhzh\SyncFiles\Temp\HFSS_sim\LHS400_Connection2,train,TSV,75,skipped,C:\ffzhzh\SyncFiles\Temp\HFSS_sim\LHS400_Connection2\train\TSV\dut75.s2p
C:\ffzhzh\SyncFiles\Temp\HFSS_sim\LHS400_Connection2,train,TSV,76,skipped,C:\ffzhzh\SyncFiles\Temp\HFSS_sim\LHS400_Connection2\train\TSV\dut76.s2p
C:\ffzhzh\SyncFiles\Temp\HFSS_sim\LHS400_Connection2,train,TSV,77,skipped,C:\ffzhzh\SyncFiles\Temp\HFSS_sim\LHS400_Connection2\train\TSV\dut77.s2p
C:\ffzhzh\SyncFiles\Temp\HFSS_sim\LHS400_Connection2,train,TSV,78,skipped,C:\ffzhzh\SyncFiles\Temp\HFSS_sim\LHS400_Connection2\train\TSV\dut78.s2p
C:\ffzhzh\SyncFiles\Temp\HFSS_sim\LHS400_Connection2,train,TSV,79,skipped,C:\ffzhzh\SyncFiles\Temp\HFSS_sim\LHS400_Connection2\train\TSV\dut79.s2p
C:\ffzhzh\SyncFiles\Temp\HFSS_sim\LHS400_Connection2,train,TSV,80,skipped,C:\ffzhzh\SyncFiles\Temp\HFSS_sim\LHS400_Connection2\train\TSV\dut80.s2p
C:\ffzhzh\SyncFiles\Temp\HFSS_sim\LHS400_Connection2,train,TSV,81,skipped,C:\ffzhzh\SyncFiles\Temp\HFSS_sim\LHS400_Connection2\train\TSV\dut81.s2p
C:\ffzhzh\SyncFiles\Temp\HFSS_sim\LHS400_Connection2,train,TSV,82,skipped,C:\ffzhzh\SyncFiles\Temp\HFSS_sim\LHS400_Connection2\train\TSV\dut82.s2p
C:\ffzhzh\SyncFiles\Temp\HFSS_sim\LHS400_Connection2,train,TSV,83,skipped,C:\ffzhzh\SyncFiles\Temp\HFSS_sim\LHS400_Connection2\train\TSV\dut83.s2p
C:\ffzhzh\SyncFiles\Temp\HFSS_sim\LHS400_Connection2,train,TSV,84,skipped,C:\ffzhzh\SyncFiles\Temp\HFSS_sim\LHS400_Connection2\train\TSV\dut84.s2p
C:\ffzhzh\SyncFiles\Temp\HFSS_sim\LHS400_Connection2,train,TSV,85,skipped,C:\ffzhzh\SyncFiles\Temp\HFSS_sim\LHS400_Connection2\train\TSV\dut85.s2p
C:\ffzhzh\SyncFiles\Temp\HFSS_sim\LHS400_Connection2,train,TSV,86,skipped,C:\ffzhzh\SyncFiles\Temp\HFSS_sim\LHS400_Connection2\train\TSV\dut86.s2p
C:\ffzhzh\SyncFiles\Temp\HFSS_sim\LHS400_Connection2,train,TSV,87,skipped,C:\ffzhzh\SyncFiles\Temp\HFSS_sim\LHS400_Connection2\train\TSV\dut87.s2p
C:\ffzhzh\SyncFiles\Temp\HFSS_sim\LHS400_Connection2,train,TSV,88,skipped,C:\ffzhzh\SyncFiles\Temp\HFSS_sim\LHS400_Connection2\train\TSV\dut88.s2p
C:\ffzhzh\SyncFiles\Temp\HFSS_sim\LHS400_Connection2,train,TSV,89,skipped,C:\ffzhzh\SyncFiles\Temp\HFSS_sim\LHS400_Connection2\train\TSV\dut89.s2p
C:\ffzhzh\SyncFiles\Temp\HFSS_sim\LHS400_Connection2,train,TSV,90,skipped,C:\ffzhzh\SyncFiles\Temp\HFSS_sim\LHS400_Connection2\train\TSV\dut90.s2p
C:\ffzhzh\SyncFiles\Temp\HFSS_sim\LHS400_Connection2,train,TSV,91,skipped,C:\ffzhzh\SyncFiles\Temp\HFSS_sim\LHS400_Connection2\train\TSV\dut91.s2p
C:\ffzhzh\SyncFiles\Temp\HFSS_sim\LHS400_Connection2,train,TSV,92,skipped,C:\ffzhzh\SyncFiles\Temp\HFSS_sim\LHS400_Connection2\train\TSV\dut92.s2p
C:\ffzhzh\SyncFiles\Temp\HFSS_sim\LHS400_Connection2,train,TSV,93,skipped,C:\ffzhzh\SyncFiles\Temp\HFSS_sim\LHS400_Connection2\train\TSV\dut93.s2p
C:\ffzhzh\SyncFiles\Temp\HFSS_sim\LHS400_Connection2,train,TSV,94,skipped,C:\ffzhzh\SyncFiles\Temp\HFSS_sim\LHS400_Connection2\train\TSV\dut94.s2p
C:\ffzhzh\SyncFiles\Temp\HFSS_sim\LHS400_Connection2,train,TSV,95,skipped,C:\ffzhzh\SyncFiles\Temp\HFSS_sim\LHS400_Connection2\train\TSV\dut95.s2p
C:\ffzhzh\SyncFiles\Temp\HFSS_sim\LHS400_Connection2,train,TSV,96,skipped,C:\ffzhzh\SyncFiles\Temp\HFSS_sim\LHS400_Connection2\train\TSV\dut96.s2p
C:\ffzhzh\SyncFiles\Temp\HFSS_sim\LHS400_Connection2,train,TSV,97,skipped,C:\ffzhzh\SyncFiles\Temp\HFSS_sim\LHS400_Connection2\train\TSV\dut97.s2p
C:\ffzhzh\SyncFiles\Temp\HFSS_sim\LHS400_Connection2,train,TSV,98,skipped,C:\ffzhzh\SyncFiles\Temp\HFSS_sim\LHS400_Connection2\train\TSV\dut98.s2p
C:\ffzhzh\SyncFiles\Temp\HFSS_sim\LHS400_Connection2,train,TSV,99,skipped,C:\ffzhzh\SyncFiles\Temp\HFSS_sim\LHS400_Connection2\train\TSV\dut99.s2p
C:\ffzhzh\SyncFiles\Temp\HFSS_sim\LHS400_Connection2,train,TSV,100,skipped,C:\ffzhzh\SyncFiles\Temp\HFSS_sim\LHS400_Connection2\train\TSV\dut100.s2p
C:\ffzhzh\SyncFiles\Temp\HFSS_sim\LHS400_Connection2,train,TSV,101,skipped,C:\ffzhzh\SyncFiles\Temp\HFSS_sim\LHS400_Connection2\train\TSV\dut101.s2p
C:\ffzhzh\SyncFiles\Temp\HFSS_sim\LHS400_Connection2,train,TSV,102,skipped,C:\ffzhzh\SyncFiles\Temp\HFSS_sim\LHS400_Connection2\train\TSV\dut102.s2p
C:\ffzhzh\SyncFiles\Temp\HFSS_sim\LHS400_Connection2,train,TSV,103,skipped,C:\ffzhzh\SyncFiles\Temp\HFSS_sim\LHS400_Connection2\train\TSV\dut103.s2p
C:\ffzhzh\SyncFiles\Temp\HFSS_sim\LHS400_Connection2,train,TSV,104,skipped,C:\ffzhzh\SyncFiles\Temp\HFSS_sim\LHS400_Connection2\train\TSV\dut104.s2p
C:\ffzhzh\SyncFiles\Temp\HFSS_sim\LHS400_Connection2,train,TSV,105,skipped,C:\ffzhzh\SyncFiles\Temp\HFSS_sim\LHS400_Connection2\train\TSV\dut105.s2p
C:\ffzhzh\SyncFiles\Temp\HFSS_sim\LHS400_Connection2,train,TSV,106,skipped,C:\ffzhzh\SyncFiles\Temp\HFSS_sim\LHS400_Connection2\train\TSV\dut106.s2p
C:\ffzhzh\SyncFiles\Temp\HFSS_sim\LHS400_Connection2,train,TSV,107,skipped,C:\ffzhzh\SyncFiles\Temp\HFSS_sim\LHS400_Connection2\train\TSV\dut107.s2p
C:\ffzhzh\SyncFiles\Temp\HFSS_sim\LHS400_Connection2,train,TSV,108,skipped,C:\ffzhzh\SyncFiles\Temp\HFSS_sim\LHS400_Connection2\train\TSV\dut108.s2p
C:\ffzhzh\SyncFiles\Temp\HFSS_sim\LHS400_Connection2,train,TSV,109,skipped,C:\ffzhzh\SyncFiles\Temp\HFSS_sim\LHS400_Connection2\train\TSV\dut109.s2p
C:\ffzhzh\SyncFiles\Temp\HFSS_sim\LHS400_Connection2,train,TSV,110,skipped,C:\ffzhzh\SyncFiles\Temp\HFSS_sim\LHS400_Connection2\train\TSV\dut110.s2p
C:\ffzhzh\SyncFiles\Temp\HFSS_sim\LHS400_Connection2,train,TSV,111,skipped,C:\ffzhzh\SyncFiles\Temp\HFSS_sim\LHS400_Connection2\train\TSV\dut111.s2p
C:\ffzhzh\SyncFiles\Temp\HFSS_sim\LHS400_Connection2,train,TSV,112,skipped,C:\ffzhzh\SyncFiles\Temp\HFSS_sim\LHS400_Connection2\train\TSV\dut112.s2p
C:\ffzhzh\SyncFiles\Temp\HFSS_sim\LHS400_Connection2,train,TSV,113,skipped,C:\ffzhzh\SyncFiles\Temp\HFSS_sim\LHS400_Connection2\train\TSV\dut113.s2p
C:\ffzhzh\SyncFiles\Temp\HFSS_sim\LHS400_Connection2,train,TSV,114,skipped,C:\ffzhzh\SyncFiles\Temp\HFSS_sim\LHS400_Connection2\train\TSV\dut114.s2p
C:\ffzhzh\SyncFiles\Temp\HFSS_sim\LHS400_Connection2,train,TSV,115,skipped,C:\ffzhzh\SyncFiles\Temp\HFSS_sim\LHS400_Connection2\train\TSV\dut115.s2p
C:\ffzhzh\SyncFiles\Temp\HFSS_sim\LHS400_Connection2,train,TSV,116,skipped,C:\ffzhzh\SyncFiles\Temp\HFSS_sim\LHS400_Connection2\train\TSV\dut116.s2p
C:\ffzhzh\SyncFiles\Temp\HFSS_sim\LHS400_Connection2,train,TSV,117,skipped,C:\ffzhzh\SyncFiles\Temp\HFSS_sim\LHS400_Connection2\train\TSV\dut117.s2p
C:\ffzhzh\SyncFiles\Temp\HFSS_sim\LHS400_Connection2,train,TSV,118,skipped,C:\ffzhzh\SyncFiles\Temp\HFSS_sim\LHS400_Connection2\train\TSV\dut118.s2p
C:\ffzhzh\SyncFiles\Temp\HFSS_sim\LHS400_Connection2,train,TSV,119,skipped,C:\ffzhzh\SyncFiles\Temp\HFSS_sim\LHS400_Connection2\train\TSV\dut119.s2p
C:\ffzhzh\SyncFiles\Temp\HFSS_sim\LHS400_Connection2,train,TSV,120,skipped,C:\ffzhzh\SyncFiles\Temp\HFSS_sim\LHS400_Connection2\train\TSV\dut120.s2p
C:\ffzhzh\SyncFiles\Temp\HFSS_sim\LHS400_Connection2,train,TSV,121,skipped,C:\ffzhzh\SyncFiles\Temp\HFSS_sim\LHS400_Connection2\train\TSV\dut121.s2p
C:\ffzhzh\SyncFiles\Temp\HFSS_sim\LHS400_Connection2,train,TSV,122,skipped,C:\ffzhzh\SyncFiles\Temp\HFSS_sim\LHS400_Connection2\train\TSV\dut122.s2p
C:\ffzhzh\SyncFiles\Temp\HFSS_sim\LHS400_Connection2,train,TSV,123,skipped,C:\ffzhzh\SyncFiles\Temp\HFSS_sim\LHS400_Connection2\train\TSV\dut123.s2p
C:\ffzhzh\SyncFiles\Temp\HFSS_sim\LHS400_Connection2,train,TSV,124,skipped,C:\ffzhzh\SyncFiles\Temp\HFSS_sim\LHS400_Connection2\train\TSV\dut124.s2p
C:\ffzhzh\SyncFiles\Temp\HFSS_sim\LHS400_Connection2,train,TSV,125,skipped,C:\ffzhzh\SyncFiles\Temp\HFSS_sim\LHS400_Connection2\train\TSV\dut125.s2p
C:\ffzhzh\SyncFiles\Temp\HFSS_sim\LHS400_Connection2,train,TSV,126,skipped,C:\ffzhzh\SyncFiles\Temp\HFSS_sim\LHS400_Connection2\train\TSV\dut126.s2p
C:\ffzhzh\SyncFiles\Temp\HFSS_sim\LHS400_Connection2,train,TSV,127,skipped,C:\ffzhzh\SyncFiles\Temp\HFSS_sim\LHS400_Connection2\train\TSV\dut127.s2p
C:\ffzhzh\SyncFiles\Temp\HFSS_sim\LHS400_Connection2,train,TSV,128,skipped,C:\ffzhzh\SyncFiles\Temp\HFSS_sim\LHS400_Connection2\train\TSV\dut128.s2p
C:\ffzhzh\SyncFiles\Temp\HFSS_sim\LHS400_Connection2,train,TSV,129,skipped,C:\ffzhzh\SyncFiles\Temp\HFSS_sim\LHS400_Connection2\train\TSV\dut129.s2p
C:\ffzhzh\SyncFiles\Temp\HFSS_sim\LHS400_Connection2,train,TSV,130,skipped,C:\ffzhzh\SyncFiles\Temp\HFSS_sim\LHS400_Connection2\train\TSV\dut130.s2p
C:\ffzhzh\SyncFiles\Temp\HFSS_sim\LHS400_Connection2,train,TSV,131,skipped,C:\ffzhzh\SyncFiles\Temp\HFSS_sim\LHS400_Connection2\train\TSV\dut131.s2p
C:\ffzhzh\SyncFiles\Temp\HFSS_sim\LHS400_Connection2,train,TSV,132,skipped,C:\ffzhzh\SyncFiles\Temp\HFSS_sim\LHS400_Connection2\train\TSV\dut132.s2p
C:\ffzhzh\SyncFiles\Temp\HFSS_sim\LHS400_Connection2,train,TSV,133,skipped,C:\ffzhzh\SyncFiles\Temp\HFSS_sim\LHS400_Connection2\train\TSV\dut133.s2p
C:\ffzhzh\SyncFiles\Temp\HFSS_sim\LHS400_Connection2,train,TSV,134,skipped,C:\ffzhzh\SyncFiles\Temp\HFSS_sim\LHS400_Connection2\train\TSV\dut134.s2p
C:\ffzhzh\SyncFiles\Temp\HFSS_sim\LHS400_Connection2,train,TSV,135,skipped,C:\ffzhzh\SyncFiles\Temp\HFSS_sim\LHS400_Connection2\train\TSV\dut135.s2p
C:\ffzhzh\SyncFiles\Temp\HFSS_sim\LHS400_Connection2,train,TSV,136,skipped,C:\ffzhzh\SyncFiles\Temp\HFSS_sim\LHS400_Connection2\train\TSV\dut136.s2p
C:\ffzhzh\SyncFiles\Temp\HFSS_sim\LHS400_Connection2,train,TSV,137,skipped,C:\ffzhzh\SyncFiles\Temp\HFSS_sim\LHS400_Connection2\train\TSV\dut137.s2p
C:\ffzhzh\SyncFiles\Temp\HFSS_sim\LHS400_Connection2,train,TSV,138,skipped,C:\ffzhzh\SyncFiles\Temp\HFSS_sim\LHS400_Connection2\train\TSV\dut138.s2p
C:\ffzhzh\SyncFiles\Temp\HFSS_sim\LHS400_Connection2,train,TSV,139,skipped,C:\ffzhzh\SyncFiles\Temp\HFSS_sim\LHS400_Connection2\train\TSV\dut139.s2p
C:\ffzhzh\SyncFiles\Temp\HFSS_sim\LHS400_Connection2,train,TSV,140,skipped,C:\ffzhzh\SyncFiles\Temp\HFSS_sim\LHS400_Connection2\train\TSV\dut140.s2p
C:\ffzhzh\SyncFiles\Temp\HFSS_sim\LHS400_Connection2,train,TSV,141,skipped,C:\ffzhzh\SyncFiles\Temp\HFSS_sim\LHS400_Connection2\train\TSV\dut141.s2p
C:\ffzhzh\SyncFiles\Temp\HFSS_sim\LHS400_Connection2,train,TSV,142,skipped,C:\ffzhzh\SyncFiles\Temp\HFSS_sim\LHS400_Connection2\train\TSV\dut142.s2p
C:\ffzhzh\SyncFiles\Temp\HFSS_sim\LHS400_Connection2,train,TSV,143,skipped,C:\ffzhzh\SyncFiles\Temp\HFSS_sim\LHS400_Connection2\train\TSV\dut143.s2p
C:\ffzhzh\SyncFiles\Temp\HFSS_sim\LHS400_Connection2,train,TSV,144,skipped,C:\ffzhzh\SyncFiles\Temp\HFSS_sim\LHS400_Connection2\train\TSV\dut144.s2p
C:\ffzhzh\SyncFiles\Temp\HFSS_sim\LHS400_Connection2,train,TSV,145,skipped,C:\ffzhzh\SyncFiles\Temp\HFSS_sim\LHS400_Connection2\train\TSV\dut145.s2p
C:\ffzhzh\SyncFiles\Temp\HFSS_sim\LHS400_Connection2,train,TSV,146,skipped,C:\ffzhzh\SyncFiles\Temp\HFSS_sim\LHS400_Connection2\train\TSV\dut146.s2p
C:\ffzhzh\SyncFiles\Temp\HFSS_sim\LHS400_Connection2,train,TSV,147,skipped,C:\ffzhzh\SyncFiles\Temp\HFSS_sim\LHS400_Connection2\train\TSV\dut147.s2p
C:\ffzhzh\SyncFiles\Temp\HFSS_sim\LHS400_Connection2,train,TSV,148,skipped,C:\ffzhzh\SyncFiles\Temp\HFSS_sim\LHS400_Connection2\train\TSV\dut148.s2p
C:\ffzhzh\SyncFiles\Temp\HFSS_sim\LHS400_Connection2,train,TSV,149,skipped,C:\ffzhzh\SyncFiles\Temp\HFSS_sim\LHS400_Connection2\train\TSV\dut149.s2p
C:\ffzhzh\SyncFiles\Temp\HFSS_sim\LHS400_Connection2,train,TSV,150,skipped,C:\ffzhzh\SyncFiles\Temp\HFSS_sim\LHS400_Connection2\train\TSV\dut150.s2p
C:\ffzhzh\SyncFiles\Temp\HFSS_sim\LHS400_Connection2,train,TSV,151,skipped,C:\ffzhzh\SyncFiles\Temp\HFSS_sim\LHS400_Connection2\train\TSV\dut151.s2p
C:\ffzhzh\SyncFiles\Temp\HFSS_sim\LHS400_Connection2,train,TSV,152,skipped,C:\ffzhzh\SyncFiles\Temp\HFSS_sim\LHS400_Connection2\train\TSV\dut152.s2p
C:\ffzhzh\SyncFiles\Temp\HFSS_sim\LHS400_Connection2,train,TSV,153,skipped,C:\ffzhzh\SyncFiles\Temp\HFSS_sim\LHS400_Connection2\train\TSV\dut153.s2p
C:\ffzhzh\SyncFiles\Temp\HFSS_sim\LHS400_Connection2,train,TSV,154,skipped,C:\ffzhzh\SyncFiles\Temp\HFSS_sim\LHS400_Connection2\train\TSV\dut154.s2p
C:\ffzhzh\SyncFiles\Temp\HFSS_sim\LHS400_Connection2,train,TSV,155,skipped,C:\ffzhzh\SyncFiles\Temp\HFSS_sim\LHS400_Connection2\train\TSV\dut155.s2p
C:\ffzhzh\SyncFiles\Temp\HFSS_sim\LHS400_Connection2,train,TSV,156,skipped,C:\ffzhzh\SyncFiles\Temp\HFSS_sim\LHS400_Connection2\train\TSV\dut156.s2p
C:\ffzhzh\SyncFiles\Temp\HFSS_sim\LHS400_Connection2,train,TSV,157,skipped,C:\ffzhzh\SyncFiles\Temp\HFSS_sim\LHS400_Connection2\train\TSV\dut157.s2p
C:\ffzhzh\SyncFiles\Temp\HFSS_sim\LHS400_Connection2,train,TSV,158,skipped,C:\ffzhzh\SyncFiles\Temp\HFSS_sim\LHS400_Connection2\train\TSV\dut158.s2p
C:\ffzhzh\SyncFiles\Temp\HFSS_sim\LHS400_Connection2,train,TSV,159,skipped,C:\ffzhzh\SyncFiles\Temp\HFSS_sim\LHS400_Connection2\train\TSV\dut159.s2p
C:\ffzhzh\SyncFiles\Temp\HFSS_sim\LHS400_Connection2,train,TSV,160,skipped,C:\ffzhzh\SyncFiles\Temp\HFSS_sim\LHS400_Connection2\train\TSV\dut160.s2p
C:\ffzhzh\SyncFiles\Temp\HFSS_sim\LHS400_Connection2,train,TSV,161,skipped,C:\ffzhzh\SyncFiles\Temp\HFSS_sim\LHS400_Connection2\train\TSV\dut161.s2p
C:\ffzhzh\SyncFiles\Temp\HFSS_sim\LHS400_Connection2,train,TSV,162,skipped,C:\ffzhzh\SyncFiles\Temp\HFSS_sim\LHS400_Connection2\train\TSV\dut162.s2p
C:\ffzhzh\SyncFiles\Temp\HFSS_sim\LHS400_Connection2,train,TSV,163,skipped,C:\ffzhzh\SyncFiles\Temp\HFSS_sim\LHS400_Connection2\train\TSV\dut163.s2p
C:\ffzhzh\SyncFiles\Temp\HFSS_sim\LHS400_Connection2,train,TSV,164,skipped,C:\ffzhzh\SyncFiles\Temp\HFSS_sim\LHS400_Connection2\train\TSV\dut164.s2p
C:\ffzhzh\SyncFiles\Temp\HFSS_sim\LHS400_Connection2,train,TSV,165,skipped,C:\ffzhzh\SyncFiles\Temp\HFSS_sim\LHS400_Connection2\train\TSV\dut165.s2p
C:\ffzhzh\SyncFiles\Temp\HFSS_sim\LHS400_Connection2,train,TSV,166,skipped,C:\ffzhzh\SyncFiles\Temp\HFSS_sim\LHS400_Connection2\train\TSV\dut166.s2p
C:\ffzhzh\SyncFiles\Temp\HFSS_sim\LHS400_Connection2,train,TSV,167,skipped,C:\ffzhzh\SyncFiles\Temp\HFSS_sim\LHS400_Connection2\train\TSV\dut167.s2p
C:\ffzhzh\SyncFiles\Temp\HFSS_sim\LHS400_Connection2,train,TSV,168,skipped,C:\ffzhzh\SyncFiles\Temp\HFSS_sim\LHS400_Connection2\train\TSV\dut168.s2p
C:\ffzhzh\SyncFiles\Temp\HFSS_sim\LHS400_Connection2,train,TSV,169,skipped,C:\ffzhzh\SyncFiles\Temp\HFSS_sim\LHS400_Connection2\train\TSV\dut169.s2p
C:\ffzhzh\SyncFiles\Temp\HFSS_sim\LHS400_Connection2,train,TSV,170,skipped,C:\ffzhzh\SyncFiles\Temp\HFSS_sim\LHS400_Connection2\train\TSV\dut170.s2p
C:\ffzhzh\SyncFiles\Temp\HFSS_sim\LHS400_Connection2,train,TSV,171,skipped,C:\ffzhzh\SyncFiles\Temp\HFSS_sim\LHS400_Connection2\train\TSV\dut171.s2p
C:\ffzhzh\SyncFiles\Temp\HFSS_sim\LHS400_Connection2,train,TSV,172,skipped,C:\ffzhzh\SyncFiles\Temp\HFSS_sim\LHS400_Connection2\train\TSV\dut172.s2p
C:\ffzhzh\SyncFiles\Temp\HFSS_sim\LHS400_Connection2,train,TSV,173,skipped,C:\ffzhzh\SyncFiles\Temp\HFSS_sim\LHS400_Connection2\train\TSV\dut173.s2p
C:\ffzhzh\SyncFiles\Temp\HFSS_sim\LHS400_Connection2,train,TSV,174,skipped,C:\ffzhzh\SyncFiles\Temp\HFSS_sim\LHS400_Connection2\train\TSV\dut174.s2p
C:\ffzhzh\SyncFiles\Temp\HFSS_sim\LHS400_Connection2,train,TSV,175,skipped,C:\ffzhzh\SyncFiles\Temp\HFSS_sim\LHS400_Connection2\train\TSV\dut175.s2p
C:\ffzhzh\SyncFiles\Temp\HFSS_sim\LHS400_Connection2,train,TSV,176,skipped,C:\ffzhzh\SyncFiles\Temp\HFSS_sim\LHS400_Connection2\train\TSV\dut176.s2p
C:\ffzhzh\SyncFiles\Temp\HFSS_sim\LHS400_Connection2,train,TSV,177,skipped,C:\ffzhzh\SyncFiles\Temp\HFSS_sim\LHS400_Connection2\train\TSV\dut177.s2p
C:\ffzhzh\SyncFiles\Temp\HFSS_sim\LHS400_Connection2,train,TSV,178,skipped,C:\ffzhzh\SyncFiles\Temp\HFSS_sim\LHS400_Connection2\train\TSV\dut178.s2p
C:\ffzhzh\SyncFiles\Temp\HFSS_sim\LHS400_Connection2,train,TSV,179,skipped,C:\ffzhzh\SyncFiles\Temp\HFSS_sim\LHS400_Connection2\train\TSV\dut179.s2p
C:\ffzhzh\SyncFiles\Temp\HFSS_sim\LHS400_Connection2,train,TSV,180,skipped,C:\ffzhzh\SyncFiles\Temp\HFSS_sim\LHS400_Connection2\train\TSV\dut180.s2p
C:\ffzhzh\SyncFiles\Temp\HFSS_sim\LHS400_Connection2,train,TSV,181,skipped,C:\ffzhzh\SyncFiles\Temp\HFSS_sim\LHS400_Connection2\train\TSV\dut181.s2p
C:\ffzhzh\SyncFiles\Temp\HFSS_sim\LHS400_Connection2,train,TSV,182,skipped,C:\ffzhzh\SyncFiles\Temp\HFSS_sim\LHS400_Connection2\train\TSV\dut182.s2p
C:\ffzhzh\SyncFiles\Temp\HFSS_sim\LHS400_Connection2,train,TSV,183,skipped,C:\ffzhzh\SyncFiles\Temp\HFSS_sim\LHS400_Connection2\train\TSV\dut183.s2p
C:\ffzhzh\SyncFiles\Temp\HFSS_sim\LHS400_Connection2,train,TSV,184,skipped,C:\ffzhzh\SyncFiles\Temp\HFSS_sim\LHS400_Connection2\train\TSV\dut184.s2p
C:\ffzhzh\SyncFiles\Temp\HFSS_sim\LHS400_Connection2,train,TSV,185,skipped,C:\ffzhzh\SyncFiles\Temp\HFSS_sim\LHS400_Connection2\train\TSV\dut185.s2p
C:\ffzhzh\SyncFiles\Temp\HFSS_sim\LHS400_Connection2,train,TSV,186,skipped,C:\ffzhzh\SyncFiles\Temp\HFSS_sim\LHS400_Connection2\train\TSV\dut186.s2p
C:\ffzhzh\SyncFiles\Temp\HFSS_sim\LHS400_Connection2,train,TSV,187,skipped,C:\ffzhzh\SyncFiles\Temp\HFSS_sim\LHS400_Connection2\train\TSV\dut187.s2p
C:\ffzhzh\SyncFiles\Temp\HFSS_sim\LHS400_Connection2,train,TSV,188,skipped,C:\ffzhzh\SyncFiles\Temp\HFSS_sim\LHS400_Connection2\train\TSV\dut188.s2p
C:\ffzhzh\SyncFiles\Temp\HFSS_sim\LHS400_Connection2,train,TSV,189,skipped,C:\ffzhzh\SyncFiles\Temp\HFSS_sim\LHS400_Connection2\train\TSV\dut189.s2p
C:\ffzhzh\SyncFiles\Temp\HFSS_sim\LHS400_Connection2,train,TSV,190,skipped,C:\ffzhzh\SyncFiles\Temp\HFSS_sim\LHS400_Connection2\train\TSV\dut190.s2p
C:\ffzhzh\SyncFiles\Temp\HFSS_sim\LHS400_Connection2,train,TSV,191,skipped,C:\ffzhzh\SyncFiles\Temp\HFSS_sim\LHS400_Connection2\train\TSV\dut191.s2p
C:\ffzhzh\SyncFiles\Temp\HFSS_sim\LHS400_Connection2,train,TSV,192,skipped,C:\ffzhzh\SyncFiles\Temp\HFSS_sim\LHS400_Connection2\train\TSV\dut192.s2p
C:\ffzhzh\SyncFiles\Temp\HFSS_sim\LHS400_Connection2,train,TSV,193,skipped,C:\ffzhzh\SyncFiles\Temp\HFSS_sim\LHS400_Connection2\train\TSV\dut193.s2p
C:\ffzhzh\SyncFiles\Temp\HFSS_sim\LHS400_Connection2,train,TSV,194,skipped,C:\ffzhzh\SyncFiles\Temp\HFSS_sim\LHS400_Connection2\train\TSV\dut194.s2p
C:\ffzhzh\SyncFiles\Temp\HFSS_sim\LHS400_Connection2,train,TSV,195,skipped,C:\ffzhzh\SyncFiles\Temp\HFSS_sim\LHS400_Connection2\train\TSV\dut195.s2p
C:\ffzhzh\SyncFiles\Temp\HFSS_sim\LHS400_Connection2,train,TSV,196,skipped,C:\ffzhzh\SyncFiles\Temp\HFSS_sim\LHS400_Connection2\train\TSV\dut196.s2p
C:\ffzhzh\SyncFiles\Temp\HFSS_sim\LHS400_Connection2,train,TSV,197,skipped,C:\ffzhzh\SyncFiles\Temp\HFSS_sim\LHS400_Connection2\train\TSV\dut197.s2p
C:\ffzhzh\SyncFiles\Temp\HFSS_sim\LHS400_Connection2,train,TSV,198,skipped,C:\ffzhzh\SyncFiles\Temp\HFSS_sim\LHS400_Connection2\train\TSV\dut198.s2p
C:\ffzhzh\SyncFiles\Temp\HFSS_sim\LHS400_Connection2,train,TSV,199,skipped,C:\ffzhzh\SyncFiles\Temp\HFSS_sim\LHS400_Connection2\train\TSV\dut199.s2p
C:\ffzhzh\SyncFiles\Temp\HFSS_sim\LHS400_Connection2,train,TSV,200,skipped,C:\ffzhzh\SyncFiles\Temp\HFSS_sim\LHS400_Connection2\train\TSV\dut200.s2p
C:\ffzhzh\SyncFiles\Temp\HFSS_sim\LHS400_Connection2,train,TSV,201,skipped,C:\ffzhzh\SyncFiles\Temp\HFSS_sim\LHS400_Connection2\train\TSV\dut201.s2p
C:\ffzhzh\SyncFiles\Temp\HFSS_sim\LHS400_Connection2,train,TSV,202,skipped,C:\ffzhzh\SyncFiles\Temp\HFSS_sim\LHS400_Connection2\train\TSV\dut202.s2p
C:\ffzhzh\SyncFiles\Temp\HFSS_sim\LHS400_Connection2,train,TSV,203,skipped,C:\ffzhzh\SyncFiles\Temp\HFSS_sim\LHS400_Connection2\train\TSV\dut203.s2p
C:\ffzhzh\SyncFiles\Temp\HFSS_sim\LHS400_Connection2,train,TSV,204,skipped,C:\ffzhzh\SyncFiles\Temp\HFSS_sim\LHS400_Connection2\train\TSV\dut204.s2p
C:\ffzhzh\SyncFiles\Temp\HFSS_sim\LHS400_Connection2,train,TSV,205,skipped,C:\ffzhzh\SyncFiles\Temp\HFSS_sim\LHS400_Connection2\train\TSV\dut205.s2p
C:\ffzhzh\SyncFiles\Temp\HFSS_sim\LHS400_Connection2,train,TSV,206,skipped,C:\ffzhzh\SyncFiles\Temp\HFSS_sim\LHS400_Connection2\train\TSV\dut206.s2p
C:\ffzhzh\SyncFiles\Temp\HFSS_sim\LHS400_Connection2,train,TSV,207,skipped,C:\ffzhzh\SyncFiles\Temp\HFSS_sim\LHS400_Connection2\train\TSV\dut207.s2p
C:\ffzhzh\SyncFiles\Temp\HFSS_sim\LHS400_Connection2,train,TSV,208,skipped,C:\ffzhzh\SyncFiles\Temp\HFSS_sim\LHS400_Connection2\train\TSV\dut208.s2p
C:\ffzhzh\SyncFiles\Temp\HFSS_sim\LHS400_Connection2,train,TSV,209,skipped,C:\ffzhzh\SyncFiles\Temp\HFSS_sim\LHS400_Connection2\train\TSV\dut209.s2p
C:\ffzhzh\SyncFiles\Temp\HFSS_sim\LHS400_Connection2,train,TSV,210,skipped,C:\ffzhzh\SyncFiles\Temp\HFSS_sim\LHS400_Connection2\train\TSV\dut210.s2p
C:\ffzhzh\SyncFiles\Temp\HFSS_sim\LHS400_Connection2,train,TSV,211,skipped,C:\ffzhzh\SyncFiles\Temp\HFSS_sim\LHS400_Connection2\train\TSV\dut211.s2p
C:\ffzhzh\SyncFiles\Temp\HFSS_sim\LHS400_Connection2,train,TSV,212,skipped,C:\ffzhzh\SyncFiles\Temp\HFSS_sim\LHS400_Connection2\train\TSV\dut212.s2p
C:\ffzhzh\SyncFiles\Temp\HFSS_sim\LHS400_Connection2,train,TSV,213,skipped,C:\ffzhzh\SyncFiles\Temp\HFSS_sim\LHS400_Connection2\train\TSV\dut213.s2p
C:\ffzhzh\SyncFiles\Temp\HFSS_sim\LHS400_Connection2,train,TSV,214,skipped,C:\ffzhzh\SyncFiles\Temp\HFSS_sim\LHS400_Connection2\train\TSV\dut214.s2p
C:\ffzhzh\SyncFiles\Temp\HFSS_sim\LHS400_Connection2,train,TSV,215,skipped,C:\ffzhzh\SyncFiles\Temp\HFSS_sim\LHS400_Connection2\train\TSV\dut215.s2p
C:\ffzhzh\SyncFiles\Temp\HFSS_sim\LHS400_Connection2,train,TSV,216,skipped,C:\ffzhzh\SyncFiles\Temp\HFSS_sim\LHS400_Connection2\train\TSV\dut216.s2p
C:\ffzhzh\SyncFiles\Temp\HFSS_sim\LHS400_Connection2,train,TSV,217,skipped,C:\ffzhzh\SyncFiles\Temp\HFSS_sim\LHS400_Connection2\train\TSV\dut217.s2p
C:\ffzhzh\SyncFiles\Temp\HFSS_sim\LHS400_Connection2,train,TSV,218,skipped,C:\ffzhzh\SyncFiles\Temp\HFSS_sim\LHS400_Connection2\train\TSV\dut218.s2p
C:\ffzhzh\SyncFiles\Temp\HFSS_sim\LHS400_Connection2,train,TSV,219,skipped,C:\ffzhzh\SyncFiles\Temp\HFSS_sim\LHS400_Connection2\train\TSV\dut219.s2p
C:\ffzhzh\SyncFiles\Temp\HFSS_sim\LHS400_Connection2,train,TSV,220,skipped,C:\ffzhzh\SyncFiles\Temp\HFSS_sim\LHS400_Connection2\train\TSV\dut220.s2p
C:\ffzhzh\SyncFiles\Temp\HFSS_sim\LHS400_Connection2,train,TSV,221,skipped,C:\ffzhzh\SyncFiles\Temp\HFSS_sim\LHS400_Connection2\train\TSV\dut221.s2p
C:\ffzhzh\SyncFiles\Temp\HFSS_sim\LHS400_Connection2,train,TSV,222,skipped,C:\ffzhzh\SyncFiles\Temp\HFSS_sim\LHS400_Connection2\train\TSV\dut222.s2p
C:\ffzhzh\SyncFiles\Temp\HFSS_sim\LHS400_Connection2,train,TSV,223,skipped,C:\ffzhzh\SyncFiles\Temp\HFSS_sim\LHS400_Connection2\train\TSV\dut223.s2p
C:\ffzhzh\SyncFiles\Temp\HFSS_sim\LHS400_Connection2,train,TSV,224,skipped,C:\ffzhzh\SyncFiles\Temp\HFSS_sim\LHS400_Connection2\train\TSV\dut224.s2p
C:\ffzhzh\SyncFiles\Temp\HFSS_sim\LHS400_Connection2,train,TSV,225,skipped,C:\ffzhzh\SyncFiles\Temp\HFSS_sim\LHS400_Connection2\train\TSV\dut225.s2p
C:\ffzhzh\SyncFiles\Temp\HFSS_sim\LHS400_Connection2,train,TSV,226,skipped,C:\ffzhzh\SyncFiles\Temp\HFSS_sim\LHS400_Connection2\train\TSV\dut226.s2p
C:\ffzhzh\SyncFiles\Temp\HFSS_sim\LHS400_Connection2,train,TSV,227,skipped,C:\ffzhzh\SyncFiles\Temp\HFSS_sim\LHS400_Connection2\train\TSV\dut227.s2p
C:\ffzhzh\SyncFiles\Temp\HFSS_sim\LHS400_Connection2,train,TSV,228,skipped,C:\ffzhzh\SyncFiles\Temp\HFSS_sim\LHS400_Connection2\train\TSV\dut228.s2p
C:\ffzhzh\SyncFiles\Temp\HFSS_sim\LHS400_Connection2,train,TSV,229,skipped,C:\ffzhzh\SyncFiles\Temp\HFSS_sim\LHS400_Connection2\train\TSV\dut229.s2p
C:\ffzhzh\SyncFiles\Temp\HFSS_sim\LHS400_Connection2,train,TSV,230,skipped,C:\ffzhzh\SyncFiles\Temp\HFSS_sim\LHS400_Connection2\train\TSV\dut230.s2p
C:\ffzhzh\SyncFiles\Temp\HFSS_sim\LHS400_Connection2,train,TSV,231,skipped,C:\ffzhzh\SyncFiles\Temp\HFSS_sim\LHS400_Connection2\train\TSV\dut231.s2p
C:\ffzhzh\SyncFiles\Temp\HFSS_sim\LHS400_Connection2,train,TSV,232,skipped,C:\ffzhzh\SyncFiles\Temp\HFSS_sim\LHS400_Connection2\train\TSV\dut232.s2p
C:\ffzhzh\SyncFiles\Temp\HFSS_sim\LHS400_Connection2,train,TSV,233,skipped,C:\ffzhzh\SyncFiles\Temp\HFSS_sim\LHS400_Connection2\train\TSV\dut233.s2p
C:\ffzhzh\SyncFiles\Temp\HFSS_sim\LHS400_Connection2,train,TSV,234,skipped,C:\ffzhzh\SyncFiles\Temp\HFSS_sim\LHS400_Connection2\train\TSV\dut234.s2p
C:\ffzhzh\SyncFiles\Temp\HFSS_sim\LHS400_Connection2,train,TSV,235,skipped,C:\ffzhzh\SyncFiles\Temp\HFSS_sim\LHS400_Connection2\train\TSV\dut235.s2p
C:\ffzhzh\SyncFiles\Temp\HFSS_sim\LHS400_Connection2,train,TSV,236,skipped,C:\ffzhzh\SyncFiles\Temp\HFSS_sim\LHS400_Connection2\train\TSV\dut236.s2p
C:\ffzhzh\SyncFiles\Temp\HFSS_sim\LHS400_Connection2,train,TSV,237,skipped,C:\ffzhzh\SyncFiles\Temp\HFSS_sim\LHS400_Connection2\train\TSV\dut237.s2p
C:\ffzhzh\SyncFiles\Temp\HFSS_sim\LHS400_Connection2,train,TSV,238,skipped,C:\ffzhzh\SyncFiles\Temp\HFSS_sim\LHS400_Connection2\train\TSV\dut238.s2p
C:\ffzhzh\SyncFiles\Temp\HFSS_sim\LHS400_Connection2,train,TSV,239,skipped,C:\ffzhzh\SyncFiles\Temp\HFSS_sim\LHS400_Connection2\train\TSV\dut239.s2p
C:\ffzhzh\SyncFiles\Temp\HFSS_sim\LHS400_Connection2,train,TSV,240,skipped,C:\ffzhzh\SyncFiles\Temp\HFSS_sim\LHS400_Connection2\train\TSV\dut240.s2p
C:\ffzhzh\SyncFiles\Temp\HFSS_sim\LHS400_Connection2,train,TSV,241,skipped,C:\ffzhzh\SyncFiles\Temp\HFSS_sim\LHS400_Connection2\train\TSV\dut241.s2p
C:\ffzhzh\SyncFiles\Temp\HFSS_sim\LHS400_Connection2,train,TSV,242,skipped,C:\ffzhzh\SyncFiles\Temp\HFSS_sim\LHS400_Connection2\train\TSV\dut242.s2p
C:\ffzhzh\SyncFiles\Temp\HFSS_sim\LHS400_Connection2,train,TSV,243,skipped,C:\ffzhzh\SyncFiles\Temp\HFSS_sim\LHS400_Connection2\train\TSV\dut243.s2p
C:\ffzhzh\SyncFiles\Temp\HFSS_sim\LHS400_Connection2,train,TSV,244,skipped,C:\ffzhzh\SyncFiles\Temp\HFSS_sim\LHS400_Connection2\train\TSV\dut244.s2p
C:\ffzhzh\SyncFiles\Temp\HFSS_sim\LHS400_Connection2,train,TSV,245,skipped,C:\ffzhzh\SyncFiles\Temp\HFSS_sim\LHS400_Connection2\train\TSV\dut245.s2p
C:\ffzhzh\SyncFiles\Temp\HFSS_sim\LHS400_Connection2,train,TSV,246,skipped,C:\ffzhzh\SyncFiles\Temp\HFSS_sim\LHS400_Connection2\train\TSV\dut246.s2p
C:\ffzhzh\SyncFiles\Temp\HFSS_sim\LHS400_Connection2,train,TSV,247,skipped,C:\ffzhzh\SyncFiles\Temp\HFSS_sim\LHS400_Connection2\train\TSV\dut247.s2p
C:\ffzhzh\SyncFiles\Temp\HFSS_sim\LHS400_Connection2,train,TSV,248,skipped,C:\ffzhzh\SyncFiles\Temp\HFSS_sim\LHS400_Connection2\train\TSV\dut248.s2p
C:\ffzhzh\SyncFiles\Temp\HFSS_sim\LHS400_Connection2,train,TSV,249,skipped,C:\ffzhzh\SyncFiles\Temp\HFSS_sim\LHS400_Connection2\train\TSV\dut249.s2p
C:\ffzhzh\SyncFiles\Temp\HFSS_sim\LHS400_Connection2,train,TSV,250,skipped,C:\ffzhzh\SyncFiles\Temp\HFSS_sim\LHS400_Connection2\train\TSV\dut250.s2p
C:\ffzhzh\SyncFiles\Temp\HFSS_sim\LHS400_Connection2,train,TSV,251,skipped,C:\ffzhzh\SyncFiles\Temp\HFSS_sim\LHS400_Connection2\train\TSV\dut251.s2p
C:\ffzhzh\SyncFiles\Temp\HFSS_sim\LHS400_Connection2,train,TSV,252,skipped,C:\ffzhzh\SyncFiles\Temp\HFSS_sim\LHS400_Connection2\train\TSV\dut252.s2p
C:\ffzhzh\SyncFiles\Temp\HFSS_sim\LHS400_Connection2,train,TSV,253,skipped,C:\ffzhzh\SyncFiles\Temp\HFSS_sim\LHS400_Connection2\train\TSV\dut253.s2p
C:\ffzhzh\SyncFiles\Temp\HFSS_sim\LHS400_Connection2,train,TSV,254,skipped,C:\ffzhzh\SyncFiles\Temp\HFSS_sim\LHS400_Connection2\train\TSV\dut254.s2p
C:\ffzhzh\SyncFiles\Temp\HFSS_sim\LHS400_Connection2,train,TSV,255,skipped,C:\ffzhzh\SyncFiles\Temp\HFSS_sim\LHS400_Connection2\train\TSV\dut255.s2p
C:\ffzhzh\SyncFiles\Temp\HFSS_sim\LHS400_Connection2,train,TSV,256,skipped,C:\ffzhzh\SyncFiles\Temp\HFSS_sim\LHS400_Connection2\train\TSV\dut256.s2p
C:\ffzhzh\SyncFiles\Temp\HFSS_sim\LHS400_Connection2,train,TSV,257,skipped,C:\ffzhzh\SyncFiles\Temp\HFSS_sim\LHS400_Connection2\train\TSV\dut257.s2p
C:\ffzhzh\SyncFiles\Temp\HFSS_sim\LHS400_Connection2,train,TSV,258,skipped,C:\ffzhzh\SyncFiles\Temp\HFSS_sim\LHS400_Connection2\train\TSV\dut258.s2p
C:\ffzhzh\SyncFiles\Temp\HFSS_sim\LHS400_Connection2,train,TSV,259,skipped,C:\ffzhzh\SyncFiles\Temp\HFSS_sim\LHS400_Connection2\train\TSV\dut259.s2p
C:\ffzhzh\SyncFiles\Temp\HFSS_sim\LHS400_Connection2,train,TSV,260,skipped,C:\ffzhzh\SyncFiles\Temp\HFSS_sim\LHS400_Connection2\train\TSV\dut260.s2p
C:\ffzhzh\SyncFiles\Temp\HFSS_sim\LHS400_Connection2,train,TSV,261,skipped,C:\ffzhzh\SyncFiles\Temp\HFSS_sim\LHS400_Connection2\train\TSV\dut261.s2p
C:\ffzhzh\SyncFiles\Temp\HFSS_sim\LHS400_Connection2,train,TSV,262,skipped,C:\ffzhzh\SyncFiles\Temp\HFSS_sim\LHS400_Connection2\train\TSV\dut262.s2p
C:\ffzhzh\SyncFiles\Temp\HFSS_sim\LHS400_Connection2,train,TSV,263,skipped,C:\ffzhzh\SyncFiles\Temp\HFSS_sim\LHS400_Connection2\train\TSV\dut263.s2p
C:\ffzhzh\SyncFiles\Temp\HFSS_sim\LHS400_Connection2,train,TSV,264,skipped,C:\ffzhzh\SyncFiles\Temp\HFSS_sim\LHS400_Connection2\train\TSV\dut264.s2p
C:\ffzhzh\SyncFiles\Temp\HFSS_sim\LHS400_Connection2,train,TSV,265,skipped,C:\ffzhzh\SyncFiles\Temp\HFSS_sim\LHS400_Connection2\train\TSV\dut265.s2p
C:\ffzhzh\SyncFiles\Temp\HFSS_sim\LHS400_Connection2,train,TSV,266,skipped,C:\ffzhzh\SyncFiles\Temp\HFSS_sim\LHS400_Connection2\train\TSV\dut266.s2p
C:\ffzhzh\SyncFiles\Temp\HFSS_sim\LHS400_Connection2,train,TSV,267,skipped,C:\ffzhzh\SyncFiles\Temp\HFSS_sim\LHS400_Connection2\train\TSV\dut267.s2p
C:\ffzhzh\SyncFiles\Temp\HFSS_sim\LHS400_Connection2,train,TSV,268,skipped,C:\ffzhzh\SyncFiles\Temp\HFSS_sim\LHS400_Connection2\train\TSV\dut268.s2p
C:\ffzhzh\SyncFiles\Temp\HFSS_sim\LHS400_Connection2,train,TSV,269,skipped,C:\ffzhzh\SyncFiles\Temp\HFSS_sim\LHS400_Connection2\train\TSV\dut269.s2p
C:\ffzhzh\SyncFiles\Temp\HFSS_sim\LHS400_Connection2,train,TSV,270,skipped,C:\ffzhzh\SyncFiles\Temp\HFSS_sim\LHS400_Connection2\train\TSV\dut270.s2p
C:\ffzhzh\SyncFiles\Temp\HFSS_sim\LHS400_Connection2,train,TSV,271,skipped,C:\ffzhzh\SyncFiles\Temp\HFSS_sim\LHS400_Connection2\train\TSV\dut271.s2p
C:\ffzhzh\SyncFiles\Temp\HFSS_sim\LHS400_Connection2,train,TSV,272,skipped,C:\ffzhzh\SyncFiles\Temp\HFSS_sim\LHS400_Connection2\train\TSV\dut272.s2p
C:\ffzhzh\SyncFiles\Temp\HFSS_sim\LHS400_Connection2,train,TSV,273,skipped,C:\ffzhzh\SyncFiles\Temp\HFSS_sim\LHS400_Connection2\train\TSV\dut273.s2p
C:\ffzhzh\SyncFiles\Temp\HFSS_sim\LHS400_Connection2,train,TSV,274,skipped,C:\ffzhzh\SyncFiles\Temp\HFSS_sim\LHS400_Connection2\train\TSV\dut274.s2p
C:\ffzhzh\SyncFiles\Temp\HFSS_sim\LHS400_Connection2,train,TSV,275,skipped,C:\ffzhzh\SyncFiles\Temp\HFSS_sim\LHS400_Connection2\train\TSV\dut275.s2p
C:\ffzhzh\SyncFiles\Temp\HFSS_sim\LHS400_Connection2,train,TSV,276,skipped,C:\ffzhzh\SyncFiles\Temp\HFSS_sim\LHS400_Connection2\train\TSV\dut276.s2p
C:\ffzhzh\SyncFiles\Temp\HFSS_sim\LHS400_Connection2,train,TSV,277,skipped,C:\ffzhzh\SyncFiles\Temp\HFSS_sim\LHS400_Connection2\train\TSV\dut277.s2p
C:\ffzhzh\SyncFiles\Temp\HFSS_sim\LHS400_Connection2,train,TSV,278,skipped,C:\ffzhzh\SyncFiles\Temp\HFSS_sim\LHS400_Connection2\train\TSV\dut278.s2p
C:\ffzhzh\SyncFiles\Temp\HFSS_sim\LHS400_Connection2,train,TSV,279,skipped,C:\ffzhzh\SyncFiles\Temp\HFSS_sim\LHS400_Connection2\train\TSV\dut279.s2p
C:\ffzhzh\SyncFiles\Temp\HFSS_sim\LHS400_Connection2,train,TSV,280,skipped,C:\ffzhzh\SyncFiles\Temp\HFSS_sim\LHS400_Connection2\train\TSV\dut280.s2p
C:\ffzhzh\SyncFiles\Temp\HFSS_sim\LHS400_Connection2,train,TSV,281,skipped,C:\ffzhzh\SyncFiles\Temp\HFSS_sim\LHS400_Connection2\train\TSV\dut281.s2p
C:\ffzhzh\SyncFiles\Temp\HFSS_sim\LHS400_Connection2,train,TSV,282,skipped,C:\ffzhzh\SyncFiles\Temp\HFSS_sim\LHS400_Connection2\train\TSV\dut282.s2p
C:\ffzhzh\SyncFiles\Temp\HFSS_sim\LHS400_Connection2,train,TSV,283,skipped,C:\ffzhzh\SyncFiles\Temp\HFSS_sim\LHS400_Connection2\train\TSV\dut283.s2p
C:\ffzhzh\SyncFiles\Temp\HFSS_sim\LHS400_Connection2,train,TSV,284,skipped,C:\ffzhzh\SyncFiles\Temp\HFSS_sim\LHS400_Connection2\train\TSV\dut284.s2p
C:\ffzhzh\SyncFiles\Temp\HFSS_sim\LHS400_Connection2,train,TSV,285,skipped,C:\ffzhzh\SyncFiles\Temp\HFSS_sim\LHS400_Connection2\train\TSV\dut285.s2p
C:\ffzhzh\SyncFiles\Temp\HFSS_sim\LHS400_Connection2,train,TSV,286,skipped,C:\ffzhzh\SyncFiles\Temp\HFSS_sim\LHS400_Connection2\train\TSV\dut286.s2p
C:\ffzhzh\SyncFiles\Temp\HFSS_sim\LHS400_Connection2,train,TSV,287,skipped,C:\ffzhzh\SyncFiles\Temp\HFSS_sim\LHS400_Connection2\train\TSV\dut287.s2p
C:\ffzhzh\SyncFiles\Temp\HFSS_sim\LHS400_Connection2,train,TSV,288,skipped,C:\ffzhzh\SyncFiles\Temp\HFSS_sim\LHS400_Connection2\train\TSV\dut288.s2p
C:\ffzhzh\SyncFiles\Temp\HFSS_sim\LHS400_Connection2,train,TSV,289,skipped,C:\ffzhzh\SyncFiles\Temp\HFSS_sim\LHS400_Connection2\train\TSV\dut289.s2p
C:\ffzhzh\SyncFiles\Temp\HFSS_sim\LHS400_Connection2,train,TSV,290,skipped,C:\ffzhzh\SyncFiles\Temp\HFSS_sim\LHS400_Connection2\train\TSV\dut290.s2p
C:\ffzhzh\SyncFiles\Temp\HFSS_sim\LHS400_Connection2,train,TSV,291,skipped,C:\ffzhzh\SyncFiles\Temp\HFSS_sim\LHS400_Connection2\train\TSV\dut291.s2p
C:\ffzhzh\SyncFiles\Temp\HFSS_sim\LHS400_Connection2,train,TSV,292,skipped,C:\ffzhzh\SyncFiles\Temp\HFSS_sim\LHS400_Connection2\train\TSV\dut292.s2p
C:\ffzhzh\SyncFiles\Temp\HFSS_sim\LHS400_Connection2,train,TSV,293,skipped,C:\ffzhzh\SyncFiles\Temp\HFSS_sim\LHS400_Connection2\train\TSV\dut293.s2p
C:\ffzhzh\SyncFiles\Temp\HFSS_sim\LHS400_Connection2,train,TSV,294,skipped,C:\ffzhzh\SyncFiles\Temp\HFSS_sim\LHS400_Connection2\train\TSV\dut294.s2p
C:\ffzhzh\SyncFiles\Temp\HFSS_sim\LHS400_Connection2,train,TSV,295,skipped,C:\ffzhzh\SyncFiles\Temp\HFSS_sim\LHS400_Connection2\train\TSV\dut295.s2p
C:\ffzhzh\SyncFiles\Temp\HFSS_sim\LHS400_Connection2,train,TSV,296,skipped,C:\ffzhzh\SyncFiles\Temp\HFSS_sim\LHS400_Connection2\train\TSV\dut296.s2p
C:\ffzhzh\SyncFiles\Temp\HFSS_sim\LHS400_Connection2,train,TSV,297,skipped,C:\ffzhzh\SyncFiles\Temp\HFSS_sim\LHS400_Connection2\train\TSV\dut297.s2p
C:\ffzhzh\SyncFiles\Temp\HFSS_sim\LHS400_Connection2,train,TSV,298,skipped,C:\ffzhzh\SyncFiles\Temp\HFSS_sim\LHS400_Connection2\train\TSV\dut298.s2p
C:\ffzhzh\SyncFiles\Temp\HFSS_sim\LHS400_Connection2,train,TSV,299,skipped,C:\ffzhzh\SyncFiles\Temp\HFSS_sim\LHS400_Connection2\train\TSV\dut299.s2p
C:\ffzhzh\SyncFiles\Temp\HFSS_sim\LHS400_Connection2,train,TSV,300,skipped,C:\ffzhzh\SyncFiles\Temp\HFSS_sim\LHS400_Connection2\train\TSV\dut300.s2p
C:\ffzhzh\SyncFiles\Temp\HFSS_sim\LHS400_Connection2,train,TSV,301,skipped,C:\ffzhzh\SyncFiles\Temp\HFSS_sim\LHS400_Connection2\train\TSV\dut301.s2p
C:\ffzhzh\SyncFiles\Temp\HFSS_sim\LHS400_Connection2,train,TSV,302,skipped,C:\ffzhzh\SyncFiles\Temp\HFSS_sim\LHS400_Connection2\train\TSV\dut302.s2p
C:\ffzhzh\SyncFiles\Temp\HFSS_sim\LHS400_Connection2,train,TSV,303,skipped,C:\ffzhzh\SyncFiles\Temp\HFSS_sim\LHS400_Connection2\train\TSV\dut303.s2p
C:\ffzhzh\SyncFiles\Temp\HFSS_sim\LHS400_Connection2,train,TSV,304,skipped,C:\ffzhzh\SyncFiles\Temp\HFSS_sim\LHS400_Connection2\train\TSV\dut304.s2p
C:\ffzhzh\SyncFiles\Temp\HFSS_sim\LHS400_Connection2,train,TSV,305,skipped,C:\ffzhzh\SyncFiles\Temp\HFSS_sim\LHS400_Connection2\train\TSV\dut305.s2p
C:\ffzhzh\SyncFiles\Temp\HFSS_sim\LHS400_Connection2,train,TSV,306,skipped,C:\ffzhzh\SyncFiles\Temp\HFSS_sim\LHS400_Connection2\train\TSV\dut306.s2p
C:\ffzhzh\SyncFiles\Temp\HFSS_sim\LHS400_Connection2,train,TSV,307,skipped,C:\ffzhzh\SyncFiles\Temp\HFSS_sim\LHS400_Connection2\train\TSV\dut307.s2p
C:\ffzhzh\SyncFiles\Temp\HFSS_sim\LHS400_Connection2,train,TSV,308,skipped,C:\ffzhzh\SyncFiles\Temp\HFSS_sim\LHS400_Connection2\train\TSV\dut308.s2p
C:\ffzhzh\SyncFiles\Temp\HFSS_sim\LHS400_Connection2,train,TSV,309,skipped,C:\ffzhzh\SyncFiles\Temp\HFSS_sim\LHS400_Connection2\train\TSV\dut309.s2p
C:\ffzhzh\SyncFiles\Temp\HFSS_sim\LHS400_Connection2,train,TSV,310,skipped,C:\ffzhzh\SyncFiles\Temp\HFSS_sim\LHS400_Connection2\train\TSV\dut310.s2p
C:\ffzhzh\SyncFiles\Temp\HFSS_sim\LHS400_Connection2,train,TSV,311,skipped,C:\ffzhzh\SyncFiles\Temp\HFSS_sim\LHS400_Connection2\train\TSV\dut311.s2p
C:\ffzhzh\SyncFiles\Temp\HFSS_sim\LHS400_Connection2,train,TSV,312,skipped,C:\ffzhzh\SyncFiles\Temp\HFSS_sim\LHS400_Connection2\train\TSV\dut312.s2p
C:\ffzhzh\SyncFiles\Temp\HFSS_sim\LHS400_Connection2,train,TSV,313,skipped,C:\ffzhzh\SyncFiles\Temp\HFSS_sim\LHS400_Connection2\train\TSV\dut313.s2p
C:\ffzhzh\SyncFiles\Temp\HFSS_sim\LHS400_Connection2,train,TSV,314,skipped,C:\ffzhzh\SyncFiles\Temp\HFSS_sim\LHS400_Connection2\train\TSV\dut314.s2p
C:\ffzhzh\SyncFiles\Temp\HFSS_sim\LHS400_Connection2,train,TSV,315,skipped,C:\ffzhzh\SyncFiles\Temp\HFSS_sim\LHS400_Connection2\train\TSV\dut315.s2p
C:\ffzhzh\SyncFiles\Temp\HFSS_sim\LHS400_Connection2,train,TSV,316,skipped,C:\ffzhzh\SyncFiles\Temp\HFSS_sim\LHS400_Connection2\train\TSV\dut316.s2p
C:\ffzhzh\SyncFiles\Temp\HFSS_sim\LHS400_Connection2,train,TSV,317,skipped,C:\ffzhzh\SyncFiles\Temp\HFSS_sim\LHS400_Connection2\train\TSV\dut317.s2p
C:\ffzhzh\SyncFiles\Temp\HFSS_sim\LHS400_Connection2,train,TSV,318,skipped,C:\ffzhzh\SyncFiles\Temp\HFSS_sim\LHS400_Connection2\train\TSV\dut318.s2p
C:\ffzhzh\SyncFiles\Temp\HFSS_sim\LHS400_Connection2,train,TSV,319,skipped,C:\ffzhzh\SyncFiles\Temp\HFSS_sim\LHS400_Connection2\train\TSV\dut319.s2p
C:\ffzhzh\SyncFiles\Temp\HFSS_sim\LHS400_Connection2,train,TSV,320,skipped,C:\ffzhzh\SyncFiles\Temp\HFSS_sim\LHS400_Connection2\train\TSV\dut320.s2p
C:\ffzhzh\SyncFiles\Temp\HFSS_sim\LHS400_Connection2,train,TSV,321,skipped,C:\ffzhzh\SyncFiles\Temp\HFSS_sim\LHS400_Connection2\train\TSV\dut321.s2p
C:\ffzhzh\SyncFiles\Temp\HFSS_sim\LHS400_Connection2,train,TSV,322,skipped,C:\ffzhzh\SyncFiles\Temp\HFSS_sim\LHS400_Connection2\train\TSV\dut322.s2p
C:\ffzhzh\SyncFiles\Temp\HFSS_sim\LHS400_Connection2,train,TSV,323,skipped,C:\ffzhzh\SyncFiles\Temp\HFSS_sim\LHS400_Connection2\train\TSV\dut323.s2p
C:\ffzhzh\SyncFiles\Temp\HFSS_sim\LHS400_Connection2,train,TSV,324,skipped,C:\ffzhzh\SyncFiles\Temp\HFSS_sim\LHS400_Connection2\train\TSV\dut324.s2p
C:\ffzhzh\SyncFiles\Temp\HFSS_sim\LHS400_Connection2,train,TSV,325,skipped,C:\ffzhzh\SyncFiles\Temp\HFSS_sim\LHS400_Connection2\train\TSV\dut325.s2p
C:\ffzhzh\SyncFiles\Temp\HFSS_sim\LHS400_Connection2,train,TSV,326,skipped,C:\ffzhzh\SyncFiles\Temp\HFSS_sim\LHS400_Connection2\train\TSV\dut326.s2p
C:\ffzhzh\SyncFiles\Temp\HFSS_sim\LHS400_Connection2,train,TSV,327,skipped,C:\ffzhzh\SyncFiles\Temp\HFSS_sim\LHS400_Connection2\train\TSV\dut327.s2p
C:\ffzhzh\SyncFiles\Temp\HFSS_sim\LHS400_Connection2,train,TSV,328,skipped,C:\ffzhzh\SyncFiles\Temp\HFSS_sim\LHS400_Connection2\train\TSV\dut328.s2p
C:\ffzhzh\SyncFiles\Temp\HFSS_sim\LHS400_Connection2,train,TSV,329,skipped,C:\ffzhzh\SyncFiles\Temp\HFSS_sim\LHS400_Connection2\train\TSV\dut329.s2p
C:\ffzhzh\SyncFiles\Temp\HFSS_sim\LHS400_Connection2,train,TSV,330,skipped,C:\ffzhzh\SyncFiles\Temp\HFSS_sim\LHS400_Connection2\train\TSV\dut330.s2p
C:\ffzhzh\SyncFiles\Temp\HFSS_sim\LHS400_Connection2,train,TSV,331,skipped,C:\ffzhzh\SyncFiles\Temp\HFSS_sim\LHS400_Connection2\train\TSV\dut331.s2p
C:\ffzhzh\SyncFiles\Temp\HFSS_sim\LHS400_Connection2,train,TSV,332,skipped,C:\ffzhzh\SyncFiles\Temp\HFSS_sim\LHS400_Connection2\train\TSV\dut332.s2p
C:\ffzhzh\SyncFiles\Temp\HFSS_sim\LHS400_Connection2,train,TSV,333,skipped,C:\ffzhzh\SyncFiles\Temp\HFSS_sim\LHS400_Connection2\train\TSV\dut333.s2p
C:\ffzhzh\SyncFiles\Temp\HFSS_sim\LHS400_Connection2,train,TSV,334,skipped,C:\ffzhzh\SyncFiles\Temp\HFSS_sim\LHS400_Connection2\train\TSV\dut334.s2p
C:\ffzhzh\SyncFiles\Temp\HFSS_sim\LHS400_Connection2,train,TSV,335,skipped,C:\ffzhzh\SyncFiles\Temp\HFSS_sim\LHS400_Connection2\train\TSV\dut335.s2p
C:\ffzhzh\SyncFiles\Temp\HFSS_sim\LHS400_Connection2,train,TSV,336,skipped,C:\ffzhzh\SyncFiles\Temp\HFSS_sim\LHS400_Connection2\train\TSV\dut336.s2p
C:\ffzhzh\SyncFiles\Temp\HFSS_sim\LHS400_Connection2,train,TSV,337,skipped,C:\ffzhzh\SyncFiles\Temp\HFSS_sim\LHS400_Connection2\train\TSV\dut337.s2p
C:\ffzhzh\SyncFiles\Temp\HFSS_sim\LHS400_Connection2,train,TSV,338,skipped,C:\ffzhzh\SyncFiles\Temp\HFSS_sim\LHS400_Connection2\train\TSV\dut338.s2p
C:\ffzhzh\SyncFiles\Temp\HFSS_sim\LHS400_Connection2,train,TSV,339,skipped,C:\ffzhzh\SyncFiles\Temp\HFSS_sim\LHS400_Connection2\train\TSV\dut339.s2p
C:\ffzhzh\SyncFiles\Temp\HFSS_sim\LHS400_Connection2,train,TSV,340,skipped,C:\ffzhzh\SyncFiles\Temp\HFSS_sim\LHS400_Connection2\train\TSV\dut340.s2p
C:\ffzhzh\SyncFiles\Temp\HFSS_sim\LHS400_Connection2,train,TSV,341,skipped,C:\ffzhzh\SyncFiles\Temp\HFSS_sim\LHS400_Connection2\train\TSV\dut341.s2p
C:\ffzhzh\SyncFiles\Temp\HFSS_sim\LHS400_Connection2,train,TSV,342,skipped,C:\ffzhzh\SyncFiles\Temp\HFSS_sim\LHS400_Connection2\train\TSV\dut342.s2p
C:\ffzhzh\SyncFiles\Temp\HFSS_sim\LHS400_Connection2,train,TSV,343,skipped,C:\ffzhzh\SyncFiles\Temp\HFSS_sim\LHS400_Connection2\train\TSV\dut343.s2p
C:\ffzhzh\SyncFiles\Temp\HFSS_sim\LHS400_Connection2,train,TSV,344,skipped,C:\ffzhzh\SyncFiles\Temp\HFSS_sim\LHS400_Connection2\train\TSV\dut344.s2p
C:\ffzhzh\SyncFiles\Temp\HFSS_sim\LHS400_Connection2,train,TSV,345,skipped,C:\ffzhzh\SyncFiles\Temp\HFSS_sim\LHS400_Connection2\train\TSV\dut345.s2p
C:\ffzhzh\SyncFiles\Temp\HFSS_sim\LHS400_Connection2,train,TSV,346,skipped,C:\ffzhzh\SyncFiles\Temp\HFSS_sim\LHS400_Connection2\train\TSV\dut346.s2p
C:\ffzhzh\SyncFiles\Temp\HFSS_sim\LHS400_Connection2,train,TSV,347,skipped,C:\ffzhzh\SyncFiles\Temp\HFSS_sim\LHS400_Connection2\train\TSV\dut347.s2p
C:\ffzhzh\SyncFiles\Temp\HFSS_sim\LHS400_Connection2,train,TSV,348,skipped,C:\ffzhzh\SyncFiles\Temp\HFSS_sim\LHS400_Connection2\train\TSV\dut348.s2p
C:\ffzhzh\SyncFiles\Temp\HFSS_sim\LHS400_Connection2,train,TSV,349,skipped,C:\ffzhzh\SyncFiles\Temp\HFSS_sim\LHS400_Connection2\train\TSV\dut349.s2p
C:\ffzhzh\SyncFiles\Temp\HFSS_sim\LHS400_Connection2,train,TSV,350,skipped,C:\ffzhzh\SyncFiles\Temp\HFSS_sim\LHS400_Connection2\train\TSV\dut350.s2p
C:\ffzhzh\SyncFiles\Temp\HFSS_sim\LHS400_Connection2,train,TSV,351,skipped,C:\ffzhzh\SyncFiles\Temp\HFSS_sim\LHS400_Connection2\train\TSV\dut351.s2p
C:\ffzhzh\SyncFiles\Temp\HFSS_sim\LHS400_Connection2,train,TSV,352,skipped,C:\ffzhzh\SyncFiles\Temp\HFSS_sim\LHS400_Connection2\train\TSV\dut352.s2p
C:\ffzhzh\SyncFiles\Temp\HFSS_sim\LHS400_Connection2,train,TSV,353,skipped,C:\ffzhzh\SyncFiles\Temp\HFSS_sim\LHS400_Connection2\train\TSV\dut353.s2p
C:\ffzhzh\SyncFiles\Temp\HFSS_sim\LHS400_Connection2,train,TSV,354,skipped,C:\ffzhzh\SyncFiles\Temp\HFSS_sim\LHS400_Connection2\train\TSV\dut354.s2p
C:\ffzhzh\SyncFiles\Temp\HFSS_sim\LHS400_Connection2,train,TSV,355,skipped,C:\ffzhzh\SyncFiles\Temp\HFSS_sim\LHS400_Connection2\train\TSV\dut355.s2p
C:\ffzhzh\SyncFiles\Temp\HFSS_sim\LHS400_Connection2,train,TSV,356,skipped,C:\ffzhzh\SyncFiles\Temp\HFSS_sim\LHS400_Connection2\train\TSV\dut356.s2p
C:\ffzhzh\SyncFiles\Temp\HFSS_sim\LHS400_Connection2,train,TSV,357,skipped,C:\ffzhzh\SyncFiles\Temp\HFSS_sim\LHS400_Connection2\train\TSV\dut357.s2p
C:\ffzhzh\SyncFiles\Temp\HFSS_sim\LHS400_Connection2,train,TSV,358,skipped,C:\ffzhzh\SyncFiles\Temp\HFSS_sim\LHS400_Connection2\train\TSV\dut358.s2p
C:\ffzhzh\SyncFiles\Temp\HFSS_sim\LHS400_Connection2,train,TSV,359,skipped,C:\ffzhzh\SyncFiles\Temp\HFSS_sim\LHS400_Connection2\train\TSV\dut359.s2p
C:\ffzhzh\SyncFiles\Temp\HFSS_sim\LHS400_Connection2,train,TSV,360,skipped,C:\ffzhzh\SyncFiles\Temp\HFSS_sim\LHS400_Connection2\train\TSV\dut360.s2p
C:\ffzhzh\SyncFiles\Temp\HFSS_sim\LHS400_Connection2,train,TSV,361,skipped,C:\ffzhzh\SyncFiles\Temp\HFSS_sim\LHS400_Connection2\train\TSV\dut361.s2p
C:\ffzhzh\SyncFiles\Temp\HFSS_sim\LHS400_Connection2,train,TSV,362,skipped,C:\ffzhzh\SyncFiles\Temp\HFSS_sim\LHS400_Connection2\train\TSV\dut362.s2p
C:\ffzhzh\SyncFiles\Temp\HFSS_sim\LHS400_Connection2,train,TSV,363,skipped,C:\ffzhzh\SyncFiles\Temp\HFSS_sim\LHS400_Connection2\train\TSV\dut363.s2p
C:\ffzhzh\SyncFiles\Temp\HFSS_sim\LHS400_Connection2,train,TSV,364,skipped,C:\ffzhzh\SyncFiles\Temp\HFSS_sim\LHS400_Connection2\train\TSV\dut364.s2p
C:\ffzhzh\SyncFiles\Temp\HFSS_sim\LHS400_Connection2,train,TSV,365,skipped,C:\ffzhzh\SyncFiles\Temp\HFSS_sim\LHS400_Connection2\train\TSV\dut365.s2p
C:\ffzhzh\SyncFiles\Temp\HFSS_sim\LHS400_Connection2,train,TSV,366,skipped,C:\ffzhzh\SyncFiles\Temp\HFSS_sim\LHS400_Connection2\train\TSV\dut366.s2p
C:\ffzhzh\SyncFiles\Temp\HFSS_sim\LHS400_Connection2,train,TSV,367,skipped,C:\ffzhzh\SyncFiles\Temp\HFSS_sim\LHS400_Connection2\train\TSV\dut367.s2p
C:\ffzhzh\SyncFiles\Temp\HFSS_sim\LHS400_Connection2,train,TSV,368,skipped,C:\ffzhzh\SyncFiles\Temp\HFSS_sim\LHS400_Connection2\train\TSV\dut368.s2p
C:\ffzhzh\SyncFiles\Temp\HFSS_sim\LHS400_Connection2,train,TSV,369,skipped,C:\ffzhzh\SyncFiles\Temp\HFSS_sim\LHS400_Connection2\train\TSV\dut369.s2p
C:\ffzhzh\SyncFiles\Temp\HFSS_sim\LHS400_Connection2,train,TSV,370,skipped,C:\ffzhzh\SyncFiles\Temp\HFSS_sim\LHS400_Connection2\train\TSV\dut370.s2p
C:\ffzhzh\SyncFiles\Temp\HFSS_sim\LHS400_Connection2,train,TSV,371,skipped,C:\ffzhzh\SyncFiles\Temp\HFSS_sim\LHS400_Connection2\train\TSV\dut371.s2p
C:\ffzhzh\SyncFiles\Temp\HFSS_sim\LHS400_Connection2,train,TSV,372,skipped,C:\ffzhzh\SyncFiles\Temp\HFSS_sim\LHS400_Connection2\train\TSV\dut372.s2p
C:\ffzhzh\SyncFiles\Temp\HFSS_sim\LHS400_Connection2,train,TSV,373,skipped,C:\ffzhzh\SyncFiles\Temp\HFSS_sim\LHS400_Connection2\train\TSV\dut373.s2p
C:\ffzhzh\SyncFiles\Temp\HFSS_sim\LHS400_Connection2,train,TSV,374,skipped,C:\ffzhzh\SyncFiles\Temp\HFSS_sim\LHS400_Connection2\train\TSV\dut374.s2p
C:\ffzhzh\SyncFiles\Temp\HFSS_sim\LHS400_Connection2,train,TSV,375,skipped,C:\ffzhzh\SyncFiles\Temp\HFSS_sim\LHS400_Connection2\train\TSV\dut375.s2p
C:\ffzhzh\SyncFiles\Temp\HFSS_sim\LHS400_Connection2,train,TSV,376,skipped,C:\ffzhzh\SyncFiles\Temp\HFSS_sim\LHS400_Connection2\train\TSV\dut376.s2p
C:\ffzhzh\SyncFiles\Temp\HFSS_sim\LHS400_Connection2,train,TSV,377,skipped,C:\ffzhzh\SyncFiles\Temp\HFSS_sim\LHS400_Connection2\train\TSV\dut377.s2p
C:\ffzhzh\SyncFiles\Temp\HFSS_sim\LHS400_Connection2,train,TSV,378,skipped,C:\ffzhzh\SyncFiles\Temp\HFSS_sim\LHS400_Connection2\train\TSV\dut378.s2p
C:\ffzhzh\SyncFiles\Temp\HFSS_sim\LHS400_Connection2,train,TSV,379,skipped,C:\ffzhzh\SyncFiles\Temp\HFSS_sim\LHS400_Connection2\train\TSV\dut379.s2p
C:\ffzhzh\SyncFiles\Temp\HFSS_sim\LHS400_Connection2,train,TSV,380,skipped,C:\ffzhzh\SyncFiles\Temp\HFSS_sim\LHS400_Connection2\train\TSV\dut380.s2p
C:\ffzhzh\SyncFiles\Temp\HFSS_sim\LHS400_Connection2,train,TSV,381,skipped,C:\ffzhzh\SyncFiles\Temp\HFSS_sim\LHS400_Connection2\train\TSV\dut381.s2p
C:\ffzhzh\SyncFiles\Temp\HFSS_sim\LHS400_Connection2,train,TSV,382,skipped,C:\ffzhzh\SyncFiles\Temp\HFSS_sim\LHS400_Connection2\train\TSV\dut382.s2p
C:\ffzhzh\SyncFiles\Temp\HFSS_sim\LHS400_Connection2,train,TSV,383,skipped,C:\ffzhzh\SyncFiles\Temp\HFSS_sim\LHS400_Connection2\train\TSV\dut383.s2p
C:\ffzhzh\SyncFiles\Temp\HFSS_sim\LHS400_Connection2,train,TSV,384,skipped,C:\ffzhzh\SyncFiles\Temp\HFSS_sim\LHS400_Connection2\train\TSV\dut384.s2p
C:\ffzhzh\SyncFiles\Temp\HFSS_sim\LHS400_Connection2,train,TSV,385,skipped,C:\ffzhzh\SyncFiles\Temp\HFSS_sim\LHS400_Connection2\train\TSV\dut385.s2p
C:\ffzhzh\SyncFiles\Temp\HFSS_sim\LHS400_Connection2,train,TSV,386,skipped,C:\ffzhzh\SyncFiles\Temp\HFSS_sim\LHS400_Connection2\train\TSV\dut386.s2p
C:\ffzhzh\SyncFiles\Temp\HFSS_sim\LHS400_Connection2,train,TSV,387,skipped,C:\ffzhzh\SyncFiles\Temp\HFSS_sim\LHS400_Connection2\train\TSV\dut387.s2p
C:\ffzhzh\SyncFiles\Temp\HFSS_sim\LHS400_Connection2,train,TSV,388,skipped,C:\ffzhzh\SyncFiles\Temp\HFSS_sim\LHS400_Connection2\train\TSV\dut388.s2p
C:\ffzhzh\SyncFiles\Temp\HFSS_sim\LHS400_Connection2,train,TSV,389,skipped,C:\ffzhzh\SyncFiles\Temp\HFSS_sim\LHS400_Connection2\train\TSV\dut389.s2p
C:\ffzhzh\SyncFiles\Temp\HFSS_sim\LHS400_Connection2,train,TSV,390,skipped,C:\ffzhzh\SyncFiles\Temp\HFSS_sim\LHS400_Connection2\train\TSV\dut390.s2p
C:\ffzhzh\SyncFiles\Temp\HFSS_sim\LHS400_Connection2,train,TSV,391,skipped,C:\ffzhzh\SyncFiles\Temp\HFSS_sim\LHS400_Connection2\train\TSV\dut391.s2p
C:\ffzhzh\SyncFiles\Temp\HFSS_sim\LHS400_Connection2,train,TSV,392,skipped,C:\ffzhzh\SyncFiles\Temp\HFSS_sim\LHS400_Connection2\train\TSV\dut392.s2p
C:\ffzhzh\SyncFiles\Temp\HFSS_sim\LHS400_Connection2,train,TSV,393,skipped,C:\ffzhzh\SyncFiles\Temp\HFSS_sim\LHS400_Connection2\train\TSV\dut393.s2p
C:\ffzhzh\SyncFiles\Temp\HFSS_sim\LHS400_Connection2,train,TSV,394,skipped,C:\ffzhzh\SyncFiles\Temp\HFSS_sim\LHS400_Connection2\train\TSV\dut394.s2p
C:\ffzhzh\SyncFiles\Temp\HFSS_sim\LHS400_Connection2,train,TSV,395,skipped,C:\ffzhzh\SyncFiles\Temp\HFSS_sim\LHS400_Connection2\train\TSV\dut395.s2p
C:\ffzhzh\SyncFiles\Temp\HFSS_sim\LHS400_Connection2,train,TSV,396,skipped,C:\ffzhzh\SyncFiles\Temp\HFSS_sim\LHS400_Connection2\train\TSV\dut396.s2p
C:\ffzhzh\SyncFiles\Temp\HFSS_sim\LHS400_Connection2,train,TSV,397,skipped,C:\ffzhzh\SyncFiles\Temp\HFSS_sim\LHS400_Connection2\train\TSV\dut397.s2p
C:\ffzhzh\SyncFiles\Temp\HFSS_sim\LHS400_Connection2,train,TSV,398,skipped,C:\ffzhzh\SyncFiles\Temp\HFSS_sim\LHS400_Connection2\train\TSV\dut398.s2p
C:\ffzhzh\SyncFiles\Temp\HFSS_sim\LHS400_Connection2,train,TSV,399,skipped,C:\ffzhzh\SyncFiles\Temp\HFSS_sim\LHS400_Connection2\train\TSV\dut399.s2p
C:\ffzhzh\SyncFiles\Temp\HFSS_sim\LHS400_Connection2,train,TSV_RDL,0,skipped,C:\ffzhzh\SyncFiles\Temp\HFSS_sim\LHS400_Connection2\train\TSV_RDL\dut0.s2p
C:\ffzhzh\SyncFiles\Temp\HFSS_sim\LHS400_Connection2,train,TSV_RDL,1,skipped,C:\ffzhzh\SyncFiles\Temp\HFSS_sim\LHS400_Connection2\train\TSV_RDL\dut1.s2p
C:\ffzhzh\SyncFiles\Temp\HFSS_sim\LHS400_Connection2,train,TSV_RDL,2,skipped,C:\ffzhzh\SyncFiles\Temp\HFSS_sim\LHS400_Connection2\train\TSV_RDL\dut2.s2p
C:\ffzhzh\SyncFiles\Temp\HFSS_sim\LHS400_Connection2,train,TSV_RDL,3,skipped,C:\ffzhzh\SyncFiles\Temp\HFSS_sim\LHS400_Connection2\train\TSV_RDL\dut3.s2p
C:\ffzhzh\SyncFiles\Temp\HFSS_sim\LHS400_Connection2,train,TSV_RDL,4,skipped,C:\ffzhzh\SyncFiles\Temp\HFSS_sim\LHS400_Connection2\train\TSV_RDL\dut4.s2p
C:\ffzhzh\SyncFiles\Temp\HFSS_sim\LHS400_Connection2,train,TSV_RDL,5,skipped,C:\ffzhzh\SyncFiles\Temp\HFSS_sim\LHS400_Connection2\train\TSV_RDL\dut5.s2p
C:\ffzhzh\SyncFiles\Temp\HFSS_sim\LHS400_Connection2,train,TSV_RDL,6,skipped,C:\ffzhzh\SyncFiles\Temp\HFSS_sim\LHS400_Connection2\train\TSV_RDL\dut6.s2p
C:\ffzhzh\SyncFiles\Temp\HFSS_sim\LHS400_Connection2,train,TSV_RDL,7,skipped,C:\ffzhzh\SyncFiles\Temp\HFSS_sim\LHS400_Connection2\train\TSV_RDL\dut7.s2p
C:\ffzhzh\SyncFiles\Temp\HFSS_sim\LHS400_Connection2,train,TSV_RDL,8,skipped,C:\ffzhzh\SyncFiles\Temp\HFSS_sim\LHS400_Connection2\train\TSV_RDL\dut8.s2p
C:\ffzhzh\SyncFiles\Temp\HFSS_sim\LHS400_Connection2,train,TSV_RDL,9,skipped,C:\ffzhzh\SyncFiles\Temp\HFSS_sim\LHS400_Connection2\train\TSV_RDL\dut9.s2p
C:\ffzhzh\SyncFiles\Temp\HFSS_sim\LHS400_Connection2,train,TSV_RDL,10,skipped,C:\ffzhzh\SyncFiles\Temp\HFSS_sim\LHS400_Connection2\train\TSV_RDL\dut10.s2p
C:\ffzhzh\SyncFiles\Temp\HFSS_sim\LHS400_Connection2,train,TSV_RDL,11,skipped,C:\ffzhzh\SyncFiles\Temp\HFSS_sim\LHS400_Connection2\train\TSV_RDL\dut11.s2p
C:\ffzhzh\SyncFiles\Temp\HFSS_sim\LHS400_Connection2,train,TSV_RDL,12,skipped,C:\ffzhzh\SyncFiles\Temp\HFSS_sim\LHS400_Connection2\train\TSV_RDL\dut12.s2p
C:\ffzhzh\SyncFiles\Temp\HFSS_sim\LHS400_Connection2,train,TSV_RDL,13,skipped,C:\ffzhzh\SyncFiles\Temp\HFSS_sim\LHS400_Connection2\train\TSV_RDL\dut13.s2p
C:\ffzhzh\SyncFiles\Temp\HFSS_sim\LHS400_Connection2,train,TSV_RDL,14,skipped,C:\ffzhzh\SyncFiles\Temp\HFSS_sim\LHS400_Connection2\train\TSV_RDL\dut14.s2p
C:\ffzhzh\SyncFiles\Temp\HFSS_sim\LHS400_Connection2,train,TSV_RDL,15,skipped,C:\ffzhzh\SyncFiles\Temp\HFSS_sim\LHS400_Connection2\train\TSV_RDL\dut15.s2p
C:\ffzhzh\SyncFiles\Temp\HFSS_sim\LHS400_Connection2,train,TSV_RDL,16,skipped,C:\ffzhzh\SyncFiles\Temp\HFSS_sim\LHS400_Connection2\train\TSV_RDL\dut16.s2p
C:\ffzhzh\SyncFiles\Temp\HFSS_sim\LHS400_Connection2,train,TSV_RDL,17,skipped,C:\ffzhzh\SyncFiles\Temp\HFSS_sim\LHS400_Connection2\train\TSV_RDL\dut17.s2p
C:\ffzhzh\SyncFiles\Temp\HFSS_sim\LHS400_Connection2,train,TSV_RDL,18,skipped,C:\ffzhzh\SyncFiles\Temp\HFSS_sim\LHS400_Connection2\train\TSV_RDL\dut18.s2p
C:\ffzhzh\SyncFiles\Temp\HFSS_sim\LHS400_Connection2,train,TSV_RDL,19,skipped,C:\ffzhzh\SyncFiles\Temp\HFSS_sim\LHS400_Connection2\train\TSV_RDL\dut19.s2p
C:\ffzhzh\SyncFiles\Temp\HFSS_sim\LHS400_Connection2,train,TSV_RDL,20,skipped,C:\ffzhzh\SyncFiles\Temp\HFSS_sim\LHS400_Connection2\train\TSV_RDL\dut20.s2p
C:\ffzhzh\SyncFiles\Temp\HFSS_sim\LHS400_Connection2,train,TSV_RDL,21,skipped,C:\ffzhzh\SyncFiles\Temp\HFSS_sim\LHS400_Connection2\train\TSV_RDL\dut21.s2p
C:\ffzhzh\SyncFiles\Temp\HFSS_sim\LHS400_Connection2,train,TSV_RDL,22,skipped,C:\ffzhzh\SyncFiles\Temp\HFSS_sim\LHS400_Connection2\train\TSV_RDL\dut22.s2p
C:\ffzhzh\SyncFiles\Temp\HFSS_sim\LHS400_Connection2,train,TSV_RDL,23,skipped,C:\ffzhzh\SyncFiles\Temp\HFSS_sim\LHS400_Connection2\train\TSV_RDL\dut23.s2p
C:\ffzhzh\SyncFiles\Temp\HFSS_sim\LHS400_Connection2,train,TSV_RDL,24,skipped,C:\ffzhzh\SyncFiles\Temp\HFSS_sim\LHS400_Connection2\train\TSV_RDL\dut24.s2p
C:\ffzhzh\SyncFiles\Temp\HFSS_sim\LHS400_Connection2,train,TSV_RDL,25,skipped,C:\ffzhzh\SyncFiles\Temp\HFSS_sim\LHS400_Connection2\train\TSV_RDL\dut25.s2p
C:\ffzhzh\SyncFiles\Temp\HFSS_sim\LHS400_Connection2,train,TSV_RDL,26,skipped,C:\ffzhzh\SyncFiles\Temp\HFSS_sim\LHS400_Connection2\train\TSV_RDL\dut26.s2p
C:\ffzhzh\SyncFiles\Temp\HFSS_sim\LHS400_Connection2,train,TSV_RDL,27,skipped,C:\ffzhzh\SyncFiles\Temp\HFSS_sim\LHS400_Connection2\train\TSV_RDL\dut27.s2p
C:\ffzhzh\SyncFiles\Temp\HFSS_sim\LHS400_Connection2,train,TSV_RDL,28,skipped,C:\ffzhzh\SyncFiles\Temp\HFSS_sim\LHS400_Connection2\train\TSV_RDL\dut28.s2p
C:\ffzhzh\SyncFiles\Temp\HFSS_sim\LHS400_Connection2,train,TSV_RDL,29,skipped,C:\ffzhzh\SyncFiles\Temp\HFSS_sim\LHS400_Connection2\train\TSV_RDL\dut29.s2p
C:\ffzhzh\SyncFiles\Temp\HFSS_sim\LHS400_Connection2,train,TSV_RDL,30,skipped,C:\ffzhzh\SyncFiles\Temp\HFSS_sim\LHS400_Connection2\train\TSV_RDL\dut30.s2p
C:\ffzhzh\SyncFiles\Temp\HFSS_sim\LHS400_Connection2,train,TSV_RDL,31,skipped,C:\ffzhzh\SyncFiles\Temp\HFSS_sim\LHS400_Connection2\train\TSV_RDL\dut31.s2p
C:\ffzhzh\SyncFiles\Temp\HFSS_sim\LHS400_Connection2,train,TSV_RDL,32,skipped,C:\ffzhzh\SyncFiles\Temp\HFSS_sim\LHS400_Connection2\train\TSV_RDL\dut32.s2p
C:\ffzhzh\SyncFiles\Temp\HFSS_sim\LHS400_Connection2,train,TSV_RDL,33,skipped,C:\ffzhzh\SyncFiles\Temp\HFSS_sim\LHS400_Connection2\train\TSV_RDL\dut33.s2p
C:\ffzhzh\SyncFiles\Temp\HFSS_sim\LHS400_Connection2,train,TSV_RDL,34,skipped,C:\ffzhzh\SyncFiles\Temp\HFSS_sim\LHS400_Connection2\train\TSV_RDL\dut34.s2p
C:\ffzhzh\SyncFiles\Temp\HFSS_sim\LHS400_Connection2,train,TSV_RDL,35,skipped,C:\ffzhzh\SyncFiles\Temp\HFSS_sim\LHS400_Connection2\train\TSV_RDL\dut35.s2p
C:\ffzhzh\SyncFiles\Temp\HFSS_sim\LHS400_Connection2,train,TSV_RDL,36,skipped,C:\ffzhzh\SyncFiles\Temp\HFSS_sim\LHS400_Connection2\train\TSV_RDL\dut36.s2p
C:\ffzhzh\SyncFiles\Temp\HFSS_sim\LHS400_Connection2,train,TSV_RDL,37,skipped,C:\ffzhzh\SyncFiles\Temp\HFSS_sim\LHS400_Connection2\train\TSV_RDL\dut37.s2p
C:\ffzhzh\SyncFiles\Temp\HFSS_sim\LHS400_Connection2,train,TSV_RDL,38,skipped,C:\ffzhzh\SyncFiles\Temp\HFSS_sim\LHS400_Connection2\train\TSV_RDL\dut38.s2p
C:\ffzhzh\SyncFiles\Temp\HFSS_sim\LHS400_Connection2,train,TSV_RDL,39,skipped,C:\ffzhzh\SyncFiles\Temp\HFSS_sim\LHS400_Connection2\train\TSV_RDL\dut39.s2p
C:\ffzhzh\SyncFiles\Temp\HFSS_sim\LHS400_Connection2,train,TSV_RDL,40,skipped,C:\ffzhzh\SyncFiles\Temp\HFSS_sim\LHS400_Connection2\train\TSV_RDL\dut40.s2p
C:\ffzhzh\SyncFiles\Temp\HFSS_sim\LHS400_Connection2,train,TSV_RDL,41,skipped,C:\ffzhzh\SyncFiles\Temp\HFSS_sim\LHS400_Connection2\train\TSV_RDL\dut41.s2p
C:\ffzhzh\SyncFiles\Temp\HFSS_sim\LHS400_Connection2,train,TSV_RDL,42,skipped,C:\ffzhzh\SyncFiles\Temp\HFSS_sim\LHS400_Connection2\train\TSV_RDL\dut42.s2p
C:\ffzhzh\SyncFiles\Temp\HFSS_sim\LHS400_Connection2,train,TSV_RDL,43,skipped,C:\ffzhzh\SyncFiles\Temp\HFSS_sim\LHS400_Connection2\train\TSV_RDL\dut43.s2p
C:\ffzhzh\SyncFiles\Temp\HFSS_sim\LHS400_Connection2,train,TSV_RDL,44,skipped,C:\ffzhzh\SyncFiles\Temp\HFSS_sim\LHS400_Connection2\train\TSV_RDL\dut44.s2p
C:\ffzhzh\SyncFiles\Temp\HFSS_sim\LHS400_Connection2,train,TSV_RDL,45,skipped,C:\ffzhzh\SyncFiles\Temp\HFSS_sim\LHS400_Connection2\train\TSV_RDL\dut45.s2p
C:\ffzhzh\SyncFiles\Temp\HFSS_sim\LHS400_Connection2,train,TSV_RDL,46,skipped,C:\ffzhzh\SyncFiles\Temp\HFSS_sim\LHS400_Connection2\train\TSV_RDL\dut46.s2p
C:\ffzhzh\SyncFiles\Temp\HFSS_sim\LHS400_Connection2,train,TSV_RDL,47,skipped,C:\ffzhzh\SyncFiles\Temp\HFSS_sim\LHS400_Connection2\train\TSV_RDL\dut47.s2p
C:\ffzhzh\SyncFiles\Temp\HFSS_sim\LHS400_Connection2,train,TSV_RDL,48,skipped,C:\ffzhzh\SyncFiles\Temp\HFSS_sim\LHS400_Connection2\train\TSV_RDL\dut48.s2p
C:\ffzhzh\SyncFiles\Temp\HFSS_sim\LHS400_Connection2,train,TSV_RDL,49,skipped,C:\ffzhzh\SyncFiles\Temp\HFSS_sim\LHS400_Connection2\train\TSV_RDL\dut49.s2p
C:\ffzhzh\SyncFiles\Temp\HFSS_sim\LHS400_Connection2,train,TSV_RDL,50,skipped,C:\ffzhzh\SyncFiles\Temp\HFSS_sim\LHS400_Connection2\train\TSV_RDL\dut50.s2p
C:\ffzhzh\SyncFiles\Temp\HFSS_sim\LHS400_Connection2,train,TSV_RDL,51,skipped,C:\ffzhzh\SyncFiles\Temp\HFSS_sim\LHS400_Connection2\train\TSV_RDL\dut51.s2p
C:\ffzhzh\SyncFiles\Temp\HFSS_sim\LHS400_Connection2,train,TSV_RDL,52,skipped,C:\ffzhzh\SyncFiles\Temp\HFSS_sim\LHS400_Connection2\train\TSV_RDL\dut52.s2p
C:\ffzhzh\SyncFiles\Temp\HFSS_sim\LHS400_Connection2,train,TSV_RDL,53,skipped,C:\ffzhzh\SyncFiles\Temp\HFSS_sim\LHS400_Connection2\train\TSV_RDL\dut53.s2p
C:\ffzhzh\SyncFiles\Temp\HFSS_sim\LHS400_Connection2,train,TSV_RDL,54,skipped,C:\ffzhzh\SyncFiles\Temp\HFSS_sim\LHS400_Connection2\train\TSV_RDL\dut54.s2p
C:\ffzhzh\SyncFiles\Temp\HFSS_sim\LHS400_Connection2,train,TSV_RDL,55,skipped,C:\ffzhzh\SyncFiles\Temp\HFSS_sim\LHS400_Connection2\train\TSV_RDL\dut55.s2p
C:\ffzhzh\SyncFiles\Temp\HFSS_sim\LHS400_Connection2,train,TSV_RDL,56,skipped,C:\ffzhzh\SyncFiles\Temp\HFSS_sim\LHS400_Connection2\train\TSV_RDL\dut56.s2p
C:\ffzhzh\SyncFiles\Temp\HFSS_sim\LHS400_Connection2,train,TSV_RDL,57,skipped,C:\ffzhzh\SyncFiles\Temp\HFSS_sim\LHS400_Connection2\train\TSV_RDL\dut57.s2p
C:\ffzhzh\SyncFiles\Temp\HFSS_sim\LHS400_Connection2,train,TSV_RDL,58,skipped,C:\ffzhzh\SyncFiles\Temp\HFSS_sim\LHS400_Connection2\train\TSV_RDL\dut58.s2p
C:\ffzhzh\SyncFiles\Temp\HFSS_sim\LHS400_Connection2,train,TSV_RDL,59,skipped,C:\ffzhzh\SyncFiles\Temp\HFSS_sim\LHS400_Connection2\train\TSV_RDL\dut59.s2p
C:\ffzhzh\SyncFiles\Temp\HFSS_sim\LHS400_Connection2,train,TSV_RDL,60,skipped,C:\ffzhzh\SyncFiles\Temp\HFSS_sim\LHS400_Connection2\train\TSV_RDL\dut60.s2p
C:\ffzhzh\SyncFiles\Temp\HFSS_sim\LHS400_Connection2,train,TSV_RDL,61,skipped,C:\ffzhzh\SyncFiles\Temp\HFSS_sim\LHS400_Connection2\train\TSV_RDL\dut61.s2p
C:\ffzhzh\SyncFiles\Temp\HFSS_sim\LHS400_Connection2,train,TSV_RDL,62,skipped,C:\ffzhzh\SyncFiles\Temp\HFSS_sim\LHS400_Connection2\train\TSV_RDL\dut62.s2p
C:\ffzhzh\SyncFiles\Temp\HFSS_sim\LHS400_Connection2,train,TSV_RDL,63,skipped,C:\ffzhzh\SyncFiles\Temp\HFSS_sim\LHS400_Connection2\train\TSV_RDL\dut63.s2p
C:\ffzhzh\SyncFiles\Temp\HFSS_sim\LHS400_Connection2,train,TSV_RDL,64,skipped,C:\ffzhzh\SyncFiles\Temp\HFSS_sim\LHS400_Connection2\train\TSV_RDL\dut64.s2p
C:\ffzhzh\SyncFiles\Temp\HFSS_sim\LHS400_Connection2,train,TSV_RDL,65,skipped,C:\ffzhzh\SyncFiles\Temp\HFSS_sim\LHS400_Connection2\train\TSV_RDL\dut65.s2p
C:\ffzhzh\SyncFiles\Temp\HFSS_sim\LHS400_Connection2,train,TSV_RDL,66,skipped,C:\ffzhzh\SyncFiles\Temp\HFSS_sim\LHS400_Connection2\train\TSV_RDL\dut66.s2p
C:\ffzhzh\SyncFiles\Temp\HFSS_sim\LHS400_Connection2,train,TSV_RDL,67,skipped,C:\ffzhzh\SyncFiles\Temp\HFSS_sim\LHS400_Connection2\train\TSV_RDL\dut67.s2p
C:\ffzhzh\SyncFiles\Temp\HFSS_sim\LHS400_Connection2,train,TSV_RDL,68,skipped,C:\ffzhzh\SyncFiles\Temp\HFSS_sim\LHS400_Connection2\train\TSV_RDL\dut68.s2p
C:\ffzhzh\SyncFiles\Temp\HFSS_sim\LHS400_Connection2,train,TSV_RDL,69,skipped,C:\ffzhzh\SyncFiles\Temp\HFSS_sim\LHS400_Connection2\train\TSV_RDL\dut69.s2p
C:\ffzhzh\SyncFiles\Temp\HFSS_sim\LHS400_Connection2,train,TSV_RDL,70,skipped,C:\ffzhzh\SyncFiles\Temp\HFSS_sim\LHS400_Connection2\train\TSV_RDL\dut70.s2p
C:\ffzhzh\SyncFiles\Temp\HFSS_sim\LHS400_Connection2,train,TSV_RDL,71,skipped,C:\ffzhzh\SyncFiles\Temp\HFSS_sim\LHS400_Connection2\train\TSV_RDL\dut71.s2p
C:\ffzhzh\SyncFiles\Temp\HFSS_sim\LHS400_Connection2,train,TSV_RDL,72,skipped,C:\ffzhzh\SyncFiles\Temp\HFSS_sim\LHS400_Connection2\train\TSV_RDL\dut72.s2p
C:\ffzhzh\SyncFiles\Temp\HFSS_sim\LHS400_Connection2,train,TSV_RDL,73,skipped,C:\ffzhzh\SyncFiles\Temp\HFSS_sim\LHS400_Connection2\train\TSV_RDL\dut73.s2p
C:\ffzhzh\SyncFiles\Temp\HFSS_sim\LHS400_Connection2,train,TSV_RDL,74,skipped,C:\ffzhzh\SyncFiles\Temp\HFSS_sim\LHS400_Connection2\train\TSV_RDL\dut74.s2p
C:\ffzhzh\SyncFiles\Temp\HFSS_sim\LHS400_Connection2,train,TSV_RDL,75,skipped,C:\ffzhzh\SyncFiles\Temp\HFSS_sim\LHS400_Connection2\train\TSV_RDL\dut75.s2p
C:\ffzhzh\SyncFiles\Temp\HFSS_sim\LHS400_Connection2,train,TSV_RDL,76,skipped,C:\ffzhzh\SyncFiles\Temp\HFSS_sim\LHS400_Connection2\train\TSV_RDL\dut76.s2p
C:\ffzhzh\SyncFiles\Temp\HFSS_sim\LHS400_Connection2,train,TSV_RDL,77,skipped,C:\ffzhzh\SyncFiles\Temp\HFSS_sim\LHS400_Connection2\train\TSV_RDL\dut77.s2p
C:\ffzhzh\SyncFiles\Temp\HFSS_sim\LHS400_Connection2,train,TSV_RDL,78,skipped,C:\ffzhzh\SyncFiles\Temp\HFSS_sim\LHS400_Connection2\train\TSV_RDL\dut78.s2p
C:\ffzhzh\SyncFiles\Temp\HFSS_sim\LHS400_Connection2,train,TSV_RDL,79,skipped,C:\ffzhzh\SyncFiles\Temp\HFSS_sim\LHS400_Connection2\train\TSV_RDL\dut79.s2p
C:\ffzhzh\SyncFiles\Temp\HFSS_sim\LHS400_Connection2,train,TSV_RDL,80,skipped,C:\ffzhzh\SyncFiles\Temp\HFSS_sim\LHS400_Connection2\train\TSV_RDL\dut80.s2p
C:\ffzhzh\SyncFiles\Temp\HFSS_sim\LHS400_Connection2,train,TSV_RDL,81,skipped,C:\ffzhzh\SyncFiles\Temp\HFSS_sim\LHS400_Connection2\train\TSV_RDL\dut81.s2p
C:\ffzhzh\SyncFiles\Temp\HFSS_sim\LHS400_Connection2,train,TSV_RDL,82,skipped,C:\ffzhzh\SyncFiles\Temp\HFSS_sim\LHS400_Connection2\train\TSV_RDL\dut82.s2p
C:\ffzhzh\SyncFiles\Temp\HFSS_sim\LHS400_Connection2,train,TSV_RDL,83,skipped,C:\ffzhzh\SyncFiles\Temp\HFSS_sim\LHS400_Connection2\train\TSV_RDL\dut83.s2p
C:\ffzhzh\SyncFiles\Temp\HFSS_sim\LHS400_Connection2,train,TSV_RDL,84,skipped,C:\ffzhzh\SyncFiles\Temp\HFSS_sim\LHS400_Connection2\train\TSV_RDL\dut84.s2p
C:\ffzhzh\SyncFiles\Temp\HFSS_sim\LHS400_Connection2,train,TSV_RDL,85,skipped,C:\ffzhzh\SyncFiles\Temp\HFSS_sim\LHS400_Connection2\train\TSV_RDL\dut85.s2p
C:\ffzhzh\SyncFiles\Temp\HFSS_sim\LHS400_Connection2,train,TSV_RDL,86,skipped,C:\ffzhzh\SyncFiles\Temp\HFSS_sim\LHS400_Connection2\train\TSV_RDL\dut86.s2p
C:\ffzhzh\SyncFiles\Temp\HFSS_sim\LHS400_Connection2,train,TSV_RDL,87,skipped,C:\ffzhzh\SyncFiles\Temp\HFSS_sim\LHS400_Connection2\train\TSV_RDL\dut87.s2p
C:\ffzhzh\SyncFiles\Temp\HFSS_sim\LHS400_Connection2,train,TSV_RDL,88,skipped,C:\ffzhzh\SyncFiles\Temp\HFSS_sim\LHS400_Connection2\train\TSV_RDL\dut88.s2p
C:\ffzhzh\SyncFiles\Temp\HFSS_sim\LHS400_Connection2,train,TSV_RDL,89,skipped,C:\ffzhzh\SyncFiles\Temp\HFSS_sim\LHS400_Connection2\train\TSV_RDL\dut89.s2p
C:\ffzhzh\SyncFiles\Temp\HFSS_sim\LHS400_Connection2,train,TSV_RDL,90,skipped,C:\ffzhzh\SyncFiles\Temp\HFSS_sim\LHS400_Connection2\train\TSV_RDL\dut90.s2p
C:\ffzhzh\SyncFiles\Temp\HFSS_sim\LHS400_Connection2,train,TSV_RDL,91,skipped,C:\ffzhzh\SyncFiles\Temp\HFSS_sim\LHS400_Connection2\train\TSV_RDL\dut91.s2p
C:\ffzhzh\SyncFiles\Temp\HFSS_sim\LHS400_Connection2,train,TSV_RDL,92,skipped,C:\ffzhzh\SyncFiles\Temp\HFSS_sim\LHS400_Connection2\train\TSV_RDL\dut92.s2p
C:\ffzhzh\SyncFiles\Temp\HFSS_sim\LHS400_Connection2,train,TSV_RDL,93,skipped,C:\ffzhzh\SyncFiles\Temp\HFSS_sim\LHS400_Connection2\train\TSV_RDL\dut93.s2p
C:\ffzhzh\SyncFiles\Temp\HFSS_sim\LHS400_Connection2,train,TSV_RDL,94,skipped,C:\ffzhzh\SyncFiles\Temp\HFSS_sim\LHS400_Connection2\train\TSV_RDL\dut94.s2p
C:\ffzhzh\SyncFiles\Temp\HFSS_sim\LHS400_Connection2,train,TSV_RDL,95,skipped,C:\ffzhzh\SyncFiles\Temp\HFSS_sim\LHS400_Connection2\train\TSV_RDL\dut95.s2p
C:\ffzhzh\SyncFiles\Temp\HFSS_sim\LHS400_Connection2,train,TSV_RDL,96,skipped,C:\ffzhzh\SyncFiles\Temp\HFSS_sim\LHS400_Connection2\train\TSV_RDL\dut96.s2p
C:\ffzhzh\SyncFiles\Temp\HFSS_sim\LHS400_Connection2,train,TSV_RDL,97,skipped,C:\ffzhzh\SyncFiles\Temp\HFSS_sim\LHS400_Connection2\train\TSV_RDL\dut97.s2p
C:\ffzhzh\SyncFiles\Temp\HFSS_sim\LHS400_Connection2,train,TSV_RDL,98,skipped,C:\ffzhzh\SyncFiles\Temp\HFSS_sim\LHS400_Connection2\train\TSV_RDL\dut98.s2p
C:\ffzhzh\SyncFiles\Temp\HFSS_sim\LHS400_Connection2,train,TSV_RDL,99,skipped,C:\ffzhzh\SyncFiles\Temp\HFSS_sim\LHS400_Connection2\train\TSV_RDL\dut99.s2p
C:\ffzhzh\SyncFiles\Temp\HFSS_sim\LHS400_Connection2,train,TSV_RDL,100,skipped,C:\ffzhzh\SyncFiles\Temp\HFSS_sim\LHS400_Connection2\train\TSV_RDL\dut100.s2p
C:\ffzhzh\SyncFiles\Temp\HFSS_sim\LHS400_Connection2,train,TSV_RDL,101,skipped,C:\ffzhzh\SyncFiles\Temp\HFSS_sim\LHS400_Connection2\train\TSV_RDL\dut101.s2p
C:\ffzhzh\SyncFiles\Temp\HFSS_sim\LHS400_Connection2,train,TSV_RDL,102,skipped,C:\ffzhzh\SyncFiles\Temp\HFSS_sim\LHS400_Connection2\train\TSV_RDL\dut102.s2p
C:\ffzhzh\SyncFiles\Temp\HFSS_sim\LHS400_Connection2,train,TSV_RDL,103,skipped,C:\ffzhzh\SyncFiles\Temp\HFSS_sim\LHS400_Connection2\train\TSV_RDL\dut103.s2p
C:\ffzhzh\SyncFiles\Temp\HFSS_sim\LHS400_Connection2,train,TSV_RDL,104,skipped,C:\ffzhzh\SyncFiles\Temp\HFSS_sim\LHS400_Connection2\train\TSV_RDL\dut104.s2p
C:\ffzhzh\SyncFiles\Temp\HFSS_sim\LHS400_Connection2,train,TSV_RDL,105,skipped,C:\ffzhzh\SyncFiles\Temp\HFSS_sim\LHS400_Connection2\train\TSV_RDL\dut105.s2p
C:\ffzhzh\SyncFiles\Temp\HFSS_sim\LHS400_Connection2,train,TSV_RDL,106,skipped,C:\ffzhzh\SyncFiles\Temp\HFSS_sim\LHS400_Connection2\train\TSV_RDL\dut106.s2p
C:\ffzhzh\SyncFiles\Temp\HFSS_sim\LHS400_Connection2,train,TSV_RDL,107,skipped,C:\ffzhzh\SyncFiles\Temp\HFSS_sim\LHS400_Connection2\train\TSV_RDL\dut107.s2p
C:\ffzhzh\SyncFiles\Temp\HFSS_sim\LHS400_Connection2,train,TSV_RDL,108,skipped,C:\ffzhzh\SyncFiles\Temp\HFSS_sim\LHS400_Connection2\train\TSV_RDL\dut108.s2p
C:\ffzhzh\SyncFiles\Temp\HFSS_sim\LHS400_Connection2,train,TSV_RDL,109,skipped,C:\ffzhzh\SyncFiles\Temp\HFSS_sim\LHS400_Connection2\train\TSV_RDL\dut109.s2p
C:\ffzhzh\SyncFiles\Temp\HFSS_sim\LHS400_Connection2,train,TSV_RDL,110,skipped,C:\ffzhzh\SyncFiles\Temp\HFSS_sim\LHS400_Connection2\train\TSV_RDL\dut110.s2p
C:\ffzhzh\SyncFiles\Temp\HFSS_sim\LHS400_Connection2,train,TSV_RDL,111,skipped,C:\ffzhzh\SyncFiles\Temp\HFSS_sim\LHS400_Connection2\train\TSV_RDL\dut111.s2p
C:\ffzhzh\SyncFiles\Temp\HFSS_sim\LHS400_Connection2,train,TSV_RDL,112,skipped,C:\ffzhzh\SyncFiles\Temp\HFSS_sim\LHS400_Connection2\train\TSV_RDL\dut112.s2p
C:\ffzhzh\SyncFiles\Temp\HFSS_sim\LHS400_Connection2,train,TSV_RDL,113,skipped,C:\ffzhzh\SyncFiles\Temp\HFSS_sim\LHS400_Connection2\train\TSV_RDL\dut113.s2p
C:\ffzhzh\SyncFiles\Temp\HFSS_sim\LHS400_Connection2,train,TSV_RDL,114,skipped,C:\ffzhzh\SyncFiles\Temp\HFSS_sim\LHS400_Connection2\train\TSV_RDL\dut114.s2p
C:\ffzhzh\SyncFiles\Temp\HFSS_sim\LHS400_Connection2,train,TSV_RDL,115,skipped,C:\ffzhzh\SyncFiles\Temp\HFSS_sim\LHS400_Connection2\train\TSV_RDL\dut115.s2p
C:\ffzhzh\SyncFiles\Temp\HFSS_sim\LHS400_Connection2,train,TSV_RDL,116,skipped,C:\ffzhzh\SyncFiles\Temp\HFSS_sim\LHS400_Connection2\train\TSV_RDL\dut116.s2p
C:\ffzhzh\SyncFiles\Temp\HFSS_sim\LHS400_Connection2,train,TSV_RDL,117,skipped,C:\ffzhzh\SyncFiles\Temp\HFSS_sim\LHS400_Connection2\train\TSV_RDL\dut117.s2p
C:\ffzhzh\SyncFiles\Temp\HFSS_sim\LHS400_Connection2,train,TSV_RDL,118,skipped,C:\ffzhzh\SyncFiles\Temp\HFSS_sim\LHS400_Connection2\train\TSV_RDL\dut118.s2p
C:\ffzhzh\SyncFiles\Temp\HFSS_sim\LHS400_Connection2,train,TSV_RDL,119,skipped,C:\ffzhzh\SyncFiles\Temp\HFSS_sim\LHS400_Connection2\train\TSV_RDL\dut119.s2p
C:\ffzhzh\SyncFiles\Temp\HFSS_sim\LHS400_Connection2,train,TSV_RDL,120,skipped,C:\ffzhzh\SyncFiles\Temp\HFSS_sim\LHS400_Connection2\train\TSV_RDL\dut120.s2p
C:\ffzhzh\SyncFiles\Temp\HFSS_sim\LHS400_Connection2,train,TSV_RDL,121,skipped,C:\ffzhzh\SyncFiles\Temp\HFSS_sim\LHS400_Connection2\train\TSV_RDL\dut121.s2p
C:\ffzhzh\SyncFiles\Temp\HFSS_sim\LHS400_Connection2,train,TSV_RDL,122,skipped,C:\ffzhzh\SyncFiles\Temp\HFSS_sim\LHS400_Connection2\train\TSV_RDL\dut122.s2p
C:\ffzhzh\SyncFiles\Temp\HFSS_sim\LHS400_Connection2,train,TSV_RDL,123,skipped,C:\ffzhzh\SyncFiles\Temp\HFSS_sim\LHS400_Connection2\train\TSV_RDL\dut123.s2p
C:\ffzhzh\SyncFiles\Temp\HFSS_sim\LHS400_Connection2,train,TSV_RDL,124,skipped,C:\ffzhzh\SyncFiles\Temp\HFSS_sim\LHS400_Connection2\train\TSV_RDL\dut124.s2p
C:\ffzhzh\SyncFiles\Temp\HFSS_sim\LHS400_Connection2,train,TSV_RDL,125,skipped,C:\ffzhzh\SyncFiles\Temp\HFSS_sim\LHS400_Connection2\train\TSV_RDL\dut125.s2p
C:\ffzhzh\SyncFiles\Temp\HFSS_sim\LHS400_Connection2,train,TSV_RDL,126,skipped,C:\ffzhzh\SyncFiles\Temp\HFSS_sim\LHS400_Connection2\train\TSV_RDL\dut126.s2p
C:\ffzhzh\SyncFiles\Temp\HFSS_sim\LHS400_Connection2,train,TSV_RDL,127,skipped,C:\ffzhzh\SyncFiles\Temp\HFSS_sim\LHS400_Connection2\train\TSV_RDL\dut127.s2p
C:\ffzhzh\SyncFiles\Temp\HFSS_sim\LHS400_Connection2,train,TSV_RDL,128,skipped,C:\ffzhzh\SyncFiles\Temp\HFSS_sim\LHS400_Connection2\train\TSV_RDL\dut128.s2p
C:\ffzhzh\SyncFiles\Temp\HFSS_sim\LHS400_Connection2,train,TSV_RDL,129,skipped,C:\ffzhzh\SyncFiles\Temp\HFSS_sim\LHS400_Connection2\train\TSV_RDL\dut129.s2p
C:\ffzhzh\SyncFiles\Temp\HFSS_sim\LHS400_Connection2,train,TSV_RDL,130,skipped,C:\ffzhzh\SyncFiles\Temp\HFSS_sim\LHS400_Connection2\train\TSV_RDL\dut130.s2p
C:\ffzhzh\SyncFiles\Temp\HFSS_sim\LHS400_Connection2,train,TSV_RDL,131,skipped,C:\ffzhzh\SyncFiles\Temp\HFSS_sim\LHS400_Connection2\train\TSV_RDL\dut131.s2p
C:\ffzhzh\SyncFiles\Temp\HFSS_sim\LHS400_Connection2,train,TSV_RDL,132,skipped,C:\ffzhzh\SyncFiles\Temp\HFSS_sim\LHS400_Connection2\train\TSV_RDL\dut132.s2p
C:\ffzhzh\SyncFiles\Temp\HFSS_sim\LHS400_Connection2,train,TSV_RDL,133,skipped,C:\ffzhzh\SyncFiles\Temp\HFSS_sim\LHS400_Connection2\train\TSV_RDL\dut133.s2p
C:\ffzhzh\SyncFiles\Temp\HFSS_sim\LHS400_Connection2,train,TSV_RDL,134,skipped,C:\ffzhzh\SyncFiles\Temp\HFSS_sim\LHS400_Connection2\train\TSV_RDL\dut134.s2p
C:\ffzhzh\SyncFiles\Temp\HFSS_sim\LHS400_Connection2,train,TSV_RDL,135,skipped,C:\ffzhzh\SyncFiles\Temp\HFSS_sim\LHS400_Connection2\train\TSV_RDL\dut135.s2p
C:\ffzhzh\SyncFiles\Temp\HFSS_sim\LHS400_Connection2,train,TSV_RDL,136,skipped,C:\ffzhzh\SyncFiles\Temp\HFSS_sim\LHS400_Connection2\train\TSV_RDL\dut136.s2p
C:\ffzhzh\SyncFiles\Temp\HFSS_sim\LHS400_Connection2,train,TSV_RDL,137,skipped,C:\ffzhzh\SyncFiles\Temp\HFSS_sim\LHS400_Connection2\train\TSV_RDL\dut137.s2p
C:\ffzhzh\SyncFiles\Temp\HFSS_sim\LHS400_Connection2,train,TSV_RDL,138,skipped,C:\ffzhzh\SyncFiles\Temp\HFSS_sim\LHS400_Connection2\train\TSV_RDL\dut138.s2p
C:\ffzhzh\SyncFiles\Temp\HFSS_sim\LHS400_Connection2,train,TSV_RDL,139,skipped,C:\ffzhzh\SyncFiles\Temp\HFSS_sim\LHS400_Connection2\train\TSV_RDL\dut139.s2p
C:\ffzhzh\SyncFiles\Temp\HFSS_sim\LHS400_Connection2,train,TSV_RDL,140,skipped,C:\ffzhzh\SyncFiles\Temp\HFSS_sim\LHS400_Connection2\train\TSV_RDL\dut140.s2p
C:\ffzhzh\SyncFiles\Temp\HFSS_sim\LHS400_Connection2,train,TSV_RDL,141,skipped,C:\ffzhzh\SyncFiles\Temp\HFSS_sim\LHS400_Connection2\train\TSV_RDL\dut141.s2p
C:\ffzhzh\SyncFiles\Temp\HFSS_sim\LHS400_Connection2,train,TSV_RDL,142,skipped,C:\ffzhzh\SyncFiles\Temp\HFSS_sim\LHS400_Connection2\train\TSV_RDL\dut142.s2p
C:\ffzhzh\SyncFiles\Temp\HFSS_sim\LHS400_Connection2,train,TSV_RDL,143,skipped,C:\ffzhzh\SyncFiles\Temp\HFSS_sim\LHS400_Connection2\train\TSV_RDL\dut143.s2p
C:\ffzhzh\SyncFiles\Temp\HFSS_sim\LHS400_Connection2,train,TSV_RDL,144,skipped,C:\ffzhzh\SyncFiles\Temp\HFSS_sim\LHS400_Connection2\train\TSV_RDL\dut144.s2p
C:\ffzhzh\SyncFiles\Temp\HFSS_sim\LHS400_Connection2,train,TSV_RDL,145,skipped,C:\ffzhzh\SyncFiles\Temp\HFSS_sim\LHS400_Connection2\train\TSV_RDL\dut145.s2p
C:\ffzhzh\SyncFiles\Temp\HFSS_sim\LHS400_Connection2,train,TSV_RDL,146,skipped,C:\ffzhzh\SyncFiles\Temp\HFSS_sim\LHS400_Connection2\train\TSV_RDL\dut146.s2p
C:\ffzhzh\SyncFiles\Temp\HFSS_sim\LHS400_Connection2,train,TSV_RDL,147,skipped,C:\ffzhzh\SyncFiles\Temp\HFSS_sim\LHS400_Connection2\train\TSV_RDL\dut147.s2p
C:\ffzhzh\SyncFiles\Temp\HFSS_sim\LHS400_Connection2,train,TSV_RDL,148,skipped,C:\ffzhzh\SyncFiles\Temp\HFSS_sim\LHS400_Connection2\train\TSV_RDL\dut148.s2p
C:\ffzhzh\SyncFiles\Temp\HFSS_sim\LHS400_Connection2,train,TSV_RDL,149,skipped,C:\ffzhzh\SyncFiles\Temp\HFSS_sim\LHS400_Connection2\train\TSV_RDL\dut149.s2p
C:\ffzhzh\SyncFiles\Temp\HFSS_sim\LHS400_Connection2,train,TSV_RDL,150,skipped,C:\ffzhzh\SyncFiles\Temp\HFSS_sim\LHS400_Connection2\train\TSV_RDL\dut150.s2p
C:\ffzhzh\SyncFiles\Temp\HFSS_sim\LHS400_Connection2,train,TSV_RDL,151,skipped,C:\ffzhzh\SyncFiles\Temp\HFSS_sim\LHS400_Connection2\train\TSV_RDL\dut151.s2p
C:\ffzhzh\SyncFiles\Temp\HFSS_sim\LHS400_Connection2,train,TSV_RDL,152,skipped,C:\ffzhzh\SyncFiles\Temp\HFSS_sim\LHS400_Connection2\train\TSV_RDL\dut152.s2p
C:\ffzhzh\SyncFiles\Temp\HFSS_sim\LHS400_Connection2,train,TSV_RDL,153,skipped,C:\ffzhzh\SyncFiles\Temp\HFSS_sim\LHS400_Connection2\train\TSV_RDL\dut153.s2p
C:\ffzhzh\SyncFiles\Temp\HFSS_sim\LHS400_Connection2,train,TSV_RDL,154,skipped,C:\ffzhzh\SyncFiles\Temp\HFSS_sim\LHS400_Connection2\train\TSV_RDL\dut154.s2p
C:\ffzhzh\SyncFiles\Temp\HFSS_sim\LHS400_Connection2,train,TSV_RDL,155,skipped,C:\ffzhzh\SyncFiles\Temp\HFSS_sim\LHS400_Connection2\train\TSV_RDL\dut155.s2p
C:\ffzhzh\SyncFiles\Temp\HFSS_sim\LHS400_Connection2,train,TSV_RDL,156,skipped,C:\ffzhzh\SyncFiles\Temp\HFSS_sim\LHS400_Connection2\train\TSV_RDL\dut156.s2p
C:\ffzhzh\SyncFiles\Temp\HFSS_sim\LHS400_Connection2,train,TSV_RDL,157,skipped,C:\ffzhzh\SyncFiles\Temp\HFSS_sim\LHS400_Connection2\train\TSV_RDL\dut157.s2p
C:\ffzhzh\SyncFiles\Temp\HFSS_sim\LHS400_Connection2,train,TSV_RDL,158,skipped,C:\ffzhzh\SyncFiles\Temp\HFSS_sim\LHS400_Connection2\train\TSV_RDL\dut158.s2p
C:\ffzhzh\SyncFiles\Temp\HFSS_sim\LHS400_Connection2,train,TSV_RDL,159,skipped,C:\ffzhzh\SyncFiles\Temp\HFSS_sim\LHS400_Connection2\train\TSV_RDL\dut159.s2p
C:\ffzhzh\SyncFiles\Temp\HFSS_sim\LHS400_Connection2,train,TSV_RDL,160,skipped,C:\ffzhzh\SyncFiles\Temp\HFSS_sim\LHS400_Connection2\train\TSV_RDL\dut160.s2p
C:\ffzhzh\SyncFiles\Temp\HFSS_sim\LHS400_Connection2,train,TSV_RDL,161,skipped,C:\ffzhzh\SyncFiles\Temp\HFSS_sim\LHS400_Connection2\train\TSV_RDL\dut161.s2p
C:\ffzhzh\SyncFiles\Temp\HFSS_sim\LHS400_Connection2,train,TSV_RDL,162,skipped,C:\ffzhzh\SyncFiles\Temp\HFSS_sim\LHS400_Connection2\train\TSV_RDL\dut162.s2p
C:\ffzhzh\SyncFiles\Temp\HFSS_sim\LHS400_Connection2,train,TSV_RDL,163,skipped,C:\ffzhzh\SyncFiles\Temp\HFSS_sim\LHS400_Connection2\train\TSV_RDL\dut163.s2p
C:\ffzhzh\SyncFiles\Temp\HFSS_sim\LHS400_Connection2,train,TSV_RDL,164,skipped,C:\ffzhzh\SyncFiles\Temp\HFSS_sim\LHS400_Connection2\train\TSV_RDL\dut164.s2p
C:\ffzhzh\SyncFiles\Temp\HFSS_sim\LHS400_Connection2,train,TSV_RDL,165,skipped,C:\ffzhzh\SyncFiles\Temp\HFSS_sim\LHS400_Connection2\train\TSV_RDL\dut165.s2p
C:\ffzhzh\SyncFiles\Temp\HFSS_sim\LHS400_Connection2,train,TSV_RDL,166,skipped,C:\ffzhzh\SyncFiles\Temp\HFSS_sim\LHS400_Connection2\train\TSV_RDL\dut166.s2p
C:\ffzhzh\SyncFiles\Temp\HFSS_sim\LHS400_Connection2,train,TSV_RDL,167,skipped,C:\ffzhzh\SyncFiles\Temp\HFSS_sim\LHS400_Connection2\train\TSV_RDL\dut167.s2p
C:\ffzhzh\SyncFiles\Temp\HFSS_sim\LHS400_Connection2,train,TSV_RDL,168,skipped,C:\ffzhzh\SyncFiles\Temp\HFSS_sim\LHS400_Connection2\train\TSV_RDL\dut168.s2p
C:\ffzhzh\SyncFiles\Temp\HFSS_sim\LHS400_Connection2,train,TSV_RDL,169,skipped,C:\ffzhzh\SyncFiles\Temp\HFSS_sim\LHS400_Connection2\train\TSV_RDL\dut169.s2p
C:\ffzhzh\SyncFiles\Temp\HFSS_sim\LHS400_Connection2,train,TSV_RDL,170,skipped,C:\ffzhzh\SyncFiles\Temp\HFSS_sim\LHS400_Connection2\train\TSV_RDL\dut170.s2p
C:\ffzhzh\SyncFiles\Temp\HFSS_sim\LHS400_Connection2,train,TSV_RDL,171,skipped,C:\ffzhzh\SyncFiles\Temp\HFSS_sim\LHS400_Connection2\train\TSV_RDL\dut171.s2p
C:\ffzhzh\SyncFiles\Temp\HFSS_sim\LHS400_Connection2,train,TSV_RDL,172,skipped,C:\ffzhzh\SyncFiles\Temp\HFSS_sim\LHS400_Connection2\train\TSV_RDL\dut172.s2p
C:\ffzhzh\SyncFiles\Temp\HFSS_sim\LHS400_Connection2,train,TSV_RDL,173,skipped,C:\ffzhzh\SyncFiles\Temp\HFSS_sim\LHS400_Connection2\train\TSV_RDL\dut173.s2p
C:\ffzhzh\SyncFiles\Temp\HFSS_sim\LHS400_Connection2,train,TSV_RDL,174,skipped,C:\ffzhzh\SyncFiles\Temp\HFSS_sim\LHS400_Connection2\train\TSV_RDL\dut174.s2p
C:\ffzhzh\SyncFiles\Temp\HFSS_sim\LHS400_Connection2,train,TSV_RDL,175,skipped,C:\ffzhzh\SyncFiles\Temp\HFSS_sim\LHS400_Connection2\train\TSV_RDL\dut175.s2p
C:\ffzhzh\SyncFiles\Temp\HFSS_sim\LHS400_Connection2,train,TSV_RDL,176,skipped,C:\ffzhzh\SyncFiles\Temp\HFSS_sim\LHS400_Connection2\train\TSV_RDL\dut176.s2p
C:\ffzhzh\SyncFiles\Temp\HFSS_sim\LHS400_Connection2,train,TSV_RDL,177,skipped,C:\ffzhzh\SyncFiles\Temp\HFSS_sim\LHS400_Connection2\train\TSV_RDL\dut177.s2p
C:\ffzhzh\SyncFiles\Temp\HFSS_sim\LHS400_Connection2,train,TSV_RDL,178,skipped,C:\ffzhzh\SyncFiles\Temp\HFSS_sim\LHS400_Connection2\train\TSV_RDL\dut178.s2p
C:\ffzhzh\SyncFiles\Temp\HFSS_sim\LHS400_Connection2,train,TSV_RDL,179,skipped,C:\ffzhzh\SyncFiles\Temp\HFSS_sim\LHS400_Connection2\train\TSV_RDL\dut179.s2p
C:\ffzhzh\SyncFiles\Temp\HFSS_sim\LHS400_Connection2,train,TSV_RDL,180,skipped,C:\ffzhzh\SyncFiles\Temp\HFSS_sim\LHS400_Connection2\train\TSV_RDL\dut180.s2p
C:\ffzhzh\SyncFiles\Temp\HFSS_sim\LHS400_Connection2,train,TSV_RDL,181,skipped,C:\ffzhzh\SyncFiles\Temp\HFSS_sim\LHS400_Connection2\train\TSV_RDL\dut181.s2p
C:\ffzhzh\SyncFiles\Temp\HFSS_sim\LHS400_Connection2,train,TSV_RDL,182,skipped,C:\ffzhzh\SyncFiles\Temp\HFSS_sim\LHS400_Connection2\train\TSV_RDL\dut182.s2p
C:\ffzhzh\SyncFiles\Temp\HFSS_sim\LHS400_Connection2,train,TSV_RDL,183,skipped,C:\ffzhzh\SyncFiles\Temp\HFSS_sim\LHS400_Connection2\train\TSV_RDL\dut183.s2p
C:\ffzhzh\SyncFiles\Temp\HFSS_sim\LHS400_Connection2,train,TSV_RDL,184,skipped,C:\ffzhzh\SyncFiles\Temp\HFSS_sim\LHS400_Connection2\train\TSV_RDL\dut184.s2p
C:\ffzhzh\SyncFiles\Temp\HFSS_sim\LHS400_Connection2,train,TSV_RDL,185,skipped,C:\ffzhzh\SyncFiles\Temp\HFSS_sim\LHS400_Connection2\train\TSV_RDL\dut185.s2p
C:\ffzhzh\SyncFiles\Temp\HFSS_sim\LHS400_Connection2,train,TSV_RDL,186,skipped,C:\ffzhzh\SyncFiles\Temp\HFSS_sim\LHS400_Connection2\train\TSV_RDL\dut186.s2p
C:\ffzhzh\SyncFiles\Temp\HFSS_sim\LHS400_Connection2,train,TSV_RDL,187,skipped,C:\ffzhzh\SyncFiles\Temp\HFSS_sim\LHS400_Connection2\train\TSV_RDL\dut187.s2p
C:\ffzhzh\SyncFiles\Temp\HFSS_sim\LHS400_Connection2,train,TSV_RDL,188,skipped,C:\ffzhzh\SyncFiles\Temp\HFSS_sim\LHS400_Connection2\train\TSV_RDL\dut188.s2p
C:\ffzhzh\SyncFiles\Temp\HFSS_sim\LHS400_Connection2,train,TSV_RDL,189,skipped,C:\ffzhzh\SyncFiles\Temp\HFSS_sim\LHS400_Connection2\train\TSV_RDL\dut189.s2p
C:\ffzhzh\SyncFiles\Temp\HFSS_sim\LHS400_Connection2,train,TSV_RDL,190,skipped,C:\ffzhzh\SyncFiles\Temp\HFSS_sim\LHS400_Connection2\train\TSV_RDL\dut190.s2p
C:\ffzhzh\SyncFiles\Temp\HFSS_sim\LHS400_Connection2,train,TSV_RDL,191,skipped,C:\ffzhzh\SyncFiles\Temp\HFSS_sim\LHS400_Connection2\train\TSV_RDL\dut191.s2p
C:\ffzhzh\SyncFiles\Temp\HFSS_sim\LHS400_Connection2,train,TSV_RDL,192,skipped,C:\ffzhzh\SyncFiles\Temp\HFSS_sim\LHS400_Connection2\train\TSV_RDL\dut192.s2p
C:\ffzhzh\SyncFiles\Temp\HFSS_sim\LHS400_Connection2,train,TSV_RDL,193,skipped,C:\ffzhzh\SyncFiles\Temp\HFSS_sim\LHS400_Connection2\train\TSV_RDL\dut193.s2p
C:\ffzhzh\SyncFiles\Temp\HFSS_sim\LHS400_Connection2,train,TSV_RDL,194,skipped,C:\ffzhzh\SyncFiles\Temp\HFSS_sim\LHS400_Connection2\train\TSV_RDL\dut194.s2p
C:\ffzhzh\SyncFiles\Temp\HFSS_sim\LHS400_Connection2,train,TSV_RDL,195,skipped,C:\ffzhzh\SyncFiles\Temp\HFSS_sim\LHS400_Connection2\train\TSV_RDL\dut195.s2p
C:\ffzhzh\SyncFiles\Temp\HFSS_sim\LHS400_Connection2,train,TSV_RDL,196,skipped,C:\ffzhzh\SyncFiles\Temp\HFSS_sim\LHS400_Connection2\train\TSV_RDL\dut196.s2p
C:\ffzhzh\SyncFiles\Temp\HFSS_sim\LHS400_Connection2,train,TSV_RDL,197,skipped,C:\ffzhzh\SyncFiles\Temp\HFSS_sim\LHS400_Connection2\train\TSV_RDL\dut197.s2p
C:\ffzhzh\SyncFiles\Temp\HFSS_sim\LHS400_Connection2,train,TSV_RDL,198,skipped,C:\ffzhzh\SyncFiles\Temp\HFSS_sim\LHS400_Connection2\train\TSV_RDL\dut198.s2p
C:\ffzhzh\SyncFiles\Temp\HFSS_sim\LHS400_Connection2,train,TSV_RDL,199,skipped,C:\ffzhzh\SyncFiles\Temp\HFSS_sim\LHS400_Connection2\train\TSV_RDL\dut199.s2p
C:\ffzhzh\SyncFiles\Temp\HFSS_sim\LHS400_Connection2,train,TSV_RDL,200,skipped,C:\ffzhzh\SyncFiles\Temp\HFSS_sim\LHS400_Connection2\train\TSV_RDL\dut200.s2p
C:\ffzhzh\SyncFiles\Temp\HFSS_sim\LHS400_Connection2,train,TSV_RDL,201,skipped,C:\ffzhzh\SyncFiles\Temp\HFSS_sim\LHS400_Connection2\train\TSV_RDL\dut201.s2p
C:\ffzhzh\SyncFiles\Temp\HFSS_sim\LHS400_Connection2,train,TSV_RDL,202,skipped,C:\ffzhzh\SyncFiles\Temp\HFSS_sim\LHS400_Connection2\train\TSV_RDL\dut202.s2p
C:\ffzhzh\SyncFiles\Temp\HFSS_sim\LHS400_Connection2,train,TSV_RDL,203,skipped,C:\ffzhzh\SyncFiles\Temp\HFSS_sim\LHS400_Connection2\train\TSV_RDL\dut203.s2p
C:\ffzhzh\SyncFiles\Temp\HFSS_sim\LHS400_Connection2,train,TSV_RDL,204,skipped,C:\ffzhzh\SyncFiles\Temp\HFSS_sim\LHS400_Connection2\train\TSV_RDL\dut204.s2p
C:\ffzhzh\SyncFiles\Temp\HFSS_sim\LHS400_Connection2,train,TSV_RDL,205,skipped,C:\ffzhzh\SyncFiles\Temp\HFSS_sim\LHS400_Connection2\train\TSV_RDL\dut205.s2p
C:\ffzhzh\SyncFiles\Temp\HFSS_sim\LHS400_Connection2,train,TSV_RDL,206,skipped,C:\ffzhzh\SyncFiles\Temp\HFSS_sim\LHS400_Connection2\train\TSV_RDL\dut206.s2p
C:\ffzhzh\SyncFiles\Temp\HFSS_sim\LHS400_Connection2,train,TSV_RDL,207,skipped,C:\ffzhzh\SyncFiles\Temp\HFSS_sim\LHS400_Connection2\train\TSV_RDL\dut207.s2p
C:\ffzhzh\SyncFiles\Temp\HFSS_sim\LHS400_Connection2,train,TSV_RDL,208,skipped,C:\ffzhzh\SyncFiles\Temp\HFSS_sim\LHS400_Connection2\train\TSV_RDL\dut208.s2p
C:\ffzhzh\SyncFiles\Temp\HFSS_sim\LHS400_Connection2,train,TSV_RDL,209,skipped,C:\ffzhzh\SyncFiles\Temp\HFSS_sim\LHS400_Connection2\train\TSV_RDL\dut209.s2p
C:\ffzhzh\SyncFiles\Temp\HFSS_sim\LHS400_Connection2,train,TSV_RDL,210,skipped,C:\ffzhzh\SyncFiles\Temp\HFSS_sim\LHS400_Connection2\train\TSV_RDL\dut210.s2p
C:\ffzhzh\SyncFiles\Temp\HFSS_sim\LHS400_Connection2,train,TSV_RDL,211,skipped,C:\ffzhzh\SyncFiles\Temp\HFSS_sim\LHS400_Connection2\train\TSV_RDL\dut211.s2p
C:\ffzhzh\SyncFiles\Temp\HFSS_sim\LHS400_Connection2,train,TSV_RDL,212,skipped,C:\ffzhzh\SyncFiles\Temp\HFSS_sim\LHS400_Connection2\train\TSV_RDL\dut212.s2p
C:\ffzhzh\SyncFiles\Temp\HFSS_sim\LHS400_Connection2,train,TSV_RDL,213,skipped,C:\ffzhzh\SyncFiles\Temp\HFSS_sim\LHS400_Connection2\train\TSV_RDL\dut213.s2p
C:\ffzhzh\SyncFiles\Temp\HFSS_sim\LHS400_Connection2,train,TSV_RDL,214,skipped,C:\ffzhzh\SyncFiles\Temp\HFSS_sim\LHS400_Connection2\train\TSV_RDL\dut214.s2p
C:\ffzhzh\SyncFiles\Temp\HFSS_sim\LHS400_Connection2,train,TSV_RDL,215,skipped,C:\ffzhzh\SyncFiles\Temp\HFSS_sim\LHS400_Connection2\train\TSV_RDL\dut215.s2p
C:\ffzhzh\SyncFiles\Temp\HFSS_sim\LHS400_Connection2,train,TSV_RDL,216,skipped,C:\ffzhzh\SyncFiles\Temp\HFSS_sim\LHS400_Connection2\train\TSV_RDL\dut216.s2p
C:\ffzhzh\SyncFiles\Temp\HFSS_sim\LHS400_Connection2,train,TSV_RDL,217,skipped,C:\ffzhzh\SyncFiles\Temp\HFSS_sim\LHS400_Connection2\train\TSV_RDL\dut217.s2p
C:\ffzhzh\SyncFiles\Temp\HFSS_sim\LHS400_Connection2,train,TSV_RDL,218,skipped,C:\ffzhzh\SyncFiles\Temp\HFSS_sim\LHS400_Connection2\train\TSV_RDL\dut218.s2p
C:\ffzhzh\SyncFiles\Temp\HFSS_sim\LHS400_Connection2,train,TSV_RDL,219,skipped,C:\ffzhzh\SyncFiles\Temp\HFSS_sim\LHS400_Connection2\train\TSV_RDL\dut219.s2p
C:\ffzhzh\SyncFiles\Temp\HFSS_sim\LHS400_Connection2,train,TSV_RDL,220,skipped,C:\ffzhzh\SyncFiles\Temp\HFSS_sim\LHS400_Connection2\train\TSV_RDL\dut220.s2p
C:\ffzhzh\SyncFiles\Temp\HFSS_sim\LHS400_Connection2,train,TSV_RDL,221,skipped,C:\ffzhzh\SyncFiles\Temp\HFSS_sim\LHS400_Connection2\train\TSV_RDL\dut221.s2p
C:\ffzhzh\SyncFiles\Temp\HFSS_sim\LHS400_Connection2,train,TSV_RDL,222,skipped,C:\ffzhzh\SyncFiles\Temp\HFSS_sim\LHS400_Connection2\train\TSV_RDL\dut222.s2p
C:\ffzhzh\SyncFiles\Temp\HFSS_sim\LHS400_Connection2,train,TSV_RDL,223,skipped,C:\ffzhzh\SyncFiles\Temp\HFSS_sim\LHS400_Connection2\train\TSV_RDL\dut223.s2p
C:\ffzhzh\SyncFiles\Temp\HFSS_sim\LHS400_Connection2,train,TSV_RDL,224,skipped,C:\ffzhzh\SyncFiles\Temp\HFSS_sim\LHS400_Connection2\train\TSV_RDL\dut224.s2p
C:\ffzhzh\SyncFiles\Temp\HFSS_sim\LHS400_Connection2,train,TSV_RDL,225,skipped,C:\ffzhzh\SyncFiles\Temp\HFSS_sim\LHS400_Connection2\train\TSV_RDL\dut225.s2p
C:\ffzhzh\SyncFiles\Temp\HFSS_sim\LHS400_Connection2,train,TSV_RDL,226,skipped,C:\ffzhzh\SyncFiles\Temp\HFSS_sim\LHS400_Connection2\train\TSV_RDL\dut226.s2p
C:\ffzhzh\SyncFiles\Temp\HFSS_sim\LHS400_Connection2,train,TSV_RDL,227,skipped,C:\ffzhzh\SyncFiles\Temp\HFSS_sim\LHS400_Connection2\train\TSV_RDL\dut227.s2p
C:\ffzhzh\SyncFiles\Temp\HFSS_sim\LHS400_Connection2,train,TSV_RDL,228,skipped,C:\ffzhzh\SyncFiles\Temp\HFSS_sim\LHS400_Connection2\train\TSV_RDL\dut228.s2p
C:\ffzhzh\SyncFiles\Temp\HFSS_sim\LHS400_Connection2,train,TSV_RDL,229,skipped,C:\ffzhzh\SyncFiles\Temp\HFSS_sim\LHS400_Connection2\train\TSV_RDL\dut229.s2p
C:\ffzhzh\SyncFiles\Temp\HFSS_sim\LHS400_Connection2,train,TSV_RDL,230,skipped,C:\ffzhzh\SyncFiles\Temp\HFSS_sim\LHS400_Connection2\train\TSV_RDL\dut230.s2p
C:\ffzhzh\SyncFiles\Temp\HFSS_sim\LHS400_Connection2,train,TSV_RDL,231,skipped,C:\ffzhzh\SyncFiles\Temp\HFSS_sim\LHS400_Connection2\train\TSV_RDL\dut231.s2p
C:\ffzhzh\SyncFiles\Temp\HFSS_sim\LHS400_Connection2,train,TSV_RDL,232,skipped,C:\ffzhzh\SyncFiles\Temp\HFSS_sim\LHS400_Connection2\train\TSV_RDL\dut232.s2p
C:\ffzhzh\SyncFiles\Temp\HFSS_sim\LHS400_Connection2,train,TSV_RDL,233,skipped,C:\ffzhzh\SyncFiles\Temp\HFSS_sim\LHS400_Connection2\train\TSV_RDL\dut233.s2p
C:\ffzhzh\SyncFiles\Temp\HFSS_sim\LHS400_Connection2,train,TSV_RDL,234,skipped,C:\ffzhzh\SyncFiles\Temp\HFSS_sim\LHS400_Connection2\train\TSV_RDL\dut234.s2p
C:\ffzhzh\SyncFiles\Temp\HFSS_sim\LHS400_Connection2,train,TSV_RDL,235,skipped,C:\ffzhzh\SyncFiles\Temp\HFSS_sim\LHS400_Connection2\train\TSV_RDL\dut235.s2p
C:\ffzhzh\SyncFiles\Temp\HFSS_sim\LHS400_Connection2,train,TSV_RDL,236,skipped,C:\ffzhzh\SyncFiles\Temp\HFSS_sim\LHS400_Connection2\train\TSV_RDL\dut236.s2p
C:\ffzhzh\SyncFiles\Temp\HFSS_sim\LHS400_Connection2,train,TSV_RDL,237,skipped,C:\ffzhzh\SyncFiles\Temp\HFSS_sim\LHS400_Connection2\train\TSV_RDL\dut237.s2p
C:\ffzhzh\SyncFiles\Temp\HFSS_sim\LHS400_Connection2,train,TSV_RDL,238,skipped,C:\ffzhzh\SyncFiles\Temp\HFSS_sim\LHS400_Connection2\train\TSV_RDL\dut238.s2p
C:\ffzhzh\SyncFiles\Temp\HFSS_sim\LHS400_Connection2,train,TSV_RDL,239,skipped,C:\ffzhzh\SyncFiles\Temp\HFSS_sim\LHS400_Connection2\train\TSV_RDL\dut239.s2p
C:\ffzhzh\SyncFiles\Temp\HFSS_sim\LHS400_Connection2,train,TSV_RDL,240,skipped,C:\ffzhzh\SyncFiles\Temp\HFSS_sim\LHS400_Connection2\train\TSV_RDL\dut240.s2p
C:\ffzhzh\SyncFiles\Temp\HFSS_sim\LHS400_Connection2,train,TSV_RDL,241,skipped,C:\ffzhzh\SyncFiles\Temp\HFSS_sim\LHS400_Connection2\train\TSV_RDL\dut241.s2p
C:\ffzhzh\SyncFiles\Temp\HFSS_sim\LHS400_Connection2,train,TSV_RDL,242,skipped,C:\ffzhzh\SyncFiles\Temp\HFSS_sim\LHS400_Connection2\train\TSV_RDL\dut242.s2p
C:\ffzhzh\SyncFiles\Temp\HFSS_sim\LHS400_Connection2,train,TSV_RDL,243,skipped,C:\ffzhzh\SyncFiles\Temp\HFSS_sim\LHS400_Connection2\train\TSV_RDL\dut243.s2p
C:\ffzhzh\SyncFiles\Temp\HFSS_sim\LHS400_Connection2,train,TSV_RDL,244,skipped,C:\ffzhzh\SyncFiles\Temp\HFSS_sim\LHS400_Connection2\train\TSV_RDL\dut244.s2p
C:\ffzhzh\SyncFiles\Temp\HFSS_sim\LHS400_Connection2,train,TSV_RDL,245,skipped,C:\ffzhzh\SyncFiles\Temp\HFSS_sim\LHS400_Connection2\train\TSV_RDL\dut245.s2p
C:\ffzhzh\SyncFiles\Temp\HFSS_sim\LHS400_Connection2,train,TSV_RDL,246,skipped,C:\ffzhzh\SyncFiles\Temp\HFSS_sim\LHS400_Connection2\train\TSV_RDL\dut246.s2p
C:\ffzhzh\SyncFiles\Temp\HFSS_sim\LHS400_Connection2,train,TSV_RDL,247,skipped,C:\ffzhzh\SyncFiles\Temp\HFSS_sim\LHS400_Connection2\train\TSV_RDL\dut247.s2p
C:\ffzhzh\SyncFiles\Temp\HFSS_sim\LHS400_Connection2,train,TSV_RDL,248,skipped,C:\ffzhzh\SyncFiles\Temp\HFSS_sim\LHS400_Connection2\train\TSV_RDL\dut248.s2p
C:\ffzhzh\SyncFiles\Temp\HFSS_sim\LHS400_Connection2,train,TSV_RDL,249,skipped,C:\ffzhzh\SyncFiles\Temp\HFSS_sim\LHS400_Connection2\train\TSV_RDL\dut249.s2p
C:\ffzhzh\SyncFiles\Temp\HFSS_sim\LHS400_Connection2,train,TSV_RDL,250,skipped,C:\ffzhzh\SyncFiles\Temp\HFSS_sim\LHS400_Connection2\train\TSV_RDL\dut250.s2p
C:\ffzhzh\SyncFiles\Temp\HFSS_sim\LHS400_Connection2,train,TSV_RDL,251,skipped,C:\ffzhzh\SyncFiles\Temp\HFSS_sim\LHS400_Connection2\train\TSV_RDL\dut251.s2p
C:\ffzhzh\SyncFiles\Temp\HFSS_sim\LHS400_Connection2,train,TSV_RDL,252,skipped,C:\ffzhzh\SyncFiles\Temp\HFSS_sim\LHS400_Connection2\train\TSV_RDL\dut252.s2p
C:\ffzhzh\SyncFiles\Temp\HFSS_sim\LHS400_Connection2,train,TSV_RDL,253,skipped,C:\ffzhzh\SyncFiles\Temp\HFSS_sim\LHS400_Connection2\train\TSV_RDL\dut253.s2p
C:\ffzhzh\SyncFiles\Temp\HFSS_sim\LHS400_Connection2,train,TSV_RDL,254,skipped,C:\ffzhzh\SyncFiles\Temp\HFSS_sim\LHS400_Connection2\train\TSV_RDL\dut254.s2p
C:\ffzhzh\SyncFiles\Temp\HFSS_sim\LHS400_Connection2,train,TSV_RDL,255,skipped,C:\ffzhzh\SyncFiles\Temp\HFSS_sim\LHS400_Connection2\train\TSV_RDL\dut255.s2p
C:\ffzhzh\SyncFiles\Temp\HFSS_sim\LHS400_Connection2,train,TSV_RDL,256,skipped,C:\ffzhzh\SyncFiles\Temp\HFSS_sim\LHS400_Connection2\train\TSV_RDL\dut256.s2p
C:\ffzhzh\SyncFiles\Temp\HFSS_sim\LHS400_Connection2,train,TSV_RDL,257,skipped,C:\ffzhzh\SyncFiles\Temp\HFSS_sim\LHS400_Connection2\train\TSV_RDL\dut257.s2p
C:\ffzhzh\SyncFiles\Temp\HFSS_sim\LHS400_Connection2,train,TSV_RDL,258,skipped,C:\ffzhzh\SyncFiles\Temp\HFSS_sim\LHS400_Connection2\train\TSV_RDL\dut258.s2p
C:\ffzhzh\SyncFiles\Temp\HFSS_sim\LHS400_Connection2,train,TSV_RDL,259,skipped,C:\ffzhzh\SyncFiles\Temp\HFSS_sim\LHS400_Connection2\train\TSV_RDL\dut259.s2p
C:\ffzhzh\SyncFiles\Temp\HFSS_sim\LHS400_Connection2,train,TSV_RDL,260,skipped,C:\ffzhzh\SyncFiles\Temp\HFSS_sim\LHS400_Connection2\train\TSV_RDL\dut260.s2p
C:\ffzhzh\SyncFiles\Temp\HFSS_sim\LHS400_Connection2,train,TSV_RDL,261,skipped,C:\ffzhzh\SyncFiles\Temp\HFSS_sim\LHS400_Connection2\train\TSV_RDL\dut261.s2p
C:\ffzhzh\SyncFiles\Temp\HFSS_sim\LHS400_Connection2,train,TSV_RDL,262,skipped,C:\ffzhzh\SyncFiles\Temp\HFSS_sim\LHS400_Connection2\train\TSV_RDL\dut262.s2p
C:\ffzhzh\SyncFiles\Temp\HFSS_sim\LHS400_Connection2,train,TSV_RDL,263,skipped,C:\ffzhzh\SyncFiles\Temp\HFSS_sim\LHS400_Connection2\train\TSV_RDL\dut263.s2p
C:\ffzhzh\SyncFiles\Temp\HFSS_sim\LHS400_Connection2,train,TSV_RDL,264,skipped,C:\ffzhzh\SyncFiles\Temp\HFSS_sim\LHS400_Connection2\train\TSV_RDL\dut264.s2p
C:\ffzhzh\SyncFiles\Temp\HFSS_sim\LHS400_Connection2,train,TSV_RDL,265,skipped,C:\ffzhzh\SyncFiles\Temp\HFSS_sim\LHS400_Connection2\train\TSV_RDL\dut265.s2p
C:\ffzhzh\SyncFiles\Temp\HFSS_sim\LHS400_Connection2,train,TSV_RDL,266,skipped,C:\ffzhzh\SyncFiles\Temp\HFSS_sim\LHS400_Connection2\train\TSV_RDL\dut266.s2p
C:\ffzhzh\SyncFiles\Temp\HFSS_sim\LHS400_Connection2,train,TSV_RDL,267,skipped,C:\ffzhzh\SyncFiles\Temp\HFSS_sim\LHS400_Connection2\train\TSV_RDL\dut267.s2p
C:\ffzhzh\SyncFiles\Temp\HFSS_sim\LHS400_Connection2,train,TSV_RDL,268,skipped,C:\ffzhzh\SyncFiles\Temp\HFSS_sim\LHS400_Connection2\train\TSV_RDL\dut268.s2p
C:\ffzhzh\SyncFiles\Temp\HFSS_sim\LHS400_Connection2,train,TSV_RDL,269,skipped,C:\ffzhzh\SyncFiles\Temp\HFSS_sim\LHS400_Connection2\train\TSV_RDL\dut269.s2p
C:\ffzhzh\SyncFiles\Temp\HFSS_sim\LHS400_Connection2,train,TSV_RDL,270,skipped,C:\ffzhzh\SyncFiles\Temp\HFSS_sim\LHS400_Connection2\train\TSV_RDL\dut270.s2p
C:\ffzhzh\SyncFiles\Temp\HFSS_sim\LHS400_Connection2,train,TSV_RDL,271,skipped,C:\ffzhzh\SyncFiles\Temp\HFSS_sim\LHS400_Connection2\train\TSV_RDL\dut271.s2p
C:\ffzhzh\SyncFiles\Temp\HFSS_sim\LHS400_Connection2,train,TSV_RDL,272,skipped,C:\ffzhzh\SyncFiles\Temp\HFSS_sim\LHS400_Connection2\train\TSV_RDL\dut272.s2p
C:\ffzhzh\SyncFiles\Temp\HFSS_sim\LHS400_Connection2,train,TSV_RDL,273,skipped,C:\ffzhzh\SyncFiles\Temp\HFSS_sim\LHS400_Connection2\train\TSV_RDL\dut273.s2p
C:\ffzhzh\SyncFiles\Temp\HFSS_sim\LHS400_Connection2,train,TSV_RDL,274,skipped,C:\ffzhzh\SyncFiles\Temp\HFSS_sim\LHS400_Connection2\train\TSV_RDL\dut274.s2p
C:\ffzhzh\SyncFiles\Temp\HFSS_sim\LHS400_Connection2,train,TSV_RDL,275,skipped,C:\ffzhzh\SyncFiles\Temp\HFSS_sim\LHS400_Connection2\train\TSV_RDL\dut275.s2p
C:\ffzhzh\SyncFiles\Temp\HFSS_sim\LHS400_Connection2,train,TSV_RDL,276,skipped,C:\ffzhzh\SyncFiles\Temp\HFSS_sim\LHS400_Connection2\train\TSV_RDL\dut276.s2p
C:\ffzhzh\SyncFiles\Temp\HFSS_sim\LHS400_Connection2,train,TSV_RDL,277,skipped,C:\ffzhzh\SyncFiles\Temp\HFSS_sim\LHS400_Connection2\train\TSV_RDL\dut277.s2p
C:\ffzhzh\SyncFiles\Temp\HFSS_sim\LHS400_Connection2,train,TSV_RDL,278,skipped,C:\ffzhzh\SyncFiles\Temp\HFSS_sim\LHS400_Connection2\train\TSV_RDL\dut278.s2p
C:\ffzhzh\SyncFiles\Temp\HFSS_sim\LHS400_Connection2,train,TSV_RDL,279,skipped,C:\ffzhzh\SyncFiles\Temp\HFSS_sim\LHS400_Connection2\train\TSV_RDL\dut279.s2p
C:\ffzhzh\SyncFiles\Temp\HFSS_sim\LHS400_Connection2,train,TSV_RDL,280,skipped,C:\ffzhzh\SyncFiles\Temp\HFSS_sim\LHS400_Connection2\train\TSV_RDL\dut280.s2p
C:\ffzhzh\SyncFiles\Temp\HFSS_sim\LHS400_Connection2,train,TSV_RDL,281,skipped,C:\ffzhzh\SyncFiles\Temp\HFSS_sim\LHS400_Connection2\train\TSV_RDL\dut281.s2p
C:\ffzhzh\SyncFiles\Temp\HFSS_sim\LHS400_Connection2,train,TSV_RDL,282,skipped,C:\ffzhzh\SyncFiles\Temp\HFSS_sim\LHS400_Connection2\train\TSV_RDL\dut282.s2p
C:\ffzhzh\SyncFiles\Temp\HFSS_sim\LHS400_Connection2,train,TSV_RDL,283,skipped,C:\ffzhzh\SyncFiles\Temp\HFSS_sim\LHS400_Connection2\train\TSV_RDL\dut283.s2p
C:\ffzhzh\SyncFiles\Temp\HFSS_sim\LHS400_Connection2,train,TSV_RDL,284,skipped,C:\ffzhzh\SyncFiles\Temp\HFSS_sim\LHS400_Connection2\train\TSV_RDL\dut284.s2p
C:\ffzhzh\SyncFiles\Temp\HFSS_sim\LHS400_Connection2,train,TSV_RDL,285,skipped,C:\ffzhzh\SyncFiles\Temp\HFSS_sim\LHS400_Connection2\train\TSV_RDL\dut285.s2p
C:\ffzhzh\SyncFiles\Temp\HFSS_sim\LHS400_Connection2,train,TSV_RDL,286,skipped,C:\ffzhzh\SyncFiles\Temp\HFSS_sim\LHS400_Connection2\train\TSV_RDL\dut286.s2p
C:\ffzhzh\SyncFiles\Temp\HFSS_sim\LHS400_Connection2,train,TSV_RDL,287,skipped,C:\ffzhzh\SyncFiles\Temp\HFSS_sim\LHS400_Connection2\train\TSV_RDL\dut287.s2p
C:\ffzhzh\SyncFiles\Temp\HFSS_sim\LHS400_Connection2,train,TSV_RDL,288,skipped,C:\ffzhzh\SyncFiles\Temp\HFSS_sim\LHS400_Connection2\train\TSV_RDL\dut288.s2p
C:\ffzhzh\SyncFiles\Temp\HFSS_sim\LHS400_Connection2,train,TSV_RDL,289,skipped,C:\ffzhzh\SyncFiles\Temp\HFSS_sim\LHS400_Connection2\train\TSV_RDL\dut289.s2p
C:\ffzhzh\SyncFiles\Temp\HFSS_sim\LHS400_Connection2,train,TSV_RDL,290,skipped,C:\ffzhzh\SyncFiles\Temp\HFSS_sim\LHS400_Connection2\train\TSV_RDL\dut290.s2p
C:\ffzhzh\SyncFiles\Temp\HFSS_sim\LHS400_Connection2,train,TSV_RDL,291,skipped,C:\ffzhzh\SyncFiles\Temp\HFSS_sim\LHS400_Connection2\train\TSV_RDL\dut291.s2p
C:\ffzhzh\SyncFiles\Temp\HFSS_sim\LHS400_Connection2,train,TSV_RDL,292,skipped,C:\ffzhzh\SyncFiles\Temp\HFSS_sim\LHS400_Connection2\train\TSV_RDL\dut292.s2p
C:\ffzhzh\SyncFiles\Temp\HFSS_sim\LHS400_Connection2,train,TSV_RDL,293,skipped,C:\ffzhzh\SyncFiles\Temp\HFSS_sim\LHS400_Connection2\train\TSV_RDL\dut293.s2p
C:\ffzhzh\SyncFiles\Temp\HFSS_sim\LHS400_Connection2,train,TSV_RDL,294,skipped,C:\ffzhzh\SyncFiles\Temp\HFSS_sim\LHS400_Connection2\train\TSV_RDL\dut294.s2p
C:\ffzhzh\SyncFiles\Temp\HFSS_sim\LHS400_Connection2,train,TSV_RDL,295,skipped,C:\ffzhzh\SyncFiles\Temp\HFSS_sim\LHS400_Connection2\train\TSV_RDL\dut295.s2p
C:\ffzhzh\SyncFiles\Temp\HFSS_sim\LHS400_Connection2,train,TSV_RDL,296,skipped,C:\ffzhzh\SyncFiles\Temp\HFSS_sim\LHS400_Connection2\train\TSV_RDL\dut296.s2p
C:\ffzhzh\SyncFiles\Temp\HFSS_sim\LHS400_Connection2,train,TSV_RDL,297,skipped,C:\ffzhzh\SyncFiles\Temp\HFSS_sim\LHS400_Connection2\train\TSV_RDL\dut297.s2p
C:\ffzhzh\SyncFiles\Temp\HFSS_sim\LHS400_Connection2,train,TSV_RDL,298,skipped,C:\ffzhzh\SyncFiles\Temp\HFSS_sim\LHS400_Connection2\train\TSV_RDL\dut298.s2p
C:\ffzhzh\SyncFiles\Temp\HFSS_sim\LHS400_Connection2,train,TSV_RDL,299,skipped,C:\ffzhzh\SyncFiles\Temp\HFSS_sim\LHS400_Connection2\train\TSV_RDL\dut299.s2p
C:\ffzhzh\SyncFiles\Temp\HFSS_sim\LHS400_Connection2,train,TSV_RDL,300,skipped,C:\ffzhzh\SyncFiles\Temp\HFSS_sim\LHS400_Connection2\train\TSV_RDL\dut300.s2p
C:\ffzhzh\SyncFiles\Temp\HFSS_sim\LHS400_Connection2,train,TSV_RDL,301,skipped,C:\ffzhzh\SyncFiles\Temp\HFSS_sim\LHS400_Connection2\train\TSV_RDL\dut301.s2p
C:\ffzhzh\SyncFiles\Temp\HFSS_sim\LHS400_Connection2,train,TSV_RDL,302,skipped,C:\ffzhzh\SyncFiles\Temp\HFSS_sim\LHS400_Connection2\train\TSV_RDL\dut302.s2p
C:\ffzhzh\SyncFiles\Temp\HFSS_sim\LHS400_Connection2,train,TSV_RDL,303,skipped,C:\ffzhzh\SyncFiles\Temp\HFSS_sim\LHS400_Connection2\train\TSV_RDL\dut303.s2p
C:\ffzhzh\SyncFiles\Temp\HFSS_sim\LHS400_Connection2,train,TSV_RDL,304,skipped,C:\ffzhzh\SyncFiles\Temp\HFSS_sim\LHS400_Connection2\train\TSV_RDL\dut304.s2p
C:\ffzhzh\SyncFiles\Temp\HFSS_sim\LHS400_Connection2,train,TSV_RDL,305,skipped,C:\ffzhzh\SyncFiles\Temp\HFSS_sim\LHS400_Connection2\train\TSV_RDL\dut305.s2p
C:\ffzhzh\SyncFiles\Temp\HFSS_sim\LHS400_Connection2,train,TSV_RDL,306,skipped,C:\ffzhzh\SyncFiles\Temp\HFSS_sim\LHS400_Connection2\train\TSV_RDL\dut306.s2p
C:\ffzhzh\SyncFiles\Temp\HFSS_sim\LHS400_Connection2,train,TSV_RDL,307,skipped,C:\ffzhzh\SyncFiles\Temp\HFSS_sim\LHS400_Connection2\train\TSV_RDL\dut307.s2p
C:\ffzhzh\SyncFiles\Temp\HFSS_sim\LHS400_Connection2,train,TSV_RDL,308,skipped,C:\ffzhzh\SyncFiles\Temp\HFSS_sim\LHS400_Connection2\train\TSV_RDL\dut308.s2p
C:\ffzhzh\SyncFiles\Temp\HFSS_sim\LHS400_Connection2,train,TSV_RDL,309,skipped,C:\ffzhzh\SyncFiles\Temp\HFSS_sim\LHS400_Connection2\train\TSV_RDL\dut309.s2p
C:\ffzhzh\SyncFiles\Temp\HFSS_sim\LHS400_Connection2,train,TSV_RDL,310,skipped,C:\ffzhzh\SyncFiles\Temp\HFSS_sim\LHS400_Connection2\train\TSV_RDL\dut310.s2p
C:\ffzhzh\SyncFiles\Temp\HFSS_sim\LHS400_Connection2,train,TSV_RDL,311,skipped,C:\ffzhzh\SyncFiles\Temp\HFSS_sim\LHS400_Connection2\train\TSV_RDL\dut311.s2p
C:\ffzhzh\SyncFiles\Temp\HFSS_sim\LHS400_Connection2,train,TSV_RDL,312,skipped,C:\ffzhzh\SyncFiles\Temp\HFSS_sim\LHS400_Connection2\train\TSV_RDL\dut312.s2p
C:\ffzhzh\SyncFiles\Temp\HFSS_sim\LHS400_Connection2,train,TSV_RDL,313,skipped,C:\ffzhzh\SyncFiles\Temp\HFSS_sim\LHS400_Connection2\train\TSV_RDL\dut313.s2p
C:\ffzhzh\SyncFiles\Temp\HFSS_sim\LHS400_Connection2,train,TSV_RDL,314,skipped,C:\ffzhzh\SyncFiles\Temp\HFSS_sim\LHS400_Connection2\train\TSV_RDL\dut314.s2p
C:\ffzhzh\SyncFiles\Temp\HFSS_sim\LHS400_Connection2,train,TSV_RDL,315,skipped,C:\ffzhzh\SyncFiles\Temp\HFSS_sim\LHS400_Connection2\train\TSV_RDL\dut315.s2p
C:\ffzhzh\SyncFiles\Temp\HFSS_sim\LHS400_Connection2,train,TSV_RDL,316,skipped,C:\ffzhzh\SyncFiles\Temp\HFSS_sim\LHS400_Connection2\train\TSV_RDL\dut316.s2p
C:\ffzhzh\SyncFiles\Temp\HFSS_sim\LHS400_Connection2,train,TSV_RDL,317,skipped,C:\ffzhzh\SyncFiles\Temp\HFSS_sim\LHS400_Connection2\train\TSV_RDL\dut317.s2p
C:\ffzhzh\SyncFiles\Temp\HFSS_sim\LHS400_Connection2,train,TSV_RDL,318,skipped,C:\ffzhzh\SyncFiles\Temp\HFSS_sim\LHS400_Connection2\train\TSV_RDL\dut318.s2p
C:\ffzhzh\SyncFiles\Temp\HFSS_sim\LHS400_Connection2,train,TSV_RDL,319,skipped,C:\ffzhzh\SyncFiles\Temp\HFSS_sim\LHS400_Connection2\train\TSV_RDL\dut319.s2p
C:\ffzhzh\SyncFiles\Temp\HFSS_sim\LHS400_Connection2,train,TSV_RDL,320,skipped,C:\ffzhzh\SyncFiles\Temp\HFSS_sim\LHS400_Connection2\train\TSV_RDL\dut320.s2p
C:\ffzhzh\SyncFiles\Temp\HFSS_sim\LHS400_Connection2,train,TSV_RDL,321,skipped,C:\ffzhzh\SyncFiles\Temp\HFSS_sim\LHS400_Connection2\train\TSV_RDL\dut321.s2p
C:\ffzhzh\SyncFiles\Temp\HFSS_sim\LHS400_Connection2,train,TSV_RDL,322,skipped,C:\ffzhzh\SyncFiles\Temp\HFSS_sim\LHS400_Connection2\train\TSV_RDL\dut322.s2p
C:\ffzhzh\SyncFiles\Temp\HFSS_sim\LHS400_Connection2,train,TSV_RDL,323,skipped,C:\ffzhzh\SyncFiles\Temp\HFSS_sim\LHS400_Connection2\train\TSV_RDL\dut323.s2p
C:\ffzhzh\SyncFiles\Temp\HFSS_sim\LHS400_Connection2,train,TSV_RDL,324,skipped,C:\ffzhzh\SyncFiles\Temp\HFSS_sim\LHS400_Connection2\train\TSV_RDL\dut324.s2p
C:\ffzhzh\SyncFiles\Temp\HFSS_sim\LHS400_Connection2,train,TSV_RDL,325,skipped,C:\ffzhzh\SyncFiles\Temp\HFSS_sim\LHS400_Connection2\train\TSV_RDL\dut325.s2p
C:\ffzhzh\SyncFiles\Temp\HFSS_sim\LHS400_Connection2,train,TSV_RDL,326,skipped,C:\ffzhzh\SyncFiles\Temp\HFSS_sim\LHS400_Connection2\train\TSV_RDL\dut326.s2p
C:\ffzhzh\SyncFiles\Temp\HFSS_sim\LHS400_Connection2,train,TSV_RDL,327,skipped,C:\ffzhzh\SyncFiles\Temp\HFSS_sim\LHS400_Connection2\train\TSV_RDL\dut327.s2p
C:\ffzhzh\SyncFiles\Temp\HFSS_sim\LHS400_Connection2,train,TSV_RDL,328,skipped,C:\ffzhzh\SyncFiles\Temp\HFSS_sim\LHS400_Connection2\train\TSV_RDL\dut328.s2p
C:\ffzhzh\SyncFiles\Temp\HFSS_sim\LHS400_Connection2,train,TSV_RDL,329,skipped,C:\ffzhzh\SyncFiles\Temp\HFSS_sim\LHS400_Connection2\train\TSV_RDL\dut329.s2p
C:\ffzhzh\SyncFiles\Temp\HFSS_sim\LHS400_Connection2,train,TSV_RDL,330,skipped,C:\ffzhzh\SyncFiles\Temp\HFSS_sim\LHS400_Connection2\train\TSV_RDL\dut330.s2p
C:\ffzhzh\SyncFiles\Temp\HFSS_sim\LHS400_Connection2,train,TSV_RDL,331,skipped,C:\ffzhzh\SyncFiles\Temp\HFSS_sim\LHS400_Connection2\train\TSV_RDL\dut331.s2p
C:\ffzhzh\SyncFiles\Temp\HFSS_sim\LHS400_Connection2,train,TSV_RDL,332,skipped,C:\ffzhzh\SyncFiles\Temp\HFSS_sim\LHS400_Connection2\train\TSV_RDL\dut332.s2p
C:\ffzhzh\SyncFiles\Temp\HFSS_sim\LHS400_Connection2,train,TSV_RDL,333,skipped,C:\ffzhzh\SyncFiles\Temp\HFSS_sim\LHS400_Connection2\train\TSV_RDL\dut333.s2p
C:\ffzhzh\SyncFiles\Temp\HFSS_sim\LHS400_Connection2,train,TSV_RDL,334,skipped,C:\ffzhzh\SyncFiles\Temp\HFSS_sim\LHS400_Connection2\train\TSV_RDL\dut334.s2p
C:\ffzhzh\SyncFiles\Temp\HFSS_sim\LHS400_Connection2,train,TSV_RDL,335,skipped,C:\ffzhzh\SyncFiles\Temp\HFSS_sim\LHS400_Connection2\train\TSV_RDL\dut335.s2p
C:\ffzhzh\SyncFiles\Temp\HFSS_sim\LHS400_Connection2,train,TSV_RDL,336,skipped,C:\ffzhzh\SyncFiles\Temp\HFSS_sim\LHS400_Connection2\train\TSV_RDL\dut336.s2p
C:\ffzhzh\SyncFiles\Temp\HFSS_sim\LHS400_Connection2,train,TSV_RDL,337,skipped,C:\ffzhzh\SyncFiles\Temp\HFSS_sim\LHS400_Connection2\train\TSV_RDL\dut337.s2p
C:\ffzhzh\SyncFiles\Temp\HFSS_sim\LHS400_Connection2,train,TSV_RDL,338,skipped,C:\ffzhzh\SyncFiles\Temp\HFSS_sim\LHS400_Connection2\train\TSV_RDL\dut338.s2p
C:\ffzhzh\SyncFiles\Temp\HFSS_sim\LHS400_Connection2,train,TSV_RDL,339,skipped,C:\ffzhzh\SyncFiles\Temp\HFSS_sim\LHS400_Connection2\train\TSV_RDL\dut339.s2p
C:\ffzhzh\SyncFiles\Temp\HFSS_sim\LHS400_Connection2,train,TSV_RDL,340,skipped,C:\ffzhzh\SyncFiles\Temp\HFSS_sim\LHS400_Connection2\train\TSV_RDL\dut340.s2p
C:\ffzhzh\SyncFiles\Temp\HFSS_sim\LHS400_Connection2,train,TSV_RDL,341,skipped,C:\ffzhzh\SyncFiles\Temp\HFSS_sim\LHS400_Connection2\train\TSV_RDL\dut341.s2p
C:\ffzhzh\SyncFiles\Temp\HFSS_sim\LHS400_Connection2,train,TSV_RDL,342,skipped,C:\ffzhzh\SyncFiles\Temp\HFSS_sim\LHS400_Connection2\train\TSV_RDL\dut342.s2p
C:\ffzhzh\SyncFiles\Temp\HFSS_sim\LHS400_Connection2,train,TSV_RDL,343,skipped,C:\ffzhzh\SyncFiles\Temp\HFSS_sim\LHS400_Connection2\train\TSV_RDL\dut343.s2p
C:\ffzhzh\SyncFiles\Temp\HFSS_sim\LHS400_Connection2,train,TSV_RDL,344,skipped,C:\ffzhzh\SyncFiles\Temp\HFSS_sim\LHS400_Connection2\train\TSV_RDL\dut344.s2p
C:\ffzhzh\SyncFiles\Temp\HFSS_sim\LHS400_Connection2,train,TSV_RDL,345,skipped,C:\ffzhzh\SyncFiles\Temp\HFSS_sim\LHS400_Connection2\train\TSV_RDL\dut345.s2p
C:\ffzhzh\SyncFiles\Temp\HFSS_sim\LHS400_Connection2,train,TSV_RDL,346,skipped,C:\ffzhzh\SyncFiles\Temp\HFSS_sim\LHS400_Connection2\train\TSV_RDL\dut346.s2p
C:\ffzhzh\SyncFiles\Temp\HFSS_sim\LHS400_Connection2,train,TSV_RDL,347,skipped,C:\ffzhzh\SyncFiles\Temp\HFSS_sim\LHS400_Connection2\train\TSV_RDL\dut347.s2p
C:\ffzhzh\SyncFiles\Temp\HFSS_sim\LHS400_Connection2,train,TSV_RDL,348,skipped,C:\ffzhzh\SyncFiles\Temp\HFSS_sim\LHS400_Connection2\train\TSV_RDL\dut348.s2p
C:\ffzhzh\SyncFiles\Temp\HFSS_sim\LHS400_Connection2,train,TSV_RDL,349,skipped,C:\ffzhzh\SyncFiles\Temp\HFSS_sim\LHS400_Connection2\train\TSV_RDL\dut349.s2p
C:\ffzhzh\SyncFiles\Temp\HFSS_sim\LHS400_Connection2,train,TSV_RDL,350,skipped,C:\ffzhzh\SyncFiles\Temp\HFSS_sim\LHS400_Connection2\train\TSV_RDL\dut350.s2p
C:\ffzhzh\SyncFiles\Temp\HFSS_sim\LHS400_Connection2,train,TSV_RDL,351,skipped,C:\ffzhzh\SyncFiles\Temp\HFSS_sim\LHS400_Connection2\train\TSV_RDL\dut351.s2p
C:\ffzhzh\SyncFiles\Temp\HFSS_sim\LHS400_Connection2,train,TSV_RDL,352,skipped,C:\ffzhzh\SyncFiles\Temp\HFSS_sim\LHS400_Connection2\train\TSV_RDL\dut352.s2p
C:\ffzhzh\SyncFiles\Temp\HFSS_sim\LHS400_Connection2,train,TSV_RDL,353,completed,C:\ffzhzh\SyncFiles\Temp\HFSS_sim\LHS400_Connection2\train\TSV_RDL\dut353.s2p
C:\ffzhzh\SyncFiles\Temp\HFSS_sim\LHS400_Connection2,train,TSV_RDL,354,skipped,C:\ffzhzh\SyncFiles\Temp\HFSS_sim\LHS400_Connection2\train\TSV_RDL\dut354.s2p
C:\ffzhzh\SyncFiles\Temp\HFSS_sim\LHS400_Connection2,train,TSV_RDL,355,skipped,C:\ffzhzh\SyncFiles\Temp\HFSS_sim\LHS400_Connection2\train\TSV_RDL\dut355.s2p
C:\ffzhzh\SyncFiles\Temp\HFSS_sim\LHS400_Connection2,train,TSV_RDL,356,skipped,C:\ffzhzh\SyncFiles\Temp\HFSS_sim\LHS400_Connection2\train\TSV_RDL\dut356.s2p
C:\ffzhzh\SyncFiles\Temp\HFSS_sim\LHS400_Connection2,train,TSV_RDL,357,skipped,C:\ffzhzh\SyncFiles\Temp\HFSS_sim\LHS400_Connection2\train\TSV_RDL\dut357.s2p
C:\ffzhzh\SyncFiles\Temp\HFSS_sim\LHS400_Connection2,train,TSV_RDL,358,skipped,C:\ffzhzh\SyncFiles\Temp\HFSS_sim\LHS400_Connection2\train\TSV_RDL\dut358.s2p
C:\ffzhzh\SyncFiles\Temp\HFSS_sim\LHS400_Connection2,train,TSV_RDL,359,skipped,C:\ffzhzh\SyncFiles\Temp\HFSS_sim\LHS400_Connection2\train\TSV_RDL\dut359.s2p
C:\ffzhzh\SyncFiles\Temp\HFSS_sim\LHS400_Connection2,train,TSV_RDL,360,skipped,C:\ffzhzh\SyncFiles\Temp\HFSS_sim\LHS400_Connection2\train\TSV_RDL\dut360.s2p
C:\ffzhzh\SyncFiles\Temp\HFSS_sim\LHS400_Connection2,train,TSV_RDL,361,skipped,C:\ffzhzh\SyncFiles\Temp\HFSS_sim\LHS400_Connection2\train\TSV_RDL\dut361.s2p
C:\ffzhzh\SyncFiles\Temp\HFSS_sim\LHS400_Connection2,train,TSV_RDL,362,skipped,C:\ffzhzh\SyncFiles\Temp\HFSS_sim\LHS400_Connection2\train\TSV_RDL\dut362.s2p
C:\ffzhzh\SyncFiles\Temp\HFSS_sim\LHS400_Connection2,train,TSV_RDL,363,skipped,C:\ffzhzh\SyncFiles\Temp\HFSS_sim\LHS400_Connection2\train\TSV_RDL\dut363.s2p
C:\ffzhzh\SyncFiles\Temp\HFSS_sim\LHS400_Connection2,train,TSV_RDL,364,skipped,C:\ffzhzh\SyncFiles\Temp\HFSS_sim\LHS400_Connection2\train\TSV_RDL\dut364.s2p
C:\ffzhzh\SyncFiles\Temp\HFSS_sim\LHS400_Connection2,train,TSV_RDL,365,skipped,C:\ffzhzh\SyncFiles\Temp\HFSS_sim\LHS400_Connection2\train\TSV_RDL\dut365.s2p
C:\ffzhzh\SyncFiles\Temp\HFSS_sim\LHS400_Connection2,train,TSV_RDL,366,skipped,C:\ffzhzh\SyncFiles\Temp\HFSS_sim\LHS400_Connection2\train\TSV_RDL\dut366.s2p
C:\ffzhzh\SyncFiles\Temp\HFSS_sim\LHS400_Connection2,train,TSV_RDL,367,skipped,C:\ffzhzh\SyncFiles\Temp\HFSS_sim\LHS400_Connection2\train\TSV_RDL\dut367.s2p
C:\ffzhzh\SyncFiles\Temp\HFSS_sim\LHS400_Connection2,train,TSV_RDL,368,skipped,C:\ffzhzh\SyncFiles\Temp\HFSS_sim\LHS400_Connection2\train\TSV_RDL\dut368.s2p
C:\ffzhzh\SyncFiles\Temp\HFSS_sim\LHS400_Connection2,train,TSV_RDL,369,skipped,C:\ffzhzh\SyncFiles\Temp\HFSS_sim\LHS400_Connection2\train\TSV_RDL\dut369.s2p
C:\ffzhzh\SyncFiles\Temp\HFSS_sim\LHS400_Connection2,train,TSV_RDL,370,skipped,C:\ffzhzh\SyncFiles\Temp\HFSS_sim\LHS400_Connection2\train\TSV_RDL\dut370.s2p
C:\ffzhzh\SyncFiles\Temp\HFSS_sim\LHS400_Connection2,train,TSV_RDL,371,skipped,C:\ffzhzh\SyncFiles\Temp\HFSS_sim\LHS400_Connection2\train\TSV_RDL\dut371.s2p
C:\ffzhzh\SyncFiles\Temp\HFSS_sim\LHS400_Connection2,train,TSV_RDL,372,skipped,C:\ffzhzh\SyncFiles\Temp\HFSS_sim\LHS400_Connection2\train\TSV_RDL\dut372.s2p
C:\ffzhzh\SyncFiles\Temp\HFSS_sim\LHS400_Connection2,train,TSV_RDL,373,skipped,C:\ffzhzh\SyncFiles\Temp\HFSS_sim\LHS400_Connection2\train\TSV_RDL\dut373.s2p
C:\ffzhzh\SyncFiles\Temp\HFSS_sim\LHS400_Connection2,train,TSV_RDL,374,skipped,C:\ffzhzh\SyncFiles\Temp\HFSS_sim\LHS400_Connection2\train\TSV_RDL\dut374.s2p
C:\ffzhzh\SyncFiles\Temp\HFSS_sim\LHS400_Connection2,train,TSV_RDL,375,skipped,C:\ffzhzh\SyncFiles\Temp\HFSS_sim\LHS400_Connection2\train\TSV_RDL\dut375.s2p
C:\ffzhzh\SyncFiles\Temp\HFSS_sim\LHS400_Connection2,train,TSV_RDL,376,skipped,C:\ffzhzh\SyncFiles\Temp\HFSS_sim\LHS400_Connection2\train\TSV_RDL\dut376.s2p
C:\ffzhzh\SyncFiles\Temp\HFSS_sim\LHS400_Connection2,train,TSV_RDL,377,skipped,C:\ffzhzh\SyncFiles\Temp\HFSS_sim\LHS400_Connection2\train\TSV_RDL\dut377.s2p
C:\ffzhzh\SyncFiles\Temp\HFSS_sim\LHS400_Connection2,train,TSV_RDL,378,skipped,C:\ffzhzh\SyncFiles\Temp\HFSS_sim\LHS400_Connection2\train\TSV_RDL\dut378.s2p
C:\ffzhzh\SyncFiles\Temp\HFSS_sim\LHS400_Connection2,train,TSV_RDL,379,skipped,C:\ffzhzh\SyncFiles\Temp\HFSS_sim\LHS400_Connection2\train\TSV_RDL\dut379.s2p
C:\ffzhzh\SyncFiles\Temp\HFSS_sim\LHS400_Connection2,train,TSV_RDL,380,skipped,C:\ffzhzh\SyncFiles\Temp\HFSS_sim\LHS400_Connection2\train\TSV_RDL\dut380.s2p
C:\ffzhzh\SyncFiles\Temp\HFSS_sim\LHS400_Connection2,train,TSV_RDL,381,skipped,C:\ffzhzh\SyncFiles\Temp\HFSS_sim\LHS400_Connection2\train\TSV_RDL\dut381.s2p
C:\ffzhzh\SyncFiles\Temp\HFSS_sim\LHS400_Connection2,train,TSV_RDL,382,skipped,C:\ffzhzh\SyncFiles\Temp\HFSS_sim\LHS400_Connection2\train\TSV_RDL\dut382.s2p
C:\ffzhzh\SyncFiles\Temp\HFSS_sim\LHS400_Connection2,train,TSV_RDL,383,skipped,C:\ffzhzh\SyncFiles\Temp\HFSS_sim\LHS400_Connection2\train\TSV_RDL\dut383.s2p
C:\ffzhzh\SyncFiles\Temp\HFSS_sim\LHS400_Connection2,train,TSV_RDL,384,skipped,C:\ffzhzh\SyncFiles\Temp\HFSS_sim\LHS400_Connection2\train\TSV_RDL\dut384.s2p
C:\ffzhzh\SyncFiles\Temp\HFSS_sim\LHS400_Connection2,train,TSV_RDL,385,skipped,C:\ffzhzh\SyncFiles\Temp\HFSS_sim\LHS400_Connection2\train\TSV_RDL\dut385.s2p
C:\ffzhzh\SyncFiles\Temp\HFSS_sim\LHS400_Connection2,train,TSV_RDL,386,skipped,C:\ffzhzh\SyncFiles\Temp\HFSS_sim\LHS400_Connection2\train\TSV_RDL\dut386.s2p
C:\ffzhzh\SyncFiles\Temp\HFSS_sim\LHS400_Connection2,train,TSV_RDL,387,skipped,C:\ffzhzh\SyncFiles\Temp\HFSS_sim\LHS400_Connection2\train\TSV_RDL\dut387.s2p
C:\ffzhzh\SyncFiles\Temp\HFSS_sim\LHS400_Connection2,train,TSV_RDL,388,skipped,C:\ffzhzh\SyncFiles\Temp\HFSS_sim\LHS400_Connection2\train\TSV_RDL\dut388.s2p
C:\ffzhzh\SyncFiles\Temp\HFSS_sim\LHS400_Connection2,train,TSV_RDL,389,skipped,C:\ffzhzh\SyncFiles\Temp\HFSS_sim\LHS400_Connection2\train\TSV_RDL\dut389.s2p
C:\ffzhzh\SyncFiles\Temp\HFSS_sim\LHS400_Connection2,train,TSV_RDL,390,skipped,C:\ffzhzh\SyncFiles\Temp\HFSS_sim\LHS400_Connection2\train\TSV_RDL\dut390.s2p
C:\ffzhzh\SyncFiles\Temp\HFSS_sim\LHS400_Connection2,train,TSV_RDL,391,skipped,C:\ffzhzh\SyncFiles\Temp\HFSS_sim\LHS400_Connection2\train\TSV_RDL\dut391.s2p
C:\ffzhzh\SyncFiles\Temp\HFSS_sim\LHS400_Connection2,train,TSV_RDL,392,skipped,C:\ffzhzh\SyncFiles\Temp\HFSS_sim\LHS400_Connection2\train\TSV_RDL\dut392.s2p
C:\ffzhzh\SyncFiles\Temp\HFSS_sim\LHS400_Connection2,train,TSV_RDL,393,skipped,C:\ffzhzh\SyncFiles\Temp\HFSS_sim\LHS400_Connection2\train\TSV_RDL\dut393.s2p
C:\ffzhzh\SyncFiles\Temp\HFSS_sim\LHS400_Connection2,train,TSV_RDL,394,skipped,C:\ffzhzh\SyncFiles\Temp\HFSS_sim\LHS400_Connection2\train\TSV_RDL\dut394.s2p
C:\ffzhzh\SyncFiles\Temp\HFSS_sim\LHS400_Connection2,train,TSV_RDL,395,skipped,C:\ffzhzh\SyncFiles\Temp\HFSS_sim\LHS400_Connection2\train\TSV_RDL\dut395.s2p
C:\ffzhzh\SyncFiles\Temp\HFSS_sim\LHS400_Connection2,train,TSV_RDL,396,skipped,C:\ffzhzh\SyncFiles\Temp\HFSS_sim\LHS400_Connection2\train\TSV_RDL\dut396.s2p
C:\ffzhzh\SyncFiles\Temp\HFSS_sim\LHS400_Connection2,train,TSV_RDL,397,skipped,C:\ffzhzh\SyncFiles\Temp\HFSS_sim\LHS400_Connection2\train\TSV_RDL\dut397.s2p
C:\ffzhzh\SyncFiles\Temp\HFSS_sim\LHS400_Connection2,train,TSV_RDL,398,skipped,C:\ffzhzh\SyncFiles\Temp\HFSS_sim\LHS400_Connection2\train\TSV_RDL\dut398.s2p
C:\ffzhzh\SyncFiles\Temp\HFSS_sim\LHS400_Connection2,train,TSV_RDL,399,skipped,C:\ffzhzh\SyncFiles\Temp\HFSS_sim\LHS400_Connection2\train\TSV_RDL\dut399.s2p
