split,design,idx,status,file,error
train,TMRDL,300,skipped,C:\ffzhzh\SyncFiles\Temp\HFSS_sim\LHS400\train\TMRDL\dut300.s2p,
train,TMRDL,301,skipped,C:\ffzhzh\SyncFiles\Temp\HFSS_sim\LHS400\train\TMRDL\dut301.s2p,
train,TMRDL,302,skipped,C:\ffzhzh\SyncFiles\Temp\HFSS_sim\LHS400\train\TMRDL\dut302.s2p,
train,TMRDL,303,skipped,C:\ffzhzh\SyncFiles\Temp\HFSS_sim\LHS400\train\TMRDL\dut303.s2p,
train,TMRDL,304,skipped,C:\ffzhzh\SyncFiles\Temp\HFSS_sim\LHS400\train\TMRDL\dut304.s2p,
train,TMRDL,305,skipped,C:\ffzhzh\SyncFiles\Temp\HFSS_sim\LHS400\train\TMRDL\dut305.s2p,
train,TMRDL,306,skipped,C:\ffzhzh\SyncFiles\Temp\HFSS_sim\LHS400\train\TMRDL\dut306.s2p,
train,TMRDL,307,skipped,C:\ffzhzh\SyncFiles\Temp\HFSS_sim\LHS400\train\TMRDL\dut307.s2p,
train,TMRDL,308,skipped,C:\ffzhzh\SyncFiles\Temp\HFSS_sim\LHS400\train\TMRDL\dut308.s2p,
train,TMRDL,309,skipped,C:\ffzhzh\SyncFiles\Temp\HFSS_sim\LHS400\train\TMRDL\dut309.s2p,
train,TMRDL,310,skipped,C:\ffzhzh\SyncFiles\Temp\HFSS_sim\LHS400\train\TMRDL\dut310.s2p,
train,TMRDL,311,skipped,C:\ffzhzh\SyncFiles\Temp\HFSS_sim\LHS400\train\TMRDL\dut311.s2p,
train,TMRDL,312,skipped,C:\ffzhzh\SyncFiles\Temp\HFSS_sim\LHS400\train\TMRDL\dut312.s2p,
train,TMRDL,313,skipped,C:\ffzhzh\SyncFiles\Temp\HFSS_sim\LHS400\train\TMRDL\dut313.s2p,
train,TMRDL,314,skipped,C:\ffzhzh\SyncFiles\Temp\HFSS_sim\LHS400\train\TMRDL\dut314.s2p,
train,TMRDL,315,skipped,C:\ffzhzh\SyncFiles\Temp\HFSS_sim\LHS400\train\TMRDL\dut315.s2p,
train,TMRDL,316,skipped,C:\ffzhzh\SyncFiles\Temp\HFSS_sim\LHS400\train\TMRDL\dut316.s2p,
train,TMRDL,317,skipped,C:\ffzhzh\SyncFiles\Temp\HFSS_sim\LHS400\train\TMRDL\dut317.s2p,
train,TMRDL,318,skipped,C:\ffzhzh\SyncFiles\Temp\HFSS_sim\LHS400\train\TMRDL\dut318.s2p,
train,TMRDL,319,skipped,C:\ffzhzh\SyncFiles\Temp\HFSS_sim\LHS400\train\TMRDL\dut319.s2p,
train,TMRDL,320,skipped,C:\ffzhzh\SyncFiles\Temp\HFSS_sim\LHS400\train\TMRDL\dut320.s2p,
train,TMRDL,321,skipped,C:\ffzhzh\SyncFiles\Temp\HFSS_sim\LHS400\train\TMRDL\dut321.s2p,
train,TMRDL,322,skipped,C:\ffzhzh\SyncFiles\Temp\HFSS_sim\LHS400\train\TMRDL\dut322.s2p,
train,TMRDL,323,skipped,C:\ffzhzh\SyncFiles\Temp\HFSS_sim\LHS400\train\TMRDL\dut323.s2p,
train,TMRDL,324,skipped,C:\ffzhzh\SyncFiles\Temp\HFSS_sim\LHS400\train\TMRDL\dut324.s2p,
train,TMRDL,325,skipped,C:\ffzhzh\SyncFiles\Temp\HFSS_sim\LHS400\train\TMRDL\dut325.s2p,
train,TMRDL,326,skipped,C:\ffzhzh\SyncFiles\Temp\HFSS_sim\LHS400\train\TMRDL\dut326.s2p,
train,TMRDL,327,skipped,C:\ffzhzh\SyncFiles\Temp\HFSS_sim\LHS400\train\TMRDL\dut327.s2p,
train,TMRDL,328,skipped,C:\ffzhzh\SyncFiles\Temp\HFSS_sim\LHS400\train\TMRDL\dut328.s2p,
train,TMRDL,329,skipped,C:\ffzhzh\SyncFiles\Temp\HFSS_sim\LHS400\train\TMRDL\dut329.s2p,
train,TMRDL,330,skipped,C:\ffzhzh\SyncFiles\Temp\HFSS_sim\LHS400\train\TMRDL\dut330.s2p,
train,TMRDL,331,skipped,C:\ffzhzh\SyncFiles\Temp\HFSS_sim\LHS400\train\TMRDL\dut331.s2p,
train,TMRDL,332,skipped,C:\ffzhzh\SyncFiles\Temp\HFSS_sim\LHS400\train\TMRDL\dut332.s2p,
train,TMRDL,333,skipped,C:\ffzhzh\SyncFiles\Temp\HFSS_sim\LHS400\train\TMRDL\dut333.s2p,
train,TMRDL,334,skipped,C:\ffzhzh\SyncFiles\Temp\HFSS_sim\LHS400\train\TMRDL\dut334.s2p,
train,TMRDL,335,skipped,C:\ffzhzh\SyncFiles\Temp\HFSS_sim\LHS400\train\TMRDL\dut335.s2p,
train,TMRDL,336,skipped,C:\ffzhzh\SyncFiles\Temp\HFSS_sim\LHS400\train\TMRDL\dut336.s2p,
train,TMRDL,337,skipped,C:\ffzhzh\SyncFiles\Temp\HFSS_sim\LHS400\train\TMRDL\dut337.s2p,
train,TMRDL,338,skipped,C:\ffzhzh\SyncFiles\Temp\HFSS_sim\LHS400\train\TMRDL\dut338.s2p,
train,TMRDL,339,skipped,C:\ffzhzh\SyncFiles\Temp\HFSS_sim\LHS400\train\TMRDL\dut339.s2p,
train,TMRDL,340,skipped,C:\ffzhzh\SyncFiles\Temp\HFSS_sim\LHS400\train\TMRDL\dut340.s2p,
train,TMRDL,341,skipped,C:\ffzhzh\SyncFiles\Temp\HFSS_sim\LHS400\train\TMRDL\dut341.s2p,
train,TMRDL,342,skipped,C:\ffzhzh\SyncFiles\Temp\HFSS_sim\LHS400\train\TMRDL\dut342.s2p,
train,TMRDL,343,skipped,C:\ffzhzh\SyncFiles\Temp\HFSS_sim\LHS400\train\TMRDL\dut343.s2p,
train,TMRDL,344,skipped,C:\ffzhzh\SyncFiles\Temp\HFSS_sim\LHS400\train\TMRDL\dut344.s2p,
train,TMRDL,345,skipped,C:\ffzhzh\SyncFiles\Temp\HFSS_sim\LHS400\train\TMRDL\dut345.s2p,
train,TMRDL,346,skipped,C:\ffzhzh\SyncFiles\Temp\HFSS_sim\LHS400\train\TMRDL\dut346.s2p,
train,TMRDL,347,skipped,C:\ffzhzh\SyncFiles\Temp\HFSS_sim\LHS400\train\TMRDL\dut347.s2p,
train,TMRDL,348,skipped,C:\ffzhzh\SyncFiles\Temp\HFSS_sim\LHS400\train\TMRDL\dut348.s2p,
train,TMRDL,349,skipped,C:\ffzhzh\SyncFiles\Temp\HFSS_sim\LHS400\train\TMRDL\dut349.s2p,
train,TMRDL,350,skipped,C:\ffzhzh\SyncFiles\Temp\HFSS_sim\LHS400\train\TMRDL\dut350.s2p,
train,TMRDL,351,skipped,C:\ffzhzh\SyncFiles\Temp\HFSS_sim\LHS400\train\TMRDL\dut351.s2p,
train,TMRDL,352,skipped,C:\ffzhzh\SyncFiles\Temp\HFSS_sim\LHS400\train\TMRDL\dut352.s2p,
train,TMRDL,353,skipped,C:\ffzhzh\SyncFiles\Temp\HFSS_sim\LHS400\train\TMRDL\dut353.s2p,
train,TMRDL,354,skipped,C:\ffzhzh\SyncFiles\Temp\HFSS_sim\LHS400\train\TMRDL\dut354.s2p,
train,TMRDL,355,skipped,C:\ffzhzh\SyncFiles\Temp\HFSS_sim\LHS400\train\TMRDL\dut355.s2p,
train,TMRDL,356,skipped,C:\ffzhzh\SyncFiles\Temp\HFSS_sim\LHS400\train\TMRDL\dut356.s2p,
train,TMRDL,357,skipped,C:\ffzhzh\SyncFiles\Temp\HFSS_sim\LHS400\train\TMRDL\dut357.s2p,
train,TMRDL,358,skipped,C:\ffzhzh\SyncFiles\Temp\HFSS_sim\LHS400\train\TMRDL\dut358.s2p,
train,TMRDL,359,skipped,C:\ffzhzh\SyncFiles\Temp\HFSS_sim\LHS400\train\TMRDL\dut359.s2p,
train,TMRDL,360,skipped,C:\ffzhzh\SyncFiles\Temp\HFSS_sim\LHS400\train\TMRDL\dut360.s2p,
train,TMRDL,361,skipped,C:\ffzhzh\SyncFiles\Temp\HFSS_sim\LHS400\train\TMRDL\dut361.s2p,
train,TMRDL,362,skipped,C:\ffzhzh\SyncFiles\Temp\HFSS_sim\LHS400\train\TMRDL\dut362.s2p,
train,TMRDL,363,skipped,C:\ffzhzh\SyncFiles\Temp\HFSS_sim\LHS400\train\TMRDL\dut363.s2p,
train,TMRDL,364,skipped,C:\ffzhzh\SyncFiles\Temp\HFSS_sim\LHS400\train\TMRDL\dut364.s2p,
train,TMRDL,365,skipped,C:\ffzhzh\SyncFiles\Temp\HFSS_sim\LHS400\train\TMRDL\dut365.s2p,
train,TMRDL,366,skipped,C:\ffzhzh\SyncFiles\Temp\HFSS_sim\LHS400\train\TMRDL\dut366.s2p,
train,TMRDL,367,skipped,C:\ffzhzh\SyncFiles\Temp\HFSS_sim\LHS400\train\TMRDL\dut367.s2p,
train,TMRDL,368,skipped,C:\ffzhzh\SyncFiles\Temp\HFSS_sim\LHS400\train\TMRDL\dut368.s2p,
train,TMRDL,369,skipped,C:\ffzhzh\SyncFiles\Temp\HFSS_sim\LHS400\train\TMRDL\dut369.s2p,
train,TMRDL,370,skipped,C:\ffzhzh\SyncFiles\Temp\HFSS_sim\LHS400\train\TMRDL\dut370.s2p,
train,TMRDL,371,skipped,C:\ffzhzh\SyncFiles\Temp\HFSS_sim\LHS400\train\TMRDL\dut371.s2p,
train,TMRDL,372,skipped,C:\ffzhzh\SyncFiles\Temp\HFSS_sim\LHS400\train\TMRDL\dut372.s2p,
train,TMRDL,373,skipped,C:\ffzhzh\SyncFiles\Temp\HFSS_sim\LHS400\train\TMRDL\dut373.s2p,
train,TMRDL,374,skipped,C:\ffzhzh\SyncFiles\Temp\HFSS_sim\LHS400\train\TMRDL\dut374.s2p,
train,TMRDL,375,skipped,C:\ffzhzh\SyncFiles\Temp\HFSS_sim\LHS400\train\TMRDL\dut375.s2p,
train,TMRDL,376,skipped,C:\ffzhzh\SyncFiles\Temp\HFSS_sim\LHS400\train\TMRDL\dut376.s2p,
train,TMRDL,377,skipped,C:\ffzhzh\SyncFiles\Temp\HFSS_sim\LHS400\train\TMRDL\dut377.s2p,
train,TMRDL,378,skipped,C:\ffzhzh\SyncFiles\Temp\HFSS_sim\LHS400\train\TMRDL\dut378.s2p,
train,TMRDL,379,skipped,C:\ffzhzh\SyncFiles\Temp\HFSS_sim\LHS400\train\TMRDL\dut379.s2p,
train,TMRDL,380,skipped,C:\ffzhzh\SyncFiles\Temp\HFSS_sim\LHS400\train\TMRDL\dut380.s2p,
train,TMRDL,381,skipped,C:\ffzhzh\SyncFiles\Temp\HFSS_sim\LHS400\train\TMRDL\dut381.s2p,
train,TMRDL,382,skipped,C:\ffzhzh\SyncFiles\Temp\HFSS_sim\LHS400\train\TMRDL\dut382.s2p,
train,TMRDL,383,skipped,C:\ffzhzh\SyncFiles\Temp\HFSS_sim\LHS400\train\TMRDL\dut383.s2p,
train,TMRDL,384,skipped,C:\ffzhzh\SyncFiles\Temp\HFSS_sim\LHS400\train\TMRDL\dut384.s2p,
train,TMRDL,385,skipped,C:\ffzhzh\SyncFiles\Temp\HFSS_sim\LHS400\train\TMRDL\dut385.s2p,
train,TMRDL,386,skipped,C:\ffzhzh\SyncFiles\Temp\HFSS_sim\LHS400\train\TMRDL\dut386.s2p,
train,TMRDL,387,skipped,C:\ffzhzh\SyncFiles\Temp\HFSS_sim\LHS400\train\TMRDL\dut387.s2p,
train,TMRDL,388,skipped,C:\ffzhzh\SyncFiles\Temp\HFSS_sim\LHS400\train\TMRDL\dut388.s2p,
train,TMRDL,389,skipped,C:\ffzhzh\SyncFiles\Temp\HFSS_sim\LHS400\train\TMRDL\dut389.s2p,
train,TMRDL,390,skipped,C:\ffzhzh\SyncFiles\Temp\HFSS_sim\LHS400\train\TMRDL\dut390.s2p,
train,TMRDL,391,skipped,C:\ffzhzh\SyncFiles\Temp\HFSS_sim\LHS400\train\TMRDL\dut391.s2p,
train,TMRDL,392,skipped,C:\ffzhzh\SyncFiles\Temp\HFSS_sim\LHS400\train\TMRDL\dut392.s2p,
train,TMRDL,393,skipped,C:\ffzhzh\SyncFiles\Temp\HFSS_sim\LHS400\train\TMRDL\dut393.s2p,
train,TMRDL,394,skipped,C:\ffzhzh\SyncFiles\Temp\HFSS_sim\LHS400\train\TMRDL\dut394.s2p,
train,TMRDL,395,skipped,C:\ffzhzh\SyncFiles\Temp\HFSS_sim\LHS400\train\TMRDL\dut395.s2p,
train,TMRDL,396,skipped,C:\ffzhzh\SyncFiles\Temp\HFSS_sim\LHS400\train\TMRDL\dut396.s2p,
train,TMRDL,397,skipped,C:\ffzhzh\SyncFiles\Temp\HFSS_sim\LHS400\train\TMRDL\dut397.s2p,
train,TMRDL,398,skipped,C:\ffzhzh\SyncFiles\Temp\HFSS_sim\LHS400\train\TMRDL\dut398.s2p,
train,TMRDL,399,skipped,C:\ffzhzh\SyncFiles\Temp\HFSS_sim\LHS400\train\TMRDL\dut399.s2p,
train,TMRDL,400,skipped,C:\ffzhzh\SyncFiles\Temp\HFSS_sim\LHS400\train\TMRDL\dut400.s2p,
train,TMRDL,401,skipped,C:\ffzhzh\SyncFiles\Temp\HFSS_sim\LHS400\train\TMRDL\dut401.s2p,
train,TMRDL,402,skipped,C:\ffzhzh\SyncFiles\Temp\HFSS_sim\LHS400\train\TMRDL\dut402.s2p,
train,TMRDL,403,skipped,C:\ffzhzh\SyncFiles\Temp\HFSS_sim\LHS400\train\TMRDL\dut403.s2p,
train,TMRDL,404,skipped,C:\ffzhzh\SyncFiles\Temp\HFSS_sim\LHS400\train\TMRDL\dut404.s2p,
train,TMRDL,405,skipped,C:\ffzhzh\SyncFiles\Temp\HFSS_sim\LHS400\train\TMRDL\dut405.s2p,
train,TMRDL,406,skipped,C:\ffzhzh\SyncFiles\Temp\HFSS_sim\LHS400\train\TMRDL\dut406.s2p,
train,TMRDL,407,skipped,C:\ffzhzh\SyncFiles\Temp\HFSS_sim\LHS400\train\TMRDL\dut407.s2p,
train,TMRDL,408,skipped,C:\ffzhzh\SyncFiles\Temp\HFSS_sim\LHS400\train\TMRDL\dut408.s2p,
train,TMRDL,409,skipped,C:\ffzhzh\SyncFiles\Temp\HFSS_sim\LHS400\train\TMRDL\dut409.s2p,
train,TMRDL,410,skipped,C:\ffzhzh\SyncFiles\Temp\HFSS_sim\LHS400\train\TMRDL\dut410.s2p,
train,TMRDL,411,skipped,C:\ffzhzh\SyncFiles\Temp\HFSS_sim\LHS400\train\TMRDL\dut411.s2p,
train,TMRDL,412,skipped,C:\ffzhzh\SyncFiles\Temp\HFSS_sim\LHS400\train\TMRDL\dut412.s2p,
train,TMRDL,413,skipped,C:\ffzhzh\SyncFiles\Temp\HFSS_sim\LHS400\train\TMRDL\dut413.s2p,
train,TMRDL,414,skipped,C:\ffzhzh\SyncFiles\Temp\HFSS_sim\LHS400\train\TMRDL\dut414.s2p,
train,TMRDL,415,skipped,C:\ffzhzh\SyncFiles\Temp\HFSS_sim\LHS400\train\TMRDL\dut415.s2p,
train,TMRDL,416,skipped,C:\ffzhzh\SyncFiles\Temp\HFSS_sim\LHS400\train\TMRDL\dut416.s2p,
train,TMRDL,417,skipped,C:\ffzhzh\SyncFiles\Temp\HFSS_sim\LHS400\train\TMRDL\dut417.s2p,
train,TMRDL,418,skipped,C:\ffzhzh\SyncFiles\Temp\HFSS_sim\LHS400\train\TMRDL\dut418.s2p,
train,TMRDL,419,skipped,C:\ffzhzh\SyncFiles\Temp\HFSS_sim\LHS400\train\TMRDL\dut419.s2p,
train,TMRDL,420,skipped,C:\ffzhzh\SyncFiles\Temp\HFSS_sim\LHS400\train\TMRDL\dut420.s2p,
train,TMRDL,421,skipped,C:\ffzhzh\SyncFiles\Temp\HFSS_sim\LHS400\train\TMRDL\dut421.s2p,
train,TMRDL,422,skipped,C:\ffzhzh\SyncFiles\Temp\HFSS_sim\LHS400\train\TMRDL\dut422.s2p,
train,TMRDL,423,skipped,C:\ffzhzh\SyncFiles\Temp\HFSS_sim\LHS400\train\TMRDL\dut423.s2p,
train,TMRDL,424,skipped,C:\ffzhzh\SyncFiles\Temp\HFSS_sim\LHS400\train\TMRDL\dut424.s2p,
train,TMRDL,425,skipped,C:\ffzhzh\SyncFiles\Temp\HFSS_sim\LHS400\train\TMRDL\dut425.s2p,
train,TMRDL,426,skipped,C:\ffzhzh\SyncFiles\Temp\HFSS_sim\LHS400\train\TMRDL\dut426.s2p,
train,TMRDL,427,skipped,C:\ffzhzh\SyncFiles\Temp\HFSS_sim\LHS400\train\TMRDL\dut427.s2p,
train,TMRDL,428,skipped,C:\ffzhzh\SyncFiles\Temp\HFSS_sim\LHS400\train\TMRDL\dut428.s2p,
train,TMRDL,429,skipped,C:\ffzhzh\SyncFiles\Temp\HFSS_sim\LHS400\train\TMRDL\dut429.s2p,
train,TMRDL,430,skipped,C:\ffzhzh\SyncFiles\Temp\HFSS_sim\LHS400\train\TMRDL\dut430.s2p,
train,TMRDL,431,skipped,C:\ffzhzh\SyncFiles\Temp\HFSS_sim\LHS400\train\TMRDL\dut431.s2p,
train,TMRDL,432,skipped,C:\ffzhzh\SyncFiles\Temp\HFSS_sim\LHS400\train\TMRDL\dut432.s2p,
train,TMRDL,433,skipped,C:\ffzhzh\SyncFiles\Temp\HFSS_sim\LHS400\train\TMRDL\dut433.s2p,
train,TMRDL,434,skipped,C:\ffzhzh\SyncFiles\Temp\HFSS_sim\LHS400\train\TMRDL\dut434.s2p,
train,TMRDL,435,skipped,C:\ffzhzh\SyncFiles\Temp\HFSS_sim\LHS400\train\TMRDL\dut435.s2p,
train,TMRDL,436,skipped,C:\ffzhzh\SyncFiles\Temp\HFSS_sim\LHS400\train\TMRDL\dut436.s2p,
train,TMRDL,437,skipped,C:\ffzhzh\SyncFiles\Temp\HFSS_sim\LHS400\train\TMRDL\dut437.s2p,
train,TMRDL,438,skipped,C:\ffzhzh\SyncFiles\Temp\HFSS_sim\LHS400\train\TMRDL\dut438.s2p,
train,TMRDL,439,skipped,C:\ffzhzh\SyncFiles\Temp\HFSS_sim\LHS400\train\TMRDL\dut439.s2p,
train,TMRDL,440,skipped,C:\ffzhzh\SyncFiles\Temp\HFSS_sim\LHS400\train\TMRDL\dut440.s2p,
train,TMRDL,441,skipped,C:\ffzhzh\SyncFiles\Temp\HFSS_sim\LHS400\train\TMRDL\dut441.s2p,
train,TMRDL,442,skipped,C:\ffzhzh\SyncFiles\Temp\HFSS_sim\LHS400\train\TMRDL\dut442.s2p,
train,TMRDL,443,skipped,C:\ffzhzh\SyncFiles\Temp\HFSS_sim\LHS400\train\TMRDL\dut443.s2p,
train,TMRDL,444,skipped,C:\ffzhzh\SyncFiles\Temp\HFSS_sim\LHS400\train\TMRDL\dut444.s2p,
train,TMRDL,445,skipped,C:\ffzhzh\SyncFiles\Temp\HFSS_sim\LHS400\train\TMRDL\dut445.s2p,
train,TMRDL,446,skipped,C:\ffzhzh\SyncFiles\Temp\HFSS_sim\LHS400\train\TMRDL\dut446.s2p,
train,TMRDL,447,skipped,C:\ffzhzh\SyncFiles\Temp\HFSS_sim\LHS400\train\TMRDL\dut447.s2p,
train,TMRDL,448,skipped,C:\ffzhzh\SyncFiles\Temp\HFSS_sim\LHS400\train\TMRDL\dut448.s2p,
train,TMRDL,449,skipped,C:\ffzhzh\SyncFiles\Temp\HFSS_sim\LHS400\train\TMRDL\dut449.s2p,
train,TMRDL,450,skipped,C:\ffzhzh\SyncFiles\Temp\HFSS_sim\LHS400\train\TMRDL\dut450.s2p,
train,TMRDL,451,skipped,C:\ffzhzh\SyncFiles\Temp\HFSS_sim\LHS400\train\TMRDL\dut451.s2p,
train,TMRDL,452,skipped,C:\ffzhzh\SyncFiles\Temp\HFSS_sim\LHS400\train\TMRDL\dut452.s2p,
train,TMRDL,453,skipped,C:\ffzhzh\SyncFiles\Temp\HFSS_sim\LHS400\train\TMRDL\dut453.s2p,
train,TMRDL,454,skipped,C:\ffzhzh\SyncFiles\Temp\HFSS_sim\LHS400\train\TMRDL\dut454.s2p,
train,TMRDL,455,skipped,C:\ffzhzh\SyncFiles\Temp\HFSS_sim\LHS400\train\TMRDL\dut455.s2p,
train,TMRDL,456,skipped,C:\ffzhzh\SyncFiles\Temp\HFSS_sim\LHS400\train\TMRDL\dut456.s2p,
train,TMRDL,457,skipped,C:\ffzhzh\SyncFiles\Temp\HFSS_sim\LHS400\train\TMRDL\dut457.s2p,
train,TMRDL,458,skipped,C:\ffzhzh\SyncFiles\Temp\HFSS_sim\LHS400\train\TMRDL\dut458.s2p,
train,TMRDL,459,skipped,C:\ffzhzh\SyncFiles\Temp\HFSS_sim\LHS400\train\TMRDL\dut459.s2p,
train,TMRDL,460,skipped,C:\ffzhzh\SyncFiles\Temp\HFSS_sim\LHS400\train\TMRDL\dut460.s2p,
train,TMRDL,461,skipped,C:\ffzhzh\SyncFiles\Temp\HFSS_sim\LHS400\train\TMRDL\dut461.s2p,
train,TMRDL,462,skipped,C:\ffzhzh\SyncFiles\Temp\HFSS_sim\LHS400\train\TMRDL\dut462.s2p,
train,TMRDL,463,skipped,C:\ffzhzh\SyncFiles\Temp\HFSS_sim\LHS400\train\TMRDL\dut463.s2p,
train,TMRDL,464,skipped,C:\ffzhzh\SyncFiles\Temp\HFSS_sim\LHS400\train\TMRDL\dut464.s2p,
train,TMRDL,465,skipped,C:\ffzhzh\SyncFiles\Temp\HFSS_sim\LHS400\train\TMRDL\dut465.s2p,
train,TMRDL,466,skipped,C:\ffzhzh\SyncFiles\Temp\HFSS_sim\LHS400\train\TMRDL\dut466.s2p,
train,TMRDL,467,skipped,C:\ffzhzh\SyncFiles\Temp\HFSS_sim\LHS400\train\TMRDL\dut467.s2p,
train,TMRDL,468,skipped,C:\ffzhzh\SyncFiles\Temp\HFSS_sim\LHS400\train\TMRDL\dut468.s2p,
train,TMRDL,469,skipped,C:\ffzhzh\SyncFiles\Temp\HFSS_sim\LHS400\train\TMRDL\dut469.s2p,
train,TMRDL,470,skipped,C:\ffzhzh\SyncFiles\Temp\HFSS_sim\LHS400\train\TMRDL\dut470.s2p,
train,TMRDL,471,skipped,C:\ffzhzh\SyncFiles\Temp\HFSS_sim\LHS400\train\TMRDL\dut471.s2p,
train,TMRDL,472,skipped,C:\ffzhzh\SyncFiles\Temp\HFSS_sim\LHS400\train\TMRDL\dut472.s2p,
train,TMRDL,473,skipped,C:\ffzhzh\SyncFiles\Temp\HFSS_sim\LHS400\train\TMRDL\dut473.s2p,
train,TMRDL,474,skipped,C:\ffzhzh\SyncFiles\Temp\HFSS_sim\LHS400\train\TMRDL\dut474.s2p,
train,TMRDL,475,skipped,C:\ffzhzh\SyncFiles\Temp\HFSS_sim\LHS400\train\TMRDL\dut475.s2p,
train,TMRDL,476,skipped,C:\ffzhzh\SyncFiles\Temp\HFSS_sim\LHS400\train\TMRDL\dut476.s2p,
train,TMRDL,477,skipped,C:\ffzhzh\SyncFiles\Temp\HFSS_sim\LHS400\train\TMRDL\dut477.s2p,
train,TMRDL,478,skipped,C:\ffzhzh\SyncFiles\Temp\HFSS_sim\LHS400\train\TMRDL\dut478.s2p,
train,TMRDL,479,skipped,C:\ffzhzh\SyncFiles\Temp\HFSS_sim\LHS400\train\TMRDL\dut479.s2p,
train,TMRDL,480,skipped,C:\ffzhzh\SyncFiles\Temp\HFSS_sim\LHS400\train\TMRDL\dut480.s2p,
train,TMRDL,481,skipped,C:\ffzhzh\SyncFiles\Temp\HFSS_sim\LHS400\train\TMRDL\dut481.s2p,
train,TMRDL,482,skipped,C:\ffzhzh\SyncFiles\Temp\HFSS_sim\LHS400\train\TMRDL\dut482.s2p,
train,TMRDL,483,skipped,C:\ffzhzh\SyncFiles\Temp\HFSS_sim\LHS400\train\TMRDL\dut483.s2p,
train,TMRDL,484,skipped,C:\ffzhzh\SyncFiles\Temp\HFSS_sim\LHS400\train\TMRDL\dut484.s2p,
train,TMRDL,485,skipped,C:\ffzhzh\SyncFiles\Temp\HFSS_sim\LHS400\train\TMRDL\dut485.s2p,
train,TMRDL,486,skipped,C:\ffzhzh\SyncFiles\Temp\HFSS_sim\LHS400\train\TMRDL\dut486.s2p,
train,TMRDL,487,skipped,C:\ffzhzh\SyncFiles\Temp\HFSS_sim\LHS400\train\TMRDL\dut487.s2p,
train,TMRDL,488,skipped,C:\ffzhzh\SyncFiles\Temp\HFSS_sim\LHS400\train\TMRDL\dut488.s2p,
train,TMRDL,489,skipped,C:\ffzhzh\SyncFiles\Temp\HFSS_sim\LHS400\train\TMRDL\dut489.s2p,
train,TMRDL,490,skipped,C:\ffzhzh\SyncFiles\Temp\HFSS_sim\LHS400\train\TMRDL\dut490.s2p,
train,TMRDL,491,skipped,C:\ffzhzh\SyncFiles\Temp\HFSS_sim\LHS400\train\TMRDL\dut491.s2p,
train,TMRDL,492,skipped,C:\ffzhzh\SyncFiles\Temp\HFSS_sim\LHS400\train\TMRDL\dut492.s2p,
train,TMRDL,493,skipped,C:\ffzhzh\SyncFiles\Temp\HFSS_sim\LHS400\train\TMRDL\dut493.s2p,
train,TMRDL,494,skipped,C:\ffzhzh\SyncFiles\Temp\HFSS_sim\LHS400\train\TMRDL\dut494.s2p,
train,TMRDL,495,skipped,C:\ffzhzh\SyncFiles\Temp\HFSS_sim\LHS400\train\TMRDL\dut495.s2p,
train,TMRDL,496,skipped,C:\ffzhzh\SyncFiles\Temp\HFSS_sim\LHS400\train\TMRDL\dut496.s2p,
train,TMRDL,497,skipped,C:\ffzhzh\SyncFiles\Temp\HFSS_sim\LHS400\train\TMRDL\dut497.s2p,
train,TMRDL,498,skipped,C:\ffzhzh\SyncFiles\Temp\HFSS_sim\LHS400\train\TMRDL\dut498.s2p,
train,TMRDL,499,skipped,C:\ffzhzh\SyncFiles\Temp\HFSS_sim\LHS400\train\TMRDL\dut499.s2p,
train,TMRDL,500,skipped,C:\ffzhzh\SyncFiles\Temp\HFSS_sim\LHS400\train\TMRDL\dut500.s2p,
train,TMRDL,501,skipped,C:\ffzhzh\SyncFiles\Temp\HFSS_sim\LHS400\train\TMRDL\dut501.s2p,
train,TMRDL,502,skipped,C:\ffzhzh\SyncFiles\Temp\HFSS_sim\LHS400\train\TMRDL\dut502.s2p,
train,TMRDL,503,skipped,C:\ffzhzh\SyncFiles\Temp\HFSS_sim\LHS400\train\TMRDL\dut503.s2p,
train,TMRDL,504,skipped,C:\ffzhzh\SyncFiles\Temp\HFSS_sim\LHS400\train\TMRDL\dut504.s2p,
train,TMRDL,505,skipped,C:\ffzhzh\SyncFiles\Temp\HFSS_sim\LHS400\train\TMRDL\dut505.s2p,
train,TMRDL,506,skipped,C:\ffzhzh\SyncFiles\Temp\HFSS_sim\LHS400\train\TMRDL\dut506.s2p,
train,TMRDL,507,skipped,C:\ffzhzh\SyncFiles\Temp\HFSS_sim\LHS400\train\TMRDL\dut507.s2p,
train,TMRDL,508,skipped,C:\ffzhzh\SyncFiles\Temp\HFSS_sim\LHS400\train\TMRDL\dut508.s2p,
train,TMRDL,509,skipped,C:\ffzhzh\SyncFiles\Temp\HFSS_sim\LHS400\train\TMRDL\dut509.s2p,
train,TMRDL,510,skipped,C:\ffzhzh\SyncFiles\Temp\HFSS_sim\LHS400\train\TMRDL\dut510.s2p,
train,TMRDL,511,skipped,C:\ffzhzh\SyncFiles\Temp\HFSS_sim\LHS400\train\TMRDL\dut511.s2p,
train,TMRDL,512,skipped,C:\ffzhzh\SyncFiles\Temp\HFSS_sim\LHS400\train\TMRDL\dut512.s2p,
train,TMRDL,513,skipped,C:\ffzhzh\SyncFiles\Temp\HFSS_sim\LHS400\train\TMRDL\dut513.s2p,
train,TMRDL,514,skipped,C:\ffzhzh\SyncFiles\Temp\HFSS_sim\LHS400\train\TMRDL\dut514.s2p,
train,TMRDL,515,skipped,C:\ffzhzh\SyncFiles\Temp\HFSS_sim\LHS400\train\TMRDL\dut515.s2p,
train,TMRDL,516,skipped,C:\ffzhzh\SyncFiles\Temp\HFSS_sim\LHS400\train\TMRDL\dut516.s2p,
train,TMRDL,517,skipped,C:\ffzhzh\SyncFiles\Temp\HFSS_sim\LHS400\train\TMRDL\dut517.s2p,
train,TMRDL,518,skipped,C:\ffzhzh\SyncFiles\Temp\HFSS_sim\LHS400\train\TMRDL\dut518.s2p,
train,TMRDL,519,skipped,C:\ffzhzh\SyncFiles\Temp\HFSS_sim\LHS400\train\TMRDL\dut519.s2p,
train,TMRDL,520,skipped,C:\ffzhzh\SyncFiles\Temp\HFSS_sim\LHS400\train\TMRDL\dut520.s2p,
train,TMRDL,521,skipped,C:\ffzhzh\SyncFiles\Temp\HFSS_sim\LHS400\train\TMRDL\dut521.s2p,
train,TMRDL,522,skipped,C:\ffzhzh\SyncFiles\Temp\HFSS_sim\LHS400\train\TMRDL\dut522.s2p,
train,TMRDL,523,skipped,C:\ffzhzh\SyncFiles\Temp\HFSS_sim\LHS400\train\TMRDL\dut523.s2p,
train,TMRDL,524,skipped,C:\ffzhzh\SyncFiles\Temp\HFSS_sim\LHS400\train\TMRDL\dut524.s2p,
train,TMRDL,525,skipped,C:\ffzhzh\SyncFiles\Temp\HFSS_sim\LHS400\train\TMRDL\dut525.s2p,
train,TMRDL,526,skipped,C:\ffzhzh\SyncFiles\Temp\HFSS_sim\LHS400\train\TMRDL\dut526.s2p,
train,TMRDL,527,skipped,C:\ffzhzh\SyncFiles\Temp\HFSS_sim\LHS400\train\TMRDL\dut527.s2p,
train,TMRDL,528,skipped,C:\ffzhzh\SyncFiles\Temp\HFSS_sim\LHS400\train\TMRDL\dut528.s2p,
train,TMRDL,529,skipped,C:\ffzhzh\SyncFiles\Temp\HFSS_sim\LHS400\train\TMRDL\dut529.s2p,
train,TMRDL,530,skipped,C:\ffzhzh\SyncFiles\Temp\HFSS_sim\LHS400\train\TMRDL\dut530.s2p,
train,TMRDL,531,skipped,C:\ffzhzh\SyncFiles\Temp\HFSS_sim\LHS400\train\TMRDL\dut531.s2p,
train,TMRDL,532,skipped,C:\ffzhzh\SyncFiles\Temp\HFSS_sim\LHS400\train\TMRDL\dut532.s2p,
train,TMRDL,533,skipped,C:\ffzhzh\SyncFiles\Temp\HFSS_sim\LHS400\train\TMRDL\dut533.s2p,
train,TMRDL,534,skipped,C:\ffzhzh\SyncFiles\Temp\HFSS_sim\LHS400\train\TMRDL\dut534.s2p,
train,TMRDL,535,skipped,C:\ffzhzh\SyncFiles\Temp\HFSS_sim\LHS400\train\TMRDL\dut535.s2p,
train,TMRDL,536,skipped,C:\ffzhzh\SyncFiles\Temp\HFSS_sim\LHS400\train\TMRDL\dut536.s2p,
train,TMRDL,537,skipped,C:\ffzhzh\SyncFiles\Temp\HFSS_sim\LHS400\train\TMRDL\dut537.s2p,
train,TMRDL,538,skipped,C:\ffzhzh\SyncFiles\Temp\HFSS_sim\LHS400\train\TMRDL\dut538.s2p,
train,TMRDL,539,skipped,C:\ffzhzh\SyncFiles\Temp\HFSS_sim\LHS400\train\TMRDL\dut539.s2p,
train,TMRDL,540,skipped,C:\ffzhzh\SyncFiles\Temp\HFSS_sim\LHS400\train\TMRDL\dut540.s2p,
train,TMRDL,541,skipped,C:\ffzhzh\SyncFiles\Temp\HFSS_sim\LHS400\train\TMRDL\dut541.s2p,
train,TMRDL,542,skipped,C:\ffzhzh\SyncFiles\Temp\HFSS_sim\LHS400\train\TMRDL\dut542.s2p,
train,TMRDL,543,skipped,C:\ffzhzh\SyncFiles\Temp\HFSS_sim\LHS400\train\TMRDL\dut543.s2p,
train,TMRDL,544,skipped,C:\ffzhzh\SyncFiles\Temp\HFSS_sim\LHS400\train\TMRDL\dut544.s2p,
train,TMRDL,545,skipped,C:\ffzhzh\SyncFiles\Temp\HFSS_sim\LHS400\train\TMRDL\dut545.s2p,
train,TMRDL,546,skipped,C:\ffzhzh\SyncFiles\Temp\HFSS_sim\LHS400\train\TMRDL\dut546.s2p,
train,TMRDL,547,skipped,C:\ffzhzh\SyncFiles\Temp\HFSS_sim\LHS400\train\TMRDL\dut547.s2p,
train,TMRDL,548,skipped,C:\ffzhzh\SyncFiles\Temp\HFSS_sim\LHS400\train\TMRDL\dut548.s2p,
train,TMRDL,549,skipped,C:\ffzhzh\SyncFiles\Temp\HFSS_sim\LHS400\train\TMRDL\dut549.s2p,
train,TMRDL,550,skipped,C:\ffzhzh\SyncFiles\Temp\HFSS_sim\LHS400\train\TMRDL\dut550.s2p,
train,TMRDL,551,skipped,C:\ffzhzh\SyncFiles\Temp\HFSS_sim\LHS400\train\TMRDL\dut551.s2p,
train,TMRDL,552,skipped,C:\ffzhzh\SyncFiles\Temp\HFSS_sim\LHS400\train\TMRDL\dut552.s2p,
train,TMRDL,553,skipped,C:\ffzhzh\SyncFiles\Temp\HFSS_sim\LHS400\train\TMRDL\dut553.s2p,
train,TMRDL,554,skipped,C:\ffzhzh\SyncFiles\Temp\HFSS_sim\LHS400\train\TMRDL\dut554.s2p,
train,TMRDL,555,skipped,C:\ffzhzh\SyncFiles\Temp\HFSS_sim\LHS400\train\TMRDL\dut555.s2p,
train,TMRDL,556,skipped,C:\ffzhzh\SyncFiles\Temp\HFSS_sim\LHS400\train\TMRDL\dut556.s2p,
train,TMRDL,557,skipped,C:\ffzhzh\SyncFiles\Temp\HFSS_sim\LHS400\train\TMRDL\dut557.s2p,
train,TMRDL,558,skipped,C:\ffzhzh\SyncFiles\Temp\HFSS_sim\LHS400\train\TMRDL\dut558.s2p,
train,TMRDL,559,skipped,C:\ffzhzh\SyncFiles\Temp\HFSS_sim\LHS400\train\TMRDL\dut559.s2p,
train,TMRDL,560,skipped,C:\ffzhzh\SyncFiles\Temp\HFSS_sim\LHS400\train\TMRDL\dut560.s2p,
train,TMRDL,561,skipped,C:\ffzhzh\SyncFiles\Temp\HFSS_sim\LHS400\train\TMRDL\dut561.s2p,
train,TMRDL,562,skipped,C:\ffzhzh\SyncFiles\Temp\HFSS_sim\LHS400\train\TMRDL\dut562.s2p,
train,TMRDL,563,skipped,C:\ffzhzh\SyncFiles\Temp\HFSS_sim\LHS400\train\TMRDL\dut563.s2p,
train,TMRDL,564,skipped,C:\ffzhzh\SyncFiles\Temp\HFSS_sim\LHS400\train\TMRDL\dut564.s2p,
train,TMRDL,565,skipped,C:\ffzhzh\SyncFiles\Temp\HFSS_sim\LHS400\train\TMRDL\dut565.s2p,
train,TMRDL,566,skipped,C:\ffzhzh\SyncFiles\Temp\HFSS_sim\LHS400\train\TMRDL\dut566.s2p,
train,TMRDL,567,skipped,C:\ffzhzh\SyncFiles\Temp\HFSS_sim\LHS400\train\TMRDL\dut567.s2p,
train,TMRDL,568,skipped,C:\ffzhzh\SyncFiles\Temp\HFSS_sim\LHS400\train\TMRDL\dut568.s2p,
train,TMRDL,569,skipped,C:\ffzhzh\SyncFiles\Temp\HFSS_sim\LHS400\train\TMRDL\dut569.s2p,
train,TMRDL,570,skipped,C:\ffzhzh\SyncFiles\Temp\HFSS_sim\LHS400\train\TMRDL\dut570.s2p,
train,TMRDL,571,skipped,C:\ffzhzh\SyncFiles\Temp\HFSS_sim\LHS400\train\TMRDL\dut571.s2p,
train,TMRDL,572,skipped,C:\ffzhzh\SyncFiles\Temp\HFSS_sim\LHS400\train\TMRDL\dut572.s2p,
train,TMRDL,573,skipped,C:\ffzhzh\SyncFiles\Temp\HFSS_sim\LHS400\train\TMRDL\dut573.s2p,
train,TMRDL,574,skipped,C:\ffzhzh\SyncFiles\Temp\HFSS_sim\LHS400\train\TMRDL\dut574.s2p,
train,TMRDL,575,skipped,C:\ffzhzh\SyncFiles\Temp\HFSS_sim\LHS400\train\TMRDL\dut575.s2p,
train,TMRDL,576,skipped,C:\ffzhzh\SyncFiles\Temp\HFSS_sim\LHS400\train\TMRDL\dut576.s2p,
train,TMRDL,577,skipped,C:\ffzhzh\SyncFiles\Temp\HFSS_sim\LHS400\train\TMRDL\dut577.s2p,
train,TMRDL,578,skipped,C:\ffzhzh\SyncFiles\Temp\HFSS_sim\LHS400\train\TMRDL\dut578.s2p,
train,TMRDL,579,skipped,C:\ffzhzh\SyncFiles\Temp\HFSS_sim\LHS400\train\TMRDL\dut579.s2p,
train,TMRDL,580,skipped,C:\ffzhzh\SyncFiles\Temp\HFSS_sim\LHS400\train\TMRDL\dut580.s2p,
train,TMRDL,581,skipped,C:\ffzhzh\SyncFiles\Temp\HFSS_sim\LHS400\train\TMRDL\dut581.s2p,
train,TMRDL,582,skipped,C:\ffzhzh\SyncFiles\Temp\HFSS_sim\LHS400\train\TMRDL\dut582.s2p,
train,TMRDL,583,skipped,C:\ffzhzh\SyncFiles\Temp\HFSS_sim\LHS400\train\TMRDL\dut583.s2p,
train,TMRDL,584,skipped,C:\ffzhzh\SyncFiles\Temp\HFSS_sim\LHS400\train\TMRDL\dut584.s2p,
train,TMRDL,585,skipped,C:\ffzhzh\SyncFiles\Temp\HFSS_sim\LHS400\train\TMRDL\dut585.s2p,
train,TMRDL,586,skipped,C:\ffzhzh\SyncFiles\Temp\HFSS_sim\LHS400\train\TMRDL\dut586.s2p,
train,TMRDL,587,skipped,C:\ffzhzh\SyncFiles\Temp\HFSS_sim\LHS400\train\TMRDL\dut587.s2p,
train,TMRDL,588,skipped,C:\ffzhzh\SyncFiles\Temp\HFSS_sim\LHS400\train\TMRDL\dut588.s2p,
train,TMRDL,589,skipped,C:\ffzhzh\SyncFiles\Temp\HFSS_sim\LHS400\train\TMRDL\dut589.s2p,
train,TMRDL,590,skipped,C:\ffzhzh\SyncFiles\Temp\HFSS_sim\LHS400\train\TMRDL\dut590.s2p,
train,TMRDL,591,skipped,C:\ffzhzh\SyncFiles\Temp\HFSS_sim\LHS400\train\TMRDL\dut591.s2p,
train,TMRDL,592,skipped,C:\ffzhzh\SyncFiles\Temp\HFSS_sim\LHS400\train\TMRDL\dut592.s2p,
train,TMRDL,593,skipped,C:\ffzhzh\SyncFiles\Temp\HFSS_sim\LHS400\train\TMRDL\dut593.s2p,
train,TMRDL,594,skipped,C:\ffzhzh\SyncFiles\Temp\HFSS_sim\LHS400\train\TMRDL\dut594.s2p,
train,TMRDL,595,skipped,C:\ffzhzh\SyncFiles\Temp\HFSS_sim\LHS400\train\TMRDL\dut595.s2p,
train,TMRDL,596,skipped,C:\ffzhzh\SyncFiles\Temp\HFSS_sim\LHS400\train\TMRDL\dut596.s2p,
train,TMRDL,597,skipped,C:\ffzhzh\SyncFiles\Temp\HFSS_sim\LHS400\train\TMRDL\dut597.s2p,
train,TMRDL,598,skipped,C:\ffzhzh\SyncFiles\Temp\HFSS_sim\LHS400\train\TMRDL\dut598.s2p,
train,TMRDL,599,skipped,C:\ffzhzh\SyncFiles\Temp\HFSS_sim\LHS400\train\TMRDL\dut599.s2p,
train,TMRDL,600,skipped,C:\ffzhzh\SyncFiles\Temp\HFSS_sim\LHS400\train\TMRDL\dut600.s2p,
train,TMRDL,601,skipped,C:\ffzhzh\SyncFiles\Temp\HFSS_sim\LHS400\train\TMRDL\dut601.s2p,
train,TMRDL,602,skipped,C:\ffzhzh\SyncFiles\Temp\HFSS_sim\LHS400\train\TMRDL\dut602.s2p,
train,TMRDL,603,skipped,C:\ffzhzh\SyncFiles\Temp\HFSS_sim\LHS400\train\TMRDL\dut603.s2p,
train,TMRDL,604,skipped,C:\ffzhzh\SyncFiles\Temp\HFSS_sim\LHS400\train\TMRDL\dut604.s2p,
train,TMRDL,605,skipped,C:\ffzhzh\SyncFiles\Temp\HFSS_sim\LHS400\train\TMRDL\dut605.s2p,
train,TMRDL,606,skipped,C:\ffzhzh\SyncFiles\Temp\HFSS_sim\LHS400\train\TMRDL\dut606.s2p,
train,TMRDL,607,skipped,C:\ffzhzh\SyncFiles\Temp\HFSS_sim\LHS400\train\TMRDL\dut607.s2p,
train,TMRDL,608,skipped,C:\ffzhzh\SyncFiles\Temp\HFSS_sim\LHS400\train\TMRDL\dut608.s2p,
train,TMRDL,609,skipped,C:\ffzhzh\SyncFiles\Temp\HFSS_sim\LHS400\train\TMRDL\dut609.s2p,
train,TMRDL,610,skipped,C:\ffzhzh\SyncFiles\Temp\HFSS_sim\LHS400\train\TMRDL\dut610.s2p,
train,TMRDL,611,skipped,C:\ffzhzh\SyncFiles\Temp\HFSS_sim\LHS400\train\TMRDL\dut611.s2p,
train,TMRDL,612,skipped,C:\ffzhzh\SyncFiles\Temp\HFSS_sim\LHS400\train\TMRDL\dut612.s2p,
train,TMRDL,613,skipped,C:\ffzhzh\SyncFiles\Temp\HFSS_sim\LHS400\train\TMRDL\dut613.s2p,
train,TMRDL,614,skipped,C:\ffzhzh\SyncFiles\Temp\HFSS_sim\LHS400\train\TMRDL\dut614.s2p,
train,TMRDL,615,skipped,C:\ffzhzh\SyncFiles\Temp\HFSS_sim\LHS400\train\TMRDL\dut615.s2p,
train,TMRDL,616,skipped,C:\ffzhzh\SyncFiles\Temp\HFSS_sim\LHS400\train\TMRDL\dut616.s2p,
train,TMRDL,617,skipped,C:\ffzhzh\SyncFiles\Temp\HFSS_sim\LHS400\train\TMRDL\dut617.s2p,
train,TMRDL,618,skipped,C:\ffzhzh\SyncFiles\Temp\HFSS_sim\LHS400\train\TMRDL\dut618.s2p,
train,TMRDL,619,skipped,C:\ffzhzh\SyncFiles\Temp\HFSS_sim\LHS400\train\TMRDL\dut619.s2p,
train,TMRDL,620,skipped,C:\ffzhzh\SyncFiles\Temp\HFSS_sim\LHS400\train\TMRDL\dut620.s2p,
train,TMRDL,621,skipped,C:\ffzhzh\SyncFiles\Temp\HFSS_sim\LHS400\train\TMRDL\dut621.s2p,
train,TMRDL,622,skipped,C:\ffzhzh\SyncFiles\Temp\HFSS_sim\LHS400\train\TMRDL\dut622.s2p,
train,TMRDL,623,skipped,C:\ffzhzh\SyncFiles\Temp\HFSS_sim\LHS400\train\TMRDL\dut623.s2p,
train,TMRDL,624,skipped,C:\ffzhzh\SyncFiles\Temp\HFSS_sim\LHS400\train\TMRDL\dut624.s2p,
train,TMRDL,625,skipped,C:\ffzhzh\SyncFiles\Temp\HFSS_sim\LHS400\train\TMRDL\dut625.s2p,
train,TMRDL,626,skipped,C:\ffzhzh\SyncFiles\Temp\HFSS_sim\LHS400\train\TMRDL\dut626.s2p,
train,TMRDL,627,skipped,C:\ffzhzh\SyncFiles\Temp\HFSS_sim\LHS400\train\TMRDL\dut627.s2p,
train,TMRDL,628,skipped,C:\ffzhzh\SyncFiles\Temp\HFSS_sim\LHS400\train\TMRDL\dut628.s2p,
train,TMRDL,629,skipped,C:\ffzhzh\SyncFiles\Temp\HFSS_sim\LHS400\train\TMRDL\dut629.s2p,
train,TMRDL,630,skipped,C:\ffzhzh\SyncFiles\Temp\HFSS_sim\LHS400\train\TMRDL\dut630.s2p,
train,TMRDL,631,skipped,C:\ffzhzh\SyncFiles\Temp\HFSS_sim\LHS400\train\TMRDL\dut631.s2p,
train,TMRDL,632,skipped,C:\ffzhzh\SyncFiles\Temp\HFSS_sim\LHS400\train\TMRDL\dut632.s2p,
train,TMRDL,633,skipped,C:\ffzhzh\SyncFiles\Temp\HFSS_sim\LHS400\train\TMRDL\dut633.s2p,
train,TMRDL,634,skipped,C:\ffzhzh\SyncFiles\Temp\HFSS_sim\LHS400\train\TMRDL\dut634.s2p,
train,TMRDL,635,skipped,C:\ffzhzh\SyncFiles\Temp\HFSS_sim\LHS400\train\TMRDL\dut635.s2p,
train,TMRDL,636,skipped,C:\ffzhzh\SyncFiles\Temp\HFSS_sim\LHS400\train\TMRDL\dut636.s2p,
train,TMRDL,637,skipped,C:\ffzhzh\SyncFiles\Temp\HFSS_sim\LHS400\train\TMRDL\dut637.s2p,
train,TMRDL,638,skipped,C:\ffzhzh\SyncFiles\Temp\HFSS_sim\LHS400\train\TMRDL\dut638.s2p,
train,TMRDL,639,skipped,C:\ffzhzh\SyncFiles\Temp\HFSS_sim\LHS400\train\TMRDL\dut639.s2p,
train,TMRDL,640,skipped,C:\ffzhzh\SyncFiles\Temp\HFSS_sim\LHS400\train\TMRDL\dut640.s2p,
train,TMRDL,641,skipped,C:\ffzhzh\SyncFiles\Temp\HFSS_sim\LHS400\train\TMRDL\dut641.s2p,
train,TMRDL,642,skipped,C:\ffzhzh\SyncFiles\Temp\HFSS_sim\LHS400\train\TMRDL\dut642.s2p,
train,TMRDL,643,skipped,C:\ffzhzh\SyncFiles\Temp\HFSS_sim\LHS400\train\TMRDL\dut643.s2p,
train,TMRDL,644,skipped,C:\ffzhzh\SyncFiles\Temp\HFSS_sim\LHS400\train\TMRDL\dut644.s2p,
train,TMRDL,645,skipped,C:\ffzhzh\SyncFiles\Temp\HFSS_sim\LHS400\train\TMRDL\dut645.s2p,
train,TMRDL,646,skipped,C:\ffzhzh\SyncFiles\Temp\HFSS_sim\LHS400\train\TMRDL\dut646.s2p,
train,TMRDL,647,skipped,C:\ffzhzh\SyncFiles\Temp\HFSS_sim\LHS400\train\TMRDL\dut647.s2p,
train,TMRDL,648,skipped,C:\ffzhzh\SyncFiles\Temp\HFSS_sim\LHS400\train\TMRDL\dut648.s2p,
train,TMRDL,649,skipped,C:\ffzhzh\SyncFiles\Temp\HFSS_sim\LHS400\train\TMRDL\dut649.s2p,
train,TMRDL,650,skipped,C:\ffzhzh\SyncFiles\Temp\HFSS_sim\LHS400\train\TMRDL\dut650.s2p,
train,TMRDL,651,skipped,C:\ffzhzh\SyncFiles\Temp\HFSS_sim\LHS400\train\TMRDL\dut651.s2p,
train,TMRDL,652,skipped,C:\ffzhzh\SyncFiles\Temp\HFSS_sim\LHS400\train\TMRDL\dut652.s2p,
train,TMRDL,653,skipped,C:\ffzhzh\SyncFiles\Temp\HFSS_sim\LHS400\train\TMRDL\dut653.s2p,
train,TMRDL,654,skipped,C:\ffzhzh\SyncFiles\Temp\HFSS_sim\LHS400\train\TMRDL\dut654.s2p,
train,TMRDL,655,skipped,C:\ffzhzh\SyncFiles\Temp\HFSS_sim\LHS400\train\TMRDL\dut655.s2p,
train,TMRDL,656,skipped,C:\ffzhzh\SyncFiles\Temp\HFSS_sim\LHS400\train\TMRDL\dut656.s2p,
train,TMRDL,657,skipped,C:\ffzhzh\SyncFiles\Temp\HFSS_sim\LHS400\train\TMRDL\dut657.s2p,
train,TMRDL,658,skipped,C:\ffzhzh\SyncFiles\Temp\HFSS_sim\LHS400\train\TMRDL\dut658.s2p,
train,TMRDL,659,skipped,C:\ffzhzh\SyncFiles\Temp\HFSS_sim\LHS400\train\TMRDL\dut659.s2p,
train,TMRDL,660,skipped,C:\ffzhzh\SyncFiles\Temp\HFSS_sim\LHS400\train\TMRDL\dut660.s2p,
train,TMRDL,661,skipped,C:\ffzhzh\SyncFiles\Temp\HFSS_sim\LHS400\train\TMRDL\dut661.s2p,
train,TMRDL,662,skipped,C:\ffzhzh\SyncFiles\Temp\HFSS_sim\LHS400\train\TMRDL\dut662.s2p,
train,TMRDL,663,skipped,C:\ffzhzh\SyncFiles\Temp\HFSS_sim\LHS400\train\TMRDL\dut663.s2p,
train,TMRDL,664,skipped,C:\ffzhzh\SyncFiles\Temp\HFSS_sim\LHS400\train\TMRDL\dut664.s2p,
train,TMRDL,665,skipped,C:\ffzhzh\SyncFiles\Temp\HFSS_sim\LHS400\train\TMRDL\dut665.s2p,
train,TMRDL,666,skipped,C:\ffzhzh\SyncFiles\Temp\HFSS_sim\LHS400\train\TMRDL\dut666.s2p,
train,TMRDL,667,skipped,C:\ffzhzh\SyncFiles\Temp\HFSS_sim\LHS400\train\TMRDL\dut667.s2p,
train,TMRDL,668,skipped,C:\ffzhzh\SyncFiles\Temp\HFSS_sim\LHS400\train\TMRDL\dut668.s2p,
train,TMRDL,669,skipped,C:\ffzhzh\SyncFiles\Temp\HFSS_sim\LHS400\train\TMRDL\dut669.s2p,
train,TMRDL,670,skipped,C:\ffzhzh\SyncFiles\Temp\HFSS_sim\LHS400\train\TMRDL\dut670.s2p,
train,TMRDL,671,skipped,C:\ffzhzh\SyncFiles\Temp\HFSS_sim\LHS400\train\TMRDL\dut671.s2p,
train,TMRDL,672,skipped,C:\ffzhzh\SyncFiles\Temp\HFSS_sim\LHS400\train\TMRDL\dut672.s2p,
train,TMRDL,673,skipped,C:\ffzhzh\SyncFiles\Temp\HFSS_sim\LHS400\train\TMRDL\dut673.s2p,
train,TMRDL,674,skipped,C:\ffzhzh\SyncFiles\Temp\HFSS_sim\LHS400\train\TMRDL\dut674.s2p,
train,TMRDL,675,skipped,C:\ffzhzh\SyncFiles\Temp\HFSS_sim\LHS400\train\TMRDL\dut675.s2p,
train,TMRDL,676,skipped,C:\ffzhzh\SyncFiles\Temp\HFSS_sim\LHS400\train\TMRDL\dut676.s2p,
train,TMRDL,677,skipped,C:\ffzhzh\SyncFiles\Temp\HFSS_sim\LHS400\train\TMRDL\dut677.s2p,
train,TMRDL,678,skipped,C:\ffzhzh\SyncFiles\Temp\HFSS_sim\LHS400\train\TMRDL\dut678.s2p,
train,TMRDL,679,skipped,C:\ffzhzh\SyncFiles\Temp\HFSS_sim\LHS400\train\TMRDL\dut679.s2p,
train,TMRDL,680,skipped,C:\ffzhzh\SyncFiles\Temp\HFSS_sim\LHS400\train\TMRDL\dut680.s2p,
train,TMRDL,681,skipped,C:\ffzhzh\SyncFiles\Temp\HFSS_sim\LHS400\train\TMRDL\dut681.s2p,
train,TMRDL,682,skipped,C:\ffzhzh\SyncFiles\Temp\HFSS_sim\LHS400\train\TMRDL\dut682.s2p,
train,TMRDL,683,skipped,C:\ffzhzh\SyncFiles\Temp\HFSS_sim\LHS400\train\TMRDL\dut683.s2p,
train,TMRDL,684,skipped,C:\ffzhzh\SyncFiles\Temp\HFSS_sim\LHS400\train\TMRDL\dut684.s2p,
train,TMRDL,685,skipped,C:\ffzhzh\SyncFiles\Temp\HFSS_sim\LHS400\train\TMRDL\dut685.s2p,
train,TMRDL,686,skipped,C:\ffzhzh\SyncFiles\Temp\HFSS_sim\LHS400\train\TMRDL\dut686.s2p,
train,TMRDL,687,skipped,C:\ffzhzh\SyncFiles\Temp\HFSS_sim\LHS400\train\TMRDL\dut687.s2p,
train,TMRDL,688,skipped,C:\ffzhzh\SyncFiles\Temp\HFSS_sim\LHS400\train\TMRDL\dut688.s2p,
train,TMRDL,689,skipped,C:\ffzhzh\SyncFiles\Temp\HFSS_sim\LHS400\train\TMRDL\dut689.s2p,
train,TMRDL,690,skipped,C:\ffzhzh\SyncFiles\Temp\HFSS_sim\LHS400\train\TMRDL\dut690.s2p,
train,TMRDL,691,skipped,C:\ffzhzh\SyncFiles\Temp\HFSS_sim\LHS400\train\TMRDL\dut691.s2p,
train,TMRDL,692,skipped,C:\ffzhzh\SyncFiles\Temp\HFSS_sim\LHS400\train\TMRDL\dut692.s2p,
train,TMRDL,693,skipped,C:\ffzhzh\SyncFiles\Temp\HFSS_sim\LHS400\train\TMRDL\dut693.s2p,
train,TMRDL,694,skipped,C:\ffzhzh\SyncFiles\Temp\HFSS_sim\LHS400\train\TMRDL\dut694.s2p,
train,TMRDL,695,skipped,C:\ffzhzh\SyncFiles\Temp\HFSS_sim\LHS400\train\TMRDL\dut695.s2p,
train,TMRDL,696,skipped,C:\ffzhzh\SyncFiles\Temp\HFSS_sim\LHS400\train\TMRDL\dut696.s2p,
train,TMRDL,697,skipped,C:\ffzhzh\SyncFiles\Temp\HFSS_sim\LHS400\train\TMRDL\dut697.s2p,
train,TMRDL,698,skipped,C:\ffzhzh\SyncFiles\Temp\HFSS_sim\LHS400\train\TMRDL\dut698.s2p,
train,TMRDL,699,skipped,C:\ffzhzh\SyncFiles\Temp\HFSS_sim\LHS400\train\TMRDL\dut699.s2p,
train,BSMRDL,300,skipped,C:\ffzhzh\SyncFiles\Temp\HFSS_sim\LHS400\train\BSMRDL\dut300.s2p,
train,BSMRDL,301,skipped,C:\ffzhzh\SyncFiles\Temp\HFSS_sim\LHS400\train\BSMRDL\dut301.s2p,
train,BSMRDL,302,skipped,C:\ffzhzh\SyncFiles\Temp\HFSS_sim\LHS400\train\BSMRDL\dut302.s2p,
train,BSMRDL,303,skipped,C:\ffzhzh\SyncFiles\Temp\HFSS_sim\LHS400\train\BSMRDL\dut303.s2p,
train,BSMRDL,304,skipped,C:\ffzhzh\SyncFiles\Temp\HFSS_sim\LHS400\train\BSMRDL\dut304.s2p,
train,BSMRDL,305,skipped,C:\ffzhzh\SyncFiles\Temp\HFSS_sim\LHS400\train\BSMRDL\dut305.s2p,
train,BSMRDL,306,skipped,C:\ffzhzh\SyncFiles\Temp\HFSS_sim\LHS400\train\BSMRDL\dut306.s2p,
train,BSMRDL,307,skipped,C:\ffzhzh\SyncFiles\Temp\HFSS_sim\LHS400\train\BSMRDL\dut307.s2p,
train,BSMRDL,308,skipped,C:\ffzhzh\SyncFiles\Temp\HFSS_sim\LHS400\train\BSMRDL\dut308.s2p,
train,BSMRDL,309,skipped,C:\ffzhzh\SyncFiles\Temp\HFSS_sim\LHS400\train\BSMRDL\dut309.s2p,
train,BSMRDL,310,skipped,C:\ffzhzh\SyncFiles\Temp\HFSS_sim\LHS400\train\BSMRDL\dut310.s2p,
train,BSMRDL,311,skipped,C:\ffzhzh\SyncFiles\Temp\HFSS_sim\LHS400\train\BSMRDL\dut311.s2p,
train,BSMRDL,312,skipped,C:\ffzhzh\SyncFiles\Temp\HFSS_sim\LHS400\train\BSMRDL\dut312.s2p,
train,BSMRDL,313,skipped,C:\ffzhzh\SyncFiles\Temp\HFSS_sim\LHS400\train\BSMRDL\dut313.s2p,
train,BSMRDL,314,skipped,C:\ffzhzh\SyncFiles\Temp\HFSS_sim\LHS400\train\BSMRDL\dut314.s2p,
train,BSMRDL,315,skipped,C:\ffzhzh\SyncFiles\Temp\HFSS_sim\LHS400\train\BSMRDL\dut315.s2p,
train,BSMRDL,316,skipped,C:\ffzhzh\SyncFiles\Temp\HFSS_sim\LHS400\train\BSMRDL\dut316.s2p,
train,BSMRDL,317,skipped,C:\ffzhzh\SyncFiles\Temp\HFSS_sim\LHS400\train\BSMRDL\dut317.s2p,
train,BSMRDL,318,skipped,C:\ffzhzh\SyncFiles\Temp\HFSS_sim\LHS400\train\BSMRDL\dut318.s2p,
train,BSMRDL,319,skipped,C:\ffzhzh\SyncFiles\Temp\HFSS_sim\LHS400\train\BSMRDL\dut319.s2p,
train,BSMRDL,320,skipped,C:\ffzhzh\SyncFiles\Temp\HFSS_sim\LHS400\train\BSMRDL\dut320.s2p,
train,BSMRDL,321,skipped,C:\ffzhzh\SyncFiles\Temp\HFSS_sim\LHS400\train\BSMRDL\dut321.s2p,
train,BSMRDL,322,skipped,C:\ffzhzh\SyncFiles\Temp\HFSS_sim\LHS400\train\BSMRDL\dut322.s2p,
train,BSMRDL,323,skipped,C:\ffzhzh\SyncFiles\Temp\HFSS_sim\LHS400\train\BSMRDL\dut323.s2p,
train,BSMRDL,324,skipped,C:\ffzhzh\SyncFiles\Temp\HFSS_sim\LHS400\train\BSMRDL\dut324.s2p,
train,BSMRDL,325,skipped,C:\ffzhzh\SyncFiles\Temp\HFSS_sim\LHS400\train\BSMRDL\dut325.s2p,
train,BSMRDL,326,skipped,C:\ffzhzh\SyncFiles\Temp\HFSS_sim\LHS400\train\BSMRDL\dut326.s2p,
train,BSMRDL,327,skipped,C:\ffzhzh\SyncFiles\Temp\HFSS_sim\LHS400\train\BSMRDL\dut327.s2p,
train,BSMRDL,328,skipped,C:\ffzhzh\SyncFiles\Temp\HFSS_sim\LHS400\train\BSMRDL\dut328.s2p,
train,BSMRDL,329,skipped,C:\ffzhzh\SyncFiles\Temp\HFSS_sim\LHS400\train\BSMRDL\dut329.s2p,
train,BSMRDL,330,skipped,C:\ffzhzh\SyncFiles\Temp\HFSS_sim\LHS400\train\BSMRDL\dut330.s2p,
train,BSMRDL,331,skipped,C:\ffzhzh\SyncFiles\Temp\HFSS_sim\LHS400\train\BSMRDL\dut331.s2p,
train,BSMRDL,332,skipped,C:\ffzhzh\SyncFiles\Temp\HFSS_sim\LHS400\train\BSMRDL\dut332.s2p,
train,BSMRDL,333,skipped,C:\ffzhzh\SyncFiles\Temp\HFSS_sim\LHS400\train\BSMRDL\dut333.s2p,
train,BSMRDL,334,skipped,C:\ffzhzh\SyncFiles\Temp\HFSS_sim\LHS400\train\BSMRDL\dut334.s2p,
train,BSMRDL,335,skipped,C:\ffzhzh\SyncFiles\Temp\HFSS_sim\LHS400\train\BSMRDL\dut335.s2p,
train,BSMRDL,336,skipped,C:\ffzhzh\SyncFiles\Temp\HFSS_sim\LHS400\train\BSMRDL\dut336.s2p,
train,BSMRDL,337,skipped,C:\ffzhzh\SyncFiles\Temp\HFSS_sim\LHS400\train\BSMRDL\dut337.s2p,
train,BSMRDL,338,skipped,C:\ffzhzh\SyncFiles\Temp\HFSS_sim\LHS400\train\BSMRDL\dut338.s2p,
train,BSMRDL,339,skipped,C:\ffzhzh\SyncFiles\Temp\HFSS_sim\LHS400\train\BSMRDL\dut339.s2p,
train,BSMRDL,340,skipped,C:\ffzhzh\SyncFiles\Temp\HFSS_sim\LHS400\train\BSMRDL\dut340.s2p,
train,BSMRDL,341,skipped,C:\ffzhzh\SyncFiles\Temp\HFSS_sim\LHS400\train\BSMRDL\dut341.s2p,
train,BSMRDL,342,skipped,C:\ffzhzh\SyncFiles\Temp\HFSS_sim\LHS400\train\BSMRDL\dut342.s2p,
train,BSMRDL,343,skipped,C:\ffzhzh\SyncFiles\Temp\HFSS_sim\LHS400\train\BSMRDL\dut343.s2p,
train,BSMRDL,344,skipped,C:\ffzhzh\SyncFiles\Temp\HFSS_sim\LHS400\train\BSMRDL\dut344.s2p,
train,BSMRDL,345,skipped,C:\ffzhzh\SyncFiles\Temp\HFSS_sim\LHS400\train\BSMRDL\dut345.s2p,
train,BSMRDL,346,skipped,C:\ffzhzh\SyncFiles\Temp\HFSS_sim\LHS400\train\BSMRDL\dut346.s2p,
train,BSMRDL,347,skipped,C:\ffzhzh\SyncFiles\Temp\HFSS_sim\LHS400\train\BSMRDL\dut347.s2p,
train,BSMRDL,348,skipped,C:\ffzhzh\SyncFiles\Temp\HFSS_sim\LHS400\train\BSMRDL\dut348.s2p,
train,BSMRDL,349,skipped,C:\ffzhzh\SyncFiles\Temp\HFSS_sim\LHS400\train\BSMRDL\dut349.s2p,
train,BSMRDL,350,skipped,C:\ffzhzh\SyncFiles\Temp\HFSS_sim\LHS400\train\BSMRDL\dut350.s2p,
train,BSMRDL,351,skipped,C:\ffzhzh\SyncFiles\Temp\HFSS_sim\LHS400\train\BSMRDL\dut351.s2p,
train,BSMRDL,352,skipped,C:\ffzhzh\SyncFiles\Temp\HFSS_sim\LHS400\train\BSMRDL\dut352.s2p,
train,BSMRDL,353,skipped,C:\ffzhzh\SyncFiles\Temp\HFSS_sim\LHS400\train\BSMRDL\dut353.s2p,
train,BSMRDL,354,skipped,C:\ffzhzh\SyncFiles\Temp\HFSS_sim\LHS400\train\BSMRDL\dut354.s2p,
train,BSMRDL,355,skipped,C:\ffzhzh\SyncFiles\Temp\HFSS_sim\LHS400\train\BSMRDL\dut355.s2p,
train,BSMRDL,356,skipped,C:\ffzhzh\SyncFiles\Temp\HFSS_sim\LHS400\train\BSMRDL\dut356.s2p,
train,BSMRDL,357,skipped,C:\ffzhzh\SyncFiles\Temp\HFSS_sim\LHS400\train\BSMRDL\dut357.s2p,
train,BSMRDL,358,skipped,C:\ffzhzh\SyncFiles\Temp\HFSS_sim\LHS400\train\BSMRDL\dut358.s2p,
train,BSMRDL,359,skipped,C:\ffzhzh\SyncFiles\Temp\HFSS_sim\LHS400\train\BSMRDL\dut359.s2p,
train,BSMRDL,360,skipped,C:\ffzhzh\SyncFiles\Temp\HFSS_sim\LHS400\train\BSMRDL\dut360.s2p,
train,BSMRDL,361,skipped,C:\ffzhzh\SyncFiles\Temp\HFSS_sim\LHS400\train\BSMRDL\dut361.s2p,
train,BSMRDL,362,skipped,C:\ffzhzh\SyncFiles\Temp\HFSS_sim\LHS400\train\BSMRDL\dut362.s2p,
train,BSMRDL,363,skipped,C:\ffzhzh\SyncFiles\Temp\HFSS_sim\LHS400\train\BSMRDL\dut363.s2p,
train,BSMRDL,364,skipped,C:\ffzhzh\SyncFiles\Temp\HFSS_sim\LHS400\train\BSMRDL\dut364.s2p,
train,BSMRDL,365,skipped,C:\ffzhzh\SyncFiles\Temp\HFSS_sim\LHS400\train\BSMRDL\dut365.s2p,
train,BSMRDL,366,skipped,C:\ffzhzh\SyncFiles\Temp\HFSS_sim\LHS400\train\BSMRDL\dut366.s2p,
train,BSMRDL,367,skipped,C:\ffzhzh\SyncFiles\Temp\HFSS_sim\LHS400\train\BSMRDL\dut367.s2p,
train,BSMRDL,368,skipped,C:\ffzhzh\SyncFiles\Temp\HFSS_sim\LHS400\train\BSMRDL\dut368.s2p,
train,BSMRDL,369,skipped,C:\ffzhzh\SyncFiles\Temp\HFSS_sim\LHS400\train\BSMRDL\dut369.s2p,
train,BSMRDL,370,skipped,C:\ffzhzh\SyncFiles\Temp\HFSS_sim\LHS400\train\BSMRDL\dut370.s2p,
train,BSMRDL,371,skipped,C:\ffzhzh\SyncFiles\Temp\HFSS_sim\LHS400\train\BSMRDL\dut371.s2p,
train,BSMRDL,372,skipped,C:\ffzhzh\SyncFiles\Temp\HFSS_sim\LHS400\train\BSMRDL\dut372.s2p,
train,BSMRDL,373,skipped,C:\ffzhzh\SyncFiles\Temp\HFSS_sim\LHS400\train\BSMRDL\dut373.s2p,
train,BSMRDL,374,skipped,C:\ffzhzh\SyncFiles\Temp\HFSS_sim\LHS400\train\BSMRDL\dut374.s2p,
train,BSMRDL,375,skipped,C:\ffzhzh\SyncFiles\Temp\HFSS_sim\LHS400\train\BSMRDL\dut375.s2p,
train,BSMRDL,376,skipped,C:\ffzhzh\SyncFiles\Temp\HFSS_sim\LHS400\train\BSMRDL\dut376.s2p,
train,BSMRDL,377,skipped,C:\ffzhzh\SyncFiles\Temp\HFSS_sim\LHS400\train\BSMRDL\dut377.s2p,
train,BSMRDL,378,skipped,C:\ffzhzh\SyncFiles\Temp\HFSS_sim\LHS400\train\BSMRDL\dut378.s2p,
train,BSMRDL,379,skipped,C:\ffzhzh\SyncFiles\Temp\HFSS_sim\LHS400\train\BSMRDL\dut379.s2p,
train,BSMRDL,380,skipped,C:\ffzhzh\SyncFiles\Temp\HFSS_sim\LHS400\train\BSMRDL\dut380.s2p,
train,BSMRDL,381,skipped,C:\ffzhzh\SyncFiles\Temp\HFSS_sim\LHS400\train\BSMRDL\dut381.s2p,
train,BSMRDL,382,skipped,C:\ffzhzh\SyncFiles\Temp\HFSS_sim\LHS400\train\BSMRDL\dut382.s2p,
train,BSMRDL,383,skipped,C:\ffzhzh\SyncFiles\Temp\HFSS_sim\LHS400\train\BSMRDL\dut383.s2p,
train,BSMRDL,384,skipped,C:\ffzhzh\SyncFiles\Temp\HFSS_sim\LHS400\train\BSMRDL\dut384.s2p,
train,BSMRDL,385,skipped,C:\ffzhzh\SyncFiles\Temp\HFSS_sim\LHS400\train\BSMRDL\dut385.s2p,
train,BSMRDL,386,skipped,C:\ffzhzh\SyncFiles\Temp\HFSS_sim\LHS400\train\BSMRDL\dut386.s2p,
train,BSMRDL,387,skipped,C:\ffzhzh\SyncFiles\Temp\HFSS_sim\LHS400\train\BSMRDL\dut387.s2p,
train,BSMRDL,388,skipped,C:\ffzhzh\SyncFiles\Temp\HFSS_sim\LHS400\train\BSMRDL\dut388.s2p,
train,BSMRDL,389,skipped,C:\ffzhzh\SyncFiles\Temp\HFSS_sim\LHS400\train\BSMRDL\dut389.s2p,
train,BSMRDL,390,skipped,C:\ffzhzh\SyncFiles\Temp\HFSS_sim\LHS400\train\BSMRDL\dut390.s2p,
train,BSMRDL,391,skipped,C:\ffzhzh\SyncFiles\Temp\HFSS_sim\LHS400\train\BSMRDL\dut391.s2p,
train,BSMRDL,392,skipped,C:\ffzhzh\SyncFiles\Temp\HFSS_sim\LHS400\train\BSMRDL\dut392.s2p,
train,BSMRDL,393,skipped,C:\ffzhzh\SyncFiles\Temp\HFSS_sim\LHS400\train\BSMRDL\dut393.s2p,
train,BSMRDL,394,skipped,C:\ffzhzh\SyncFiles\Temp\HFSS_sim\LHS400\train\BSMRDL\dut394.s2p,
train,BSMRDL,395,skipped,C:\ffzhzh\SyncFiles\Temp\HFSS_sim\LHS400\train\BSMRDL\dut395.s2p,
train,BSMRDL,396,skipped,C:\ffzhzh\SyncFiles\Temp\HFSS_sim\LHS400\train\BSMRDL\dut396.s2p,
train,BSMRDL,397,skipped,C:\ffzhzh\SyncFiles\Temp\HFSS_sim\LHS400\train\BSMRDL\dut397.s2p,
train,BSMRDL,398,skipped,C:\ffzhzh\SyncFiles\Temp\HFSS_sim\LHS400\train\BSMRDL\dut398.s2p,
train,BSMRDL,399,skipped,C:\ffzhzh\SyncFiles\Temp\HFSS_sim\LHS400\train\BSMRDL\dut399.s2p,
train,BSMRDL,400,skipped,C:\ffzhzh\SyncFiles\Temp\HFSS_sim\LHS400\train\BSMRDL\dut400.s2p,
train,BSMRDL,401,skipped,C:\ffzhzh\SyncFiles\Temp\HFSS_sim\LHS400\train\BSMRDL\dut401.s2p,
train,BSMRDL,402,skipped,C:\ffzhzh\SyncFiles\Temp\HFSS_sim\LHS400\train\BSMRDL\dut402.s2p,
train,BSMRDL,403,skipped,C:\ffzhzh\SyncFiles\Temp\HFSS_sim\LHS400\train\BSMRDL\dut403.s2p,
train,BSMRDL,404,skipped,C:\ffzhzh\SyncFiles\Temp\HFSS_sim\LHS400\train\BSMRDL\dut404.s2p,
train,BSMRDL,405,skipped,C:\ffzhzh\SyncFiles\Temp\HFSS_sim\LHS400\train\BSMRDL\dut405.s2p,
train,BSMRDL,406,skipped,C:\ffzhzh\SyncFiles\Temp\HFSS_sim\LHS400\train\BSMRDL\dut406.s2p,
train,BSMRDL,407,skipped,C:\ffzhzh\SyncFiles\Temp\HFSS_sim\LHS400\train\BSMRDL\dut407.s2p,
train,BSMRDL,408,skipped,C:\ffzhzh\SyncFiles\Temp\HFSS_sim\LHS400\train\BSMRDL\dut408.s2p,
train,BSMRDL,409,skipped,C:\ffzhzh\SyncFiles\Temp\HFSS_sim\LHS400\train\BSMRDL\dut409.s2p,
train,BSMRDL,410,skipped,C:\ffzhzh\SyncFiles\Temp\HFSS_sim\LHS400\train\BSMRDL\dut410.s2p,
train,BSMRDL,411,skipped,C:\ffzhzh\SyncFiles\Temp\HFSS_sim\LHS400\train\BSMRDL\dut411.s2p,
train,BSMRDL,412,skipped,C:\ffzhzh\SyncFiles\Temp\HFSS_sim\LHS400\train\BSMRDL\dut412.s2p,
train,BSMRDL,413,skipped,C:\ffzhzh\SyncFiles\Temp\HFSS_sim\LHS400\train\BSMRDL\dut413.s2p,
train,BSMRDL,414,skipped,C:\ffzhzh\SyncFiles\Temp\HFSS_sim\LHS400\train\BSMRDL\dut414.s2p,
train,BSMRDL,415,skipped,C:\ffzhzh\SyncFiles\Temp\HFSS_sim\LHS400\train\BSMRDL\dut415.s2p,
train,BSMRDL,416,skipped,C:\ffzhzh\SyncFiles\Temp\HFSS_sim\LHS400\train\BSMRDL\dut416.s2p,
train,BSMRDL,417,skipped,C:\ffzhzh\SyncFiles\Temp\HFSS_sim\LHS400\train\BSMRDL\dut417.s2p,
train,BSMRDL,418,skipped,C:\ffzhzh\SyncFiles\Temp\HFSS_sim\LHS400\train\BSMRDL\dut418.s2p,
train,BSMRDL,419,skipped,C:\ffzhzh\SyncFiles\Temp\HFSS_sim\LHS400\train\BSMRDL\dut419.s2p,
train,BSMRDL,420,skipped,C:\ffzhzh\SyncFiles\Temp\HFSS_sim\LHS400\train\BSMRDL\dut420.s2p,
train,BSMRDL,421,skipped,C:\ffzhzh\SyncFiles\Temp\HFSS_sim\LHS400\train\BSMRDL\dut421.s2p,
train,BSMRDL,422,skipped,C:\ffzhzh\SyncFiles\Temp\HFSS_sim\LHS400\train\BSMRDL\dut422.s2p,
train,BSMRDL,423,skipped,C:\ffzhzh\SyncFiles\Temp\HFSS_sim\LHS400\train\BSMRDL\dut423.s2p,
train,BSMRDL,424,skipped,C:\ffzhzh\SyncFiles\Temp\HFSS_sim\LHS400\train\BSMRDL\dut424.s2p,
train,BSMRDL,425,skipped,C:\ffzhzh\SyncFiles\Temp\HFSS_sim\LHS400\train\BSMRDL\dut425.s2p,
train,BSMRDL,426,skipped,C:\ffzhzh\SyncFiles\Temp\HFSS_sim\LHS400\train\BSMRDL\dut426.s2p,
train,BSMRDL,427,skipped,C:\ffzhzh\SyncFiles\Temp\HFSS_sim\LHS400\train\BSMRDL\dut427.s2p,
train,BSMRDL,428,skipped,C:\ffzhzh\SyncFiles\Temp\HFSS_sim\LHS400\train\BSMRDL\dut428.s2p,
train,BSMRDL,429,skipped,C:\ffzhzh\SyncFiles\Temp\HFSS_sim\LHS400\train\BSMRDL\dut429.s2p,
train,BSMRDL,430,skipped,C:\ffzhzh\SyncFiles\Temp\HFSS_sim\LHS400\train\BSMRDL\dut430.s2p,
train,BSMRDL,431,skipped,C:\ffzhzh\SyncFiles\Temp\HFSS_sim\LHS400\train\BSMRDL\dut431.s2p,
train,BSMRDL,432,skipped,C:\ffzhzh\SyncFiles\Temp\HFSS_sim\LHS400\train\BSMRDL\dut432.s2p,
train,BSMRDL,433,skipped,C:\ffzhzh\SyncFiles\Temp\HFSS_sim\LHS400\train\BSMRDL\dut433.s2p,
train,BSMRDL,434,skipped,C:\ffzhzh\SyncFiles\Temp\HFSS_sim\LHS400\train\BSMRDL\dut434.s2p,
train,BSMRDL,435,skipped,C:\ffzhzh\SyncFiles\Temp\HFSS_sim\LHS400\train\BSMRDL\dut435.s2p,
train,BSMRDL,436,skipped,C:\ffzhzh\SyncFiles\Temp\HFSS_sim\LHS400\train\BSMRDL\dut436.s2p,
train,BSMRDL,437,skipped,C:\ffzhzh\SyncFiles\Temp\HFSS_sim\LHS400\train\BSMRDL\dut437.s2p,
train,BSMRDL,438,skipped,C:\ffzhzh\SyncFiles\Temp\HFSS_sim\LHS400\train\BSMRDL\dut438.s2p,
train,BSMRDL,439,skipped,C:\ffzhzh\SyncFiles\Temp\HFSS_sim\LHS400\train\BSMRDL\dut439.s2p,
train,BSMRDL,440,skipped,C:\ffzhzh\SyncFiles\Temp\HFSS_sim\LHS400\train\BSMRDL\dut440.s2p,
train,BSMRDL,441,skipped,C:\ffzhzh\SyncFiles\Temp\HFSS_sim\LHS400\train\BSMRDL\dut441.s2p,
train,BSMRDL,442,skipped,C:\ffzhzh\SyncFiles\Temp\HFSS_sim\LHS400\train\BSMRDL\dut442.s2p,
train,BSMRDL,443,skipped,C:\ffzhzh\SyncFiles\Temp\HFSS_sim\LHS400\train\BSMRDL\dut443.s2p,
train,BSMRDL,444,skipped,C:\ffzhzh\SyncFiles\Temp\HFSS_sim\LHS400\train\BSMRDL\dut444.s2p,
train,BSMRDL,445,skipped,C:\ffzhzh\SyncFiles\Temp\HFSS_sim\LHS400\train\BSMRDL\dut445.s2p,
train,BSMRDL,446,skipped,C:\ffzhzh\SyncFiles\Temp\HFSS_sim\LHS400\train\BSMRDL\dut446.s2p,
train,BSMRDL,447,skipped,C:\ffzhzh\SyncFiles\Temp\HFSS_sim\LHS400\train\BSMRDL\dut447.s2p,
train,BSMRDL,448,skipped,C:\ffzhzh\SyncFiles\Temp\HFSS_sim\LHS400\train\BSMRDL\dut448.s2p,
train,BSMRDL,449,skipped,C:\ffzhzh\SyncFiles\Temp\HFSS_sim\LHS400\train\BSMRDL\dut449.s2p,
train,BSMRDL,450,skipped,C:\ffzhzh\SyncFiles\Temp\HFSS_sim\LHS400\train\BSMRDL\dut450.s2p,
train,BSMRDL,451,skipped,C:\ffzhzh\SyncFiles\Temp\HFSS_sim\LHS400\train\BSMRDL\dut451.s2p,
train,BSMRDL,452,skipped,C:\ffzhzh\SyncFiles\Temp\HFSS_sim\LHS400\train\BSMRDL\dut452.s2p,
train,BSMRDL,453,skipped,C:\ffzhzh\SyncFiles\Temp\HFSS_sim\LHS400\train\BSMRDL\dut453.s2p,
train,BSMRDL,454,skipped,C:\ffzhzh\SyncFiles\Temp\HFSS_sim\LHS400\train\BSMRDL\dut454.s2p,
train,BSMRDL,455,skipped,C:\ffzhzh\SyncFiles\Temp\HFSS_sim\LHS400\train\BSMRDL\dut455.s2p,
train,BSMRDL,456,skipped,C:\ffzhzh\SyncFiles\Temp\HFSS_sim\LHS400\train\BSMRDL\dut456.s2p,
train,BSMRDL,457,skipped,C:\ffzhzh\SyncFiles\Temp\HFSS_sim\LHS400\train\BSMRDL\dut457.s2p,
train,BSMRDL,458,skipped,C:\ffzhzh\SyncFiles\Temp\HFSS_sim\LHS400\train\BSMRDL\dut458.s2p,
train,BSMRDL,459,skipped,C:\ffzhzh\SyncFiles\Temp\HFSS_sim\LHS400\train\BSMRDL\dut459.s2p,
train,BSMRDL,460,skipped,C:\ffzhzh\SyncFiles\Temp\HFSS_sim\LHS400\train\BSMRDL\dut460.s2p,
train,BSMRDL,461,skipped,C:\ffzhzh\SyncFiles\Temp\HFSS_sim\LHS400\train\BSMRDL\dut461.s2p,
train,BSMRDL,462,skipped,C:\ffzhzh\SyncFiles\Temp\HFSS_sim\LHS400\train\BSMRDL\dut462.s2p,
train,BSMRDL,463,skipped,C:\ffzhzh\SyncFiles\Temp\HFSS_sim\LHS400\train\BSMRDL\dut463.s2p,
train,BSMRDL,464,skipped,C:\ffzhzh\SyncFiles\Temp\HFSS_sim\LHS400\train\BSMRDL\dut464.s2p,
train,BSMRDL,465,skipped,C:\ffzhzh\SyncFiles\Temp\HFSS_sim\LHS400\train\BSMRDL\dut465.s2p,
train,BSMRDL,466,skipped,C:\ffzhzh\SyncFiles\Temp\HFSS_sim\LHS400\train\BSMRDL\dut466.s2p,
train,BSMRDL,467,skipped,C:\ffzhzh\SyncFiles\Temp\HFSS_sim\LHS400\train\BSMRDL\dut467.s2p,
train,BSMRDL,468,skipped,C:\ffzhzh\SyncFiles\Temp\HFSS_sim\LHS400\train\BSMRDL\dut468.s2p,
train,BSMRDL,469,skipped,C:\ffzhzh\SyncFiles\Temp\HFSS_sim\LHS400\train\BSMRDL\dut469.s2p,
train,BSMRDL,470,skipped,C:\ffzhzh\SyncFiles\Temp\HFSS_sim\LHS400\train\BSMRDL\dut470.s2p,
train,BSMRDL,471,skipped,C:\ffzhzh\SyncFiles\Temp\HFSS_sim\LHS400\train\BSMRDL\dut471.s2p,
train,BSMRDL,472,skipped,C:\ffzhzh\SyncFiles\Temp\HFSS_sim\LHS400\train\BSMRDL\dut472.s2p,
train,BSMRDL,473,skipped,C:\ffzhzh\SyncFiles\Temp\HFSS_sim\LHS400\train\BSMRDL\dut473.s2p,
train,BSMRDL,474,skipped,C:\ffzhzh\SyncFiles\Temp\HFSS_sim\LHS400\train\BSMRDL\dut474.s2p,
train,BSMRDL,475,skipped,C:\ffzhzh\SyncFiles\Temp\HFSS_sim\LHS400\train\BSMRDL\dut475.s2p,
train,BSMRDL,476,skipped,C:\ffzhzh\SyncFiles\Temp\HFSS_sim\LHS400\train\BSMRDL\dut476.s2p,
train,BSMRDL,477,skipped,C:\ffzhzh\SyncFiles\Temp\HFSS_sim\LHS400\train\BSMRDL\dut477.s2p,
train,BSMRDL,478,skipped,C:\ffzhzh\SyncFiles\Temp\HFSS_sim\LHS400\train\BSMRDL\dut478.s2p,
train,BSMRDL,479,skipped,C:\ffzhzh\SyncFiles\Temp\HFSS_sim\LHS400\train\BSMRDL\dut479.s2p,
train,BSMRDL,480,skipped,C:\ffzhzh\SyncFiles\Temp\HFSS_sim\LHS400\train\BSMRDL\dut480.s2p,
train,BSMRDL,481,skipped,C:\ffzhzh\SyncFiles\Temp\HFSS_sim\LHS400\train\BSMRDL\dut481.s2p,
train,BSMRDL,482,skipped,C:\ffzhzh\SyncFiles\Temp\HFSS_sim\LHS400\train\BSMRDL\dut482.s2p,
train,BSMRDL,483,skipped,C:\ffzhzh\SyncFiles\Temp\HFSS_sim\LHS400\train\BSMRDL\dut483.s2p,
train,BSMRDL,484,skipped,C:\ffzhzh\SyncFiles\Temp\HFSS_sim\LHS400\train\BSMRDL\dut484.s2p,
train,BSMRDL,485,skipped,C:\ffzhzh\SyncFiles\Temp\HFSS_sim\LHS400\train\BSMRDL\dut485.s2p,
train,BSMRDL,486,skipped,C:\ffzhzh\SyncFiles\Temp\HFSS_sim\LHS400\train\BSMRDL\dut486.s2p,
train,BSMRDL,487,skipped,C:\ffzhzh\SyncFiles\Temp\HFSS_sim\LHS400\train\BSMRDL\dut487.s2p,
train,BSMRDL,488,skipped,C:\ffzhzh\SyncFiles\Temp\HFSS_sim\LHS400\train\BSMRDL\dut488.s2p,
train,BSMRDL,489,skipped,C:\ffzhzh\SyncFiles\Temp\HFSS_sim\LHS400\train\BSMRDL\dut489.s2p,
train,BSMRDL,490,skipped,C:\ffzhzh\SyncFiles\Temp\HFSS_sim\LHS400\train\BSMRDL\dut490.s2p,
train,BSMRDL,491,skipped,C:\ffzhzh\SyncFiles\Temp\HFSS_sim\LHS400\train\BSMRDL\dut491.s2p,
train,BSMRDL,492,skipped,C:\ffzhzh\SyncFiles\Temp\HFSS_sim\LHS400\train\BSMRDL\dut492.s2p,
train,BSMRDL,493,skipped,C:\ffzhzh\SyncFiles\Temp\HFSS_sim\LHS400\train\BSMRDL\dut493.s2p,
train,BSMRDL,494,skipped,C:\ffzhzh\SyncFiles\Temp\HFSS_sim\LHS400\train\BSMRDL\dut494.s2p,
train,BSMRDL,495,skipped,C:\ffzhzh\SyncFiles\Temp\HFSS_sim\LHS400\train\BSMRDL\dut495.s2p,
train,BSMRDL,496,skipped,C:\ffzhzh\SyncFiles\Temp\HFSS_sim\LHS400\train\BSMRDL\dut496.s2p,
train,BSMRDL,497,skipped,C:\ffzhzh\SyncFiles\Temp\HFSS_sim\LHS400\train\BSMRDL\dut497.s2p,
train,BSMRDL,498,skipped,C:\ffzhzh\SyncFiles\Temp\HFSS_sim\LHS400\train\BSMRDL\dut498.s2p,
train,BSMRDL,499,skipped,C:\ffzhzh\SyncFiles\Temp\HFSS_sim\LHS400\train\BSMRDL\dut499.s2p,
train,BSMRDL,500,skipped,C:\ffzhzh\SyncFiles\Temp\HFSS_sim\LHS400\train\BSMRDL\dut500.s2p,
train,BSMRDL,501,skipped,C:\ffzhzh\SyncFiles\Temp\HFSS_sim\LHS400\train\BSMRDL\dut501.s2p,
train,BSMRDL,502,skipped,C:\ffzhzh\SyncFiles\Temp\HFSS_sim\LHS400\train\BSMRDL\dut502.s2p,
train,BSMRDL,503,skipped,C:\ffzhzh\SyncFiles\Temp\HFSS_sim\LHS400\train\BSMRDL\dut503.s2p,
train,BSMRDL,504,skipped,C:\ffzhzh\SyncFiles\Temp\HFSS_sim\LHS400\train\BSMRDL\dut504.s2p,
train,BSMRDL,505,skipped,C:\ffzhzh\SyncFiles\Temp\HFSS_sim\LHS400\train\BSMRDL\dut505.s2p,
train,BSMRDL,506,skipped,C:\ffzhzh\SyncFiles\Temp\HFSS_sim\LHS400\train\BSMRDL\dut506.s2p,
train,BSMRDL,507,skipped,C:\ffzhzh\SyncFiles\Temp\HFSS_sim\LHS400\train\BSMRDL\dut507.s2p,
train,BSMRDL,508,skipped,C:\ffzhzh\SyncFiles\Temp\HFSS_sim\LHS400\train\BSMRDL\dut508.s2p,
train,BSMRDL,509,skipped,C:\ffzhzh\SyncFiles\Temp\HFSS_sim\LHS400\train\BSMRDL\dut509.s2p,
train,BSMRDL,510,skipped,C:\ffzhzh\SyncFiles\Temp\HFSS_sim\LHS400\train\BSMRDL\dut510.s2p,
train,BSMRDL,511,skipped,C:\ffzhzh\SyncFiles\Temp\HFSS_sim\LHS400\train\BSMRDL\dut511.s2p,
train,BSMRDL,512,skipped,C:\ffzhzh\SyncFiles\Temp\HFSS_sim\LHS400\train\BSMRDL\dut512.s2p,
train,BSMRDL,513,skipped,C:\ffzhzh\SyncFiles\Temp\HFSS_sim\LHS400\train\BSMRDL\dut513.s2p,
train,BSMRDL,514,skipped,C:\ffzhzh\SyncFiles\Temp\HFSS_sim\LHS400\train\BSMRDL\dut514.s2p,
train,BSMRDL,515,skipped,C:\ffzhzh\SyncFiles\Temp\HFSS_sim\LHS400\train\BSMRDL\dut515.s2p,
train,BSMRDL,516,skipped,C:\ffzhzh\SyncFiles\Temp\HFSS_sim\LHS400\train\BSMRDL\dut516.s2p,
train,BSMRDL,517,skipped,C:\ffzhzh\SyncFiles\Temp\HFSS_sim\LHS400\train\BSMRDL\dut517.s2p,
train,BSMRDL,518,skipped,C:\ffzhzh\SyncFiles\Temp\HFSS_sim\LHS400\train\BSMRDL\dut518.s2p,
train,BSMRDL,519,skipped,C:\ffzhzh\SyncFiles\Temp\HFSS_sim\LHS400\train\BSMRDL\dut519.s2p,
train,BSMRDL,520,skipped,C:\ffzhzh\SyncFiles\Temp\HFSS_sim\LHS400\train\BSMRDL\dut520.s2p,
train,BSMRDL,521,skipped,C:\ffzhzh\SyncFiles\Temp\HFSS_sim\LHS400\train\BSMRDL\dut521.s2p,
train,BSMRDL,522,skipped,C:\ffzhzh\SyncFiles\Temp\HFSS_sim\LHS400\train\BSMRDL\dut522.s2p,
train,BSMRDL,523,skipped,C:\ffzhzh\SyncFiles\Temp\HFSS_sim\LHS400\train\BSMRDL\dut523.s2p,
train,BSMRDL,524,skipped,C:\ffzhzh\SyncFiles\Temp\HFSS_sim\LHS400\train\BSMRDL\dut524.s2p,
train,BSMRDL,525,skipped,C:\ffzhzh\SyncFiles\Temp\HFSS_sim\LHS400\train\BSMRDL\dut525.s2p,
train,BSMRDL,526,skipped,C:\ffzhzh\SyncFiles\Temp\HFSS_sim\LHS400\train\BSMRDL\dut526.s2p,
train,BSMRDL,527,skipped,C:\ffzhzh\SyncFiles\Temp\HFSS_sim\LHS400\train\BSMRDL\dut527.s2p,
train,BSMRDL,528,skipped,C:\ffzhzh\SyncFiles\Temp\HFSS_sim\LHS400\train\BSMRDL\dut528.s2p,
train,BSMRDL,529,skipped,C:\ffzhzh\SyncFiles\Temp\HFSS_sim\LHS400\train\BSMRDL\dut529.s2p,
train,BSMRDL,530,skipped,C:\ffzhzh\SyncFiles\Temp\HFSS_sim\LHS400\train\BSMRDL\dut530.s2p,
train,BSMRDL,531,skipped,C:\ffzhzh\SyncFiles\Temp\HFSS_sim\LHS400\train\BSMRDL\dut531.s2p,
train,BSMRDL,532,skipped,C:\ffzhzh\SyncFiles\Temp\HFSS_sim\LHS400\train\BSMRDL\dut532.s2p,
train,BSMRDL,533,skipped,C:\ffzhzh\SyncFiles\Temp\HFSS_sim\LHS400\train\BSMRDL\dut533.s2p,
train,BSMRDL,534,skipped,C:\ffzhzh\SyncFiles\Temp\HFSS_sim\LHS400\train\BSMRDL\dut534.s2p,
train,BSMRDL,535,skipped,C:\ffzhzh\SyncFiles\Temp\HFSS_sim\LHS400\train\BSMRDL\dut535.s2p,
train,BSMRDL,536,skipped,C:\ffzhzh\SyncFiles\Temp\HFSS_sim\LHS400\train\BSMRDL\dut536.s2p,
train,BSMRDL,537,skipped,C:\ffzhzh\SyncFiles\Temp\HFSS_sim\LHS400\train\BSMRDL\dut537.s2p,
train,BSMRDL,538,skipped,C:\ffzhzh\SyncFiles\Temp\HFSS_sim\LHS400\train\BSMRDL\dut538.s2p,
train,BSMRDL,539,skipped,C:\ffzhzh\SyncFiles\Temp\HFSS_sim\LHS400\train\BSMRDL\dut539.s2p,
train,BSMRDL,540,skipped,C:\ffzhzh\SyncFiles\Temp\HFSS_sim\LHS400\train\BSMRDL\dut540.s2p,
train,BSMRDL,541,skipped,C:\ffzhzh\SyncFiles\Temp\HFSS_sim\LHS400\train\BSMRDL\dut541.s2p,
train,BSMRDL,542,skipped,C:\ffzhzh\SyncFiles\Temp\HFSS_sim\LHS400\train\BSMRDL\dut542.s2p,
train,BSMRDL,543,skipped,C:\ffzhzh\SyncFiles\Temp\HFSS_sim\LHS400\train\BSMRDL\dut543.s2p,
train,BSMRDL,544,skipped,C:\ffzhzh\SyncFiles\Temp\HFSS_sim\LHS400\train\BSMRDL\dut544.s2p,
train,BSMRDL,545,skipped,C:\ffzhzh\SyncFiles\Temp\HFSS_sim\LHS400\train\BSMRDL\dut545.s2p,
train,BSMRDL,546,skipped,C:\ffzhzh\SyncFiles\Temp\HFSS_sim\LHS400\train\BSMRDL\dut546.s2p,
train,BSMRDL,547,skipped,C:\ffzhzh\SyncFiles\Temp\HFSS_sim\LHS400\train\BSMRDL\dut547.s2p,
train,BSMRDL,548,skipped,C:\ffzhzh\SyncFiles\Temp\HFSS_sim\LHS400\train\BSMRDL\dut548.s2p,
train,BSMRDL,549,skipped,C:\ffzhzh\SyncFiles\Temp\HFSS_sim\LHS400\train\BSMRDL\dut549.s2p,
train,BSMRDL,550,skipped,C:\ffzhzh\SyncFiles\Temp\HFSS_sim\LHS400\train\BSMRDL\dut550.s2p,
train,BSMRDL,551,skipped,C:\ffzhzh\SyncFiles\Temp\HFSS_sim\LHS400\train\BSMRDL\dut551.s2p,
train,BSMRDL,552,skipped,C:\ffzhzh\SyncFiles\Temp\HFSS_sim\LHS400\train\BSMRDL\dut552.s2p,
train,BSMRDL,553,skipped,C:\ffzhzh\SyncFiles\Temp\HFSS_sim\LHS400\train\BSMRDL\dut553.s2p,
train,BSMRDL,554,skipped,C:\ffzhzh\SyncFiles\Temp\HFSS_sim\LHS400\train\BSMRDL\dut554.s2p,
train,BSMRDL,555,skipped,C:\ffzhzh\SyncFiles\Temp\HFSS_sim\LHS400\train\BSMRDL\dut555.s2p,
train,BSMRDL,556,skipped,C:\ffzhzh\SyncFiles\Temp\HFSS_sim\LHS400\train\BSMRDL\dut556.s2p,
train,BSMRDL,557,skipped,C:\ffzhzh\SyncFiles\Temp\HFSS_sim\LHS400\train\BSMRDL\dut557.s2p,
train,BSMRDL,558,skipped,C:\ffzhzh\SyncFiles\Temp\HFSS_sim\LHS400\train\BSMRDL\dut558.s2p,
train,BSMRDL,559,skipped,C:\ffzhzh\SyncFiles\Temp\HFSS_sim\LHS400\train\BSMRDL\dut559.s2p,
train,BSMRDL,560,skipped,C:\ffzhzh\SyncFiles\Temp\HFSS_sim\LHS400\train\BSMRDL\dut560.s2p,
train,BSMRDL,561,skipped,C:\ffzhzh\SyncFiles\Temp\HFSS_sim\LHS400\train\BSMRDL\dut561.s2p,
train,BSMRDL,562,skipped,C:\ffzhzh\SyncFiles\Temp\HFSS_sim\LHS400\train\BSMRDL\dut562.s2p,
train,BSMRDL,563,skipped,C:\ffzhzh\SyncFiles\Temp\HFSS_sim\LHS400\train\BSMRDL\dut563.s2p,
train,BSMRDL,564,skipped,C:\ffzhzh\SyncFiles\Temp\HFSS_sim\LHS400\train\BSMRDL\dut564.s2p,
train,BSMRDL,565,skipped,C:\ffzhzh\SyncFiles\Temp\HFSS_sim\LHS400\train\BSMRDL\dut565.s2p,
train,BSMRDL,566,skipped,C:\ffzhzh\SyncFiles\Temp\HFSS_sim\LHS400\train\BSMRDL\dut566.s2p,
train,BSMRDL,567,skipped,C:\ffzhzh\SyncFiles\Temp\HFSS_sim\LHS400\train\BSMRDL\dut567.s2p,
train,BSMRDL,568,skipped,C:\ffzhzh\SyncFiles\Temp\HFSS_sim\LHS400\train\BSMRDL\dut568.s2p,
train,BSMRDL,569,skipped,C:\ffzhzh\SyncFiles\Temp\HFSS_sim\LHS400\train\BSMRDL\dut569.s2p,
train,BSMRDL,570,skipped,C:\ffzhzh\SyncFiles\Temp\HFSS_sim\LHS400\train\BSMRDL\dut570.s2p,
train,BSMRDL,571,skipped,C:\ffzhzh\SyncFiles\Temp\HFSS_sim\LHS400\train\BSMRDL\dut571.s2p,
train,BSMRDL,572,skipped,C:\ffzhzh\SyncFiles\Temp\HFSS_sim\LHS400\train\BSMRDL\dut572.s2p,
train,BSMRDL,573,skipped,C:\ffzhzh\SyncFiles\Temp\HFSS_sim\LHS400\train\BSMRDL\dut573.s2p,
train,BSMRDL,574,skipped,C:\ffzhzh\SyncFiles\Temp\HFSS_sim\LHS400\train\BSMRDL\dut574.s2p,
train,BSMRDL,575,skipped,C:\ffzhzh\SyncFiles\Temp\HFSS_sim\LHS400\train\BSMRDL\dut575.s2p,
train,BSMRDL,576,skipped,C:\ffzhzh\SyncFiles\Temp\HFSS_sim\LHS400\train\BSMRDL\dut576.s2p,
train,BSMRDL,577,skipped,C:\ffzhzh\SyncFiles\Temp\HFSS_sim\LHS400\train\BSMRDL\dut577.s2p,
train,BSMRDL,578,skipped,C:\ffzhzh\SyncFiles\Temp\HFSS_sim\LHS400\train\BSMRDL\dut578.s2p,
train,BSMRDL,579,skipped,C:\ffzhzh\SyncFiles\Temp\HFSS_sim\LHS400\train\BSMRDL\dut579.s2p,
train,BSMRDL,580,skipped,C:\ffzhzh\SyncFiles\Temp\HFSS_sim\LHS400\train\BSMRDL\dut580.s2p,
train,BSMRDL,581,skipped,C:\ffzhzh\SyncFiles\Temp\HFSS_sim\LHS400\train\BSMRDL\dut581.s2p,
train,BSMRDL,582,skipped,C:\ffzhzh\SyncFiles\Temp\HFSS_sim\LHS400\train\BSMRDL\dut582.s2p,
train,BSMRDL,583,skipped,C:\ffzhzh\SyncFiles\Temp\HFSS_sim\LHS400\train\BSMRDL\dut583.s2p,
train,BSMRDL,584,skipped,C:\ffzhzh\SyncFiles\Temp\HFSS_sim\LHS400\train\BSMRDL\dut584.s2p,
train,BSMRDL,585,skipped,C:\ffzhzh\SyncFiles\Temp\HFSS_sim\LHS400\train\BSMRDL\dut585.s2p,
train,BSMRDL,586,skipped,C:\ffzhzh\SyncFiles\Temp\HFSS_sim\LHS400\train\BSMRDL\dut586.s2p,
train,BSMRDL,587,skipped,C:\ffzhzh\SyncFiles\Temp\HFSS_sim\LHS400\train\BSMRDL\dut587.s2p,
train,BSMRDL,588,skipped,C:\ffzhzh\SyncFiles\Temp\HFSS_sim\LHS400\train\BSMRDL\dut588.s2p,
train,BSMRDL,589,skipped,C:\ffzhzh\SyncFiles\Temp\HFSS_sim\LHS400\train\BSMRDL\dut589.s2p,
train,BSMRDL,590,skipped,C:\ffzhzh\SyncFiles\Temp\HFSS_sim\LHS400\train\BSMRDL\dut590.s2p,
train,BSMRDL,591,skipped,C:\ffzhzh\SyncFiles\Temp\HFSS_sim\LHS400\train\BSMRDL\dut591.s2p,
train,BSMRDL,592,skipped,C:\ffzhzh\SyncFiles\Temp\HFSS_sim\LHS400\train\BSMRDL\dut592.s2p,
train,BSMRDL,593,skipped,C:\ffzhzh\SyncFiles\Temp\HFSS_sim\LHS400\train\BSMRDL\dut593.s2p,
train,BSMRDL,594,skipped,C:\ffzhzh\SyncFiles\Temp\HFSS_sim\LHS400\train\BSMRDL\dut594.s2p,
train,BSMRDL,595,skipped,C:\ffzhzh\SyncFiles\Temp\HFSS_sim\LHS400\train\BSMRDL\dut595.s2p,
train,BSMRDL,596,skipped,C:\ffzhzh\SyncFiles\Temp\HFSS_sim\LHS400\train\BSMRDL\dut596.s2p,
train,BSMRDL,597,skipped,C:\ffzhzh\SyncFiles\Temp\HFSS_sim\LHS400\train\BSMRDL\dut597.s2p,
train,BSMRDL,598,skipped,C:\ffzhzh\SyncFiles\Temp\HFSS_sim\LHS400\train\BSMRDL\dut598.s2p,
train,BSMRDL,599,skipped,C:\ffzhzh\SyncFiles\Temp\HFSS_sim\LHS400\train\BSMRDL\dut599.s2p,
train,BSMRDL,600,skipped,C:\ffzhzh\SyncFiles\Temp\HFSS_sim\LHS400\train\BSMRDL\dut600.s2p,
train,BSMRDL,601,skipped,C:\ffzhzh\SyncFiles\Temp\HFSS_sim\LHS400\train\BSMRDL\dut601.s2p,
train,BSMRDL,602,skipped,C:\ffzhzh\SyncFiles\Temp\HFSS_sim\LHS400\train\BSMRDL\dut602.s2p,
train,BSMRDL,603,skipped,C:\ffzhzh\SyncFiles\Temp\HFSS_sim\LHS400\train\BSMRDL\dut603.s2p,
train,BSMRDL,604,skipped,C:\ffzhzh\SyncFiles\Temp\HFSS_sim\LHS400\train\BSMRDL\dut604.s2p,
train,BSMRDL,605,skipped,C:\ffzhzh\SyncFiles\Temp\HFSS_sim\LHS400\train\BSMRDL\dut605.s2p,
train,BSMRDL,606,skipped,C:\ffzhzh\SyncFiles\Temp\HFSS_sim\LHS400\train\BSMRDL\dut606.s2p,
train,BSMRDL,607,skipped,C:\ffzhzh\SyncFiles\Temp\HFSS_sim\LHS400\train\BSMRDL\dut607.s2p,
train,BSMRDL,608,skipped,C:\ffzhzh\SyncFiles\Temp\HFSS_sim\LHS400\train\BSMRDL\dut608.s2p,
train,BSMRDL,609,skipped,C:\ffzhzh\SyncFiles\Temp\HFSS_sim\LHS400\train\BSMRDL\dut609.s2p,
train,BSMRDL,610,skipped,C:\ffzhzh\SyncFiles\Temp\HFSS_sim\LHS400\train\BSMRDL\dut610.s2p,
train,BSMRDL,611,skipped,C:\ffzhzh\SyncFiles\Temp\HFSS_sim\LHS400\train\BSMRDL\dut611.s2p,
train,BSMRDL,612,skipped,C:\ffzhzh\SyncFiles\Temp\HFSS_sim\LHS400\train\BSMRDL\dut612.s2p,
train,BSMRDL,613,skipped,C:\ffzhzh\SyncFiles\Temp\HFSS_sim\LHS400\train\BSMRDL\dut613.s2p,
train,BSMRDL,614,skipped,C:\ffzhzh\SyncFiles\Temp\HFSS_sim\LHS400\train\BSMRDL\dut614.s2p,
train,BSMRDL,615,skipped,C:\ffzhzh\SyncFiles\Temp\HFSS_sim\LHS400\train\BSMRDL\dut615.s2p,
train,BSMRDL,616,skipped,C:\ffzhzh\SyncFiles\Temp\HFSS_sim\LHS400\train\BSMRDL\dut616.s2p,
train,BSMRDL,617,skipped,C:\ffzhzh\SyncFiles\Temp\HFSS_sim\LHS400\train\BSMRDL\dut617.s2p,
train,BSMRDL,618,skipped,C:\ffzhzh\SyncFiles\Temp\HFSS_sim\LHS400\train\BSMRDL\dut618.s2p,
train,BSMRDL,619,skipped,C:\ffzhzh\SyncFiles\Temp\HFSS_sim\LHS400\train\BSMRDL\dut619.s2p,
train,BSMRDL,620,skipped,C:\ffzhzh\SyncFiles\Temp\HFSS_sim\LHS400\train\BSMRDL\dut620.s2p,
train,BSMRDL,621,skipped,C:\ffzhzh\SyncFiles\Temp\HFSS_sim\LHS400\train\BSMRDL\dut621.s2p,
train,BSMRDL,622,skipped,C:\ffzhzh\SyncFiles\Temp\HFSS_sim\LHS400\train\BSMRDL\dut622.s2p,
train,BSMRDL,623,skipped,C:\ffzhzh\SyncFiles\Temp\HFSS_sim\LHS400\train\BSMRDL\dut623.s2p,
train,BSMRDL,624,skipped,C:\ffzhzh\SyncFiles\Temp\HFSS_sim\LHS400\train\BSMRDL\dut624.s2p,
train,BSMRDL,625,skipped,C:\ffzhzh\SyncFiles\Temp\HFSS_sim\LHS400\train\BSMRDL\dut625.s2p,
train,BSMRDL,626,skipped,C:\ffzhzh\SyncFiles\Temp\HFSS_sim\LHS400\train\BSMRDL\dut626.s2p,
train,BSMRDL,627,skipped,C:\ffzhzh\SyncFiles\Temp\HFSS_sim\LHS400\train\BSMRDL\dut627.s2p,
train,BSMRDL,628,skipped,C:\ffzhzh\SyncFiles\Temp\HFSS_sim\LHS400\train\BSMRDL\dut628.s2p,
train,BSMRDL,629,skipped,C:\ffzhzh\SyncFiles\Temp\HFSS_sim\LHS400\train\BSMRDL\dut629.s2p,
train,BSMRDL,630,skipped,C:\ffzhzh\SyncFiles\Temp\HFSS_sim\LHS400\train\BSMRDL\dut630.s2p,
train,BSMRDL,631,skipped,C:\ffzhzh\SyncFiles\Temp\HFSS_sim\LHS400\train\BSMRDL\dut631.s2p,
train,BSMRDL,632,skipped,C:\ffzhzh\SyncFiles\Temp\HFSS_sim\LHS400\train\BSMRDL\dut632.s2p,
train,BSMRDL,633,skipped,C:\ffzhzh\SyncFiles\Temp\HFSS_sim\LHS400\train\BSMRDL\dut633.s2p,
train,BSMRDL,634,skipped,C:\ffzhzh\SyncFiles\Temp\HFSS_sim\LHS400\train\BSMRDL\dut634.s2p,
train,BSMRDL,635,skipped,C:\ffzhzh\SyncFiles\Temp\HFSS_sim\LHS400\train\BSMRDL\dut635.s2p,
train,BSMRDL,636,skipped,C:\ffzhzh\SyncFiles\Temp\HFSS_sim\LHS400\train\BSMRDL\dut636.s2p,
train,BSMRDL,637,skipped,C:\ffzhzh\SyncFiles\Temp\HFSS_sim\LHS400\train\BSMRDL\dut637.s2p,
train,BSMRDL,638,skipped,C:\ffzhzh\SyncFiles\Temp\HFSS_sim\LHS400\train\BSMRDL\dut638.s2p,
train,BSMRDL,639,skipped,C:\ffzhzh\SyncFiles\Temp\HFSS_sim\LHS400\train\BSMRDL\dut639.s2p,
train,BSMRDL,640,skipped,C:\ffzhzh\SyncFiles\Temp\HFSS_sim\LHS400\train\BSMRDL\dut640.s2p,
train,BSMRDL,641,skipped,C:\ffzhzh\SyncFiles\Temp\HFSS_sim\LHS400\train\BSMRDL\dut641.s2p,
train,BSMRDL,642,skipped,C:\ffzhzh\SyncFiles\Temp\HFSS_sim\LHS400\train\BSMRDL\dut642.s2p,
train,BSMRDL,643,skipped,C:\ffzhzh\SyncFiles\Temp\HFSS_sim\LHS400\train\BSMRDL\dut643.s2p,
train,BSMRDL,644,skipped,C:\ffzhzh\SyncFiles\Temp\HFSS_sim\LHS400\train\BSMRDL\dut644.s2p,
train,BSMRDL,645,skipped,C:\ffzhzh\SyncFiles\Temp\HFSS_sim\LHS400\train\BSMRDL\dut645.s2p,
train,BSMRDL,646,skipped,C:\ffzhzh\SyncFiles\Temp\HFSS_sim\LHS400\train\BSMRDL\dut646.s2p,
train,BSMRDL,647,skipped,C:\ffzhzh\SyncFiles\Temp\HFSS_sim\LHS400\train\BSMRDL\dut647.s2p,
train,BSMRDL,648,skipped,C:\ffzhzh\SyncFiles\Temp\HFSS_sim\LHS400\train\BSMRDL\dut648.s2p,
train,BSMRDL,649,skipped,C:\ffzhzh\SyncFiles\Temp\HFSS_sim\LHS400\train\BSMRDL\dut649.s2p,
train,BSMRDL,650,skipped,C:\ffzhzh\SyncFiles\Temp\HFSS_sim\LHS400\train\BSMRDL\dut650.s2p,
train,BSMRDL,651,skipped,C:\ffzhzh\SyncFiles\Temp\HFSS_sim\LHS400\train\BSMRDL\dut651.s2p,
train,BSMRDL,652,skipped,C:\ffzhzh\SyncFiles\Temp\HFSS_sim\LHS400\train\BSMRDL\dut652.s2p,
train,BSMRDL,653,skipped,C:\ffzhzh\SyncFiles\Temp\HFSS_sim\LHS400\train\BSMRDL\dut653.s2p,
train,BSMRDL,654,skipped,C:\ffzhzh\SyncFiles\Temp\HFSS_sim\LHS400\train\BSMRDL\dut654.s2p,
train,BSMRDL,655,skipped,C:\ffzhzh\SyncFiles\Temp\HFSS_sim\LHS400\train\BSMRDL\dut655.s2p,
train,BSMRDL,656,skipped,C:\ffzhzh\SyncFiles\Temp\HFSS_sim\LHS400\train\BSMRDL\dut656.s2p,
train,BSMRDL,657,skipped,C:\ffzhzh\SyncFiles\Temp\HFSS_sim\LHS400\train\BSMRDL\dut657.s2p,
train,BSMRDL,658,skipped,C:\ffzhzh\SyncFiles\Temp\HFSS_sim\LHS400\train\BSMRDL\dut658.s2p,
train,BSMRDL,659,skipped,C:\ffzhzh\SyncFiles\Temp\HFSS_sim\LHS400\train\BSMRDL\dut659.s2p,
train,BSMRDL,660,skipped,C:\ffzhzh\SyncFiles\Temp\HFSS_sim\LHS400\train\BSMRDL\dut660.s2p,
train,BSMRDL,661,skipped,C:\ffzhzh\SyncFiles\Temp\HFSS_sim\LHS400\train\BSMRDL\dut661.s2p,
train,BSMRDL,662,skipped,C:\ffzhzh\SyncFiles\Temp\HFSS_sim\LHS400\train\BSMRDL\dut662.s2p,
train,BSMRDL,663,skipped,C:\ffzhzh\SyncFiles\Temp\HFSS_sim\LHS400\train\BSMRDL\dut663.s2p,
train,BSMRDL,664,skipped,C:\ffzhzh\SyncFiles\Temp\HFSS_sim\LHS400\train\BSMRDL\dut664.s2p,
train,BSMRDL,665,skipped,C:\ffzhzh\SyncFiles\Temp\HFSS_sim\LHS400\train\BSMRDL\dut665.s2p,
train,BSMRDL,666,skipped,C:\ffzhzh\SyncFiles\Temp\HFSS_sim\LHS400\train\BSMRDL\dut666.s2p,
train,BSMRDL,667,skipped,C:\ffzhzh\SyncFiles\Temp\HFSS_sim\LHS400\train\BSMRDL\dut667.s2p,
train,BSMRDL,668,skipped,C:\ffzhzh\SyncFiles\Temp\HFSS_sim\LHS400\train\BSMRDL\dut668.s2p,
train,BSMRDL,669,skipped,C:\ffzhzh\SyncFiles\Temp\HFSS_sim\LHS400\train\BSMRDL\dut669.s2p,
train,BSMRDL,670,skipped,C:\ffzhzh\SyncFiles\Temp\HFSS_sim\LHS400\train\BSMRDL\dut670.s2p,
train,BSMRDL,671,skipped,C:\ffzhzh\SyncFiles\Temp\HFSS_sim\LHS400\train\BSMRDL\dut671.s2p,
train,BSMRDL,672,skipped,C:\ffzhzh\SyncFiles\Temp\HFSS_sim\LHS400\train\BSMRDL\dut672.s2p,
train,BSMRDL,673,skipped,C:\ffzhzh\SyncFiles\Temp\HFSS_sim\LHS400\train\BSMRDL\dut673.s2p,
train,BSMRDL,674,skipped,C:\ffzhzh\SyncFiles\Temp\HFSS_sim\LHS400\train\BSMRDL\dut674.s2p,
train,BSMRDL,675,skipped,C:\ffzhzh\SyncFiles\Temp\HFSS_sim\LHS400\train\BSMRDL\dut675.s2p,
train,BSMRDL,676,skipped,C:\ffzhzh\SyncFiles\Temp\HFSS_sim\LHS400\train\BSMRDL\dut676.s2p,
train,BSMRDL,677,skipped,C:\ffzhzh\SyncFiles\Temp\HFSS_sim\LHS400\train\BSMRDL\dut677.s2p,
train,BSMRDL,678,skipped,C:\ffzhzh\SyncFiles\Temp\HFSS_sim\LHS400\train\BSMRDL\dut678.s2p,
train,BSMRDL,679,skipped,C:\ffzhzh\SyncFiles\Temp\HFSS_sim\LHS400\train\BSMRDL\dut679.s2p,
train,BSMRDL,680,skipped,C:\ffzhzh\SyncFiles\Temp\HFSS_sim\LHS400\train\BSMRDL\dut680.s2p,
train,BSMRDL,681,skipped,C:\ffzhzh\SyncFiles\Temp\HFSS_sim\LHS400\train\BSMRDL\dut681.s2p,
train,BSMRDL,682,skipped,C:\ffzhzh\SyncFiles\Temp\HFSS_sim\LHS400\train\BSMRDL\dut682.s2p,
train,BSMRDL,683,skipped,C:\ffzhzh\SyncFiles\Temp\HFSS_sim\LHS400\train\BSMRDL\dut683.s2p,
train,BSMRDL,684,skipped,C:\ffzhzh\SyncFiles\Temp\HFSS_sim\LHS400\train\BSMRDL\dut684.s2p,
train,BSMRDL,685,skipped,C:\ffzhzh\SyncFiles\Temp\HFSS_sim\LHS400\train\BSMRDL\dut685.s2p,
train,BSMRDL,686,skipped,C:\ffzhzh\SyncFiles\Temp\HFSS_sim\LHS400\train\BSMRDL\dut686.s2p,
train,BSMRDL,687,skipped,C:\ffzhzh\SyncFiles\Temp\HFSS_sim\LHS400\train\BSMRDL\dut687.s2p,
train,BSMRDL,688,skipped,C:\ffzhzh\SyncFiles\Temp\HFSS_sim\LHS400\train\BSMRDL\dut688.s2p,
train,BSMRDL,689,skipped,C:\ffzhzh\SyncFiles\Temp\HFSS_sim\LHS400\train\BSMRDL\dut689.s2p,
train,BSMRDL,690,skipped,C:\ffzhzh\SyncFiles\Temp\HFSS_sim\LHS400\train\BSMRDL\dut690.s2p,
train,BSMRDL,691,skipped,C:\ffzhzh\SyncFiles\Temp\HFSS_sim\LHS400\train\BSMRDL\dut691.s2p,
train,BSMRDL,692,skipped,C:\ffzhzh\SyncFiles\Temp\HFSS_sim\LHS400\train\BSMRDL\dut692.s2p,
train,BSMRDL,693,skipped,C:\ffzhzh\SyncFiles\Temp\HFSS_sim\LHS400\train\BSMRDL\dut693.s2p,
train,BSMRDL,694,skipped,C:\ffzhzh\SyncFiles\Temp\HFSS_sim\LHS400\train\BSMRDL\dut694.s2p,
train,BSMRDL,695,skipped,C:\ffzhzh\SyncFiles\Temp\HFSS_sim\LHS400\train\BSMRDL\dut695.s2p,
train,BSMRDL,696,skipped,C:\ffzhzh\SyncFiles\Temp\HFSS_sim\LHS400\train\BSMRDL\dut696.s2p,
train,BSMRDL,697,skipped,C:\ffzhzh\SyncFiles\Temp\HFSS_sim\LHS400\train\BSMRDL\dut697.s2p,
train,BSMRDL,698,skipped,C:\ffzhzh\SyncFiles\Temp\HFSS_sim\LHS400\train\BSMRDL\dut698.s2p,
train,BSMRDL,699,skipped,C:\ffzhzh\SyncFiles\Temp\HFSS_sim\LHS400\train\BSMRDL\dut699.s2p,
train,TSV,300,skipped,C:\ffzhzh\SyncFiles\Temp\HFSS_sim\LHS400\train\TSV\dut300.s2p,
train,TSV,301,skipped,C:\ffzhzh\SyncFiles\Temp\HFSS_sim\LHS400\train\TSV\dut301.s2p,
train,TSV,302,skipped,C:\ffzhzh\SyncFiles\Temp\HFSS_sim\LHS400\train\TSV\dut302.s2p,
train,TSV,303,skipped,C:\ffzhzh\SyncFiles\Temp\HFSS_sim\LHS400\train\TSV\dut303.s2p,
train,TSV,304,skipped,C:\ffzhzh\SyncFiles\Temp\HFSS_sim\LHS400\train\TSV\dut304.s2p,
train,TSV,305,skipped,C:\ffzhzh\SyncFiles\Temp\HFSS_sim\LHS400\train\TSV\dut305.s2p,
train,TSV,306,skipped,C:\ffzhzh\SyncFiles\Temp\HFSS_sim\LHS400\train\TSV\dut306.s2p,
train,TSV,307,skipped,C:\ffzhzh\SyncFiles\Temp\HFSS_sim\LHS400\train\TSV\dut307.s2p,
train,TSV,308,skipped,C:\ffzhzh\SyncFiles\Temp\HFSS_sim\LHS400\train\TSV\dut308.s2p,
train,TSV,309,skipped,C:\ffzhzh\SyncFiles\Temp\HFSS_sim\LHS400\train\TSV\dut309.s2p,
train,TSV,310,skipped,C:\ffzhzh\SyncFiles\Temp\HFSS_sim\LHS400\train\TSV\dut310.s2p,
train,TSV,311,skipped,C:\ffzhzh\SyncFiles\Temp\HFSS_sim\LHS400\train\TSV\dut311.s2p,
train,TSV,312,skipped,C:\ffzhzh\SyncFiles\Temp\HFSS_sim\LHS400\train\TSV\dut312.s2p,
train,TSV,313,skipped,C:\ffzhzh\SyncFiles\Temp\HFSS_sim\LHS400\train\TSV\dut313.s2p,
train,TSV,314,skipped,C:\ffzhzh\SyncFiles\Temp\HFSS_sim\LHS400\train\TSV\dut314.s2p,
train,TSV,315,skipped,C:\ffzhzh\SyncFiles\Temp\HFSS_sim\LHS400\train\TSV\dut315.s2p,
train,TSV,316,skipped,C:\ffzhzh\SyncFiles\Temp\HFSS_sim\LHS400\train\TSV\dut316.s2p,
train,TSV,317,skipped,C:\ffzhzh\SyncFiles\Temp\HFSS_sim\LHS400\train\TSV\dut317.s2p,
train,TSV,318,skipped,C:\ffzhzh\SyncFiles\Temp\HFSS_sim\LHS400\train\TSV\dut318.s2p,
train,TSV,319,skipped,C:\ffzhzh\SyncFiles\Temp\HFSS_sim\LHS400\train\TSV\dut319.s2p,
train,TSV,320,skipped,C:\ffzhzh\SyncFiles\Temp\HFSS_sim\LHS400\train\TSV\dut320.s2p,
train,TSV,321,skipped,C:\ffzhzh\SyncFiles\Temp\HFSS_sim\LHS400\train\TSV\dut321.s2p,
train,TSV,322,skipped,C:\ffzhzh\SyncFiles\Temp\HFSS_sim\LHS400\train\TSV\dut322.s2p,
train,TSV,323,skipped,C:\ffzhzh\SyncFiles\Temp\HFSS_sim\LHS400\train\TSV\dut323.s2p,
train,TSV,324,skipped,C:\ffzhzh\SyncFiles\Temp\HFSS_sim\LHS400\train\TSV\dut324.s2p,
train,TSV,325,skipped,C:\ffzhzh\SyncFiles\Temp\HFSS_sim\LHS400\train\TSV\dut325.s2p,
train,TSV,326,skipped,C:\ffzhzh\SyncFiles\Temp\HFSS_sim\LHS400\train\TSV\dut326.s2p,
train,TSV,327,skipped,C:\ffzhzh\SyncFiles\Temp\HFSS_sim\LHS400\train\TSV\dut327.s2p,
train,TSV,328,skipped,C:\ffzhzh\SyncFiles\Temp\HFSS_sim\LHS400\train\TSV\dut328.s2p,
train,TSV,329,skipped,C:\ffzhzh\SyncFiles\Temp\HFSS_sim\LHS400\train\TSV\dut329.s2p,
train,TSV,330,skipped,C:\ffzhzh\SyncFiles\Temp\HFSS_sim\LHS400\train\TSV\dut330.s2p,
train,TSV,331,skipped,C:\ffzhzh\SyncFiles\Temp\HFSS_sim\LHS400\train\TSV\dut331.s2p,
train,TSV,332,skipped,C:\ffzhzh\SyncFiles\Temp\HFSS_sim\LHS400\train\TSV\dut332.s2p,
train,TSV,333,skipped,C:\ffzhzh\SyncFiles\Temp\HFSS_sim\LHS400\train\TSV\dut333.s2p,
train,TSV,334,skipped,C:\ffzhzh\SyncFiles\Temp\HFSS_sim\LHS400\train\TSV\dut334.s2p,
train,TSV,335,skipped,C:\ffzhzh\SyncFiles\Temp\HFSS_sim\LHS400\train\TSV\dut335.s2p,
train,TSV,336,skipped,C:\ffzhzh\SyncFiles\Temp\HFSS_sim\LHS400\train\TSV\dut336.s2p,
train,TSV,337,skipped,C:\ffzhzh\SyncFiles\Temp\HFSS_sim\LHS400\train\TSV\dut337.s2p,
train,TSV,338,skipped,C:\ffzhzh\SyncFiles\Temp\HFSS_sim\LHS400\train\TSV\dut338.s2p,
train,TSV,339,skipped,C:\ffzhzh\SyncFiles\Temp\HFSS_sim\LHS400\train\TSV\dut339.s2p,
train,TSV,340,skipped,C:\ffzhzh\SyncFiles\Temp\HFSS_sim\LHS400\train\TSV\dut340.s2p,
train,TSV,341,skipped,C:\ffzhzh\SyncFiles\Temp\HFSS_sim\LHS400\train\TSV\dut341.s2p,
train,TSV,342,skipped,C:\ffzhzh\SyncFiles\Temp\HFSS_sim\LHS400\train\TSV\dut342.s2p,
train,TSV,343,skipped,C:\ffzhzh\SyncFiles\Temp\HFSS_sim\LHS400\train\TSV\dut343.s2p,
train,TSV,344,skipped,C:\ffzhzh\SyncFiles\Temp\HFSS_sim\LHS400\train\TSV\dut344.s2p,
train,TSV,345,skipped,C:\ffzhzh\SyncFiles\Temp\HFSS_sim\LHS400\train\TSV\dut345.s2p,
train,TSV,346,skipped,C:\ffzhzh\SyncFiles\Temp\HFSS_sim\LHS400\train\TSV\dut346.s2p,
train,TSV,347,skipped,C:\ffzhzh\SyncFiles\Temp\HFSS_sim\LHS400\train\TSV\dut347.s2p,
train,TSV,348,skipped,C:\ffzhzh\SyncFiles\Temp\HFSS_sim\LHS400\train\TSV\dut348.s2p,
train,TSV,349,skipped,C:\ffzhzh\SyncFiles\Temp\HFSS_sim\LHS400\train\TSV\dut349.s2p,
train,TSV,350,skipped,C:\ffzhzh\SyncFiles\Temp\HFSS_sim\LHS400\train\TSV\dut350.s2p,
train,TSV,351,skipped,C:\ffzhzh\SyncFiles\Temp\HFSS_sim\LHS400\train\TSV\dut351.s2p,
train,TSV,352,skipped,C:\ffzhzh\SyncFiles\Temp\HFSS_sim\LHS400\train\TSV\dut352.s2p,
train,TSV,353,skipped,C:\ffzhzh\SyncFiles\Temp\HFSS_sim\LHS400\train\TSV\dut353.s2p,
train,TSV,354,skipped,C:\ffzhzh\SyncFiles\Temp\HFSS_sim\LHS400\train\TSV\dut354.s2p,
train,TSV,355,skipped,C:\ffzhzh\SyncFiles\Temp\HFSS_sim\LHS400\train\TSV\dut355.s2p,
train,TSV,356,skipped,C:\ffzhzh\SyncFiles\Temp\HFSS_sim\LHS400\train\TSV\dut356.s2p,
train,TSV,357,skipped,C:\ffzhzh\SyncFiles\Temp\HFSS_sim\LHS400\train\TSV\dut357.s2p,
train,TSV,358,skipped,C:\ffzhzh\SyncFiles\Temp\HFSS_sim\LHS400\train\TSV\dut358.s2p,
train,TSV,359,skipped,C:\ffzhzh\SyncFiles\Temp\HFSS_sim\LHS400\train\TSV\dut359.s2p,
train,TSV,360,skipped,C:\ffzhzh\SyncFiles\Temp\HFSS_sim\LHS400\train\TSV\dut360.s2p,
train,TSV,361,skipped,C:\ffzhzh\SyncFiles\Temp\HFSS_sim\LHS400\train\TSV\dut361.s2p,
train,TSV,362,skipped,C:\ffzhzh\SyncFiles\Temp\HFSS_sim\LHS400\train\TSV\dut362.s2p,
train,TSV,363,skipped,C:\ffzhzh\SyncFiles\Temp\HFSS_sim\LHS400\train\TSV\dut363.s2p,
train,TSV,364,skipped,C:\ffzhzh\SyncFiles\Temp\HFSS_sim\LHS400\train\TSV\dut364.s2p,
train,TSV,365,skipped,C:\ffzhzh\SyncFiles\Temp\HFSS_sim\LHS400\train\TSV\dut365.s2p,
train,TSV,366,skipped,C:\ffzhzh\SyncFiles\Temp\HFSS_sim\LHS400\train\TSV\dut366.s2p,
train,TSV,367,skipped,C:\ffzhzh\SyncFiles\Temp\HFSS_sim\LHS400\train\TSV\dut367.s2p,
train,TSV,368,skipped,C:\ffzhzh\SyncFiles\Temp\HFSS_sim\LHS400\train\TSV\dut368.s2p,
train,TSV,369,skipped,C:\ffzhzh\SyncFiles\Temp\HFSS_sim\LHS400\train\TSV\dut369.s2p,
train,TSV,370,skipped,C:\ffzhzh\SyncFiles\Temp\HFSS_sim\LHS400\train\TSV\dut370.s2p,
train,TSV,371,skipped,C:\ffzhzh\SyncFiles\Temp\HFSS_sim\LHS400\train\TSV\dut371.s2p,
train,TSV,372,skipped,C:\ffzhzh\SyncFiles\Temp\HFSS_sim\LHS400\train\TSV\dut372.s2p,
train,TSV,373,skipped,C:\ffzhzh\SyncFiles\Temp\HFSS_sim\LHS400\train\TSV\dut373.s2p,
train,TSV,374,skipped,C:\ffzhzh\SyncFiles\Temp\HFSS_sim\LHS400\train\TSV\dut374.s2p,
train,TSV,375,skipped,C:\ffzhzh\SyncFiles\Temp\HFSS_sim\LHS400\train\TSV\dut375.s2p,
train,TSV,376,skipped,C:\ffzhzh\SyncFiles\Temp\HFSS_sim\LHS400\train\TSV\dut376.s2p,
train,TSV,377,skipped,C:\ffzhzh\SyncFiles\Temp\HFSS_sim\LHS400\train\TSV\dut377.s2p,
train,TSV,378,skipped,C:\ffzhzh\SyncFiles\Temp\HFSS_sim\LHS400\train\TSV\dut378.s2p,
train,TSV,379,skipped,C:\ffzhzh\SyncFiles\Temp\HFSS_sim\LHS400\train\TSV\dut379.s2p,
train,TSV,380,skipped,C:\ffzhzh\SyncFiles\Temp\HFSS_sim\LHS400\train\TSV\dut380.s2p,
train,TSV,381,skipped,C:\ffzhzh\SyncFiles\Temp\HFSS_sim\LHS400\train\TSV\dut381.s2p,
train,TSV,382,skipped,C:\ffzhzh\SyncFiles\Temp\HFSS_sim\LHS400\train\TSV\dut382.s2p,
train,TSV,383,skipped,C:\ffzhzh\SyncFiles\Temp\HFSS_sim\LHS400\train\TSV\dut383.s2p,
train,TSV,384,skipped,C:\ffzhzh\SyncFiles\Temp\HFSS_sim\LHS400\train\TSV\dut384.s2p,
train,TSV,385,skipped,C:\ffzhzh\SyncFiles\Temp\HFSS_sim\LHS400\train\TSV\dut385.s2p,
train,TSV,386,skipped,C:\ffzhzh\SyncFiles\Temp\HFSS_sim\LHS400\train\TSV\dut386.s2p,
train,TSV,387,skipped,C:\ffzhzh\SyncFiles\Temp\HFSS_sim\LHS400\train\TSV\dut387.s2p,
train,TSV,388,skipped,C:\ffzhzh\SyncFiles\Temp\HFSS_sim\LHS400\train\TSV\dut388.s2p,
train,TSV,389,skipped,C:\ffzhzh\SyncFiles\Temp\HFSS_sim\LHS400\train\TSV\dut389.s2p,
train,TSV,390,skipped,C:\ffzhzh\SyncFiles\Temp\HFSS_sim\LHS400\train\TSV\dut390.s2p,
train,TSV,391,skipped,C:\ffzhzh\SyncFiles\Temp\HFSS_sim\LHS400\train\TSV\dut391.s2p,
train,TSV,392,skipped,C:\ffzhzh\SyncFiles\Temp\HFSS_sim\LHS400\train\TSV\dut392.s2p,
train,TSV,393,skipped,C:\ffzhzh\SyncFiles\Temp\HFSS_sim\LHS400\train\TSV\dut393.s2p,
train,TSV,394,skipped,C:\ffzhzh\SyncFiles\Temp\HFSS_sim\LHS400\train\TSV\dut394.s2p,
train,TSV,395,skipped,C:\ffzhzh\SyncFiles\Temp\HFSS_sim\LHS400\train\TSV\dut395.s2p,
train,TSV,396,skipped,C:\ffzhzh\SyncFiles\Temp\HFSS_sim\LHS400\train\TSV\dut396.s2p,
train,TSV,397,skipped,C:\ffzhzh\SyncFiles\Temp\HFSS_sim\LHS400\train\TSV\dut397.s2p,
train,TSV,398,skipped,C:\ffzhzh\SyncFiles\Temp\HFSS_sim\LHS400\train\TSV\dut398.s2p,
train,TSV,399,skipped,C:\ffzhzh\SyncFiles\Temp\HFSS_sim\LHS400\train\TSV\dut399.s2p,
train,TSV,400,skipped,C:\ffzhzh\SyncFiles\Temp\HFSS_sim\LHS400\train\TSV\dut400.s2p,
train,TSV,401,skipped,C:\ffzhzh\SyncFiles\Temp\HFSS_sim\LHS400\train\TSV\dut401.s2p,
train,TSV,402,skipped,C:\ffzhzh\SyncFiles\Temp\HFSS_sim\LHS400\train\TSV\dut402.s2p,
train,TSV,403,skipped,C:\ffzhzh\SyncFiles\Temp\HFSS_sim\LHS400\train\TSV\dut403.s2p,
train,TSV,404,completed,C:\ffzhzh\SyncFiles\Temp\HFSS_sim\LHS400\train\TSV\dut404.s2p,
train,TSV,405,skipped,C:\ffzhzh\SyncFiles\Temp\HFSS_sim\LHS400\train\TSV\dut405.s2p,
train,TSV,406,skipped,C:\ffzhzh\SyncFiles\Temp\HFSS_sim\LHS400\train\TSV\dut406.s2p,
train,TSV,407,skipped,C:\ffzhzh\SyncFiles\Temp\HFSS_sim\LHS400\train\TSV\dut407.s2p,
train,TSV,408,skipped,C:\ffzhzh\SyncFiles\Temp\HFSS_sim\LHS400\train\TSV\dut408.s2p,
train,TSV,409,skipped,C:\ffzhzh\SyncFiles\Temp\HFSS_sim\LHS400\train\TSV\dut409.s2p,
train,TSV,410,skipped,C:\ffzhzh\SyncFiles\Temp\HFSS_sim\LHS400\train\TSV\dut410.s2p,
train,TSV,411,skipped,C:\ffzhzh\SyncFiles\Temp\HFSS_sim\LHS400\train\TSV\dut411.s2p,
train,TSV,412,skipped,C:\ffzhzh\SyncFiles\Temp\HFSS_sim\LHS400\train\TSV\dut412.s2p,
train,TSV,413,skipped,C:\ffzhzh\SyncFiles\Temp\HFSS_sim\LHS400\train\TSV\dut413.s2p,
train,TSV,414,skipped,C:\ffzhzh\SyncFiles\Temp\HFSS_sim\LHS400\train\TSV\dut414.s2p,
train,TSV,415,skipped,C:\ffzhzh\SyncFiles\Temp\HFSS_sim\LHS400\train\TSV\dut415.s2p,
train,TSV,416,skipped,C:\ffzhzh\SyncFiles\Temp\HFSS_sim\LHS400\train\TSV\dut416.s2p,
train,TSV,417,skipped,C:\ffzhzh\SyncFiles\Temp\HFSS_sim\LHS400\train\TSV\dut417.s2p,
train,TSV,418,skipped,C:\ffzhzh\SyncFiles\Temp\HFSS_sim\LHS400\train\TSV\dut418.s2p,
train,TSV,419,skipped,C:\ffzhzh\SyncFiles\Temp\HFSS_sim\LHS400\train\TSV\dut419.s2p,
train,TSV,420,skipped,C:\ffzhzh\SyncFiles\Temp\HFSS_sim\LHS400\train\TSV\dut420.s2p,
train,TSV,421,skipped,C:\ffzhzh\SyncFiles\Temp\HFSS_sim\LHS400\train\TSV\dut421.s2p,
train,TSV,422,skipped,C:\ffzhzh\SyncFiles\Temp\HFSS_sim\LHS400\train\TSV\dut422.s2p,
train,TSV,423,skipped,C:\ffzhzh\SyncFiles\Temp\HFSS_sim\LHS400\train\TSV\dut423.s2p,
train,TSV,424,skipped,C:\ffzhzh\SyncFiles\Temp\HFSS_sim\LHS400\train\TSV\dut424.s2p,
train,TSV,425,skipped,C:\ffzhzh\SyncFiles\Temp\HFSS_sim\LHS400\train\TSV\dut425.s2p,
train,TSV,426,skipped,C:\ffzhzh\SyncFiles\Temp\HFSS_sim\LHS400\train\TSV\dut426.s2p,
train,TSV,427,skipped,C:\ffzhzh\SyncFiles\Temp\HFSS_sim\LHS400\train\TSV\dut427.s2p,
train,TSV,428,skipped,C:\ffzhzh\SyncFiles\Temp\HFSS_sim\LHS400\train\TSV\dut428.s2p,
train,TSV,429,skipped,C:\ffzhzh\SyncFiles\Temp\HFSS_sim\LHS400\train\TSV\dut429.s2p,
train,TSV,430,skipped,C:\ffzhzh\SyncFiles\Temp\HFSS_sim\LHS400\train\TSV\dut430.s2p,
train,TSV,431,skipped,C:\ffzhzh\SyncFiles\Temp\HFSS_sim\LHS400\train\TSV\dut431.s2p,
train,TSV,432,skipped,C:\ffzhzh\SyncFiles\Temp\HFSS_sim\LHS400\train\TSV\dut432.s2p,
train,TSV,433,skipped,C:\ffzhzh\SyncFiles\Temp\HFSS_sim\LHS400\train\TSV\dut433.s2p,
train,TSV,434,skipped,C:\ffzhzh\SyncFiles\Temp\HFSS_sim\LHS400\train\TSV\dut434.s2p,
train,TSV,435,skipped,C:\ffzhzh\SyncFiles\Temp\HFSS_sim\LHS400\train\TSV\dut435.s2p,
train,TSV,436,skipped,C:\ffzhzh\SyncFiles\Temp\HFSS_sim\LHS400\train\TSV\dut436.s2p,
train,TSV,437,skipped,C:\ffzhzh\SyncFiles\Temp\HFSS_sim\LHS400\train\TSV\dut437.s2p,
train,TSV,438,skipped,C:\ffzhzh\SyncFiles\Temp\HFSS_sim\LHS400\train\TSV\dut438.s2p,
train,TSV,439,skipped,C:\ffzhzh\SyncFiles\Temp\HFSS_sim\LHS400\train\TSV\dut439.s2p,
train,TSV,440,skipped,C:\ffzhzh\SyncFiles\Temp\HFSS_sim\LHS400\train\TSV\dut440.s2p,
train,TSV,441,skipped,C:\ffzhzh\SyncFiles\Temp\HFSS_sim\LHS400\train\TSV\dut441.s2p,
train,TSV,442,skipped,C:\ffzhzh\SyncFiles\Temp\HFSS_sim\LHS400\train\TSV\dut442.s2p,
train,TSV,443,skipped,C:\ffzhzh\SyncFiles\Temp\HFSS_sim\LHS400\train\TSV\dut443.s2p,
train,TSV,444,skipped,C:\ffzhzh\SyncFiles\Temp\HFSS_sim\LHS400\train\TSV\dut444.s2p,
train,TSV,445,skipped,C:\ffzhzh\SyncFiles\Temp\HFSS_sim\LHS400\train\TSV\dut445.s2p,
train,TSV,446,skipped,C:\ffzhzh\SyncFiles\Temp\HFSS_sim\LHS400\train\TSV\dut446.s2p,
train,TSV,447,skipped,C:\ffzhzh\SyncFiles\Temp\HFSS_sim\LHS400\train\TSV\dut447.s2p,
train,TSV,448,skipped,C:\ffzhzh\SyncFiles\Temp\HFSS_sim\LHS400\train\TSV\dut448.s2p,
train,TSV,449,skipped,C:\ffzhzh\SyncFiles\Temp\HFSS_sim\LHS400\train\TSV\dut449.s2p,
train,TSV,450,skipped,C:\ffzhzh\SyncFiles\Temp\HFSS_sim\LHS400\train\TSV\dut450.s2p,
train,TSV,451,skipped,C:\ffzhzh\SyncFiles\Temp\HFSS_sim\LHS400\train\TSV\dut451.s2p,
train,TSV,452,skipped,C:\ffzhzh\SyncFiles\Temp\HFSS_sim\LHS400\train\TSV\dut452.s2p,
train,TSV,453,skipped,C:\ffzhzh\SyncFiles\Temp\HFSS_sim\LHS400\train\TSV\dut453.s2p,
train,TSV,454,skipped,C:\ffzhzh\SyncFiles\Temp\HFSS_sim\LHS400\train\TSV\dut454.s2p,
train,TSV,455,skipped,C:\ffzhzh\SyncFiles\Temp\HFSS_sim\LHS400\train\TSV\dut455.s2p,
train,TSV,456,skipped,C:\ffzhzh\SyncFiles\Temp\HFSS_sim\LHS400\train\TSV\dut456.s2p,
train,TSV,457,skipped,C:\ffzhzh\SyncFiles\Temp\HFSS_sim\LHS400\train\TSV\dut457.s2p,
train,TSV,458,skipped,C:\ffzhzh\SyncFiles\Temp\HFSS_sim\LHS400\train\TSV\dut458.s2p,
train,TSV,459,skipped,C:\ffzhzh\SyncFiles\Temp\HFSS_sim\LHS400\train\TSV\dut459.s2p,
train,TSV,460,skipped,C:\ffzhzh\SyncFiles\Temp\HFSS_sim\LHS400\train\TSV\dut460.s2p,
train,TSV,461,skipped,C:\ffzhzh\SyncFiles\Temp\HFSS_sim\LHS400\train\TSV\dut461.s2p,
train,TSV,462,skipped,C:\ffzhzh\SyncFiles\Temp\HFSS_sim\LHS400\train\TSV\dut462.s2p,
train,TSV,463,skipped,C:\ffzhzh\SyncFiles\Temp\HFSS_sim\LHS400\train\TSV\dut463.s2p,
train,TSV,464,skipped,C:\ffzhzh\SyncFiles\Temp\HFSS_sim\LHS400\train\TSV\dut464.s2p,
train,TSV,465,skipped,C:\ffzhzh\SyncFiles\Temp\HFSS_sim\LHS400\train\TSV\dut465.s2p,
train,TSV,466,skipped,C:\ffzhzh\SyncFiles\Temp\HFSS_sim\LHS400\train\TSV\dut466.s2p,
train,TSV,467,skipped,C:\ffzhzh\SyncFiles\Temp\HFSS_sim\LHS400\train\TSV\dut467.s2p,
train,TSV,468,skipped,C:\ffzhzh\SyncFiles\Temp\HFSS_sim\LHS400\train\TSV\dut468.s2p,
train,TSV,469,skipped,C:\ffzhzh\SyncFiles\Temp\HFSS_sim\LHS400\train\TSV\dut469.s2p,
train,TSV,470,skipped,C:\ffzhzh\SyncFiles\Temp\HFSS_sim\LHS400\train\TSV\dut470.s2p,
train,TSV,471,skipped,C:\ffzhzh\SyncFiles\Temp\HFSS_sim\LHS400\train\TSV\dut471.s2p,
train,TSV,472,skipped,C:\ffzhzh\SyncFiles\Temp\HFSS_sim\LHS400\train\TSV\dut472.s2p,
train,TSV,473,skipped,C:\ffzhzh\SyncFiles\Temp\HFSS_sim\LHS400\train\TSV\dut473.s2p,
train,TSV,474,skipped,C:\ffzhzh\SyncFiles\Temp\HFSS_sim\LHS400\train\TSV\dut474.s2p,
train,TSV,475,skipped,C:\ffzhzh\SyncFiles\Temp\HFSS_sim\LHS400\train\TSV\dut475.s2p,
train,TSV,476,skipped,C:\ffzhzh\SyncFiles\Temp\HFSS_sim\LHS400\train\TSV\dut476.s2p,
train,TSV,477,skipped,C:\ffzhzh\SyncFiles\Temp\HFSS_sim\LHS400\train\TSV\dut477.s2p,
train,TSV,478,skipped,C:\ffzhzh\SyncFiles\Temp\HFSS_sim\LHS400\train\TSV\dut478.s2p,
train,TSV,479,skipped,C:\ffzhzh\SyncFiles\Temp\HFSS_sim\LHS400\train\TSV\dut479.s2p,
train,TSV,480,skipped,C:\ffzhzh\SyncFiles\Temp\HFSS_sim\LHS400\train\TSV\dut480.s2p,
train,TSV,481,skipped,C:\ffzhzh\SyncFiles\Temp\HFSS_sim\LHS400\train\TSV\dut481.s2p,
train,TSV,482,skipped,C:\ffzhzh\SyncFiles\Temp\HFSS_sim\LHS400\train\TSV\dut482.s2p,
train,TSV,483,skipped,C:\ffzhzh\SyncFiles\Temp\HFSS_sim\LHS400\train\TSV\dut483.s2p,
train,TSV,484,skipped,C:\ffzhzh\SyncFiles\Temp\HFSS_sim\LHS400\train\TSV\dut484.s2p,
train,TSV,485,skipped,C:\ffzhzh\SyncFiles\Temp\HFSS_sim\LHS400\train\TSV\dut485.s2p,
train,TSV,486,skipped,C:\ffzhzh\SyncFiles\Temp\HFSS_sim\LHS400\train\TSV\dut486.s2p,
train,TSV,487,skipped,C:\ffzhzh\SyncFiles\Temp\HFSS_sim\LHS400\train\TSV\dut487.s2p,
train,TSV,488,skipped,C:\ffzhzh\SyncFiles\Temp\HFSS_sim\LHS400\train\TSV\dut488.s2p,
train,TSV,489,skipped,C:\ffzhzh\SyncFiles\Temp\HFSS_sim\LHS400\train\TSV\dut489.s2p,
train,TSV,490,skipped,C:\ffzhzh\SyncFiles\Temp\HFSS_sim\LHS400\train\TSV\dut490.s2p,
train,TSV,491,skipped,C:\ffzhzh\SyncFiles\Temp\HFSS_sim\LHS400\train\TSV\dut491.s2p,
train,TSV,492,skipped,C:\ffzhzh\SyncFiles\Temp\HFSS_sim\LHS400\train\TSV\dut492.s2p,
train,TSV,493,skipped,C:\ffzhzh\SyncFiles\Temp\HFSS_sim\LHS400\train\TSV\dut493.s2p,
train,TSV,494,skipped,C:\ffzhzh\SyncFiles\Temp\HFSS_sim\LHS400\train\TSV\dut494.s2p,
train,TSV,495,skipped,C:\ffzhzh\SyncFiles\Temp\HFSS_sim\LHS400\train\TSV\dut495.s2p,
train,TSV,496,skipped,C:\ffzhzh\SyncFiles\Temp\HFSS_sim\LHS400\train\TSV\dut496.s2p,
train,TSV,497,skipped,C:\ffzhzh\SyncFiles\Temp\HFSS_sim\LHS400\train\TSV\dut497.s2p,
train,TSV,498,skipped,C:\ffzhzh\SyncFiles\Temp\HFSS_sim\LHS400\train\TSV\dut498.s2p,
train,TSV,499,skipped,C:\ffzhzh\SyncFiles\Temp\HFSS_sim\LHS400\train\TSV\dut499.s2p,
train,TSV,500,skipped,C:\ffzhzh\SyncFiles\Temp\HFSS_sim\LHS400\train\TSV\dut500.s2p,
train,TSV,501,skipped,C:\ffzhzh\SyncFiles\Temp\HFSS_sim\LHS400\train\TSV\dut501.s2p,
train,TSV,502,skipped,C:\ffzhzh\SyncFiles\Temp\HFSS_sim\LHS400\train\TSV\dut502.s2p,
train,TSV,503,skipped,C:\ffzhzh\SyncFiles\Temp\HFSS_sim\LHS400\train\TSV\dut503.s2p,
train,TSV,504,skipped,C:\ffzhzh\SyncFiles\Temp\HFSS_sim\LHS400\train\TSV\dut504.s2p,
train,TSV,505,skipped,C:\ffzhzh\SyncFiles\Temp\HFSS_sim\LHS400\train\TSV\dut505.s2p,
train,TSV,506,skipped,C:\ffzhzh\SyncFiles\Temp\HFSS_sim\LHS400\train\TSV\dut506.s2p,
train,TSV,507,skipped,C:\ffzhzh\SyncFiles\Temp\HFSS_sim\LHS400\train\TSV\dut507.s2p,
train,TSV,508,skipped,C:\ffzhzh\SyncFiles\Temp\HFSS_sim\LHS400\train\TSV\dut508.s2p,
train,TSV,509,skipped,C:\ffzhzh\SyncFiles\Temp\HFSS_sim\LHS400\train\TSV\dut509.s2p,
train,TSV,510,skipped,C:\ffzhzh\SyncFiles\Temp\HFSS_sim\LHS400\train\TSV\dut510.s2p,
train,TSV,511,skipped,C:\ffzhzh\SyncFiles\Temp\HFSS_sim\LHS400\train\TSV\dut511.s2p,
train,TSV,512,skipped,C:\ffzhzh\SyncFiles\Temp\HFSS_sim\LHS400\train\TSV\dut512.s2p,
train,TSV,513,skipped,C:\ffzhzh\SyncFiles\Temp\HFSS_sim\LHS400\train\TSV\dut513.s2p,
train,TSV,514,skipped,C:\ffzhzh\SyncFiles\Temp\HFSS_sim\LHS400\train\TSV\dut514.s2p,
train,TSV,515,skipped,C:\ffzhzh\SyncFiles\Temp\HFSS_sim\LHS400\train\TSV\dut515.s2p,
train,TSV,516,skipped,C:\ffzhzh\SyncFiles\Temp\HFSS_sim\LHS400\train\TSV\dut516.s2p,
train,TSV,517,skipped,C:\ffzhzh\SyncFiles\Temp\HFSS_sim\LHS400\train\TSV\dut517.s2p,
train,TSV,518,skipped,C:\ffzhzh\SyncFiles\Temp\HFSS_sim\LHS400\train\TSV\dut518.s2p,
train,TSV,519,skipped,C:\ffzhzh\SyncFiles\Temp\HFSS_sim\LHS400\train\TSV\dut519.s2p,
train,TSV,520,skipped,C:\ffzhzh\SyncFiles\Temp\HFSS_sim\LHS400\train\TSV\dut520.s2p,
train,TSV,521,skipped,C:\ffzhzh\SyncFiles\Temp\HFSS_sim\LHS400\train\TSV\dut521.s2p,
train,TSV,522,skipped,C:\ffzhzh\SyncFiles\Temp\HFSS_sim\LHS400\train\TSV\dut522.s2p,
train,TSV,523,skipped,C:\ffzhzh\SyncFiles\Temp\HFSS_sim\LHS400\train\TSV\dut523.s2p,
train,TSV,524,skipped,C:\ffzhzh\SyncFiles\Temp\HFSS_sim\LHS400\train\TSV\dut524.s2p,
train,TSV,525,skipped,C:\ffzhzh\SyncFiles\Temp\HFSS_sim\LHS400\train\TSV\dut525.s2p,
train,TSV,526,skipped,C:\ffzhzh\SyncFiles\Temp\HFSS_sim\LHS400\train\TSV\dut526.s2p,
train,TSV,527,skipped,C:\ffzhzh\SyncFiles\Temp\HFSS_sim\LHS400\train\TSV\dut527.s2p,
train,TSV,528,skipped,C:\ffzhzh\SyncFiles\Temp\HFSS_sim\LHS400\train\TSV\dut528.s2p,
train,TSV,529,skipped,C:\ffzhzh\SyncFiles\Temp\HFSS_sim\LHS400\train\TSV\dut529.s2p,
train,TSV,530,skipped,C:\ffzhzh\SyncFiles\Temp\HFSS_sim\LHS400\train\TSV\dut530.s2p,
train,TSV,531,skipped,C:\ffzhzh\SyncFiles\Temp\HFSS_sim\LHS400\train\TSV\dut531.s2p,
train,TSV,532,skipped,C:\ffzhzh\SyncFiles\Temp\HFSS_sim\LHS400\train\TSV\dut532.s2p,
train,TSV,533,skipped,C:\ffzhzh\SyncFiles\Temp\HFSS_sim\LHS400\train\TSV\dut533.s2p,
train,TSV,534,skipped,C:\ffzhzh\SyncFiles\Temp\HFSS_sim\LHS400\train\TSV\dut534.s2p,
train,TSV,535,skipped,C:\ffzhzh\SyncFiles\Temp\HFSS_sim\LHS400\train\TSV\dut535.s2p,
train,TSV,536,skipped,C:\ffzhzh\SyncFiles\Temp\HFSS_sim\LHS400\train\TSV\dut536.s2p,
train,TSV,537,skipped,C:\ffzhzh\SyncFiles\Temp\HFSS_sim\LHS400\train\TSV\dut537.s2p,
train,TSV,538,skipped,C:\ffzhzh\SyncFiles\Temp\HFSS_sim\LHS400\train\TSV\dut538.s2p,
train,TSV,539,skipped,C:\ffzhzh\SyncFiles\Temp\HFSS_sim\LHS400\train\TSV\dut539.s2p,
train,TSV,540,skipped,C:\ffzhzh\SyncFiles\Temp\HFSS_sim\LHS400\train\TSV\dut540.s2p,
train,TSV,541,skipped,C:\ffzhzh\SyncFiles\Temp\HFSS_sim\LHS400\train\TSV\dut541.s2p,
train,TSV,542,skipped,C:\ffzhzh\SyncFiles\Temp\HFSS_sim\LHS400\train\TSV\dut542.s2p,
train,TSV,543,skipped,C:\ffzhzh\SyncFiles\Temp\HFSS_sim\LHS400\train\TSV\dut543.s2p,
train,TSV,544,skipped,C:\ffzhzh\SyncFiles\Temp\HFSS_sim\LHS400\train\TSV\dut544.s2p,
train,TSV,545,skipped,C:\ffzhzh\SyncFiles\Temp\HFSS_sim\LHS400\train\TSV\dut545.s2p,
train,TSV,546,skipped,C:\ffzhzh\SyncFiles\Temp\HFSS_sim\LHS400\train\TSV\dut546.s2p,
train,TSV,547,skipped,C:\ffzhzh\SyncFiles\Temp\HFSS_sim\LHS400\train\TSV\dut547.s2p,
train,TSV,548,skipped,C:\ffzhzh\SyncFiles\Temp\HFSS_sim\LHS400\train\TSV\dut548.s2p,
train,TSV,549,skipped,C:\ffzhzh\SyncFiles\Temp\HFSS_sim\LHS400\train\TSV\dut549.s2p,
train,TSV,550,skipped,C:\ffzhzh\SyncFiles\Temp\HFSS_sim\LHS400\train\TSV\dut550.s2p,
train,TSV,551,skipped,C:\ffzhzh\SyncFiles\Temp\HFSS_sim\LHS400\train\TSV\dut551.s2p,
train,TSV,552,skipped,C:\ffzhzh\SyncFiles\Temp\HFSS_sim\LHS400\train\TSV\dut552.s2p,
train,TSV,553,skipped,C:\ffzhzh\SyncFiles\Temp\HFSS_sim\LHS400\train\TSV\dut553.s2p,
train,TSV,554,skipped,C:\ffzhzh\SyncFiles\Temp\HFSS_sim\LHS400\train\TSV\dut554.s2p,
train,TSV,555,skipped,C:\ffzhzh\SyncFiles\Temp\HFSS_sim\LHS400\train\TSV\dut555.s2p,
train,TSV,556,skipped,C:\ffzhzh\SyncFiles\Temp\HFSS_sim\LHS400\train\TSV\dut556.s2p,
train,TSV,557,skipped,C:\ffzhzh\SyncFiles\Temp\HFSS_sim\LHS400\train\TSV\dut557.s2p,
train,TSV,558,skipped,C:\ffzhzh\SyncFiles\Temp\HFSS_sim\LHS400\train\TSV\dut558.s2p,
train,TSV,559,skipped,C:\ffzhzh\SyncFiles\Temp\HFSS_sim\LHS400\train\TSV\dut559.s2p,
train,TSV,560,skipped,C:\ffzhzh\SyncFiles\Temp\HFSS_sim\LHS400\train\TSV\dut560.s2p,
train,TSV,561,skipped,C:\ffzhzh\SyncFiles\Temp\HFSS_sim\LHS400\train\TSV\dut561.s2p,
train,TSV,562,skipped,C:\ffzhzh\SyncFiles\Temp\HFSS_sim\LHS400\train\TSV\dut562.s2p,
train,TSV,563,skipped,C:\ffzhzh\SyncFiles\Temp\HFSS_sim\LHS400\train\TSV\dut563.s2p,
train,TSV,564,skipped,C:\ffzhzh\SyncFiles\Temp\HFSS_sim\LHS400\train\TSV\dut564.s2p,
train,TSV,565,skipped,C:\ffzhzh\SyncFiles\Temp\HFSS_sim\LHS400\train\TSV\dut565.s2p,
train,TSV,566,skipped,C:\ffzhzh\SyncFiles\Temp\HFSS_sim\LHS400\train\TSV\dut566.s2p,
train,TSV,567,skipped,C:\ffzhzh\SyncFiles\Temp\HFSS_sim\LHS400\train\TSV\dut567.s2p,
train,TSV,568,skipped,C:\ffzhzh\SyncFiles\Temp\HFSS_sim\LHS400\train\TSV\dut568.s2p,
train,TSV,569,skipped,C:\ffzhzh\SyncFiles\Temp\HFSS_sim\LHS400\train\TSV\dut569.s2p,
train,TSV,570,skipped,C:\ffzhzh\SyncFiles\Temp\HFSS_sim\LHS400\train\TSV\dut570.s2p,
train,TSV,571,skipped,C:\ffzhzh\SyncFiles\Temp\HFSS_sim\LHS400\train\TSV\dut571.s2p,
train,TSV,572,skipped,C:\ffzhzh\SyncFiles\Temp\HFSS_sim\LHS400\train\TSV\dut572.s2p,
train,TSV,573,skipped,C:\ffzhzh\SyncFiles\Temp\HFSS_sim\LHS400\train\TSV\dut573.s2p,
train,TSV,574,skipped,C:\ffzhzh\SyncFiles\Temp\HFSS_sim\LHS400\train\TSV\dut574.s2p,
train,TSV,575,skipped,C:\ffzhzh\SyncFiles\Temp\HFSS_sim\LHS400\train\TSV\dut575.s2p,
train,TSV,576,skipped,C:\ffzhzh\SyncFiles\Temp\HFSS_sim\LHS400\train\TSV\dut576.s2p,
train,TSV,577,skipped,C:\ffzhzh\SyncFiles\Temp\HFSS_sim\LHS400\train\TSV\dut577.s2p,
train,TSV,578,skipped,C:\ffzhzh\SyncFiles\Temp\HFSS_sim\LHS400\train\TSV\dut578.s2p,
train,TSV,579,skipped,C:\ffzhzh\SyncFiles\Temp\HFSS_sim\LHS400\train\TSV\dut579.s2p,
train,TSV,580,skipped,C:\ffzhzh\SyncFiles\Temp\HFSS_sim\LHS400\train\TSV\dut580.s2p,
train,TSV,581,skipped,C:\ffzhzh\SyncFiles\Temp\HFSS_sim\LHS400\train\TSV\dut581.s2p,
train,TSV,582,skipped,C:\ffzhzh\SyncFiles\Temp\HFSS_sim\LHS400\train\TSV\dut582.s2p,
train,TSV,583,skipped,C:\ffzhzh\SyncFiles\Temp\HFSS_sim\LHS400\train\TSV\dut583.s2p,
train,TSV,584,skipped,C:\ffzhzh\SyncFiles\Temp\HFSS_sim\LHS400\train\TSV\dut584.s2p,
train,TSV,585,skipped,C:\ffzhzh\SyncFiles\Temp\HFSS_sim\LHS400\train\TSV\dut585.s2p,
train,TSV,586,skipped,C:\ffzhzh\SyncFiles\Temp\HFSS_sim\LHS400\train\TSV\dut586.s2p,
train,TSV,587,skipped,C:\ffzhzh\SyncFiles\Temp\HFSS_sim\LHS400\train\TSV\dut587.s2p,
train,TSV,588,skipped,C:\ffzhzh\SyncFiles\Temp\HFSS_sim\LHS400\train\TSV\dut588.s2p,
train,TSV,589,skipped,C:\ffzhzh\SyncFiles\Temp\HFSS_sim\LHS400\train\TSV\dut589.s2p,
train,TSV,590,skipped,C:\ffzhzh\SyncFiles\Temp\HFSS_sim\LHS400\train\TSV\dut590.s2p,
train,TSV,591,skipped,C:\ffzhzh\SyncFiles\Temp\HFSS_sim\LHS400\train\TSV\dut591.s2p,
train,TSV,592,skipped,C:\ffzhzh\SyncFiles\Temp\HFSS_sim\LHS400\train\TSV\dut592.s2p,
train,TSV,593,skipped,C:\ffzhzh\SyncFiles\Temp\HFSS_sim\LHS400\train\TSV\dut593.s2p,
train,TSV,594,skipped,C:\ffzhzh\SyncFiles\Temp\HFSS_sim\LHS400\train\TSV\dut594.s2p,
train,TSV,595,skipped,C:\ffzhzh\SyncFiles\Temp\HFSS_sim\LHS400\train\TSV\dut595.s2p,
train,TSV,596,skipped,C:\ffzhzh\SyncFiles\Temp\HFSS_sim\LHS400\train\TSV\dut596.s2p,
train,TSV,597,skipped,C:\ffzhzh\SyncFiles\Temp\HFSS_sim\LHS400\train\TSV\dut597.s2p,
train,TSV,598,skipped,C:\ffzhzh\SyncFiles\Temp\HFSS_sim\LHS400\train\TSV\dut598.s2p,
train,TSV,599,skipped,C:\ffzhzh\SyncFiles\Temp\HFSS_sim\LHS400\train\TSV\dut599.s2p,
train,TSV,600,skipped,C:\ffzhzh\SyncFiles\Temp\HFSS_sim\LHS400\train\TSV\dut600.s2p,
train,TSV,601,skipped,C:\ffzhzh\SyncFiles\Temp\HFSS_sim\LHS400\train\TSV\dut601.s2p,
train,TSV,602,skipped,C:\ffzhzh\SyncFiles\Temp\HFSS_sim\LHS400\train\TSV\dut602.s2p,
train,TSV,603,skipped,C:\ffzhzh\SyncFiles\Temp\HFSS_sim\LHS400\train\TSV\dut603.s2p,
train,TSV,604,skipped,C:\ffzhzh\SyncFiles\Temp\HFSS_sim\LHS400\train\TSV\dut604.s2p,
train,TSV,605,skipped,C:\ffzhzh\SyncFiles\Temp\HFSS_sim\LHS400\train\TSV\dut605.s2p,
train,TSV,606,skipped,C:\ffzhzh\SyncFiles\Temp\HFSS_sim\LHS400\train\TSV\dut606.s2p,
train,TSV,607,skipped,C:\ffzhzh\SyncFiles\Temp\HFSS_sim\LHS400\train\TSV\dut607.s2p,
train,TSV,608,skipped,C:\ffzhzh\SyncFiles\Temp\HFSS_sim\LHS400\train\TSV\dut608.s2p,
train,TSV,609,skipped,C:\ffzhzh\SyncFiles\Temp\HFSS_sim\LHS400\train\TSV\dut609.s2p,
train,TSV,610,skipped,C:\ffzhzh\SyncFiles\Temp\HFSS_sim\LHS400\train\TSV\dut610.s2p,
train,TSV,611,skipped,C:\ffzhzh\SyncFiles\Temp\HFSS_sim\LHS400\train\TSV\dut611.s2p,
train,TSV,612,skipped,C:\ffzhzh\SyncFiles\Temp\HFSS_sim\LHS400\train\TSV\dut612.s2p,
train,TSV,613,skipped,C:\ffzhzh\SyncFiles\Temp\HFSS_sim\LHS400\train\TSV\dut613.s2p,
train,TSV,614,skipped,C:\ffzhzh\SyncFiles\Temp\HFSS_sim\LHS400\train\TSV\dut614.s2p,
train,TSV,615,skipped,C:\ffzhzh\SyncFiles\Temp\HFSS_sim\LHS400\train\TSV\dut615.s2p,
train,TSV,616,skipped,C:\ffzhzh\SyncFiles\Temp\HFSS_sim\LHS400\train\TSV\dut616.s2p,
train,TSV,617,skipped,C:\ffzhzh\SyncFiles\Temp\HFSS_sim\LHS400\train\TSV\dut617.s2p,
train,TSV,618,skipped,C:\ffzhzh\SyncFiles\Temp\HFSS_sim\LHS400\train\TSV\dut618.s2p,
train,TSV,619,skipped,C:\ffzhzh\SyncFiles\Temp\HFSS_sim\LHS400\train\TSV\dut619.s2p,
train,TSV,620,skipped,C:\ffzhzh\SyncFiles\Temp\HFSS_sim\LHS400\train\TSV\dut620.s2p,
train,TSV,621,skipped,C:\ffzhzh\SyncFiles\Temp\HFSS_sim\LHS400\train\TSV\dut621.s2p,
train,TSV,622,skipped,C:\ffzhzh\SyncFiles\Temp\HFSS_sim\LHS400\train\TSV\dut622.s2p,
train,TSV,623,skipped,C:\ffzhzh\SyncFiles\Temp\HFSS_sim\LHS400\train\TSV\dut623.s2p,
train,TSV,624,skipped,C:\ffzhzh\SyncFiles\Temp\HFSS_sim\LHS400\train\TSV\dut624.s2p,
train,TSV,625,skipped,C:\ffzhzh\SyncFiles\Temp\HFSS_sim\LHS400\train\TSV\dut625.s2p,
train,TSV,626,skipped,C:\ffzhzh\SyncFiles\Temp\HFSS_sim\LHS400\train\TSV\dut626.s2p,
train,TSV,627,skipped,C:\ffzhzh\SyncFiles\Temp\HFSS_sim\LHS400\train\TSV\dut627.s2p,
train,TSV,628,skipped,C:\ffzhzh\SyncFiles\Temp\HFSS_sim\LHS400\train\TSV\dut628.s2p,
train,TSV,629,skipped,C:\ffzhzh\SyncFiles\Temp\HFSS_sim\LHS400\train\TSV\dut629.s2p,
train,TSV,630,skipped,C:\ffzhzh\SyncFiles\Temp\HFSS_sim\LHS400\train\TSV\dut630.s2p,
train,TSV,631,skipped,C:\ffzhzh\SyncFiles\Temp\HFSS_sim\LHS400\train\TSV\dut631.s2p,
train,TSV,632,skipped,C:\ffzhzh\SyncFiles\Temp\HFSS_sim\LHS400\train\TSV\dut632.s2p,
train,TSV,633,skipped,C:\ffzhzh\SyncFiles\Temp\HFSS_sim\LHS400\train\TSV\dut633.s2p,
train,TSV,634,skipped,C:\ffzhzh\SyncFiles\Temp\HFSS_sim\LHS400\train\TSV\dut634.s2p,
train,TSV,635,skipped,C:\ffzhzh\SyncFiles\Temp\HFSS_sim\LHS400\train\TSV\dut635.s2p,
train,TSV,636,skipped,C:\ffzhzh\SyncFiles\Temp\HFSS_sim\LHS400\train\TSV\dut636.s2p,
train,TSV,637,skipped,C:\ffzhzh\SyncFiles\Temp\HFSS_sim\LHS400\train\TSV\dut637.s2p,
train,TSV,638,skipped,C:\ffzhzh\SyncFiles\Temp\HFSS_sim\LHS400\train\TSV\dut638.s2p,
train,TSV,639,skipped,C:\ffzhzh\SyncFiles\Temp\HFSS_sim\LHS400\train\TSV\dut639.s2p,
train,TSV,640,skipped,C:\ffzhzh\SyncFiles\Temp\HFSS_sim\LHS400\train\TSV\dut640.s2p,
train,TSV,641,skipped,C:\ffzhzh\SyncFiles\Temp\HFSS_sim\LHS400\train\TSV\dut641.s2p,
train,TSV,642,skipped,C:\ffzhzh\SyncFiles\Temp\HFSS_sim\LHS400\train\TSV\dut642.s2p,
train,TSV,643,skipped,C:\ffzhzh\SyncFiles\Temp\HFSS_sim\LHS400\train\TSV\dut643.s2p,
train,TSV,644,skipped,C:\ffzhzh\SyncFiles\Temp\HFSS_sim\LHS400\train\TSV\dut644.s2p,
train,TSV,645,skipped,C:\ffzhzh\SyncFiles\Temp\HFSS_sim\LHS400\train\TSV\dut645.s2p,
train,TSV,646,skipped,C:\ffzhzh\SyncFiles\Temp\HFSS_sim\LHS400\train\TSV\dut646.s2p,
train,TSV,647,skipped,C:\ffzhzh\SyncFiles\Temp\HFSS_sim\LHS400\train\TSV\dut647.s2p,
train,TSV,648,skipped,C:\ffzhzh\SyncFiles\Temp\HFSS_sim\LHS400\train\TSV\dut648.s2p,
train,TSV,649,skipped,C:\ffzhzh\SyncFiles\Temp\HFSS_sim\LHS400\train\TSV\dut649.s2p,
train,TSV,650,skipped,C:\ffzhzh\SyncFiles\Temp\HFSS_sim\LHS400\train\TSV\dut650.s2p,
train,TSV,651,skipped,C:\ffzhzh\SyncFiles\Temp\HFSS_sim\LHS400\train\TSV\dut651.s2p,
train,TSV,652,skipped,C:\ffzhzh\SyncFiles\Temp\HFSS_sim\LHS400\train\TSV\dut652.s2p,
train,TSV,653,skipped,C:\ffzhzh\SyncFiles\Temp\HFSS_sim\LHS400\train\TSV\dut653.s2p,
train,TSV,654,skipped,C:\ffzhzh\SyncFiles\Temp\HFSS_sim\LHS400\train\TSV\dut654.s2p,
train,TSV,655,skipped,C:\ffzhzh\SyncFiles\Temp\HFSS_sim\LHS400\train\TSV\dut655.s2p,
train,TSV,656,skipped,C:\ffzhzh\SyncFiles\Temp\HFSS_sim\LHS400\train\TSV\dut656.s2p,
train,TSV,657,skipped,C:\ffzhzh\SyncFiles\Temp\HFSS_sim\LHS400\train\TSV\dut657.s2p,
train,TSV,658,skipped,C:\ffzhzh\SyncFiles\Temp\HFSS_sim\LHS400\train\TSV\dut658.s2p,
train,TSV,659,skipped,C:\ffzhzh\SyncFiles\Temp\HFSS_sim\LHS400\train\TSV\dut659.s2p,
train,TSV,660,skipped,C:\ffzhzh\SyncFiles\Temp\HFSS_sim\LHS400\train\TSV\dut660.s2p,
train,TSV,661,skipped,C:\ffzhzh\SyncFiles\Temp\HFSS_sim\LHS400\train\TSV\dut661.s2p,
train,TSV,662,skipped,C:\ffzhzh\SyncFiles\Temp\HFSS_sim\LHS400\train\TSV\dut662.s2p,
train,TSV,663,skipped,C:\ffzhzh\SyncFiles\Temp\HFSS_sim\LHS400\train\TSV\dut663.s2p,
train,TSV,664,skipped,C:\ffzhzh\SyncFiles\Temp\HFSS_sim\LHS400\train\TSV\dut664.s2p,
train,TSV,665,skipped,C:\ffzhzh\SyncFiles\Temp\HFSS_sim\LHS400\train\TSV\dut665.s2p,
train,TSV,666,skipped,C:\ffzhzh\SyncFiles\Temp\HFSS_sim\LHS400\train\TSV\dut666.s2p,
train,TSV,667,skipped,C:\ffzhzh\SyncFiles\Temp\HFSS_sim\LHS400\train\TSV\dut667.s2p,
train,TSV,668,skipped,C:\ffzhzh\SyncFiles\Temp\HFSS_sim\LHS400\train\TSV\dut668.s2p,
train,TSV,669,skipped,C:\ffzhzh\SyncFiles\Temp\HFSS_sim\LHS400\train\TSV\dut669.s2p,
train,TSV,670,skipped,C:\ffzhzh\SyncFiles\Temp\HFSS_sim\LHS400\train\TSV\dut670.s2p,
train,TSV,671,skipped,C:\ffzhzh\SyncFiles\Temp\HFSS_sim\LHS400\train\TSV\dut671.s2p,
train,TSV,672,skipped,C:\ffzhzh\SyncFiles\Temp\HFSS_sim\LHS400\train\TSV\dut672.s2p,
train,TSV,673,skipped,C:\ffzhzh\SyncFiles\Temp\HFSS_sim\LHS400\train\TSV\dut673.s2p,
train,TSV,674,skipped,C:\ffzhzh\SyncFiles\Temp\HFSS_sim\LHS400\train\TSV\dut674.s2p,
train,TSV,675,skipped,C:\ffzhzh\SyncFiles\Temp\HFSS_sim\LHS400\train\TSV\dut675.s2p,
train,TSV,676,skipped,C:\ffzhzh\SyncFiles\Temp\HFSS_sim\LHS400\train\TSV\dut676.s2p,
train,TSV,677,skipped,C:\ffzhzh\SyncFiles\Temp\HFSS_sim\LHS400\train\TSV\dut677.s2p,
train,TSV,678,skipped,C:\ffzhzh\SyncFiles\Temp\HFSS_sim\LHS400\train\TSV\dut678.s2p,
train,TSV,679,skipped,C:\ffzhzh\SyncFiles\Temp\HFSS_sim\LHS400\train\TSV\dut679.s2p,
train,TSV,680,skipped,C:\ffzhzh\SyncFiles\Temp\HFSS_sim\LHS400\train\TSV\dut680.s2p,
train,TSV,681,skipped,C:\ffzhzh\SyncFiles\Temp\HFSS_sim\LHS400\train\TSV\dut681.s2p,
train,TSV,682,skipped,C:\ffzhzh\SyncFiles\Temp\HFSS_sim\LHS400\train\TSV\dut682.s2p,
train,TSV,683,skipped,C:\ffzhzh\SyncFiles\Temp\HFSS_sim\LHS400\train\TSV\dut683.s2p,
train,TSV,684,skipped,C:\ffzhzh\SyncFiles\Temp\HFSS_sim\LHS400\train\TSV\dut684.s2p,
train,TSV,685,skipped,C:\ffzhzh\SyncFiles\Temp\HFSS_sim\LHS400\train\TSV\dut685.s2p,
train,TSV,686,skipped,C:\ffzhzh\SyncFiles\Temp\HFSS_sim\LHS400\train\TSV\dut686.s2p,
train,TSV,687,skipped,C:\ffzhzh\SyncFiles\Temp\HFSS_sim\LHS400\train\TSV\dut687.s2p,
train,TSV,688,skipped,C:\ffzhzh\SyncFiles\Temp\HFSS_sim\LHS400\train\TSV\dut688.s2p,
train,TSV,689,skipped,C:\ffzhzh\SyncFiles\Temp\HFSS_sim\LHS400\train\TSV\dut689.s2p,
train,TSV,690,skipped,C:\ffzhzh\SyncFiles\Temp\HFSS_sim\LHS400\train\TSV\dut690.s2p,
train,TSV,691,skipped,C:\ffzhzh\SyncFiles\Temp\HFSS_sim\LHS400\train\TSV\dut691.s2p,
train,TSV,692,skipped,C:\ffzhzh\SyncFiles\Temp\HFSS_sim\LHS400\train\TSV\dut692.s2p,
train,TSV,693,skipped,C:\ffzhzh\SyncFiles\Temp\HFSS_sim\LHS400\train\TSV\dut693.s2p,
train,TSV,694,skipped,C:\ffzhzh\SyncFiles\Temp\HFSS_sim\LHS400\train\TSV\dut694.s2p,
train,TSV,695,skipped,C:\ffzhzh\SyncFiles\Temp\HFSS_sim\LHS400\train\TSV\dut695.s2p,
train,TSV,696,skipped,C:\ffzhzh\SyncFiles\Temp\HFSS_sim\LHS400\train\TSV\dut696.s2p,
train,TSV,697,skipped,C:\ffzhzh\SyncFiles\Temp\HFSS_sim\LHS400\train\TSV\dut697.s2p,
train,TSV,698,skipped,C:\ffzhzh\SyncFiles\Temp\HFSS_sim\LHS400\train\TSV\dut698.s2p,
train,TSV,699,skipped,C:\ffzhzh\SyncFiles\Temp\HFSS_sim\LHS400\train\TSV\dut699.s2p,
train,TSV_RDL,300,skipped,C:\ffzhzh\SyncFiles\Temp\HFSS_sim\LHS400\train\TSV_RDL\dut300.s2p,
train,TSV_RDL,301,skipped,C:\ffzhzh\SyncFiles\Temp\HFSS_sim\LHS400\train\TSV_RDL\dut301.s2p,
train,TSV_RDL,302,skipped,C:\ffzhzh\SyncFiles\Temp\HFSS_sim\LHS400\train\TSV_RDL\dut302.s2p,
train,TSV_RDL,303,skipped,C:\ffzhzh\SyncFiles\Temp\HFSS_sim\LHS400\train\TSV_RDL\dut303.s2p,
train,TSV_RDL,304,skipped,C:\ffzhzh\SyncFiles\Temp\HFSS_sim\LHS400\train\TSV_RDL\dut304.s2p,
train,TSV_RDL,305,skipped,C:\ffzhzh\SyncFiles\Temp\HFSS_sim\LHS400\train\TSV_RDL\dut305.s2p,
train,TSV_RDL,306,skipped,C:\ffzhzh\SyncFiles\Temp\HFSS_sim\LHS400\train\TSV_RDL\dut306.s2p,
train,TSV_RDL,307,skipped,C:\ffzhzh\SyncFiles\Temp\HFSS_sim\LHS400\train\TSV_RDL\dut307.s2p,
train,TSV_RDL,308,skipped,C:\ffzhzh\SyncFiles\Temp\HFSS_sim\LHS400\train\TSV_RDL\dut308.s2p,
train,TSV_RDL,309,skipped,C:\ffzhzh\SyncFiles\Temp\HFSS_sim\LHS400\train\TSV_RDL\dut309.s2p,
train,TSV_RDL,310,skipped,C:\ffzhzh\SyncFiles\Temp\HFSS_sim\LHS400\train\TSV_RDL\dut310.s2p,
train,TSV_RDL,311,skipped,C:\ffzhzh\SyncFiles\Temp\HFSS_sim\LHS400\train\TSV_RDL\dut311.s2p,
train,TSV_RDL,312,skipped,C:\ffzhzh\SyncFiles\Temp\HFSS_sim\LHS400\train\TSV_RDL\dut312.s2p,
train,TSV_RDL,313,skipped,C:\ffzhzh\SyncFiles\Temp\HFSS_sim\LHS400\train\TSV_RDL\dut313.s2p,
train,TSV_RDL,314,skipped,C:\ffzhzh\SyncFiles\Temp\HFSS_sim\LHS400\train\TSV_RDL\dut314.s2p,
train,TSV_RDL,315,skipped,C:\ffzhzh\SyncFiles\Temp\HFSS_sim\LHS400\train\TSV_RDL\dut315.s2p,
train,TSV_RDL,316,skipped,C:\ffzhzh\SyncFiles\Temp\HFSS_sim\LHS400\train\TSV_RDL\dut316.s2p,
train,TSV_RDL,317,skipped,C:\ffzhzh\SyncFiles\Temp\HFSS_sim\LHS400\train\TSV_RDL\dut317.s2p,
train,TSV_RDL,318,skipped,C:\ffzhzh\SyncFiles\Temp\HFSS_sim\LHS400\train\TSV_RDL\dut318.s2p,
train,TSV_RDL,319,skipped,C:\ffzhzh\SyncFiles\Temp\HFSS_sim\LHS400\train\TSV_RDL\dut319.s2p,
train,TSV_RDL,320,skipped,C:\ffzhzh\SyncFiles\Temp\HFSS_sim\LHS400\train\TSV_RDL\dut320.s2p,
train,TSV_RDL,321,skipped,C:\ffzhzh\SyncFiles\Temp\HFSS_sim\LHS400\train\TSV_RDL\dut321.s2p,
train,TSV_RDL,322,skipped,C:\ffzhzh\SyncFiles\Temp\HFSS_sim\LHS400\train\TSV_RDL\dut322.s2p,
train,TSV_RDL,323,skipped,C:\ffzhzh\SyncFiles\Temp\HFSS_sim\LHS400\train\TSV_RDL\dut323.s2p,
train,TSV_RDL,324,skipped,C:\ffzhzh\SyncFiles\Temp\HFSS_sim\LHS400\train\TSV_RDL\dut324.s2p,
train,TSV_RDL,325,skipped,C:\ffzhzh\SyncFiles\Temp\HFSS_sim\LHS400\train\TSV_RDL\dut325.s2p,
train,TSV_RDL,326,skipped,C:\ffzhzh\SyncFiles\Temp\HFSS_sim\LHS400\train\TSV_RDL\dut326.s2p,
train,TSV_RDL,327,skipped,C:\ffzhzh\SyncFiles\Temp\HFSS_sim\LHS400\train\TSV_RDL\dut327.s2p,
train,TSV_RDL,328,skipped,C:\ffzhzh\SyncFiles\Temp\HFSS_sim\LHS400\train\TSV_RDL\dut328.s2p,
train,TSV_RDL,329,skipped,C:\ffzhzh\SyncFiles\Temp\HFSS_sim\LHS400\train\TSV_RDL\dut329.s2p,
train,TSV_RDL,330,skipped,C:\ffzhzh\SyncFiles\Temp\HFSS_sim\LHS400\train\TSV_RDL\dut330.s2p,
train,TSV_RDL,331,skipped,C:\ffzhzh\SyncFiles\Temp\HFSS_sim\LHS400\train\TSV_RDL\dut331.s2p,
train,TSV_RDL,332,skipped,C:\ffzhzh\SyncFiles\Temp\HFSS_sim\LHS400\train\TSV_RDL\dut332.s2p,
train,TSV_RDL,333,skipped,C:\ffzhzh\SyncFiles\Temp\HFSS_sim\LHS400\train\TSV_RDL\dut333.s2p,
train,TSV_RDL,334,skipped,C:\ffzhzh\SyncFiles\Temp\HFSS_sim\LHS400\train\TSV_RDL\dut334.s2p,
train,TSV_RDL,335,skipped,C:\ffzhzh\SyncFiles\Temp\HFSS_sim\LHS400\train\TSV_RDL\dut335.s2p,
train,TSV_RDL,336,skipped,C:\ffzhzh\SyncFiles\Temp\HFSS_sim\LHS400\train\TSV_RDL\dut336.s2p,
train,TSV_RDL,337,skipped,C:\ffzhzh\SyncFiles\Temp\HFSS_sim\LHS400\train\TSV_RDL\dut337.s2p,
train,TSV_RDL,338,skipped,C:\ffzhzh\SyncFiles\Temp\HFSS_sim\LHS400\train\TSV_RDL\dut338.s2p,
train,TSV_RDL,339,skipped,C:\ffzhzh\SyncFiles\Temp\HFSS_sim\LHS400\train\TSV_RDL\dut339.s2p,
train,TSV_RDL,340,skipped,C:\ffzhzh\SyncFiles\Temp\HFSS_sim\LHS400\train\TSV_RDL\dut340.s2p,
train,TSV_RDL,341,skipped,C:\ffzhzh\SyncFiles\Temp\HFSS_sim\LHS400\train\TSV_RDL\dut341.s2p,
train,TSV_RDL,342,skipped,C:\ffzhzh\SyncFiles\Temp\HFSS_sim\LHS400\train\TSV_RDL\dut342.s2p,
train,TSV_RDL,343,skipped,C:\ffzhzh\SyncFiles\Temp\HFSS_sim\LHS400\train\TSV_RDL\dut343.s2p,
train,TSV_RDL,344,skipped,C:\ffzhzh\SyncFiles\Temp\HFSS_sim\LHS400\train\TSV_RDL\dut344.s2p,
train,TSV_RDL,345,skipped,C:\ffzhzh\SyncFiles\Temp\HFSS_sim\LHS400\train\TSV_RDL\dut345.s2p,
train,TSV_RDL,346,skipped,C:\ffzhzh\SyncFiles\Temp\HFSS_sim\LHS400\train\TSV_RDL\dut346.s2p,
train,TSV_RDL,347,skipped,C:\ffzhzh\SyncFiles\Temp\HFSS_sim\LHS400\train\TSV_RDL\dut347.s2p,
train,TSV_RDL,348,skipped,C:\ffzhzh\SyncFiles\Temp\HFSS_sim\LHS400\train\TSV_RDL\dut348.s2p,
train,TSV_RDL,349,skipped,C:\ffzhzh\SyncFiles\Temp\HFSS_sim\LHS400\train\TSV_RDL\dut349.s2p,
train,TSV_RDL,350,skipped,C:\ffzhzh\SyncFiles\Temp\HFSS_sim\LHS400\train\TSV_RDL\dut350.s2p,
train,TSV_RDL,351,skipped,C:\ffzhzh\SyncFiles\Temp\HFSS_sim\LHS400\train\TSV_RDL\dut351.s2p,
train,TSV_RDL,352,skipped,C:\ffzhzh\SyncFiles\Temp\HFSS_sim\LHS400\train\TSV_RDL\dut352.s2p,
train,TSV_RDL,353,skipped,C:\ffzhzh\SyncFiles\Temp\HFSS_sim\LHS400\train\TSV_RDL\dut353.s2p,
train,TSV_RDL,354,skipped,C:\ffzhzh\SyncFiles\Temp\HFSS_sim\LHS400\train\TSV_RDL\dut354.s2p,
train,TSV_RDL,355,skipped,C:\ffzhzh\SyncFiles\Temp\HFSS_sim\LHS400\train\TSV_RDL\dut355.s2p,
train,TSV_RDL,356,skipped,C:\ffzhzh\SyncFiles\Temp\HFSS_sim\LHS400\train\TSV_RDL\dut356.s2p,
train,TSV_RDL,357,skipped,C:\ffzhzh\SyncFiles\Temp\HFSS_sim\LHS400\train\TSV_RDL\dut357.s2p,
train,TSV_RDL,358,skipped,C:\ffzhzh\SyncFiles\Temp\HFSS_sim\LHS400\train\TSV_RDL\dut358.s2p,
train,TSV_RDL,359,skipped,C:\ffzhzh\SyncFiles\Temp\HFSS_sim\LHS400\train\TSV_RDL\dut359.s2p,
train,TSV_RDL,360,skipped,C:\ffzhzh\SyncFiles\Temp\HFSS_sim\LHS400\train\TSV_RDL\dut360.s2p,
train,TSV_RDL,361,skipped,C:\ffzhzh\SyncFiles\Temp\HFSS_sim\LHS400\train\TSV_RDL\dut361.s2p,
train,TSV_RDL,362,skipped,C:\ffzhzh\SyncFiles\Temp\HFSS_sim\LHS400\train\TSV_RDL\dut362.s2p,
train,TSV_RDL,363,skipped,C:\ffzhzh\SyncFiles\Temp\HFSS_sim\LHS400\train\TSV_RDL\dut363.s2p,
train,TSV_RDL,364,skipped,C:\ffzhzh\SyncFiles\Temp\HFSS_sim\LHS400\train\TSV_RDL\dut364.s2p,
train,TSV_RDL,365,skipped,C:\ffzhzh\SyncFiles\Temp\HFSS_sim\LHS400\train\TSV_RDL\dut365.s2p,
train,TSV_RDL,366,skipped,C:\ffzhzh\SyncFiles\Temp\HFSS_sim\LHS400\train\TSV_RDL\dut366.s2p,
train,TSV_RDL,367,skipped,C:\ffzhzh\SyncFiles\Temp\HFSS_sim\LHS400\train\TSV_RDL\dut367.s2p,
train,TSV_RDL,368,skipped,C:\ffzhzh\SyncFiles\Temp\HFSS_sim\LHS400\train\TSV_RDL\dut368.s2p,
train,TSV_RDL,369,skipped,C:\ffzhzh\SyncFiles\Temp\HFSS_sim\LHS400\train\TSV_RDL\dut369.s2p,
train,TSV_RDL,370,skipped,C:\ffzhzh\SyncFiles\Temp\HFSS_sim\LHS400\train\TSV_RDL\dut370.s2p,
train,TSV_RDL,371,skipped,C:\ffzhzh\SyncFiles\Temp\HFSS_sim\LHS400\train\TSV_RDL\dut371.s2p,
train,TSV_RDL,372,skipped,C:\ffzhzh\SyncFiles\Temp\HFSS_sim\LHS400\train\TSV_RDL\dut372.s2p,
train,TSV_RDL,373,skipped,C:\ffzhzh\SyncFiles\Temp\HFSS_sim\LHS400\train\TSV_RDL\dut373.s2p,
train,TSV_RDL,374,skipped,C:\ffzhzh\SyncFiles\Temp\HFSS_sim\LHS400\train\TSV_RDL\dut374.s2p,
train,TSV_RDL,375,skipped,C:\ffzhzh\SyncFiles\Temp\HFSS_sim\LHS400\train\TSV_RDL\dut375.s2p,
train,TSV_RDL,376,skipped,C:\ffzhzh\SyncFiles\Temp\HFSS_sim\LHS400\train\TSV_RDL\dut376.s2p,
train,TSV_RDL,377,skipped,C:\ffzhzh\SyncFiles\Temp\HFSS_sim\LHS400\train\TSV_RDL\dut377.s2p,
train,TSV_RDL,378,skipped,C:\ffzhzh\SyncFiles\Temp\HFSS_sim\LHS400\train\TSV_RDL\dut378.s2p,
train,TSV_RDL,379,skipped,C:\ffzhzh\SyncFiles\Temp\HFSS_sim\LHS400\train\TSV_RDL\dut379.s2p,
train,TSV_RDL,380,skipped,C:\ffzhzh\SyncFiles\Temp\HFSS_sim\LHS400\train\TSV_RDL\dut380.s2p,
train,TSV_RDL,381,skipped,C:\ffzhzh\SyncFiles\Temp\HFSS_sim\LHS400\train\TSV_RDL\dut381.s2p,
train,TSV_RDL,382,completed,C:\ffzhzh\SyncFiles\Temp\HFSS_sim\LHS400\train\TSV_RDL\dut382.s2p,
train,TSV_RDL,383,completed,C:\ffzhzh\SyncFiles\Temp\HFSS_sim\LHS400\train\TSV_RDL\dut383.s2p,
train,TSV_RDL,384,completed,C:\ffzhzh\SyncFiles\Temp\HFSS_sim\LHS400\train\TSV_RDL\dut384.s2p,
train,TSV_RDL,385,completed,C:\ffzhzh\SyncFiles\Temp\HFSS_sim\LHS400\train\TSV_RDL\dut385.s2p,
train,TSV_RDL,386,completed,C:\ffzhzh\SyncFiles\Temp\HFSS_sim\LHS400\train\TSV_RDL\dut386.s2p,
train,TSV_RDL,387,completed,C:\ffzhzh\SyncFiles\Temp\HFSS_sim\LHS400\train\TSV_RDL\dut387.s2p,
train,TSV_RDL,388,completed,C:\ffzhzh\SyncFiles\Temp\HFSS_sim\LHS400\train\TSV_RDL\dut388.s2p,
train,TSV_RDL,389,completed,C:\ffzhzh\SyncFiles\Temp\HFSS_sim\LHS400\train\TSV_RDL\dut389.s2p,
train,TSV_RDL,390,completed,C:\ffzhzh\SyncFiles\Temp\HFSS_sim\LHS400\train\TSV_RDL\dut390.s2p,
train,TSV_RDL,391,completed,C:\ffzhzh\SyncFiles\Temp\HFSS_sim\LHS400\train\TSV_RDL\dut391.s2p,
train,TSV_RDL,392,completed,C:\ffzhzh\SyncFiles\Temp\HFSS_sim\LHS400\train\TSV_RDL\dut392.s2p,
train,TSV_RDL,393,completed,C:\ffzhzh\SyncFiles\Temp\HFSS_sim\LHS400\train\TSV_RDL\dut393.s2p,
train,TSV_RDL,394,completed,C:\ffzhzh\SyncFiles\Temp\HFSS_sim\LHS400\train\TSV_RDL\dut394.s2p,
train,TSV_RDL,395,completed,C:\ffzhzh\SyncFiles\Temp\HFSS_sim\LHS400\train\TSV_RDL\dut395.s2p,
train,TSV_RDL,396,completed,C:\ffzhzh\SyncFiles\Temp\HFSS_sim\LHS400\train\TSV_RDL\dut396.s2p,
train,TSV_RDL,397,completed,C:\ffzhzh\SyncFiles\Temp\HFSS_sim\LHS400\train\TSV_RDL\dut397.s2p,
train,TSV_RDL,398,completed,C:\ffzhzh\SyncFiles\Temp\HFSS_sim\LHS400\train\TSV_RDL\dut398.s2p,
train,TSV_RDL,399,completed,C:\ffzhzh\SyncFiles\Temp\HFSS_sim\LHS400\train\TSV_RDL\dut399.s2p,
train,TSV_RDL,400,completed,C:\ffzhzh\SyncFiles\Temp\HFSS_sim\LHS400\train\TSV_RDL\dut400.s2p,
train,TSV_RDL,401,completed,C:\ffzhzh\SyncFiles\Temp\HFSS_sim\LHS400\train\TSV_RDL\dut401.s2p,
train,TSV_RDL,402,completed,C:\ffzhzh\SyncFiles\Temp\HFSS_sim\LHS400\train\TSV_RDL\dut402.s2p,
train,TSV_RDL,403,completed,C:\ffzhzh\SyncFiles\Temp\HFSS_sim\LHS400\train\TSV_RDL\dut403.s2p,
train,TSV_RDL,404,completed,C:\ffzhzh\SyncFiles\Temp\HFSS_sim\LHS400\train\TSV_RDL\dut404.s2p,
train,TSV_RDL,405,solve_failed,,HFSS analyze failed for setup Auto1.
train,TSV_RDL,406,completed,C:\ffzhzh\SyncFiles\Temp\HFSS_sim\LHS400\train\TSV_RDL\dut406.s2p,
train,TSV_RDL,407,completed,C:\ffzhzh\SyncFiles\Temp\HFSS_sim\LHS400\train\TSV_RDL\dut407.s2p,
train,TSV_RDL,408,completed,C:\ffzhzh\SyncFiles\Temp\HFSS_sim\LHS400\train\TSV_RDL\dut408.s2p,
train,TSV_RDL,409,completed,C:\ffzhzh\SyncFiles\Temp\HFSS_sim\LHS400\train\TSV_RDL\dut409.s2p,
train,TSV_RDL,410,completed,C:\ffzhzh\SyncFiles\Temp\HFSS_sim\LHS400\train\TSV_RDL\dut410.s2p,
train,TSV_RDL,411,completed,C:\ffzhzh\SyncFiles\Temp\HFSS_sim\LHS400\train\TSV_RDL\dut411.s2p,
train,TSV_RDL,412,completed,C:\ffzhzh\SyncFiles\Temp\HFSS_sim\LHS400\train\TSV_RDL\dut412.s2p,
train,TSV_RDL,413,completed,C:\ffzhzh\SyncFiles\Temp\HFSS_sim\LHS400\train\TSV_RDL\dut413.s2p,
train,TSV_RDL,414,completed,C:\ffzhzh\SyncFiles\Temp\HFSS_sim\LHS400\train\TSV_RDL\dut414.s2p,
train,TSV_RDL,415,completed,C:\ffzhzh\SyncFiles\Temp\HFSS_sim\LHS400\train\TSV_RDL\dut415.s2p,
train,TSV_RDL,416,completed,C:\ffzhzh\SyncFiles\Temp\HFSS_sim\LHS400\train\TSV_RDL\dut416.s2p,
train,TSV_RDL,417,completed,C:\ffzhzh\SyncFiles\Temp\HFSS_sim\LHS400\train\TSV_RDL\dut417.s2p,
train,TSV_RDL,418,completed,C:\ffzhzh\SyncFiles\Temp\HFSS_sim\LHS400\train\TSV_RDL\dut418.s2p,
train,TSV_RDL,419,completed,C:\ffzhzh\SyncFiles\Temp\HFSS_sim\LHS400\train\TSV_RDL\dut419.s2p,
train,TSV_RDL,420,completed,C:\ffzhzh\SyncFiles\Temp\HFSS_sim\LHS400\train\TSV_RDL\dut420.s2p,
train,TSV_RDL,421,completed,C:\ffzhzh\SyncFiles\Temp\HFSS_sim\LHS400\train\TSV_RDL\dut421.s2p,
train,TSV_RDL,422,completed,C:\ffzhzh\SyncFiles\Temp\HFSS_sim\LHS400\train\TSV_RDL\dut422.s2p,
train,TSV_RDL,423,completed,C:\ffzhzh\SyncFiles\Temp\HFSS_sim\LHS400\train\TSV_RDL\dut423.s2p,
train,TSV_RDL,424,completed,C:\ffzhzh\SyncFiles\Temp\HFSS_sim\LHS400\train\TSV_RDL\dut424.s2p,
train,TSV_RDL,425,completed,C:\ffzhzh\SyncFiles\Temp\HFSS_sim\LHS400\train\TSV_RDL\dut425.s2p,
train,TSV_RDL,426,completed,C:\ffzhzh\SyncFiles\Temp\HFSS_sim\LHS400\train\TSV_RDL\dut426.s2p,
train,TSV_RDL,427,completed,C:\ffzhzh\SyncFiles\Temp\HFSS_sim\LHS400\train\TSV_RDL\dut427.s2p,
train,TSV_RDL,428,completed,C:\ffzhzh\SyncFiles\Temp\HFSS_sim\LHS400\train\TSV_RDL\dut428.s2p,
train,TSV_RDL,429,completed,C:\ffzhzh\SyncFiles\Temp\HFSS_sim\LHS400\train\TSV_RDL\dut429.s2p,
train,TSV_RDL,430,completed,C:\ffzhzh\SyncFiles\Temp\HFSS_sim\LHS400\train\TSV_RDL\dut430.s2p,
train,TSV_RDL,431,completed,C:\ffzhzh\SyncFiles\Temp\HFSS_sim\LHS400\train\TSV_RDL\dut431.s2p,
train,TSV_RDL,432,completed,C:\ffzhzh\SyncFiles\Temp\HFSS_sim\LHS400\train\TSV_RDL\dut432.s2p,
train,TSV_RDL,433,completed,C:\ffzhzh\SyncFiles\Temp\HFSS_sim\LHS400\train\TSV_RDL\dut433.s2p,
train,TSV_RDL,434,completed,C:\ffzhzh\SyncFiles\Temp\HFSS_sim\LHS400\train\TSV_RDL\dut434.s2p,
train,TSV_RDL,435,completed,C:\ffzhzh\SyncFiles\Temp\HFSS_sim\LHS400\train\TSV_RDL\dut435.s2p,
train,TSV_RDL,436,completed,C:\ffzhzh\SyncFiles\Temp\HFSS_sim\LHS400\train\TSV_RDL\dut436.s2p,
train,TSV_RDL,437,completed,C:\ffzhzh\SyncFiles\Temp\HFSS_sim\LHS400\train\TSV_RDL\dut437.s2p,
train,TSV_RDL,438,completed,C:\ffzhzh\SyncFiles\Temp\HFSS_sim\LHS400\train\TSV_RDL\dut438.s2p,
train,TSV_RDL,439,completed,C:\ffzhzh\SyncFiles\Temp\HFSS_sim\LHS400\train\TSV_RDL\dut439.s2p,
train,TSV_RDL,440,completed,C:\ffzhzh\SyncFiles\Temp\HFSS_sim\LHS400\train\TSV_RDL\dut440.s2p,
train,TSV_RDL,441,completed,C:\ffzhzh\SyncFiles\Temp\HFSS_sim\LHS400\train\TSV_RDL\dut441.s2p,
train,TSV_RDL,442,completed,C:\ffzhzh\SyncFiles\Temp\HFSS_sim\LHS400\train\TSV_RDL\dut442.s2p,
train,TSV_RDL,443,completed,C:\ffzhzh\SyncFiles\Temp\HFSS_sim\LHS400\train\TSV_RDL\dut443.s2p,
train,TSV_RDL,444,completed,C:\ffzhzh\SyncFiles\Temp\HFSS_sim\LHS400\train\TSV_RDL\dut444.s2p,
train,TSV_RDL,445,completed,C:\ffzhzh\SyncFiles\Temp\HFSS_sim\LHS400\train\TSV_RDL\dut445.s2p,
train,TSV_RDL,446,completed,C:\ffzhzh\SyncFiles\Temp\HFSS_sim\LHS400\train\TSV_RDL\dut446.s2p,
train,TSV_RDL,447,completed,C:\ffzhzh\SyncFiles\Temp\HFSS_sim\LHS400\train\TSV_RDL\dut447.s2p,
train,TSV_RDL,448,completed,C:\ffzhzh\SyncFiles\Temp\HFSS_sim\LHS400\train\TSV_RDL\dut448.s2p,
train,TSV_RDL,449,completed,C:\ffzhzh\SyncFiles\Temp\HFSS_sim\LHS400\train\TSV_RDL\dut449.s2p,
train,TSV_RDL,450,completed,C:\ffzhzh\SyncFiles\Temp\HFSS_sim\LHS400\train\TSV_RDL\dut450.s2p,
train,TSV_RDL,451,completed,C:\ffzhzh\SyncFiles\Temp\HFSS_sim\LHS400\train\TSV_RDL\dut451.s2p,
train,TSV_RDL,452,completed,C:\ffzhzh\SyncFiles\Temp\HFSS_sim\LHS400\train\TSV_RDL\dut452.s2p,
train,TSV_RDL,453,completed,C:\ffzhzh\SyncFiles\Temp\HFSS_sim\LHS400\train\TSV_RDL\dut453.s2p,
train,TSV_RDL,454,completed,C:\ffzhzh\SyncFiles\Temp\HFSS_sim\LHS400\train\TSV_RDL\dut454.s2p,
train,TSV_RDL,455,completed,C:\ffzhzh\SyncFiles\Temp\HFSS_sim\LHS400\train\TSV_RDL\dut455.s2p,
train,TSV_RDL,456,completed,C:\ffzhzh\SyncFiles\Temp\HFSS_sim\LHS400\train\TSV_RDL\dut456.s2p,
train,TSV_RDL,457,completed,C:\ffzhzh\SyncFiles\Temp\HFSS_sim\LHS400\train\TSV_RDL\dut457.s2p,
train,TSV_RDL,458,completed,C:\ffzhzh\SyncFiles\Temp\HFSS_sim\LHS400\train\TSV_RDL\dut458.s2p,
train,TSV_RDL,459,completed,C:\ffzhzh\SyncFiles\Temp\HFSS_sim\LHS400\train\TSV_RDL\dut459.s2p,
train,TSV_RDL,460,completed,C:\ffzhzh\SyncFiles\Temp\HFSS_sim\LHS400\train\TSV_RDL\dut460.s2p,
train,TSV_RDL,461,completed,C:\ffzhzh\SyncFiles\Temp\HFSS_sim\LHS400\train\TSV_RDL\dut461.s2p,
train,TSV_RDL,462,completed,C:\ffzhzh\SyncFiles\Temp\HFSS_sim\LHS400\train\TSV_RDL\dut462.s2p,
train,TSV_RDL,463,completed,C:\ffzhzh\SyncFiles\Temp\HFSS_sim\LHS400\train\TSV_RDL\dut463.s2p,
train,TSV_RDL,464,completed,C:\ffzhzh\SyncFiles\Temp\HFSS_sim\LHS400\train\TSV_RDL\dut464.s2p,
train,TSV_RDL,465,completed,C:\ffzhzh\SyncFiles\Temp\HFSS_sim\LHS400\train\TSV_RDL\dut465.s2p,
train,TSV_RDL,466,completed,C:\ffzhzh\SyncFiles\Temp\HFSS_sim\LHS400\train\TSV_RDL\dut466.s2p,
train,TSV_RDL,467,completed,C:\ffzhzh\SyncFiles\Temp\HFSS_sim\LHS400\train\TSV_RDL\dut467.s2p,
train,TSV_RDL,468,completed,C:\ffzhzh\SyncFiles\Temp\HFSS_sim\LHS400\train\TSV_RDL\dut468.s2p,
train,TSV_RDL,469,completed,C:\ffzhzh\SyncFiles\Temp\HFSS_sim\LHS400\train\TSV_RDL\dut469.s2p,
train,TSV_RDL,470,completed,C:\ffzhzh\SyncFiles\Temp\HFSS_sim\LHS400\train\TSV_RDL\dut470.s2p,
train,TSV_RDL,471,completed,C:\ffzhzh\SyncFiles\Temp\HFSS_sim\LHS400\train\TSV_RDL\dut471.s2p,
train,TSV_RDL,472,completed,C:\ffzhzh\SyncFiles\Temp\HFSS_sim\LHS400\train\TSV_RDL\dut472.s2p,
train,TSV_RDL,473,completed,C:\ffzhzh\SyncFiles\Temp\HFSS_sim\LHS400\train\TSV_RDL\dut473.s2p,
train,TSV_RDL,474,completed,C:\ffzhzh\SyncFiles\Temp\HFSS_sim\LHS400\train\TSV_RDL\dut474.s2p,
train,TSV_RDL,475,completed,C:\ffzhzh\SyncFiles\Temp\HFSS_sim\LHS400\train\TSV_RDL\dut475.s2p,
train,TSV_RDL,476,completed,C:\ffzhzh\SyncFiles\Temp\HFSS_sim\LHS400\train\TSV_RDL\dut476.s2p,
train,TSV_RDL,477,completed,C:\ffzhzh\SyncFiles\Temp\HFSS_sim\LHS400\train\TSV_RDL\dut477.s2p,
train,TSV_RDL,478,completed,C:\ffzhzh\SyncFiles\Temp\HFSS_sim\LHS400\train\TSV_RDL\dut478.s2p,
train,TSV_RDL,479,completed,C:\ffzhzh\SyncFiles\Temp\HFSS_sim\LHS400\train\TSV_RDL\dut479.s2p,
train,TSV_RDL,480,completed,C:\ffzhzh\SyncFiles\Temp\HFSS_sim\LHS400\train\TSV_RDL\dut480.s2p,
train,TSV_RDL,481,completed,C:\ffzhzh\SyncFiles\Temp\HFSS_sim\LHS400\train\TSV_RDL\dut481.s2p,
train,TSV_RDL,482,completed,C:\ffzhzh\SyncFiles\Temp\HFSS_sim\LHS400\train\TSV_RDL\dut482.s2p,
train,TSV_RDL,483,completed,C:\ffzhzh\SyncFiles\Temp\HFSS_sim\LHS400\train\TSV_RDL\dut483.s2p,
train,TSV_RDL,484,completed,C:\ffzhzh\SyncFiles\Temp\HFSS_sim\LHS400\train\TSV_RDL\dut484.s2p,
train,TSV_RDL,485,completed,C:\ffzhzh\SyncFiles\Temp\HFSS_sim\LHS400\train\TSV_RDL\dut485.s2p,
train,TSV_RDL,486,completed,C:\ffzhzh\SyncFiles\Temp\HFSS_sim\LHS400\train\TSV_RDL\dut486.s2p,
train,TSV_RDL,487,completed,C:\ffzhzh\SyncFiles\Temp\HFSS_sim\LHS400\train\TSV_RDL\dut487.s2p,
train,TSV_RDL,488,completed,C:\ffzhzh\SyncFiles\Temp\HFSS_sim\LHS400\train\TSV_RDL\dut488.s2p,
train,TSV_RDL,489,completed,C:\ffzhzh\SyncFiles\Temp\HFSS_sim\LHS400\train\TSV_RDL\dut489.s2p,
train,TSV_RDL,490,completed,C:\ffzhzh\SyncFiles\Temp\HFSS_sim\LHS400\train\TSV_RDL\dut490.s2p,
train,TSV_RDL,491,completed,C:\ffzhzh\SyncFiles\Temp\HFSS_sim\LHS400\train\TSV_RDL\dut491.s2p,
train,TSV_RDL,492,completed,C:\ffzhzh\SyncFiles\Temp\HFSS_sim\LHS400\train\TSV_RDL\dut492.s2p,
train,TSV_RDL,493,completed,C:\ffzhzh\SyncFiles\Temp\HFSS_sim\LHS400\train\TSV_RDL\dut493.s2p,
train,TSV_RDL,494,completed,C:\ffzhzh\SyncFiles\Temp\HFSS_sim\LHS400\train\TSV_RDL\dut494.s2p,
train,TSV_RDL,495,completed,C:\ffzhzh\SyncFiles\Temp\HFSS_sim\LHS400\train\TSV_RDL\dut495.s2p,
train,TSV_RDL,496,completed,C:\ffzhzh\SyncFiles\Temp\HFSS_sim\LHS400\train\TSV_RDL\dut496.s2p,
train,TSV_RDL,497,completed,C:\ffzhzh\SyncFiles\Temp\HFSS_sim\LHS400\train\TSV_RDL\dut497.s2p,
train,TSV_RDL,498,completed,C:\ffzhzh\SyncFiles\Temp\HFSS_sim\LHS400\train\TSV_RDL\dut498.s2p,
train,TSV_RDL,499,completed,C:\ffzhzh\SyncFiles\Temp\HFSS_sim\LHS400\train\TSV_RDL\dut499.s2p,
train,TSV_RDL,500,completed,C:\ffzhzh\SyncFiles\Temp\HFSS_sim\LHS400\train\TSV_RDL\dut500.s2p,
train,TSV_RDL,501,completed,C:\ffzhzh\SyncFiles\Temp\HFSS_sim\LHS400\train\TSV_RDL\dut501.s2p,
train,TSV_RDL,502,completed,C:\ffzhzh\SyncFiles\Temp\HFSS_sim\LHS400\train\TSV_RDL\dut502.s2p,
train,TSV_RDL,503,completed,C:\ffzhzh\SyncFiles\Temp\HFSS_sim\LHS400\train\TSV_RDL\dut503.s2p,
train,TSV_RDL,504,completed,C:\ffzhzh\SyncFiles\Temp\HFSS_sim\LHS400\train\TSV_RDL\dut504.s2p,
train,TSV_RDL,505,completed,C:\ffzhzh\SyncFiles\Temp\HFSS_sim\LHS400\train\TSV_RDL\dut505.s2p,
train,TSV_RDL,506,completed,C:\ffzhzh\SyncFiles\Temp\HFSS_sim\LHS400\train\TSV_RDL\dut506.s2p,
train,TSV_RDL,507,completed,C:\ffzhzh\SyncFiles\Temp\HFSS_sim\LHS400\train\TSV_RDL\dut507.s2p,
train,TSV_RDL,508,completed,C:\ffzhzh\SyncFiles\Temp\HFSS_sim\LHS400\train\TSV_RDL\dut508.s2p,
train,TSV_RDL,509,completed,C:\ffzhzh\SyncFiles\Temp\HFSS_sim\LHS400\train\TSV_RDL\dut509.s2p,
train,TSV_RDL,510,completed,C:\ffzhzh\SyncFiles\Temp\HFSS_sim\LHS400\train\TSV_RDL\dut510.s2p,
train,TSV_RDL,511,completed,C:\ffzhzh\SyncFiles\Temp\HFSS_sim\LHS400\train\TSV_RDL\dut511.s2p,
train,TSV_RDL,512,completed,C:\ffzhzh\SyncFiles\Temp\HFSS_sim\LHS400\train\TSV_RDL\dut512.s2p,
train,TSV_RDL,513,completed,C:\ffzhzh\SyncFiles\Temp\HFSS_sim\LHS400\train\TSV_RDL\dut513.s2p,
train,TSV_RDL,514,completed,C:\ffzhzh\SyncFiles\Temp\HFSS_sim\LHS400\train\TSV_RDL\dut514.s2p,
train,TSV_RDL,515,completed,C:\ffzhzh\SyncFiles\Temp\HFSS_sim\LHS400\train\TSV_RDL\dut515.s2p,
train,TSV_RDL,516,completed,C:\ffzhzh\SyncFiles\Temp\HFSS_sim\LHS400\train\TSV_RDL\dut516.s2p,
train,TSV_RDL,517,completed,C:\ffzhzh\SyncFiles\Temp\HFSS_sim\LHS400\train\TSV_RDL\dut517.s2p,
train,TSV_RDL,518,completed,C:\ffzhzh\SyncFiles\Temp\HFSS_sim\LHS400\train\TSV_RDL\dut518.s2p,
train,TSV_RDL,519,completed,C:\ffzhzh\SyncFiles\Temp\HFSS_sim\LHS400\train\TSV_RDL\dut519.s2p,
train,TSV_RDL,520,completed,C:\ffzhzh\SyncFiles\Temp\HFSS_sim\LHS400\train\TSV_RDL\dut520.s2p,
train,TSV_RDL,521,completed,C:\ffzhzh\SyncFiles\Temp\HFSS_sim\LHS400\train\TSV_RDL\dut521.s2p,
train,TSV_RDL,522,completed,C:\ffzhzh\SyncFiles\Temp\HFSS_sim\LHS400\train\TSV_RDL\dut522.s2p,
train,TSV_RDL,523,completed,C:\ffzhzh\SyncFiles\Temp\HFSS_sim\LHS400\train\TSV_RDL\dut523.s2p,
train,TSV_RDL,524,completed,C:\ffzhzh\SyncFiles\Temp\HFSS_sim\LHS400\train\TSV_RDL\dut524.s2p,
train,TSV_RDL,525,completed,C:\ffzhzh\SyncFiles\Temp\HFSS_sim\LHS400\train\TSV_RDL\dut525.s2p,
train,TSV_RDL,526,completed,C:\ffzhzh\SyncFiles\Temp\HFSS_sim\LHS400\train\TSV_RDL\dut526.s2p,
train,TSV_RDL,527,completed,C:\ffzhzh\SyncFiles\Temp\HFSS_sim\LHS400\train\TSV_RDL\dut527.s2p,
train,TSV_RDL,528,completed,C:\ffzhzh\SyncFiles\Temp\HFSS_sim\LHS400\train\TSV_RDL\dut528.s2p,
train,TSV_RDL,529,completed,C:\ffzhzh\SyncFiles\Temp\HFSS_sim\LHS400\train\TSV_RDL\dut529.s2p,
train,TSV_RDL,530,completed,C:\ffzhzh\SyncFiles\Temp\HFSS_sim\LHS400\train\TSV_RDL\dut530.s2p,
train,TSV_RDL,531,completed,C:\ffzhzh\SyncFiles\Temp\HFSS_sim\LHS400\train\TSV_RDL\dut531.s2p,
train,TSV_RDL,532,completed,C:\ffzhzh\SyncFiles\Temp\HFSS_sim\LHS400\train\TSV_RDL\dut532.s2p,
train,TSV_RDL,533,completed,C:\ffzhzh\SyncFiles\Temp\HFSS_sim\LHS400\train\TSV_RDL\dut533.s2p,
train,TSV_RDL,534,completed,C:\ffzhzh\SyncFiles\Temp\HFSS_sim\LHS400\train\TSV_RDL\dut534.s2p,
train,TSV_RDL,535,completed,C:\ffzhzh\SyncFiles\Temp\HFSS_sim\LHS400\train\TSV_RDL\dut535.s2p,
train,TSV_RDL,536,completed,C:\ffzhzh\SyncFiles\Temp\HFSS_sim\LHS400\train\TSV_RDL\dut536.s2p,
train,TSV_RDL,537,completed,C:\ffzhzh\SyncFiles\Temp\HFSS_sim\LHS400\train\TSV_RDL\dut537.s2p,
train,TSV_RDL,538,completed,C:\ffzhzh\SyncFiles\Temp\HFSS_sim\LHS400\train\TSV_RDL\dut538.s2p,
train,TSV_RDL,539,completed,C:\ffzhzh\SyncFiles\Temp\HFSS_sim\LHS400\train\TSV_RDL\dut539.s2p,
train,TSV_RDL,540,completed,C:\ffzhzh\SyncFiles\Temp\HFSS_sim\LHS400\train\TSV_RDL\dut540.s2p,
train,TSV_RDL,541,completed,C:\ffzhzh\SyncFiles\Temp\HFSS_sim\LHS400\train\TSV_RDL\dut541.s2p,
train,TSV_RDL,542,completed,C:\ffzhzh\SyncFiles\Temp\HFSS_sim\LHS400\train\TSV_RDL\dut542.s2p,
train,TSV_RDL,543,completed,C:\ffzhzh\SyncFiles\Temp\HFSS_sim\LHS400\train\TSV_RDL\dut543.s2p,
train,TSV_RDL,544,completed,C:\ffzhzh\SyncFiles\Temp\HFSS_sim\LHS400\train\TSV_RDL\dut544.s2p,
train,TSV_RDL,545,completed,C:\ffzhzh\SyncFiles\Temp\HFSS_sim\LHS400\train\TSV_RDL\dut545.s2p,
train,TSV_RDL,546,completed,C:\ffzhzh\SyncFiles\Temp\HFSS_sim\LHS400\train\TSV_RDL\dut546.s2p,
train,TSV_RDL,547,completed,C:\ffzhzh\SyncFiles\Temp\HFSS_sim\LHS400\train\TSV_RDL\dut547.s2p,
train,TSV_RDL,548,completed,C:\ffzhzh\SyncFiles\Temp\HFSS_sim\LHS400\train\TSV_RDL\dut548.s2p,
train,TSV_RDL,549,completed,C:\ffzhzh\SyncFiles\Temp\HFSS_sim\LHS400\train\TSV_RDL\dut549.s2p,
train,TSV_RDL,550,completed,C:\ffzhzh\SyncFiles\Temp\HFSS_sim\LHS400\train\TSV_RDL\dut550.s2p,
train,TSV_RDL,551,completed,C:\ffzhzh\SyncFiles\Temp\HFSS_sim\LHS400\train\TSV_RDL\dut551.s2p,
train,TSV_RDL,552,completed,C:\ffzhzh\SyncFiles\Temp\HFSS_sim\LHS400\train\TSV_RDL\dut552.s2p,
train,TSV_RDL,553,completed,C:\ffzhzh\SyncFiles\Temp\HFSS_sim\LHS400\train\TSV_RDL\dut553.s2p,
train,TSV_RDL,554,completed,C:\ffzhzh\SyncFiles\Temp\HFSS_sim\LHS400\train\TSV_RDL\dut554.s2p,
train,TSV_RDL,555,completed,C:\ffzhzh\SyncFiles\Temp\HFSS_sim\LHS400\train\TSV_RDL\dut555.s2p,
train,TSV_RDL,556,completed,C:\ffzhzh\SyncFiles\Temp\HFSS_sim\LHS400\train\TSV_RDL\dut556.s2p,
train,TSV_RDL,557,completed,C:\ffzhzh\SyncFiles\Temp\HFSS_sim\LHS400\train\TSV_RDL\dut557.s2p,
train,TSV_RDL,558,completed,C:\ffzhzh\SyncFiles\Temp\HFSS_sim\LHS400\train\TSV_RDL\dut558.s2p,
train,TSV_RDL,559,completed,C:\ffzhzh\SyncFiles\Temp\HFSS_sim\LHS400\train\TSV_RDL\dut559.s2p,
train,TSV_RDL,560,completed,C:\ffzhzh\SyncFiles\Temp\HFSS_sim\LHS400\train\TSV_RDL\dut560.s2p,
train,TSV_RDL,561,completed,C:\ffzhzh\SyncFiles\Temp\HFSS_sim\LHS400\train\TSV_RDL\dut561.s2p,
train,TSV_RDL,562,completed,C:\ffzhzh\SyncFiles\Temp\HFSS_sim\LHS400\train\TSV_RDL\dut562.s2p,
train,TSV_RDL,563,completed,C:\ffzhzh\SyncFiles\Temp\HFSS_sim\LHS400\train\TSV_RDL\dut563.s2p,
train,TSV_RDL,564,completed,C:\ffzhzh\SyncFiles\Temp\HFSS_sim\LHS400\train\TSV_RDL\dut564.s2p,
train,TSV_RDL,565,completed,C:\ffzhzh\SyncFiles\Temp\HFSS_sim\LHS400\train\TSV_RDL\dut565.s2p,
train,TSV_RDL,566,completed,C:\ffzhzh\SyncFiles\Temp\HFSS_sim\LHS400\train\TSV_RDL\dut566.s2p,
train,TSV_RDL,567,completed,C:\ffzhzh\SyncFiles\Temp\HFSS_sim\LHS400\train\TSV_RDL\dut567.s2p,
train,TSV_RDL,568,completed,C:\ffzhzh\SyncFiles\Temp\HFSS_sim\LHS400\train\TSV_RDL\dut568.s2p,
train,TSV_RDL,569,completed,C:\ffzhzh\SyncFiles\Temp\HFSS_sim\LHS400\train\TSV_RDL\dut569.s2p,
train,TSV_RDL,570,completed,C:\ffzhzh\SyncFiles\Temp\HFSS_sim\LHS400\train\TSV_RDL\dut570.s2p,
train,TSV_RDL,571,completed,C:\ffzhzh\SyncFiles\Temp\HFSS_sim\LHS400\train\TSV_RDL\dut571.s2p,
train,TSV_RDL,572,completed,C:\ffzhzh\SyncFiles\Temp\HFSS_sim\LHS400\train\TSV_RDL\dut572.s2p,
train,TSV_RDL,573,completed,C:\ffzhzh\SyncFiles\Temp\HFSS_sim\LHS400\train\TSV_RDL\dut573.s2p,
train,TSV_RDL,574,completed,C:\ffzhzh\SyncFiles\Temp\HFSS_sim\LHS400\train\TSV_RDL\dut574.s2p,
train,TSV_RDL,575,completed,C:\ffzhzh\SyncFiles\Temp\HFSS_sim\LHS400\train\TSV_RDL\dut575.s2p,
train,TSV_RDL,576,completed,C:\ffzhzh\SyncFiles\Temp\HFSS_sim\LHS400\train\TSV_RDL\dut576.s2p,
train,TSV_RDL,577,completed,C:\ffzhzh\SyncFiles\Temp\HFSS_sim\LHS400\train\TSV_RDL\dut577.s2p,
train,TSV_RDL,578,completed,C:\ffzhzh\SyncFiles\Temp\HFSS_sim\LHS400\train\TSV_RDL\dut578.s2p,
train,TSV_RDL,579,completed,C:\ffzhzh\SyncFiles\Temp\HFSS_sim\LHS400\train\TSV_RDL\dut579.s2p,
train,TSV_RDL,580,completed,C:\ffzhzh\SyncFiles\Temp\HFSS_sim\LHS400\train\TSV_RDL\dut580.s2p,
train,TSV_RDL,581,completed,C:\ffzhzh\SyncFiles\Temp\HFSS_sim\LHS400\train\TSV_RDL\dut581.s2p,
train,TSV_RDL,582,completed,C:\ffzhzh\SyncFiles\Temp\HFSS_sim\LHS400\train\TSV_RDL\dut582.s2p,
train,TSV_RDL,583,completed,C:\ffzhzh\SyncFiles\Temp\HFSS_sim\LHS400\train\TSV_RDL\dut583.s2p,
train,TSV_RDL,584,completed,C:\ffzhzh\SyncFiles\Temp\HFSS_sim\LHS400\train\TSV_RDL\dut584.s2p,
train,TSV_RDL,585,completed,C:\ffzhzh\SyncFiles\Temp\HFSS_sim\LHS400\train\TSV_RDL\dut585.s2p,
train,TSV_RDL,586,completed,C:\ffzhzh\SyncFiles\Temp\HFSS_sim\LHS400\train\TSV_RDL\dut586.s2p,
train,TSV_RDL,587,completed,C:\ffzhzh\SyncFiles\Temp\HFSS_sim\LHS400\train\TSV_RDL\dut587.s2p,
train,TSV_RDL,588,completed,C:\ffzhzh\SyncFiles\Temp\HFSS_sim\LHS400\train\TSV_RDL\dut588.s2p,
train,TSV_RDL,589,completed,C:\ffzhzh\SyncFiles\Temp\HFSS_sim\LHS400\train\TSV_RDL\dut589.s2p,
train,TSV_RDL,590,completed,C:\ffzhzh\SyncFiles\Temp\HFSS_sim\LHS400\train\TSV_RDL\dut590.s2p,
train,TSV_RDL,591,completed,C:\ffzhzh\SyncFiles\Temp\HFSS_sim\LHS400\train\TSV_RDL\dut591.s2p,
train,TSV_RDL,592,completed,C:\ffzhzh\SyncFiles\Temp\HFSS_sim\LHS400\train\TSV_RDL\dut592.s2p,
train,TSV_RDL,593,completed,C:\ffzhzh\SyncFiles\Temp\HFSS_sim\LHS400\train\TSV_RDL\dut593.s2p,
train,TSV_RDL,594,completed,C:\ffzhzh\SyncFiles\Temp\HFSS_sim\LHS400\train\TSV_RDL\dut594.s2p,
train,TSV_RDL,595,completed,C:\ffzhzh\SyncFiles\Temp\HFSS_sim\LHS400\train\TSV_RDL\dut595.s2p,
train,TSV_RDL,596,completed,C:\ffzhzh\SyncFiles\Temp\HFSS_sim\LHS400\train\TSV_RDL\dut596.s2p,
train,TSV_RDL,597,completed,C:\ffzhzh\SyncFiles\Temp\HFSS_sim\LHS400\train\TSV_RDL\dut597.s2p,
train,TSV_RDL,598,completed,C:\ffzhzh\SyncFiles\Temp\HFSS_sim\LHS400\train\TSV_RDL\dut598.s2p,
train,TSV_RDL,599,completed,C:\ffzhzh\SyncFiles\Temp\HFSS_sim\LHS400\train\TSV_RDL\dut599.s2p,
train,TSV_RDL,600,completed,C:\ffzhzh\SyncFiles\Temp\HFSS_sim\LHS400\train\TSV_RDL\dut600.s2p,
train,TSV_RDL,601,completed,C:\ffzhzh\SyncFiles\Temp\HFSS_sim\LHS400\train\TSV_RDL\dut601.s2p,
train,TSV_RDL,602,completed,C:\ffzhzh\SyncFiles\Temp\HFSS_sim\LHS400\train\TSV_RDL\dut602.s2p,
train,TSV_RDL,603,completed,C:\ffzhzh\SyncFiles\Temp\HFSS_sim\LHS400\train\TSV_RDL\dut603.s2p,
train,TSV_RDL,604,completed,C:\ffzhzh\SyncFiles\Temp\HFSS_sim\LHS400\train\TSV_RDL\dut604.s2p,
train,TSV_RDL,605,completed,C:\ffzhzh\SyncFiles\Temp\HFSS_sim\LHS400\train\TSV_RDL\dut605.s2p,
train,TSV_RDL,606,completed,C:\ffzhzh\SyncFiles\Temp\HFSS_sim\LHS400\train\TSV_RDL\dut606.s2p,
train,TSV_RDL,607,completed,C:\ffzhzh\SyncFiles\Temp\HFSS_sim\LHS400\train\TSV_RDL\dut607.s2p,
train,TSV_RDL,608,completed,C:\ffzhzh\SyncFiles\Temp\HFSS_sim\LHS400\train\TSV_RDL\dut608.s2p,
train,TSV_RDL,609,completed,C:\ffzhzh\SyncFiles\Temp\HFSS_sim\LHS400\train\TSV_RDL\dut609.s2p,
train,TSV_RDL,610,completed,C:\ffzhzh\SyncFiles\Temp\HFSS_sim\LHS400\train\TSV_RDL\dut610.s2p,
train,TSV_RDL,611,completed,C:\ffzhzh\SyncFiles\Temp\HFSS_sim\LHS400\train\TSV_RDL\dut611.s2p,
train,TSV_RDL,612,completed,C:\ffzhzh\SyncFiles\Temp\HFSS_sim\LHS400\train\TSV_RDL\dut612.s2p,
train,TSV_RDL,613,completed,C:\ffzhzh\SyncFiles\Temp\HFSS_sim\LHS400\train\TSV_RDL\dut613.s2p,
train,TSV_RDL,614,completed,C:\ffzhzh\SyncFiles\Temp\HFSS_sim\LHS400\train\TSV_RDL\dut614.s2p,
train,TSV_RDL,615,completed,C:\ffzhzh\SyncFiles\Temp\HFSS_sim\LHS400\train\TSV_RDL\dut615.s2p,
train,TSV_RDL,616,completed,C:\ffzhzh\SyncFiles\Temp\HFSS_sim\LHS400\train\TSV_RDL\dut616.s2p,
train,TSV_RDL,617,completed,C:\ffzhzh\SyncFiles\Temp\HFSS_sim\LHS400\train\TSV_RDL\dut617.s2p,
train,TSV_RDL,618,completed,C:\ffzhzh\SyncFiles\Temp\HFSS_sim\LHS400\train\TSV_RDL\dut618.s2p,
train,TSV_RDL,619,completed,C:\ffzhzh\SyncFiles\Temp\HFSS_sim\LHS400\train\TSV_RDL\dut619.s2p,
train,TSV_RDL,620,completed,C:\ffzhzh\SyncFiles\Temp\HFSS_sim\LHS400\train\TSV_RDL\dut620.s2p,
train,TSV_RDL,621,completed,C:\ffzhzh\SyncFiles\Temp\HFSS_sim\LHS400\train\TSV_RDL\dut621.s2p,
train,TSV_RDL,622,completed,C:\ffzhzh\SyncFiles\Temp\HFSS_sim\LHS400\train\TSV_RDL\dut622.s2p,
train,TSV_RDL,623,completed,C:\ffzhzh\SyncFiles\Temp\HFSS_sim\LHS400\train\TSV_RDL\dut623.s2p,
train,TSV_RDL,624,completed,C:\ffzhzh\SyncFiles\Temp\HFSS_sim\LHS400\train\TSV_RDL\dut624.s2p,
train,TSV_RDL,625,completed,C:\ffzhzh\SyncFiles\Temp\HFSS_sim\LHS400\train\TSV_RDL\dut625.s2p,
train,TSV_RDL,626,completed,C:\ffzhzh\SyncFiles\Temp\HFSS_sim\LHS400\train\TSV_RDL\dut626.s2p,
train,TSV_RDL,627,completed,C:\ffzhzh\SyncFiles\Temp\HFSS_sim\LHS400\train\TSV_RDL\dut627.s2p,
train,TSV_RDL,628,completed,C:\ffzhzh\SyncFiles\Temp\HFSS_sim\LHS400\train\TSV_RDL\dut628.s2p,
train,TSV_RDL,629,completed,C:\ffzhzh\SyncFiles\Temp\HFSS_sim\LHS400\train\TSV_RDL\dut629.s2p,
train,TSV_RDL,630,completed,C:\ffzhzh\SyncFiles\Temp\HFSS_sim\LHS400\train\TSV_RDL\dut630.s2p,
train,TSV_RDL,631,completed,C:\ffzhzh\SyncFiles\Temp\HFSS_sim\LHS400\train\TSV_RDL\dut631.s2p,
train,TSV_RDL,632,completed,C:\ffzhzh\SyncFiles\Temp\HFSS_sim\LHS400\train\TSV_RDL\dut632.s2p,
train,TSV_RDL,633,completed,C:\ffzhzh\SyncFiles\Temp\HFSS_sim\LHS400\train\TSV_RDL\dut633.s2p,
train,TSV_RDL,634,completed,C:\ffzhzh\SyncFiles\Temp\HFSS_sim\LHS400\train\TSV_RDL\dut634.s2p,
train,TSV_RDL,635,completed,C:\ffzhzh\SyncFiles\Temp\HFSS_sim\LHS400\train\TSV_RDL\dut635.s2p,
train,TSV_RDL,636,completed,C:\ffzhzh\SyncFiles\Temp\HFSS_sim\LHS400\train\TSV_RDL\dut636.s2p,
train,TSV_RDL,637,completed,C:\ffzhzh\SyncFiles\Temp\HFSS_sim\LHS400\train\TSV_RDL\dut637.s2p,
train,TSV_RDL,638,completed,C:\ffzhzh\SyncFiles\Temp\HFSS_sim\LHS400\train\TSV_RDL\dut638.s2p,
train,TSV_RDL,639,completed,C:\ffzhzh\SyncFiles\Temp\HFSS_sim\LHS400\train\TSV_RDL\dut639.s2p,
train,TSV_RDL,640,completed,C:\ffzhzh\SyncFiles\Temp\HFSS_sim\LHS400\train\TSV_RDL\dut640.s2p,
train,TSV_RDL,641,completed,C:\ffzhzh\SyncFiles\Temp\HFSS_sim\LHS400\train\TSV_RDL\dut641.s2p,
train,TSV_RDL,642,completed,C:\ffzhzh\SyncFiles\Temp\HFSS_sim\LHS400\train\TSV_RDL\dut642.s2p,
train,TSV_RDL,643,completed,C:\ffzhzh\SyncFiles\Temp\HFSS_sim\LHS400\train\TSV_RDL\dut643.s2p,
train,TSV_RDL,644,completed,C:\ffzhzh\SyncFiles\Temp\HFSS_sim\LHS400\train\TSV_RDL\dut644.s2p,
train,TSV_RDL,645,completed,C:\ffzhzh\SyncFiles\Temp\HFSS_sim\LHS400\train\TSV_RDL\dut645.s2p,
train,TSV_RDL,646,completed,C:\ffzhzh\SyncFiles\Temp\HFSS_sim\LHS400\train\TSV_RDL\dut646.s2p,
train,TSV_RDL,647,completed,C:\ffzhzh\SyncFiles\Temp\HFSS_sim\LHS400\train\TSV_RDL\dut647.s2p,
train,TSV_RDL,648,completed,C:\ffzhzh\SyncFiles\Temp\HFSS_sim\LHS400\train\TSV_RDL\dut648.s2p,
train,TSV_RDL,649,completed,C:\ffzhzh\SyncFiles\Temp\HFSS_sim\LHS400\train\TSV_RDL\dut649.s2p,
train,TSV_RDL,650,completed,C:\ffzhzh\SyncFiles\Temp\HFSS_sim\LHS400\train\TSV_RDL\dut650.s2p,
train,TSV_RDL,651,completed,C:\ffzhzh\SyncFiles\Temp\HFSS_sim\LHS400\train\TSV_RDL\dut651.s2p,
train,TSV_RDL,652,completed,C:\ffzhzh\SyncFiles\Temp\HFSS_sim\LHS400\train\TSV_RDL\dut652.s2p,
train,TSV_RDL,653,completed,C:\ffzhzh\SyncFiles\Temp\HFSS_sim\LHS400\train\TSV_RDL\dut653.s2p,
train,TSV_RDL,654,completed,C:\ffzhzh\SyncFiles\Temp\HFSS_sim\LHS400\train\TSV_RDL\dut654.s2p,
train,TSV_RDL,655,completed,C:\ffzhzh\SyncFiles\Temp\HFSS_sim\LHS400\train\TSV_RDL\dut655.s2p,
train,TSV_RDL,656,completed,C:\ffzhzh\SyncFiles\Temp\HFSS_sim\LHS400\train\TSV_RDL\dut656.s2p,
train,TSV_RDL,657,completed,C:\ffzhzh\SyncFiles\Temp\HFSS_sim\LHS400\train\TSV_RDL\dut657.s2p,
train,TSV_RDL,658,completed,C:\ffzhzh\SyncFiles\Temp\HFSS_sim\LHS400\train\TSV_RDL\dut658.s2p,
train,TSV_RDL,659,completed,C:\ffzhzh\SyncFiles\Temp\HFSS_sim\LHS400\train\TSV_RDL\dut659.s2p,
train,TSV_RDL,660,completed,C:\ffzhzh\SyncFiles\Temp\HFSS_sim\LHS400\train\TSV_RDL\dut660.s2p,
train,TSV_RDL,661,completed,C:\ffzhzh\SyncFiles\Temp\HFSS_sim\LHS400\train\TSV_RDL\dut661.s2p,
train,TSV_RDL,662,completed,C:\ffzhzh\SyncFiles\Temp\HFSS_sim\LHS400\train\TSV_RDL\dut662.s2p,
train,TSV_RDL,663,completed,C:\ffzhzh\SyncFiles\Temp\HFSS_sim\LHS400\train\TSV_RDL\dut663.s2p,
train,TSV_RDL,664,completed,C:\ffzhzh\SyncFiles\Temp\HFSS_sim\LHS400\train\TSV_RDL\dut664.s2p,
train,TSV_RDL,665,completed,C:\ffzhzh\SyncFiles\Temp\HFSS_sim\LHS400\train\TSV_RDL\dut665.s2p,
train,TSV_RDL,666,completed,C:\ffzhzh\SyncFiles\Temp\HFSS_sim\LHS400\train\TSV_RDL\dut666.s2p,
train,TSV_RDL,667,completed,C:\ffzhzh\SyncFiles\Temp\HFSS_sim\LHS400\train\TSV_RDL\dut667.s2p,
train,TSV_RDL,668,completed,C:\ffzhzh\SyncFiles\Temp\HFSS_sim\LHS400\train\TSV_RDL\dut668.s2p,
train,TSV_RDL,669,completed,C:\ffzhzh\SyncFiles\Temp\HFSS_sim\LHS400\train\TSV_RDL\dut669.s2p,
train,TSV_RDL,670,completed,C:\ffzhzh\SyncFiles\Temp\HFSS_sim\LHS400\train\TSV_RDL\dut670.s2p,
train,TSV_RDL,671,completed,C:\ffzhzh\SyncFiles\Temp\HFSS_sim\LHS400\train\TSV_RDL\dut671.s2p,
train,TSV_RDL,672,completed,C:\ffzhzh\SyncFiles\Temp\HFSS_sim\LHS400\train\TSV_RDL\dut672.s2p,
train,TSV_RDL,673,completed,C:\ffzhzh\SyncFiles\Temp\HFSS_sim\LHS400\train\TSV_RDL\dut673.s2p,
train,TSV_RDL,674,completed,C:\ffzhzh\SyncFiles\Temp\HFSS_sim\LHS400\train\TSV_RDL\dut674.s2p,
train,TSV_RDL,675,completed,C:\ffzhzh\SyncFiles\Temp\HFSS_sim\LHS400\train\TSV_RDL\dut675.s2p,
train,TSV_RDL,676,completed,C:\ffzhzh\SyncFiles\Temp\HFSS_sim\LHS400\train\TSV_RDL\dut676.s2p,
train,TSV_RDL,677,completed,C:\ffzhzh\SyncFiles\Temp\HFSS_sim\LHS400\train\TSV_RDL\dut677.s2p,
train,TSV_RDL,678,completed,C:\ffzhzh\SyncFiles\Temp\HFSS_sim\LHS400\train\TSV_RDL\dut678.s2p,
train,TSV_RDL,679,completed,C:\ffzhzh\SyncFiles\Temp\HFSS_sim\LHS400\train\TSV_RDL\dut679.s2p,
train,TSV_RDL,680,completed,C:\ffzhzh\SyncFiles\Temp\HFSS_sim\LHS400\train\TSV_RDL\dut680.s2p,
train,TSV_RDL,681,completed,C:\ffzhzh\SyncFiles\Temp\HFSS_sim\LHS400\train\TSV_RDL\dut681.s2p,
train,TSV_RDL,682,completed,C:\ffzhzh\SyncFiles\Temp\HFSS_sim\LHS400\train\TSV_RDL\dut682.s2p,
train,TSV_RDL,683,completed,C:\ffzhzh\SyncFiles\Temp\HFSS_sim\LHS400\train\TSV_RDL\dut683.s2p,
train,TSV_RDL,684,completed,C:\ffzhzh\SyncFiles\Temp\HFSS_sim\LHS400\train\TSV_RDL\dut684.s2p,
train,TSV_RDL,685,completed,C:\ffzhzh\SyncFiles\Temp\HFSS_sim\LHS400\train\TSV_RDL\dut685.s2p,
train,TSV_RDL,686,completed,C:\ffzhzh\SyncFiles\Temp\HFSS_sim\LHS400\train\TSV_RDL\dut686.s2p,
train,TSV_RDL,687,completed,C:\ffzhzh\SyncFiles\Temp\HFSS_sim\LHS400\train\TSV_RDL\dut687.s2p,
train,TSV_RDL,688,completed,C:\ffzhzh\SyncFiles\Temp\HFSS_sim\LHS400\train\TSV_RDL\dut688.s2p,
train,TSV_RDL,689,completed,C:\ffzhzh\SyncFiles\Temp\HFSS_sim\LHS400\train\TSV_RDL\dut689.s2p,
train,TSV_RDL,690,completed,C:\ffzhzh\SyncFiles\Temp\HFSS_sim\LHS400\train\TSV_RDL\dut690.s2p,
train,TSV_RDL,691,completed,C:\ffzhzh\SyncFiles\Temp\HFSS_sim\LHS400\train\TSV_RDL\dut691.s2p,
train,TSV_RDL,692,completed,C:\ffzhzh\SyncFiles\Temp\HFSS_sim\LHS400\train\TSV_RDL\dut692.s2p,
train,TSV_RDL,693,completed,C:\ffzhzh\SyncFiles\Temp\HFSS_sim\LHS400\train\TSV_RDL\dut693.s2p,
train,TSV_RDL,694,completed,C:\ffzhzh\SyncFiles\Temp\HFSS_sim\LHS400\train\TSV_RDL\dut694.s2p,
train,TSV_RDL,695,completed,C:\ffzhzh\SyncFiles\Temp\HFSS_sim\LHS400\train\TSV_RDL\dut695.s2p,
train,TSV_RDL,696,completed,C:\ffzhzh\SyncFiles\Temp\HFSS_sim\LHS400\train\TSV_RDL\dut696.s2p,
train,TSV_RDL,697,completed,C:\ffzhzh\SyncFiles\Temp\HFSS_sim\LHS400\train\TSV_RDL\dut697.s2p,
train,TSV_RDL,698,completed,C:\ffzhzh\SyncFiles\Temp\HFSS_sim\LHS400\train\TSV_RDL\dut698.s2p,
train,TSV_RDL,699,completed,C:\ffzhzh\SyncFiles\Temp\HFSS_sim\LHS400\train\TSV_RDL\dut699.s2p,
