l_rdl,w_rdl,t_rdl,h_tsv,p_rdl,R1,R2,R3,L1,L2,L3,Cox,Csi,Rsi,rmse,scale_max,scale_min
332.81,24.15,3.74,75.89,49.14,616.6987565993802,1644.0893514948996,1833.5343669613696,809.5882297767124,783.9725218113349,26.676210370046352,145.9201896236506,110.68027998037788,0.057783593936135316,0.003896137518251077,3.1147939829111415,0.59696006780543
400.65,15.01,4.9,74.27,41.05,1510.898295428889,878.7021075614215,1785.6815556550096,838.0412147316472,72.27213831872896,15.490686621955483,104.90400725310336,108.65563664812838,0.05798927680450593,0.003943242484338116,1.6917658601413603,0.3657857835387949
655.4,22.91,4.83,82.58,52.73,916.966833059535,688.3946000578669,1027.5792141955403,789.4146793625284,63.64451063146553,14.522226580234824,143.65139079693992,102.82890708623319,0.06039100706681938,0.004629931715391541,1.4942312202069696,0.30496459926641306
477.76,15.85,2.33,95.61,50.18,1266.0430434420527,4770.3123264528795,2466.9084995315616,1008.7778758171264,1206.6186528733006,20.105570415900182,105.22361553442374,93.29184985254733,0.06506019874907963,0.0017005695175543413,2.029423915901657,0.5498755169060924
307.42,26.47,4.23,79.47,41.59,588.8706344298633,1048.6052601116628,1928.3890588327508,638.8756568104109,491.4276352438855,29.404936246754765,158.60127219134597,137.27332874760944,0.047893873164248285,0.0075109408972120865,2.117931368435979,0.5604226530001664
151.68,25.53,2.92,78.63,51.49,892.9382264713918,2597.2414142325497,2535.9630186646455,981.2819453224935,1132.1165798687157,26.680913152161448,151.6230129855353,112.9141036748843,0.058294268142783434,0.002278911714696167,3.0938317554319426,0.5828183599618377
403.9,20.1,3.74,86.11,58.86,642.6986071939383,2434.2480290761578,1733.4975473815618,984.8922628200648,1053.7763033711408,26.653846340487423,126.46857347997137,91.35304431330029,0.0678913295609265,0.0022492802126975148,4.015125616021732,0.5879650126114114
291.84,15.7,4.28,76.53,52.63,1353.798864401268,1165.6098372453228,1782.6478378508557,1031.5113796823773,73.63356548672692,18.26727960825062,106.2655522345779,93.15416344267707,0.06778279849198843,0.003413461184548517,1.433949615159587,0.3331042458631943
590.67,20.41,3.72,51.77,46.14,644.3462480198884,2002.6589972556094,1780.9172807406858,794.7126096479168,941.8143599664111,26.774113842754286,130.07568585637694,103.04726641859773,0.06310147000625864,0.002594136587205501,3.493532042037941,0.5978027603021225
216.98,22.36,2.45,98.51,54.42,1047.0502139187927,3331.9776670624124,2508.202498799304,1040.0229265229232,1098.2116464156732,21.535058645572903,135.63974553265425,101.31337445154178,0.062110736077611216,0.0021380224164299815,2.3159274551333264,0.5604732270680135
125.96,10.1,4.21,63.95,59.58,1355.8230214231992,3535.8773395502344,3147.0747199957905,1523.074384548216,176.38834221693497,33.33500619649887,79.97065473455213,84.02711823549606,0.07971860032448438,0.0024550912491244446,1.614783055677298,0.5790376573106499
623.66,26.91,2.48,93.51,59.02,780.5036976685777,2126.6691609503814,1152.4494799472404,852.2663887827006,1011.712862229421,14.35620300417445,159.66122795656554,98.98356134681401,0.06186830966835837,0.0032237472993574385,1.602157223933288,0.35036524216451076
289.03,26.82,3.14,58.84,48.35,711.7240192541774,1739.2292840234009,2019.6338499220421,775.4837076129186,911.167031038255,24.426671665110003,159.73275657606408,115.60923489244684,0.05780371317747533,0.00297698290007616,2.885772309520699,0.5216078109293364
397.13,22.02,3.82,82.07,42.22,647.2713591790341,1626.4663895584379,1951.3829083799346,735.1498379408333,762.8886660293252,27.950292001557848,136.64986460195047,120.61291559362972,0.052512134048304376,0.00404827167232285,3.0170760920246718,0.5727622760190754
147.12,15.7,3.21,50.58,57.17,1026.9844235527264,4721.83169728378,2885.0327258147254,1319.2753270611372,1316.793875693447,31.08550655438968,105.19777751604737,87.25339454010776,0.07905791586110006,0.0032528340619987725,4.107810962305322,0.6212326310578848
154.17,28.14,3.28,95.03,56.61,747.0737134197984,2107.8892684074617,2216.633988015119,996.5083545867399,1022.1212493496311,27.553968001737463,164.49586920598836,111.41642588624967,0.0585905429171535,0.002720965448890546,3.3099572208125814,0.5938093762741097
683.56,22.1,4.55,78.53,44.62,533.5369407405215,1236.0499909083492,1553.967388476473,713.8480353199881,469.48144276862763,27.746159960284977,141.33569210668819,115.06148694359572,0.05442801026299063,0.005815990105338345,2.1006911772807055,0.5760440638452023
460.31,17.78,3.08,60.17,48.93,865.6617962898181,3182.0479676503433,2167.7054556895177,922.1352495923574,1183.0191564100323,25.25799846885727,116.34340591396914,95.76299535999462,0.06627699562263951,0.0021415250787993776,3.471931601594307,0.5816050492032985
359.58,16.92,4.34,82.72,55.38,695.5223390897715,2002.7622225011505,1930.1841300621563,1005.6638942281736,477.9745533263038,29.351291561920053,111.59646715171468,90.77576937531084,0.06751394030046354,0.00408902186509575,2.2145437016232763,0.5696682100040255
443.54,22.08,3.8,71.6,51.74,606.8013827874275,1855.6423082953424,1703.0481686536134,850.6803271768694,874.5653963972051,26.32373817218875,137.47449706289655,101.44033623793156,0.06235599816513381,0.0029708545440984883,3.416546322553836,0.59460115991665
698.5,26.8,3.98,79.98,55.49,469.59896167968634,1379.735675239918,1241.3827066682998,770.574210974917,1003.0642012570978,24.286091204531495,160.4789544037556,103.67247421603967,0.06024215656834032,0.003085719163614954,3.6671901526558233,0.5877078415048298
388.17,29.38,4.41,58.68,57.74,488.9668917788284,998.073017493459,1399.8868395681977,791.980426684254,366.531487040711,24.319116825764315,172.29203434273606,103.18902775540153,0.06489445662389669,0.006499590384359837,1.7592233290746344,0.5794272360184756
155.51,27.71,4.39,76.22,43.99,659.6323941107011,1134.839902708848,2130.8444681320543,719.5536810966388,402.9417391548529,31.70124930865235,164.7232835848061,137.88693298603678,0.049107802112444594,0.008278190054556775,1.671018424089974,0.5729685793685951
628.28,12.77,2.02,93.98,52.46,1745.9737246915038,6772.393538924987,2308.3625236044763,1094.5457927935352,1180.1421236596852,16.94785873230604,91.95432589839093,85.78696485255813,0.06986537680366704,0.001884244820238123,2.0458831224255776,0.5357195394550137
545.7,17.66,2.27,53.6,48.59,1199.3942353941636,3966.2903446106075,2197.125461255572,935.3687854316099,1095.559024306024,17.99299193725877,114.35821349679868,93.04665812951363,0.0685349359506798,0.0023556090332767588,1.9645812928857895,0.5169319550111874
520.85,20.32,2.74,73.13,55.28,871.2401028632216,2948.4313463882286,1798.6502830800782,942.7463503325705,1142.5933132141352,20.197790995131594,127.22043184434544,92.45547408878423,0.06720484737552285,0.002423901136855267,2.6174933889797827,0.5583162267287886
597.89,26.65,3.21,84.31,56.9,597.9204209438781,1729.8295782439031,1335.8525844980693,816.8207296723112,1080.603281038408,20.604558762373816,159.29392637633717,101.64955353201664,0.06111733436503531,0.0030897698730191357,3.010884876821685,0.4969860590487788
408.7,18.42,3.54,88.69,59.17,717.5679751899295,2983.9407446941614,1874.433554253265,1022.7767589475001,1211.0283256810646,26.73058801652943,118.57846821904039,88.99064686906534,0.06933901504698267,0.0021353509786258404,4.290670967581644,0.5802674872586526
517.11,21.08,3.06,73.76,59.34,744.4341400198955,2656.353127820037,1620.431698941391,961.403538012226,1209.5336322940211,21.830045724830587,131.55616723993793,89.50414461224479,0.06957053693930966,0.0027029398086807154,3.2423089342873364,0.5970952113019921
232.51,20.16,3.53,86.29,57.34,739.2184684109915,2700.36643446268,2108.4831184003333,1066.991009271209,1023.4313808718954,28.002255818808386,126.49233461072464,95.06912469242248,0.0666228665730476,0.0025849330261074267,3.7988731739080683,0.59378133141872
564.61,12.64,2.95,79.12,43.84,1165.2785606777395,5525.038127406001,2853.5982068829985,970.4389929397549,1435.8732009358605,28.29829120513147,91.47817298683708,96.20687755306116,0.06361637484948954,0.0014457197045913567,3.7696495386423603,0.5330754968063891
411.09,17.43,3.63,65.98,44.22,761.836968390486,2673.994006359085,2173.5286121024405,862.1836670419611,1011.9165726118684,29.033771804803767,115.28355285701858,104.6308558592619,0.06043937186402292,0.002569245271598927,3.741535894867148,0.5680025335338308
537.4,22.16,2.88,77.51,48.1,790.9177163409321,2343.099870397187,1868.9872111501463,813.434574553971,1042.8438167802078,21.491084117166327,136.54186508801556,106.23134769835656,0.05875191483655478,0.002201811191204379,2.7633016369562506,0.5375074114477644
171.48,13.06,2.75,77.41,56.68,1329.9280994799428,6815.281839893002,3424.4136736235037,1360.9725372263938,1562.5944762301122,29.37537975259696,92.02828556371462,86.55405009693757,0.07392910027928604,0.0017409295904480843,3.7876756042348982,0.569915153648498
388.67,26.48,4.14,96.11,47.12,559.5437812282131,1083.304695116603,1685.193842368601,711.3123550632096,539.3432729197954,26.346730290241258,158.09948556373433,121.60690364971876,0.05203760971910874,0.005478959053944686,2.3632208547438633,0.5723993806334852
107.96,20.32,2.04,69.86,46.87,1639.7722995099466,5275.966653653363,3894.8133785428668,1174.3543744947724,1260.3646649469665,23.92284231590977,126.46301005453513,111.15506463017496,0.059945195398468536,0.002186408654139962,2.636422511844613,0.5720445976829677
473.25,27.46,4.73,71.65,44.09,565.26327023803,656.4210487771975,1605.1949864649575,619.8939586492173,310.30937505623064,25.42202509549956,166.01447237964874,130.63133640177315,0.0494500222554327,0.007099200107282382,1.5095221704522714,0.5081816457220588
449.37,11.06,4.43,95.46,40.4,1267.900682080534,2020.543066295265,2504.2074947433757,935.4996941755298,116.68610885310731,28.083864832353456,85.42205264863796,102.80888708339005,0.05998597418212793,0.0030624214280481304,1.506060066776387,0.5204716499890117
349.47,29.89,3.08,94.08,42.16,728.8455918035623,1258.6945617706936,2186.145081778182,595.4616686216821,768.3175078320102,25.608043184702634,175.4949611311012,146.70551641107008,0.04487745912682085,0.002280734822896377,2.3540984120252384,0.43380313816434324
503.19,23.05,4.56,62.54,49.0,552.7124919731062,1105.5756771873957,1541.386546441775,766.9819942398934,415.9410564444462,26.169446768317936,144.58088931234684,106.82743031728417,0.06015400656491756,0.005746813063526034,1.9569948718198775,0.6024211447804343
195.08,18.91,4.63,79.98,44.2,1531.2827651681046,856.1870956966264,1899.2089953257932,884.3039331687194,69.11210123735817,14.963136311073317,122.32102987399166,113.57720717605416,0.05671704074671196,0.004691428188755833,1.7623287806211154,0.32878181419788677
641.56,13.25,4.66,84.55,51.12,1139.3763753676908,1389.821872999144,1744.9717392976722,971.1400788334495,89.73798364635942,22.919326340314253,96.13600020906141,90.23989022554792,0.0676595017169046,0.0031740574253399617,1.4095021765482882,0.4120053680101291
133.52,15.35,3.66,65.14,51.97,940.2050018806665,4078.6312353231647,2791.4638724725796,1241.2834161523274,1129.097298560022,33.935848893754894,104.37529288065488,96.16602366892813,0.06894245312002134,0.002765880069329797,4.048347669740026,0.5899873600076749
340.3,14.76,4.16,99.99,41.39,1089.8952092961317,1727.051768008044,2226.8098652863955,888.1645986660967,110.54579276841665,25.580394095180957,101.77808386807575,108.22233044399654,0.057371524287908884,0.004208108474719797,1.4423850968605483,0.4782889903648594
638.38,16.31,2.3,85.36,42.18,1266.007103529804,4096.574241102965,2487.9385234316314,872.4646112012101,1082.6218189862852,19.93080345845118,108.98573512676948,104.71754620485667,0.05826699907874564,0.001679411718766095,2.0185100779721803,0.541939703358514
485.28,29.08,3.68,62.92,56.4,513.5950978677369,1324.405286533588,1388.2156790438028,776.9343447981493,860.8881694904883,22.97876134264402,171.25298618698255,104.31858350293837,0.06278138135288758,0.0037307965509800482,3.1632353876181427,0.5352961348077646
531.17,13.98,3.85,59.34,50.11,816.9025292906656,3809.070794729691,2232.545904811166,986.5252379760925,1130.4342789638622,31.152018375511894,98.07339162711666,88.91042619090726,0.07090110181363604,0.0019847661860952254,4.376009855094391,0.565729823032846
464.92,27.77,2.11,56.26,58.38,966.6836171875178,2344.2819451498694,1398.8083134378069,872.3151673543975,872.3322607540053,12.18300698135496,162.52529680726144,96.10071576522166,0.06851875473178438,0.0039258339327184096,1.6954415814991592,0.2961528540704425
411.23,17.75,4.68,65.89,46.72,1021.3344694947673,900.5695800895357,1682.5236078762814,858.4029463890643,84.58139336753072,19.98772473327631,116.25065692809817,101.32916715156973,0.061689539874173124,0.004304152352282025,1.3376021191429621,0.42033019721627085
380.75,10.48,4.0,60.55,45.45,1023.6864428329213,5423.858052733145,2913.9918232208465,1051.2589982726013,1038.584216514864,35.56016642761713,80.86468345631006,90.95958545583454,0.06883363922821074,0.002216058006440335,4.21861931491609,0.5390976529999442
143.59,18.65,3.68,58.93,59.4,822.1070874993654,3123.5378266719595,2441.369885447543,1260.2931257839075,950.889294456574,31.642830863706617,120.21721160199628,91.4279114559574,0.07449889185669614,0.0032498826592921707,3.5437866834709233,0.6266666046518717
514.95,18.19,4.33,95.76,46.85,652.5325077526059,1704.9325179176176,1840.6331332083862,840.1526237698689,566.2537039623188,28.893640967253937,120.18576839056001,104.28503353471265,0.05868270079469468,0.003940121427514746,2.5307529613424733,0.558109406595306
672.4,29.22,2.71,84.81,51.37,700.2339068526276,1560.4427318056719,1392.0619311464222,714.3810679729949,886.1010997625419,17.330541920578817,172.77535796052067,115.14886924387132,0.0544146338136011,0.0031091076481844717,1.9343467875407752,0.3664231400302006
435.06,18.82,3.95,81.17,46.61,673.785004408201,2047.3566550428036,1951.4884962519081,847.9382987464377,778.7113817605799,28.797581808532314,122.45381191674784,105.03211699548386,0.05930258352195114,0.0035305025997029458,3.202276335285765,0.5679021012019042
673.35,11.23,4.94,61.1,55.35,1246.4707766987724,1487.7016399930894,1790.9978686265495,1049.7573496541438,91.71388709584798,23.71123437895974,86.75743850756022,81.21440345313769,0.07701188478021723,0.002579075661072437,1.3912051924648905,0.4233055397079106
546.64,29.64,3.95,82.56,46.38,521.7697493312947,950.250086815156,1583.9420511624414,623.3083948450444,628.7689954833324,25.52509702757126,175.71166013879323,130.49192287878768,0.0495349563325777,0.004988136186360894,2.545097786479266,0.499674396322588
437.84,28.03,4.92,61.94,54.92,919.320883155848,628.4898269008688,1106.1123132256591,755.55943893878,62.955727535640264,12.633130732118564,167.28922474926085,106.3381643475726,0.06186945633079226,0.006794367281244651,1.6046882377919636,0.3029085341879643
319.23,14.56,2.16,54.13,45.65,1520.7320320097256,5946.533168447016,3247.9626158763012,1042.5151570963908,1202.1351757215793,21.64224776168307,98.47706597073032,93.94929566846628,0.0684569042270283,0.0023675844348247056,2.4614635081918697,0.5696785165025049
516.64,15.76,4.48,55.6,59.9,667.4739780375795,2410.393372482875,1804.9583575380482,1027.2637433041614,611.8975534644924,30.280475889057367,107.84338906590752,80.9680999408662,0.07941308979929647,0.003272019424320052,2.7569879374509747,0.5997183040568936
591.18,27.14,2.17,82.52,52.35,941.5243814937894,2157.4820765027825,1380.7845277704394,786.4891246020792,864.328829591936,12.779803393427464,161.13915855531917,108.08743950114778,0.05766530301709503,0.002940769162207657,1.6248233477420135,0.29278616799186524
581.9,28.77,4.29,70.57,46.62,499.57156889536526,869.1192371880871,1487.4762278748647,630.5015983109963,531.6665943980897,25.512671217320626,173.70497266641846,126.38895729887261,0.051618347172232876,0.006101313719646892,2.2920425184530084,0.516514605306111
607.99,18.7,2.17,84.22,51.73,1201.1645478387145,3676.3923709961414,1788.6800908790726,939.4390016653451,1019.9658583957598,15.39643619896685,120.56475619240076,94.62627752478086,0.0643124725480602,0.0022425729217411044,1.794359849659767,0.4271315468176708
108.1,24.09,2.43,70.85,44.25,1272.1337883068393,3652.7138919223516,3449.9358480438364,975.5524424155618,1270.7049185142578,27.320248427517253,144.88695736581886,125.54734689345091,0.05377826549905433,0.002323476625295096,2.301701570003695,0.5476999546517699
588.78,12.54,3.76,92.89,45.25,912.9793955094135,4507.127072828718,2489.8952302071893,961.5001548582684,1255.483830278481,32.37235124812343,91.43478212660561,95.85833121509962,0.06338717476940274,0.0015541448655587882,4.62967875925666,0.5298363833758042
351.51,27.31,2.25,61.07,45.13,1014.4915767660666,2065.974226763997,2363.082389842665,726.3995597162012,815.5669733890728,18.313863371156067,159.78624017930494,121.77351003445793,0.054107285616473655,0.002397005922589921,2.0032489099716653,0.3801907228296358
361.05,22.51,3.33,79.46,54.36,686.1159332926005,2267.634121809807,1828.252900463525,913.5839459517323,1057.1803323703107,24.541950587867383,137.39133903626225,99.26130927334744,0.0633983279683159,0.002329849007853093,3.58877597044456,0.5953023476162058
649.74,16.27,3.2,85.46,52.64,854.5584806052565,3633.473559450405,1964.4673881520257,961.8565708719849,1385.5938711312463,25.653162683404048,109.77977011510731,91.08281119369458,0.06664942114523932,0.00207050162799656,3.867399089552889,0.5575740009585689
251.61,22.72,3.01,84.95,53.99,807.6625654960328,2568.246531486618,2159.1493728026485,971.3829560089163,1074.2480769921901,24.4891729945953,138.2711017996443,101.74146174073603,0.062272634986262454,0.0021123898680941067,3.244965318689567,0.5967475399086852
513.28,26.68,2.77,91.98,56.31,718.9241827559317,1959.0331719576254,1470.0924305033238,835.5713588624928,1008.6910002758394,18.03007924950963,158.4441152002393,102.9244109888168,0.060163938465693186,0.002823506158665717,2.3367016995524117,0.43688532760997223
100.12,15.24,2.47,55.44,41.37,1543.52916935065,6246.80680216607,4116.367555040211,1194.0710006598406,1531.93261174886,30.26920004197636,102.53130702007952,110.335661286879,0.061258611691942196,0.0020939698459910318,2.76967014341711,0.5811108331713014
231.39,18.02,2.27,53.36,56.52,1273.9460627102171,4701.591443440546,2788.246785078666,1166.18650594289,1194.5443148524305,20.85756588319519,114.86422419893827,87.14597046470166,0.07632628365828087,0.0028372030170540274,2.207143328631686,0.6151984633981286
528.7,21.75,2.13,71.48,46.05,1129.8054578431647,2990.196335448491,2005.912586188449,821.7449316589964,954.1664417656043,15.570685670873162,134.26620234581026,107.46823361740074,0.05824597087029185,0.002187168993797642,1.9624777953852786,0.38779831231603146
482.19,16.56,2.28,91.67,41.29,1284.394535439505,4184.223558861137,2766.23448314369,876.7031290315646,1103.0276892010072,20.80965973554093,109.26054559743139,107.59441705479128,0.056996684534036245,0.0014589567734946318,2.160637245983227,0.542400686810474
637.07,15.4,3.37,60.6,58.02,832.74762941789,4126.927318098719,1928.9357955106125,1031.8527411368127,1549.9875658104074,26.946419029034143,104.94033843544325,81.69653602935854,0.07676214837155712,0.0024567808938569455,4.593205518600894,0.5817012225391359
664.82,13.51,4.19,74.04,58.64,747.267536067701,3982.82712388553,1984.9381561159173,1046.822235173144,1285.2616055572944,32.39088170676374,97.43542357345433,81.9126151149405,0.0749391498829405,0.002093392331077234,4.989792028873751,0.5612428457945224
132.03,15.18,4.37,98.44,49.82,1753.852762808561,1201.155355876167,2185.7909560534845,1172.142176563256,75.47723676977748,18.013060351029356,103.90500364512084,101.52690647553179,0.0631955954628638,0.0035749455359655033,1.6291457217890435,0.325920679557423
383.08,17.83,2.51,78.01,53.76,1086.4645181368915,3917.7444990907284,2331.0849071691164,1024.5019936077065,1178.9602491946666,21.028642085594765,114.99949550654402,91.81472165070987,0.0675695081918262,0.0018983811260649484,2.4139456274565303,0.574842091536991
519.15,16.2,2.65,79.93,54.22,1067.7177442371528,4235.541603903963,2190.5771297116203,1021.9198884888875,1276.469421718749,21.905641514928803,107.88061770325842,88.65654325268332,0.06907407893380908,0.001992546763583517,2.6942862520338164,0.5637266224108244
657.74,14.21,4.68,76.91,53.91,992.3402672412102,1419.5311822933168,1641.8784756705895,975.3260327431374,96.18046874596891,23.696546494338996,100.7043341900221,87.95288103046651,0.06984771594522705,0.0031957106256917467,1.3771396691798996,0.4358112153061204
641.09,18.41,4.38,98.12,44.05,635.0592788017874,1596.1397835809248,1782.588982418445,787.0938065635104,576.1244462654794,28.77720163838096,121.6476178801909,109.1502300624688,0.056012901679679435,0.00401613597177753,2.5318144391148945,0.5526378679935412
555.39,10.06,2.94,99.27,57.69,1392.186541885249,8646.33399053881,3075.6865009369535,1198.36600940606,1762.2079709998336,29.542085708030474,79.0884541928653,79.80969588955914,0.0753279450016826,0.0015822799492590232,4.097274563002544,0.528299910226369
668.72,18.59,2.28,95.79,40.81,1174.554479832573,3249.500801116045,2259.532797293455,796.352210875255,1000.8327026987802,18.565464510795103,121.76387857315451,113.03480033546944,0.054025248497644986,0.001787745762776915,1.9277650652178437,0.4601052738911291
114.72,10.25,3.47,86.65,58.89,1306.739482374191,8722.071272556996,3689.1314509075964,1605.841252069292,1732.9358648723628,37.223936533745565,79.89799351154457,86.27569503768896,0.07539588219143531,0.0015806738917292246,5.484451608820469,0.5617393162486083
364.31,10.64,3.88,86.4,41.13,1043.773474892863,5791.672364566749,3004.820178427563,999.956881760713,1034.814559669355,35.597106614931114,81.5619496022905,99.85853943267595,0.062007910536029553,0.0021946015793400703,4.050984745111223,0.5222750343923763
549.51,28.12,2.63,70.3,53.6,749.2364557635162,1783.2947469803441,1536.9565833525585,776.5225358438719,889.462472738991,17.139156719625202,164.96845381232478,106.75305956659565,0.05974718706968765,0.0031271689082498534,1.9854384504704172,0.3948910745752822
494.12,23.58,2.62,99.83,51.16,839.9226042852418,2408.8940980518287,1799.7721892683435,840.6250937257894,1017.4592414629565,18.82005833796045,141.93343869991418,105.14490559285011,0.058466425584292006,0.002183812828957556,2.2846646956552323,0.4765140330832147
169.52,28.06,2.42,85.56,54.72,1022.7303049495881,2726.3666641828254,2571.72926399071,978.4972426482468,1050.7751039811003,21.8379102837305,163.40599319451147,111.72142908264762,0.05846252326830994,0.0026493843013191943,2.1239557726118603,0.47674439899973475
284.2,23.2,2.49,56.43,42.12,1005.9299813313606,2531.610047238475,2577.3325775673684,775.7804769049433,940.174795627736,22.178816351018614,141.47030951478263,119.94603577025505,0.05527844225804169,0.0028890017969683437,2.0409407476673613,0.4863486293207178
402.18,24.32,3.7,96.08,45.99,613.5004936371696,1539.7715384237079,1811.4491461190778,743.9755224232991,808.6957601011308,26.352994079462565,148.0722413142242,118.63128532722598,0.05304000258327761,0.0036367832786247667,3.0825003830945423,0.581689223938835
253.25,18.32,2.83,52.15,53.97,980.1374324970052,3740.4200341646574,2499.962210689748,1073.6148406063094,1025.2165523251913,24.9268301275222,117.06732102298949,90.27352599488718,0.07370289982883726,0.004478980447787252,2.7696072845755566,0.6130964627790146
317.34,29.16,4.27,72.88,54.66,523.2874123849056,1034.8431495925067,1564.547932382724,782.0749284203681,437.28496742941087,25.52018742580635,170.66491165318044,111.27857570058029,0.05869539278113011,0.006470149314400921,2.031121044433828,0.5773701586275064
353.75,20.88,3.9,82.87,51.19,637.6297388289296,1956.6545101743,1853.6088735433166,890.6137617742751,769.5694672291074,27.620411224322584,129.92792378794041,101.95406059422191,0.061489561424465114,0.003728327735055202,3.2141225578840658,0.5828147284946807
573.62,29.08,2.03,64.12,57.56,955.5908082736962,2207.313436179563,1040.3845503592968,820.8171145724062,846.1211031220847,10.034553412824128,170.26045232035992,100.48096669990528,0.0639796605587461,0.003901126929594465,1.4559146211443144,0.23233521570288201
514.16,10.26,2.65,70.19,53.39,1543.6992185485724,8762.848449214998,3284.896329718524,1172.6244807328078,1645.500743469009,27.457359312799383,79.523867254795,81.29722185306301,0.07564290461249773,0.0016082990902073985,3.1966542444809085,0.5383084817882375
469.78,16.15,4.82,60.06,53.19,707.4036050429406,1568.3966577601789,1809.536601987472,950.1554869933367,289.538843995895,28.35332908051831,109.68237146862026,89.32886902315329,0.07053129623990002,0.0043302623340816925,1.456342891566272,0.5817783248044652
513.83,20.59,4.67,89.74,52.09,584.3442484509078,1232.477316605272,1565.599936472518,844.6978961991751,390.95765022348525,26.72720813245245,131.82497267068564,100.7394708433136,0.061058552988301845,0.004737410814066987,1.8877494343632097,0.5771378727889472
310.21,21.69,3.56,68.5,43.5,703.7536449968429,1972.328621666153,2102.5864864869864,789.091880296448,895.913879466739,27.94461937328184,134.544434699817,116.04522047922198,0.0555575009096851,0.003259085488600727,3.297146916178086,0.5843317872377385
462.58,22.47,2.06,55.61,59.02,1133.9219121061344,3185.9253862601017,1536.8817394383634,978.599191981048,945.9895024811556,12.763655826251787,138.1386964470954,87.87587360450618,0.07382790838002735,0.003357846583788399,1.7656625002015767,0.34358895174224724
223.91,24.26,2.76,84.47,58.69,870.1245308862455,2529.1718141701617,2183.2467090067416,1043.1322156339902,949.7336328272557,22.428421764458278,144.42108627225215,98.11145026016739,0.0645045737507074,0.002628428653541381,2.4818082012348714,0.5689977738550989
293.94,13.48,3.2,97.99,47.07,1051.8458538835162,5117.17009762046,2867.389038128157,1055.8109908652025,1406.3464536070417,30.444058841098876,94.28840354723114,96.17560151597965,0.0641396620611644,0.0013192176002012879,4.462310483722587,0.5418651359090207
273.04,29.93,4.8,74.01,41.92,1081.878695374516,613.7941704345459,1802.5118653429627,561.2770009325594,74.31092946336348,17.675138162508507,176.94719565654609,151.15824033102558,0.04520448879693898,0.009746382628472413,1.5537104016755963,0.29746271775018
582.79,20.9,4.86,61.72,58.15,983.8485645948559,727.4792366869781,1028.005919783218,888.3232859917505,64.42540282357969,14.446794257972654,133.8201727583307,90.1202158276612,0.07085935794387366,0.003875621949469888,1.5195655207295857,0.313459010928527
698.57,22.03,4.1,93.51,40.32,594.0531371338799,1317.0192279022308,1725.5066342093542,665.6271953776338,690.4529755493692,27.67487413405437,141.26710434608626,126.51964537805895,0.04937410253506711,0.004240396253450196,2.727881972358175,0.5628712016849189
262.97,25.44,4.95,73.98,55.22,1190.8887113922665,590.1283194164878,1380.8179460719116,861.1498572547924,61.86886681420494,11.892984437981841,153.05141528870277,105.65449863736477,0.061679042018719855,0.004431654435721902,1.8094404859220463,0.28955754036012415
577.59,26.31,3.43,53.27,44.32,616.5011854127343,1359.7258749756506,1734.1507853761061,664.4958225215069,820.6997666583346,24.384813816209707,160.13499181639673,120.74601913657479,0.05529419944407633,0.0031052088012570485,2.7959066207351433,0.5008538062971769
156.34,26.16,2.08,82.45,40.81,1362.4345945348623,3011.5228241425757,3369.8153814236575,775.0814947211638,982.8566768110782,22.318007407433246,154.24190000885238,138.03825100678975,0.04800148417679753,0.0019595245195147023,2.3359655138043505,0.4176260203783847
474.88,12.61,2.52,60.17,59.74,1381.3725215538564,6441.454320223723,2709.54941019175,1185.0481580042494,1384.265071927919,23.446007311853965,90.50306084223055,77.2564146544967,0.08154349035933188,0.0021089617475680083,2.5098350016354463,0.5725962937818871
114.58,11.83,3.23,93.32,54.78,1280.133954176914,7337.507355456967,3607.612687328127,1492.1933662287238,1675.4219447309338,35.30320132032659,87.22236029217436,91.12332872579205,0.0707729398164157,0.0015087826913392475,4.935077008169015,0.5615355807702845
543.12,28.08,2.71,95.86,43.37,783.0508419328484,1492.5732815283804,1974.1291613940691,639.5057116875636,785.893342640896,20.62831353055531,165.7933672059859,133.077822200903,0.04793407866892623,0.0022324440223008986,2.005697468155148,0.39800736548389903
282.17,20.36,3.92,90.01,50.45,672.1162859006524,1945.8903311249362,1984.2689670365855,920.1689217221702,708.7983953287036,28.513869858300655,127.19791470990653,103.1261259908048,0.060422788335772776,0.0038954798451699612,2.982103161551043,0.5773249381126617
533.27,18.08,2.84,96.31,47.02,922.0456815309476,3271.405546097464,2137.1131737568403,888.1799063334612,1202.2618787098734,23.095283096319864,117.22293006462297,101.73886065781757,0.05996569963518365,0.001798841194121716,3.0068268524158603,0.555112751842776
176.74,11.15,2.55,66.41,48.78,1620.6843454011669,8813.418553230778,4106.578814820324,1293.465682590958,1642.4462423013804,30.00505902141881,82.44998883171935,90.2110240947642,0.07121079067496344,0.0015488089360775879,3.330347650852476,0.5538851445290794
209.05,13.27,4.53,95.2,55.79,1766.9921374004193,1161.5613732136717,1958.242070680074,1187.7304054820954,73.24100831179926,16.43228012885363,94.52577034777036,89.81823223655823,0.07000484607418705,0.0028944786675829913,1.668800315928894,0.3472977329578199
437.79,29.78,2.54,99.24,48.14,815.4115101512984,1606.0060585203619,1916.9705626067291,695.5016642581512,800.3804846668421,18.726249373336792,174.44063136345977,125.58154321879714,0.05048299790870702,0.002458615524153814,1.8271120314196658,0.37423345103803
575.56,28.14,2.98,86.73,47.87,670.4679426180973,1468.986438785866,1629.1140808726416,690.4709165368008,869.1797247528839,20.597958128913106,168.13598721414087,121.23907534518115,0.05207907985841821,0.002683846227736426,2.3840556654450644,0.425951569423322
481.56,29.93,3.82,75.07,51.02,516.0286418631289,1087.0966060602425,1506.0579469223746,691.5720757608096,709.8883884501334,24.428450178958123,177.84352246140196,119.05677073244978,0.05428496759954676,0.00394861967697748,2.7742284498317646,0.512925684994078
236.63,11.93,4.14,74.89,48.72,1167.5860817393225,2694.588751399615,2651.2886321116207,1116.534019006609,153.33081213983377,29.90037496898903,87.81419025248222,92.93815273834197,0.06808333781190548,0.0031081558200503853,1.5240652064674165,0.5501412765780863
127.55,16.09,2.53,85.91,56.11,1354.5555876263813,5738.253649891076,3477.768327257813,1394.1813490674076,1438.093289574613,27.697821398769747,106.55586374810163,93.2811374538142,0.06930538241578663,0.0018260565538933844,2.970804777916409,0.5842156721855262
574.4,18.05,4.89,67.47,40.52,685.7774700140316,1067.6111636297264,1821.723335070158,740.385791776223,293.945148239707,27.866233645203216,121.4429903873605,113.6418672971446,0.05442712590754148,0.005443085050711593,1.4494121775375495,0.5569405329589932
367.87,12.97,4.3,55.53,45.51,1128.2480402845727,1846.2425874998607,2295.138324410821,972.8741845677541,118.96532954374217,26.897577784446085,94.56479381747876,94.74714904920968,0.06781783636742822,0.004252300382047377,1.4085650002614019,0.5279504021728075
487.65,26.91,2.03,98.96,45.8,1082.3058757966749,2190.1710652069946,1933.5869982139693,722.5017023137771,799.6771354353156,14.257918439787565,159.92513772098664,122.42839557232028,0.05119910219808897,0.0022749963113700084,1.9467986550634966,0.30050858355644106
475.05,28.67,3.32,66.29,42.03,652.5804004868945,1164.6918469312593,1943.382309955877,593.8939646793809,749.198631097618,25.410949546218124,171.5834696653994,139.6274235356213,0.04783641859804393,0.002816907982016944,2.488167048586242,0.4503651514343135
179.02,13.64,4.48,75.64,59.29,1783.4139382679357,1172.8370104558044,1979.6061216789049,1271.316729353004,73.31754644008078,16.464671215607275,96.53237544609416,86.81651601909549,0.07440462207620237,0.0028816455462603824,1.6738195830305849,0.3410482771390382
336.32,28.33,3.61,98.36,40.29,652.0063121422684,1122.7739500584657,2106.160928156388,582.0549203078798,722.373697667603,28.794651744053372,168.68618089797445,150.10113226183967,0.04386171369107564,0.0045038032359227325,2.593865664705819,0.4853546393002571
416.73,25.05,4.48,66.72,54.55,528.8002433147955,1117.310285844035,1482.4908119675865,816.7032237265781,407.75250977432194,25.396790467126063,152.93950309917557,102.4697640477689,0.06289777524860267,0.005804220004878182,1.9387582439639186,0.6171437846356762
367.62,18.96,3.54,77.63,51.59,726.696773879298,2679.47901605218,2019.6276696238008,942.3505297006578,1052.7786472767011,27.39557344945735,120.85893903535768,97.32013162614165,0.06434864031270217,0.0021806563589167717,3.8881387902838416,0.5785282136415963
126.58,20.83,4.0,92.5,58.38,1446.2350072112545,1191.9259160477698,1999.7461772561967,1221.2517170626725,72.78005032962997,18.602936920515067,130.65983963866557,100.02986973968999,0.06525943189848353,0.004201284711385717,1.4900368826287067,0.29151660223553305
397.35,22.43,2.04,75.78,56.9,1166.3436729310115,3343.1763132342353,1771.6373247032307,979.5455214264877,960.767781286336,13.78410742590167,136.32723050604457,93.85197367787177,0.0666362597303423,0.0024962113502860496,1.9093802904145083,0.37483223374710184
684.9,14.79,4.15,84.28,44.85,731.3504830527165,2908.7602938507634,2052.7700217532024,875.1055078812982,957.0419689943141,31.93171791514441,105.79563428681601,100.06734293949118,0.06099540047600351,0.0026308481685351857,3.8089185772945555,0.5439495993513512
665.28,14.39,3.72,64.83,40.15,832.531266552624,3435.667191743199,2298.129739868963,847.571978821861,1152.1865082360562,30.817346246062286,100.52789197413163,104.6912958645927,0.05941780162779094,0.0018985664760314412,4.1731179716315445,0.5421574946147267
311.89,10.28,2.86,70.63,40.92,1463.0617539223633,8100.89657830485,3813.880420752762,1069.3043734402468,1494.4236902794696,31.715229347956555,78.56730677951236,96.9943218288291,0.06407550843290188,0.001569193843698536,3.7555278553288702,0.5245091544711304
553.26,27.4,2.23,64.48,47.2,948.8333477997561,1947.2459613909361,1823.1940681756585,719.0249217003379,793.2280243329479,15.41499335529642,161.739226379092,116.47671544060724,0.05547360458375423,0.0028473610384347897,1.8021093342220669,0.3309466492319929
295.49,18.43,2.01,88.72,48.78,1415.6589137021103,4582.52164834288,2759.271346039792,1009.0677057866792,974.5005526052468,17.95240510694572,116.26868348428106,99.70373205143919,0.06234118217480354,0.0028163053039710977,2.393196925223605,0.5192148676737713
213.08,29.67,4.48,64.58,59.45,1208.3688281456687,682.8811993350522,1385.250023998708,891.8102078164886,59.47792741983133,12.091190847673634,173.07049371145425,105.73758240769982,0.06393881736211018,0.0056816630722535425,1.789832725067861,0.2751615476804521
468.27,23.97,2.26,94.17,49.99,996.0609869896032,2592.1042406359215,1876.6894189187262,834.6010149177574,939.3199513492323,16.063597427153933,144.56313486094896,107.23372760233816,0.05761800746992539,0.0021968800643573324,1.8453612975151221,0.39508312470732604
358.16,12.25,2.14,73.01,46.82,1735.2526161325568,7445.659978967685,3576.519966772092,1106.4352587166832,1311.4183147246983,22.726338274334168,87.8783911361105,90.91163903207324,0.06795739155126099,0.0014093041111036765,2.6033786576225233,0.5408461296611973
587.95,10.81,2.19,93.38,59.2,1814.8645158801023,8747.147345472933,2698.617139140781,1219.7367071488543,1411.2221325665375,20.411725283204674,82.08549365615619,78.19157099732489,0.07670928868128148,0.0018424916257283232,2.1309512872066985,0.5334788336128242
260.17,12.15,3.59,79.47,52.04,1019.7351735966348,5593.3254559402985,2868.471615557969,1163.0643031456552,1334.597945911978,33.319453096965546,88.30483085151812,88.90728131775859,0.07047669383972595,0.001756407428247999,4.878386895403963,0.5511678692190107
588.07,18.36,4.06,79.21,47.86,645.7847646375893,2076.663494909686,1801.8092109666472,847.5461603102792,826.7012010644808,28.61919636465855,120.63619053813296,101.26776255983197,0.06101978347114033,0.0029624478673819753,3.3587725704051707,0.5658490059684274
266.13,18.31,4.91,97.1,43.03,1468.6501724372943,768.612535199329,1797.5931912051649,830.8403062569363,68.32324718608488,14.07701324466898,119.17757957839761,114.22503502296205,0.055246738104402726,0.004456279219043412,1.7960300877149993,0.3519248688977892
534.35,28.07,3.9,86.46,54.77,494.99163347665933,1252.881699441197,1358.9683874842676,759.7752518937551,820.3478989897271,23.903005898476568,167.47607786863804,108.86148188421281,0.05778384860945615,0.0029534088586144203,3.1388637057445967,0.5541234593302027
445.34,28.25,3.54,51.04,57.2,550.3435753297098,1455.331445507759,1474.7388099824454,813.4653240639201,865.1754896983595,22.843519245043023,166.19149017954925,98.48509815062731,0.06885674586129092,0.004325455100459021,3.1366152258675806,0.545705256466807
611.47,13.39,3.97,86.08,54.4,809.0548383624667,4010.3916902774586,2150.0867664266357,1026.1075325963438,1223.8816707543388,31.772081843200596,96.34111574841785,86.43895451128282,0.07026512258908815,0.0017427946016398007,4.656902346637711,0.548251564289159
659.49,15.48,3.57,82.24,42.71,815.5809372979654,3227.6254266281007,2188.7153580876093,854.6180278946854,1185.8024585236374,29.328534016532224,106.9161432493993,103.94505568697976,0.058989825291625456,0.0016420202033419929,4.056719184680776,0.5431518903464225
516.69,15.31,3.57,53.62,42.94,835.1753922853095,3323.724555745366,2300.7940322427303,878.5471990294081,1138.0362233966277,29.829779770987894,105.33398940835431,100.0837134810371,0.06378894094658945,0.0018908915878934143,4.030704481635185,0.5663536603339792
530.79,12.35,4.34,78.11,41.87,907.3183519799503,2538.8204254229677,2418.1078123272305,912.0499039377661,299.28816865525494,32.36094178926928,91.02324992842419,99.96820942105911,0.060682578759411965,0.004055995904448551,1.4799228926513095,0.5272161928124286
226.06,11.8,2.4,92.41,40.77,1627.6612408877377,7938.343963212828,4033.989969562853,1092.799455934544,1533.9927458051059,27.79815849619212,85.02337781868097,101.49059069590739,0.061267740315994766,0.0011889976140195566,2.762827628418193,0.5279931444675201
551.38,15.3,3.15,58.05,49.87,929.8120675315138,3964.788132456734,2259.197541577644,969.824784220647,1318.5743481803072,26.7354048395998,104.72734109892052,90.05779433647487,0.07005416680095967,0.0021058350154981764,3.8270462709108486,0.5724748334340558
621.5,15.69,4.56,56.86,43.53,702.3827551422712,1851.561335483446,1948.3324987697893,833.28091726231,514.8507335174887,30.701304983396618,110.40320211071977,101.20544077809713,0.06225345735458419,0.003994604419937672,2.322491913961539,0.5650684716397759
168.43,24.0,3.02,51.26,46.58,874.7456103491736,2457.779068796345,2545.059830251543,893.696739737995,1072.5731321879587,27.578296888184447,145.0379210749382,114.20698774043088,0.06044283488801137,0.0031247548144147526,3.09930666861254,0.5948555073243583
552.19,12.93,3.44,64.59,46.06,971.2424513020514,4804.235952218626,2551.0074876265417,976.317071520033,1375.8321254157265,30.725431584689918,93.29574415611233,92.8278318625285,0.06701016987909582,0.0016692018033598393,4.566710199035672,0.5476215513912047
309.88,12.38,2.48,74.46,47.11,1466.3657745170037,7145.0261461229575,3451.9395277587864,1113.8744416290099,1407.3832473654747,26.236322278450178,88.3483555667836,91.94718168161388,0.06783583975020954,0.002195964872858892,2.750432598152888,0.5442106800920138
659.29,21.18,3.84,68.17,47.02,602.3609905655069,1813.0641654730564,1643.1239529958675,780.2288720366109,928.9356366833042,26.53206400723435,135.0193165829842,106.04598348878271,0.05923630936696147,0.0023196707184337828,3.4558090000764063,0.5820465964260247
240.71,13.66,2.56,83.15,59.46,1331.6870175104943,6514.149128706524,3099.403595137441,1293.0111223648405,1482.762395029421,25.650091144255722,94.49351589140664,83.52234290002772,0.0750834892354263,0.0019466659427370854,3.1030608397783834,0.5672148948709071
529.25,17.9,2.94,99.17,52.36,881.934785997778,3405.2329376356774,2005.090306421779,951.9944906340397,1267.7924268336642,23.29862532559803,115.97826250334806,94.53323365996069,0.06422069180232465,0.0019442142013003881,3.3196167311525984,0.5606932717777735
385.25,13.22,3.48,89.37,43.75,968.7207128313581,4579.19603249969,2708.1387458806416,971.165546774594,1286.0398226615994,31.670868797037524,93.93586313851951,99.55015865926306,0.06187953737651141,0.0016442792347316007,4.512329174633387,0.5363277275496622
688.6,10.93,3.67,91.03,47.36,1028.7388387675715,6131.996410718292,2674.2487851177643,1018.8700794213511,1552.0582019439132,33.33173370598648,84.18167215803228,90.45153003319098,0.06682182053038585,0.0015500024627574354,5.263002767020687,0.5233660624820622
374.99,28.32,3.71,50.84,53.86,550.3110811388141,1346.412279989764,1593.9751946709239,782.9165758823993,761.0587597514005,24.452924898127147,166.92903709380562,104.98102858871343,0.06516273998996854,0.004106305064839891,2.974746409064402,0.5568981258961647
634.33,15.51,2.71,98.76,42.99,1086.0200773296729,4100.41744536542,2474.5261692529466,888.5659021770532,1240.0451565511316,23.932581426251666,105.15352306143903,102.96384667275785,0.05893143726310675,0.0015731988326452067,2.829667668978218,0.5370913588874695
687.54,12.89,3.98,70.64,58.94,807.7499674111683,4805.997601580158,2045.89607471585,1069.896106191338,1651.8692723675085,32.09200496853722,94.81214792336836,80.20988388871469,0.07662425093329021,0.0021732180714044876,5.790793277040002,0.560647733020811
211.21,12.68,2.27,89.49,46.41,1650.7652279384235,7567.532553906316,3898.3846160225244,1178.7924107849205,1436.4575505880568,25.744276543789177,89.30037461908609,95.32400094916669,0.06543554392201385,0.0013500350616939482,2.5822300939094416,0.5421919710595342
340.65,23.59,3.67,78.25,58.15,609.6792032450621,1926.9043051397543,1700.9855857575735,934.7666003212762,905.9252555697194,25.622333331542166,143.54123503911364,96.80012042747927,0.06546514658478224,0.0027155043193420325,3.4946136314877077,0.6081109166613544
315.38,17.57,3.1,56.14,44.5,902.9985475296518,3306.698789703669,2449.745030442453,909.1182117543884,1200.5864820170725,27.00771840793234,114.65737247283137,102.87489042814136,0.0629738772892359,0.0020135246819208224,3.640137258925931,0.5814527946275669
333.73,18.8,2.65,81.57,51.25,1004.1200579747233,3524.2565398104866,2387.932266796504,980.3114069544893,1182.6912748481116,22.54932755986157,119.74557341713904,97.20490496190655,0.06406064159731742,0.001747472569893526,2.7898247431319265,0.5750697331236209
162.33,15.96,4.27,94.29,59.1,1630.0116032021606,1155.0037494927021,1928.7636595171239,1250.1603542361916,71.67674985856002,16.908933499483133,107.68673223980707,91.34598391269223,0.06991576732612052,0.0033549417586555123,1.610757076913936,0.3179441325840975
448.7,16.47,3.02,89.14,42.42,944.6688890157166,3551.2391495915203,2462.4972238717187,875.0256927907326,1221.5367156663829,26.517106083400538,109.25387252516522,106.53733412357101,0.05787282748022988,0.0015039212952840187,3.524138651649544,0.5464637723926665
540.88,27.72,4.57,99.98,52.28,482.89892924229815,876.8108455038442,1343.1757148089896,721.742037306689,436.55019692331376,24.54936818642949,166.53988151925415,113.9333717417892,0.05479026366519904,0.005620351693066542,2.0414035393628054,0.567594625070247
436.95,24.01,2.54,93.28,44.48,908.6388037974034,2196.768473162096,2156.198366937831,755.9646334421444,908.6001979244726,20.157367625494437,145.74235864942943,118.72286407607521,0.052692880336890444,0.0019159931744372396,2.0421295651671,0.4546389219710391
458.76,20.61,4.39,75.31,54.25,584.673406927179,1534.7058119840667,1625.1385762467462,887.3142213724028,520.2009629669002,27.237058925985686,130.490341543216,96.53874495805415,0.06487045094919322,0.004414604005580808,2.3952215400790635,0.5898881742512884
413.61,26.67,3.49,56.35,45.91,619.5147047287244,1412.7592112112948,1819.965798280299,701.5325772736862,804.825770188111,25.26374623947151,159.10979518277466,119.01077264111235,0.05606511172933989,0.003157518604730225,2.9064741704518786,0.5323853016259926
336.67,17.04,2.89,66.87,52.57,970.9466838143002,3889.578163977567,2404.021442025613,1031.6706896667295,1281.786300881006,24.968117942826353,111.21972601817552,91.66753883043697,0.06900456135050412,0.0019339574832912669,3.481653217721144,0.5804084147577103
280.08,17.09,3.4,56.21,44.84,849.1973918965546,3214.647105320057,2437.8661469286667,931.4439706239958,1127.8423931257162,29.324287482735894,111.8410599122744,102.13985875272941,0.06360435858461809,0.0021690925982444623,3.9395047750814283,0.5807774487740296
230.54,21.94,4.04,96.53,50.06,1152.986230675348,1056.8525038562375,1747.1176116389581,907.0661107786408,70.81403750918581,18.152745614965518,135.43470241458672,108.4354041816548,0.058427248629900744,0.005089190814232588,1.3856914647825522,0.30600706488539803
505.11,28.15,3.98,99.63,57.31,482.0772170206812,1272.1985864407325,1322.1677571845564,793.1148828788674,809.0358098750012,23.889979500995135,166.03485640956325,105.79041153777096,0.058785757205890174,0.002833883804971181,3.2077171824249455,0.577952029537481
329.32,16.89,3.27,74.75,52.04,859.2187841683769,3571.763919439036,2305.5703464333515,1017.2023580534773,1235.0442126566938,27.576516531199854,110.52229308412643,93.48066143433128,0.06711572460059773,0.0018515165143187828,4.098622964357204,0.5731610444253127
667.03,11.47,2.11,94.43,51.02,1807.1063359120153,7848.6848184996,2693.1644324123336,1106.3059641460231,1305.5330615430757,19.486437737721854,85.65223609982162,85.5429518647162,0.0700007722459278,0.0017531829797462898,2.1749095088367847,0.5268728064985092
224.07,24.68,3.61,68.94,43.75,695.5080261531868,1678.389793469501,2184.8861181434027,761.7798407169232,829.6299807083986,29.166770347258442,149.29969673780892,124.79255683800555,0.05284744855916869,0.004084500991412778,3.0454475884321432,0.599584444135695
468.27,24.01,4.65,56.99,48.26,558.6888147156421,976.3876252061555,1550.975238803787,744.5525665355118,338.20677121051153,25.5191657101694,147.81685420844144,109.12967893106651,0.059943182756776646,0.0064579741962247465,1.653983059344762,0.6045327158314058
125.51,25.84,2.29,99.91,40.46,1308.3829157853954,3102.50632635082,3501.0947145402615,802.7742002762169,1113.3268646775398,25.886262553757913,153.41937670155144,141.52107864120813,0.046777294450930026,0.0017824853908657116,2.1778076135030493,0.4665460208322992
590.95,16.17,2.28,50.36,49.48,1267.705642074514,4483.4023935669475,2249.314003417966,972.7805152826941,1131.793522547601,18.5031502886831,107.36473354273419,88.62435960679912,0.07219173843497947,0.002414363131955984,1.9658256445835092,0.5585521236154495
100.5,27.7,4.94,74.83,47.91,1533.9504449863498,760.5410491267656,2202.3341365691244,862.2180591527205,77.1461216909059,16.712453452957885,166.2490201757165,133.13213309845483,0.052172568276294115,0.0059230507529097615,1.7918171073116886,0.3011809057608865
308.73,12.11,3.27,69.61,55.83,1102.5891805601502,6224.47963947241,2904.689429413305,1195.6368114611041,1515.5007757106257,31.24744681292999,87.76526056345845,83.30767538801082,0.07558536012409958,0.0016381617337616315,4.865252615515336,0.5603059764472799
300.5,17.84,2.76,63.73,44.63,1022.3795080374633,3556.641698196997,2662.5676227569816,925.4941164813274,1163.2141898200505,25.18200323109571,114.69075570099484,103.649991203644,0.061495868556175295,0.001640589927983357,3.0313879588226302,0.5730830052221024
499.79,20.76,2.29,86.74,53.22,1054.4331592753986,3249.7552567799435,1841.3758915167646,931.6932617539086,1042.1694937039804,16.395493009317168,128.3625611782603,96.36763625493961,0.06363316582823271,0.0022088472500308974,1.8142177117954916,0.4512595210741338
567.93,17.38,3.49,59.46,48.69,760.2562866591395,2899.9448582662085,1980.963914083313,896.311009156959,1157.2147623280016,27.32036640640052,115.60861813975794,95.30310089323511,0.06632226450726345,0.0022267461841286636,3.9184022891729975,0.5788827925187636
562.19,23.52,3.03,80.84,48.73,717.1741622138392,2037.0397737758883,1724.6834766404252,789.5725212180516,1017.5384999519147,21.78761505765606,143.61464013375004,108.20858368638068,0.057632388609515965,0.002362508233516096,2.8656539448643223,0.5248005189873259
344.1,10.55,3.22,70.01,40.9,1257.6401022367434,7264.642956135362,3421.569228907702,1032.6404650571048,1592.2965738815215,33.35557108944848,80.56084146344463,97.96099212523289,0.0636946012424138,0.001182966812691971,4.875413185589512,0.5272618208878342
281.11,25.61,2.72,72.35,55.65,830.3480253117298,2302.514190152737,2050.578578525576,925.6789597226992,988.5486086205191,21.069971368901136,151.4447205048464,101.94618990913716,0.06313413526309496,0.002459158675923206,2.563706957810714,0.5165570115753041
461.82,15.14,3.2,67.96,43.12,940.4785268859963,3920.020804184867,2503.5335858415838,909.1166725340406,1266.421986785719,28.315988323105216,102.58959409815199,101.21949341877347,0.061708613008853025,0.0016007882659723313,3.98135944925369,0.5513217774060437
204.89,27.74,2.21,62.81,55.94,1077.145558972874,2841.676352087153,2436.5808924534017,974.024084833081,973.1424147917994,18.71181464364864,160.85359326074055,104.62056024670464,0.06401069759038605,0.003360937952586448,2.072911912490305,0.43540866071756734
448.16,29.74,2.35,66.24,49.13,879.5590151488403,1746.874137410393,1900.3278486180566,716.3010625485514,786.2205662773235,16.806233544149165,172.11958426092576,118.6702946406237,0.055077331992974383,0.0029960468709606517,1.782804591427474,0.3485774174896507
601.03,21.49,4.12,56.59,44.53,586.4935976002695,1498.587209541199,1689.781271595919,742.3112071086638,695.1200097223641,27.31939878755505,136.2919176474461,110.11716174478295,0.05863222074314465,0.004301079550305656,2.8765234877689805,0.592202900883302
379.58,28.99,3.08,70.01,46.64,685.0740832132494,1435.4753549439301,1918.9555117811844,685.1460135687402,824.5206940074519,23.243509304014566,169.59097423379305,125.36778192567736,0.05242011727113047,0.0027220791926993266,2.5617296466004325,0.4625245616125158
302.82,19.26,3.88,95.37,51.43,687.7610178132742,2260.273919558761,2003.1377994747488,948.2920453277528,801.469193828157,28.671245505174426,122.05010788740714,100.16715566352649,0.06203360718776783,0.0034810142745279114,3.3286034400158386,0.5731733441591206
591.4,25.48,2.13,56.49,54.47,988.3875508087074,2479.4382170874073,1324.1977641361048,843.7129040446714,878.7859543076689,12.345358501289315,152.3947909662136,97.30479742375927,0.06649829841502644,0.0035562504922824756,1.5997126893784843,0.3027880684956875
478.81,27.21,2.82,90.23,53.72,712.3134670091162,1846.2751832336664,1596.5903078374558,802.7339588371713,957.6234643869279,19.101197971152803,160.1566335229435,107.71128459846778,0.05793657592796026,0.00266294511037109,2.4309463564183185,0.4489997821632566
112.28,25.17,4.08,93.33,47.09,742.0395947629564,1774.042410238099,2386.929650474298,919.7351532195033,643.7581417172469,33.85754291657412,152.49837338340743,126.3694837747182,0.05266678542299277,0.0062155317521895796,2.4069305946638844,0.6055258450085297
476.93,22.61,2.79,51.17,41.3,858.5908800193024,2081.5442043929656,2202.7485758871057,720.7062494927568,928.427367884686,22.759150807726556,141.42074891174,118.5094953447562,0.05571472876466977,0.0024809810565008736,2.3901098776871685,0.4935134447578118
141.67,28.5,2.83,97.8,48.65,922.4367989299201,2333.659490485913,2663.6370625672757,873.7744958164176,1095.7356504001073,26.953586383290656,165.94806412632167,126.51158873474054,0.05193533141421029,0.0020231105753807975,2.7656083356974692,0.520028604654615
357.54,18.27,2.34,64.48,45.79,1178.2453445811848,3856.70112103755,2640.7994416654233,929.2272507556501,1115.49752932726,20.651434175852252,116.0234241382747,101.22359990028299,0.06238191261223707,0.0017200605584886206,2.1073297895428786,0.5727424102083671
487.57,21.66,4.93,96.22,58.5,560.9169564296413,1059.121873353659,1412.7607637154922,893.8026132739928,295.9341167659982,25.20207612842663,135.67994367119485,95.06650327581427,0.06446118130759088,0.004790389685046338,1.5193605077475587,0.5871760825819525
117.2,28.49,4.26,96.18,58.53,1512.2693479596403,860.0396234665304,1838.723596309784,1058.6154578523153,67.1681779576233,14.643519695026946,167.9093950432336,113.46064823264274,0.05880994445903676,0.004999931120123477,1.7814343845509464,0.2764594323659825
419.56,15.5,2.11,84.38,41.08,1473.656601023853,5075.612817167102,3038.64760812609,921.8326913584804,1154.2590268806346,20.083709711558424,103.36277331823261,105.2060372103858,0.0585091881382967,0.0013753341891593316,2.4231963543519783,0.5405712397516127
549.68,25.27,4.58,69.24,41.66,568.8812262443823,814.799792160351,1656.2079259703955,621.5692772328177,391.2137964784186,26.45629603225843,155.69305168573035,130.85077631450017,0.049457520957442214,0.006694872742638782,1.8079317859076875,0.5365136048096666
415.92,21.48,3.87,91.71,45.0,635.6407510418038,1711.976625608807,1869.927049870304,778.6301761753832,776.5990890909286,27.625495331872614,135.42959957667554,114.05515722843717,0.05478164646180827,0.00384436509465662,3.1004021635858754,0.5718734240443747
227.93,20.2,2.68,95.86,50.13,1000.8916668231066,3435.8721519127994,2586.0826260330405,1004.0225058973999,1123.006904260948,24.273327962253507,125.28060334736739,103.19316270680159,0.060841952535844505,0.0022149550610111677,2.8222794886978058,0.577382739805225
205.45,21.88,2.53,97.65,50.36,1042.416614305345,3280.151953411561,2641.828000865956,994.7942825452787,1114.4540785875329,23.112703540335694,133.6576760047701,106.40436948650601,0.059348840371494405,0.0019586136223846253,2.4998225403270258,0.5823976809987692
116.85,13.34,4.03,96.49,42.33,981.862686443134,4163.0754055667985,2991.1292869009685,1131.1195576359348,901.1449528987325,37.23466687169481,94.95603733289849,109.15962554479067,0.058887987188038816,0.003541934046477485,3.3983017993542797,0.5493196253917154
353.74,19.17,3.04,93.83,43.21,866.9860285691034,2836.482465778422,2362.965745608373,844.5637115563618,1098.830046088461,26.008796413128383,121.66363559972496,111.62212811280271,0.05577644530726649,0.0015789514833321218,3.31691364864049,0.5593146255688176
392.01,11.23,3.88,60.39,55.67,978.1074174866881,5671.276349486477,2688.993977665807,1150.5387125195655,1209.61069538664,34.08505543885643,84.7167468796342,81.12493647420665,0.07824344228293455,0.0018146527105058195,4.72890646457835,0.5627569590170599
440.91,14.93,2.43,64.42,53.54,1269.6090938713926,5115.174024364152,2577.908615002305,1073.568639768782,1259.0222517368993,21.634636302182205,101.35214424468576,86.1177305041853,0.07268198000928536,0.0019562636178974803,2.2838218455547197,0.5705825140639791
418.45,24.98,4.7,62.19,53.48,550.2367641469652,969.1994754312648,1473.433042290591,800.2625238844469,282.0337029434157,24.561149932935617,151.73245312571697,103.1760217558337,0.06292165000799986,0.006340119466042415,1.4286676393607012,0.6067671622544755
262.64,10.76,3.94,85.19,44.8,1036.9701477729948,5823.888600407592,3014.9935307041924,1086.7593992615562,1052.1565912758854,35.931364215029525,81.60790868737365,95.91830621325151,0.06505615457300416,0.0023842600965254496,4.220332466253952,0.5312001699911898
594.39,21.88,3.7,58.19,49.45,607.106772772193,1889.7412246834701,1627.2148851286747,805.5916825053707,984.6327027022792,25.573179918448382,137.26984513652462,101.42958332584028,0.06331279409299535,0.0027324263568072682,3.54872312402986,0.6008204582027562
416.45,17.92,3.35,77.58,40.8,818.6808363320885,2679.5797157079455,2304.585616432813,809.7705049692407,1068.3086709735956,28.189175110785772,118.69945506538761,113.39865821382395,0.05522002650266584,0.0019063506559933972,3.536877795323129,0.5569123870022505
138.94,17.55,4.02,82.56,46.83,1297.538251635233,1524.0390518276024,2323.6070776824026,1057.2720469678834,90.22375138801691,23.648109316462453,115.07484937108124,107.92818095498986,0.060061501951756434,0.00453683785186249,1.3876396820111452,0.35908147032757554
235.84,20.69,2.29,80.46,59.62,1152.7319006458922,3933.707877735571,2446.9556066082073,1143.8736428927064,1113.7215221167933,19.579124890524486,127.5178108698371,91.4876553736269,0.06937867153922546,0.0024738329734498303,2.052956339221417,0.5529964516221278
250.03,29.73,3.1,92.17,59.63,675.438724113582,1811.3052904014505,1812.9654046033872,912.3529236719845,961.3785311674562,22.721842214908506,171.3418404675155,106.3148937645493,0.06025165262648271,0.0028302814061191054,3.012077149038238,0.5223665580495543
472.43,11.38,4.47,65.77,54.5,879.4220031384223,3628.3973868476655,2404.540589829869,1087.425677146873,620.4967909301658,34.089839168642285,86.0538062908469,82.58864603784747,0.07464400194952968,0.0037290627323000093,2.7880833291380513,0.55072439078119
697.1,12.22,4.37,99.17,52.37,796.0618591225991,4100.426741644079,2189.1520376351177,1011.4150370354464,997.8537011525037,34.06448861532804,91.06907447455409,88.02880190718645,0.0684383616742583,0.0021588805989873113,4.136072195846847,0.5344162238716709
634.51,17.2,4.15,59.34,56.69,629.0516388645859,2630.6037020701806,1684.5041209021783,954.9083946060517,1082.9831144948976,29.506389663834966,115.73689821608437,85.81536042547188,0.07375283595597744,0.002619066105498614,4.2476743100244185,0.5928519846706434
607.53,15.2,2.89,53.54,41.29,1042.1001922762555,3911.088152009749,2511.5076252194926,870.8544882224267,1221.4859828482217,25.883787731174046,104.96282917217405,101.4546211418884,0.0624160185779631,0.0018733169874147546,3.115429488301273,0.5597417120161308
628.04,18.78,3.04,73.64,42.03,850.1288254948348,2596.179314452008,2093.521033634309,786.9155439880932,1073.215105805394,24.72486682026663,124.78498860149637,110.92921086997524,0.05598972251303195,0.0019380117026498319,2.942639811698411,0.5605511986835583
270.29,10.2,4.29,54.46,52.54,1292.4298700274317,2798.408221329993,2756.5087546590166,1187.1304423749234,142.78186076165065,30.322424727793056,79.46654473359025,83.82545871693944,0.07774532239405482,0.0024720945778933094,1.5288633130107598,0.5644827571841406
449.67,28.08,3.03,52.51,48.57,674.4162151751044,1541.6662986243145,1749.8249541842727,717.4518789359395,880.5491289774798,21.477275144769052,166.5307019210773,114.18563910825715,0.05909870227813628,0.0035695490384799818,2.5850976841621973,0.45579503586442993
470.23,18.16,3.22,90.78,49.56,807.4568476308648,3020.1868651121017,2075.8581740885807,916.9827987928741,1179.1265911636697,25.828996408954538,117.7505328966546,98.78460526898631,0.06215052524098168,0.001855475482298099,3.724195057651101,0.5629635606883238
110.44,26.24,4.86,86.11,55.13,1535.3545538575759,751.1907280883693,2012.0219555339393,1032.738606476755,71.30959405790738,14.582459956827677,158.17153279428013,115.36215753838228,0.05846235898103433,0.0045782683570668725,1.8586062966660655,0.30061183667996444
144.42,16.34,2.56,57.12,50.41,1297.3347616399242,5250.974534816732,3388.492135743317,1228.0033810052125,1372.9351693319381,27.451767692950014,107.47283197714398,95.85818051982183,0.0696742576460547,0.0023135158710012008,2.9678930216607204,0.5973026219670664
262.13,20.08,2.93,51.68,48.35,898.1972984918808,2977.1176213754156,2402.770577234381,940.0478170695925,1135.555691105469,25.22580760046149,126.00664370870582,100.50577941509877,0.06611947173303376,0.002477824575412385,3.233455145702075,0.60872269912537
233.7,22.06,3.82,50.4,50.22,671.7482978241736,1976.9932752685077,2040.566692653377,912.5031996692258,750.5617873437445,28.741844572969786,135.73374642468644,102.17173667213966,0.06648966256923025,0.004392720165650992,3.0543665429797096,0.6265496985097343
514.52,16.54,3.7,80.7,45.3,757.6356132016923,2890.425832467787,2110.12991225599,878.3672641687302,1056.5239113224131,29.160750968979478,110.0448296731926,101.91344338127723,0.060635707894997344,0.002219216872652929,3.9592835650016562,0.5536485799050858
544.12,15.05,3.75,59.9,50.34,786.691836119681,3517.8962920721433,2107.255547616982,963.8768729354628,1188.8510999328807,29.834294328482297,103.52866200489063,90.04245038504135,0.06999216292820219,0.0020244687780221226,4.396358592783523,0.5706758859462003
315.85,10.38,4.75,68.88,50.2,1806.696362835834,1390.9042879316332,2176.5365139970177,1104.496197774027,80.46559724775231,19.658975311956375,81.69290903775304,88.5102640624234,0.0714135700557382,0.0024693597777229815,1.5268865056559537,0.38714115984181685
669.59,28.7,3.08,65.36,46.22,644.0349426588903,1311.2912037451242,1623.5607850308759,648.8548389074622,819.7911303138476,21.281732276943856,171.11874872277295,123.9017091921338,0.052611880114896696,0.003099085910921,2.3752201544941745,0.42260718682166765
586.06,16.44,4.3,80.5,56.55,654.9915657781304,2397.7419636034915,1772.9042246738786,971.0792840370569,815.7428961156688,29.959975879695946,111.70373425426092,88.30591912859221,0.06944160596077148,0.0024135719581009126,3.4397374582085427,0.5697235418076367
260.07,22.51,3.98,71.67,49.59,642.8563422057309,1610.9108504494498,1937.9319546199663,871.2307641100568,626.4677997340759,28.311719139244936,138.18784201485366,107.36959544565846,0.05969524709679057,0.004690464829561375,2.6587167042284565,0.5965386273617361
208.28,29.37,3.55,63.25,54.25,634.6101598133125,1576.088844582168,1934.998021102219,855.0931591753889,827.7245079515968,26.652518528118584,170.41340283071233,112.18927345983874,0.06037770971544628,0.0039277402804383235,3.0576576671609947,0.5704607149412508
417.7,13.31,2.5,81.77,43.5,1363.7645160351615,5747.645653395034,3173.4699793504237,996.3524220713484,1320.7518534943833,25.171979875130866,93.44253677554511,97.86973555932074,0.06276934505099516,0.0013267780923517023,2.639126045983214,0.5361074263471167
132.62,26.0,2.64,64.06,55.35,1020.3488660014752,3091.1664682751407,2753.1431163424654,1098.6833226393353,1200.7178150424513,25.47388298363048,153.80051492873218,107.00694341229405,0.06379489464769851,0.003271084957605677,2.740934938871678,0.5628881321789575
165.68,22.6,2.99,65.32,52.9,891.7249953422955,2882.332276502962,2506.3083214941485,1048.823197736375,1149.355026356702,26.879641507261837,137.54320215876157,103.32713793562995,0.0642209169333881,0.0024628687279962366,3.342934470862152,0.6163362149784449
137.98,14.32,2.95,84.07,50.38,1208.7233014446115,5699.792754767603,3332.548354737565,1273.9642380505677,1518.4693745315942,31.304614223580458,98.42220665139193,96.49398189951832,0.066512705373681,0.0015956583768249259,4.0915446047797115,0.566733594717567
145.71,17.64,3.6,84.54,53.72,864.0165857071244,3389.4164439653055,2567.065574982294,1187.7964322367595,1073.2227823249393,32.04947654787567,114.96283780519711,98.31988409365817,0.06569549087517534,0.0028997158762677036,3.8678780617534287,0.586842918690381
269.84,24.16,2.26,86.41,45.81,1094.9197598545848,2756.478650145839,2568.93456750541,833.136884354752,932.5813462867677,19.801872160155106,144.71412255195614,116.8388692992249,0.05444908750975466,0.0021794285805525533,2.0688827036719264,0.4531774950736476
104.46,29.03,2.09,86.1,57.49,1407.4483161809158,4059.231737927156,3327.1494041233263,1197.976726393037,1251.6339585652504,22.56759852307207,167.89434955094882,113.25350306305074,0.05949130213650506,0.002959061656839658,2.357329335309444,0.4641555667245669
143.89,19.08,4.1,93.9,59.32,1493.963298573905,1139.597946072275,1910.484838100708,1226.6169819489448,70.89485492679609,17.45544035934472,122.4644419257338,95.90400647522915,0.06732573340685312,0.0038918961906984567,1.5502803349809609,0.29861800086386964
349.66,20.99,2.03,70.71,47.37,1265.6864612893664,3554.6835427634733,2426.3142016793754,902.0802149186213,994.3120106093274,16.45721619420137,129.28183892685232,104.42126670049187,0.060430301512548815,0.0019186014180692333,2.2503315121799297,0.42967198844478044
505.58,29.38,3.2,72.15,41.3,680.1778771754215,1121.7256319086646,2012.8907460277921,567.0817194831689,729.2225935855572,25.20512105059475,175.08242299503056,145.8500009462891,0.04577040404560803,0.0025390695876533376,2.323362230063313,0.42491228822800603
620.39,28.17,4.18,53.54,48.49,494.18127496918584,974.4999894867574,1457.320932684239,667.8360117611444,580.7281432409129,25.32167579124229,169.35332206246267,115.63746029319024,0.057980747713369,0.005185011823657204,2.491419641994521,0.5434831748137224
119.78,11.48,4.3,83.83,52.72,1683.6200657677928,1877.3683850771238,2706.8283730561275,1368.6168248497395,93.36186058447055,25.32760503888873,86.4810823564554,93.45047803213583,0.06951406574255742,0.0028604602788676074,1.42607464158893,0.38310728075427297
445.93,27.05,4.91,73.65,42.92,692.0499538385403,519.8105744487056,1603.098834160243,608.9617229406136,115.960320763038,22.262038381436103,163.584066602665,133.23119290356934,0.048154601860163855,0.008086899992927563,1.2889494636503454,0.4403114985647892
270.28,23.31,4.99,97.45,55.88,1237.3991273178415,615.3903823397121,1392.500343920057,904.8093761219036,62.70245891021272,11.980661260335784,143.0497558679325,103.19105021566467,0.06128321070495178,0.0041261162209841416,1.8162100841538513,0.30526628420468604
599.38,28.13,4.48,68.86,47.14,496.7097333253028,825.5446484398992,1450.1313313089229,643.742135504485,455.3027485323713,25.261063652192934,171.03894744932737,123.39128480289494,0.05269635810216878,0.006610537199702795,2.062201146779211,0.5286794303483515
486.96,14.79,2.92,59.49,47.25,1046.4502270839478,4405.584055972866,2538.2826955728247,972.5332971121154,1307.1901314080935,26.190877569346895,101.53377898185171,92.9153132103536,0.06777772413434434,0.001853486938999387,3.4795696074107796,0.5642388714959897
639.38,20.07,4.01,69.82,40.91,634.1370781407818,1649.4778680011477,1839.105744352559,721.6312725380577,756.8425382163549,28.2899148759707,130.47237327930193,117.20069200510086,0.053790026996945045,0.0038372653064152203,3.003361373657649,0.5672429100085505
574.84,17.19,2.92,54.81,47.4,927.5435733704383,3390.845761688954,2142.672206230336,902.9413362080035,1201.7538446627063,23.916338846661823,114.0303852860927,95.04037392339927,0.06692948930544355,0.002263284258000029,3.1063899236734067,0.5803875729746262
319.06,28.07,2.77,79.41,56.75,756.4634362669773,1963.6155983449216,1827.9827783342052,875.8049549891473,939.0042242138962,20.096718433671708,163.1626983062926,104.79323588832612,0.061004737528314916,0.0027344521722491026,2.4872104198031244,0.47556286344660587
217.82,13.19,2.18,51.41,44.29,1676.3869792057696,7238.430403086318,3892.205317533767,1128.5239604615533,1363.1334285607695,24.533744308262442,91.42021763411533,94.70705663561253,0.06899087074163314,0.0018734334101215145,2.676782094523719,0.5683361833193946
567.26,25.17,3.64,80.0,49.27,573.2039706930233,1496.3083656205076,1569.8476033282639,745.3775999231053,884.9432912960197,24.52375206565948,155.4219109703556,111.77082533495711,0.05628014930509485,0.002573195242443542,3.170561913550531,0.5602347032985209
402.16,19.3,3.46,81.11,40.83,759.3004863459832,2302.8450157944535,2201.683785078177,780.4685026500491,980.663496448421,28.138961085451044,124.18031152677754,116.84322265413243,0.05379165293753258,0.0024710318389887264,3.437326518846463,0.5607438960498657
183.82,22.57,2.28,56.02,49.77,1186.8894332967302,3541.41854669763,2888.48907184196,1005.7721729334572,1083.1470067117123,21.714127198396966,136.47476107545873,104.50813264689118,0.06425556906353068,0.0028239842972710423,2.1751981173074095,0.5359986729670845
151.27,11.7,3.12,52.33,52.68,1282.4782602660575,7254.534282298064,3534.5752378759107,1350.830501397347,1636.9492302275978,33.56460415258588,86.35662418845156,86.91388112310447,0.07742357341871213,0.002223597520996369,4.738878661869742,0.5861289512574388
665.08,24.14,4.22,66.86,40.2,568.1555744719261,1060.3207953048905,1704.8705391482272,621.9848074614674,583.0200241393462,27.44560682970691,151.0587541028474,131.02648054801557,0.04941146832589296,0.005579650041897996,2.4229746134815637,0.555415063630599
407.51,14.03,4.17,96.69,55.24,787.8792030594955,3148.750390785193,2205.827626929913,1054.076417394301,773.7503621382878,31.78868556024271,98.43203167807265,88.22668136419078,0.06903059564424104,0.0026801897841947286,3.367125618970989,0.5518903772510355
433.14,21.04,4.9,68.89,44.35,953.8745441888844,676.738560329835,1547.4710538236989,749.9646107707356,79.89605443199434,18.071073364678053,132.3445964220032,112.47728429916815,0.055769297888764474,0.00544606340186726,1.3480762228815066,0.4117456633962733
156.04,22.41,4.17,73.89,46.85,1384.1388590505114,996.62384705485,1924.141187488428,904.9171451561467,70.7528071776539,17.4315203567649,138.83238379852685,116.27810190938337,0.056757115461363444,0.005560120286889453,1.5617550729949925,0.29342352213663003
401.7,17.6,4.39,75.25,54.42,664.6354987397237,1890.57402015232,1835.1967955091416,965.0077591150679,507.5430374026241,28.759474100327463,115.10029505266746,92.16603543809367,0.0674204031103338,0.00391791795748815,2.356649866437144,0.5768068240883435
512.96,22.19,2.37,87.51,41.07,1021.5954302704367,2508.3216475258164,2299.2016671500105,736.1276301191051,932.9443272343483,19.2860759019367,136.82421493581907,121.33724387736642,0.05151308232611892,0.0017644190872295226,1.9211627797261208,0.4390265318049641
632.66,22.06,3.14,77.64,46.57,715.8791034365031,2127.3651664771264,1742.9568190745895,780.2703965593753,1060.7431208075761,22.91382775279453,137.54194266650518,108.68988985450412,0.05725141196538404,0.002268418845957762,3.060406419761195,0.5547667631864349
339.72,16.57,4.09,65.79,42.3,764.4484325722583,2367.314051730232,2201.3928486583613,859.8100742714857,407.53248597205004,30.388378709668974,110.75956549077222,107.63426405555116,0.05923433208396979,0.004444704939127468,1.7364192785003507,0.5636614736165207
693.5,21.73,3.38,62.57,54.1,639.9698841626578,2252.7571830095426,1498.1185585109886,855.9992149520905,1227.7730726807706,23.388052990012426,136.17783763085743,94.39223526452818,0.06686205014549904,0.0028964766757514806,3.6796978863600422,0.6004684200663053
403.66,12.32,3.84,57.62,48.34,923.2279512888308,4693.457336925794,2585.711966783585,1035.0674421170875,1154.5832730852835,33.103603905392745,90.04238626169904,89.37566258180398,0.07110943407163912,0.002140060736970505,4.49184200136154,0.5592675187792617
238.91,24.87,3.44,77.77,42.22,718.7389045435706,1724.2569315754731,2224.3780943328816,730.3700615354296,885.2663790992423,28.397010840351932,149.20867068224635,129.29784765172056,0.050492206639780844,0.0033903309291403757,3.0603407277634083,0.5738806531372919
402.61,21.54,3.67,83.62,46.71,657.7737765351678,1908.6388729946943,1905.6514453537168,809.4867934224169,874.2672771821495,27.10075705197315,134.85892508824145,110.19230656099757,0.056972095116079625,0.003109171845997696,3.3305763476347883,0.5779259333165067
510.22,24.5,2.77,71.61,59.57,753.46623370757,2259.458615374116,1475.8662025810618,910.5812478663165,1072.4896574883726,18.219454131571553,148.0042025590308,93.37201222281612,0.06739267360979076,0.003058501812799636,2.4098734865250098,0.47005000871984925
592.1,29.97,4.08,89.55,50.9,480.25010832035844,954.889264695507,1393.2871916757522,672.5536040976998,630.2346587992591,24.510704922013247,177.67114594633952,120.39265098326624,0.0526983265339285,0.004324117658156611,2.610042817772801,0.5219701857287925
682.5,25.86,2.13,64.79,55.64,957.8857215340875,2412.628848176908,1053.156472826758,837.4972820044253,905.101934782286,11.13058310797236,155.04178354051152,97.78503083118656,0.06457196853205102,0.0035698155557424348,1.424548041607233,0.2698636117315917
191.0,19.23,3.5,85.23,59.02,793.0913910827907,3042.8817573781325,2272.392401164834,1160.2589934669386,1080.8413403354814,29.149862807111134,122.42682481651255,93.23542735058304,0.0685496392265894,0.0025064018776838307,3.897752270476436,0.5965265759849583
486.26,21.4,4.53,54.23,45.49,593.8655757377926,1187.3101828138715,1677.9903039603346,757.1620278885827,418.6396233871823,27.10330390215117,136.55932989079602,108.5680913939946,0.059972303776383414,0.005749943548460849,1.9530751904354708,0.5995922408686318
588.77,29.05,3.2,85.22,45.7,627.5177210834815,1245.5452993424333,1686.7083770863983,637.6579274143975,799.5009172079873,22.60702488381181,173.13104211083532,129.52439849799046,0.0494981622820438,0.002685209766019661,2.486785302762246,0.4380117921154665
375.54,14.11,3.31,64.45,48.52,961.6890460912092,4506.682971975423,2578.9232457425333,1019.4805207967541,1330.5041990267853,29.64456038235212,97.88051864357666,92.16846350519579,0.06837526316198786,0.001716616434546836,4.394948987373417,0.5616051196394733
360.69,29.69,3.29,64.88,56.97,599.5813368664776,1504.3398850177634,1611.070840560903,816.1952796158979,869.6242089884375,22.367804998112955,171.74660663943337,105.2827482614484,0.06252060484286308,0.0035356072519203145,2.958244477708,0.5138371371269413
664.04,23.96,3.38,88.18,53.88,602.7750112615424,1913.9232889211123,1416.712439540839,816.8953760219534,1160.0687912711992,22.77599517428135,148.23066393587413,101.68225280462248,0.06040225804901327,0.0027239978291942724,3.432442193933919,0.5586532358539952
289.38,21.42,4.44,75.77,54.17,1222.3802834213252,789.5826610357095,1448.0802516835322,925.443413486513,64.53555926276294,14.293885834178038,133.65159747015937,99.79216955772537,0.06404054993704489,0.004276562954975454,1.613196870636366,0.3121897281478088
564.71,10.58,2.64,88.37,45.64,1514.9676447950571,8015.284222752646,3366.8830862163773,1066.1084924378838,1566.2944666097999,27.716732835722656,81.32460333644448,90.8780173537739,0.06665494574120448,0.001384481133348999,3.124149439253419,0.5204381932627467
515.46,29.46,4.01,54.44,43.28,544.2032248320826,890.9289912601729,1728.167618198534,579.3184272847234,595.5385228503291,27.065445890330913,176.58573712960035,136.16144633475741,0.05049948753534788,0.006103112714102116,2.4277005204927113,0.48841821031896904
656.49,27.57,2.54,58.28,58.68,746.7896498368781,1991.293070039976,1163.1633031610238,831.0452006784292,991.5589902549159,14.612854252246054,163.19162269133238,95.2789488400456,0.06800229148927964,0.004115436603992775,1.6896636133365808,0.3534486771413694
554.73,29.87,3.4,78.78,58.7,530.7369202826494,1384.9073897570213,1283.9404847801454,786.3066285341083,952.7347553113958,21.108674062440265,174.55705854835446,104.03319163092867,0.06080443704696817,0.0035160395401963177,3.022783961904447,0.49294574242316047
643.5,23.76,2.49,56.0,41.47,923.958305083472,2026.6204838029062,2032.370413880478,691.7566959447611,873.4690642305648,19.052228028665088,147.2947017098962,120.92238928004177,0.05371810252217517,0.0025547555663991335,1.7674154282872323,0.39978489534610945
307.46,12.0,3.9,97.61,40.66,959.1299581685352,4633.251856290299,2826.215340477918,970.5421433793,1013.9356709803722,34.823672667394824,88.22073326680514,103.98079050678659,0.059590997894853046,0.002720471662465293,4.032564055091784,0.5273075055451323
110.65,18.44,4.79,83.67,40.2,1715.8153397555277,947.4441566869473,2293.1101416031183,914.6971353984277,77.90802663423327,17.328474631676563,120.63908177876242,126.18878828295799,0.05233465767209861,0.004990156344088373,1.7550760111286827,0.33496424916578793
202.14,28.42,3.55,55.9,44.33,686.5783380390334,1463.598615871808,2201.913837423393,704.4894120268708,831.294106256421,29.195615730524125,166.66109250251256,131.854210568233,0.052645810219934044,0.004305186332159785,2.91162211504134,0.5377116458857972
378.78,15.92,2.48,75.53,47.6,1211.9316526596488,4417.573011989903,2836.8960075579066,981.850135386288,1186.7466023502786,23.246943872928824,106.15254657460414,96.37874401967507,0.06438583674171944,0.0015051535824260772,2.450424548659174,0.5590713751591196
429.83,11.53,2.22,96.75,57.82,1720.3729015240758,8046.252890391688,3108.515527559774,1228.01166593105,1362.373520267052,22.121823358537327,84.96286546508406,80.878650482121,0.07482989169229862,0.001600144863777688,2.314316084370985,0.5393504511016014
246.58,11.47,2.94,79.76,46.53,1315.63878866294,7405.329878151166,3485.1764737278936,1147.6821412681127,1540.3308473266852,31.272905000255836,84.21160927363714,93.19521913532958,0.06716081850961352,0.001965475335271915,4.186423467910674,0.5393339220423046
349.22,12.02,2.68,59.79,51.3,1371.867322739162,6765.595396342017,3261.593979227157,1147.630457897579,1470.788666134222,27.463385661505697,87.3840930683079,84.8993325122629,0.07432465437502603,0.0016905276298856532,3.313538584689383,0.5590572437026824
400.35,27.28,3.78,58.45,59.49,530.0988182777232,1473.9274712509578,1467.614808882443,859.7143772517295,819.4952603803697,24.07715472424115,161.92477158136828,96.71984918929691,0.06852525929186863,0.0037963354674092698,3.217238566931059,0.5939634369421675
544.48,26.47,3.07,52.03,53.34,652.1345393648708,1734.8959988624565,1521.8337879588146,788.9563008468746,977.2152700079564,20.357650124539035,159.2483346023918,101.0694988582851,0.06578042279393667,0.0037960476420222993,2.7487735987579613,0.479492631256588
291.58,11.17,2.01,58.44,48.86,2014.3889526887444,9482.271950268767,3973.761954139235,1212.1645639760216,1386.8943738344888,22.65439307781134,82.07782855862948,86.06142809211048,0.07397110473142028,0.0018523089059034896,2.9165762973944984,0.5534122985002501
440.66,12.68,3.87,71.89,59.19,878.0511769345354,4703.8135551156765,2355.1987801066766,1131.918125302712,1245.3566466246893,32.34766839132059,92.44801725172893,80.97250983544807,0.07686810059751185,0.0018471146843757763,4.743220518443545,0.5639267717756171
682.56,11.22,3.7,70.89,48.9,996.9053494034571,5870.326151301788,2572.5488310970954,1026.9695570555311,1558.1345394603575,32.88871789155326,85.58034856235953,87.66323549549209,0.0699271071409869,0.0016322899719460762,5.291276842263899,0.5361839574974789
298.42,24.23,3.07,75.57,50.48,750.0141112028253,2151.0179591094807,2036.9807397285301,860.3319493327092,994.9739282402676,24.015413867352763,145.53159595251142,107.91047878559719,0.05928235548328912,0.00228564110266281,3.0975504367467632,0.575856823117563
592.14,10.31,4.1,63.64,58.51,971.973952130783,6000.728363683443,2540.83946387884,1144.1002698079776,1377.4963825832888,34.80356764410987,81.31041142149171,77.3086019880061,0.0801341105315559,0.0021059510875514427,5.1798884054651095,0.5516427398701181
174.4,14.14,4.91,98.82,48.7,1802.5112049624554,979.5638648496861,2086.0531460701727,1082.8435154382303,73.7798605096777,15.212938868866557,99.47098670117289,100.30229445611025,0.06316787531072822,0.003172425143836573,1.8093424060102405,0.3673762037901462
627.42,28.28,2.7,82.28,50.55,723.6177023888024,1648.9085159290928,1514.0534508969,724.9255574800834,887.880693296862,17.606485502058913,166.70640934401987,114.15424375289537,0.05511507896452884,0.0028721770059199838,2.0229094986849,0.385634778161675
554.37,18.98,4.22,80.86,44.53,640.2966705880383,1675.752475217293,1841.9950683687885,793.6994623842268,629.4591552739583,28.817723535785145,124.63463410328825,108.6054612340715,0.05708361276437605,0.004082202616819742,2.721543202590211,0.5633824943218418
634.56,28.7,3.0,66.39,53.73,626.7467029657117,1525.3838423601846,1364.6767639755933,749.1423162763543,931.3380298653235,18.95783145816959,169.3933042445088,107.14837839515084,0.0598966842466676,0.0035148500667120794,2.4355945369085377,0.4279279651932081
321.63,25.26,3.82,92.89,48.03,603.2901312102924,1456.7538846054474,1836.7958660375355,774.5702046438314,709.2617025869736,26.968167252864383,151.16132222746378,116.59326790345229,0.05437302730644452,0.004451788045551217,2.9018965998585338,0.5907652920186987
169.25,11.5,2.55,71.86,45.05,1595.3406978975224,8383.268889611752,4096.163411414668,1229.4541753127185,1639.9696453950032,30.008847184186482,84.00285206345214,95.75411769547618,0.0666223700089341,0.0013924811723988978,3.3189737824769208,0.5459667574522621
301.75,12.15,3.64,86.81,44.72,1003.8422214731801,5162.2453021234505,2867.95468053731,1037.8407065861416,1275.145751505051,33.55085558460055,88.21942113914965,97.19944548850513,0.06376290962334459,0.0018826368221184747,4.733301886332496,0.5353575093120543
418.6,14.51,3.37,78.54,44.9,924.2619453415963,4080.6187876654717,2519.176411453541,949.1516842179319,1276.3665235625256,29.74544656573868,100.25818680384499,98.97508930489718,0.06258728953723153,0.001514220926611592,4.29179439471872,0.547341042965814
615.44,23.15,4.27,51.4,51.37,526.3127615424688,1360.7984488274358,1474.0111132328163,786.6855378734655,655.0882373030213,26.26740643407631,144.55131837065173,99.49183117098373,0.06618523174861957,0.004084318570031957,2.8001048035766667,0.6221805552240846
695.47,28.93,4.41,78.1,46.83,468.4616728755751,844.0003215272942,1424.859577532903,620.2326051972224,522.831276756902,26.1190853935044,175.38713026130787,127.38981643614828,0.0505090586320293,0.006333842132977346,2.286195769603781,0.5279278253000312
284.81,27.97,2.29,96.67,40.61,1065.7473625676469,1936.7164517318317,2726.220079615943,646.5713511064093,807.4737629528422,21.2702396248635,164.59644708802077,144.2593224878904,0.04526896778048508,0.002124995410595503,1.9925714360937785,0.37594235073091836
589.07,13.75,4.51,68.67,47.07,767.7559383282937,2404.9297016938485,2112.399698483615,924.7867598921293,559.7237577628761,31.878837315263407,99.15557547447382,94.11798056277595,0.06540122382595354,0.003043938287005523,2.5417314064503644,0.5501081450473174
395.07,26.14,4.47,89.44,44.88,619.8644357678096,715.1730390877243,1688.5239167526174,674.014242605976,178.94522960911144,25.17251757591856,158.25241764241758,125.75816061525387,0.050028838031198085,0.006922143614702264,1.309513043180708,0.5273296977471432
616.1,18.5,3.57,50.6,52.85,695.9132957887033,2689.4765764153085,1753.0109092970067,908.8177585663533,1197.8132855673155,26.341724624523867,121.18164177941509,89.13902622690287,0.07274238697543865,0.0028792976154427365,4.032123081219417,0.6056397208522447
346.6,26.94,2.98,68.66,51.11,715.1264461422279,1837.7620638018902,1881.70447890605,797.6302350653465,938.3119347639977,22.069755643945108,158.67178120114954,110.64785542298497,0.05867391594796602,0.0027459644482553413,2.7837349786489956,0.5033159344256375
670.75,29.46,4.08,62.13,53.25,453.5388937176468,1061.3319367341303,1261.616144887065,699.4985664325357,779.1865688102584,24.203358504476018,177.878584005024,110.41509939813452,0.059133265744272016,0.0037756346721067656,3.012730930215959,0.5349990200547792
696.41,12.52,2.78,91.66,41.72,1251.2526261521846,5539.325600893,2903.2755873765664,937.1638198454762,1372.4289707700304,27.06072582819682,91.47449321122518,99.34359107556946,0.06096496524506174,0.0014209106677492713,3.160433824626078,0.5236509960693904
255.37,26.56,2.65,88.03,46.69,888.7245290538052,2082.437837399571,2360.2661482448225,788.5187554025588,923.9291959967039,22.455407156324632,156.4251876989258,121.412151239934,0.05272315245148756,0.0018439058933609363,2.286784068816473,0.47680060765095933
467.19,28.01,3.94,52.75,55.78,502.2072619229257,1260.1553227732275,1421.6949923087936,784.5608143760319,726.0017655917511,24.20389511751188,165.75046804387324,101.2293297460354,0.06653817957165618,0.004060553581211038,2.9599366303893615,0.5739716938156765
318.65,16.73,3.71,64.84,46.68,779.4058110475992,2972.321515932337,2256.3972244293245,937.8778044993784,1000.0891625891727,29.94142871228645,110.61709805312334,99.86195365946101,0.06378699392910013,0.0028842124981320757,3.865986144490664,0.5725982151066111
578.22,26.91,3.24,83.76,43.06,653.2314372666875,1357.3413127264262,1802.8582665022138,639.718764654582,825.3143638912368,23.788503940995007,162.56835809596527,131.08731031971521,0.048753388990032585,0.0023338589625359557,2.6032933128103304,0.46547709141618643
176.55,27.03,4.74,77.82,40.04,1253.626037019258,726.4918884961915,2019.3756160950613,625.3793566685632,77.17202269537515,18.483722083473893,162.3708423798007,150.06634600047923,0.04526369610283858,0.008903612572393341,1.5901665026681124,0.3142791256490728
206.31,14.82,4.67,72.81,58.47,1725.5112983572578,983.5941990238468,1800.1452779796787,1181.817877814593,70.29055996341667,14.211337957608423,102.20729173224123,87.96867739279918,0.07332664463530465,0.0029608383279946192,1.7898563973459487,0.3470935252793611
300.39,10.66,3.16,75.79,58.94,1265.5738052762156,7882.057762466163,3244.3302029289503,1285.8035703583773,1665.9498839312087,32.05531234531563,80.93817177100266,79.87289975226876,0.07822428108749074,0.0014702384971007074,4.9353136501692845,0.5518168270238699
149.81,25.2,2.98,56.1,50.39,882.7603605936172,2579.1406785186487,2548.794036034563,968.4374695526178,1128.0611146635792,27.35000263192161,150.0057703379862,111.17376123975335,0.06192745029403238,0.0031835568620306428,3.1728597325036034,0.5940893250958452
566.96,21.79,3.49,93.84,57.34,622.9887444852401,2277.2299829394938,1513.3726390115673,903.5084531427782,1237.1790739028716,24.047795375183206,135.61043056498372,94.818943297158,0.06448215802987559,0.002526569599535257,3.967609484900927,0.5844846484200668
663.25,18.35,2.03,77.25,42.19,1339.7527919596769,3695.1103308037445,2133.433314309096,831.7531356573286,961.1156643341897,15.601186637271704,118.90123944148728,107.8525468629411,0.0569580537138084,0.001905805586302689,2.0149218258782726,0.4052385548043499
688.21,21.4,3.91,72.55,56.22,552.9304745235194,2065.739288186856,1413.8487457625056,870.8738749520877,1232.5412820754138,26.14046653907112,135.71636574635218,93.58743034877422,0.06633096288162546,0.0027914453778118548,4.329558179526545,0.5931385469889519
442.29,18.99,2.96,93.72,54.79,847.8003976220074,3201.744422155734,1975.0403066250353,975.8775574116781,1240.4158814096938,23.12703686990075,120.75550720024833,93.6159082207588,0.06541786687355267,0.002024400979495256,3.3683120656752017,0.5720153172538696
330.43,20.52,2.2,57.59,50.23,1174.4560172226447,3477.9943580495546,2440.313464253294,953.0450713356731,1005.1664509080623,18.173272392462604,126.64244980994326,97.18433690945588,0.06612750050213571,0.0024326616543505,2.1402883934197336,0.495199434156853
218.51,27.03,3.53,77.45,55.0,648.6025461129764,1764.028259188715,1931.2130273165603,904.4835374108477,866.7081696331161,26.520350095838538,159.23505443432558,108.35003681247892,0.06022031659825244,0.003470986051185323,3.205876014043214,0.6041102864863725
643.19,17.97,4.65,86.69,51.23,957.0483973644705,1006.5939669351585,1385.471946263566,867.9438222606595,78.49550356351105,19.665987273611687,120.76892109302419,97.39696485580197,0.06294358220440416,0.004152010240140858,1.3477836243760544,0.36199139444064804
649.52,15.92,3.07,61.36,46.95,926.7838971652149,3609.698665464152,2185.602306117898,911.6302834597335,1240.574707265612,25.75932900553635,108.384235090868,94.96291739105867,0.06575183506590318,0.0020703703862493235,3.4149880326767916,0.564647893889411
646.31,21.82,3.64,64.08,58.78,584.8087038887663,2229.4709157447537,1408.9575565766686,902.5759558987385,1316.2459078031154,24.63591843781937,136.5047294982375,89.61682809960932,0.07039041726156475,0.003106277259519647,4.230577301353464,0.6075826788282563
410.58,18.52,3.19,86.73,53.99,803.7305851989493,3148.824983437144,2040.4200834928004,975.7307053100159,1227.1616699044957,25.295564841272448,118.67043400688598,93.82597581009185,0.06579685460138943,0.0019744895095179524,3.8544570379544787,0.5736532991714929
328.66,12.36,4.62,98.28,51.3,1666.6118443479238,1191.3271199633011,1926.0018676426553,1065.3286160909408,75.21149046105515,17.661788651242556,90.31343372050146,91.47956122115319,0.06757634309293975,0.002715734656056848,1.5753335929090782,0.3659320874556524
504.58,15.28,4.36,72.22,53.81,708.2304568086381,2482.891834307674,1948.449133566468,982.9971458134448,664.352872583282,30.665844796651342,105.13658590537675,88.97362631566108,0.0696396742243108,0.003117631996427504,2.942901392917187,0.5667917346634463
280.12,22.78,4.58,72.21,59.44,1080.516025454579,724.9218846692082,1364.1176047011509,966.9090003053906,66.67432340580379,14.791143853504739,140.0218138330429,95.03057027085262,0.06760757294711843,0.0040473626964831685,1.5225171754807225,0.3334022647664397
267.19,20.24,3.74,53.08,57.85,686.9216025520108,2419.451551567346,1975.4250508236905,1035.1363034108256,867.7505300814626,28.02741480395077,127.13838699956919,89.4003625141457,0.07495110936265018,0.003303634381661104,3.4722545169703753,0.6287619926253142
108.64,15.64,3.71,82.89,41.01,976.7761507921857,3775.166053612602,3002.138566593424,1069.4073672442246,1162.2484388653609,36.2764515443224,105.86547265333253,115.72814005753173,0.0563926094295779,0.003144758970099813,3.9354528358635146,0.5624957916808648
622.66,23.88,3.82,95.94,51.65,547.7553387968135,1621.5385281426609,1462.8297977910593,789.229969505375,953.6194456947092,24.88455941217305,146.36532381579514,105.97523089892465,0.05809848438793235,0.002422325489573726,3.504389417191865,0.5832336794181412
404.31,17.71,2.73,85.91,41.15,1017.7919655602587,3375.042640291729,2568.588788454104,845.4481600795935,1150.2879768707155,24.389852788258136,115.27741942558139,111.29657275386424,0.05579527958208423,0.0014939916445196103,2.826511153033687,0.5514840806280061
481.28,28.66,2.16,53.34,57.5,929.7181792806449,2146.3554009883114,1443.341099586915,840.4353510815362,837.1144798213054,12.759805501622072,167.1613064080502,97.8493075725299,0.06817425805437471,0.004230832030850757,1.6951594606660703,0.30253290929846943
214.47,21.94,4.27,83.87,52.68,1368.9577370191864,862.0279281671676,1611.070309890498,950.9034904492315,63.78103215926909,14.25659935066689,135.48117952544166,104.47783419037762,0.061384710417185726,0.004606661559526483,1.6876973763886578,0.29322357025230134
640.57,21.1,4.8,86.63,45.26,1126.600366829516,692.3935788760008,1205.1666768219743,739.0434313795804,64.11240478605905,13.43615199269657,134.80074431091572,112.68679294162405,0.05519253893504084,0.005145255157669454,1.6547916775019926,0.31195635980844627
244.01,27.32,2.79,56.49,43.16,859.5545230708218,1860.8508877543948,2441.2972836015215,710.1933451079252,910.1050889090394,24.59818946918377,160.4979033407501,129.5865693524625,0.05257018965904761,0.0027111423925481526,2.401035678532992,0.4701637287302223
692.61,20.8,4.2,72.94,41.35,587.2373525932545,1489.404428779628,1741.1976405365601,703.340657220748,696.1301679252402,28.78725934922587,135.61416061657522,118.78806326868815,0.052899484534830336,0.00461542902445952,2.861105165241878,0.5683315194040963
651.65,17.27,3.25,81.09,49.83,806.5522153673572,3218.2349127412203,1913.9820119772899,909.3082204052125,1304.7387127593643,25.502589302343086,114.56958072421656,95.56892157614772,0.06394608631296428,0.002079349067031246,3.8121006195270604,0.560285140362657
380.74,13.29,3.36,67.07,49.25,988.2228940848016,4949.554407203486,2653.205321551582,1046.09953037249,1379.9116756334377,30.48288410278758,94.01042048676072,90.5104596740219,0.06927255617792094,0.0016427158011452622,4.622319549210226,0.5563241906487313
285.34,23.56,4.15,85.29,44.02,618.5917809748553,1375.827263188749,1939.2580261149883,749.0216064641303,487.9374997545401,28.979514377874974,143.92229155464972,122.27919015568077,0.05247517546162733,0.006329934672028212,2.1267479767750905,0.5840399905732232
458.32,18.88,2.42,97.44,45.85,1085.5393853559362,3457.8365571588597,2359.3502230447257,884.8593923146641,1088.1082276132056,20.20614961084976,119.72146518946138,104.73656899574458,0.058511560221122326,0.001671460435005932,2.107630939185994,0.5500797856312231
550.96,27.73,3.46,70.9,59.53,540.1140947224957,1563.1342856267543,1296.9818160563439,826.4962435618567,1044.9692079292704,21.718953971524247,165.0026689867565,98.55234704271467,0.06462004061415705,0.0035651294218833045,3.3011265217515002,0.5270096837613694
581.65,11.0,2.48,62.06,41.76,1579.895995031332,7507.67755683546,3429.062588126121,1009.8552726231695,1451.6605854680136,26.19060385439245,83.63969979161207,94.06652109192852,0.06579373963862976,0.0014747725493209432,2.549477677161128,0.5304850009183629
291.53,13.23,2.77,58.15,51.12,1241.427073252501,6038.376137275251,3084.322765321015,1137.2334387712501,1270.721713359142,27.535143556470054,92.97696858084447,87.29971047930322,0.07363441791491693,0.003608102595166611,3.146141275417378,0.5713877044358247
274.14,25.89,4.08,97.62,50.23,619.7611506868878,1193.0782296208872,1780.0299333723578,801.8741867931157,275.6109941161537,26.215342606997897,155.0089075047632,115.30730125479636,0.05491886283319473,0.005491678543039865,1.3758129139223019,0.589787625833692
180.39,18.82,4.57,60.16,52.44,1573.7118779804648,868.570476960707,1803.877702022323,1035.65127819852,67.55927050741442,13.991608527909172,121.76451397069636,98.79870951701758,0.06745802364032025,0.0039175983325913655,1.8014860822040495,0.3244898136135617
349.0,27.7,4.45,79.08,56.31,524.5712476857441,1004.1670104354295,1491.8123393845215,813.7299104122301,361.5666932017383,24.85054470673989,163.61042066647525,106.3356715991157,0.060194908108916687,0.00619566719937434,1.769467649148574,0.5977582666903356
105.49,16.46,4.51,66.93,49.89,1842.0778986108696,1107.0568546030333,2248.320097033848,1203.4874334546287,76.22119088423167,17.127425787016012,110.8146569254165,104.00543079868713,0.06477249282519355,0.003700047813149203,1.7359575622234908,0.32313353315993326
611.09,29.52,4.25,60.59,53.12,457.88332454111935,952.7614339914363,1302.7794399921218,699.1297017294177,612.0306722534816,24.358055379767787,177.06430708374992,110.95524654553273,0.059317259067134344,0.0044600139829776096,2.588574855347165,0.5411277609450711
635.23,19.6,2.73,86.85,47.5,901.5687880366395,2875.813088679852,1911.3335614511063,851.1659616658856,1115.8561673435488,20.884479012920217,125.29957426497549,102.77612097465077,0.059504375424388675,0.00209554494208969,2.5098255170663184,0.5451524227076193
240.58,10.22,4.21,75.14,44.02,1056.0523732376719,5313.296669987939,3022.9331031157662,1093.3492326221406,614.8347414882119,36.39302569425312,79.38398862371614,96.35559157844702,0.06543806512949156,0.0027766855120877317,2.602842722966359,0.5329521729810701
529.34,16.19,2.61,72.76,52.97,1091.465023192308,4219.051985296864,2222.9280667998205,1007.8043867788442,1245.077751129719,21.712867908729034,108.064251490729,89.19388118730758,0.0691186167897147,0.0020366284381645046,2.5536555383140818,0.5663929658323442
581.64,10.7,3.0,69.46,59.18,1291.6410949630551,7649.906444968496,2810.205418162686,1184.3031168632308,1705.8602234452806,28.88668232612887,82.49089741791589,77.13188098044355,0.079806800393107,0.0018805238410429992,4.068320238383299,0.5491762204994739
196.45,17.28,3.12,91.73,50.24,954.0833380723088,3836.2036067122203,2665.475157882333,1085.6688323631781,1266.409908085695,28.79544213258912,112.06707718023048,99.40857226409655,0.06340889525408087,0.0015636274837762373,3.9477643504848223,0.5702131492448296
586.68,24.77,2.1,75.45,46.04,1058.5068573469869,2401.6222472397985,1766.593605104011,752.9632960176344,874.6115417419865,14.110855150950051,149.94926496216556,114.55850537743152,0.05484111799357996,0.0024610346720254374,1.8436164749325106,0.3156119086971968
508.48,14.02,3.23,99.07,55.14,959.4625865080229,4812.299623618178,2321.3398864435276,1064.5778111902569,1504.9136754966046,27.940272213346237,97.95082361364975,86.91666865270187,0.06963019939635631,0.0017686496417205178,4.457784878652339,0.5480435470820213
245.16,21.89,3.2,83.08,56.94,768.0925524852933,2666.177236456652,2082.8418155443283,1028.6221652873644,1117.6598018469115,25.498873909023246,134.1760669846892,96.97306629191597,0.06546537092902296,0.0022180117628329706,3.6410805578564087,0.6000505841916874
204.54,20.99,3.46,88.83,57.87,753.3410159492548,2680.4840523219646,2163.2586612996174,1091.0187936813836,1031.8284594430484,28.02514019719589,130.0530502951637,96.35009194496936,0.0660197253536401,0.002534146714476267,3.7415051952605687,0.5979273525166844
622.79,28.48,4.26,76.09,52.17,466.59458200809985,996.5725797288259,1313.7523293948889,705.6140216063995,626.3593359583251,24.524013275878577,170.64797828132,112.95124790141965,0.05633170640612701,0.004115399587895599,2.6384926546855128,0.5541218564830575
219.76,28.71,2.68,55.3,57.82,833.8406904972264,2266.6744198655383,2133.675555723873,946.6389010857744,908.0198242666443,21.476572661862754,166.20084740701256,102.12047163170485,0.06735189447320872,0.0049270861364326375,2.2918954893408423,0.4922057829693345
343.74,14.32,4.65,97.95,48.47,1561.9894119736161,1003.8183076900201,1740.9807688227277,975.2814688997478,71.37762708499348,15.706497150393076,99.9979136838392,97.3976181076093,0.06357881779373625,0.0031631465769015807,1.6499371306023027,0.35039663508208907
606.8,21.76,4.73,99.97,53.84,947.1523413532366,748.7365139222707,1095.7739436898798,828.520779239475,64.96868398225246,15.235539137526995,137.6803106505144,100.5779836147672,0.060942415615909774,0.004384942657221618,1.4619156547437273,0.30994752509781043
344.45,10.47,2.45,54.32,53.25,1683.070928413591,9199.914410363086,3731.464960889916,1234.3955597905124,1369.5582863982493,26.83503970854817,79.44191207520682,80.28795399192738,0.08011133507780922,0.003924009139329749,2.4193973880393913,0.5619599758464383
347.39,23.62,4.84,97.42,42.95,1207.523368277837,638.9157387964653,1577.3048992194115,695.4623856205883,65.31956194675206,13.95490517429317,145.1303719178062,126.28287155197613,0.050498480566071285,0.005860683742668806,1.7242297977208363,0.3059819343739853
691.63,17.29,3.11,58.5,41.36,868.8458608568484,2973.682011162933,2159.742395727083,809.054062807513,1154.8728117673697,25.684302147506386,115.09136192290707,106.3511746936702,0.05923174131466949,0.001961778449322861,3.275398947257749,0.5625074232565026
624.5,12.23,2.1,92.83,54.52,1719.85186521717,7271.2304399799,2411.241598730557,1127.9245304020535,1284.487723851031,18.18199728165676,89.14118359219381,83.30311932932993,0.07195860185203154,0.0018757133876501832,2.064697659156149,0.5355682114856045
264.04,15.3,4.29,74.81,42.67,1443.1463002022551,1197.5807587776806,2009.5109563945937,917.6554230835586,75.35257682962622,19.05620243866487,104.11877079557267,106.54158398584387,0.05951482605815529,0.004205090798186867,1.4589833384870579,0.33616543579149794
529.29,19.57,3.47,82.08,44.11,719.6891215544455,2287.534059741394,1982.7802848243869,798.7585824421805,1015.5397398566867,26.772143120450878,126.2177342982704,109.86201742999543,0.05659994827447749,0.0019133286395139751,3.520177271721469,0.5645507304403029
410.59,17.93,4.22,79.13,46.4,684.3627863872288,1801.783766057102,1963.648612441646,861.2324094358938,583.6475578198507,29.34020505457188,118.65020946367542,103.60997257873656,0.059676814185982856,0.003951180456353285,2.5709734920232483,0.563966369507889
313.54,20.45,2.79,95.04,53.27,902.8596951347425,3045.3904181739294,2220.27924709915,980.6615655714023,1122.565707859308,22.953662198232273,127.14087974437375,98.42381311170105,0.06299857820244209,0.0018418147754077124,2.9729213118710893,0.5792305338138701
228.05,21.71,3.2,84.93,59.34,780.2871527780388,2735.456465256047,2111.4341435562887,1078.5457053764599,1126.1607631771528,25.78486381897387,134.0465267077275,94.92303123817636,0.06699604408592778,0.0022701315174674915,3.645038575910678,0.6037097838089895
312.5,17.57,4.21,63.72,58.04,687.6318389542847,2302.358097705374,1935.608059239679,1049.103145938555,575.0003469573167,29.285434406303402,114.74334040511106,87.63062390088639,0.0732155141937708,0.003937488467790656,2.5856808445694965,0.5980090214776513
240.13,27.57,4.87,74.63,50.78,1208.0137676007064,597.0951151775379,1526.332842245834,772.5787509065296,62.41294401667129,12.606001456853232,163.27490101520175,117.72061047211695,0.056034708520448215,0.005398276075105488,1.8106832325643376,0.2773219110230094
266.97,18.53,3.08,80.89,50.47,884.5426030625534,3333.643538986452,2389.985854216794,1000.5443252046175,1198.0007439867418,26.562418184798407,117.8310052849546,98.90030478333189,0.06363218176664852,0.0017700446265884382,3.7124431837792717,0.5760754620468558
650.05,22.41,2.2,61.57,58.31,1015.0365657058583,2952.7360056438556,1184.8195647303855,926.7542296257835,1002.9050225584301,12.532994602569937,138.9653046471598,89.07398381145208,0.07084203369511823,0.003404038154589224,1.4871751258252865,0.3295577101847064
287.85,22.88,2.79,61.69,41.14,900.5889724173054,2284.956892913205,2471.3801711574833,755.9790987795384,978.30769141698,24.51133925591342,139.5830524507962,122.75668883786005,0.053396525621032684,0.0020002349355457043,2.5772265232877154,0.530709261878787
572.38,24.76,4.05,75.62,42.93,565.9812222970286,1159.3621692438696,1693.5447060879517,659.9005492038534,643.0854373330372,26.913077711379557,153.60805558121842,125.5763234728197,0.05087845383849679,0.004861895213955366,2.624945596795553,0.5633543421616423
516.98,10.05,3.51,59.8,55.44,1159.0123578310886,7784.3151296968845,2928.0283936393207,1162.3204004162208,1695.2456843680882,33.32715149645857,79.14645704727094,78.85813973041331,0.07962084140866597,0.001755534095479609,5.47128905803694,0.5517707931219186
657.35,19.19,4.85,55.44,43.92,1221.2930644574349,726.2390928113149,1281.7193526287456,756.3857067744672,65.85852120954296,13.471259005465615,126.38329909205582,107.1712389599156,0.06002916727082292,0.0048553223028319,1.6889788750755261,0.3234714268102502
113.7,15.0,2.11,61.84,42.32,1808.4611394019025,6907.9019685304165,4408.767678672993,1207.1933416706827,1373.1251272306133,26.44100521631343,101.1056655572424,107.06959775306827,0.06177012481134856,0.0018075681433285889,2.78891437883461,0.5723668752355386
540.24,13.58,3.02,63.92,55.47,1056.8335089148593,5189.105322668925,2390.473678912559,1079.6245552965738,1491.9086626868593,26.581654932540193,95.80482875642858,82.7002259931577,0.07535756520676469,0.002032654578505205,3.886349689736292,0.5657561742014361
541.29,26.15,2.99,79.5,43.45,722.0760394186221,1552.0770614362552,1882.5576193460415,668.7591284862033,855.183891559986,22.449423528302116,159.0640481677293,127.07438945726557,0.05019807653429254,0.002323294621510492,2.4261522690512827,0.45176835698522366
232.53,28.51,3.65,70.03,44.99,647.3479406666421,1346.8541667769412,2076.8536186077504,695.8690591491716,769.6275004829658,28.579247371475343,167.51301053176897,131.99761068110098,0.05078580382487894,0.004692499877157386,2.844017094168281,0.5392649088858732
166.27,21.48,2.18,76.85,45.88,1324.1465969885392,3880.2884589724426,3209.247929941867,985.4475075207844,1096.201233435438,22.200955168265658,131.9228500457919,112.47507468596888,0.05757925238699713,0.0019371520180218923,2.3341011169776715,0.5348833417922005
572.87,25.44,2.23,99.39,54.27,940.231555428422,2418.5890763709344,1405.4044592534801,843.4915936801318,921.1607007701662,13.528682991187692,150.98128592922356,102.98758391855111,0.05937318391480319,0.002662544936731361,1.6272761039243218,0.3356895671269013
669.67,10.68,4.23,62.61,51.76,913.4227306602372,5517.766433755673,2458.989796114131,1052.5616871223936,1235.5251437820916,35.17903371470198,83.9510501606423,83.5605444479571,0.0743144267788221,0.0017685710170276196,4.85704201675638,0.5459433336265481
211.28,15.44,4.3,64.71,47.64,1533.6167420427037,1173.0630749746301,2005.0103738458918,1019.1673492880362,73.84119419695433,18.214637829284197,105.56336712635344,99.3866990110324,0.06517548108165919,0.00390499768209166,1.52976320519921,0.3306585640480418
451.15,22.33,4.09,52.04,53.47,569.3065331109223,1627.1178155303285,1621.3387608217506,855.5789582258421,686.659509040087,26.652708168220954,139.02717182385592,95.83418933944611,0.06896221995939805,0.004171521152075072,2.931452234255027,0.6243214974944608
417.35,19.05,4.41,69.46,42.28,811.7787641357556,1111.9187781674607,1856.8400380282264,775.4668078228004,129.32403329582655,24.86488564549193,124.40951052888155,112.74526757858015,0.0557008870082055,0.0050249358185546515,1.3543391955518767,0.5670279477058119
156.37,10.93,4.65,50.78,56.05,1980.0300659069135,1397.4457118074665,2327.334121135493,1329.4668514064704,79.634372064275,18.896889471094873,83.90065925506195,84.28554691772656,0.08093965424599976,0.002489334674676226,1.6168456075246358,0.366699559428021
612.19,17.96,2.95,50.74,44.45,891.8191544483259,3040.417518391909,2113.3348174367634,844.9708741505312,1155.517391283635,23.890169780406673,117.89595459556904,100.23239113423521,0.0641364263239567,0.0023246937191160476,3.0445754964924308,0.582953538178255
377.15,16.49,4.5,89.46,50.72,1075.334666691272,1071.667251024704,1750.918417882465,946.5606952385521,85.0412342271888,20.770883998498217,110.03725928758453,96.51186978871448,0.06381359015865973,0.003672775711535245,1.3632369840589076,0.4073714596647148
549.81,19.64,2.51,76.57,54.92,978.30700815801,3295.805201372045,1785.8191615424196,954.7291113500321,1144.6289280822054,18.201873794015313,124.110840980841,91.89992716057799,0.06704316415883224,0.002376896064459983,2.1044023817301367,0.5099423193203548
352.14,22.64,4.45,83.5,51.18,660.636550725563,1041.7737940336665,1648.6161605527916,839.4507082902643,170.19876931329333,24.496631564454873,138.80329517167377,104.8518748976903,0.05895552908583215,0.005529756512713908,1.316434246450707,0.584778451905253
589.61,15.87,2.94,57.02,57.81,956.5501227270477,4117.168108296467,2003.3607191135538,1043.3113380661894,1363.3025689600595,23.65627836196794,106.4860104944432,81.45624994881918,0.07769099369258414,0.0025361724813015335,3.3260160613233603,0.5885510730099303
354.11,16.73,3.14,64.82,57.58,889.2070435955471,3808.610840845944,2232.4995456142456,1081.3528052925165,1295.2120719759864,26.200033763526562,110.12479775904525,85.84256301370121,0.07404449186450693,0.0022003305237002593,3.9672536568623067,0.5897243553795863
669.03,28.76,2.27,83.25,46.08,902.8551110523799,1682.380120419753,1662.4466181456678,662.6841518205805,784.861962120109,15.008620342300702,171.93257516537057,126.10398551402837,0.05027264305088771,0.0028004884137998436,1.685951567078763,0.2923326640046847
523.62,12.81,3.78,56.25,41.38,908.9664965761872,4110.393866914629,2556.059288408722,913.247353370805,1141.3267528666247,32.721058719569825,93.47011058817093,99.0187731358725,0.06379150220948883,0.0020843354878184875,4.288882729406944,0.548304417868256
382.91,25.97,2.66,73.57,55.82,797.1974529803715,2206.473166450428,1768.42693166132,880.8683341509587,990.9266358532637,18.779844639375774,153.07871682724766,101.04230657000544,0.06294663076761838,0.002691259261783138,2.3469100008328163,0.46665330310726083
692.41,20.92,3.85,54.6,45.44,607.0189837735755,1820.6282415460437,1671.7053991522748,761.1215940061506,940.3043944298039,27.052853720321757,135.59146401811105,106.20041113326383,0.06059221191358631,0.0025886540570395477,3.456231478359943,0.5938236438308344
368.5,12.01,2.18,94.07,46.27,1723.9128399111846,7592.325296083659,3605.012103917855,1101.4689878245933,1348.1990159202676,23.372859963590038,86.71069051334356,92.56997480570591,0.06583188160048008,0.0012751619701707182,2.5689021028104047,0.5301136706522137
582.5,25.42,2.05,91.25,43.87,1093.5193656582846,2270.386077253531,1887.2369749581244,711.991571239018,819.1897568828347,14.298528900388543,153.14957835711004,122.54219644339864,0.05100815324906357,0.00222941506086213,1.9001601590824722,0.30418173001121745
435.25,13.83,3.67,89.86,48.55,872.6842497488179,4153.313086451429,2413.2540174744972,997.6563348965033,1214.720358779562,31.10445242297695,96.75628237635176,94.02656162406873,0.0652262242089752,0.0018589485492833016,4.542504643586468,0.5441681949557194
177.87,11.11,2.28,83.77,58.05,1830.8176218311876,9637.68399746784,4191.797145135273,1464.6939442932007,1573.6663309632718,27.0466823669066,82.37714562778287,82.9367435386667,0.07630354376901598,0.0015406073445193473,2.6764052465605714,0.556094429920018
521.84,17.76,4.28,91.57,59.92,621.4852017229687,2218.981732602211,1687.4205726125826,987.5500115651583,779.5601263930931,28.829751363931898,117.00628701417875,87.78832581153853,0.06960474200271066,0.002660943152844172,3.361317881252414,0.5753513215028132
473.78,10.41,2.19,81.99,40.39,1907.7583559342052,9045.189156954162,4012.1432206882605,1043.1642612469652,1439.8955720403817,24.99070676801901,79.5886888963253,96.91447223593664,0.06307416157710191,0.001213119332957059,2.7061475487760824,0.5160730191198054
211.52,18.29,4.59,56.98,53.73,1548.7590166276793,854.7491627978484,1700.3590867147775,1033.667886723388,66.46525038741296,13.42647893826045,118.7803539687323,94.65601250866789,0.07038617506959673,0.0036933663363391267,1.8050287789701431,0.32638980972309783
639.3,15.36,3.94,89.05,56.28,715.5282617466821,3468.498392120795,1872.6102841014301,996.3704036613328,1330.2727143387574,30.11075335660553,105.71647529110932,87.28685210053139,0.06950774980773441,0.0020573502983452867,4.911388195958495,0.5579698781361264
316.65,29.27,2.24,60.57,48.12,993.353750556638,1947.6890274285863,2300.3245240878555,744.9108312953994,780.305011700215,17.915252395137507,168.7780732362283,119.38243438212183,0.05559102441430343,0.002882368658590689,1.9896616470443134,0.3679256031094907
231.59,18.01,4.14,66.8,45.58,1302.0586812382448,1159.7646096138426,1931.8865588877072,919.9127307879616,74.35427924534616,19.09434961535335,117.20199063256422,106.29036029850533,0.060791275222596426,0.004698221397925416,1.4077613623091254,0.3229738391037294
384.78,11.61,3.5,71.13,58.03,1044.0171545041767,6313.770717488733,2732.2541923710255,1186.5136950696653,1538.6019473345673,32.116141895384764,85.83237422863245,80.5840941698756,0.07747770718130263,0.0017072703981041468,5.245207824566464,0.5569577743210428
581.8,18.49,4.28,91.65,55.9,604.8409043017053,1998.6237380148084,1645.2810181297662,921.5657122268112,761.5591323969736,28.42032394230464,121.56791213759584,92.49392550350095,0.06601338757679416,0.0027566466257035473,3.2505881084270567,0.572962785439621
576.06,29.31,4.67,96.78,57.72,439.3421511070954,838.3156208939728,1190.9693367870027,750.5697428261459,452.01673384989965,23.804051097814416,174.26188125969725,107.83110152298535,0.05784172564518325,0.004767354828443554,2.1299746807922335,0.5748314328290541
422.38,26.77,2.3,95.68,42.46,997.5163826975026,1909.586056170508,2340.1105595686186,676.860648804765,787.1474831303169,18.859354579775975,158.88517603780025,131.91764120775818,0.04820823773913816,0.0019000839127020486,1.9272271319227035,0.3721273399355897
682.67,12.54,4.97,87.79,45.3,1483.5773563647545,1065.1234912270195,1624.9390904527224,911.2045381862831,76.44171057323246,17.50169580348732,93.9097673767884,97.03966176246851,0.06287855515329496,0.0032154168215240953,1.5487910247649517,0.3707004301160109
446.88,16.54,2.91,98.19,50.8,959.0435483651625,3936.601312658778,2287.982932457647,984.774299855349,1311.6492246759706,24.625364139410927,108.82665833255744,94.64459632503628,0.06440952884488266,0.001710508818742848,3.4973130452035206,0.554802008893231
232.18,27.11,4.15,75.95,47.87,601.8683783819058,1225.158375605781,1887.9441318071802,760.6774044174546,419.74369363545213,28.3105590290899,160.81589228193616,122.1085444150686,0.053893808825719404,0.006851987507428335,1.8222484221522999,0.591349783713294
109.1,28.51,2.22,77.13,50.82,1319.6519048016125,3569.7839588795905,3362.4725702435408,1024.330118369654,1222.8507272680133,24.35074235672122,165.82710397149788,122.39774660624447,0.055472496713858545,0.0028522470369951813,2.2365741015239284,0.4735990457097039
343.17,27.21,2.71,80.08,56.25,777.4166562333592,2062.256092547106,1817.8147763258369,876.2089153012928,950.7975972375203,19.525565371249684,158.88347208982154,103.66727668281328,0.06127047072292148,0.002628219762501239,2.409367602171675,0.4726373209782766
290.17,10.63,4.41,77.7,49.14,1527.6230205386398,1829.0992731769015,2470.299263506338,1114.1425276492598,93.0911889057985,24.862736278811802,81.5686592366836,90.53467038893145,0.06923452013864263,0.002644983527493637,1.4521450908687865,0.4236893505715154
288.21,19.76,2.81,56.24,53.84,926.5494476970392,3185.7262602891137,2315.2938275811857,1011.6924699963671,1147.3728881251996,23.50460747216584,124.2203857679127,92.67509600565432,0.07052731820628906,0.0023356819005056727,3.0639925052207593,0.6097368350378093
483.35,22.89,3.64,55.1,44.18,633.8934364837479,1663.0166399628458,1831.7333548116017,733.8588386208083,860.2192181269183,26.325805952336214,142.65441729262642,113.84607796867648,0.057579014049513065,0.0031861850783283727,3.164673177604148,0.5965734221786689
193.76,28.3,2.1,95.97,56.95,1147.2069875263178,2992.958824637226,2447.6985412180593,997.2252090514704,972.5470285656248,17.780441269565635,163.55775530693683,108.00931779910883,0.059382679487417926,0.00258216104386942,2.1401598947583333,0.40956678247230344
300.21,12.63,3.11,66.49,58.88,1125.7641232875965,6039.894718271797,2866.0466366662117,1229.0274714182708,1525.908345829815,29.705800946023984,90.59016554952652,80.94709079009638,0.07837520231615666,0.001768604216072474,4.504793621545894,0.571552052585819
494.85,20.85,3.83,57.0,59.17,599.0227467674879,2187.837075143296,1584.4080071678127,943.3422056100368,1039.822506170385,26.134773033294408,131.4523845658601,87.45887174246192,0.07407499328535709,0.0031008662526369806,3.939253821851296,0.6192856204328385
604.03,15.87,2.25,57.99,46.02,1310.4035201160702,4585.221628444952,2390.0812589933394,938.6405131909571,1141.1196800539826,18.915445700049005,105.82136338359635,94.55853259324567,0.06627229715333133,0.002033635935337462,2.0328596321077264,0.5611135621332894
521.17,28.22,2.86,79.67,59.08,664.2127325488085,1788.4693901263283,1348.668655455631,836.5348091657992,1009.912385791271,17.833992843934766,165.43058797636212,100.52660792792192,0.06251081845522811,0.003254262549307517,2.410852218198826,0.4293286689189561
698.76,26.29,2.4,80.6,42.75,902.8050402235002,1773.6199112389772,1875.813499485544,657.7372712723483,817.8442074187534,17.35572736488915,159.90535282778285,128.06533723148917,0.049453785220010205,0.002405629575638775,1.7170529887726893,0.34288056610214834
471.17,27.07,4.04,64.75,43.38,558.7613564434126,1031.8569563345707,1736.822054802458,632.4326023776588,603.8437981639084,26.997900856339584,163.88532810862193,130.11731620479833,0.05072693412598138,0.005767262422073187,2.501023662126474,0.5314366630265115
397.57,15.64,4.94,84.63,49.24,1328.788528824489,837.075266099061,1629.2594804392838,927.4510081290144,73.66657975685389,16.287676045121092,107.56215555642345,97.42392137293186,0.06358113076850959,0.004404291501414665,1.5672496606348387,0.3842688633472994
187.47,19.28,4.97,98.52,58.19,1507.056890971723,748.8472259201778,1694.2891618788265,1089.2143542586102,67.0523786066786,12.71822737119436,123.64355073392328,96.54508694836632,0.06596919368054398,0.003401908800752379,1.8726472621133294,0.33871481890098415
538.42,15.4,3.08,97.17,47.79,949.934915669639,3991.933021734704,2342.0343398438067,948.3605905315221,1307.1572518782273,26.600175358640158,104.47548999993946,96.53345293977345,0.06295206714453684,0.0016555295598535385,3.758154811816518,0.5452432601692135
224.19,15.68,2.43,82.68,52.19,1303.8409659510753,5372.052732087711,3107.9514403130024,1162.314688584917,1300.8230677725803,24.280138804375085,103.68793749297532,92.66169694620642,0.06780947981153222,0.0017614872646627023,2.590596514098875,0.5672028194895617
418.46,14.41,2.71,57.97,43.15,1176.8560818353053,4802.635178033221,2893.130109538639,952.4876798964721,1301.9619811654488,25.94827570607165,99.07347070182377,98.1204620050697,0.06447672415883603,0.0016005800133375358,3.1024430509138248,0.55737701919647
120.65,21.86,4.07,79.59,59.98,1524.2779516941432,1088.71091110115,1929.1727712260783,1238.9967835578318,70.32650093792833,16.99540652291716,136.0671816163419,99.71166611080018,0.06690292518696542,0.004192586186673523,1.6043323726528624,0.28353239933480784
466.53,24.81,3.76,67.96,59.57,546.5119913566017,1713.1131996615543,1451.8386104299693,885.2378466773655,961.4188822269649,24.383589349741484,150.4958299058537,94.51754502748908,0.06760701566446009,0.0031472354496491165,3.5960949400950204,0.6210539499715415
609.54,12.87,2.14,77.72,52.73,1631.4299113891523,6429.289393580496,2523.410944497707,1090.659695676059,1192.8804754158837,18.914659371564387,92.43016898947704,84.84298416622215,0.0715559178394345,0.0018897462578743405,2.092920364130416,0.5445045879155981
131.34,25.76,3.92,62.8,52.81,706.3581645047615,1840.1445139415634,2228.3996242736225,990.6871549449459,681.9639992095917,31.426050782422767,154.50152668254321,112.40652349770943,0.06119931436174276,0.005444772983974493,2.6152816408241764,0.6372620951230629
557.47,18.38,4.04,51.79,52.9,633.4938273126118,2287.0054244181497,1726.3571362723924,907.713923852241,924.3848937716966,28.28109151077738,121.03334069560971,89.99794713632572,0.07207311092759637,0.0027134272781394464,3.6840438330239658,0.6047756829496505
233.06,21.48,2.82,80.75,41.04,946.1359417114247,2634.3268373569563,2635.7030935503467,809.6466801298405,1055.4087329971994,25.92113592847265,132.6549235828655,122.37145139791956,0.052374144206189,0.0015643282211383381,2.7937111763211293,0.573550587315853
431.03,24.34,4.52,69.45,48.81,560.5098391278608,1010.3566682843702,1579.9563265595589,754.6540163061411,388.9042472311403,25.800495050216483,149.40551550444113,111.0677721257148,0.057479494415032605,0.00591473522596132,1.8533532836459317,0.5995292260019892
657.47,14.39,3.58,98.19,40.43,869.316606558722,3478.6071167354417,2369.412300912206,850.853041627567,1169.3879322332978,30.630653934348647,102.2776749879863,106.8696048599333,0.0570234142090655,0.0015232465268097749,4.0220023065263595,0.5314990261146529
646.64,21.65,2.8,90.33,56.93,788.5292782511206,2679.8599359452796,1481.4487807381365,910.848286445828,1201.3980945056878,19.26055361421109,134.43763011884468,93.71655615874108,0.06487496344423899,0.002654260153846922,2.578842518570181,0.513881353436684
426.41,28.0,4.63,89.49,59.46,480.0869826604362,939.6024432989078,1300.191664021283,818.9129038378748,375.39920105269226,23.87880532568958,165.33879947497402,103.0598089154077,0.06104831149450632,0.005684055054431256,1.8386639142387082,0.5973692168034483
644.45,29.69,4.34,86.04,50.74,463.25564247822683,858.9416389204348,1327.5417179326023,663.1788986650323,552.8250219841856,24.597283066776946,178.1087222161854,120.24358805346725,0.052766200098401106,0.004939701614174074,2.382611083491605,0.5258569146004859
151.08,22.6,4.68,91.61,47.13,1498.290074235651,789.3765311164474,1922.4887086991926,892.7821694818967,69.06080263795609,14.708356500994428,140.09496654676803,118.53479477794606,0.054982215545586126,0.005105271773738128,1.8031736875920317,0.32090755031083396
206.88,24.42,4.67,71.72,56.9,1342.365290841848,686.6820266860798,1497.2387511269053,953.8563645906494,62.11825238387198,12.015505821092427,147.79948041790556,102.42387599331317,0.064272311789174,0.00428079043659979,1.850197573863157,0.29234573436598327
385.59,13.61,3.69,84.58,59.35,875.6589888290961,4504.214963953946,2351.4505293659863,1138.0275018311352,1273.3540506320378,31.164311906575602,96.0968286906219,83.2277971549509,0.07414316425544018,0.0017732112610266367,4.720371306739229,0.561432892669305
652.75,22.5,3.14,78.68,50.96,693.0807756964342,2142.092941410267,1606.7665349246859,819.1271895682953,1093.1195149749144,22.114909220514704,139.31557598886363,102.29008979907404,0.060536621589804836,0.0024893068409230293,3.0895359470664343,0.5539059127291376
124.3,13.5,3.19,77.16,45.64,1185.4211928893242,5633.932527445112,3400.46258327754,1225.2715039933032,1424.6792380491581,33.97367823437586,94.7406562771823,101.71760455817474,0.06360834932826764,0.0016641156836279208,4.199769940101753,0.5603022545654115
677.69,27.92,2.42,58.0,47.89,829.0305314117303,1760.2348793223782,1555.9317928182352,699.9848977405485,834.1846606163373,15.784263563129164,166.62283255959252,114.7097622593192,0.056986387220041367,0.0034029351332139717,1.6053397599205832,0.3325840558352946
228.84,22.28,4.71,93.53,42.89,1368.5067682963252,737.4697718332441,1784.4270230433501,762.9891754267358,67.22761863685913,14.559202782632912,138.51034594219112,124.33820130029753,0.05169378377676654,0.005800378842417369,1.7584993284178891,0.31942835486378307
602.8,12.37,2.7,90.98,59.07,1285.1622051281358,6309.207803705676,2471.9790818641372,1145.1002223214357,1504.3595483745903,24.521962899111383,90.54476497037413,80.41667417207363,0.0748277621239191,0.0019426677623018457,2.899798160128183,0.544085033444628
531.6,16.55,3.31,80.96,56.95,819.6949935983782,3550.3213878932215,1962.7909462944167,1014.1998049601114,1359.1398741451624,26.33009605701677,111.10425593758302,87.32610880217437,0.07023475824468714,0.0021552647029018587,4.114963199421371,0.5702664612465902
442.28,10.74,2.21,52.81,42.35,1851.4948410685136,8455.429863852252,3901.840287578519,1061.9096818758296,1385.0805690587003,24.809237149560747,81.69799848904091,91.68459902206733,0.06893998941726541,0.0015044065807235777,2.6364585187842065,0.5419392462347289
648.66,29.52,3.3,71.76,58.86,529.198300267221,1501.1004699877626,1163.3825338069362,782.9358327466587,1117.1506071164865,19.947364129834046,172.93299741437016,101.69486390352156,0.0624344621523904,0.0037517348762198324,3.0674010222524544,0.4688835446931977
150.73,21.46,2.44,75.04,56.67,1166.1218009528125,3930.303762877748,2910.541592703234,1202.3023582941728,1204.1678061169553,23.83075277196916,131.74555444741745,98.11004355381681,0.0667197284642662,0.0024001821608541567,2.4317558099174916,0.6109315144946993
292.01,14.94,4.02,96.68,52.52,868.0585940694197,2830.5693183227095,2266.236721892111,1058.4144640800944,272.65404957035616,29.640417021197283,102.15574223419745,93.1920313510381,0.06656193901710199,0.0034285453028326434,1.6614257731527449,0.5579646637397883
388.25,20.45,4.21,97.65,50.42,624.2437864676214,1594.9931624570143,1781.6630628176663,869.3084598754339,564.0089158161238,27.59292526589093,128.60067255096348,103.07099401715622,0.05972044877082536,0.004193672689995081,2.535157899251586,0.5722390870624081
151.1,13.2,3.92,97.86,52.94,958.0334111907248,4516.197854622789,2834.49239283383,1263.7485045125106,894.1673207747187,35.20858758217654,94.24919060525673,93.7487679825304,0.06774248883703388,0.0029995902238642105,3.5155596720838793,0.5598211921952483
641.67,26.33,4.73,99.78,45.92,515.9424924559531,781.160751615082,1432.6671218625208,651.8447357562353,380.5416117079468,25.118138036096887,161.96842758577876,124.73085210085375,0.05021891740175319,0.006471084250045799,1.7956286920470983,0.54208628797688
541.38,28.9,3.3,59.66,57.59,563.2873052857019,1481.8007827885847,1361.3319947026978,791.6018948474391,947.9465261224956,20.724813649273862,169.4299799919111,100.59082432040985,0.06519255943217024,0.003893355949889653,2.965186503771342,0.49000406940723046
100.26,18.75,3.27,55.26,56.0,1009.2545671783238,3976.515453465933,2960.5507916750107,1368.8535693799606,1343.7013554396372,33.00402438117391,120.61218441272115,97.48682265927117,0.07206027126381828,0.003263531921673825,4.006824257575553,0.6333203059586573
597.18,12.78,3.8,92.35,55.81,870.6910590106471,4731.706829628095,2257.4325089479375,1063.4732007526454,1422.2548081970458,31.773399492426236,93.24744232272856,84.77393801624893,0.07135400579331687,0.001772031485521081,5.081569711633786,0.5443307513002703
630.42,22.64,2.74,58.63,56.26,789.1849559554689,2488.2561591020867,1464.3310859718197,888.1859441151796,1115.138991795848,18.374773835362358,140.60221514604683,91.82137510153564,0.069487078602086,0.0032934934397996253,2.3336069305707743,0.47732758383471646
390.65,20.47,2.4,78.38,49.98,1045.4561336333602,3227.1844470547967,2245.043186986154,919.7874110021211,1057.8849849501619,19.307822813318964,127.16118691778738,100.39546538213409,0.06208979702126795,0.0019235230465039343,2.0463810542382252,0.5217991743200332
617.61,11.7,3.83,61.97,56.53,927.0082440217275,5480.450003655661,2389.4846344967223,1087.8964164061067,1499.146869052409,32.69902157835374,88.65437386621608,79.98903308350238,0.07808083043063481,0.001969816897444474,5.321986439818035,0.5611311778855144
128.78,16.1,3.58,80.7,55.3,937.7928146848575,4044.5415997594623,2772.191880105967,1301.8046786580906,1163.7233979443427,33.429634721394805,107.63633084102638,95.14577205400705,0.06853243152929808,0.0026048930991554023,4.089971853351852,0.5872131324791514
650.27,10.87,3.17,98.81,52.64,1201.6478217070737,7016.872336769899,2791.361999049864,1094.5562083285577,1696.2998295624877,30.302861218881674,83.91704813748255,85.01305691662866,0.07061753052298497,0.0016106081479199245,4.511198128877344,0.5269382186701898
511.03,21.44,4.86,56.72,56.65,553.4503851280978,1166.6468895803966,1425.057970159303,874.5300615641407,316.3343293456503,25.843742281974997,136.98587743163856,91.88724957247655,0.07044393044190196,0.0052141597261893356,1.5683958577884767,0.6184171203431573
600.54,15.19,4.89,72.06,41.17,1435.2527204969108,879.1288655271932,1585.7753725913792,807.1239175905912,71.66955902875355,15.33690304474906,107.29194504199621,107.85215384728957,0.05782890735974942,0.004179745111064657,1.66541498728988,0.35298796569304636
381.6,24.17,3.48,92.89,48.66,642.4340184039976,1780.3740372332622,1825.096377024178,795.9367273191465,914.1541181072026,25.338642318925793,146.40863289974664,112.41710834280195,0.05581025260508428,0.0025732122359188765,3.2771900368416538,0.5858095179038398
120.74,17.66,3.18,82.71,50.29,1022.7518328430572,4053.2469396042347,2970.2828915406526,1208.7929345947307,1342.0263128998768,31.863167255724736,114.84764465017507,103.1850749029486,0.06314627231369305,0.0017583159478718282,3.995355316534928,0.5850140811486646
604.5,28.8,4.27,87.26,49.14,482.48336813635865,920.0868814687235,1400.4991441369714,663.5054968466483,560.0169268954181,24.752166407414087,172.1374589229765,121.38104811579767,0.05232013590771901,0.005290935061220841,2.4187623356308565,0.5334516592450341
410.51,23.44,4.16,59.37,53.84,556.5263061047859,1470.1137636565475,1602.9939502804139,848.7552281205318,595.3559279381606,26.364180465498613,143.65820606845318,99.03506827897505,0.06581973472424661,0.004763454827753984,2.638411677031892,0.6182482925129663
659.1,13.48,2.23,51.81,54.86,1497.0409102851877,5811.476218311983,2249.4428223886425,1083.2389526235277,1183.494701920127,18.542866451464732,96.1227671557611,79.63144284174665,0.07964643311626639,0.0025285262045443473,1.9287666952925122,0.5785541121420366
321.21,25.92,3.15,57.82,44.08,728.1395754712969,1686.1579584074323,2112.2882898055163,718.6970474146544,875.3528893979206,25.247526891504837,154.5447089591478,122.43708597856904,0.05450900723910884,0.0026376671963719888,2.798759483689919,0.5216808979752059
367.58,10.67,4.6,56.58,58.65,1094.794209997329,2460.363735855518,2451.0849378073285,1176.4914780051274,169.78092114646444,30.942075415493644,82.65432042619729,77.98306219800017,0.08154610442680735,0.003341246815158195,1.4466202334773075,0.5681376967475021
594.33,14.77,4.58,97.76,56.81,918.8787114634187,1558.8504693724913,1693.3234499757625,998.4861530682743,108.45768572816453,24.94797104146532,103.52014544084372,87.40374614505615,0.06938430698699563,0.0032365418304133417,1.3723815511031265,0.492603100114243
294.18,28.99,3.05,70.12,59.56,675.3104971759184,1788.0316134981617,1747.8882694809124,897.0406346757628,936.310222726614,21.778414987602854,168.46844763804384,102.01951713364703,0.0640991266493934,0.00329145493078824,2.8791886169145586,0.511813858468214
321.87,14.45,4.2,87.5,55.12,883.287646944571,2298.788858649644,2190.9606207097163,1079.3777533443954,212.174267614303,29.18725411216066,99.98142198837567,88.96924419476842,0.06942129918890426,0.003200875035143557,1.446901017678349,0.5600045544168397
138.25,22.58,3.84,86.54,53.95,739.5986652907766,2234.67850799339,2287.0092527732154,1076.3316908064648,749.7048343881185,31.40362254379034,138.8372827854352,106.76151690229915,0.06125941456583506,0.004576556249396375,2.8877213553987318,0.6066361096403431
632.57,22.71,2.2,85.77,49.29,1038.54931011306,2706.2354022030395,1621.4261435267729,827.6688010666601,935.5723629715527,14.530427968304538,139.3023009077919,104.81116084905241,0.0585726618625982,0.0024194037123383316,1.7200839035495468,0.3594689184909142
308.35,20.37,4.53,54.51,47.64,1301.9826876348054,786.2529204308844,1552.505607541863,846.3205378040336,65.53719484715135,14.176404595041227,129.77677365339275,104.34468868234885,0.06341315055193691,0.00441691965561405,1.6733287739839005,0.3164361684386585
245.04,28.49,2.01,98.4,54.02,1145.8809128816847,2756.185606327312,2240.855650589658,900.8751221164906,867.9573023826443,15.841146170601785,164.33945593979982,111.44521826300104,0.057014451498186264,0.0026962439554526828,2.114581442329005,0.36237362060110334
270.33,22.84,4.17,92.79,44.06,631.3456157338636,1448.1716292425458,1970.6353959819849,770.2549039844861,482.70358786763336,29.25602107332006,140.50877360232406,120.94099961861853,0.052725701595918155,0.0062642241641027606,2.1142390049240687,0.5794602154368257
223.15,22.0,4.41,80.74,51.01,1383.9229280027628,805.5877847861791,1610.9171344233994,911.0792828725697,63.7956546521027,13.692598657319488,136.4007826775465,106.95220372987232,0.060148104633107005,0.004716407806391807,1.7456519426039392,0.30167770846203545
578.91,29.09,2.48,54.25,53.0,787.0335794926731,1725.1996890803796,1504.5335801655094,752.5652565999839,846.3468859324587,15.590975450390621,171.0022875330312,106.15892908231964,0.0625593858466663,0.003969513412734598,1.6580820852323952,0.34462194015876063
160.98,22.04,3.52,84.53,40.69,805.4321944277353,2184.6183474197514,2520.935490944267,813.8676220693933,982.332350686234,31.575235944359118,136.2434602980035,128.82774978816514,0.050644088392368364,0.0034934858063727695,3.3054081088482854,0.5794435720355057
269.1,29.97,2.82,97.28,41.2,845.4885580691792,1447.4022589423882,2496.316799308152,599.5048365567649,810.1373724699084,25.6410755194212,174.7386027867485,151.53195811319688,0.04384738416101809,0.0019998216620154413,2.158874324192398,0.41581380950497887
230.37,17.23,4.46,86.93,48.69,1543.3156736847127,944.4572589300824,1777.060277561359,974.2866171499477,68.00120721222805,14.892152928964295,113.39194076519479,102.29057399283987,0.061855198272921415,0.0039735448984440066,1.7114893791712769,0.32262915443206924
307.32,21.16,2.39,76.11,40.47,1097.0674605757472,2973.2044316338447,2726.9344693827293,794.7568587908238,961.0537365402074,21.928686042664122,130.2159919503774,120.26284044478568,0.05297409882783184,0.0023397378676468053,2.039052616249915,0.5171280146753942
275.63,11.1,2.17,50.08,44.86,1875.4387416917182,8942.844703215485,4169.83892223593,1156.3436165281275,1418.659672230291,25.34777980794657,82.10197314578168,89.63702426879146,0.07228715272308504,0.0018113222567973442,2.7970763579769233,0.5577303896720017
616.36,12.17,3.47,75.4,49.35,998.3999209842515,5430.206944884109,2518.573998528102,1020.7337993218673,1537.274820486446,31.02719773792571,90.47044674377462,88.82799415052156,0.06891278852180394,0.0017032130136664593,4.891849462879393,0.5407580158636935
186.91,12.07,3.93,55.69,53.28,989.165550104983,4874.106321507651,2864.5377087045426,1238.937158983991,871.1770146743637,35.06944748045652,88.50875832650428,86.93460817419573,0.07591978111218611,0.002610910625358304,3.4702201266881554,0.5801834083138939
337.58,29.69,3.13,86.64,55.8,639.1996677772661,1586.2556084674,1706.622228605362,810.654763259144,886.0086143204248,21.988461921358805,171.41169492836048,109.98709225288272,0.058048392271989505,0.0028320012743468068,2.8553016775294275,0.4991234683115849
641.17,15.71,3.39,55.67,47.9,838.5748298674603,3509.8668604921672,2100.943296376127,918.4364287049616,1278.6272428542907,27.712907999446696,107.41976841875064,92.58431641451415,0.06829548209720021,0.0021972527467173943,4.052672279113239,0.572904933368502
628.38,16.35,3.96,52.25,57.62,681.5649888784687,3076.309698416297,1784.1695606439357,985.9001167399256,1203.5491983298623,29.25574120064423,110.80949715309598,82.06051685961506,0.07856908201669358,0.002748475506420046,4.536333543751932,0.6019826754615684
352.66,25.7,2.39,66.38,54.29,924.5012128420126,2431.0691765310285,1956.3057329640853,886.6964028453638,946.6813906979121,17.46479894793426,151.70745532743592,101.67061527758608,0.06333621560279129,0.002658106090197286,1.8606249558717043,0.4318547131377572
617.01,12.91,3.56,82.63,41.63,946.5475745346138,4353.759304551829,2554.8417642879895,908.5513805437203,1290.3092804653909,31.64178291823282,94.4006084286933,101.07956540879195,0.06051783093444702,0.0014249536521547808,4.395847983366444,0.5305742205814942
238.94,24.29,2.16,72.21,43.49,1187.4144340901396,2889.3251829957903,2816.3995634089297,812.7451863945587,932.4490441883044,20.03397058655515,144.75830105257998,121.23532108063512,0.053541323246174964,0.0021301712838223347,2.2066937430830285,0.4435659843573897
653.35,24.95,4.38,70.81,46.82,517.4479180245885,1048.6287002465472,1477.7473300774122,695.6231749170317,540.1346595886732,25.893412634976418,153.62740493833093,115.51221419260573,0.05514986828128378,0.005198341949458638,2.3677690672728686,0.5854524172311559
315.69,24.14,3.33,73.42,55.71,672.5601423577729,2077.664437131737,1834.79441241481,917.2114302700645,985.9353131251609,24.511732223656914,145.08681189080346,99.8898412966389,0.0640677977548345,0.002590694967651747,3.4218714617469277,0.61008547701884
404.02,23.05,4.98,56.73,46.84,868.3369506128262,646.3545331177143,1494.7928494487417,747.5207708466987,83.66939343909873,18.19815394583221,141.90997982289966,109.66669701696085,0.05863014922254579,0.006191200176861265,1.3031368073871705,0.4343858060554609
215.52,25.25,2.36,73.88,53.0,1036.463842388762,2895.2849562982547,2468.773675470421,960.789013767763,1017.7547346848771,20.37379072987332,149.41508734514778,106.30570061341041,0.06107629904029305,0.0026226755172097512,2.0041918365178044,0.4875785323307996
142.43,27.7,4.87,70.41,55.91,1384.630794990697,670.648760552357,1791.0465280771155,946.8073059563218,66.59625272377419,13.443928930830353,164.13685861841083,112.47736009501095,0.06059414417819643,0.004679861520327348,1.8536423796834776,0.28860222659429574
658.81,21.62,3.67,97.31,56.66,584.2306277011807,2220.6180309078677,1430.7079073649033,882.3248065497546,1326.1246555113382,25.065134815220198,135.91557418335398,95.3023751023748,0.06370486257933462,0.002589285405142412,4.295013858933979,0.5800789370870666
230.7,26.37,2.57,76.18,51.73,913.1320145287574,2448.5927262651094,2325.7135505889714,893.9053167700317,976.9668110476705,21.696432068428916,155.17176583912118,110.6540966869958,0.05863588303140604,0.002845486610025376,2.298083750769658,0.49591329741947104
347.75,10.71,2.77,83.94,52.82,1442.5616651324297,8228.137515164944,3484.0013089351037,1202.836683521245,1626.4311409709123,29.443754421581332,80.70815118416076,84.54020353327485,0.07264014504683265,0.0013291690939931807,3.840110998279633,0.5362435249885397
439.37,20.19,4.78,90.13,55.33,612.8843329645289,1177.538461489998,1578.8452988005179,900.548605416149,299.8611217211325,26.018524849331143,128.0730064813958,96.06500215608858,0.06376755561117248,0.004745784297182344,1.5254318498823503,0.5791674112735515
446.82,11.76,3.31,65.64,42.88,1105.2981470434675,5794.490616929168,2965.7541415614937,989.5816675635176,1460.747133136909,31.858514463393266,87.31379073483834,95.99598923285711,0.06496522360216199,0.0014071304867922622,4.659579213019235,0.5378454478499864
516.79,12.81,2.44,60.62,57.16,1410.7157888689724,6345.967433165849,2636.9360586684184,1145.8533552433837,1353.7520355309034,22.30544433701731,91.99342375910066,79.24655598683916,0.07903071267516358,0.002097804461457524,2.2415226765008645,0.568351906870324
625.69,10.06,2.95,85.27,49.77,1390.8747288850316,8298.908603762946,3180.9149240586676,1105.8534328736487,1695.8763374066104,30.060342419080285,79.11924205024883,85.61253934318339,0.07063091805309896,0.001484030860935865,4.0571070464861645,0.5229402366964103
235.94,21.32,2.57,56.09,48.03,1017.4591753101294,3170.598504353255,2593.257158745817,941.3020483421091,1086.4785982165176,23.09842363945762,131.0023194462596,104.0979389799996,0.06353570276976164,0.002675857205809344,2.523956561927789,0.584725711962449
132.91,29.08,3.48,74.13,40.91,806.8001225427075,1630.3328576692243,2641.648770074594,664.8031810404866,969.0908391639448,33.533016467805346,171.09012886030825,153.7751904622334,0.04512623037459517,0.004130721106479951,2.9088371097307437,0.5172672690510416
343.71,11.1,4.01,66.06,45.08,1007.6138432217036,4822.52428266734,2836.5623452314903,1039.9989414128142,603.5000122960655,34.63120965975164,84.26464077858523,93.78282185136553,0.06719080142575933,0.0032330373031663096,2.477207991082247,0.5415596853532727
333.37,22.45,4.0,81.06,43.42,651.8849731067756,1335.2063415384964,1941.6523522422347,752.9941004472539,372.8993093813228,27.92222655521887,138.45029085542717,119.31088276215647,0.05312894761746421,0.004979110562764198,1.5668046040102215,0.5773345287883538
253.46,13.29,4.37,62.24,57.83,1570.1970340396056,1288.4682823273436,1934.6437190103547,1178.2582140938052,75.67662932336873,18.606717619909546,94.54969673261635,84.03581598859093,0.07717818959640188,0.0028562455628459446,1.4863413463070143,0.3472686561407678
529.13,28.05,3.94,61.03,50.1,512.4714827321194,1136.8957802135376,1483.6208051942667,703.1006258091181,704.7274444780468,24.717514087038634,168.27659250875868,114.02114471537506,0.05761487070362038,0.004200256115609634,2.811967850820509,0.538708999381221
657.72,25.88,3.39,58.2,50.1,589.4759988633084,1563.060690491259,1467.1219769506145,740.0122964917201,981.8237336033516,22.408038034240633,158.41364093102302,107.53052215609539,0.0603922729883981,0.003331294247431814,3.049690335344519,0.5085088756664253
153.0,18.92,3.16,62.21,40.53,965.0050640445072,3179.942537409846,2863.2400805118573,915.7564600300984,1192.5766897077144,30.936587869902073,120.88933292935535,118.59072720778832,0.0557582376840356,0.0019613380615268673,3.547595537976169,0.5813137660070081
407.79,17.61,2.28,98.83,48.92,1220.6115039813149,4142.062332843801,2482.4408465457373,969.4123688506245,1129.582398920342,19.46429555449273,113.79501485916927,98.29662235086346,0.06214175074671479,0.0016610857733720982,2.07799458989824,0.5569702392913739
611.1,11.19,2.6,82.69,46.67,1464.3348489924276,7370.756505826473,3131.7648197288763,1053.3730467857647,1518.2360281037666,26.278704179777165,84.19792436243534,89.96661579175722,0.06739598450365895,0.0014994701581506906,2.9150481066132223,0.5258993507449534
426.96,11.18,2.81,86.73,47.09,1364.3452852546995,7343.98872438157,3319.026246974427,1087.8450257965458,1561.5119367981536,29.14144493291088,83.43480340299254,90.63965692019191,0.06742468939527972,0.0012928198431235557,3.789814053149926,0.5290154195267353
515.27,24.82,3.48,97.45,51.37,597.6923449169199,1727.9002262704425,1584.5229794129834,792.656628526319,977.7866029263431,23.72352300613357,149.695422910357,108.15549968692014,0.05729094383078159,0.00239033939809706,3.3664677755046775,0.5734664566908381
308.16,25.07,4.65,81.48,40.27,1181.8694897186647,691.681064286145,1731.356572324123,634.0793138961524,68.95105958480653,16.04045205670216,152.52126813111994,138.22303600001692,0.04739653998028322,0.007768977375613694,1.6254170428234243,0.3118085474484539
323.57,20.24,3.97,82.56,41.31,674.2598093265974,1812.13574725161,2072.668168532996,769.285296952393,634.9519963513179,29.719967811581327,128.97496695618298,119.68848520787976,0.0530786464115737,0.005002251669080212,2.59366996337397,0.5678820568986666
470.4,20.43,2.37,53.39,54.81,1032.2772662749255,3273.8425315575028,1916.1217324435784,959.8701766207269,1066.119175638328,17.320638793754892,127.23089984021041,89.46836326584271,0.07245197221406906,0.0028635395985435828,1.8459934327967968,0.4841742944169439
413.33,25.64,4.79,64.45,49.43,565.2315330399687,793.4925532693078,1514.1926962666996,737.4180231947598,268.5938343446957,24.2790961290352,154.21882484255443,111.53378054459243,0.057743952408145435,0.006637777753308333,1.3787205254091364,0.5682355954047442
632.27,23.53,4.83,70.27,46.56,1066.0658779931366,627.9132251223115,1129.6662917489996,709.2996556776521,61.9348575458317,12.66128445382596,148.09303694728425,113.71111941444768,0.055868441142777905,0.005569044307734651,1.6850838749438544,0.2962709356123129
467.22,18.0,4.93,90.43,48.67,732.7364350154186,1069.730092132583,1709.7514194982593,858.8901935766269,166.89683517260042,25.357417283549722,117.74144639216794,100.50840958678221,0.059834940875761376,0.006751100535723337,1.34230271616949,0.5559519667513807
373.57,21.88,2.06,91.21,49.88,1199.9079922701264,3334.274924618012,2199.5075547836873,910.9752108423191,952.5406931336898,15.899533910490227,132.99021639406644,103.50763540761385,0.0597531125560304,0.00190264570006652,2.105146438001712,0.4203863811074868
617.6,16.3,2.84,94.54,48.36,981.526899442752,3862.2694493636754,2203.1323291335593,931.067110133816,1273.7282104945182,23.69228627972686,108.27638234345251,96.41090199566295,0.06287244410755757,0.0017895002239550783,3.1338076521724703,0.5482613983355905
595.62,26.02,2.04,91.96,56.54,1012.3276125542753,2537.1012808500573,1083.7987098429794,858.4281304708816,887.3686063193774,10.654811335753653,155.18487265566665,100.35327634038666,0.061036815759300846,0.0029902795133798002,1.4593742350173493,0.26018363394915506
474.34,20.83,2.19,60.38,54.75,1117.2189768281562,3280.996296784319,1840.4092810999691,953.4944364185927,989.7714773004991,15.401874671656136,130.2387801242096,91.7182690488896,0.06941958051549053,0.0027213409135065435,1.8569004521994126,0.4194209975372035
623.82,24.77,3.94,66.45,47.42,543.1072782506101,1336.241593625512,1539.9897218355632,719.4000229705316,767.3014600814178,25.579458363299924,152.77216182713232,112.8595135733673,0.05664124963930252,0.003411948755257365,3.006550957709175,0.583084797230328
461.49,14.47,4.33,71.25,40.96,870.3516176402422,1846.7496596098856,2221.0914262450506,856.5219123152013,205.49311042045215,29.61024603067018,101.44166847238166,105.6463350315977,0.0585330262326309,0.003734288387818752,1.4298327929579473,0.5422346075051305
188.99,16.78,3.54,50.71,50.97,863.4227397898753,3483.8259645977996,2527.0506728779724,1096.247931053088,1099.2135598917798,31.046766146280728,110.4949946951741,93.969355594878,0.07177435868397418,0.002603704110039903,4.002342009937734,0.6077258724474838
284.81,14.48,2.51,80.23,41.1,1310.3951787086494,5386.020607713713,3287.689461477165,972.5827029364311,1314.0257478193475,25.877553304482632,98.28066357378525,104.80626023876754,0.059605291248992456,0.001620799496057182,2.767996399397299,0.542810036981465
412.47,15.19,3.54,96.78,59.57,828.6049390361583,4038.9963009430053,2156.2204803426985,1100.3173135650843,1342.5330977970557,28.98845571779119,102.95688353834005,85.14327962349554,0.0717464603605614,0.0018643892970125458,4.70585575207942,0.5622564943154578
426.08,14.12,2.13,72.06,50.63,1534.3695120447035,6091.244194220327,2823.5411820900763,1079.1038249445642,1240.7400507958794,19.547066478223638,96.86029874687893,88.74679892065743,0.06966647576225084,0.0017025130736540843,2.32208524313327,0.5550956927021696
690.09,20.06,3.35,57.55,50.73,695.0014490882055,2468.275413757728,1672.742942723723,853.6537177053999,1191.6348350820142,24.4289036972804,128.46602073484266,95.43645389219787,0.06655461205421052,0.002688647359554723,3.6369906497108024,0.5942757183949441
449.97,24.15,2.07,81.05,49.44,1105.1608218010579,2735.9344158849444,1921.0774809447896,835.5034084613292,878.4536787777929,14.618876555449061,144.5258457004991,107.28076980958643,0.05824120615313667,0.0022703590564862298,1.9567706514587873,0.35971047470670287
488.92,27.38,4.87,83.27,59.33,476.28813037683926,843.7015319885454,1241.0353882683119,807.2779760481112,320.2144873879275,23.604135722732703,163.90515938624483,101.63799231129201,0.06193993753149766,0.005679013052612371,1.628162733025798,0.597154004650807
611.91,20.73,2.43,90.48,58.55,962.7119224018359,3107.8642595980714,1464.9271426909934,960.4729899374456,1098.4310536362507,16.18469916980221,130.5006044958986,90.58710640403,0.06695459496197086,0.002672532778832642,1.7076622318945907,0.4405928553172764
630.59,23.24,2.93,76.56,55.86,721.6527508628338,2261.261635353201,1464.6684573737386,867.1342999522914,1132.3050152665885,19.980426579433146,143.7440657687211,96.49266245706436,0.06418158344268252,0.0028743584459626323,2.697870985032733,0.5042188015275032
374.38,12.26,3.86,58.44,47.64,929.7243471000238,4649.0209696052925,2638.69111477918,1033.4563891639987,1098.4919340167874,33.418017883782696,89.54177645424168,90.52860139818017,0.0702201587697336,0.0022719760070657067,4.361902975151784,0.5574891088761114
631.16,21.4,2.12,99.69,55.06,1113.4887405578827,3111.392568434897,1332.727933363015,916.7344601660662,950.5261261157013,12.903556947330985,134.76745692116518,95.81629685362542,0.06297660463655953,0.0026303485558230384,1.5526775661106054,0.33551335885901734
161.06,23.86,3.68,59.73,40.89,751.2371260555319,1846.4538566433307,2411.926450472677,768.0471265881795,892.528516425815,31.861038226017264,144.88865534507238,131.26249190193323,0.05176755089537625,0.004461036854762164,3.126189669246496,0.6039973323604972
572.28,23.47,4.36,55.73,58.56,498.4115046687819,1427.732234945502,1356.015699450052,861.8741982744458,689.6790959526827,25.874906537910356,145.06131974034875,91.15643189718536,0.07160239729961292,0.003358533875582821,2.9843326735036815,0.6304241433953891
440.11,22.65,4.26,91.77,56.33,549.3356474279001,1497.37570899148,1533.0942429470788,879.7846303528207,606.1542160480673,26.178001777468662,139.3909755181256,98.43207385026402,0.06297533405566522,0.004167475202472787,2.708249232079094,0.5912071834137387
433.94,12.31,4.2,76.19,42.02,983.3526977389092,2814.127230189522,2515.9074182887607,933.7673433268302,236.42918156648605,31.55814846181739,91.09047489178046,100.89599926361022,0.0617224607640326,0.004415484372098922,1.5049574830103278,0.5359331693217104
390.63,21.45,4.06,94.98,43.99,637.0166494863741,1448.5969467815385,1882.9732913647356,765.4741328895458,613.8239204174289,27.963584175218255,134.81342985267193,116.30791311686679,0.0533391518048923,0.004331768641556895,2.589282804820651,0.5670950490423214
417.67,23.52,2.65,88.44,44.07,878.0799539580443,2226.9699730162693,2170.425489521877,760.4025790804094,952.4296431665072,21.216495204545698,142.90211722302885,118.4418742324836,0.05301519866119772,0.0018776024672718453,2.2965385781997005,0.4824693413403936
650.53,10.36,2.71,58.17,51.45,1488.6813601985677,8169.975493744474,3066.5655566816877,1118.882527724144,1610.6085797814487,27.225378974097783,81.03968462866806,81.1124759982585,0.07664274872167827,0.0018340677834446236,3.137592161855313,0.5455750694971842
234.66,28.5,4.9,65.57,46.32,1198.4937653232334,597.6275369693931,1675.4670914884175,683.870076019522,65.60770099009012,14.054536906289133,168.1182309269561,129.45282913447633,0.05234913262047042,0.006665386477180114,1.7590197924539992,0.2793106769513587
234.03,26.8,3.14,53.37,45.98,752.7117918448984,1793.3820543922084,2221.2726634633923,764.6581728860192,920.4878652430524,26.11038550890649,158.65397821541296,120.5506315736985,0.056826524084698675,0.003106416786747572,2.884343237688152,0.5306407908763098
628.71,25.61,2.73,82.66,49.43,757.6092935805422,1888.0578152205499,1583.8651387734456,757.5077924250775,954.8396075088236,18.47856731849966,155.65688065489195,111.07393878767994,0.05609304181470358,0.0026547099548496866,2.1562288412111914,0.4191104203423929
190.48,23.1,3.42,78.76,56.25,739.411312935311,2377.1048108567584,2153.8766575764557,1038.3559278309563,997.6603208195154,27.731075479029645,140.4956007592241,101.03840076171865,0.06414556256486524,0.0027159838650667165,3.529772531925093,0.6108813216812637
103.69,17.24,4.28,93.5,48.96,1735.811483181864,1216.9538245141043,2272.2338440530516,1181.7731004632365,77.5190398245438,18.94500638297965,114.21252753173904,107.92288961810041,0.06063879176220955,0.00406234900135072,1.606730142522584,0.30976092687112167
544.76,27.39,3.23,58.52,40.38,682.0503271694438,1235.6240166743098,1981.7923683954978,587.5949275577865,772.2415121448674,25.086623320685796,166.22407394301058,139.23687230700125,0.04838439571491106,0.0027139958719141666,2.4396041575622087,0.4443273383510384
235.92,13.23,2.78,64.72,53.99,1255.2416881932402,6299.564396624227,3169.1467324368596,1221.2492200306876,1490.3799479914057,28.259982942694094,92.81197666406656,86.37243119746115,0.07425161833379801,0.0020557202576247584,3.726653457974523,0.5718242709129946
158.43,14.5,3.79,68.37,59.8,911.1649931868504,4276.264420278033,2657.134032746035,1333.9424346237136,990.5654450744593,33.46547301120028,100.04697387373385,86.61320037812177,0.07584122712895038,0.0028097894438571867,3.8235893496011175,0.5930626410589565
330.0,24.78,4.79,54.47,44.04,1167.8792101207282,627.4728548922627,1566.2571591484432,693.334020974349,65.5435591398889,14.160021179060278,151.47130975625424,121.51884629843359,0.05553112008314501,0.005872084318279058,1.6919232927342973,0.30457188855827105
274.26,17.47,3.44,70.26,42.37,836.4194771428236,2974.8618754010126,2446.560279718323,885.6580179868572,1083.1892053228905,29.704633852893828,114.02141547988099,109.46326185250601,0.0581914496241014,0.002402454385842843,3.810464889858833,0.5652761725928691
420.38,26.52,4.43,51.32,49.43,527.824651812436,999.8057435379169,1548.6310362233205,727.6878583166482,403.4875068517119,25.641499732928477,159.59496559663194,110.53787798370614,0.06119805658558986,0.006859539214862256,1.894196019746817,0.5808656213424674
320.74,10.55,3.31,51.75,44.67,1222.1796701235849,7325.556329863442,3320.8610991848536,1088.9397660067173,1596.7433580071695,33.536127766560014,80.66956320885693,90.51928100381701,0.07109108686223443,0.0015287826338833362,5.095255005511925,0.5514204743066279
694.24,23.92,2.82,62.37,51.51,743.222701879012,2120.1915503216956,1489.7657074540111,804.1272864882715,1052.447877379298,19.05650392635137,147.3279875838053,101.13823272939793,0.06271070737070887,0.0030785650940629975,2.3819676438281303,0.4596273455980041
287.47,20.37,3.48,84.28,49.3,733.5578295743987,2451.373114039214,2116.5674360245935,916.2751840486352,992.4233466922161,27.579011368499867,127.22326519105563,104.19048564474495,0.06045711552082486,0.0025773090636046297,3.646396174850795,0.579709832220599
546.74,16.49,2.78,72.78,59.2,990.5884635973962,4070.226489911184,1971.168591456141,1056.1949114271188,1335.5574240279284,22.061407079913664,109.60176847643979,83.59450502752604,0.07376498265019156,0.0023150958495805167,2.924222947616005,0.5765693631473383
560.59,13.99,3.39,90.43,53.16,915.7799166461791,4430.0441992646465,2289.707140707198,1026.850712442766,1401.1681104870038,29.086419761612017,98.49280171308963,88.42283430163933,0.06864877790823058,0.0017951627567919458,4.462306367305354,0.5478771338978342
201.52,24.53,2.59,64.28,47.18,977.5710087846676,2685.840594288481,2603.190939092414,880.8278200078732,1044.1974348334609,23.588501564490244,146.28425811567723,114.4032880552423,0.05782493195488793,0.0025747338318146025,2.4456222629085875,0.5298352214699014
584.6,19.69,3.46,94.64,43.09,717.9819777409024,2206.9883044053063,1962.9305132886823,777.5349910728459,1006.4607793563274,26.711787893409646,126.97415566272,112.81408227195513,0.054656304383684136,0.001814806376626423,3.42361913924963,0.5574872633880903
273.9,17.54,2.63,96.09,40.45,1111.576525038886,3696.7468502402326,2903.8643234173837,883.9453640539152,1056.2237654050389,25.228665303827754,113.16588718825875,113.52535006302855,0.05493319890345659,0.0024575808883998853,2.4757179281751585,0.5497483969600121
272.86,27.11,2.81,91.41,55.76,780.0819204398662,2112.6322422222665,1973.0475833697797,902.0324124227573,982.785861951916,21.446817067490507,158.84801560616597,106.38872996019721,0.05958756382008959,0.0023685882263340748,2.6722661880841763,0.506985392624033
276.4,11.14,2.33,50.57,56.61,1718.1704217912566,8779.698571041288,3764.263321544791,1306.0378366468956,1448.472620703607,25.830423876793247,82.60228316892855,77.93541544644421,0.08437547655002796,0.0022956897160646902,2.491557413942778,0.5817408264434648
120.77,14.52,4.69,81.23,51.61,1898.0107010182505,1094.7793165200742,2238.7069039844237,1233.0321549398736,76.04993630410449,16.522741810027547,101.498758338856,99.03299567043665,0.06603107129225907,0.003201180193181119,1.771604948509598,0.34653721438678947
568.96,22.09,4.18,70.32,42.17,592.7875571038218,1304.8345344845488,1742.7029885991917,698.5151033582756,616.7005785343941,27.647561584014333,140.12195837484262,119.91514332098377,0.05300640060945645,0.0048776433579826054,2.5892157938376474,0.5777565843951147
452.85,29.3,3.05,90.75,59.96,616.3786484981916,1647.3471632185326,1398.4872722917057,838.2474768202588,985.5423581105385,19.48940065882609,170.56809750396138,102.78111945470712,0.06092741401014867,0.0031482837115607595,2.7454617092847107,0.46365240818610565
308.37,26.4,2.29,93.78,40.01,1065.8807081472344,2091.9005234316496,2683.9668292799633,667.4216867025265,818.6920188025139,20.924501410670878,156.11393358614916,139.35138857142817,0.04644562388378552,0.0022196195824566306,2.008337319971347,0.3955109318276709
433.57,22.47,2.61,93.26,45.01,905.2619534538723,2458.4235267164327,2146.4531311011006,793.4663534966363,1001.0903292005323,20.716247069054027,137.9889886217891,114.12835958899984,0.05452945172350053,0.0018520551763808117,2.296530771516669,0.4928948357130308
371.82,25.54,2.52,91.28,50.07,877.8115086328717,2239.3328940041733,2017.1009080603699,822.6888915891311,932.5645336966276,19.074091788769746,150.92207440263547,110.83804677534042,0.05652483815787659,0.0021162014513468196,2.082274207123756,0.45239000597462203
335.52,11.87,2.41,65.74,56.53,1555.3499352394706,7432.810239712307,3335.584699525871,1238.673498030565,1374.4711419589025,24.91449977643602,85.93180467259832,80.35132989823187,0.0776682377116795,0.00219819807309424,2.4032422706242045,0.558826167370974
184.72,14.5,3.13,56.88,58.92,1065.051506886943,5280.580287110198,2889.0060896248297,1306.6983390124922,1400.3508573367765,30.22612402964706,99.26124360080134,83.78988963552459,0.07950013115342709,0.0026543702851887807,4.297584257086008,0.6024246755473653
196.27,11.07,2.6,89.95,58.52,1568.5337405987013,8897.384126927453,3831.414911659732,1415.2470710680266,1660.372926666961,29.387936995988753,82.6043646995665,82.80202577276074,0.07580411368386593,0.0015341229300251421,3.4669082976512064,0.5524842164069328
176.86,29.95,2.29,62.18,57.33,1041.2750209129326,2702.91404849305,2491.586177314466,982.5016621012564,1013.878201814251,19.955684028974957,171.389632716705,107.45581913570835,0.06352392264864107,0.003798510919591091,2.0210049985966445,0.43719150465341694
279.72,23.96,3.11,54.87,44.81,772.4695449341481,2042.0979213649941,2211.4016495872274,787.7023725397095,956.6995571609037,25.60252143267089,144.521038084512,115.43158607072354,0.057845945064029985,0.0025976774831841013,3.0082479040781815,0.5696424075874295
379.27,10.81,3.37,62.1,48.23,1160.8670070879814,7000.044766742638,3103.4572503132626,1103.1360153450219,1568.4013864724675,32.96003968905494,81.88689173436516,87.76653995350581,0.07172113922940945,0.0014895448343317413,5.135018424524022,0.5454318259845887
128.37,25.31,4.57,75.6,45.35,1485.943110757018,819.1524186978321,2034.2216917075125,829.745961663619,72.05071649684166,16.199614650121397,153.1002684075871,129.0532197730972,0.052282981626158666,0.006176608379096356,1.7439421889797924,0.3081055641178622
326.72,29.68,3.78,64.71,47.9,570.5592540963748,1148.1229686894073,1786.3192770691455,685.2683583540352,681.869628249759,26.42143538867983,173.11666515530854,124.79346611085718,0.0536197255299041,0.005058068053183656,2.709141774091771,0.5264095191200762
174.83,27.03,4.46,83.26,54.89,1357.5222228309735,728.7974920104167,1615.7286868766714,911.0808869952301,62.86322827729964,13.07285543276477,160.9079583439783,112.03236190996014,0.05873314080570545,0.005127487495934497,1.8105255560497542,0.28847946999039215
179.83,12.91,4.9,79.15,47.19,1875.8345141461684,1058.984760231032,2165.694374806759,1084.8100475702338,75.32427554121786,15.927141215700765,93.36525502137891,99.1134279573209,0.06452900324644077,0.003017817757540753,1.7807993470540529,0.3724957348758326
505.46,15.8,3.85,71.52,48.58,751.7760968917282,3024.4533959552623,2093.395631636251,929.106885343652,1010.2483768165777,29.884215479986377,106.76937585022215,95.32466599882407,0.06523931598155845,0.0024154735102029875,3.9779054848880984,0.5613853655571001
440.64,11.44,2.59,51.09,57.8,1458.0376149813972,7409.728291750391,3074.3889365142027,1205.467644089861,1498.011926487305,25.750551134408013,85.20110195783877,76.05632534780011,0.08477067137802309,0.0021171915717615834,2.888340452225859,0.5785614155821237
144.13,18.95,4.02,57.24,55.49,1387.5023831434867,1272.4577356267687,2047.6677171773856,1168.8753240855879,75.84398011250799,19.733653626756418,121.63637143561547,95.7705662401636,0.07108652217798851,0.004192730923272524,1.4099468335049123,0.3115181584844677
629.62,16.02,4.2,59.19,50.38,673.4513745352447,2692.05256228861,1867.9889539382011,913.593081273335,896.3634661763183,30.39126577296307,109.65758729836779,91.56953731583258,0.06889372531324553,0.002884923555452157,3.6881852630701384,0.5761844146674512
583.41,21.89,2.58,53.43,46.87,905.220022015152,2477.226842917783,1904.100146911883,805.9169800746135,992.3585199859859,19.117185269656286,136.99507323849568,103.56127661501498,0.0624402255777373,0.002732710113739907,2.0842889240571236,0.46701684166582014
509.19,17.82,3.62,67.63,57.86,707.7828195290335,2955.9770549248137,1806.3729632580157,992.6884821875956,1239.6942198035672,27.11968643886774,116.97454545931164,86.82267999141672,0.07217682654592013,0.002434521078172124,4.3092238835695875,0.5885250984496219
221.72,28.72,2.08,52.27,46.5,1169.9345207383187,2515.049241957521,2731.1064142209652,775.575017048865,878.0569268047258,18.8785838445002,165.93907584288561,122.04224868833096,0.056751557291931654,0.003519726718631542,2.210327971513414,0.3789565346803338
524.15,28.58,4.54,82.94,52.72,478.2113138488331,861.5100299103564,1350.7164807520833,716.9973914870383,421.85941130200825,24.365003971205038,169.16543382271755,113.39305818425386,0.055951935481272294,0.006010739027588978,2.005634152947057,0.5625706900978376
508.81,20.15,4.95,99.31,59.02,582.3120239955439,1156.1067257994584,1459.2830280422763,921.3415377282167,295.974086791256,25.85970346156283,128.18999942878767,92.42086203841887,0.06591503494872435,0.004461208557058897,1.52435312543424,0.5803327182350102
520.82,26.1,4.08,93.73,45.05,548.7141221058994,1093.0088446384093,1650.1666694644307,671.4912752875375,598.2290816147378,26.338640110984304,157.40838762243865,124.69081007860305,0.05072887228003241,0.0051416872699779825,2.5359054599774358,0.5610428283716775
468.16,27.17,3.7,72.24,42.84,594.8533182521488,1169.0715549355075,1824.3955914298492,630.9920555850216,718.3813606123927,26.587251681916314,163.63122726073263,132.65908668978614,0.04925110925897051,0.004231556445504806,2.7123893654172417,0.5134490544445253
271.78,15.18,4.77,83.35,58.37,1609.1560517240084,905.8688741273711,1606.646397692113,1109.3941089124437,68.8188534021771,13.490550187034676,103.65548497044499,88.12687212233061,0.07154819170121031,0.003046964589334222,1.7830123596118836,0.35177296091131116
577.48,27.06,4.14,83.17,40.49,565.9256228872647,899.3274125736802,1769.9550007660903,574.3222437031725,560.546220222292,27.672803365188585,165.0732925932609,142.82591101208416,0.0455517797685312,0.006070348840158783,2.316174661355004,0.5041544779055012
111.08,13.89,4.55,98.0,40.61,1849.1271494356306,1274.9392564200202,2451.288374648224,1063.1519041807076,81.50239804125577,19.933202371997606,98.30582682303097,114.86998392907253,0.05629073733632734,0.0039002468205692957,1.6055795216385436,0.33912115140666804
548.41,10.11,4.26,87.33,50.2,990.2578650903879,5469.830572418215,2695.631583730328,1070.2061026988522,646.9514414728538,35.48974731896638,79.99866303728186,87.51511612781786,0.06987598525197496,0.0026071041649839196,2.7075068248976013,0.5272543833984555
408.83,12.71,4.83,65.13,52.5,1353.1198867659598,1137.5813303842694,1872.6052534715257,1036.0837074807441,83.09136817198637,20.35147706145382,92.52677019635718,87.07229954754256,0.07189508253233663,0.003285077118387987,1.3767528898864574,0.41737862518359353
401.41,11.71,4.8,58.79,42.47,1663.7265912271575,1188.249427561802,2026.6332376801402,939.9883994472934,78.77465545209182,18.67078685512971,89.8138807335522,98.29422163179306,0.06478353977361889,0.003330185597956314,1.5528818340042605,0.38016948463348965
511.87,12.88,2.9,61.39,43.95,1178.5873334919165,5357.107163927979,2889.1262580638395,977.1641187628642,1371.661518007961,28.001276301516075,92.57614340901125,94.69421060007798,0.06593030185212917,0.0015793832033697056,3.5508275243695557,0.5463458907723503
696.66,20.25,4.62,92.19,47.56,544.2228687248564,1462.0837788936894,1546.611170216369,779.918066554987,496.99445840446094,28.515564175119664,133.0491717459574,106.73343439868154,0.0574996550877946,0.0048238335546190005,2.2268529482433417,0.5678425168236206
651.3,21.37,4.37,55.53,54.7,520.1932282411792,1652.0573701392743,1442.573309050101,847.9259997498028,757.9857681050917,27.401667373397114,135.878312430733,92.85022425402614,0.06953201650326556,0.003243612789843022,3.218127056849539,0.6135580126996464
266.69,21.86,4.65,74.66,59.56,1274.5353631622058,708.2149352129142,1343.421677969932,993.4379534952102,62.60121654672837,12.36229236939846,135.2881731112508,94.4081609563446,0.06818877513194141,0.004429154383108857,1.7513049523319486,0.31965476588757114
149.76,18.18,3.22,62.8,44.68,955.3023336068508,3482.855301880335,2803.7138720830067,1020.2629558622662,1231.4092484340458,30.904015831752126,116.8509959932859,108.92857290079236,0.06060997885629529,0.0019793502822430162,3.8199339941139203,0.586641160203502
266.19,17.32,4.97,65.31,58.11,1485.4149947682533,765.9996529295788,1523.5794586683444,1054.9301527373264,66.84659891118271,12.348257794639688,114.1610181490519,89.25506038221016,0.07275807224630658,0.0037465121696660833,1.8386155067971286,0.35646628849735745
292.79,11.53,4.01,71.83,44.81,966.8607336837902,4903.195069758654,2804.485876645668,1044.6353907939222,868.8118092351679,34.966486646007546,86.0461230103993,95.83336812993832,0.0656482478172439,0.002751629740971148,3.5689615708042344,0.5411402642328318
655.88,23.83,3.89,55.77,58.76,515.9465953528813,1777.592037695329,1317.795695405522,854.2327102090443,1131.2925483090578,24.69231027329777,147.2053432594748,90.7951302505659,0.07154848985355935,0.0036122822806865687,4.0354142772218315,0.630261788051814
515.45,13.95,3.92,53.59,54.54,800.269796294403,3851.1219737256906,2155.174461544917,1032.7802202794082,1144.043283328906,31.152159061109575,98.76074944350877,83.1666113157801,0.07712409706679635,0.002230344477593204,4.429738037659332,0.5833507343026153
378.51,12.4,2.76,70.56,48.34,1288.2970503849058,6371.4896594296515,3139.6841502072707,1085.5523675614825,1471.0990302009416,27.75033282264491,88.93490185464557,89.82463051640833,0.0691558776597133,0.0014227929011168612,3.5710952170048897,0.5460582920087825
487.1,22.52,2.86,76.72,47.66,800.2555663895008,2287.95496314162,1936.893900215896,811.4599130816645,1006.1708079331825,21.733869166468164,138.17638081008576,107.72737789547246,0.058177818179273616,0.002167168288554086,2.6993371635704952,0.534827831132869
137.94,26.37,2.5,97.88,43.68,1114.5654889209134,2804.9308261285805,3077.0561986201087,839.1657463359991,1117.1368978752248,25.984853380477844,155.45405810046876,132.59677539901327,0.049532397046147696,0.0019261270363041356,2.2576363441990646,0.4967411353644494
642.47,15.54,4.22,59.46,49.33,687.2772108253181,2787.6369252238583,1909.324060173515,912.2485077362691,899.0754233207948,30.931755433030666,107.46783446978066,92.14287434506628,0.0682878104143338,0.0028210504245335206,3.7024992037723723,0.5713780824276216
684.98,16.18,2.42,96.78,40.7,1203.3016746758099,3964.31550145871,2458.758164921119,848.341212823952,1128.9617548406234,21.05936145787568,109.05723507310277,107.83269652676665,0.05632053788993569,0.0016590343821360762,1.9919069806606657,0.5358926753921416
559.42,23.81,4.43,69.44,48.03,536.8681571678384,1116.7490194708441,1523.789079359252,737.8807046831233,499.2070304795747,26.191326485476377,148.19740333399645,111.01002616990124,0.05732705774799003,0.005379104270469393,2.252843421841504,0.5955083478731332
115.55,25.11,4.61,94.98,49.58,1560.3023650957937,823.6377857275006,2041.2675658489795,943.5307657606336,71.66535088258684,15.467857050722584,152.6348439672976,122.04983309987941,0.054417330759414094,0.005302567880419424,1.8039555525344417,0.31029616160856266
457.9,11.81,2.96,77.69,57.11,1221.1041024822377,6631.468960280351,2824.3938470956996,1166.3257751034205,1574.228518860837,28.37660424654472,87.08511181397418,81.2269763870851,0.07561108951116113,0.0016849861294046247,4.002521306827379,0.5492084754663518
459.09,15.6,3.98,79.56,46.31,754.7762577681691,2788.546979742397,2152.231063784929,912.0011484377912,868.6561277818927,30.586432940725285,105.87610732642095,99.31832848843453,0.062246566614652395,0.002918134342744127,3.5774084635578567,0.5529116799997176
390.29,28.74,3.7,81.24,41.44,614.445880561568,1054.8924378557551,1973.5994512227055,584.9056153670197,687.3901783025361,28.01227709605436,170.68609035688536,145.12597780027136,0.04557889417829606,0.004834101215930863,2.575763443710081,0.4872950923634425
675.44,21.72,2.07,81.32,52.06,1123.9785012377693,3115.178947457037,1306.5385647333153,876.51662698088,961.3916756075238,12.247958096713527,135.26097832986576,98.36175362167795,0.062129116340870996,0.0026563018626493983,1.566239393032343,0.3148295572414088
307.61,19.41,4.82,65.06,43.35,1387.969460184183,743.8698198029767,1654.527699507348,796.8378624356641,66.78099609237925,13.623356659793702,125.33797576997658,112.89928741714336,0.0573793975821621,0.004755256513630605,1.776479500102291,0.33352531618788783
324.64,21.25,3.78,51.59,57.57,640.862217645237,2161.1263990127018,1816.1813508967323,975.9313477263231,855.4895369363618,26.984945641258633,132.485860841146,89.7116405151921,0.07460389721449903,0.0032835120023034774,3.436561585786181,0.632967418983332
362.44,11.95,3.44,59.97,47.27,1057.6278159341268,5656.787290093897,2891.3212690556097,1057.528496719176,1403.1496946771392,32.4232627961625,87.99194850639704,90.43960042843497,0.07007269672561207,0.0016016880033924426,4.799421848854551,0.5538426148539471
677.39,12.73,3.79,86.95,45.16,889.5043379270934,4285.96398794287,2394.515203044923,940.6684305678828,1260.794765883707,32.080692149677596,93.34414066942372,95.74661564862389,0.06345094263270529,0.0014557639000052703,4.582493942945541,0.5321543628147333
668.22,28.99,4.49,90.67,48.89,453.1240560887135,860.6057748730141,1354.4254778274008,646.7169493128721,504.6630600869196,25.628480762916194,175.50411067290935,123.54317795307485,0.051220096736576286,0.006213913644972674,2.2410465551057546,0.5424884066851059
502.88,13.91,2.49,99.67,54.8,1296.566136108661,5499.381684538822,2554.5127945945333,1093.014951677432,1302.095935387217,22.46174516529217,97.15354127442026,86.35098508400378,0.0698526579939771,0.0017510085014217347,2.374183858555532,0.5460880607334047
631.35,29.83,3.89,89.47,49.1,498.00718055564846,1005.6784505613524,1426.5399940429675,650.5870415081762,712.8943504424308,24.311937082547733,178.36253450827704,124.14760186472782,0.05120176188036815,0.0034737225831086575,2.7288212256236175,0.49696583883683026
513.13,18.43,3.8,57.46,51.08,671.4970638128568,2498.4189529003493,1837.04217192418,902.6673128018358,1011.1444900686594,27.684105529085787,119.18723943579693,93.64729769593403,0.06831345542926774,0.0023739934859025717,3.8911442657769832,0.591320830262195
112.53,25.46,2.17,85.83,59.17,1355.2617611812987,4206.1819614797505,3227.0996526600898,1288.4255878867752,1233.7534511236777,22.79551867457265,151.07664057858048,104.49285774673324,0.06359474271521447,0.0026671709886115437,2.2990454720872964,0.5193980352926935
311.27,18.04,4.66,54.76,55.72,1280.1639003725136,823.1552063621592,1509.367612990356,996.5156749667323,68.83228395204996,14.991989609482696,117.11778270600331,89.36312882079031,0.0736016084121603,0.004904669880356193,1.5884161453535108,0.34895033050162494
292.23,18.53,2.94,72.65,44.64,931.7405010232795,3227.0239038124037,2512.8559406024174,905.6816663852203,1157.1933442456593,26.042368955044612,118.0557237497503,106.4499048042926,0.059483247979581835,0.0016611660491734994,3.3310671970787866,0.5699965002161218
220.41,26.95,3.4,60.77,54.93,671.0588117630747,1864.6452895951525,1970.501476338867,910.0108993118921,915.390675815793,25.973396112116173,158.09198181465865,105.36824482554387,0.06379414533919586,0.003241552110756809,3.2605418464665443,0.5977222476115843
156.22,28.93,3.16,52.18,40.82,848.3285209704492,1694.81183741891,2678.655745641366,657.9809588411623,961.695136252125,30.76393992274068,169.46089972177785,147.4041065844024,0.048741125780056245,0.0032228438181110394,2.7049388686297493,0.4891733406187354
241.42,19.99,4.9,91.14,47.72,1424.0657735235854,726.0697697607916,1700.4427832700344,876.2518431091182,66.28242573375371,13.246861877260157,127.29415523337359,109.43642015390719,0.058037362571998145,0.004308577511499543,1.8262556301052169,0.33161965140366906
474.63,14.81,2.86,83.25,50.73,1064.268837871891,4568.46545582694,2489.130401492512,1016.3101079755107,1342.2354760373319,25.484450952881588,101.7490772220962,91.40297678252145,0.06701828346531336,0.0017100674656667285,3.391338576545472,0.5528818001431338
197.16,27.19,4.18,96.51,43.67,626.1123595112018,1191.6805826258228,2055.042774615178,701.936896062392,556.6659034600829,30.678621434178865,161.573305777726,136.30947342448079,0.04817922202402932,0.0072491205163832785,2.2884982946223706,0.5759588718385725
178.31,26.15,3.0,99.43,54.91,813.5138117417223,2382.5020434973794,2290.9583384089547,986.8180753168617,1069.6470637578825,25.58119596622838,154.21577214872687,108.97418257464551,0.05884476855800429,0.0021671721340047276,3.167630723071203,0.585659201694988
215.02,22.79,3.86,80.46,56.16,656.7146883808693,1972.932354799544,1963.6818449066373,997.9130374455386,726.1028171312236,28.399093229245963,139.67611534576784,100.62386637930969,0.0639449912677774,0.00430789020815478,2.985462406415554,0.6072231198744875
215.05,27.95,4.34,79.93,57.55,1202.9221090177668,711.658769722291,1427.8493299733254,900.9713806887357,60.59139312583696,13.092744274059232,164.25049463942497,107.4715883541498,0.06088597430217381,0.004803440498500556,1.703874651828994,0.2850079233449606
558.93,22.28,4.04,78.95,43.23,595.2941990225067,1403.8710169852352,1740.8510480857049,713.2294676102582,697.4258400420182,27.44830708260851,141.95508683637328,118.72897147826762,0.05294502118522194,0.004238997576801845,2.817138000318327,0.5750675522746506
596.68,27.66,4.08,77.45,59.64,458.2093770733272,1294.2018160539862,1212.801813517546,807.1311434039158,896.4492444044039,24.00923832137934,164.86426417021127,99.60633700795672,0.06323099745751695,0.003338798663841973,3.4530738699262176,0.5955134125973844
297.87,23.82,3.04,74.22,46.71,776.9595098456549,2138.535245590538,2150.4105670093045,815.8028477135786,984.0252689304092,24.588211872383898,143.6281685634773,113.80742807200802,0.05638896059759578,0.002122679845854262,3.00448988965126,0.5676143547413317
282.5,27.46,3.04,68.98,47.54,735.5086240261393,1746.1301440545153,2088.966010826361,759.682561952822,902.4110614794783,24.196258528500255,160.99195067841364,119.93930915072738,0.05478916542753945,0.0025633406506663137,2.772405372016582,0.508605626444711
583.68,13.41,4.49,70.53,55.98,755.1071477133156,2891.70809740967,2039.4357894321265,1028.0996731036555,691.0456204647292,32.27268773004498,96.65972369466128,84.17671703113294,0.07321244765343596,0.0024575930629006293,3.043252789362847,0.5602378888207712
191.02,27.74,3.13,66.65,54.48,746.960171628925,2052.3019545017955,2147.00610778291,924.3515719868907,1005.4555702724103,25.541833345056844,161.98847955191823,109.29616997528602,0.061232348306369845,0.0030637569893730886,3.155025528694514,0.5643135864355536
695.02,10.54,3.75,94.8,53.31,1027.7123200897108,6715.417935408774,2582.2973415440165,1085.1081488889524,1746.4527142954953,33.63126878611486,82.9700333599594,84.28853274741249,0.07132477785111722,0.001701248684088061,5.747996343835178,0.5268926402778136
560.16,25.45,4.83,86.54,51.1,516.4351995732654,841.6612722608296,1375.303757697856,738.6022131088791,323.32733186107527,24.382794729109595,154.92705501043716,110.60964736837091,0.056568393388251925,0.006123611291274969,1.623763748837941,0.5873718971484853
231.38,25.09,2.67,53.14,54.75,886.1665613939924,2599.178221257446,2264.1634183761757,963.2249852592986,996.4693920315817,22.1976980163521,149.0822548857147,99.7560520985239,0.0681662840408189,0.003970201972738569,2.51642775904978,0.5399438379375285
624.33,10.19,2.06,56.44,49.75,2053.7643698316892,9522.720975719398,3074.2958805228695,1140.3679629407904,1403.04184970275,20.307147219933583,79.80945869253657,81.73276040594905,0.07613344215831125,0.0018857761906998722,2.3834040190696304,0.5430471507869604
102.67,17.2,3.51,60.63,44.83,987.2259918700381,3772.508490014046,2992.697631961449,1137.7904572561035,1260.851294588661,35.05946244238919,113.39010758366211,110.59656985123722,0.06122528816689852,0.0027160382639702294,4.005566322402069,0.5934640375261898
496.08,12.08,2.86,88.84,48.21,1249.4479635101923,6290.174274864388,2968.18190891402,1055.8496800868888,1483.938660546651,28.067514368790594,88.30782000077481,90.56943345118151,0.06716707498201081,0.0014537709889502635,3.6844599387116217,0.5330399884365833
678.07,16.48,4.66,98.65,56.18,598.887650677195,2287.5071747385227,1655.5551228863576,945.6189352128591,648.9057412124782,30.78411977590243,112.5476764097362,89.99895112054905,0.06720319276133448,0.0030758424472382734,2.8884126219069333,0.560706094677919
355.12,17.05,3.84,56.65,42.15,753.8362456592268,2524.442227126741,2228.8728908947687,851.468200707297,872.944376359783,30.288369559844675,112.26990497028491,106.70953197889573,0.06038932556834322,0.0034044245535012033,3.4861185396238876,0.5720860151800746
185.17,27.54,4.36,92.0,56.17,1320.0319602887168,736.8063502960782,1544.4223538926608,913.2806410027807,61.55474914440263,12.994561996983935,163.04161300216145,111.11111115198631,0.05855962483462003,0.0051465685470955215,1.7831827883366909,0.2837675377047494
367.26,18.86,3.59,74.92,40.9,748.1708454343353,2332.019422579654,2200.678947518143,795.5595399763934,963.1523665255879,28.854848746837167,121.29143528025661,115.40487738076548,0.054804255482225,0.0029255276631483607,3.52072934984583,0.562642936956918
629.92,19.47,4.89,92.06,43.88,1214.7465567901463,708.3247963561406,1290.0539147027228,752.2220591445406,65.606727484802,13.444686069752027,127.18082210986017,112.42151941351682,0.05502329213863102,0.004829222188941044,1.6956910769146427,0.32690644857375284
293.64,15.51,2.95,74.92,47.74,1034.6518439820509,4399.42889009538,2716.8883339961435,1023.8285049724803,1327.5243174312534,27.34282891053454,103.53327963919241,96.72480908498216,0.06483929694578801,0.0015448233845544593,3.7839493336683097,0.5607412358663946
257.34,16.67,4.63,96.53,41.55,1547.2413158572408,913.5280984446214,1887.7124579883985,858.1252145954412,70.03905033267996,15.424691267145233,111.09248458760906,113.36630664928092,0.055529691661929,0.004433273390286022,1.7164846805420937,0.33685664300545953
347.76,10.97,3.27,57.65,48.77,1189.400818905043,7027.134383586589,3158.1568121409214,1121.039673263225,1581.3411590779579,32.45349326764556,82.71337004396023,86.82373300605514,0.07325071785574008,0.0015591308117647784,4.979896736592719,0.5530786779114238
472.02,26.28,3.68,69.3,54.77,549.3667441269815,1520.434800228586,1499.3808706214168,806.4919709625253,883.1703024639525,23.999491590015797,157.5504233339726,103.31157628164243,0.062017213607671214,0.0030329816711469034,3.2908427507367946,0.578856229094213
516.02,25.0,2.28,98.58,51.42,944.0509476152365,2418.9965654116286,1669.5984110583945,824.297250798126,931.6306897063894,15.165147888630194,149.2359619243734,106.85513424552859,0.057611874295086844,0.0023901475305722576,1.7468577824720648,0.36983474186720505
454.42,13.96,3.02,67.99,52.56,1050.7469954377964,4895.600635811756,2541.5323427177705,1056.7692219220005,1404.604447308287,27.219865996994574,97.74312728507908,87.1062137779186,0.07150025748390067,0.0018183983042094523,3.8764908566863387,0.5621123862527412
587.94,23.0,4.97,97.48,53.88,530.962637034792,926.5359661833377,1361.323538414703,803.4670845911498,318.8015295434385,25.04486429843129,144.56446703377537,102.79518095695711,0.05974450949336551,0.005225558139254544,1.6089495333284736,0.5855048660100693
689.73,14.47,4.19,87.0,48.77,726.3340828517642,3173.906864170292,2013.3225062929157,927.2192911798819,984.6519462086046,31.850237068195163,101.85677540343323,94.28806411250554,0.0645020158692434,0.0023706839615482817,4.010578655286802,0.5447256245895236
268.67,11.39,2.64,60.95,46.36,1474.989447802027,7968.308822868871,3684.0666557696272,1149.5564791153704,1586.1652507717135,29.036764740649506,83.39034346596559,90.71527076101994,0.07014832824018916,0.0016872093453114633,3.5181682715127316,0.549340386178518
227.24,18.09,4.82,86.38,47.76,1527.4378996274995,802.362812375869,1787.054831366986,930.7785394480446,67.77819029085519,13.713484378519817,117.66125335077636,105.63703518699079,0.0601457508852319,0.0039649094888541524,1.818622835310727,0.3471853516495992
654.34,23.01,3.3,56.26,47.85,658.6962673297098,1887.992022569917,1651.2487683878342,767.8400635430365,1006.5476517625253,23.272415579032412,142.98217055464715,105.14439733866453,0.06143397275006017,0.0028523620720717377,3.1322680011691695,0.5568878603036472
342.84,18.97,4.97,77.95,48.08,1330.0843530464533,702.8249930293981,1527.9749462714499,858.1842261266592,66.7437783264531,13.3349760663608,123.09194487680664,104.65601018043677,0.06046914315283061,0.004564876726525409,1.7546189439191338,0.3513018786785081
340.53,10.78,4.58,98.1,45.0,1630.7918292877796,1521.444552078314,2315.21900318174,1024.6114268692327,84.93515649954762,22.30373244134006,83.5534209043544,96.61012131739855,0.06396818454638466,0.002828576472592049,1.483296565436351,0.39723020599138326
228.71,21.16,3.86,62.13,53.06,680.0715827933868,2116.360259220336,2039.7916668815844,974.8891617454992,735.1517694587085,28.9514405971239,131.65833304926764,99.3741055322455,0.06618012842453026,0.004244701650873246,3.0383954166249496,0.6111666891714895
151.18,25.34,4.74,93.76,50.9,1430.5583580121342,723.2791404801053,1823.3936325506438,898.06367466572,67.13650602562012,13.861029720090954,153.16933923174201,117.58698160485692,0.055704253298223046,0.005110214042117174,1.8349150024992311,0.2971214515477446
395.58,25.39,2.8,61.67,52.22,773.0319702603528,2076.4927211102486,1856.9613615016578,837.2892741178641,960.0998993958184,20.51040827317993,151.16291950422578,103.67729631998876,0.06260886077424929,0.002832152264791906,2.5417428963016686,0.49445999872033297
647.46,24.19,4.77,76.5,54.06,854.3585448397462,693.866972045282,1021.6212135416898,783.2045843833928,64.07915911452768,15.069125954620167,150.64536458587438,102.39502939315922,0.06124879072295335,0.004812320586646493,1.435050144866431,0.30412515897666836
303.56,23.0,4.2,87.85,48.94,1016.1521716196892,916.8884801967516,1605.587488171061,825.7353942361833,72.44655982539904,17.979219237029618,141.04171597867074,110.92149033707892,0.057148086039964574,0.0049425272349332815,1.3400028608325207,0.32677061245126593
333.47,11.32,3.07,94.2,52.47,1239.9756585992545,7094.07371085993,3194.7208813623156,1172.615166391673,1578.0527883522034,31.066569724972066,83.95949778178867,86.71985785011387,0.07070721072205878,0.0013119632164627435,4.5721859403279685,0.5369785982000225
573.81,11.22,3.58,56.44,46.45,1045.027312999565,5884.590609732609,2752.924150059227,1017.9236730228407,1464.1726610895237,32.93034179819879,85.42029576759485,88.80679532538592,0.07076664570255001,0.0016964604516843571,4.966514581271137,0.5472537474789635
656.28,26.75,2.09,91.05,41.56,1069.6157368311551,1885.541965138439,2029.0888978398418,643.6203140319541,737.5167469889105,15.38926584723789,160.46823564686395,133.3945299167486,0.04745450198867452,0.0022160783072031447,1.8918305008782366,0.29581505526494367
561.95,16.06,3.3,99.96,45.31,858.2318749250404,3425.1412322240935,2237.2371830124002,893.652483727727,1228.850994254338,27.625066741508242,107.95938316932717,101.52976382979233,0.05997694782511173,0.0016302198029114116,3.9305053449616016,0.5441186837564107
602.68,23.96,2.92,83.62,58.73,705.2365876652292,2233.4898740899853,1364.7083316019534,889.9704472803224,1169.05651046921,19.01299639357346,146.07632283857035,94.74375140940884,0.0649747733082109,0.002955204433295713,2.667538938903219,0.488073909709629
155.44,19.78,3.3,99.35,47.33,881.0391839998915,3051.4945884921535,2602.308854944772,1017.0305157171744,1158.9320518380496,30.250637136774802,124.5288221418214,110.04758729597451,0.05801786419435236,0.002298169768275512,3.7466863024969155,0.5772357478089528
194.24,23.38,2.07,71.24,49.94,1288.021688889198,3618.106668256074,2850.035645867445,988.1535154468615,1019.8478666669225,19.196104254899836,140.11139156994247,107.41789640027763,0.06052669009032497,0.0023436047886506817,2.3314561613727136,0.47007599117598675
282.36,14.58,3.73,78.32,52.96,854.9289418656314,3908.70169765262,2438.123472236702,1090.3096825075754,1080.3130261103217,31.453356153686517,100.10547938023088,90.76326968567103,0.06912823069074749,0.0024381146152813154,4.221615732903045,0.5646821333000338
264.1,20.28,4.62,57.97,53.24,1386.8755392368143,760.4055287545115,1515.4976194930225,944.8917837076348,63.84410689573289,12.768278178164026,128.1246257413794,97.09681481244496,0.06809833346582966,0.003861230357446145,1.7851252322806686,0.3214588500382264
273.78,29.72,3.41,76.42,47.94,641.5367782298034,1375.9282515337086,1951.9785041392831,711.6423849668083,812.453403624087,25.93013056653173,172.7223073849975,126.86786944293743,0.0519760094875678,0.003399912419709563,2.8451856237887894,0.5088075941166706
221.4,25.12,2.48,80.5,48.41,991.3956313637402,2635.382813088887,2521.0254145061394,875.9303630875739,1003.5876876013755,21.913125921426424,149.32066055317108,114.5287207681944,0.05630902079953083,0.002315849124146836,2.186967701487126,0.49591238404208626
377.44,13.13,3.0,92.13,58.37,1113.0521331928173,5830.735579340248,2677.3176325237973,1173.068172763722,1539.885499101305,27.830338143217247,92.675465745383,83.14943654356551,0.07361518872465277,0.0016322211961348697,4.210333509464296,0.5529643918331275
623.84,22.36,4.56,98.03,55.7,491.85343055872374,1464.2964366948997,1387.1453890060939,840.9096676117416,600.4604707197011,27.206670914143995,139.97497268001032,98.68703505395935,0.062046734740889335,0.003922782122173865,2.700774190877399,0.5842061137413052
473.88,26.43,3.49,73.52,55.51,572.2068805958811,1623.1487667207307,1497.8880382356124,818.6887383828233,957.1868639592352,23.065170467073795,157.5788878794486,102.79816700460891,0.06182030327332776,0.0029785746850704807,3.3088882760943896,0.558121431509222
195.57,22.3,4.4,79.52,55.0,1424.9110860512703,810.812541765832,1596.434053105678,989.4817936041566,63.53971978656378,13.23487152724049,137.80164052476468,102.52290596125353,0.06323917879072713,0.0043839043570636175,1.780589110934842,0.2980409726333172
675.56,12.7,3.85,97.91,46.63,878.8300393466144,4221.895870758108,2358.526528473172,957.9884453634202,1235.592526140998,32.27671496832129,93.19642437580386,94.47919296696503,0.06387855939228795,0.0015199581411236625,4.542888899436944,0.5301799485588321
607.72,26.15,2.89,96.74,53.82,688.315520590311,1858.227957459136,1441.406641495971,799.9874688511427,1002.0843087708364,18.95694814164455,156.13284207860974,105.66236640504047,0.05821523546136754,0.0027635489682144017,2.4575279187389816,0.452642834100131
540.74,12.6,4.05,94.03,57.13,843.7978374527831,4232.326604668549,2274.8903070992583,1078.4967407187285,1119.940130613231,32.840986388830636,92.73272977215923,84.03728298787442,0.07212942652384151,0.001638369416495399,4.434469058153769,0.5464639225433024
542.19,19.42,2.28,80.6,48.83,1121.749161484851,3392.9819225313818,2032.9231987944124,897.2198043292855,1027.8633389073707,17.360330271053833,123.5433751511402,99.62348286575312,0.06169993633158079,0.002073030355355095,1.8759141230315264,0.470269527194219
569.83,28.39,3.68,77.22,51.09,527.1884497784712,1243.3739825894247,1452.1399536380154,713.0972402945545,816.6301561154164,23.64775555642806,168.7477699546437,114.4951919054302,0.0556396411917359,0.0029833631999861762,2.986236391137753,0.5209492659143612
503.37,11.13,3.32,87.39,55.04,1127.8614990004737,6852.676963661962,2805.489372639292,1138.5522246267672,1637.722180383163,31.391957973940787,83.8107865515175,83.04808925675941,0.07327304285787764,0.0015812419483668334,5.020712909700279,0.5370080599701994
536.97,28.62,2.29,65.03,57.83,854.5864233039862,2029.8839580330657,1348.1607193083903,828.318467990137,863.8721507078282,13.360537883259257,166.8044981769103,99.74927643434887,0.06447271433119418,0.0036231867700885364,1.599242590496872,0.3200913853106584
621.71,17.18,2.49,55.77,55.98,1085.823999044047,3919.392961637901,1840.5629589653267,1002.355242449417,1164.3511964764778,18.83699406530941,114.5488012471157,84.16035073036011,0.07531549434490259,0.0028256365073150414,1.9715715661213975,0.5471124507638248
216.65,10.37,2.06,65.08,53.32,2115.256883437219,11047.351549417592,4426.033684248444,1371.7016927830362,1522.5666688395895,24.926730305498282,78.01356937525377,82.90097960662429,0.07699830450154509,0.0016214343221895888,3.0399579833159978,0.5536734117346684
648.09,12.92,3.87,69.08,59.87,832.4222824298339,4881.562509228346,2092.3656857087976,1086.1005987271944,1626.5428506805667,31.68569508257528,94.90335706658028,79.30747163718164,0.07781795824317174,0.0021865287425750298,5.605874510048649,0.5644675818998427
473.03,23.44,2.98,65.03,55.29,727.0171237954146,2261.210145413094,1656.7080099557677,883.6690144616215,1098.3946154271205,20.86073723672912,143.16664505886442,96.53010604204921,0.06604670026058948,0.0028598568954578173,2.95175262841561,0.5334070881080087
111.56,18.03,4.75,54.42,40.71,1728.7098945680034,967.8638244241837,2297.141077239099,935.9612341823138,77.70606521250804,17.41496951602663,118.64191566172595,121.13806800810457,0.05669176177879365,0.004827825030638394,1.747884004172005,0.334872600840374
694.83,22.89,2.97,88.69,46.46,739.8866720909475,2048.566803586269,1700.9091038584907,760.9039915974555,1023.5871428462024,21.360060475611384,141.73439732234468,111.46341668183159,0.05534614177259221,0.002283893251990379,2.6755117834699513,0.5017322504043243
503.32,24.57,4.42,68.57,55.94,504.2303837700053,1220.6645820725391,1395.7900731949237,824.6119705412252,547.3616733562308,25.494738362521552,150.73092148595612,99.3650008696757,0.06419266400772222,0.004610157003814918,2.4669028335330636,0.6137239937447803
565.25,12.73,2.64,82.02,58.44,1292.55406939256,6082.28052933464,2518.857467706019,1139.289807219626,1422.7955438193708,24.001590987282547,91.92894899943607,80.72594964107795,0.07522117858084659,0.0019259055798369943,2.7396303788800234,0.5503910704902081
505.68,16.67,2.96,64.3,47.96,938.9693572663774,3628.426825512141,2272.780164865563,929.5384408580725,1240.048824671462,24.95083435529385,110.72232266498362,95.59150463855292,0.06555769840333708,0.0019480538705016624,3.388555236308808,0.5691555044733971
363.93,10.42,3.88,90.1,52.23,1045.7928141765053,6345.180716468554,2923.010648165462,1141.670358842873,1268.066707538918,35.142145710597134,80.29082412834047,86.32149767327104,0.07110283592887649,0.0016871642980359188,4.983714734457785,0.5331264818774858
262.31,26.44,3.85,57.69,59.17,580.8167839647767,1592.7092136779297,1717.5508764737506,932.262761816427,686.0999327003726,26.18719529460411,156.4608297751289,97.61563477511385,0.06904960576068558,0.004466371483076341,2.866381253539077,0.6395832184742215
268.37,25.62,4.2,59.29,54.47,580.8300828846695,1345.4602858256935,1726.488085312383,867.7914292452265,419.75500121074253,26.767887205695683,153.43044677200635,103.53865566961233,0.06448146491720384,0.006050709800600452,1.9242509763514644,0.6330220162282562
119.53,10.82,3.94,67.31,58.93,1120.9943977305911,6570.843591622077,3253.8951795736893,1529.1569875085565,1067.5003452463732,37.75330642770339,83.442109532832,85.78376372872492,0.07780458961261946,0.0023175447234940415,3.9749011424750083,0.5798868204407737
652.1,27.62,2.81,99.47,57.7,665.2274395064555,1839.6857162688375,1226.1304075012258,812.3877926588924,1056.6138043413482,17.264888614592174,163.8525475915798,102.54422498482386,0.05969024128607848,0.00312717149744576,2.2524123436115513,0.4120358735321879
477.96,25.8,3.99,99.6,42.51,578.5664721286512,1112.5897609980216,1775.948667792158,644.8144969109495,628.8839991896126,27.145422303042597,157.8161207366258,132.12463547077516,0.048075866550276396,0.005128442403063106,2.564746723928269,0.5455490227960974
614.92,13.31,3.51,53.31,53.52,914.7456719487498,4677.440451713272,2270.931451322048,1035.1824007920952,1440.7403445160119,29.90804856197782,95.60024938324305,82.48752559009128,0.07705265872007101,0.0022519328924063995,4.677006862339539,0.5751291436684217
395.41,10.69,3.3,63.22,41.63,1210.6571938076877,6703.269261334211,3282.4423026944773,1017.2370229309106,1504.02708492749,33.42257618069504,82.08631513875767,96.36471279622403,0.06503393583794484,0.001314755004384437,4.727161042762394,0.533038631539238
667.53,27.81,4.67,64.75,51.71,449.1229247333053,899.3044919915767,1290.9169547107635,696.9363052202485,394.8348803915125,25.219217802874073,168.5510339104407,111.28354516348836,0.05822438715979385,0.006277949176079039,1.8376962659625027,0.5757939457835138
318.85,18.49,3.12,51.02,42.21,875.5798282625826,2934.194487409927,2434.6282746143115,852.502226627261,1120.704243880022,27.10526372249607,119.03878812695096,107.77661271339461,0.06094497351926152,0.0021260538710596954,3.461235988849491,0.5870181958172894
278.51,19.95,4.13,58.54,53.67,658.2687030851005,1925.862994911711,1917.6571520435539,965.7246110101895,566.4812781579792,28.581830010415946,125.7945700144919,95.1387620621094,0.06867482166379932,0.004589194354344426,2.527151111458732,0.6082725430618637
191.95,28.55,2.09,74.79,47.79,1198.3874890967666,2713.0753137356683,2803.7189802362527,829.7597348465677,927.39898664345,19.467555492706552,165.05546378903165,123.42596939329623,0.053590378706074575,0.002586362048888255,2.220925533043714,0.3953519270130569
313.73,16.23,4.71,87.37,44.7,1529.4366522709036,879.4630219926613,1737.5978641297063,890.9379495441177,68.76658424652749,14.444945036029758,108.81412286992726,105.69424483586761,0.05932814936105851,0.003839633039361436,1.7410145303195066,0.3432607284249291
536.19,25.55,2.08,94.67,56.66,1011.9383834436583,2613.4544202123757,1261.5312559530028,879.0952419892856,918.2127637482063,11.630087828857006,151.6775205328035,99.8040558238389,0.061389522708669264,0.0028090626921443867,1.5937809395813713,0.2918534665571928
185.94,15.66,3.02,54.11,43.74,1072.9303234794033,4371.82810804429,3012.0940348398744,1033.9191983500773,1327.746098630818,29.933022183416263,104.33605880745445,102.37893876087841,0.06426044739476365,0.0017306675180768962,3.8499469854065564,0.5789117226138519
601.29,22.7,2.48,67.72,43.83,933.0164608263896,2343.718343185707,1953.9014191081756,751.4797854923141,956.8299817450209,18.520020621786703,141.1779001336038,114.04989225368993,0.05537788835183566,0.002293269396325328,1.8624457087135236,0.4236069047897718
699.53,16.01,4.03,68.96,43.53,710.9100583206352,2592.289408253179,2009.6060073638992,834.9611910826305,932.4919608045523,30.775524241962106,110.75613700073596,102.83776413148121,0.060370050797766896,0.002752157417299928,3.6813384102864,0.5548591647575287
191.82,28.88,4.56,94.45,52.42,1284.8182465774944,673.3790761537122,1601.0905147643743,813.6230976822275,62.63131943041683,13.120987067413898,169.63818306252568,120.27190370730577,0.05435683154066577,0.005790424798426728,1.803045113154073,0.2760566626289446
287.8,18.44,3.28,65.81,55.92,815.2660846558338,3211.1853951233875,2189.239744122261,1050.237705402882,1190.2038778666981,26.84043073380898,118.6328870209087,90.84674326632832,0.07063217418115512,0.0022595235068158,3.9654411107428547,0.5971145210434663
285.05,29.11,2.05,75.83,58.02,1064.5253570403331,2505.486130320259,1954.0574949406252,918.5626304538381,862.349616845273,14.45764730286003,166.8121085916001,103.6893474214362,0.06194515140578475,0.002736840100069446,2.011140178590889,0.34249452364365557
380.02,18.46,4.31,50.21,42.73,722.0964407284335,1398.0413691300625,1990.6647295376517,805.8042617102435,253.59497538366932,28.373677081057505,120.36910611865119,106.84663227080786,0.060617086530716305,0.005045682735118585,1.3931191559016574,0.5855537329020823
576.82,14.97,4.43,94.87,45.79,734.6737423375922,2138.3867852898497,2033.4646717615867,887.5265063515004,566.8937840259521,30.86196608149638,104.24671551127348,99.70099846819926,0.06065887042388793,0.0031381079478241146,2.5477198346524257,0.540602008924821
425.29,18.62,2.93,58.53,57.83,873.812633067243,3315.234105093347,1988.0110712264432,1022.3040424302328,1228.5073965089916,22.89003963282265,119.53744656227495,85.97996359933175,0.07462815669931777,0.002605542046016735,3.2551165147659575,0.6044731630485095
331.86,12.09,2.66,89.63,56.65,1372.3769209012714,6959.243892166662,3169.310546391527,1219.6058930733413,1516.3827863674642,26.93459285107972,87.86322915039221,83.2457183158985,0.07361384996692182,0.0014661321510675788,3.3160866942296567,0.5474061147390685
344.35,17.21,2.81,69.35,57.9,986.5724644985788,3974.640291049054,2306.875148186666,1092.988458431222,1274.6067896283112,23.7670663171414,111.91380012176678,86.41056042550014,0.07295439768616045,0.0020589650542938145,3.2662736611877374,0.5871621496497674
107.81,16.21,3.02,86.68,43.88,1170.0015910110053,4792.093914703814,3358.8646466315645,1160.639068970814,1467.6962449983962,32.823334536741804,107.89935953871738,110.71968101485326,0.058728190743117144,0.001611297730640623,3.873173036417283,0.567947815556158
266.58,27.37,3.15,93.34,59.6,679.6379454304853,1962.955207506868,1809.443383603,940.9420092629792,995.0503401577369,23.085438050273044,160.21559298892237,102.46357266521623,0.061906745622867895,0.002635088061769328,3.1837386587403276,0.5571419640263906
645.09,19.32,4.61,78.49,44.17,1125.2491297711304,825.8954352700439,1343.4560884577606,763.9289752387365,67.98035121229346,15.660240565624468,126.50093477165044,110.05968664629044,0.05660112468181853,0.00507712973110875,1.5189954549887843,0.3157458098409342
238.83,17.88,3.18,70.56,57.18,879.7082270601692,3607.985487014983,2367.1576696074826,1125.8095581727246,1244.8064228574442,27.313332495517592,114.99138342721696,90.09370407935417,0.0711509440879693,0.00210538489365679,4.006207963423824,0.593858831782333
140.48,26.78,3.48,67.49,41.44,793.0674007782957,1799.554135245739,2551.245591888907,732.191521491522,970.9785480888684,32.22963617491013,159.3111058519521,141.04456097564463,0.04858371842049706,0.0038925727772159582,3.0550936518275953,0.5585534206538998
610.0,17.23,3.44,70.52,45.89,776.9688429829878,2928.483768454505,2022.4307472870705,864.0059000502326,1177.9039860376968,27.28999445593903,114.74898037511103,100.57675461883814,0.06173171972711852,0.0019601132060560926,3.8813892473412257,0.5622091569787121
205.14,12.73,2.83,57.77,48.22,1289.58442180538,6645.458894709795,3392.009032682642,1180.8728947527661,1572.4556485508708,29.859332271153697,90.11833703009556,91.45104328593241,0.07102028717554111,0.0018589910862848327,4.021807274034913,0.5678695871054101
698.0,25.16,3.03,64.61,48.57,674.2619553697847,1789.7526951705784,1547.9293390905489,743.4843300897329,991.4142613093096,20.78903701640157,152.7899875749658,109.18199828509765,0.05833213652459419,0.0028741121797173567,2.6644727920931173,0.4761440890110613
380.72,15.72,4.75,90.23,47.54,1415.3547504720007,885.8094027239488,1659.6201354627751,917.4879170074609,70.97149678353776,15.651170216932709,107.08044076582027,100.1856939187212,0.06203023559650876,0.004708158509694292,1.6228120881420272,0.3600993220665744
367.54,12.29,4.09,90.14,49.6,918.704779394794,3556.9674358878747,2540.763427791674,1053.1290943730435,473.3642594737622,32.99213549195121,89.54226255045401,91.23096319053536,0.06694132867898735,0.002573502034446344,2.0188340981254536,0.5382064587951639
347.83,21.8,4.67,68.48,42.31,1251.199219971196,715.2711666032421,1592.2152736264493,724.4640580856939,66.12648851267289,14.363771030159583,137.54778148343837,120.8286862211894,0.05365326675191426,0.0056321659315204525,1.6886427592255118,0.3203583772952699
432.1,11.22,2.73,74.45,59.22,1395.0979895017554,7570.57513359722,3067.50462040167,1224.651820069586,1548.0414996328784,27.328388066010312,83.7973281995879,78.55545999657868,0.07853740368914255,0.0016788675959141146,3.3840847531021523,0.5509119276512527
374.07,15.56,3.69,90.49,44.5,816.1907822198098,3229.2129103488824,2349.413896294997,919.4018326422092,1042.739365743712,30.537722384891634,104.99973165527406,102.79039558425421,0.060137041735314575,0.0024939501994936243,3.9999145757875536,0.5477924796167302
514.49,25.25,3.04,98.4,54.23,674.118625981799,1957.8655445391958,1566.754906772171,830.0528006404022,1035.986645531651,20.770374456992492,150.86594083140142,104.09650179395912,0.05920575291337919,0.002521503519377552,2.911237970706862,0.5126452154192063
508.15,22.02,2.69,62.93,45.93,870.7093244840252,2423.210172848855,2004.7907968626478,799.0459099572281,1013.8749680292328,20.635944734489396,136.4852383856855,108.02351895342125,0.058956355269859734,0.002303504834592749,2.379555434990399,0.4985570135710661
463.8,29.88,3.19,77.05,43.79,661.1802315419769,1178.1337687466018,1911.6575208601482,603.6982095552913,756.099347618511,24.219987695222763,176.82947674476648,138.5721011644473,0.04753890932005926,0.0026193568566552413,2.4060057810766495,0.4319159384095698
188.38,29.73,3.03,61.86,57.67,750.3939173902348,1985.3556198535425,2105.085233105736,940.5101662904243,1001.2716341529361,24.44311322609499,171.9422134737712,107.23543482127093,0.06370443991984691,0.0037289300151674065,2.987804154702994,0.5295960336581037
103.67,21.14,3.54,86.71,57.75,875.1934139793588,3124.123041816798,2643.2332192404097,1308.5166863122531,1113.5544161695113,33.02438379179151,132.1952714002883,102.32840586147678,0.06496544975587676,0.0031366898300506977,3.68167797168013,0.6135449928113869
141.27,14.53,2.32,69.49,52.84,1553.1140113825913,6775.501081154904,3795.5054256572894,1352.248347032991,1435.8560728243936,26.303979093948072,98.53614461376726,91.94429319462543,0.0708567305379608,0.001875299934433853,2.45872756280757,0.5798367857366991
236.17,18.2,2.1,53.15,54.99,1384.0682204245581,4814.184169901513,2839.6232758108104,1143.9445756362097,1120.1006379022954,19.267601493943005,115.8100067757473,88.70877532488545,0.07478209627067399,0.0027888916823889153,2.3581663041056493,0.5696231486228449
105.59,29.06,2.26,61.76,58.74,1275.097180346807,3747.3859196542585,3203.8377602443866,1207.58505600804,1269.5138589485514,24.043583858041245,168.0787691276064,109.10179548947056,0.06483105697890751,0.0042056617110111105,2.1854439540762214,0.4957063290619095
128.87,23.1,3.94,57.33,46.15,747.485425109501,1974.1556599450018,2383.3818023229137,925.4656797233296,746.9625673306656,32.92189760187778,141.71877062906202,118.28466695257362,0.058205591348867,0.005339320666545865,2.8073565293944776,0.6202480277516916
248.68,29.21,2.45,72.25,52.08,907.6914958244555,2190.2062961316506,2238.3869305681483,834.9562488523239,904.0798973205996,19.98914041137119,168.0741275032844,114.46849371528077,0.057382532385812354,0.0032539059531117177,1.9673816382904772,0.433773494225754
645.72,12.83,2.42,82.06,57.91,1402.4021320705922,6339.424045545798,2297.4020687781185,1126.2672029229043,1400.397473053298,20.845674071564275,92.32790841382999,80.77191449839096,0.07472906248962134,0.002060683737623186,2.0430759917030743,0.5472428528974908
578.44,24.31,4.12,81.85,43.85,559.9406854449053,1180.4382112881317,1650.5106865204837,680.4137317420043,626.5911545911223,26.727691646498737,150.62761545956542,122.35643442585432,0.05167676185576875,0.0048233069833067245,2.605105708000453,0.5806746266010294
394.3,21.94,2.39,55.44,50.3,999.9616894345781,2963.4459846906434,2120.612055861079,894.7290334949396,1049.8158427806354,18.34693932006842,133.8755571399927,98.85948561468182,0.06573613983018263,0.002547342354602915,1.9868724824992494,0.4800883872390451
112.17,27.7,3.22,53.6,45.41,887.2942307610004,2272.464707491569,2746.1680411822986,853.9056962621813,1147.3964338612793,31.90638620340598,163.24925319796924,131.23395236283665,0.05458395610093932,0.0036546700477032247,3.187334711504007,0.565473816114906
132.79,12.68,2.69,95.73,52.46,1452.1060749043124,7461.074606569736,3823.3683159641537,1398.268204557404,1636.524704374065,30.833993828534375,90.26869843898554,92.38278889478588,0.06888782035346154,0.001421842897072625,3.6930281057198915,0.5574379045993062
301.17,16.14,2.65,94.26,55.44,1118.3070608747132,4608.101243762,2613.302957540411,1119.5003971999704,1328.453459814313,23.916332896601986,106.38097020526331,89.75684155047996,0.0685426764644579,0.0015585968126057856,3.0553928827589734,0.5643120465668984
670.54,19.37,4.87,70.74,42.71,1167.1038218449592,735.2460365904498,1278.6173980886103,734.0402715974969,67.62257634290891,14.400739923744286,129.8287032865414,112.88432170333446,0.05556355500234422,0.00517644895990304,1.6269282384152803,0.3230236989674319
194.5,15.39,3.37,56.27,54.93,946.9919458032745,4307.927270039823,2669.883547994167,1194.208883502793,1278.4122661811373,30.777462667072253,103.73008009020707,88.4305377873646,0.07497400612316144,0.0022915873614380647,4.364782990003861,0.599217347553843
472.21,16.3,3.41,61.7,41.69,842.738477834923,3116.9344716196383,2335.2881754926025,847.7540770864429,1127.0497217044372,28.813243235134745,109.84012264259444,105.85480330325656,0.05977008936662032,0.0017766963426569134,3.8298540344200167,0.5606403266013779
504.72,28.46,4.25,63.7,49.52,497.7305154634834,960.6083034737429,1472.4457766297885,685.569359386372,535.5069818072166,25.18226560591253,170.31494876114326,117.01677958476422,0.056138481040289546,0.005911315580192711,2.3533451226998,0.5450763418030218
215.33,19.41,4.52,64.0,54.7,1494.9084301570301,836.0479386363844,1626.2921196961195,1022.6396876735505,65.08052980697236,13.210942434322513,123.99082619903236,96.12207881658018,0.06835306790633511,0.0038391948382329485,1.7948108497016446,0.31671682869616224
635.64,18.29,4.08,96.69,56.55,607.5651512350474,2459.8606394455314,1631.4739972243651,931.6558119324732,1119.024467236273,28.6418971651124,120.62899853925008,91.53778748178571,0.06628353014927806,0.0022091070420290145,4.3254654932483305,0.5694544333514008
399.87,10.51,3.14,52.17,51.33,1275.597558850132,7678.006605734518,3217.7541312232215,1149.3738456500848,1676.4983276856747,31.655570060587795,81.31175705928646,82.05430971667896,0.07816942863559753,0.0017339066833621205,4.752507804840734,0.5615834008422821
636.13,28.03,3.81,79.98,46.4,532.3652034194661,1093.3982908692171,1539.8643532174115,647.7273731077814,728.4075648179524,24.915434086453896,169.45121131302312,125.36884923930425,0.05098101753360309,0.003507036153659663,2.7521770053151458,0.5066399537083212
189.95,10.16,4.65,92.5,57.02,1919.5052385081242,1523.5970655539033,2372.0318136826722,1309.4932592558494,81.76615712698815,20.512889238321797,80.09886699131916,85.90594247315646,0.07349268897006504,0.002334036600373758,1.5210512866686068,0.3810273040013494
687.46,27.29,4.55,86.12,41.77,532.9029610686966,743.4466848164067,1582.9957677433888,575.6727241396,429.2918087388556,26.354885299494438,166.70333187162385,139.0918877665737,0.046386348277505304,0.007112110868722386,1.9300822695682485,0.5018857715560575
218.97,24.84,4.26,72.89,56.59,1244.2753281990767,795.6285730721094,1490.0802095984843,944.3534689549228,62.33931030397471,13.953221045213994,149.72144671835105,102.86796452841384,0.06365747830723402,0.004581657948401342,1.6532701853866913,0.287465043189368
673.03,15.33,2.77,86.12,58.8,1037.3662029083598,4548.151733745355,1892.5563620070832,1054.1444210120355,1428.8305861379163,22.245093097365224,105.48278626322634,83.52771578286507,0.0722464434508567,0.002378287793028111,2.827441479557112,0.5599945229455923
190.35,24.41,2.32,55.52,54.85,1099.3007094613636,3230.0480520592405,2628.086568204571,1038.9474176048675,1052.0994213508845,20.827516941570796,145.1460465578954,99.82894169262204,0.06794255268478878,0.00334047907224299,2.070053136279836,0.5135376375950756
650.41,13.97,4.35,60.59,45.1,748.5683650316281,2885.721021917082,2123.997278487035,894.9184410150331,700.176351002152,32.767779836298274,100.82971071464846,96.15210709951104,0.06513127164406668,0.003379393828489012,3.0161282748795006,0.5559089505285125
429.19,13.54,3.49,73.82,46.34,940.0253374937124,4376.03197112689,2582.171147114843,983.909393600685,1254.249444293984,31.08834650790841,95.78329090772006,95.2604772778138,0.06518328995410272,0.0015459256618368823,4.41331830003259,0.5474909236306885
484.66,13.53,2.06,68.94,55.52,1636.3872855734137,6553.888172706364,2508.227842926663,1137.3403913531668,1209.9721260625804,17.78492068624384,94.21625766598423,82.40891895285826,0.07497572001887301,0.0019679850353697907,2.1909329767720886,0.559868004967493
485.8,15.04,4.55,90.67,50.86,731.2009787713741,2011.8100499986997,1981.1020847414454,955.6924852335627,445.4906631153538,30.240858214990535,103.10381214464043,93.0668427012012,0.06481619576631113,0.004185364495845259,2.108784996176001,0.5480223976640476
563.17,15.8,2.55,93.68,47.62,1148.1331561727761,4228.872562300087,2397.0162905623174,950.2269658803136,1205.996541034779,22.054706412016998,106.7689615353346,96.62079880464388,0.06276557768097756,0.0017338411180572995,2.389797032400332,0.5465209644555082
419.88,20.56,2.36,63.63,51.83,1048.853065192746,3260.1847188263564,2101.828317037476,935.1292402589803,1065.4986508996328,18.15969583807393,127.74271314281754,95.90151954270242,0.0661505141820145,0.002319209568723843,1.9104279014435597,0.4952244145295747
671.82,27.56,3.59,88.55,55.19,513.7514609165894,1461.7201335716022,1268.6061636456386,764.5383026379799,1064.6965730183356,22.594790694922224,165.36930316416016,106.35862547384245,0.058352697458868945,0.003103544942237597,3.4004269810940992,0.5273092284007531
266.58,20.79,3.79,95.8,40.22,707.7954754433463,1904.6069528163723,2211.5410322984317,763.2814849717647,806.2223407832774,30.231962811458786,130.79112019492294,124.98298189866713,0.05087004647848149,0.004411856604011929,3.1121266961262575,0.5650681372825382
414.43,13.12,4.15,54.11,40.97,874.9212614823956,2800.2883908919525,2470.633855552805,905.7132354175565,448.24702074662997,32.728224234634524,94.3936295203504,100.53873964897409,0.06288663769742672,0.003191614474805379,1.897546980136748,0.5507483707381085
626.86,16.73,4.05,81.83,40.78,710.5658656812041,2179.0921919762864,2027.1435439512418,789.2414784432691,814.2737801156436,30.210862248417722,114.74517235645006,111.0653577663167,0.05553796955741008,0.003155329202747727,3.24000153082642,0.547351183706766
311.72,18.4,4.37,61.24,47.83,1306.731743635887,934.6210703027947,1661.3699968815342,893.7857357519295,68.92130624332025,16.225160183665114,120.28270805617919,101.68013736968624,0.0636888481909684,0.004180507274900053,1.5461278438257273,0.3213723511189577
264.2,29.2,3.87,82.46,48.28,584.5651254823676,1203.5632447908702,1853.0108997692787,719.2948412090068,661.9423318819812,27.391486138142827,169.99997193054764,125.91433922902458,0.05198441979275949,0.005532874937778395,2.6789130732541167,0.5511829260811719
234.14,17.18,2.91,86.69,47.38,1012.4752326582669,3878.7214228914686,2734.707147461941,1016.7143490626618,1245.215041742064,27.189382393794048,111.39829715941408,101.57775558867009,0.06171625688935459,0.001411957613017677,3.530717892555194,0.5641221129643657
198.57,28.33,4.75,63.52,47.36,1261.7708087358237,645.6114379269306,1738.1132134813913,727.9340453570697,65.84756468521024,14.275102131509776,167.3138220638854,126.74162025581184,0.053880208009013705,0.006441348897740448,1.76522032583941,0.2843358610117073
243.13,13.75,4.04,53.53,54.78,856.609115609111,3737.373751996666,2468.174101758009,1150.2922360755674,766.0758130077795,32.875094390000186,96.424143139777,85.40169963565884,0.07704910463940395,0.003174416638702618,3.2463876430950234,0.5912799603572138
586.3,15.34,3.4,51.77,58.34,841.2961165852454,3897.3685444842645,1999.3786471976155,1041.6884394043109,1394.274409204381,27.342282374523993,105.65020315371945,79.76706775072935,0.08079160648849941,0.0027210094276564818,4.304812868439983,0.5991262714947303
443.34,20.65,2.75,59.37,55.93,872.0775861921176,2896.9753272835824,1886.243338963846,958.9147927609205,1127.0106187589843,20.568254446694024,129.64863301443188,90.62186091177102,0.07077654162729954,0.002706120832890598,2.673824749780515,0.5622192051987974
544.92,28.83,4.89,97.12,48.26,517.1022531599115,643.0191913419155,1419.9566258064224,642.9445967933975,293.79076691902435,24.14529342253741,174.48110520198006,126.00605346226769,0.05021106485238013,0.007295070150094892,1.4959780859604577,0.511154627242539
193.64,15.56,3.93,51.11,57.53,827.1932106014665,3470.1402135062203,2405.828407381105,1201.1424890043263,737.2222873287881,32.055246365594726,105.07086188955279,85.6774109602831,0.07918948091525818,0.0034640607476838507,3.03091348126611,0.6156662571136862
312.71,23.81,4.8,76.67,53.39,1130.9476571391256,624.9526573090225,1357.5186914908102,849.156844300117,63.752824086105214,13.184354089835798,145.34940842416373,104.73096727704466,0.061111960822830144,0.004868968565318697,1.674225351353053,0.3291470007793554
662.21,13.5,4.03,77.82,43.17,817.6249207728615,3336.6523239313665,2263.541059050275,894.034681890985,996.272933976297,32.08167290742203,97.34093484680969,99.65851148271499,0.06140567316440268,0.002101889326884102,3.9057182000041357,0.536582875564742
624.18,23.89,4.14,99.07,46.22,547.72574990926,1241.1464310500187,1567.1306265014553,713.1470269521724,665.734597395841,26.528596308407256,149.9610528105115,117.38865825569147,0.052783716483391085,0.004003551316183127,2.730434126002682,0.5762349870353758
103.1,16.66,4.62,59.18,55.84,1873.0378128422474,1046.4398654252818,2203.4214616095546,1322.124105372005,75.33633212008266,15.988645692741821,112.10742972230807,96.87063352417182,0.0715563240039958,0.0033199688182175397,1.8049894092988306,0.3294887114422085
299.16,28.78,2.26,71.27,45.75,1009.5553597794328,2054.4274959327527,2415.8318619928214,721.6180083726957,793.8440464321078,19.091056170626068,166.99428657487212,126.85394836791578,0.05192303795427768,0.0032131605762325834,1.9762158294312484,0.3783993352652415
477.62,15.67,3.1,73.61,45.4,939.7436018639161,3885.406474230262,2403.5909703353664,925.8427552441079,1289.5433631159112,26.913548997469032,105.16838270463468,98.94780614596277,0.06267235120004855,0.0016661828600764764,3.827956873706618,0.5533972953716605
319.76,28.9,4.56,93.2,58.22,528.6172774502536,879.3916305425528,1465.3913919972972,825.3989261006114,312.6456603065744,24.278289359546452,168.91055373906843,107.07196307803524,0.05891107490363939,0.00625530493754535,1.5757518985815806,0.5796550912140495
152.73,26.81,3.66,86.24,46.58,716.1817375934444,1739.0616738289302,2279.725940078152,821.4971158415112,873.0056786013438,30.703053434562182,159.42466762273483,127.58957938986477,0.05184802554866715,0.004535941265917128,3.0710041795981255,0.5956974716231754
301.91,18.8,2.44,68.57,55.92,1108.638107746749,3705.8959591143284,2426.9945730660284,1073.0224808969756,1009.8138599126469,20.70060286582142,118.52553557656019,90.00248585307037,0.06986186451772262,0.002707447042387945,2.0074623710162,0.5899793046270378
452.64,19.17,2.29,63.95,42.45,1160.5712194029732,3392.5197873943193,2526.2944347516936,838.1154804648596,1024.7922661559526,19.652063661527396,121.39469135290035,108.45990474735088,0.058264641875021325,0.0018160172623841817,2.073369381638531,0.5123055529958344
294.82,23.37,4.48,85.96,49.3,1234.9436654450476,727.7475692567712,1474.7824937237576,818.3628968125446,62.659855236179276,13.5595969788731,143.20696541138364,111.4080025391218,0.05717735789614901,0.004938175204975487,1.6954625308456175,0.30375739910240035
225.51,29.32,2.21,81.91,59.29,1018.09148204369,2628.9016553520996,2170.0701491435407,973.4361279475692,930.84182891054,17.381495692650432,168.33427915093594,104.63932467151965,0.061888630461265644,0.003126293205538491,1.9747028989055215,0.40663347099932035
255.34,12.69,2.92,87.84,51.66,1221.2262159424672,6235.822247743353,3160.9138309399723,1180.2588384768042,1510.307544085938,29.458943242743747,89.9120079124345,89.39190157391384,0.06918519562789732,0.0014625537029874518,4.104886442571878,0.5471149347399976
355.9,22.5,2.59,68.54,43.24,943.9581323014797,2471.362112894746,2366.094200900338,784.6405804943873,983.2586354336908,21.75116604832481,137.6866630056882,116.40921753374928,0.0550414119265696,0.0019056177526824345,2.2792434135941493,0.501916297533641
350.08,27.82,2.66,61.1,57.87,777.2100668109981,2035.3165436307256,1741.3959346220581,883.542194576843,959.7870634703763,18.4518494986781,162.68428530589304,99.44173174196244,0.06619727372375224,0.0033656129484059038,2.2844355928165174,0.44422537977206744
692.65,18.97,3.8,83.68,47.05,649.3679109162255,2244.4763500057616,1755.006011084476,820.307967980114,1053.1426113317616,27.780961303800577,124.84450862816824,103.56055263054367,0.05928660048445889,0.0020567715989170403,3.82206213997328,0.5635013951870975
450.53,13.14,4.2,99.03,53.86,816.8132896691861,3423.022000704716,2263.8182540287034,1049.5203167808731,831.7664032545422,32.50970844682858,94.66227958523464,88.37703836118857,0.06855958303917395,0.002364429682134551,3.5439806033515424,0.5440580503295094
469.68,18.01,4.47,89.0,40.42,774.830462675726,1162.118894445518,1937.4933392195637,763.0850606490865,165.82057900169298,26.95968535402606,119.28010613585217,115.46055864284963,0.0529977422281442,0.0051099870357935095,1.3880427965257198,0.5474398502133027
616.15,15.73,2.89,75.63,42.58,1009.6209173303254,3752.9536634591323,2442.7999348255184,869.3581350835817,1209.0562060344823,25.4439299861783,107.01469812044614,103.1953895030183,0.0596963826962048,0.0016373008685184095,3.137663023394791,0.546708066200002
109.88,19.57,2.11,92.39,42.82,1605.5885136520938,5189.506915134381,3957.614929167406,1090.1156315951512,1289.3668209832913,25.06602452743527,122.59947823355348,117.8229222582017,0.05509919565792759,0.0015788527973747172,2.5809743413288073,0.5750996259835125
277.91,14.24,3.91,84.84,41.54,853.4462483292626,3492.7830675374457,2549.32829962723,935.5273322168204,897.664012252542,33.07496845117554,98.59407115113844,106.34889408448555,0.05890965926818003,0.0033789181061960618,3.620239084248855,0.5430848898896051
324.03,10.06,4.83,77.64,47.31,1873.9981417340466,1376.5970240897068,2209.9360743312345,1072.6611693679688,80.13392178029702,19.240880741749514,79.62709122071368,92.13208147680034,0.06788747877503536,0.0024355228942607734,1.5649337113612516,0.3903028624582343
127.15,20.71,4.95,50.04,43.63,1580.6532161154867,805.1256282663362,2141.7189075260417,893.0878902204757,74.26167445427609,15.832435048403322,131.64177827975396,118.9468983926147,0.058856426175113406,0.004919030042736155,1.8032422271175816,0.3368272391713437
265.15,10.85,2.68,69.52,44.15,1509.5495399166684,8485.138497385848,3826.377078662947,1133.8887645587988,1649.0078240149694,30.05975099976858,80.87582683218073,93.7064383996817,0.06706828944192818,0.001475269505968111,3.7143800952610424,0.536144521632358
397.15,15.58,4.31,72.61,48.09,751.5680283878727,2050.8434558894396,2097.7618986710763,936.2062753320497,413.5972258005008,30.480706998836972,106.20156851073556,96.1985557101314,0.06375954616200451,0.005131108391398772,1.867074354147421,0.557049220060732
542.68,29.85,3.22,56.19,42.39,659.9803939756212,1091.163683678566,1934.733317819731,572.1924222838124,720.2352059811708,24.676050659893885,177.88401736047715,139.68593682172005,0.049139137173189976,0.003223991441912831,2.323520352195171,0.42245032108057556
265.08,23.38,4.01,79.31,59.27,602.6375479064701,1758.7974507942358,1760.1910894165994,984.2179832904374,624.7354202443067,27.176433584578476,141.87707067505278,96.6128353706486,0.06617253365230277,0.004493985218545723,2.7230139673006426,0.6115508044637681
692.3,13.72,4.67,70.73,50.35,958.8327081700259,1615.8895225413712,1781.4948644007302,945.8873182138274,113.08380978884122,25.860777564079076,99.12054415845975,90.4140880211255,0.0681867242631668,0.0033336694299789887,1.391516121074581,0.5087024617490941
417.9,14.2,4.43,73.57,45.92,1018.1792640520943,1512.3438543217062,2093.8448473128697,931.7777348364923,118.37648552580043,26.06018918859116,100.09299102047625,97.82802138932693,0.0634134490119164,0.0036406457408619747,1.3999447508317435,0.5473480339998599
372.26,10.86,3.35,93.57,50.84,1160.3073520540945,7149.444022360735,3080.3580484319264,1136.651709916714,1603.652008058198,32.740776573359405,81.89820697740166,87.68950149880254,0.069826691608839,0.0013210745548455976,5.221154855403531,0.5318241568088171
302.26,28.52,3.55,97.87,51.59,600.84613560279,1429.4268749047214,1785.263972357363,776.7312419114756,800.2950996575039,25.35127471574202,167.2580826802175,117.3058670173821,0.054315124359908575,0.0034862935986043754,2.993037105175408,0.5497273114125247
457.96,14.03,3.95,51.86,46.72,814.962395948695,3479.991764383506,2307.9671341548687,953.7812108831789,963.3994601830371,31.729768383509644,98.48712553601443,92.38431274129887,0.06960084353912749,0.0027554170406354035,3.8997083866257185,0.5718212884128882
545.13,10.93,4.61,73.97,56.52,910.424508689852,3229.0042968452394,2330.937803085628,1100.1675197282211,349.7623321683852,33.535294622156755,83.79606425969743,80.75520759407671,0.07469906281716178,0.005151007806981872,1.636013391094687,0.5401363142436937
225.01,12.03,2.61,82.63,41.33,1463.0934121467353,7305.510948878547,3786.488528862022,1084.0631907718719,1545.2500338234288,29.291347358002607,86.31517539969889,100.97217053584362,0.06196190953148183,0.0012752350566154302,3.388970576444821,0.5332741647366397
446.13,19.41,3.25,63.18,40.47,793.6820495903564,2422.959306901511,2188.5907744220167,770.3647689519339,1059.2481054999214,26.551487672433346,125.14158415189208,115.46387396357007,0.05530184782050547,0.0018711604830224625,3.334439738051507,0.5705738670744953
549.79,29.03,2.13,71.6,41.1,1058.613192130182,1613.9772697747956,2318.260494714268,594.3524513401909,690.0810365242297,17.140011865362,171.81312778148634,142.23719344797448,0.04640929102776999,0.002441203698814991,1.9548273701484693,0.2963542717222383
466.9,12.07,4.95,97.14,56.59,1145.8266566323387,1361.2962033509139,1962.2086923813117,1076.0029627644526,102.27069933560257,24.80618905719551,89.5126689423723,84.35672211162398,0.07072958158632729,0.005027865000402742,1.39633314632894,0.5130860562188286
454.81,11.22,3.75,99.96,41.5,1020.1566302692376,5291.40288578366,2881.3857712233184,970.8057960566089,1256.761213859295,34.21466853184532,84.44727801029018,99.77291976589466,0.06105821328335529,0.0016393343136356852,4.730709843503707,0.518916158701544
244.33,25.53,3.31,90.55,55.11,690.2205744803908,2018.1276744952881,1967.8472257147432,925.1007941733305,959.3163526373412,25.406672138880634,151.53904922632285,105.66038387889526,0.060225298975386365,0.0023401164275864026,3.333100338060222,0.6061937353355358
240.03,26.58,4.73,96.03,46.16,1249.8777660309497,649.9477577223038,1649.8991517826978,722.5772749022648,64.33339415473064,13.766035990055947,158.75779843000132,127.17030784314116,0.05096983400760682,0.00634085517122271,1.7705351347480252,0.28678311888267394
111.56,14.84,3.99,59.98,44.29,940.1754519740907,3619.4383465209557,2881.1793531471317,1138.1185072809576,874.9428965423737,36.6084419804859,103.17294439083436,107.336417857125,0.06260966560440592,0.003804922459422376,3.2500208446889234,0.5822227782881073
501.92,23.28,2.34,70.53,48.66,976.1907528608497,2541.6128983162557,1900.8157588360302,821.5882276559688,948.4835869866179,16.907775127350003,142.08885664349629,106.18947631249787,0.05928775250834413,0.002400327207810364,1.8087014103077994,0.41082371985061683
611.58,20.12,3.7,75.43,46.81,649.9334419159269,2065.5516014478353,1757.3953784696726,805.6259963193136,994.1571421422802,26.79161160485256,129.94617812566932,105.40017833066632,0.058972331472495365,0.002125042226505417,3.567447499718818,0.5728274421022582
335.77,26.27,3.16,79.72,59.19,664.2959177073227,1958.689769082205,1705.2144242887648,917.2563166012338,986.0575504347161,22.396942331001508,155.01354501430131,98.95079721640091,0.06423271347428959,0.0027942372886321084,3.170179623562912,0.5628644076771218
630.8,25.29,2.49,68.0,42.85,885.182952474013,1872.8566736919108,1911.3227405107434,681.2335448613331,859.8896541496795,18.34391859665408,155.1020372376744,123.62636236047456,0.05176982777674581,0.002495655175804854,1.7291792191748512,0.37570739769201555
194.71,16.58,4.14,56.58,59.23,1413.4063223723397,1227.294238835786,1891.6618604440616,1189.6616654002996,73.53609761017509,18.513338329815554,110.31738023646619,86.6658871546643,0.07735963249510658,0.0034586223762559654,1.4461520082499095,0.3219381569029764
679.86,18.28,2.6,91.13,45.71,1003.7346149522156,3227.2445715484364,2037.7860637399044,858.0546633113651,1106.0557359308843,20.586498706369493,118.9323300262107,103.1037234542096,0.05894193286979181,0.0019670391933011176,2.2497924417869317,0.5490198000934929
510.32,27.75,4.66,60.44,49.48,503.61508131753226,811.3797957832529,1425.7929973590376,686.3592534293408,354.21700620399,24.679969766801666,168.142995942286,115.59912044015975,0.057082856246058175,0.007186955759886839,1.7130936984466334,0.5467606363159134
317.26,28.99,2.75,77.28,47.56,790.6293964180287,1698.3601885861863,2103.84620952956,725.3295443234088,861.1869420487963,21.77132754530883,168.38855694664034,124.01981764922965,0.052488824285384324,0.0024600903284356422,2.285018364775003,0.44043900832614385
584.85,16.61,2.94,53.53,40.42,959.1241465637562,3368.584485057949,2386.6946869466365,826.8390501895623,1184.9048385689205,25.424101684247542,111.39848562064205,106.08875644355018,0.0600496258068217,0.0018920255254309206,3.153945231439447,0.5648041623591132
340.8,21.56,2.9,89.07,41.98,863.5410567415713,2386.174427949453,2353.19003114484,781.2531551645736,998.7921675817231,24.744745230279623,133.33298220758286,119.42126735294077,0.05273769300832193,0.001651397418623971,2.826002188871764,0.5680993977374704
288.21,14.0,4.26,83.65,53.51,1376.6476589991391,1374.4585591160017,1980.2479848348553,1087.9257254668307,79.6589332029657,20.620071316903534,97.62850705931824,90.43086858678653,0.06921294443082592,0.0031015283565614706,1.3820982840125982,0.3599088092502136
173.08,11.96,2.86,69.97,52.41,1357.15474114492,7525.063808535626,3596.48568540873,1315.529006251694,1645.9845589188387,31.25685848702809,86.61042541978478,88.47136894197664,0.07266975149736173,0.0016585527713467618,4.243929603506474,0.562273443146191
607.78,14.28,4.51,80.46,58.96,685.386247430771,3146.8743235670654,1874.2807435420948,1033.0329639830138,784.1208361917378,32.12932003885243,100.75929926898384,83.57768405193751,0.07325681283524467,0.0026262567641824213,3.390202461730468,0.562089620325408
327.72,11.42,2.32,80.0,55.06,1673.528860894043,8113.887711037129,3542.0697678466095,1242.8513726562903,1379.807283633171,24.763405798367963,83.59649481775526,82.55934306814771,0.07434114896055952,0.001961019838831696,2.429584730325772,0.5438360905431834
614.85,11.49,2.59,99.41,52.17,1435.4457284382752,7141.70356152664,2873.817605268202,1103.3912794827359,1501.6700764992859,25.186317021129266,86.20953163263522,85.46578690397465,0.07018272562295268,0.0016575077919709174,2.7556234196163847,0.5291014179721313
505.64,16.46,4.01,55.82,46.81,715.8552380014542,2515.477381279814,2037.1370170594716,887.02698810691,836.2060246657431,30.10431984158226,112.04525815215713,96.85997893489031,0.06597046303252675,0.0031901555958184615,3.4374700745416615,0.5787600381118525
374.52,11.88,2.84,87.12,54.39,1286.0713537806594,6866.858983882434,3077.1928798089994,1172.518187721649,1539.290583735235,28.34930515364397,86.37348666895583,84.65528463560918,0.0723910163727519,0.0014456822746349654,3.846127519421326,0.5426932728943241
197.29,12.23,2.37,59.63,51.62,1619.3567943375062,7979.527852269797,3862.6600514295683,1286.4228121533024,1513.7638420858464,26.784535085661528,87.47180113187214,86.98300262103446,0.0745895689841272,0.0018445798914687554,2.654211955875322,0.5697060821357824
543.65,22.93,3.64,70.59,55.28,589.6507286021701,1908.2699158111873,1532.829739477708,860.234150943895,1031.4412393036525,24.68004328996502,141.53837614085256,96.95195163407753,0.06493370379541821,0.002765828883420595,3.658669425162571,0.6016571573005955
455.72,12.96,2.97,87.6,45.75,1138.9071812252905,5532.017646887706,2866.1869761549615,1007.6194765823085,1445.5601078559762,28.44764261412217,91.95619884343321,94.93084327931113,0.06443200720615214,0.0013909609486068666,3.9807561380146868,0.5353970297435504
509.76,29.48,3.29,78.41,48.89,599.1609531916145,1284.2973442408645,1638.3045669717096,683.3323950716793,805.055112534167,22.701155021344345,172.40560365597742,121.43040644971623,0.05297348138978641,0.0028481537546959927,2.6817226861513,0.47026657509126657
354.86,27.11,4.76,90.7,44.14,1086.6897360990445,599.2753619019111,1517.6570828680603,642.381746337091,65.97676558704026,14.57463683375871,164.06038762413183,133.1937675053674,0.048719134823332726,0.006830497800154271,1.6431607811707711,0.29204932795508864
230.59,23.67,4.68,78.45,45.45,1332.1923063612687,709.5083607305627,1694.2445649373792,775.1279449304818,65.36257843262503,13.879572033433588,145.70608134465573,120.59483233411892,0.05398843725692031,0.005728986852074377,1.7763295518829303,0.3050628244348303
525.42,15.58,4.47,53.89,53.11,689.7821102459444,2297.475310757598,1885.4019643634824,963.2520772603731,551.0729078346764,30.183678387953833,106.18023761778709,86.97186973795525,0.073726691648964,0.00368304162932626,2.522554777650758,0.5874443467600077
230.17,24.41,2.03,71.97,58.94,1220.3764725491867,3423.386129018599,2306.505483207555,1068.312966862806,952.1399264647823,16.266809486699337,145.8815462433093,96.48517563252337,0.06713128202692856,0.002927311357132185,2.1585686052240334,0.41746369885485907
491.5,20.44,4.26,84.45,50.72,595.3675986111679,1599.8398719049296,1679.4289448308257,847.246133132585,616.0829605402016,27.625857524257537,131.10317508775972,101.87436612671713,0.06080704535645667,0.004080305097409387,2.707056703866547,0.5778451555404878
387.54,17.74,4.12,91.69,46.64,695.2870166243458,1936.9804765720048,1998.9099086569004,880.5422900724851,609.5481393185254,29.247025751708748,115.4110931848207,103.14745831238729,0.05919593235306907,0.003932289924177821,2.6456828708209708,0.5557586902434912
387.72,24.57,4.4,77.26,43.4,807.942126102517,811.8050962717425,1673.1397758321189,686.0099667773706,95.31675285537025,21.304146278893004,149.83429203820157,124.9494416361002,0.05132302886926668,0.006224688373641036,1.3188658918760643,0.43749084828501106
251.4,26.02,2.7,67.23,48.09,873.6482072188519,2175.748785941749,2330.310804879534,824.823299339486,950.6219278101669,22.7130349374827,153.32802332579251,115.02742962257317,0.05685226991044953,0.002218082160226418,2.4489694292796385,0.502576998764164
528.63,15.96,4.61,99.55,55.67,671.90694070218,1963.5069744797588,1790.4256609835124,976.1583427476805,502.7110958253401,29.610691339325516,108.36880015159059,89.96910276201744,0.06716722723592933,0.00320330779264976,2.3368742639381046,0.5574336244050562
214.37,26.71,3.26,86.5,54.16,708.9465824793049,1978.625529633402,2054.5699648507634,912.6840372764419,962.5581232659323,25.7772202849895,157.2183952587276,109.55606588615616,0.05884172046804377,0.0024299652968527924,3.2424066327621475,0.5883101710054823
256.71,29.92,4.42,93.0,55.63,990.0479675262161,661.0919007875206,1406.793216035385,804.8678075116161,64.62687490959708,14.980113094812099,173.90185064115894,114.2169888912411,0.05636676347045082,0.005361220138631186,1.5057691963402282,0.31139542363907213
525.95,14.71,4.91,81.18,56.61,720.5124409967218,1764.3590623461087,1837.674613595255,1001.0812294483435,338.08572516872914,29.841217839925662,103.91608759861842,86.60631534530403,0.0703107745540345,0.003427526981833015,1.666317921514538,0.5615182746638361
689.88,29.27,3.44,67.46,52.99,527.1355273531822,1302.9184028667041,1287.2413041860873,712.218668670667,960.343163961488,21.554826934250833,175.34184514421318,110.69506434356943,0.05801960821413813,0.0035943522478967685,2.9387351540124853,0.46962157777190544
400.64,25.89,3.2,67.87,53.04,656.3945619579632,1814.2392845499644,1720.3109581199285,824.993216138381,952.0978037473568,22.690494471366648,153.74196375271322,104.82572727776616,0.06140723518314511,0.002825008210738727,3.076353911085392,0.5438629244305124
673.73,22.37,3.0,92.83,52.28,723.010565299557,2298.31949860038,1534.9019083165624,837.9834637354284,1151.6346739360044,21.04066935114715,139.67909900777522,101.20930431505514,0.060224043609826465,0.0025292709270707168,2.8728974844355113,0.527602343358885
420.13,23.46,3.12,86.41,41.63,747.6593416889556,1867.3185781908614,2066.7931209313133,708.2938129790224,954.3205516043732,24.668046943025235,144.53503184181415,125.73968854073236,0.05041553170210364,0.0018888792145921097,2.8678819124265558,0.5244437908259386
658.24,27.86,2.06,70.97,55.84,957.5983171600211,2203.1578801749756,998.4751315656837,808.0785291174498,842.0798816724802,10.254748917434771,165.210443271884,102.01103948397504,0.06168367804104753,0.0035890568596175787,1.3929314881888137,0.2373107225685116
488.23,29.99,3.15,88.42,53.16,601.6306322930537,1418.2795097238438,1507.6690955844897,736.4869206925526,892.2860915585301,20.76242472137817,174.37116496882913,114.4237436636063,0.05535024962046974,0.002968628736235383,2.703662567932737,0.4540351752453626
578.42,24.77,3.63,96.97,54.1,561.2677603501646,1676.3218305949754,1456.298599166188,810.5601700788573,1006.419443215696,24.032594913083543,150.6495293983983,103.96876014092292,0.05920992003688078,0.002610232563475012,3.498474003847895,0.589214882126154
448.96,22.41,2.84,94.61,41.48,841.013212734896,2168.3689982814294,2189.853833038844,733.3357429008032,972.4576843437954,23.141894676246327,138.52625298321857,122.67972698022892,0.051064060842693416,0.0017644621486206018,2.585889997102902,0.5158332634547059
675.04,29.79,2.63,66.18,44.98,771.6059070421114,1344.3453380771236,1780.7199649396716,619.6250882154933,747.9420824220479,18.729829506896312,176.44963597843866,130.52392961267185,0.05028218656390456,0.0030575957323167,1.7519396314196953,0.3466873945077766
563.56,14.8,3.81,83.18,52.52,781.9779465456835,3553.6665759022826,2086.646021550553,986.256454508432,1197.8623802177385,30.231218441786364,102.7381730681034,90.07218715071669,0.06788557898358222,0.0017931308766541924,4.458409772520077,0.5547484717228162
306.92,13.02,3.58,65.36,58.77,949.5576971781611,5137.920253296832,2579.9408825715145,1193.2296087791963,1329.768397246798,31.64945972296506,92.35326799734904,81.65242837126067,0.07798102761622766,0.0018982624568225606,4.837257253724452,0.5745162038224485
670.26,28.78,4.73,54.43,53.12,429.6889807325709,857.0909493660208,1226.0013532898224,694.8943054238379,412.4493597052958,24.98931601409484,176.33151126327186,108.31829197206166,0.061498442629240084,0.006096415232887343,1.9047808508001147,0.5693881955070124
506.78,19.21,2.75,94.28,50.59,911.7753050265176,3145.529146290829,2022.8611298439741,914.2418228668465,1162.0439227647325,21.582685468233628,121.8588024446711,98.50660217936637,0.06201406038944963,0.0019497794175554908,2.776589020127519,0.5650383497086925
187.68,22.7,4.25,57.46,51.11,1379.0462384990255,877.9325762345449,1708.4685421705487,933.6008308642231,65.40383507703338,14.911717441353304,139.7499974682486,105.7620122875057,0.06389075944043526,0.0049206837350841085,1.6711633703587068,0.2910817279559345
