l_rdl,w_rdl,t_rdl,h_tsv,p_rdl,R1,R2,R3,L1,L2,L3,Cox,Csi,Rsi,rmse,scale_max,scale_min
332.81,24.15,3.74,75.89,49.14,616.6987567673161,1644.08940192086,1833.5343663032515,809.5882298206762,783.9725212959371,26.676210365854434,145.9201896179715,110.68027996649005,0.05778359393360927,0.003896137518256784,3.11479398086357,0.5969600677305253
400.65,15.01,4.9,74.27,41.05,1510.8982623323054,878.7021175370058,1785.6815600098735,838.0412148033663,72.27213900351586,15.490687108057111,104.9040072573078,108.65563666503813,0.05798927680760198,0.003943242484406832,1.6917658230827366,0.365785787004592
655.4,22.91,4.83,82.58,52.73,916.966872070963,688.3945811470211,1027.579182229,789.4146793502662,63.64450887155352,14.522225705190506,143.65139079258222,102.82890706996385,0.06039100706560905,0.00462993171537574,1.494231283777539,0.3049645908334679
477.76,15.85,2.33,95.61,50.18,1266.0430427964618,4770.31235076824,2466.9084971497145,1008.7778758344577,1206.61866577661,20.105570424668418,105.22361553599738,93.29184985839242,0.0650601987500592,0.001700569517553689,2.0294239139421357,0.5498755169405449
307.42,26.47,4.23,79.47,41.59,588.8706267078227,1048.6053554354176,1928.389058648718,638.8756569592044,491.4277062926699,29.40493652199765,158.60127219094633,137.2733287472699,0.047893873164023215,0.007510940897189458,2.1179316746385473,0.5604226582459053
151.68,25.53,2.92,78.63,51.49,892.9382253379836,2597.241443374646,2535.9630168872486,981.2819453497781,1132.1166103657786,26.680913178337335,151.62301299008993,112.91410368503004,0.0582942681445921,0.002278911714684099,3.093831838773763,0.5828183605336229
403.9,20.1,3.74,86.11,58.86,642.6986083606653,2434.2480036861502,1733.4975471514801,984.8922628086619,1053.7762568772403,26.653846299945062,126.46857348072464,91.35304431405417,0.06789132956161158,0.0022492802127008216,4.015125438869938,0.5879650126162744
291.84,15.7,4.28,76.53,52.63,1353.7991057539457,1165.6096723024723,1782.6476954471111,1031.5113794386832,73.63355588911007,18.26727561144499,106.26555223318205,93.15416343481796,0.0677827984917356,0.003413461184654985,1.4339498708013845,0.33310420244540323
590.67,20.41,3.72,51.77,46.14,644.3462473511416,2002.6590532654002,1780.9172808509463,794.7126096845624,941.8143866509597,26.774113865801986,130.07568585352215,103.04726641257675,0.06310147000440416,0.002594136587205709,3.4935321410208973,0.5978027602671899
216.98,22.36,2.45,98.51,54.42,1047.0502137011513,3331.9776755185408,2508.2024980998067,1040.0229265304363,1098.2116533414453,21.535058648812885,135.6397455311993,101.31337444639537,0.06211073607733735,0.0021380224165625066,2.31592746973924,0.5604732271523436
125.96,10.1,4.21,63.95,59.58,1355.8229360767505,3535.877875089326,3147.0747601254175,1523.074384645909,176.3883837319457,33.335007729921145,79.97065473447648,84.02711823415521,0.07971860032473703,0.0024550912490599827,1.6147830762681705,0.5790376573014202
623.66,26.91,2.48,93.51,59.02,780.5036973579307,2126.6692002698323,1152.4494793147885,852.2663888165498,1011.7128724039621,14.356203013481103,159.66122794747355,98.98356132128345,0.0618683096656193,0.0032237472993512377,1.6021572400457544,0.3503652423916419
289.03,26.82,3.14,58.84,48.35,711.7240209770953,1739.229199450917,2019.6338515737646,775.4837075254768,911.1669794542848,24.426671616695856,159.7327565762646,115.60923488626473,0.05780371317855862,0.0029769829002066124,2.8857721461482218,0.5216078098954983
397.13,22.02,3.82,82.07,42.22,647.2713614767492,1626.4663192874457,1951.3829088747436,735.1498378726833,762.8886117496704,27.950291924552115,136.64986459943773,120.61291558521712,0.05251213404723055,0.00404827167232972,3.01707587735893,0.5727622759791335
147.12,15.7,3.21,50.58,57.17,1026.9844230772792,4721.831521926767,2885.03272597608,1319.2753269953644,1316.7938893127614,31.085506564844806,105.1977775149383,87.25339453595663,0.07905791586057588,0.003252834061931359,4.10781100479094,0.6212326310283652
154.17,28.14,3.28,95.03,56.61,747.07371379475,2107.8892372931045,2216.6339878180547,996.5083545639953,1022.1212339645206,27.553967990504844,164.495869207241,111.41642588950651,0.058590542917571736,0.0027209654488876103,3.3099571709906446,0.5938093760320381
683.56,22.1,4.55,78.53,44.62,533.5369395003313,1236.0499538660235,1553.967388716709,713.8480352816214,469.4814552400582,27.7461600090053,141.33569210551306,115.06148694056962,0.05442801026234684,0.005815990105327022,2.1006912330840386,0.5760440638300526
460.31,17.78,3.08,60.17,48.93,865.661795809285,3182.048001319803,2167.705455187607,922.1352496111484,1183.0191738753501,25.25799848142744,116.3434059119811,95.7629953507423,0.06627699562204244,0.0021415250788548636,3.4719316523039594,0.5816050491513358
359.58,16.92,4.34,82.72,55.38,695.5223334492985,2002.7623725461885,1930.1841314247924,1005.6638943278509,477.974594113777,29.35129174994572,111.59646714760399,90.7757693630937,0.06751394029770658,0.004089021865104771,2.2145438905994985,0.5696682099273537
443.54,22.08,3.8,71.6,51.74,606.8013839483791,1855.6422181799219,1703.0481685399118,850.6803271170081,874.5653586963817,26.323738129628463,137.4744970618811,101.4403362309641,0.06235599816537839,0.0029708545440999385,3.416546175273109,0.5946011598758096
698.5,26.8,3.98,79.98,55.49,469.5989626293655,1379.7356240689937,1241.3827062212079,770.5742109380593,1003.0641427919821,24.286091161969654,160.47895440365144,103.67247421849775,0.0602421565679459,0.0030857191635973303,3.667189938907556,0.5877078404748259
388.17,29.38,4.41,58.68,57.74,488.96689497463296,998.0730044233261,1399.886838788093,791.9804266706277,366.53146522659284,24.31911669967107,172.2920343489521,103.18902776945856,0.06489445662567364,0.006499590384534958,1.7592232241487098,0.5794272329396735
155.51,27.71,4.39,76.22,43.99,659.6323948010042,1134.839874150369,2130.8444681659353,719.5536810495765,402.9417269987769,31.701249287515175,164.723283587251,137.88693299399003,0.049107802113034636,0.008278190053078761,1.671018374739028,0.5729685793510894
628.28,12.77,2.02,93.98,52.46,1745.9737236766769,6772.393571488342,2308.3625208026997,1094.5457928120477,1180.142135451126,16.94785874580126,91.95432589909063,85.78696485561521,0.06986537680411356,0.001884244820226453,2.045883119942311,0.5357195394740947
545.7,17.66,2.27,53.6,48.59,1199.3942351098203,3966.2903623315174,2197.125461192238,935.3687854424195,1095.5590306751558,17.992991942801225,114.35821349613643,93.04665812378425,0.06853493595104848,0.0023556090332757878,1.9645812928291428,0.5169319551704187
520.85,20.32,2.74,73.13,55.28,871.2401029892709,2948.4313241032605,1798.650283151246,942.7463503194188,1142.5933085393328,20.197790991855975,127.22043184637208,92.45547409549121,0.06720484737650603,0.002423901136855297,2.617493378270981,0.5583162266383519
597.89,26.65,3.21,84.31,56.9,597.9204205130727,1729.829640154116,1335.8525845248728,816.8207297172556,1080.6033109076047,20.604558778060156,159.29392637060113,101.64955351531482,0.06111733436345027,0.0030897698730040783,3.010884960046559,0.4969860594271382
408.7,18.42,3.54,88.69,59.17,717.567973563228,2983.9409925639916,1874.4335539957935,1022.7767590505234,1211.0284128771632,26.730588071124195,118.57846822019536,88.99064687200355,0.06933901504773958,0.002135350978665641,4.290671276517312,0.5802674872778077
517.11,21.08,3.06,73.76,59.34,744.4341396402676,2656.353152983537,1620.4316986638087,961.4035380268041,1209.533649524262,21.83004573674902,131.556167242909,89.50414461893531,0.06957053694083017,0.0027029398086787226,3.242308980475219,0.5970952113466261
232.51,20.16,3.53,86.29,57.34,739.2184684381617,2700.3666876862458,2108.4831178983263,1066.99100940426,1023.4313992635487,28.002255819713174,126.49233460907848,95.06912468914285,0.06662286657204655,0.0025849330260412948,3.7988732421756115,0.5937813313983222
564.61,12.64,2.95,79.12,43.84,1165.2785611846189,5525.03808787519,2853.59820789029,970.4389929244144,1435.8731859752443,28.29829119470319,91.47817298752061,96.20687755726743,0.06361637485000984,0.0014457197046123778,3.7696494993676692,0.5330754968296663
411.09,17.43,3.63,65.98,44.22,761.8369652878089,2673.9941876285166,2173.528610748751,862.1836671442329,1011.9166641853959,29.03377190109393,115.28355285743723,104.63085586054275,0.06043937186435562,0.002569245271599303,3.7415362334581834,0.568002533540771
537.4,22.16,2.88,77.51,48.1,790.9177165245742,2343.0998645414043,1868.987211376919,813.4345745490734,1042.843811937904,21.491084112365705,136.54186509026223,106.23134771072753,0.058751914836706345,0.002201811191208166,2.7633016238797965,0.5375074112798376
171.48,13.06,2.75,77.41,56.68,1329.9280992897234,6815.281809712831,3424.4136725465164,1360.972537219644,1562.5944793907272,29.375379754727266,92.02828556357,86.55405009704012,0.07392910027897677,0.0017409295905967941,3.787675611902452,0.5699151536491407
388.67,26.48,4.14,96.11,47.12,559.5437809998338,1083.304603185622,1685.1938429071283,711.3123549402065,539.3432565597158,26.346730297942976,158.09948556008686,121.60690363599207,0.05203760971830095,0.005478959053938449,2.363220783059491,0.5723993808008084
107.96,20.32,2.04,69.86,46.87,1639.772298589258,5275.966679490039,3894.813366339397,1174.3543745392499,1260.3646789391025,23.922842308330637,126.46301005264625,111.15506462466819,0.059945195397449115,0.0021864086546285696,2.6364225035829505,0.5720445962004916
473.25,27.46,4.73,71.65,44.09,565.2632710818816,656.4210318380722,1605.194986989791,619.8939586045254,310.3093724289699,25.4220250599754,166.01447237555792,130.631336381987,0.04945002225529892,0.007099200107283886,1.5095221576717857,0.5081816450119374
449.37,11.06,4.43,95.46,40.4,1267.9005576706104,2020.5433521628208,2504.207571268336,935.4996942730174,116.68613235674313,28.083867146898758,85.42205264838033,102.80888708051934,0.059985974182157654,0.0030624214281267876,1.5060600667772406,0.5204717548256528
349.47,29.89,3.08,94.08,42.16,728.8455919401594,1258.6945411174815,2186.145081958706,595.461668589443,768.3174996698832,25.608043180984602,175.49496113211913,146.70551641353046,0.04487745912713284,0.002280734823013888,2.3540983867562595,0.4338031380532644
503.19,23.05,4.56,62.54,49.0,552.7124957111997,1105.575676799875,1541.38654512936,766.9819942427201,415.94102719692245,26.16944662948188,144.58088931214482,106.82743031489652,0.060154006565157354,0.00574681306353886,1.9569947342109404,0.60242114476697
195.08,18.91,4.63,79.98,44.2,1531.2828093948422,856.1870830982667,1899.2090076881705,884.3039330269926,69.11210044812965,14.96313573334481,122.32102987342137,113.57720717376048,0.0567170407464434,0.00469142819239893,1.7623288315217431,0.3287818099645592
641.56,13.25,4.66,84.55,51.12,1139.3763138021554,1389.8219598678158,1744.9717867280071,971.1400788700153,89.7379896282646,22.919327626944238,96.13600020908092,90.23989022450084,0.06765950171728036,0.0031740574253478504,1.4095021765561169,0.412005395474349
133.52,15.35,3.66,65.14,51.97,940.2049949971304,4078.6315767266574,2791.463868147786,1241.2834162865497,1129.0974763929755,33.93584908191258,104.37529288008412,96.1660236655018,0.06894245312000581,0.0027658800693086284,4.048348307357125,0.589987359986553
340.3,14.76,4.16,99.99,41.39,1089.8950961636988,1727.0520387480713,2226.809925860016,888.1645988117428,110.54581708889438,25.58039631997613,101.77808386913239,108.22233044831016,0.05737152428882463,0.00420810847466599,1.4423850968838074,0.4782890955902706
638.38,16.31,2.3,85.36,42.18,1266.0071032724193,4096.5742555152,2487.9385232684867,872.4646112099138,1082.6218246766998,19.930803463152827,108.98573512778502,104.7175462107608,0.05826699907909038,0.001679411718785401,2.0185100778397,0.5419397033907984
485.28,29.08,3.68,62.92,56.4,513.5950974646014,1324.405276412671,1388.215679113221,776.9343447925511,860.8881891718993,22.978761357388294,171.25298618566976,104.31858350619459,0.06278138135176073,0.0037307965509787307,3.1632354599352106,0.5352961351512376
531.17,13.98,3.85,59.34,50.11,816.9025263681232,3809.071180966609,2232.545904202352,986.5252381082911,1130.4343784018895,31.15201846906709,98.07339162743625,88.91042619038627,0.07090110181420838,0.0019847661861056762,4.376010240027719,0.5657298230295349
464.92,27.77,2.11,56.26,58.38,966.6836170716281,2344.2819556964455,1398.8083133404546,872.315167364669,872.3322633616053,12.183006983618816,162.52529680587364,96.10071575554092,0.06851875473223983,0.00392583393271858,1.6954415813812072,0.2961528541254738
411.23,17.75,4.68,65.89,46.72,1021.3345062105986,900.569557027443,1682.5235869488058,858.4029463565402,84.58138978016909,19.98772397703861,116.25065692864148,101.32916715951292,0.06168953987326089,0.004304152352157879,1.3376021191231946,0.4203301793886849
380.75,10.48,4.0,60.55,45.45,1023.6864449211826,5423.857926611431,2913.9918241461737,1051.2589982407835,1038.5841769237975,35.56016637135924,80.86468345617735,90.9595854539886,0.06883363922837839,0.0022160580064503,4.2186191540981435,0.5390976529890465
143.59,18.65,3.68,58.93,59.4,822.1070909965889,3123.537464255008,2441.3698864022103,1260.2931256077295,950.8892048733896,31.64283075971025,120.21721159771543,91.42791144544412,0.07449889185405648,0.003249882658365807,3.5437863548492428,0.6266666045399503
514.95,18.19,4.33,95.76,46.85,652.532508130085,1704.9324703153038,1840.6331329822594,840.1526237288687,566.2536951030576,28.89364095619329,120.1857683920997,104.28503354180079,0.058682700795252,0.003940121427514243,2.5307529217478946,0.558109406633241
672.4,29.22,2.71,84.81,51.37,700.2339074729488,1560.4427004843815,1392.061931611476,714.3810679364635,886.1010798525562,17.33054190296277,172.77535795343283,115.1488692161357,0.054414633812548956,0.0031091076481843225,1.9343467440775646,0.3664231396577414
435.06,18.82,3.95,81.17,46.61,673.7850002921174,2047.3569951350134,1951.4884962030037,847.9382989793695,778.7114882201568,28.797581950314402,122.45381191851796,105.03211700378493,0.059302583522432055,0.0035305025997012535,3.202276773076926,0.5679021012467806
673.35,11.23,4.94,61.1,55.35,1246.4709186724194,1487.7014490416145,1790.9977512980045,1049.757349600114,91.71387501325768,23.711231482995817,86.75743850714534,81.21440345106743,0.07701188478006037,0.0025790756610570764,1.3912051924622861,0.4233054839406929
546.64,29.64,3.95,82.56,46.38,521.7697502826477,950.250107012377,1583.9420508873084,623.3083948727597,628.7689917361674,25.52509699215548,175.7116601369604,130.4919228708767,0.04953495633248682,0.004988136186363314,2.545097771311628,0.499674395629323
437.84,28.03,4.92,61.94,54.92,919.3208841326832,628.4898272765948,1106.1123134163513,755.5594389380249,62.95572750535666,12.63313071263079,167.2892247514761,106.33816435182413,0.06186945633152801,0.006794367281243597,1.6046882394970667,0.30290853372069987
319.23,14.56,2.16,54.13,45.65,1520.7320305610974,5946.533240613624,3247.9626101598237,1042.515157138524,1202.1352005689034,21.64224777640494,98.4770659713282,93.94929566936166,0.06845690422787933,0.002367584434825233,2.4614635038596364,0.5696785165079216
516.64,15.76,4.48,55.6,59.9,667.4739628342255,2410.3936943771414,1804.9583635519477,1027.2637434204348,611.8977450022243,30.280476440101587,107.8433890656814,80.9680999393386,0.07941308979941619,0.003272019424307081,2.7569888004508716,0.5997183040455553
591.18,27.14,2.17,82.52,52.35,941.5243815326965,2157.4820826602718,1380.7845273455966,786.4891246099306,864.3288288836511,12.779803392060735,161.13915855410426,108.08743949513638,0.0576653030170516,0.0029407691622203355,1.624823347242083,0.2927861679605527
581.9,28.77,4.29,70.57,46.62,499.5715714917146,869.1191398702041,1487.4762271618106,630.5015981609259,531.6665348532159,25.51267111596394,173.70497266545826,126.38895729682181,0.05161834717189162,0.006101313719651987,2.292042261751913,0.5165146032540792
607.99,18.7,2.17,84.22,51.73,1201.16454850694,3676.3923696826078,1788.6800926995747,939.4390016605992,1019.9658485542534,15.396436188227739,120.56475619236662,94.62627752824689,0.06431247254745304,0.002242572921744901,1.7943598514860133,0.42713154651963975
108.1,24.09,2.43,70.85,44.25,1272.1337883597412,3652.713893085159,3449.935848244946,975.5524424167452,1270.7049184147477,27.32024842697659,144.88695736643606,125.54734689611374,0.05377826549914671,0.0023234766259250784,2.3017015660059634,0.5476999537318601
588.78,12.54,3.76,92.89,45.25,912.9793936819044,4507.127532483493,2489.8952288623027,961.5001550068301,1255.483896831621,32.37235130502918,91.43478212605405,95.85833121151276,0.0633871747689713,0.0015541448655599244,4.629679004675026,0.5298363833560112
351.51,27.31,2.25,61.07,45.13,1014.4915767043087,2065.9742281382737,2363.0823896536413,726.3995597182757,815.5669745095122,18.313863372029914,159.7862401812238,121.77351003906247,0.054107285617136895,0.0023970059224121456,2.003248909811645,0.3801907229597025
361.05,22.51,3.33,79.46,54.36,686.115934127135,2267.6341265827305,1828.252900730541,913.583945952852,1057.1803046602388,24.541950562419938,137.39133903350478,99.2613092610288,0.06339832796783608,0.0023298490078563013,3.588775876377586,0.5953023475423448
649.74,16.27,3.2,85.46,52.64,854.5584820234404,3633.473446399167,1964.4673886134203,961.8565708260294,1385.5938055480417,25.65316264071139,109.77977011425527,91.08281119177222,0.0666494211445787,0.0020705016279965404,3.8673989065003935,0.557574000946801
251.61,22.72,3.01,84.95,53.99,807.6625653845664,2568.2465692545065,2159.149372493433,971.3829560342914,1074.2480847198108,24.489172997412425,138.2711018002916,101.74146174140402,0.06227263498675834,0.0021123898680760022,3.244965342032339,0.5967475399126093
513.28,26.68,2.77,91.98,56.31,718.9241831503513,1959.0331516696672,1470.0924306168617,835.5713588452262,1008.6909848343051,18.030079238553625,158.444115205677,102.92441100707887,0.06016393846696416,0.0028235061586693415,2.336701663780918,0.4368853273445
100.12,15.24,2.47,55.44,41.37,1543.5291702605803,6246.806771570869,4116.367560368316,1194.071000634552,1531.9325899726612,30.269200035163767,102.53130701996007,110.33566128622232,0.06125861169190945,0.0020939698459834046,2.7696701040466647,0.5811108331678427
231.39,18.02,2.27,53.36,56.52,1273.946062254085,4701.591401912476,2788.2467825700187,1166.186505926601,1194.544323546256,20.857565886979696,114.86422420066039,87.14597046797888,0.07632628365977324,0.002837203017048184,2.207143326645898,0.615198463421264
528.7,21.75,2.13,71.48,46.05,1129.8054578571375,2990.1963366618997,2005.912586187662,821.7449316600608,954.1664419077584,15.570685670552312,134.26620234899926,107.46823362661063,0.0582459708717577,0.002187168993791994,1.962477795384501,0.38779831230804046
482.19,16.56,2.28,91.67,41.29,1284.394535505635,4184.223563585805,2766.2344838282324,876.7031290327138,1103.027688504984,20.809659735591282,109.2605455982823,107.59441705734791,0.056996684534728476,0.0014589567735061972,2.1606372465178882,0.5424006868233605
637.07,15.4,3.37,60.6,58.02,832.7476271514481,4126.927550483071,1928.9357951534678,1031.8527412074159,1549.9876900480078,26.946419102566608,104.9403384361704,81.69653603236613,0.07676214837192237,0.002456780893845623,4.593205886763578,0.5817012225605519
664.82,13.51,4.19,74.04,58.64,747.267533050859,3982.82731349649,1984.938157065584,1046.8222352157525,1285.261744028113,32.39088181589307,97.43542357271656,81.91261511045748,0.07493914988278505,0.002093392331079748,4.989792566460333,0.5612428457638048
132.03,15.18,4.37,98.44,49.82,1753.852733656787,1201.1553667803096,2185.790966077914,1172.1421766004269,75.47723746720278,18.01306073851596,103.9050036433698,101.52690646790732,0.06319559546181357,0.003574945535782846,1.6291456947098386,0.3259206825688594
383.08,17.83,2.51,78.01,53.76,1086.4645180949017,3917.744508851983,2331.084907230421,1024.5019936125502,1178.9602504043614,21.028642086616994,114.99949550868773,91.81472165938924,0.06756950819281678,0.0018983811260423532,2.413945629933193,0.5748420915913449
519.15,16.2,2.65,79.93,54.22,1067.7177439126658,4235.541625898814,2190.5771292606873,1021.9198884996192,1276.4694302068656,21.905641521988397,107.88061770226922,88.65654324814712,0.06907407893350628,0.001992546763583694,2.6942862699507746,0.5637266223819826
657.74,14.21,4.68,76.91,53.91,992.3404082030348,1419.5309133115002,1641.8783586411967,975.3260326981364,96.180445758115,23.696543293812958,100.70433419061483,87.9528810330044,0.06984771594560453,0.003195710625656697,1.3771396691873408,0.4358111111440408
641.09,18.41,4.38,98.12,44.05,635.059280518434,1596.139856018309,1782.588982023555,787.0938066321027,576.1244310198994,28.777201576629686,121.64761787994445,109.15023006170891,0.05601290167962387,0.004016135971782182,2.5318143721171285,0.552637867989705
555.39,10.06,2.94,99.27,57.69,1392.1865424404177,8646.333951576195,3075.6865017105583,1198.3660093977667,1762.2079514242128,29.542085696890325,79.08845419324892,79.8096958912957,0.07532794500202786,0.0015822799493137394,4.097274515731092,0.5282999102433718
668.72,18.59,2.28,95.79,40.81,1174.554479904546,3249.5007995379706,2259.53279722472,796.3522108743744,1000.8327013363524,18.565464509325057,121.7638785703017,113.03480032207688,0.05402524849650346,0.0017877457627923172,1.9277650651591558,0.46010527382525024
114.72,10.25,3.47,86.65,58.89,1306.7394818617015,8722.071215597674,3689.1314494274698,1605.841252060986,1732.9358850057436,37.223936543377135,79.89799351147357,86.27569503593959,0.07539588219173446,0.0015806738917647808,5.484451672540078,0.5617393162372185
364.31,10.64,3.88,86.4,41.13,1043.77347525063,5791.672700561399,3004.820176919199,999.956881859757,1034.8145501930398,35.597106609640605,81.56194960211383,99.85853943284044,0.06200791053559124,0.0021946015794023304,4.050984708014908,0.5222750343931809
549.51,28.12,2.63,70.3,53.6,749.2364560227188,1783.294741714445,1536.956583632919,776.5225358371644,889.4624661457894,17.139156713129584,164.9684538131907,106.75305956529284,0.05974718707035084,0.003127168908257636,1.9854384357533132,0.3948910744256208
494.12,23.58,2.62,99.83,51.16,839.9226040715938,2408.8941166244026,1799.77218915163,840.6250937401641,1017.4592490821851,18.82005834303589,141.93343870369034,105.14490560786166,0.05846642558514538,0.0021838128288394825,2.2846647132318205,0.47651403330940434
169.52,28.06,2.42,85.56,54.72,1022.7303054292194,2726.3666475592013,2571.729265886271,978.4972426287208,1050.7750924836378,21.83791027691184,163.40599319385336,111.72142907790113,0.0584625232684953,0.002649384301318106,2.1239557493717975,0.47674439885089165
284.2,23.2,2.49,56.43,42.12,1005.9299810305491,2531.610074970496,2577.3325771119094,775.7804769312302,940.174803737648,22.178816356709316,141.4703095152141,119.94603576922839,0.05527844225852203,0.0028890017969008946,2.040940766369925,0.4863486297074087
402.18,24.32,3.7,96.08,45.99,613.5004929947712,1539.7716470794664,1811.4491460267361,743.9755225233599,808.6958016819235,26.352994102019906,148.07224131084035,118.63128531247729,0.0530400025825841,0.00363678327862236,3.08250054158775,0.5816892238665047
253.25,18.32,2.83,52.15,53.97,980.1374320706078,3740.4200684253756,2499.9622099625517,1073.6148406244845,1025.2165623216688,24.92683013648547,117.0673210174266,90.27352597913566,0.07370289982555492,0.004478980447712206,2.7696073115801054,0.6130964626720803
317.34,29.16,4.27,72.88,54.66,523.2874099365748,1034.8432380792906,1564.5479329402647,782.0749285324184,437.28499251813645,25.520187519781356,170.66491165415385,111.27857570739286,0.05869539278088938,0.006470149314399742,2.0311211609670687,0.5773701607536023
353.75,20.88,3.9,82.87,51.19,637.6297400830529,1956.6543032476027,1853.6088738584806,890.6137616339665,769.5694298744875,27.620411178598438,129.9279237884627,101.95406059906281,0.0614895614242333,0.0037283277350531885,3.2141224018719625,0.5828147285223559
573.62,29.08,2.03,64.12,57.56,955.5908084644109,2207.3134168223605,1040.3845503171399,820.8171145526911,846.1210981480638,10.034553408584225,170.260452324838,100.48096670601566,0.06397966056064179,0.0039011269296064114,1.455914621085389,0.23233521560471276
514.16,10.26,2.65,70.19,53.39,1543.699218665099,8762.848449031757,3284.896330352985,1172.6244807313428,1645.5007402203937,27.457359311729252,79.52386725576305,81.29722185729938,0.07564290461343907,0.0016082990902295958,3.19665423816994,0.5383084818162887
469.78,16.15,4.82,60.06,53.19,707.4036101669765,1568.3967315259736,1809.5365988626559,950.1554870977951,289.5388298839499,28.353328926758408,109.68237146621412,89.32886900922708,0.07053129623977744,0.00433026233410702,1.4563428205849072,0.5817783247137743
513.83,20.59,4.67,89.74,52.09,584.3442425696521,1232.4774281049172,1565.5999383962305,844.6978963221366,390.9576876316954,26.727208356521214,131.82497266850646,100.73947083207155,0.0610585529880163,0.004737410814059744,1.887749614989598,0.5771378727245653
310.21,21.69,3.56,68.5,43.5,703.7536456910585,1972.3285434638713,2102.58648678398,789.0918802348579,895.9138498608019,27.94461935152856,134.54443470189125,116.0452204858068,0.05555750091052826,0.003259085488600998,3.2971468072227514,0.5843317872708922
462.58,22.47,2.06,55.61,59.02,1133.9219120142448,3185.9253876390576,1536.881739635944,978.5991919811852,945.9895037993997,12.763655828509446,138.1386964467055,87.87587359951242,0.07382790838060818,0.003357846583806897,1.7656625004286162,0.343588951803019
223.91,24.26,2.76,84.47,58.69,870.1245306230956,2529.1718273475176,2183.2467081811083,1043.1322156462536,949.7336378631345,22.42842176999585,144.4210862683585,98.11145024812652,0.0645045737494631,0.0026284286535609397,2.4818082143951594,0.5689977739955919
293.94,13.48,3.2,97.99,47.07,1051.8458549022619,5117.170080831529,2867.3890396301026,1055.8109908573472,1406.3464154485052,30.444058818219286,94.28840354576099,96.17560151000171,0.06413966205980372,0.001319217600147815,4.462310362643187,0.5418651358753004
273.04,29.93,4.8,74.01,41.92,1081.878721355659,613.794167735844,1802.5118689401565,561.2770008687397,74.3109282399562,17.67513770546652,176.94719565669624,151.15824033364322,0.04520448879673196,0.009746382628460563,1.5537104389877787,0.29746271005839603
582.79,20.9,4.86,61.72,58.15,983.8484695404022,727.4792809418396,1028.0059993296793,888.3232860146919,64.4254065613951,14.446796335625626,133.82017275350753,90.12021581626003,0.07085935794147227,0.0038756219494875247,1.519565373916936,0.31345902911474677
698.57,22.03,4.1,93.51,40.32,594.0531373725019,1317.0191813950917,1725.5066345030068,665.6271953254629,690.4529613893093,27.674874123799615,141.26710434639978,126.51964537879228,0.049374102535317564,0.004240396253449918,2.7278819164137915,0.5628712016881814
262.97,25.44,4.95,73.98,55.22,1190.8887013744807,590.1283215385239,1380.8179432411189,861.1498572886961,61.86886704493845,11.892984585436338,153.05141528548447,105.65449863115755,0.061679042017271375,0.004431654435722559,1.8094404707009866,0.289557543950187
577.59,26.31,3.43,53.27,44.32,616.5011853962728,1359.725868620105,1734.1507851847261,664.4958225141373,820.6997580927479,24.384813817075475,160.13499181473614,120.74601913402206,0.055294199443253825,0.00310520880126783,2.7959065915546177,0.5008538063149931
156.34,26.16,2.08,82.45,40.81,1362.4345952536144,3011.5227984892254,3369.8153846218593,775.081494685632,982.856665193598,22.318007400733972,154.2419000091015,138.0382510035212,0.04800148417738343,0.0019595245196260573,2.3359655160214072,0.4176260202530248
474.88,12.61,2.52,60.17,59.74,1381.3725219873043,6441.454302430914,2709.5494112022143,1185.0481579967222,1384.2650622171789,23.446007304640023,90.50306084302059,77.25641465657364,0.08154349036002066,0.002108961747549687,2.5098349840290477,0.5725962937972667
114.58,11.83,3.23,93.32,54.78,1280.1339501289674,7337.50768405409,3607.6126804161718,1492.1933663172579,1675.4220827041738,35.30320140302467,87.22236029204349,91.12332872474636,0.0707729398164913,0.0015087826911110887,4.93507741457572,0.561535580763993
543.12,28.08,2.71,95.86,43.37,783.0508421632126,1492.5732679998869,1974.129161450613,639.5057116689583,785.8933361529698,20.628313524983557,165.79336720779975,133.07782220662287,0.047934078669464635,0.0022324440222260718,2.0056974518185506,0.39800736542044
282.17,20.36,3.92,90.01,50.45,672.1162830075729,1945.890519213693,1984.2689664346017,920.1689218628436,708.7984559304371,28.513869955337146,127.19791471011533,103.12612599618946,0.06042278833502512,0.0038954798451693493,2.982103416519346,0.5773249381427641
533.27,18.08,2.84,96.31,47.02,922.0456817483496,3271.4055456166016,2137.113174065916,888.1799063323933,1202.2618725796317,23.095283091150407,117.22293006374537,101.73886065399677,0.05996569963485121,0.0017988411941158766,3.006826837084925,0.5551127518219342
176.74,11.15,2.55,66.41,48.78,1620.684345969432,8813.418475633925,4106.578818162,1293.4656825628483,1642.4462282441852,30.005059017043994,82.44998883320474,90.2110241024874,0.07121079067636175,0.0015488089360579716,3.3303476223558075,0.5538851445765798
209.05,13.27,4.53,95.2,55.79,1766.992379076555,1161.5612791422027,1958.242002920537,1187.7304050672474,73.24100429697825,16.432276850656667,94.5257703481232,89.81823223921457,0.07000484607413902,0.0028944786674925263,1.6688005441750409,0.34729771392037234
437.79,29.78,2.54,99.24,48.14,815.4115103272305,1606.006048193321,1916.9705633064757,695.5016642425288,800.3804808994399,18.726249369991308,174.44063136577591,125.58154322133737,0.050482997909706534,0.0024586155241559026,1.8271120228195528,0.3742334509711732
575.56,28.14,2.98,86.73,47.87,670.4679426518062,1468.9864393361754,1629.114080962721,690.4709165368408,869.1797239374446,20.59795812795387,168.13598721109867,121.23907533537611,0.05207907985765755,0.0026838462277314944,2.384055663208451,0.42595156940348566
481.56,29.93,3.82,75.07,51.02,516.0286416998442,1087.0965827655639,1506.057946966272,691.5720757341778,709.8883828724714,24.42845018502582,177.8435224593984,119.05677072674277,0.05428496759901756,0.003948619676979796,2.7742284280343994,0.5129256851214812
236.63,11.93,4.14,74.89,48.72,1167.5866312096173,2694.5861192660113,2651.288343298505,1116.534018500809,153.3305670635215,29.90036435855851,87.81419025262815,92.93815273915173,0.0680833378120936,0.0031081558194417888,1.5240650404463172,0.5501412765829333
127.55,16.09,2.53,85.91,56.11,1354.5555875498999,5738.2536693940065,3477.768327110029,1394.181349075365,1438.093291859733,27.697821400053922,106.55586374888915,93.28113745653634,0.06930538241631767,0.0018260565538548794,2.9708047826371278,0.5842156722025855
574.4,18.05,4.89,67.47,40.52,685.7774691767457,1067.6111504157477,1821.7233352132914,740.3857917519807,293.94514860042875,27.866233673462556,121.44299039067738,113.64186730985145,0.054427125909521396,0.00544308505071435,1.4494121793162302,0.5569405330212673
367.87,12.97,4.3,55.53,45.51,1128.2478467772942,1846.2430404255301,2295.1384374909817,972.8741847164799,118.96537573326353,26.897581633197444,94.56479381922009,94.74714905455268,0.06781783636934566,0.004252300382120055,1.4085650696604362,0.527950606800517
487.65,26.91,2.03,98.96,45.8,1082.3058759827231,2190.171067664472,1933.5870009574808,722.5017023091635,799.67713418492,14.257918441338667,159.92513772577368,122.42839558627755,0.0511991021996057,0.002274996311369989,1.9467986578257426,0.3005085835890918
475.05,28.67,3.32,66.29,42.03,652.5804010183714,1164.6918503221962,1943.3823101840271,593.893964682784,749.1986268109032,25.410949529642522,171.58346966530326,139.6274235355416,0.04783641859799379,0.00281690798202049,2.488167034349743,0.4503651511405696
179.02,13.64,4.48,75.64,59.29,1783.413832982824,1172.837051105709,1979.606158753148,1271.3167295062494,73.31754829289201,16.464672632102836,96.53237544494792,86.81651601667001,0.07440462207462267,0.0028816455459420133,1.6738194842154799,0.34104828575798224
336.32,28.33,3.61,98.36,40.29,652.0063135258613,1122.7739590718188,2106.160929197566,582.0549203158057,722.3736911165961,28.794651697721708,168.68618089919664,150.10113226588496,0.04386171369137762,0.004503803235789783,2.593865641503345,0.4853546385794423
416.73,25.05,4.48,66.72,54.55,528.8002379677638,1117.3103061848428,1482.4908144098601,816.7032237421228,407.7525555887185,25.39679066460093,152.93950310124626,102.46976405459483,0.06289777524914723,0.005804220004887407,1.9387584617996656,0.6171437846767726
367.62,18.96,3.54,77.63,51.59,726.6967715246335,2679.479120040071,2019.6276691506337,942.3505297540141,1052.7787327194708,27.395573522722103,120.85893903489166,97.32013162731997,0.06434864031199355,0.002180656359023034,3.8881391049198903,0.5785282136560141
126.58,20.83,4.0,92.5,58.38,1446.234967709448,1191.9259383568005,1999.746190571277,1221.2517171218763,72.78005162918659,18.60293751646435,130.65983963656697,100.0298697318665,0.06525943189768375,0.0042012847087021885,1.490036841929721,0.291516607912768
397.35,22.43,2.04,75.78,56.9,1166.3436728528795,3343.176318418686,1771.6373243792548,979.5455214311376,960.7677825064262,13.784107426846735,136.3272305077152,93.8519736839794,0.06663625973075328,0.002496211350226937,1.9093802900654377,0.3748322338392717
684.9,14.79,4.15,84.28,44.85,731.3504810273475,2908.7604597985346,2052.770022156398,875.1055079519874,957.0420251228983,31.93171798608464,105.7956342851244,100.06734293327332,0.06099540047473868,0.0026308481685336136,3.8089188006802916,0.5439495993175301
665.28,14.39,3.72,64.83,40.15,832.5312656651066,3435.667064953827,2298.1297402719456,847.5719787642296,1152.1865268555816,30.817346271095975,100.52789197277697,104.69129585852883,0.059417801626873296,0.001898566476030156,4.173118039070145,0.5421574945832935
311.89,10.28,2.86,70.63,40.92,1463.0617544500067,8100.896484326845,3813.880422875262,1069.30437341089,1494.423678665508,31.71522934068874,78.56730677820616,96.99432182055365,0.06407550843157216,0.001569193843694132,3.7555278261433394,0.5245091544263173
553.26,27.4,2.23,64.48,47.2,948.8333476652471,1947.2459661166565,1823.1940675742408,719.024921707923,793.2280264273209,15.414993357176913,161.73922637204424,116.47671541864473,0.0554736045818586,0.002847361038435694,1.8021093336275869,0.330946649272367
295.49,18.43,2.01,88.72,48.78,1415.658914025515,4582.52166016893,2759.271352799937,1009.067705778011,974.5005508716628,17.952405114238907,116.26868348011999,99.70373203770843,0.062341182172407424,0.0028163053040611142,2.3931969310868544,0.5192148678847047
213.08,29.67,4.48,64.58,59.45,1208.3688177949355,682.8812013893504,1385.250029701657,891.8102078215206,59.47792771537079,12.091191003539693,173.0704937073101,105.73758239356114,0.06393881736152701,0.005681663072250461,1.789832709736351,0.2751615512275683
468.27,23.97,2.26,94.17,49.99,996.060987022095,2592.104230304599,1876.6894191191975,834.6010149082853,939.3199503640823,16.0635974267187,144.56313485962067,107.23372759697439,0.05761800746958195,0.002196880064351896,1.845361297712281,0.39508312469669404
358.16,12.25,2.14,73.01,46.82,1735.2526163042155,7445.659969693976,3576.5199692901547,1106.4352587071826,1311.4183123530672,22.726338276246707,87.87839113560847,90.91163903029872,0.0679573915506261,0.0014093041111382448,2.6033786594554083,0.5408461296506405
587.95,10.81,2.19,93.38,59.2,1814.8645157157262,8747.147327109295,2698.617137228073,1219.7367071466294,1411.2221343738884,20.411725282542314,82.08549365566921,78.19157099521719,0.07670928868076742,0.0018424916257179975,2.130951285696451,0.5334788335984775
260.17,12.15,3.59,79.47,52.04,1019.7351740110828,5593.325394628969,2868.471616117727,1163.0643031289617,1334.5979342792496,33.31945308573573,88.3048308517334,88.90728131838719,0.07047669384003392,0.001756407428758815,4.878386845197484,0.5511678692568959
588.07,18.36,4.06,79.21,47.86,645.7847662175104,2076.6634663367377,1801.8092105810993,847.5461602946082,826.7011628870894,28.619196308926572,120.63619054161472,101.26776257239503,0.061019783472789205,0.0029624478674745852,3.3587724146943265,0.5658490060455856
266.13,18.31,4.91,97.1,43.03,1468.6501722256612,768.6125356593533,1797.5931878670567,830.8403062676576,68.32324714955296,14.07701324479838,119.17757957803053,114.22503502324045,0.055246738103929,0.00445627921669046,1.7960300874556827,0.35192486900337017
534.35,28.07,3.9,86.46,54.77,494.9916310997098,1252.8817792365624,1358.9683883648343,759.7752519658359,820.3479849383123,23.903005994551954,167.47607787275234,108.86148188736627,0.05778384861148292,0.0029534088586261158,3.1388640346061645,0.5541234615574383
445.34,28.25,3.54,51.04,57.2,550.343576497376,1455.3313709391296,1474.7388098076347,813.4653240010389,865.1754423907511,22.843519203261387,166.19149018280817,98.48509815727205,0.06885674586252372,0.004325455100472116,3.1366150543582885,0.5457052554686899
611.47,13.39,3.97,86.08,54.4,809.0548393474098,4010.391641806755,2150.0867662275755,1026.1075325838344,1223.8816300773547,31.772081811155864,96.34111574872665,86.43895451291843,0.07026512258919919,0.0017427946016386727,4.656902191860693,0.5482515642995331
659.49,15.48,3.57,82.24,42.71,815.5809358526725,3227.625408787916,2188.715357878478,854.6180278853576,1185.802500134617,29.328534060895056,106.9161432511775,103.94505569725888,0.058989825292302386,0.0016420202033443352,4.056719327035034,0.5431518904001348
516.69,15.31,3.57,53.62,42.94,835.1753913751365,3323.7245885464,2300.794032040861,878.5471990442496,1138.0362590219652,29.829779797094407,105.33398940895121,100.0837134834282,0.06378894094705302,0.001890891587914735,4.030704607812783,0.5663536603475522
530.79,12.35,4.34,78.11,41.87,907.31836488599,2538.8202855964623,2418.107809359888,912.049903868178,299.28814162105584,32.36094144015485,91.02324993125379,99.96820943332743,0.060682578761928244,0.0040559959043917175,1.479922890835318,0.5272161928716659
226.06,11.8,2.4,92.41,40.77,1627.6612413588196,7938.3439274949615,4033.9899747586833,1092.7994559109093,1533.992737345791,27.798158497492636,85.02337781838881,101.49059069434163,0.061267740315565054,0.0011889976141127735,2.762827613177795,0.5279931444593826
551.38,15.3,3.15,58.05,49.87,929.8120672720632,3964.788140596284,2259.197541402385,969.8247842241605,1318.5743583457931,26.735404846516865,104.72734110026748,90.05779434136042,0.07005416680197087,0.002105835015505862,3.827046300414246,0.5724748334651115
621.5,15.69,4.56,56.86,43.53,702.3827517971351,1851.561286694128,1948.332499788153,833.2809172105383,514.8507544593341,30.701305096626367,110.4032021092985,101.20544077328077,0.062253457353635425,0.003994604419928145,2.322492008429913,0.5650684716128824
168.43,24.0,3.02,51.26,46.58,874.7456108989172,2457.7789786014096,2545.0598309763895,893.6967396655018,1072.5731037321134,27.578296875003165,145.03792107279435,114.20698773311344,0.06044283488749558,0.003124754814384251,3.099306586387264,0.5948555070400299
552.19,12.93,3.44,64.59,46.06,971.2424531107239,4804.235895342455,2551.0074886877496,976.3170715031956,1375.8320642025885,30.725431535696735,93.29574415625491,92.82783186068782,0.06701016987982365,0.0016692018033465366,4.566709995856387,0.5476215513803476
309.88,12.38,2.48,74.46,47.11,1466.3657732091276,7145.026234575932,3451.9395212884797,1113.8744416708316,1407.3832751523266,26.23632229140163,88.34835556670672,91.94718168131199,0.06783583975014676,0.0021959648729416286,2.750432650877847,0.5442106800981305
659.29,21.18,3.84,68.17,47.02,602.3609906615683,1813.0641443280779,1643.1239529311706,780.2288720241776,928.9356432791602,26.532064003049033,135.01931658319836,106.04598348936868,0.05923630936707877,0.0023196707184245245,3.4558090246137416,0.58204659642924
240.71,13.66,2.56,83.15,59.46,1331.687016936955,6514.149161034113,3099.403592490658,1293.0111223810727,1482.762409904611,25.650091151219797,94.49351589195425,83.5223429019026,0.07508348923597884,0.0019466659427476224,3.103060870909015,0.5672148948835806
529.25,17.9,2.94,99.17,52.36,881.9347860939263,3405.2328906266102,2005.0903065553366,951.9944906114703,1267.7924204292874,23.29862532293065,115.97826250331168,94.53323366168001,0.0642206918020146,0.0019442142012988117,3.319616714383233,0.5606932717879712
385.25,13.22,3.48,89.37,43.75,968.7207144332882,4579.195863405251,2708.1387472516903,971.1655467155562,1286.039771837322,31.670868754459192,93.93586313759981,99.55015865503712,0.061879537375710905,0.001644279234614521,4.512328997721606,0.5363277275187747
688.6,10.93,3.67,91.03,47.36,1028.7388373460092,6131.996603010409,2674.248784247958,1018.870079464935,1552.0582600936466,33.33173374628662,84.18167215567516,90.45153002221913,0.06682182052784738,0.0015500024627769782,5.263002963577135,0.5233660624211182
374.99,28.32,3.71,50.84,53.86,550.3110800280026,1346.4122267156622,1593.9751947146299,782.916575836073,761.0587771077078,24.452924937200983,166.92903709401205,104.98102859285638,0.06516273998953338,0.0041063050648237325,2.9747464769043024,0.5568981267860391
634.33,15.51,2.71,98.76,42.99,1086.0200766187916,4100.417473651998,2474.526167995401,888.5659021934988,1240.045175194696,23.93258144069665,105.1535230627084,102.9638466797325,0.05893143726363524,0.00157319883267736,2.829667710979109,0.5370913589282287
687.54,12.89,3.98,70.64,58.94,807.7499653037397,4805.997830414158,2045.896075061246,1069.8961062382145,1651.8694046011449,32.09200504417211,94.81214792183297,80.20988388393761,0.07662425093165903,0.002173218071457828,5.790793739442853,0.5606477329921356
211.21,12.68,2.27,89.49,46.41,1650.765227377481,7567.532643176915,3898.384611950842,1178.792410825936,1436.4575628040052,25.744276546067674,89.30037461923193,95.32400095013787,0.06543554392205429,0.0013500350616855172,2.582230091212447,0.542191971065135
340.65,23.59,3.67,78.25,58.15,609.679202384055,1926.9043731073327,1700.9855859508225,934.7666003639022,905.9252876160407,25.62233336173681,143.54123503939178,96.80012043076066,0.06546514658442357,0.0027155043193440452,3.4946137551061773,0.6081109166819687
315.38,17.57,3.1,56.14,44.5,902.9985482840274,3306.6987438789856,2449.7450310416,909.1182117294607,1200.5864574246762,27.007718389478875,114.65737247254903,102.87489042716105,0.0629738772890454,0.0020135246819102254,3.640137184363821,0.5814527946220294
333.73,18.8,2.65,81.57,51.25,1004.1200577163628,3524.256549362745,2387.9322657666817,980.3114069628487,1182.6912819923975,22.54932756420202,119.74557341950772,97.20490497014357,0.06406064159866737,0.001747472569896177,2.789824759985014,0.5750697331723829
162.33,15.96,4.27,94.29,59.1,1630.011734130936,1155.0036892933535,1928.7636107133387,1250.1603540369142,71.67674709198627,16.908931642636198,107.68673223854756,91.34598390618201,0.0699157673258044,0.0033549417586570276,1.6107572062962445,0.3179441203119873
448.7,16.47,3.02,89.14,42.42,944.6688887881728,3551.239185470148,2462.4972238337837,875.0256928085,1221.5367268077032,26.517106089038084,109.25387252569266,106.53733412600414,0.05787282748058011,0.001503921295339093,3.524138683792255,0.5464637724051468
540.88,27.72,4.57,99.98,52.28,482.8989339490449,876.8107369118271,1343.1757127422952,721.7420371545422,436.55014346608283,24.549367995081248,166.53988151788698,113.93337173537934,0.05479026366507518,0.005620351693072839,2.0414032893852294,0.5675946206461747
436.95,24.01,2.54,93.28,44.48,908.6388039181544,2196.7684715271366,2156.1983674889043,755.9646334387318,908.6001958254327,20.157367623496715,145.74235864440038,118.72286406248942,0.05269288033474514,0.0019159931744383953,2.042129560449276,0.45463892192598043
458.76,20.61,4.39,75.31,54.25,584.6734080783386,1534.7057307748448,1625.138576134813,887.3142213038863,520.2009517787965,27.237058879307547,130.49034154078882,96.5387449504638,0.06487045094810134,0.004414604005606132,2.3952214885642715,0.5898881742049085
413.61,26.67,3.49,56.35,45.91,619.5147045476477,1412.7592495854176,1819.9657981807763,701.5325773158729,804.8257921337948,25.26374624508884,159.10979517953098,119.01077263228126,0.056065111728400695,0.0031575186047281697,2.906474249704477,0.5323853017443648
336.67,17.04,2.89,66.87,52.57,970.946683975788,3889.5782089459576,2404.0214417526636,1031.6706896885455,1281.786297283324,24.96811793898246,111.2197260171555,91.66753882694091,0.06900456134999665,0.001933957483509193,3.4816532056636786,0.5804084147500832
280.08,17.09,3.4,56.21,44.84,849.1973928540909,3214.6470211135475,2437.866148066972,931.4439705802492,1127.842362618645,29.32428745616724,111.84105991052182,102.13985874454352,0.0636043585840448,0.002169092598245228,3.9395046685215442,0.5807774487274837
230.54,21.94,4.04,96.53,50.06,1152.9861060889464,1056.8525971541628,1747.1176774028127,907.0661109176184,70.8140444504793,18.152747755203965,135.4347024132047,108.43540418124338,0.05842724862873207,0.005089190813076216,1.385691315050778,0.3060070950263633
505.11,28.15,3.98,99.63,57.31,482.0772152910079,1272.1986647554945,1322.1677578045849,793.1148829464579,809.0358884062915,23.88997957241267,166.03485641212777,105.7904115468138,0.05878575720633793,0.0028338838049699086,3.2077174937906334,0.5779520312651873
329.32,16.89,3.27,74.75,52.04,859.2187830851165,3571.763984928173,2305.5703456769284,1017.2023580822654,1235.0442526530528,27.57651656040029,110.52229308332441,93.48066143271993,0.06711572459987308,0.0018515165143202321,4.098623097087804,0.5731610444154305
667.03,11.47,2.11,94.43,51.02,1807.1063345173786,7848.6848829940955,2693.1644212269325,1106.3059641967016,1305.5330776636654,19.48643774228647,85.65223610068662,85.54295186583023,0.07000077224726155,0.001753182979736412,2.174909499803956,0.5268728065028839
224.07,24.68,3.61,68.94,43.75,695.5080268264501,1678.3897405748996,2184.886118523789,761.7798406635096,829.6299554176976,29.16677032548957,149.2996967379444,124.79255683655367,0.05284744855946236,0.004084500991412468,3.045447495593177,0.5995844441287144
468.27,24.01,4.65,56.99,48.26,558.6888114979577,976.3876179182745,1550.9752395840485,744.5525665216933,338.20678196657497,25.51916582965584,147.81685421133932,109.1296789377071,0.059943182758020935,0.006457974196216842,1.6539831119467525,0.6045327186619663
125.51,25.84,2.29,99.91,40.46,1308.3829156965955,3102.5063400246377,3501.094714345698,802.774200289743,1113.3268671207682,25.886262555236122,153.41937670277733,141.52107864771924,0.046777294451077936,0.0017824853905540645,2.177807613382584,0.4665460213469298
590.95,16.17,2.28,50.36,49.48,1267.7056411437795,4483.40241111226,2249.3140011411283,972.7805152960917,1131.7935392727277,18.503150303122215,107.36473354163701,88.62435960272774,0.0721917384345205,0.002414363131944206,1.9658256425935483,0.5585521240509516
100.5,27.7,4.94,74.83,47.91,1533.950453078075,760.5410457537514,2202.3341461503433,862.2180590986353,77.1461214862595,16.71245335687943,166.24902017919123,133.13213311161027,0.0521725682768835,0.005923050752906827,1.7918171167636672,0.3011809040293274
308.73,12.11,3.27,69.61,55.83,1102.5891806240609,6224.479676808156,2904.6894290261503,1195.6368114723846,1515.5007710033005,31.24744681141105,87.76526056297124,83.30767538607276,0.07558536012359376,0.001638161733736765,4.865252600403156,0.5603059764342453
300.5,17.84,2.76,63.73,44.63,1022.3795081575319,3556.641660179811,2662.5676232400697,925.4941164585708,1163.214186007036,25.182003228887545,114.69075570130093,103.6499912057505,0.061495868556117134,0.0016405899279939037,3.0313879488854165,0.5730830052337721
499.79,20.76,2.29,86.74,53.22,1054.4331595862316,3249.7552384543355,1841.3758923483729,931.6932617392733,1042.1694869886835,16.395493003892454,128.36256117770978,96.36763625334216,0.06363316582786652,0.002208847250031088,1.8142177126148855,0.45125952092493843
567.93,17.38,3.49,59.46,48.69,760.2562875276975,2899.9447492283275,1980.9639142892345,896.3110091047057,1157.2147242530327,27.32036637817149,115.60861814004582,95.3031008953114,0.06632226450725472,0.0022267461841176646,3.9184021602487165,0.5788827925313755
562.19,23.52,3.03,80.84,48.73,717.1741621020117,2037.039774121371,1724.6834765993851,789.5725212188246,1017.538503972416,21.787615060919997,143.61464013338653,108.20858368801187,0.05763238860895279,0.002362508233514218,2.8656539561868044,0.5248005190659427
344.1,10.55,3.22,70.01,40.9,1257.6401034522614,7264.642932971996,3421.5692319995765,1032.640465046056,1592.2965372339465,33.35557106633613,80.56084146326693,97.96099212418511,0.0636946012422093,0.0011829668126071935,4.875413073379141,0.527261820882194
281.11,25.61,2.72,72.35,55.65,830.3480253982157,2302.514157170203,2050.578578771549,925.6789596960429,988.5486035699411,21.069971366923852,151.4447205022789,101.9461898947594,0.06313413526330063,0.0024591586759244257,2.5637069447130765,0.5165570115268339
461.82,15.14,3.2,67.96,43.12,940.4785263491805,3920.0207048987295,2503.5335855930093,909.1166724917966,1266.4219986755443,28.315988336077343,102.58959409568034,101.21949340869229,0.06170861300710997,0.0016007882659733136,3.981359486632692,0.5513217773511505
204.89,27.74,2.21,62.81,55.94,1077.1455589743268,2841.6763674387744,2436.58089339904,974.0240848432916,973.1424160170393,18.71181464545198,160.85359325472604,104.62056023087868,0.06401069758847222,0.003360937952585152,2.0729119132946576,0.43540866075953394
448.16,29.74,2.35,66.24,49.13,879.55901506562,1746.874138370613,1900.327848752885,716.3010625493881,786.2205682117497,16.80623354611527,172.11958426865817,118.67029466588785,0.05507733199456985,0.0029960468709057863,1.7828045915540554,0.3485774175597565
601.03,21.49,4.12,56.59,44.53,586.4935985812348,1498.5871941855141,1689.7812713553906,742.3112070964124,695.1199963674876,27.319398750708036,136.2919176496709,110.11716174894488,0.058632220744460145,0.004301079550314452,2.8765234325044897,0.5922029009056863
379.58,28.99,3.08,70.01,46.64,685.0740823810261,1435.475388633968,1918.9555106857576,685.1460136143942,824.5207192951908,23.24350932713853,169.59097423689815,125.36778193519669,0.052420117271945336,0.0027220791927068545,2.561729725167738,0.46252456207266196
302.82,19.26,3.88,95.37,51.43,687.7610149731952,2260.273868734747,2003.1377993270435,948.2920452948609,801.4692529793529,28.671245596641405,122.05010788743014,100.16715566355015,0.06203360718777664,0.003481014274516928,3.328603685678526,0.5731733441592367
591.4,25.48,2.13,56.49,54.47,988.3875506651556,2479.43821736838,1324.1977639722234,843.7129040453154,878.7859567263048,12.345358504117508,152.39479096198517,97.30479740971765,0.06649829841405287,0.003556250492255805,1.5997126891805902,0.3027880685846007
478.81,27.21,2.82,90.23,53.72,712.3134667047365,1846.2751858783975,1596.5903076080035,802.733958841062,957.623473898965,19.10119797942326,160.15663352292617,107.71128459411779,0.05793657592846453,0.002662945110341761,2.430946380564854,0.44899978235771304
112.28,25.17,4.08,93.33,47.09,742.0395904753358,1774.0424744161173,2386.929649685735,919.7351532862718,643.7581966394079,33.85754305427665,152.49837338179617,126.36948376936647,0.052666785422591816,0.0062155317521939025,2.406930800009685,0.6055258449829974
476.93,22.61,2.79,51.17,41.3,858.5908799646334,2081.5442211491854,2202.7485758971457,720.7062495088519,928.427371951521,22.759150809159348,141.42074891271204,118.50949534515753,0.0557147287653901,0.0024809810565227307,2.3901098881567275,0.493513444788883
141.67,28.5,2.83,97.8,48.65,922.436798351217,2333.659523049408,2663.6370606867977,873.7744958520911,1095.7356658327308,26.95358639518776,165.94806412706055,126.51158873191089,0.05193533141501683,0.002023110575478156,2.765608374648734,0.5200286048841473
357.54,18.27,2.34,64.48,45.79,1178.2453444845416,3856.7011304711314,2640.799441973716,929.2272507602127,1115.4975319636887,20.651434178302807,116.02342413886028,101.22359990125595,0.06238191261276523,0.0017200605584868785,2.1073297897889267,0.5727424102138717
487.57,21.66,4.93,96.22,58.5,560.9169544927638,1059.1218578681403,1412.760765286997,893.8026132459922,295.9341217139078,25.202076197109694,135.6799436744301,95.0665032881483,0.06446118130847804,0.00479038968504102,1.519360533150363,0.587176082658154
117.2,28.49,4.26,96.18,58.53,1512.2694097234025,860.0396081779868,1838.7236026127578,1058.6154576994666,67.16817679268749,14.643518882471191,167.90939504166002,113.46064822791384,0.05880994445867744,0.004999931120051259,1.7814344573083576,0.2764594275712408
419.56,15.5,2.11,84.38,41.08,1473.6566005898387,5075.612840591198,3038.647603294771,921.8326913831281,1154.2590332304308,20.08370971005593,103.36277331880788,105.20603721393893,0.058509188138503906,0.0013753341891603787,2.4231963504992695,0.5405712397698913
549.68,25.27,4.58,69.24,41.66,568.8812295488857,814.7997744667765,1656.2079251735654,621.5692771955526,391.2137745079062,26.45629591323211,155.69305168897674,130.85077632553111,0.0494575209585119,0.006694872742645081,1.8079316843745805,0.5365136023959033
415.92,21.48,3.87,91.71,45.0,635.6407469671956,1711.9768071515964,1869.9270498157382,778.6301763264299,776.5991917269363,27.625495472016482,135.4295995757834,114.05515722275285,0.05478164646180483,0.003844365094642543,3.100402573338175,0.5718734240158747
227.93,20.2,2.68,95.86,50.13,1000.8916673028513,3435.8720929821134,2586.0826275794807,1004.0225058592326,1123.0068899121259,24.27332795361322,125.280603345109,103.19316270155093,0.06084195253434878,0.0022149550610263188,2.8222794526377273,0.5773827397758594
205.45,21.88,2.53,97.65,50.36,1042.4166147474139,3280.151983511378,2641.8280012312985,994.7942825654117,1114.454070280402,23.112703531850915,133.6576760034108,106.40436948309538,0.059348840370834384,0.0019586136227941766,2.499822518563779,0.5823976800551748
116.85,13.34,4.03,96.49,42.33,981.862682877355,4163.076026017597,2991.1292849333036,1131.1195578926847,901.1450037886312,37.234666977890775,94.95603733316226,109.15962554663187,0.058887987188222336,0.003541934046805559,3.3983019912660035,0.5493196254008992
353.74,19.17,3.04,93.83,43.21,866.9860290546384,2836.482473830452,2362.9657461075008,844.5637115603012,1098.8300371879645,26.008796401118,121.66363559768097,111.62212810349565,0.055776445306433976,0.0015789514833813747,3.3169136217738133,0.559314625522164
392.01,11.23,3.88,60.39,55.67,978.1074145186473,5671.276184528047,2688.9939774120407,1150.538712466672,1209.6107706051805,34.08505552019903,84.71674687949965,81.12493647242322,0.07824344228317531,0.0018146527105036,4.728906758641155,0.5627569590046885
440.91,14.93,2.43,64.42,53.54,1269.6090937373774,5115.174035704872,2577.908614367389,1073.5686397756451,1259.0222540235088,21.634636303939885,101.3521442441174,86.11773050193459,0.07268198000896256,0.0019562636179418866,2.283821849702315,0.5705825140490859
418.45,24.98,4.7,62.19,53.48,550.2367672426162,969.1995221662706,1473.4330410573498,800.2625239607868,282.03369407022643,24.561149823158225,151.73245312555053,103.17602175508104,0.06292165000803125,0.006340119466063497,1.4286675944126943,0.6067671595424412
262.64,10.76,3.94,85.19,44.8,1036.97013797702,5823.889196255596,3014.9935257420384,1086.7593993951602,1052.15678508024,35.931364471195806,81.60790868771346,95.91830621627933,0.06505615457312336,0.0023842600965183354,4.220333243627115,0.5312001700080151
594.39,21.88,3.7,58.19,49.45,607.1067733195669,1889.7411800480127,1627.214885084271,805.5916824767345,984.6326833310445,25.57317989816468,137.26984513628523,101.42958332992947,0.06331279409201561,0.002732426356842423,3.54872305395829,0.6008204582297387
416.45,17.92,3.35,77.58,40.8,818.680837590389,2679.5796887157094,2304.5856168900777,809.7705049510851,1068.3086322789075,28.189175076384533,118.69945506562345,113.39865821403588,0.0552200265028952,0.0019063506559928224,3.5368776672155833,0.5569123870032915
138.94,17.55,4.02,82.56,46.83,1297.538257296381,1524.039033598175,2323.607077373675,1057.2720469205863,90.22375126864617,23.64810920261199,115.07484937121839,107.92818095626261,0.060061501951691555,0.004536837851876363,1.3876396818268282,0.3590814698524732
235.84,20.69,2.29,80.46,59.62,1152.7319002619051,3933.7079040525696,2446.955604240124,1143.8736429142268,1113.721530084555,19.579124893960753,127.51781087187096,91.48765537357306,0.0693786715414654,0.002473832973460516,2.052956337234631,0.5529964517191823
250.03,29.73,3.1,92.17,59.63,675.4387245696488,1811.305273805801,1812.965404624368,912.3529236575421,961.378512799495,22.72184220165194,171.34184047248348,106.31489377433446,0.060251652628086766,0.002830281406152158,3.012077091490087,0.5223665577447927
472.43,11.38,4.47,65.77,54.5,879.4220010135532,3628.397473263494,2404.5405898217296,1087.4256771781152,620.4968040005488,34.08983923646696,86.05380628785042,82.58864602833057,0.07464400194591454,0.003729062732306619,2.78808338786781,0.5507243907176822
697.1,12.22,4.37,99.17,52.37,796.0618576062509,4100.427205924044,2189.1520373667354,1011.4150371725292,997.853732340015,34.064488674214125,91.06907447467266,88.02880190822647,0.06843836167420553,0.002158880598990893,4.136072325118123,0.5344162238779857
634.51,17.2,4.15,59.34,56.69,629.0516401764613,2630.6034249326076,1684.5041205736882,954.9083944948434,1082.9830496543461,29.506389610022133,115.73689821410517,85.81536042088658,0.0737528359546976,0.0026190661054844872,4.247674055707056,0.5928519846389685
607.53,15.2,2.89,53.54,41.29,1042.1001926630481,3911.088140802037,2511.507625778877,870.8544882157305,1221.4859720248821,25.88378772257037,104.96282917269556,101.4546211420115,0.062416018578653934,0.001873316987421352,3.1154294606963653,0.5597417120167827
628.04,18.78,3.04,73.64,42.03,850.1288255218653,2596.1793118356036,2093.5210337541284,786.9155439858264,1073.215104638702,24.724866819581166,124.78498860345046,110.92921087843607,0.05598972251373,0.0019380117026230668,2.942639808703929,0.5605511987239309
270.29,10.2,4.29,54.46,52.54,1292.429446970359,2798.4100780819167,2756.5089977314847,1187.1304427825569,142.78199654081456,30.3224324834587,79.46654473538929,83.82545872494696,0.07774532239598059,0.002472094578708771,1.5288634478277816,0.5644827572569983
449.67,28.08,3.03,52.51,48.57,674.4162150417051,1541.6663065697571,1749.824954129516,717.4518789448764,880.5491348885944,21.477275148371287,166.53070191948217,114.18563910964238,0.059098702277062994,0.003569549038493318,2.5850977015160166,0.4557950359409192
470.23,18.16,3.22,90.78,49.56,807.4568476638443,3020.18685021482,2075.858174227814,916.9827987849109,1179.1265895469935,25.828996407905574,117.75053289694495,98.78460526802803,0.062150525241486135,0.0018554754823033649,3.7241950525449603,0.5629635606828627
110.44,26.24,4.86,86.11,55.13,1535.354567639923,751.1907248181759,2012.0219664824808,1032.738606417464,71.30959378127031,14.582459793324588,158.17153279728737,115.36215754661623,0.058462358981977984,0.004578268357071004,1.858606313350198,0.3006118333093045
144.42,16.34,2.56,57.12,50.41,1297.3347607376081,5250.97450524837,3388.492131683026,1228.0033810006698,1372.9351894964177,27.451767703552907,107.47283197489998,95.85818050989583,0.06967425764528845,0.0023135158708172533,2.967893065249535,0.5973026219052964
262.13,20.08,2.93,51.68,48.35,898.1972988043882,2977.1175530003234,2402.770578101412,940.0478170251765,1135.5556738523221,25.22580759359232,126.00664370627813,100.50577940907378,0.066119471731573,0.0024778245754131798,3.233455096574413,0.608722699088879
233.7,22.06,3.82,50.4,50.22,671.7483002441229,1976.9933183196267,2040.566692586395,912.5031997028962,750.5617517795877,28.741844495428392,135.73374642485223,102.17173667803432,0.06648966256830145,0.004392720165666338,3.0543663982537,0.6265496985458825
514.52,16.54,3.7,80.7,45.3,757.635612107474,2890.4260326053504,2110.129912034887,878.3672642649818,1056.52395356884,29.160751004877934,110.04482967309278,101.91344337992949,0.060635707895159964,0.0022192168727162677,3.959283722785036,0.5536485799023441
544.12,15.05,3.75,59.9,50.34,786.6918405391042,3517.8959662180737,2107.2555481934705,963.876872818915,1188.8509336425877,29.834294184618084,103.52866200365479,90.04245038032269,0.06999216292745639,0.0020244687780474665,4.396357977844684,0.5706758859162501
315.85,10.38,4.75,68.88,50.2,1806.6962853909718,1390.9043276803338,2176.536556532172,1104.4961978438696,80.46559922110265,19.65897642391843,81.69290903818485,88.51026406442817,0.07141357005623959,0.002469359777735102,1.526886440205246,0.387141169335835
669.59,28.7,3.08,65.36,46.22,644.0349428512283,1311.291187311178,1623.5607849971716,648.8548388870475,819.7911204210005,21.281732271236944,171.11874872326516,123.90170919168487,0.052611880115233996,0.0030990859109229917,2.375220125831148,0.42260718670834124
586.06,16.44,4.3,80.5,56.55,654.9915617341389,2397.7420610939785,1772.904226239911,971.079284075683,815.7429850648513,29.959976030581817,111.70373425817007,88.30591914141742,0.06944160596314808,0.0024135719580988023,3.4397378332798274,0.5697235418904014
260.07,22.51,3.98,71.67,49.59,642.856337581707,1610.9109268545628,1937.9319548033636,871.230764179057,626.4678673740165,28.311719293893137,138.18784201755005,107.36959545503886,0.05969524709783734,0.004690464829548128,2.6587169912910604,0.5965386274138533
208.28,29.37,3.55,63.25,54.25,634.610158564456,1576.08884625818,1934.9980207379815,855.0931591810429,827.7245387345669,26.652518567673827,170.4134028297092,112.1892734594437,0.0603777097148917,0.003927740280161054,3.057657782112565,0.5704607160192825
417.7,13.31,2.5,81.77,43.5,1363.7645161515538,5747.645642207758,3173.469980020728,996.3524220650122,1320.751850781228,25.17197987402081,93.44253677652442,97.86973556382344,0.06276934505187257,0.0013267780923513373,2.639126040561863,0.5361074263717814
132.62,26.0,2.64,64.06,55.35,1020.3488662826535,3091.166487637981,2753.143116805343,1098.683322651875,1200.7178115086574,25.47388297792308,153.80051493596318,107.00694343314079,0.06379489464993168,0.003271084957607463,2.740934930806508,0.5628881320531733
165.68,22.6,2.99,65.32,52.9,891.7249952769771,2882.332207767325,2506.308322105314,1048.8231976911848,1149.3550238226494,26.879641508702782,137.54320215945077,103.32713793852955,0.06422091693333211,0.0024628687278449492,3.3429344634894784,0.616336214995784
137.98,14.32,2.95,84.07,50.38,1208.723302428306,5699.792588641469,3332.5483578664034,1273.9642379852419,1518.4693417361457,31.30461420592781,98.42220665215066,96.49398190318854,0.06651270537405525,0.0015956583769609557,4.091544516407189,0.5667335947390167
145.71,17.64,3.6,84.54,53.72,864.0165860520774,3389.4163594476654,2567.065575203365,1187.7964321972647,1073.222769726418,32.049476537262564,114.96283780648211,98.31988409683758,0.06569549087610387,0.0028997158762553406,3.8678780163486146,0.5868429187093525
269.84,24.16,2.26,86.41,45.81,1094.9197597468972,2756.47864165285,2568.9345674244787,833.1368843470523,932.5813481244443,19.801872161944324,144.71412255404192,116.83886931008558,0.054449087509844396,0.0021794285805756017,2.0688827036067465,0.45317749511459604
104.46,29.03,2.09,86.1,57.49,1407.4483158172739,4059.2317289428943,3327.1493981945337,1197.9767264016727,1251.6339647195146,22.5675985181615,167.89434955356703,113.25350306577263,0.059491302137742536,0.0029590616568608966,2.3573293311086996,0.4641555666235715
143.89,19.08,4.1,93.9,59.32,1493.9633232868448,1139.597932518747,1910.4848280053434,1226.616981910997,70.89485423947069,17.455439993418057,122.46444192678298,95.9040064779359,0.06732573340744973,0.0038918961898320816,1.550280360625464,0.29861799796875416
349.66,20.99,2.03,70.71,47.37,1265.686461340179,3554.6835595479183,2426.314204703336,902.0802149237894,994.3120122415266,16.457216199054837,129.28183892621368,104.42126669778972,0.06043030151234717,0.0019186014179857758,2.250331514984699,0.429671988671091
505.58,29.38,3.2,72.15,41.3,680.1778770502193,1121.7256087069768,2012.8907457042255,567.081719445778,729.2225816395361,25.20512105478778,175.0824229971381,145.8500009557766,0.04577040404575599,0.002539069587649959,2.3233621920022096,0.4249122882986913
620.39,28.17,4.18,53.54,48.49,494.18127189381875,974.5001407828431,1457.3209334795515,667.8360119564294,580.7282282372289,25.321675914539075,169.35332205693285,115.6374602761541,0.05798074771224608,0.005185011823651993,2.4914200066426515,0.5434831774600339
119.78,11.48,4.3,83.83,52.72,1683.620034642124,1877.368419556173,2706.828392287551,1368.6168248702093,93.36186247407868,25.327605504640648,86.48108235588974,93.45047802962769,0.06951406574193063,0.0028604602788705013,1.4260746517207807,0.38310728850835696
445.93,27.05,4.91,73.65,42.92,692.049957927938,519.8105749614813,1603.0988338871757,608.9617229361484,115.9603199808512,22.262038262290673,163.5840666058282,133.23119291659668,0.04815460186077159,0.00808689999291989,1.288949463666537,0.44031149620825955
270.28,23.31,4.99,97.45,55.88,1237.3991203175422,615.3903831459654,1392.5003443547134,904.8093761343075,62.70245907886905,11.980661364419946,143.04975586577274,103.19105020768254,0.06128321070437943,0.004126116220744266,1.8162100738789604,0.30526628685668783
599.38,28.13,4.48,68.86,47.14,496.7097301838412,825.5446884326607,1450.1313321805435,643.7421355705333,455.3027823052532,25.261063778663278,171.03894744272012,123.39128478350055,0.052696358100617895,0.00661053719969106,2.0622012997467487,0.5286794329952024
486.96,14.79,2.92,59.49,47.25,1046.450226730752,4405.58408514548,2538.2826953650742,972.5332971240748,1307.190143740146,26.190877577492024,101.53377898145855,92.9153132092178,0.06777772413411733,0.0018534869389990798,3.4795696402368645,0.5642388714890886
639.38,20.07,4.01,69.82,40.91,634.137081121572,1649.4777762317674,1839.1057436531155,721.6312724601567,756.8424704770384,28.28991477066147,130.47237328100374,117.20069201222014,0.05379002699749435,0.0038372653064208113,3.0033611048492297,0.5672429100430073
574.84,17.19,2.92,54.81,47.4,927.5435731532084,3390.8457828793735,2142.672205971773,902.9413362196856,1201.7538526341414,23.916338852067053,114.03038528636006,95.04037392410535,0.06692948930566578,0.002263284258007134,3.106389944278501,0.580387572978938
319.06,28.07,2.77,79.41,56.75,756.4634361025707,1963.615596664552,1827.9827782820335,875.8049549881423,939.0042283931515,20.09671843772943,163.16269831013378,104.7932358975519,0.06100473752962221,0.0027344521722516726,2.4872104308731475,0.47556286354262245
217.82,13.19,2.18,51.41,44.29,1676.3869792512714,7238.43038223431,3892.2053202702264,1128.5239604460185,1363.133428754704,24.533744312559527,91.42021763547248,94.7070566412632,0.06899087074286157,0.001873433410092702,2.6767820964055073,0.5683361833533045
567.26,25.17,3.64,80.0,49.27,573.2039707187677,1496.3083347621764,1569.8476032793299,745.3775998966418,884.9432787189002,24.5237520655574,155.42191097248755,111.77082534159332,0.056280149305717675,0.0025731952424578853,3.170561868489596,0.5602347032961478
402.16,19.3,3.46,81.11,40.83,759.3004881358264,2302.8448393259205,2201.683786366092,780.4685025242644,980.6634344112338,28.138961031354878,124.18031153027528,116.84322266998065,0.053791652938938374,0.002471031839089043,3.4373263008210273,0.5607438961329906
183.82,22.57,2.28,56.02,49.77,1186.8894327617122,3541.418557472106,2888.489069208531,1005.7721729472179,1083.1470162888154,21.714127203753417,136.47476107692125,104.50813264779305,0.0642555690646827,0.0028239842972070154,2.175198115324413,0.5359986730996326
151.27,11.7,3.12,52.33,52.68,1282.4782591930345,7254.534487802287,3534.575235985875,1350.8305014524549,1636.9492724383044,33.56460417383424,86.35662419034338,86.91388113036686,0.07742357342044265,0.0022235975211134613,4.738878784067484,0.5861289513064147
665.08,24.14,4.22,66.86,40.2,568.1555753045852,1060.320785418305,1704.8705387632858,621.9848074485619,583.020016885067,27.445606800205656,151.05875410627397,131.02648055720317,0.04941146832726876,0.00557965004198099,2.422974583128097,0.5554150629864202
407.51,14.03,4.17,96.69,55.24,787.879211328882,3148.7499864171486,2205.8276265086965,1054.07641723169,773.750233183487,31.788685292661572,98.43203167933643,88.22668137086201,0.0690305956448014,0.0026801897842015808,3.367125057798762,0.5518903772927793
433.14,21.04,4.9,68.89,44.35,953.874503133475,676.7385762086527,1547.4710714497426,749.9646108288595,79.89605789121177,18.071074229284218,132.3445964141581,112.47728426639743,0.055769297886152674,0.0054460634018790345,1.348076164859415,0.411745681223461
156.04,22.41,4.17,73.89,46.85,1384.1388703574844,996.6238434166078,1924.141183151979,904.9171451455439,70.7528067728344,17.43152018851227,138.83238379670837,116.2781019037848,0.0567571154605805,0.005560120287032389,1.5617550857531106,0.2934235204577543
401.7,17.6,4.39,75.25,54.42,664.6355042978148,1890.5737792340653,1835.1967945161198,965.0077589386984,507.5429818281771,28.759473905260464,115.1002950523653,92.1660354357012,0.06742040311059515,0.003917917957471558,2.35664960839125,0.5768068240733639
512.96,22.19,2.37,87.51,41.07,1021.5954301786264,2508.321650278525,2299.2016664683983,736.1276301237564,932.9443288411567,19.286075902636494,136.82421493521863,121.33724387460211,0.051513082326070325,0.0017644190872199374,1.9211627791565695,0.4390265318208232
632.66,22.06,3.14,77.64,46.57,715.8791034590073,2127.365163274422,1742.9568191136702,780.270396556781,1060.7431189581234,22.913827752154113,137.541942669407,108.68988986540865,0.05725141196632085,0.002268418845927443,3.0604064146141385,0.5547667632051891
339.72,16.57,4.09,65.79,42.3,764.4484321835457,2367.314162622879,2201.3928478292196,859.81007435215,407.53249027366525,30.38837872458678,110.75956549174506,107.63426405765821,0.059234332084838116,0.004444704939134633,1.736419296828745,0.5636614736275617
693.5,21.73,3.38,62.57,54.1,639.969883959717,2252.7572122054967,1498.1185585326905,855.9992149676193,1227.7730846249735,23.38805299782729,136.17783763277953,94.39223527190941,0.06686205014602589,0.0028964766757526273,3.6796979221574384,0.6004684201132486
403.66,12.32,3.84,57.62,48.34,923.2279478444451,4693.457627527468,2585.711965416795,1035.067442201106,1154.5833718590777,33.10360400455904,90.04238626279535,89.37566258532499,0.0711094340729883,0.0021400607369697123,4.491842385635227,0.5592675188013156
238.91,24.87,3.44,77.77,42.22,718.738902142029,1724.257039650565,2224.3780934322285,730.3700616464092,885.266448566391,28.39701091170421,149.20867068026487,129.29784764482744,0.05049220663915389,0.0033903309291423408,3.060340967909164,0.5738806545792625
402.61,21.54,3.67,83.62,46.71,657.7737784890257,1908.6387519618863,1905.65144576371,809.4867933316324,874.2672189754509,27.100756986791115,134.85892508717058,110.19230655583446,0.05697209511595267,0.0031091718460021798,3.3305761258923523,0.5779259332894502
510.22,24.5,2.77,71.61,59.57,753.4662338505641,2259.4585692582205,1475.8662027343394,910.5812478333198,1072.4896459877734,18.219454127384296,148.00420255877472,93.37201222556259,0.0673926736093637,0.0030585018128061665,2.40987346068334,0.4700500086118234
592.1,29.97,4.08,89.55,50.9,480.2501081685692,954.8892823551124,1393.2871921671156,672.5536041172753,630.2346658773787,24.510704925541262,177.67114594610103,120.39265097907005,0.052698326534202485,0.004324117658156632,2.6100428470860044,0.5219701858039233
682.5,25.86,2.13,64.79,55.64,957.8857212296177,2412.6288681884307,1053.156473045327,837.4972820213432,905.1019402267549,11.130583115778808,155.04178354072891,97.78503082651577,0.06457196853287987,0.0035698155557386,1.4245480419028496,0.26986361192089164
191.0,19.23,3.5,85.23,59.02,793.0913922832469,3042.881667809875,2272.3924015125394,1160.2589934233756,1080.8412906049075,29.14986277300678,122.42682481503115,93.235427348429,0.06854963922537767,0.002506401877685408,3.897752091137113,0.5965265759711365
486.26,21.4,4.53,54.23,45.49,593.8655713008646,1187.3102509355942,1677.9903054176546,757.1620279699439,418.6396566624124,27.103304060713132,136.55932988821797,108.56809138601484,0.05997230377534313,0.005749943548256408,1.9530753460809271,0.5995922408142481
588.77,29.05,3.2,85.22,45.7,627.5177211940177,1245.5453052113119,1686.7083770662769,637.6579274210421,799.5009151421414,22.607024880744255,173.13104211099008,129.52439849388972,0.049498162282509514,0.0026852097660228706,2.4867852963368926,0.4380117920560352
375.54,14.11,3.31,64.45,48.52,961.68904711594,4506.682825256482,2578.923246874362,1019.4805207438675,1330.5041611637348,29.6445603557746,97.88051864247583,92.16846350078784,0.06837526316113612,0.0017166164344641608,4.394948863700512,0.5616051196052183
360.69,29.69,3.29,64.88,56.97,599.5813379224486,1504.3397993409721,1611.0708408531582,816.1952795369955,869.6241682650782,22.367804963510505,171.74660663951707,105.28274826188503,0.06252060484288362,0.0035356072519192403,2.9582443391773867,0.5138371363320452
664.04,23.96,3.38,88.18,53.88,602.7750104200088,1913.923311928933,1416.7124396591537,816.8953760377414,1160.0688312345505,22.77599520587838,148.23066393647898,101.68225280750927,0.060402258049132004,0.002723997829194235,3.432442312178372,0.5586532366290131
289.38,21.42,4.44,75.77,54.17,1222.380237441596,789.5826761523174,1448.080262650675,925.443413575973,64.53556034279944,14.293886600016902,133.6515974730567,99.79216957207619,0.06404054993711594,0.004276562954719578,1.6131968099561176,0.3121897333724508
564.71,10.58,2.64,88.37,45.64,1514.967644124907,8015.284267747942,3366.8830838141757,1066.1084924549775,1566.2944824041929,27.71673284485638,81.32460333576287,90.87801735106113,0.06665494574023474,0.0013844811333507414,3.124149470754945,0.5204381932472089
515.46,29.46,4.01,54.44,43.28,544.2032236323606,890.9290925854228,1728.1676177089867,579.3184274531083,595.538569656932,27.065445937064432,176.58573712860598,136.161446329338,0.05049948753534448,0.006103112714101222,2.4277007112987827,0.4884182111623137
656.49,27.57,2.54,58.28,58.68,746.7896500282072,1991.293050054998,1163.163303130623,831.0452006619336,991.5589827015214,14.612854246784796,163.19162269298513,95.27894884377423,0.06800229148971854,0.004115436603992787,1.6896636004651104,0.3534486770092452
554.73,29.87,3.4,78.78,58.7,530.7369203889481,1384.9073916402047,1283.9404847612814,786.3066285353041,952.7347518945443,21.108674058246436,174.55705855276167,104.03319164781647,0.06080443704751013,0.003516039540223264,3.0227839510639183,0.4929457423252541
643.5,23.76,2.49,56.0,41.47,923.9583048471145,2026.6204937248772,2032.3704131013228,691.7566959583775,873.4690690847656,19.0522280329,147.29470171014208,120.92238927817415,0.05371810252270499,0.0025547555664096446,1.7674154381093352,0.3997848954349729
307.46,12.0,3.9,97.61,40.66,959.1299507273967,4633.251992710318,2826.21533797455,970.5421434075382,1013.9358182161684,34.82367286932433,88.22073326689298,103.98079050721813,0.05959099789506994,0.002720471662446361,4.032564640668395,0.5273075055473936
110.65,18.44,4.79,83.67,40.2,1715.8151617704955,947.4442049316093,2293.110021968648,914.6971361313545,77.90802981856551,17.328476801240267,120.63908177622454,126.18878827212001,0.052334657670909494,0.004990156344106332,1.7550758290710613,0.33496426285677056
202.14,28.42,3.55,55.9,44.33,686.5783393839591,1463.5985450173268,2201.9138378057637,704.489411942339,831.2940649350978,29.195615688487877,166.6610924982127,131.85421055414466,0.05264581021895378,0.0043051863321463745,2.9116219703129227,0.5377116451116901
378.78,15.92,2.48,75.53,47.6,1211.9316528062416,4417.5730067309405,2836.8960074053884,981.8501353843573,1186.746598009661,23.246943869857617,106.15254657511079,96.37874402299613,0.06438583674181889,0.0015051535824117822,2.4504245396967157,0.5590713751783698
429.83,11.53,2.22,96.75,57.82,1720.3729014592377,8046.252937197861,3108.5155273544337,1228.0116659483454,1362.3735214754406,22.12182335958656,84.9628654657477,80.87865048556183,0.07482989169273979,0.001600144863779366,2.31431608421807,0.5393504511245438
246.58,11.47,2.94,79.76,46.53,1315.6387904301025,7405.32973286957,3485.1764784699835,1147.6821412233076,1540.3307945104798,31.272904970318883,84.21160927421973,93.19521913788712,0.06716081851043108,0.0019654753356268873,4.18642332436303,0.5393339220571132
349.22,12.02,2.68,59.79,51.3,1371.8673220772378,6765.59546524304,3261.593977127906,1147.6304579236587,1470.7886835261297,27.463385671490805,87.38409306638174,84.89933250559847,0.07432465437292661,0.0016905276297984413,3.3135386238713407,0.5590572436588167
400.35,27.28,3.78,58.45,59.49,530.0988178683286,1473.9276784421886,1467.6148086433277,859.7143774109835,819.4953046700589,24.077154741338752,161.92477158255136,96.71984918560271,0.06852525929311742,0.0037963354674022363,3.217238740806938,0.5939634373639479
544.48,26.47,3.07,52.03,53.34,652.1345392676909,1734.896005140858,1521.8337879375279,788.9563008522769,977.2152738686295,20.357650127621913,159.24833460098995,101.06949884928916,0.06578042279423531,0.003796047642011212,2.748773609617153,0.4794926313291997
291.58,11.17,2.01,58.44,48.86,2014.3889541677167,9482.271861817462,3973.761972623549,1212.164563910327,1386.8943551504594,22.654393088290096,82.07782855891547,86.06142809316216,0.07397110473193277,0.001852308905896885,2.9165763109617115,0.5534122985070034
440.66,12.68,3.87,71.89,59.19,878.0511746008409,4703.813667040353,2355.198779922358,1131.9181253272084,1245.3567183575656,32.34766846379799,92.4480172510112,80.97250983452719,0.07686810059640005,0.001847114684403233,4.7432207916521545,0.5639267717692003
682.56,11.22,3.7,70.89,48.9,996.9053485047849,5870.326174263516,2572.548830930909,1026.969557058456,1558.134576934718,32.88871791721503,85.58034856406324,87.66323550116601,0.06992710714306367,0.001632289971902449,5.291276970150304,0.5361839575296035
298.42,24.23,3.07,75.57,50.48,750.014110427002,2151.0179876762954,2036.9807390266806,860.3319493572587,994.9739537662088,24.01541388804782,145.53159595539836,107.91047879256085,0.05928235548448704,0.0022856411027104124,3.097550516214659,0.5758568236138087
592.14,10.31,4.1,63.64,58.51,971.9739488813591,6000.728519929014,2540.8394636117146,1144.1002698312677,1377.496493228069,34.803567742981535,81.31041142212007,77.30860198822607,0.08013411053293493,0.002105951087543864,5.1798888215299606,0.5516427398716878
174.4,14.14,4.91,98.82,48.7,1802.511284181552,979.5638454513801,2086.0531817912347,1082.8435151766296,73.77985937568903,15.21293794210843,99.47098669973865,100.3022944500624,0.0631678753096933,0.003172425141776469,1.8093424855288338,0.3673761986273099
627.42,28.28,2.7,82.28,50.55,723.6177023307035,1648.9085057264724,1514.0534508124974,724.925557470055,887.8806927076957,17.606485503476303,166.70640934330933,114.15424375412208,0.05511507896403986,0.002872177005930194,2.0229094973424964,0.38563477819271963
554.37,18.98,4.22,80.86,44.53,640.2966703086885,1675.7524712548177,1841.9950685084868,793.6994623809624,629.4591617020966,28.81772354371143,124.63463410056494,108.60546122326481,0.05708361276324816,0.004082202616819512,2.7215432303830656,0.5633824942657831
634.56,28.7,3.0,66.39,53.73,626.7467029152047,1525.3838531729812,1364.6767640955145,749.1423162861199,931.338033851768,18.957831459448837,169.39330424860623,107.14837841100535,0.059896684247040824,0.0035148500667082534,2.4355945473338525,0.42792796522208765
321.63,25.26,3.82,92.89,48.03,603.290129859471,1456.7539428577866,1836.795865828988,774.570204704257,709.2617472700274,26.968167298172293,151.16132222818862,116.59326790287714,0.054373027307028796,0.004451788045559024,2.901896782676166,0.5907652920157788
169.25,11.5,2.55,71.86,45.05,1595.340698391462,8383.268879753638,4096.16341432652,1229.4541753043347,1639.9696326964977,30.008847180518732,84.00285206363672,95.75411769664919,0.06662237000896676,0.0013924811722553145,3.318973756777597,0.5459667574589445
301.75,12.15,3.64,86.81,44.72,1003.842225123116,5162.244700539497,2867.954684243722,1037.8407064021203,1275.1456318869832,33.550855487690804,88.21942113950978,97.19944549015463,0.06376290962373216,0.0018826368223186037,4.733301439612393,0.5353575093351443
418.6,14.51,3.37,78.54,44.9,924.261945086357,4080.6187849989615,2519.1764109051537,949.151684218204,1276.3665240861399,29.745446572745116,100.25818680361857,98.97508930404715,0.06258728953721418,0.0015142209266130913,4.291794396481222,0.5473410429610781
615.44,23.15,4.27,51.4,51.37,526.3127615718787,1360.7985488481152,1474.0111129240945,786.6855379596068,655.0882392947492,26.26740643785338,144.55131836917485,99.4918311662086,0.06618523174825176,0.0040843185700274506,2.8001048120901046,0.6221805551942304
695.47,28.93,4.41,78.1,46.83,468.4616716129495,844.0003461885733,1424.8595778505676,620.2326052338409,522.8312971010056,26.119085448190276,175.38713026274803,127.3898164424036,0.05050905863219379,0.006333842132974197,2.286195858562981,0.5279278264053617
284.81,27.97,2.29,96.67,40.61,1065.7473625630018,1936.7164420817555,2726.220077774628,646.5713510977961,807.4737606060352,21.27023962158909,164.59644708610213,144.25932248049625,0.04526896778004199,0.0021249954106301303,1.99257143474783,0.3759423506730453
589.07,13.75,4.51,68.67,47.07,767.7559368711711,2404.9297226517056,2112.3996985834574,924.7867599047278,559.7237707941812,31.878837363891556,99.15557547130811,94.1179805528532,0.06540122382304751,0.003043938287008265,2.541731465626602,0.5501081449893195
395.07,26.14,4.47,89.44,44.88,619.8644407784271,715.1730454058339,1688.5239142428634,674.0142426286221,178.94522436345187,25.17251742240174,158.25241763741965,125.75816060404459,0.050028838029405075,0.006922143614699551,1.3095130412343017,0.5273296945311782
616.1,18.5,3.57,50.6,52.85,695.9132956755581,2689.4765800319988,1753.010909346007,908.817758567968,1197.8132909500252,26.341724628258213,121.18164178122551,89.1390262328095,0.07274238697623785,0.002879297615488877,4.0321230989987065,0.6056397208948494
346.6,26.94,2.98,68.66,51.11,715.1264461155057,1837.762066356105,1881.7044788818348,797.6302350680021,938.3119374644677,22.069755644500386,158.67178120184943,110.64785542694884,0.05867391594787885,0.0027459644482605485,2.7837349866607344,0.5033159344383029
670.75,29.46,4.08,62.13,53.25,453.5388933015011,1061.331915307165,1261.616145239494,699.4985664125406,779.1865761962489,24.203358521078695,177.87858400643879,110.415099401248,0.05913326574463218,0.0037756346721006537,3.01273095877404,0.5349990204217916
696.41,12.52,2.78,91.66,41.72,1251.252625946113,5539.3256142266955,2903.2755867963165,937.163819851916,1372.4289758740028,27.06072583185775,91.47449321169579,99.34359107846915,0.0609649652452768,0.0014209106677477634,3.160433836380534,0.523650996084688
255.37,26.56,2.65,88.03,46.69,888.7245291657986,2082.4378160953793,2360.266148616296,788.5187553797888,923.9291908227955,22.455407154120547,156.42518769712595,121.41215123487132,0.05272315245087069,0.001843905893347706,2.2867840560107666,0.4768006076041617
467.19,28.01,3.94,52.75,55.78,502.2072606837485,1260.1553745033432,1421.694992967514,784.5608144219957,726.0018076014895,24.203895164808447,165.75046804692985,101.22932975573259,0.06653817957217646,0.004060553581208111,2.959936801664857,0.573971694937313
318.65,16.73,3.71,64.84,46.68,779.4058096970862,2972.3213198566004,2256.3972247302827,937.8778044010451,1000.08919255563,29.94142875026464,110.61709805251205,99.86195365845109,0.06378699392861414,0.002884212497946103,3.8659862616806326,0.5725982150894834
578.22,26.91,3.24,83.76,43.06,653.2314373563801,1357.3413261815012,1802.858266523391,639.7187646696406,825.3143643006522,23.788503938297815,162.5683580927006,131.08731030690566,0.04875338898936979,0.002333858962553583,2.6032933141018297,0.4654770913634392
176.55,27.03,4.74,77.82,40.04,1253.6260594648236,726.4918833150306,2019.3756146342123,625.3793566211473,77.17202169111569,18.48372171856491,162.3708423798041,150.06634600028224,0.04526369610280937,0.00890361256641375,1.5901665311386317,0.31427911974055384
206.31,14.82,4.67,72.81,58.47,1725.5113372293317,983.5941882964754,1800.1452718559624,1181.8178777428766,70.29055938288938,14.211337450813312,102.20729173265117,87.96867739312282,0.07332664463582897,0.0029608383279928147,1.7898564376678192,0.3470935224128806
300.39,10.66,3.16,75.79,58.94,1265.573802691612,7882.05813515504,3244.3301981058294,1285.8035704449037,1665.9499757442663,32.05531239854211,80.93817177093956,79.87289975139537,0.07822428108755516,0.0014702384970449321,4.9353139221620035,0.5518168270178357
149.81,25.2,2.98,56.1,50.39,882.760361022065,2579.1407042377327,2548.794037037084,968.4374695679296,1128.0611112004365,27.350002621833546,150.0057703348062,111.17376123037333,0.06192745029303248,0.0031835568616071903,3.17285972276456,0.5940893248767287
566.96,21.79,3.49,93.84,57.34,622.9887447550415,2277.22998039666,1513.3726389271658,903.5084531411964,1237.179059314118,24.047795365726692,135.6104305644451,94.81894329088081,0.064482158030311,0.002526569599530203,3.9676094381148364,0.584484648381381
663.25,18.35,2.03,77.25,42.19,1339.75279165269,3695.110342044541,2133.4333145940655,831.7531356645962,961.115669437756,15.601186643426521,118.9012394393467,107.85254685471759,0.05695805371260664,0.0019058055863022982,2.0149218261474164,0.4052385549643112
688.21,21.4,3.91,72.55,56.22,552.9304748033089,2065.7392084335243,1413.848745669928,870.8738749146946,1232.541258250277,26.14046652682026,135.71636574734876,93.58743035269151,0.06633096288199108,0.0027914453778115425,4.32955809583588,0.5931385470137811
442.29,18.99,2.96,93.72,54.79,847.8003983013937,3201.7443779285923,1975.040307189989,975.8775573886982,1240.4158556854345,23.127036851784233,120.75550719905179,93.61590821750472,0.06541786687270554,0.0020244009795019877,3.36831199582165,0.5720153172339825
330.43,20.52,2.2,57.59,50.23,1174.4560172887866,3477.9943550361268,2440.313464324756,953.045071333292,1005.1664498232146,18.17327239131666,126.64244981053206,97.18433690754507,0.06612750050314875,0.0024326616544966817,2.1402883934821917,0.49519943398905075
218.51,27.03,3.53,77.45,55.0,648.602549991629,1764.0279794583753,1931.213028374342,904.4835371798246,866.7080389030991,26.520349971214902,159.23505443518613,108.35003681418908,0.060220316598611476,0.00347098605117264,3.2058755304843696,0.6041102836475556
643.19,17.97,4.65,86.69,51.23,957.0484363310668,1006.5939287034058,1385.471914859119,867.9438222476801,78.49549996561801,19.665986396011128,120.76892109333583,97.39696485979208,0.0629435822041352,0.00415201024013326,1.3477836243703656,0.3619913778485754
649.52,15.92,3.07,61.36,46.95,926.7838975040904,3609.698635250135,2185.6023062231834,911.630283445756,1240.574695317281,25.759328996417864,108.38423509075709,94.96291739086605,0.06575183506581508,0.002070370386249153,3.414987999786075,0.5646478938882656
646.31,21.82,3.64,64.08,58.78,584.8087030970913,2229.4710118457183,1408.9575568876419,902.5759559427293,1316.245966406097,24.635918469798025,136.50472949795298,89.61682810092589,0.07039041726128448,0.003106277259519936,4.2305774897104005,0.6075826788371945
410.58,18.52,3.19,86.73,53.99,803.7305848988302,3148.824979833454,2040.4200835270049,975.7307053079151,1227.1616815243517,25.295564849594268,118.67043400704877,93.82597581035465,0.06579685460166061,0.001974489509498418,3.8544570744520796,0.5736532991730894
328.66,12.36,4.62,98.28,51.3,1666.6118918882544,1191.3270968837103,1926.0018462524836,1065.3286160234927,75.21148944240085,17.66178794612889,90.31343372064697,91.4795612232502,0.06757634309262603,0.0027157346560563594,1.57533363784567,0.365932082499304
504.58,15.28,4.36,72.22,53.81,708.230444960387,2482.892122319426,1948.4491369350271,982.997145939564,664.3530375100122,30.6658452055967,105.13658590657845,88.9736263219118,0.06963967422472327,0.003117631996442427,2.9429021234975363,0.5667917347032688
280.12,22.78,4.58,72.21,59.44,1080.516122019119,724.921849465053,1364.1175572521538,966.9090001871914,66.67431953190633,14.791142067979745,140.02181383106284,95.03057027056015,0.06760757294533744,0.004047362696271129,1.5225173115465338,0.33340224539525
267.19,20.24,3.74,53.08,57.85,686.9216046933677,2419.451675585409,1975.425050540057,1035.1363034820474,867.7504831186644,28.027414737298365,127.13838699666964,89.40036250699474,0.07495110936092267,0.003303634381670286,3.472254329050564,0.6287619925750568
108.64,15.64,3.71,82.89,41.01,976.7761456972187,3775.1664719659398,3002.1385618602867,1069.4073674522042,1162.2485736809235,36.276451685712225,105.86547265360755,115.7281400594017,0.05639260942958842,0.0031447589700922068,3.935453292358694,0.5624957916899538
622.66,23.88,3.82,95.94,51.65,547.7553383860962,1621.5385563709256,1462.8297979856068,789.2299695254382,953.6194701388077,24.884559427492814,146.3653238144007,105.97523089787431,0.058098484387040614,0.0024223254895793006,3.504389507019499,0.5832336794123607
404.31,17.71,2.73,85.91,41.15,1017.7919652230274,3375.042683073575,2568.588787264573,845.4481601089705,1150.2879871546456,24.389852794372334,115.27741942482237,111.2965727515824,0.0557952795816082,0.0014939916445184103,2.8265111783032983,0.5514840806167283
481.28,28.66,2.16,53.34,57.5,929.7181792488013,2146.3553949855586,1443.3410996314403,840.4353510751987,837.1144800870445,12.759805502316294,167.16130640691776,97.84930757051106,0.06817425805377723,0.004230832030854237,1.6951594607184406,0.3025329093149263
214.47,21.94,4.27,83.87,52.68,1368.957572790649,862.0279820230953,1611.0703569943682,950.9034907178504,63.78103573334772,14.256601760414188,135.48117952508738,104.47783418915411,0.06138471041711706,0.004606661559545466,1.6876971739222397,0.29322358668364606
640.57,21.1,4.8,86.63,45.26,1126.6004189303867,692.3935644786853,1205.1666452690174,739.0434313401569,64.11240327255194,13.436151027345758,134.80074430801318,112.68679292971053,0.0551925389341308,0.005145255157661974,1.6547917540296952,0.311956352444096
244.01,27.32,2.79,56.49,43.16,859.5545235857164,1860.8508589250243,2441.2972844036913,710.1933450719716,910.1050745479321,24.59818945775359,160.49790334641565,129.58656936785155,0.052570189660963676,0.002711142392167018,2.401035641989545,0.47016372877525026
692.61,20.8,4.2,72.94,41.35,587.2373485019889,1489.4045749940503,1741.197641501452,703.3406573504393,696.1302607522787,28.78725950547746,135.6141606187121,118.78806327530314,0.052899484535816166,0.004615429024409836,2.861105546902853,0.5683315194330308
651.65,17.27,3.25,81.09,49.83,806.5522147209049,3218.2349496484962,1913.9820118426933,909.308220421724,1304.7387411477378,25.502589322184416,114.5695807235668,95.56892157244842,0.06394608631282463,0.002079349067031215,3.8121007024702016,0.560285140340979
380.74,13.29,3.36,67.07,49.25,988.2228952286534,4949.554247549142,2653.205322282915,1046.0995303229831,1379.9116303186681,30.482884072983335,94.01042048687574,90.51045967372092,0.06927255617805682,0.0016427158011444905,4.622319398956972,0.5563241906395211
285.34,23.56,4.15,85.29,44.02,618.5917816376428,1375.827191032507,1939.2580258295056,749.0216063864982,487.9374902172028,28.979514355565225,143.9222915578436,122.27919017054427,0.05247517546224404,0.0063299346720182585,2.126747935204481,0.5840399906442574
458.32,18.88,2.42,97.44,45.85,1085.5393850526943,3457.8365786181344,2359.3502226697756,884.8593923290375,1088.108235195762,20.206149616489622,119.721465188793,104.73656899370452,0.058511560220676315,0.0016714604350054193,2.107630953873284,0.5500797857847576
550.96,27.73,3.46,70.9,59.53,540.1140950184365,1563.1342756989409,1296.9818159573322,826.4962435538449,1044.969190590162,21.71895396015195,165.0026689836564,98.55234703911309,0.06462004061261895,0.0035651294218673932,3.3011264669761236,0.5270096834854217
581.65,11.0,2.48,62.06,41.76,1579.895994753511,7507.67754413789,3429.062586146641,1009.8552726231255,1451.6605903707032,26.190603855968043,83.6396997918656,94.06652109341007,0.06579373963897174,0.0014747725493601932,2.549477684900748,0.5304850009310542
291.53,13.23,2.77,58.15,51.12,1241.4270721798657,6038.376141811346,3084.3227629397984,1137.2334387753983,1270.7217380842367,27.535143574802422,92.97696858292001,87.29971048473415,0.07363441791751618,0.003608102595172197,3.1461413366335678,0.5713877044713761
274.14,25.89,4.08,97.62,50.23,619.7611451382865,1193.0781648698962,1780.029935488043,801.8741866915461,275.61101081395594,26.2153427736561,155.00890750042456,115.30730123628281,0.05491886283255275,0.0054916785430718686,1.3758129155575245,0.5897876295831377
180.39,18.82,4.57,60.16,52.44,1573.7118317333575,868.5704895558039,1803.8776814794548,1035.6512783653648,67.55927114838374,13.991609106675684,121.76451397103853,98.79870951616421,0.06745802364084376,0.0039175983327749565,1.8014860292632813,0.3244898166921617
349.0,27.7,4.45,79.08,56.31,524.571239111941,1004.1670855537851,1491.812342094315,813.7299105038969,361.56674709485014,24.85054502707001,163.61042066598392,106.33567160187471,0.06019490810822275,0.006195667199347682,1.7694679128956068,0.5977582743956639
105.49,16.46,4.51,66.93,49.89,1842.0779801818003,1107.0568321229007,2248.3201050020875,1203.487433264249,76.22118948826483,17.127424777860217,110.81465692482058,104.00543079816012,0.06477249282450058,0.00370004781313143,1.735957639095148,0.3231335272420731
611.09,29.52,4.25,60.59,53.12,457.8833222346205,952.7615597303201,1302.7794411066648,699.1297018769219,612.0307483473762,24.358055476686797,177.06430708260368,110.95524653854763,0.05931725906721622,0.004460013982976352,2.588575177185224,0.5411277630981814
635.23,19.6,2.73,86.85,47.5,901.5687882879777,2875.8130769006184,1911.3335616595573,851.1659616576766,1115.856159553918,20.884479006911914,125.29957426165434,102.77612096250537,0.05950437542282013,0.0020955449420381315,2.5098254999089855,0.5451524226297803
240.58,10.22,4.21,75.14,44.02,1056.0523691132528,5313.296645365221,3022.9331046337625,1093.3492325881869,614.8347787241114,36.39302578986606,79.38398862282146,96.35559157374699,0.0654380651284659,0.0027766855120806137,2.6028428806008805,0.5329521729550635
529.34,16.19,2.61,72.76,52.97,1091.4650236309037,4219.051965696048,2222.9280675452023,1007.8043867681159,1245.0777400035395,21.712867899710915,108.06425148834292,89.19388117729734,0.06911861678865497,0.0020366284381637314,2.5536555154943,0.5663929657687778
581.64,10.7,3.0,69.46,59.18,1291.641093368994,7649.906538351542,2810.205415919553,1184.3031168862462,1705.8602793937396,28.88668236093523,82.49089741847443,77.13188098435941,0.07980680039327129,0.0018805238410431854,4.068320371815274,0.5491762205273547
196.45,17.28,3.12,91.73,50.24,954.0833385601895,3836.2035205602465,2665.4751589583757,1085.6688323222209,1266.4098970228797,28.79544212072251,112.06707718116034,99.40857226698743,0.0634088952548035,0.0015636274837015811,3.9477643159971403,0.5702131492613713
586.68,24.77,2.1,75.45,46.04,1058.5068576120034,2401.62223347413,1766.593605617652,752.9632960018848,874.6115368589775,14.110855146515828,149.94926496382513,114.55850538811836,0.054841117993469614,0.002461034672019455,1.8436164754685958,0.3156119085980157
508.48,14.02,3.23,99.07,55.14,959.4625871931105,4812.299593185374,2321.3398867617934,1064.5778111813243,1504.9136454117393,27.9402721947973,97.95082361357638,86.9166686524386,0.06963019939624526,0.0017686496417256559,4.457784789536387,0.5480435470803625
245.16,21.89,3.2,83.08,56.94,768.0925509731087,2666.1773703258123,2082.8418145589394,1028.6221653656726,1117.6598661467372,25.498873951552028,134.17606698446062,96.97306628931878,0.06546537092917525,0.0022180117633101943,3.641080764002496,0.6000505842013726
204.54,20.99,3.46,88.83,57.87,753.341018888149,2680.484043798164,2163.258662258782,1091.018793674725,1031.8283700358836,28.02514011125968,130.0530502938181,96.35009193891935,0.06601972535342186,0.002534146714471668,3.7415048710625105,0.5979273524791117
622.79,28.48,4.26,76.09,52.17,466.59458168808357,996.5725728582936,1313.7523294418747,705.6140215996294,626.3593419769877,24.52401328896068,170.64797828168201,112.95124790096654,0.056331706406358255,0.004115399587896101,2.6384926800386936,0.5541218567786484
219.76,28.71,2.68,55.3,57.82,833.8406906972988,2266.674382096701,2133.6755565190424,946.6389010534392,908.019819115343,21.476572657729665,166.20084740556425,102.12047162805469,0.06735189447300381,0.00492708613642596,2.2918954763386257,0.49220578287461136
343.74,14.32,4.65,97.95,48.47,1561.9893976419612,1003.8183143787351,1740.9807671967335,975.2814689501832,71.37762722931365,15.706497366186982,99.99791368396546,97.39761810824355,0.06357881779389676,0.0031631465769249335,1.649937115463739,0.3503966357905467
606.8,21.76,4.73,99.97,53.84,947.1522332192195,748.7365720857346,1095.774031940748,828.5207792749002,64.96868910949769,15.235541509116109,137.68031064760282,100.57798360606868,0.06094241561471844,0.004384942657234495,1.4619154878404603,0.3099475495584753
344.45,10.47,2.45,54.32,53.25,1683.0709279374548,9199.914410357833,3731.464957889624,1234.3955597958961,1369.5582940759393,26.835039711338023,79.44191207568906,80.2879539963053,0.08011133507734486,0.003924009139380337,2.4193974016025157,0.5619599758770828
347.39,23.62,4.84,97.42,42.95,1207.5233400930395,638.9157451261186,1577.3048934912895,695.4623857100995,65.31956262182891,13.954905606345395,145.13037191806043,126.28287155682008,0.05049848056553348,0.005860683742671802,1.724229757475618,0.30598194384736865
691.63,17.29,3.11,58.5,41.36,868.8458612184927,2973.681991721964,2159.7423960535293,809.0540627954817,1154.8728004656484,25.684302137638795,115.09136192388625,106.35117469827163,0.059231741315133195,0.001961778449317255,3.275398915204133,0.5625074232808506
624.5,12.23,2.1,92.83,54.52,1719.8518654636962,7271.230420322927,2411.241599070433,1127.924530393954,1284.4877198621941,18.181997277794004,89.14118359204461,83.30311932791969,0.07195860185213457,0.0018757133876498755,2.0646976594471265,0.5355682114765379
264.04,15.3,4.29,74.81,42.67,1443.1460205619396,1197.5809324238596,2009.5110823838102,917.6554234522686,75.35258726650038,19.056206778996533,104.11877079594531,106.54158398794029,0.059514826058365056,0.004205090798206329,1.4589830557780132,0.33616548235280896
529.29,19.57,3.47,82.08,44.11,719.6891207364831,2287.534122655458,1982.7802844911744,798.7585824829538,1015.5397667181328,26.772143146882012,126.21773429647901,109.86201742333786,0.05659994827360918,0.0019133286395084331,3.520177364831687,0.5645507304060917
410.59,17.93,4.22,79.13,46.4,684.3627856641077,1801.7837920834982,1963.6486121790958,861.2324094600759,583.6475732217823,29.340205078126033,118.65020946387656,103.60997257353081,0.05967681418706165,0.003951180456351783,2.570973559868667,0.5639663694795807
313.54,20.45,2.79,95.04,53.27,902.8596953070675,3045.3903997753628,2220.279247287913,980.6615655601473,1122.565702796928,22.953662194175138,127.14087974439295,98.4238131119535,0.06299857820246417,0.0018418147754142116,2.972921298464268,0.5792305338153388
228.05,21.71,3.2,84.93,59.34,780.2871532783977,2735.4563512964132,2111.4341437834532,1078.5457053141934,1126.16074542809,25.78486380435288,134.0465267074494,94.92303123553033,0.0669960440862056,0.0022701315172837092,3.6450385203903437,0.603709783777893
312.5,17.57,4.21,63.72,58.04,687.6318346883219,2302.358153875122,1935.6080600469056,1049.1031459611763,575.0004014641434,29.285434546090485,114.74334040563292,87.63062390153337,0.07321551419444569,0.0039374884677705335,2.5856810896773057,0.598009021482065
240.13,27.57,4.87,74.63,50.78,1208.0137644198326,597.0951137332986,1526.3328536168692,772.5787508674274,62.412944224089465,12.606001513174624,163.2749010133565,117.72061047201785,0.056034708519255606,0.005398276075088832,1.8106832277965725,0.27732191226203445
266.97,18.53,3.08,80.89,50.47,884.5426011107477,3333.6436376911256,2389.985851799354,1000.5443252593083,1198.0008100204159,26.56241823318357,117.83100528453625,98.90030478303838,0.06363218176625599,0.001770044626587182,3.7124433884084613,0.5760754620451443
650.05,22.41,2.2,61.57,58.31,1015.0365662979757,2952.735982367491,1184.819565134639,926.7542296080089,1002.9050113459101,12.532994588517358,138.96530464537813,89.07398380272112,0.07084203369503672,0.003404038154588375,1.487175126332719,0.32955770981514043
287.85,22.88,2.79,61.69,41.14,900.5889723777885,2284.956899364328,2471.3801708889728,755.9790987862907,978.3076922215669,24.51133925655777,139.58305245225353,122.75668884296283,0.05339652562157599,0.0020002349355440806,2.577226525407346,0.5307092618927388
572.38,24.76,4.05,75.62,42.93,565.9812224881695,1159.3622088531072,1693.5447058149348,659.9005492520579,643.085443005218,26.91307770496922,153.60805558174908,125.57632347316951,0.05087845383887068,0.004861895213955579,2.624945619948222,0.5633543420274593
516.98,10.05,3.51,59.8,55.44,1159.0123627244056,7784.314524852622,2928.0283980715626,1162.3204003048058,1695.2454854244354,33.32715137323883,79.1464570464985,78.85813972513331,0.0796208414085741,0.0017555340954766275,5.471288415957171,0.551770793084952
657.35,19.19,4.85,55.44,43.92,1221.293079235371,726.2390892402609,1281.7193465470682,756.3857067546776,65.85852087195728,13.47125874488169,126.38329909176112,107.17123895646048,0.06002916727112168,0.004855322302835592,1.6889788955125657,0.3234714251521998
113.7,15.0,2.11,61.84,42.32,1808.4611393229973,6907.90201130508,4408.767675251744,1207.1933417003331,1373.1251276480718,26.4410052114434,101.10566555633265,107.0695977509059,0.06177012481032439,0.001807568143361272,2.788914376670205,0.5723668752239787
540.24,13.58,3.02,63.92,55.47,1056.8335076232688,5189.105374600882,2390.4736777458324,1079.6245553138517,1491.9087094727886,26.58165496444838,95.80482875867193,82.70022600447311,0.07535756520777404,0.0020326545785076576,3.886349811611383,0.5657561742788454
541.29,26.15,2.99,79.5,43.45,722.0760394232958,1552.0770546183023,1882.5576191381026,668.7591284791056,855.1838889355479,22.44942352828911,159.0640481669245,127.07438945332798,0.05019807653421623,0.0023232946214996174,2.4261522616056976,0.45176835698492385
232.53,28.51,3.65,70.03,44.99,647.3479368361027,1346.8542818434005,2076.8536175052345,695.8690592963645,769.6275898436869,28.57924749500518,167.51301053417504,131.99761068648968,0.05078580382573109,0.004692499877153087,2.8440174243842704,0.5392649112168519
166.27,21.48,2.18,76.85,45.88,1324.1465967608362,3880.2884619193205,3209.247928328748,985.4475075264947,1096.2012366990534,22.20095516935939,131.9228500450708,112.47507468269154,0.05757925238686173,0.001937152018004213,2.3341011158049216,0.5348833418181792
572.87,25.44,2.23,99.39,54.27,940.2315551851507,2418.5890983025324,1405.4044591122583,843.4915936998367,921.160707207711,13.528682996550678,150.98128592809448,102.98758391533885,0.05937318391440619,0.0026625449367465312,1.6272761037608072,0.335689567260022
669.67,10.68,4.23,62.61,51.76,913.4227234102136,5517.767363393053,2458.9897959919235,1052.5616873114893,1235.52536918706,35.17903394930535,83.95105015910227,83.5605444394288,0.07431442677797007,0.001768571017027619,4.857042902858275,0.5459433335708384
211.28,15.44,4.3,64.71,47.64,1533.6166263254504,1173.0631343575797,2005.0104194321864,1019.1673494509065,73.84119756773191,18.214639541067964,105.56336712512001,99.3866990092876,0.06517548108011205,0.00390499768210033,1.5297630897727632,0.33065857914224933
451.15,22.33,4.09,52.04,53.47,569.3065346392777,1627.1177637404792,1621.338760439883,855.5789581883303,686.6594780828096,26.652708112099006,139.02717182815425,95.83418934932749,0.0689622199616707,0.004171521152077418,2.9314521020936346,0.6243214975588338
417.35,19.05,4.41,69.46,42.28,811.778706950605,1111.9188513428326,1856.840065267048,775.4668078584814,129.32405728708298,24.864887081218818,124.40951052369694,112.74526756410448,0.05570088700488658,0.005024935818610553,1.3543391954711792,0.5670279476330096
156.37,10.93,4.65,50.78,56.05,1980.0301567374447,1397.4456702794296,2327.3341055549963,1329.4668512240025,79.63437054712001,18.896888298878363,83.90065925554713,84.28554691931168,0.08093965424676253,0.0024893346749286977,1.616845681694735,0.36669955244180874
612.19,17.96,2.95,50.74,44.45,891.8191548739711,3040.417495180179,2113.334817913651,844.970874135737,1155.5173773270567,23.89016976961065,117.89595459779537,100.23239114057108,0.06413642632548786,0.0023246937190840433,3.044575459976125,0.5829535382127402
377.15,16.49,4.5,89.46,50.72,1075.334549720245,1071.6673487664739,1750.9184908922348,946.5606953289052,85.04124534973258,20.770886340660965,110.03725928403598,96.51186977485675,0.06381359015670994,0.0036727757115326463,1.3632369840171787,0.4073715129448279
549.81,19.64,2.51,76.57,54.92,978.3070086791688,3295.8051442161677,1785.8191625659717,954.729111313825,1144.628915483241,18.201873782427644,124.11084098098698,91.89992715648698,0.06704316415971107,0.002376896064448422,2.1044023585671714,0.5099423189957155
352.14,22.64,4.45,83.5,51.18,660.6365366510283,1041.7738064023515,1648.6161672809085,839.4507082776927,170.19878376086555,24.49663197721044,138.80329517984143,104.85187492731632,0.0589555290883716,0.005529756512348594,1.316434251823272,0.5847784520616692
589.61,15.87,2.94,57.02,57.81,956.5501229664072,4117.168117673303,2003.3607190934688,1043.311338070567,1363.3025620637559,23.65627835520033,106.48601049514959,81.45624994883003,0.07769099369373657,0.0025361724812351266,3.3260160452730023,0.588551073005421
354.11,16.73,3.14,64.82,57.58,889.2070438698385,3808.610809257163,2232.499545755269,1081.3528052792803,1295.2120544889624,26.200033756494516,110.12479775872377,85.84256301249023,0.07404449186448572,0.0022003305236003076,3.9672536045192466,0.5897243553644415
669.03,28.76,2.27,83.25,46.08,902.8551110565218,1682.3801156823401,1662.4466177084955,662.6841518155102,784.8619609664746,15.0086203415059,171.93257516507117,126.1039855086492,0.050272643051278355,0.002800488413800949,1.6859515666353961,0.2923326639892045
523.62,12.81,3.78,56.25,41.38,908.9664988872148,4110.393770768572,2556.059289113812,913.2473533384042,1141.3266892577212,32.72105865302574,93.47011058855509,99.01877313619809,0.06379150221004933,0.002084335487820951,4.288882490378454,0.5483044178700593
382.91,25.97,2.66,73.57,55.82,797.1974528192106,2206.473172482895,1768.4269315641955,880.8683341562659,990.926641268892,18.77984464318313,153.07871682820954,101.04230657182099,0.06294663076804932,0.0026912592617665517,2.3469100136592003,0.4666533032018678
692.41,20.92,3.85,54.6,45.44,607.0189838863004,1820.6283257794623,1671.7053990800075,761.1215940641742,940.304407246267,27.05285371668808,135.59146401508127,106.2004111247299,0.06059221191236266,0.0025886540570402745,3.4562315254688074,0.5938236437831165
368.5,12.01,2.18,94.07,46.27,1723.9128399631786,7592.325290659989,3605.0121040693184,1101.4689878222653,1348.199014549359,23.372859963065366,86.71069051320285,92.56997480579173,0.06583188160014541,0.001275161970138284,2.568902102918265,0.5301136706526935
582.5,25.42,2.05,91.25,43.87,1093.5193657429318,2270.386071791323,1887.2369765477513,711.991571227947,819.1897562854496,14.298528901534395,153.14957835126097,122.54219642326406,0.05100815324727364,0.0022294150608741115,1.9001601606830003,0.30418173003559323
435.25,13.83,3.67,89.86,48.55,872.6842484573481,4153.31311479064,2413.254017122028,997.6563349042309,1214.7204026620752,31.104452460485337,96.7562823778307,94.02656163324403,0.06522622420951359,0.0018589485491941862,4.542504808779925,0.5441681950024323
177.87,11.11,2.28,83.77,58.05,1830.8176218905046,9637.68394284103,4191.79714795795,1464.693944269647,1573.6663308179575,27.046682371029608,82.37714562871062,82.9367435435932,0.0763035437696627,0.0015406073445011891,2.676405248362897,0.5560944299530727
521.84,17.76,4.28,91.57,59.92,621.4852032641381,2218.981694159353,1687.420572186728,987.5500115482926,779.5600945587827,28.829751303834197,117.00628701518178,87.78832581319608,0.06960474200354874,0.0026609431528464085,3.361317743988322,0.5753513215136756
473.78,10.41,2.19,81.99,40.39,1907.7583558674346,9045.189120168148,4012.143219493234,1043.1642612364267,1439.89557251494,24.990706766526717,79.58868889658685,96.91447223750619,0.06307416157739401,0.0012131193329478031,2.706147547970058,0.5160730191281595
211.52,18.29,4.59,56.98,53.73,1548.7589691699175,854.7491756276771,1700.3590623946363,1033.6678869083996,66.46525095403345,13.426479538450353,118.78035397189596,94.65601251643949,0.0703861750718046,0.0036933663363331952,1.80502872365961,0.32638981250563887
639.3,15.36,3.94,89.05,56.28,715.5282608332495,3468.4984400030025,1872.610284290738,996.370403674806,1330.2727579097104,30.110753390036074,105.7164752920625,87.28685210493639,0.06950774980816737,0.002057350298356338,4.911388356822819,0.557969878164264
316.65,29.27,2.24,60.57,48.12,993.3537506111653,1947.6890343381742,2300.324522869565,744.9108313080994,780.3050106328528,17.915252392067117,168.77807323793587,119.38243438711908,0.05559102441472563,0.0028823686585547226,1.9896616459905716,0.3679256030464344
231.59,18.01,4.14,66.8,45.58,1302.0583412400613,1159.7648493405077,1931.8867264621178,919.9127311934362,74.35429557167004,19.09435514885539,117.20199063318343,106.29036030199181,0.06079127522263987,0.004698221397990143,1.4077609947094007,0.32297391002057474
384.78,11.61,3.5,71.13,58.03,1044.0171537401216,6313.7706707723855,2732.2541921852053,1186.5136950566405,1538.60198140669,32.116141914608086,85.83237423122513,80.58409417966682,0.0774777071839288,0.0017072703981300462,5.245207940724154,0.5569577743887173
581.8,18.49,4.28,91.65,55.9,604.8409041918335,1998.6236313941017,1645.2810183908807,921.5657121618661,761.5591283440766,28.420323943747555,121.56791213708127,92.49392550187476,0.06601338757660358,0.002756646625701727,3.2505880911286704,0.5729627854295279
576.06,29.31,4.67,96.78,57.72,439.3421484728777,838.3157290098997,1190.9693380524925,750.5697429666678,452.01677409211896,23.804051217887473,174.26188125965916,107.83110152663842,0.05784172564484163,0.004767354828530141,2.129974870171208,0.5748314356613642
422.38,26.77,2.3,95.68,42.46,997.5163828775824,1909.5860618120341,2340.1105609947053,676.8606488080964,787.1474825913832,18.859354578744345,158.88517603701624,131.91764120481952,0.04820823773886207,0.001900083912702385,1.9272271330972497,0.37212733991523467
682.67,12.54,4.97,87.79,45.3,1483.576976690411,1065.1236631792394,1624.939346080122,911.2045384631017,76.44172090866007,17.50170233844755,93.90976737673921,97.03966176251842,0.06287855515318552,0.0032154168215630307,1.5487906284012443,0.37070048023717683
446.88,16.54,2.91,98.19,50.8,959.0435476903829,3936.6013613813916,2287.9829318456186,984.7742998773016,1311.6492505217511,24.625364155549697,108.8266583324222,94.64459632563073,0.06440952884445995,0.0017105088187489468,3.4973131141173,0.554802008896716
232.18,27.11,4.15,75.95,47.87,601.8683744685484,1225.1583241966034,1887.9441325690757,760.6774043495667,419.743714861824,28.31055915881952,160.8158922785114,122.10854440174676,0.05389380882501127,0.006851987507405879,1.8222485143028357,0.591349786423094
109.1,28.51,2.22,77.13,50.82,1319.6519043895617,3569.783931981122,3362.4725655465695,1024.3301183596848,1222.8507300710198,24.35074235549867,165.82710397302426,122.39774660907801,0.05547249671447245,0.0028522470369124523,2.236574098399493,0.4735990456859274
343.17,27.21,2.71,80.08,56.25,777.4166560538175,2062.2561068309424,1817.814775995706,876.2089153145897,950.7976041187312,19.52556537545943,158.88347208737696,103.6672766792234,0.061270470721799454,0.0026282197624630252,2.409367619608915,0.4726373210801799
290.17,10.63,4.41,77.7,49.14,1527.6229971959222,1829.0993113201719,2470.2992765880244,1114.1425276905475,93.09119045840909,24.86273666169438,81.56865923620164,90.5346703868164,0.06923452013797801,0.0026449835274885503,1.4521450908548648,0.42368935763765564
288.21,19.76,2.81,56.24,53.84,926.5494481066758,3185.7262671254175,2315.2938280407066,1011.692469999344,1147.3728777967626,23.504607463115917,124.2203857708959,92.67509601444651,0.07052731820774832,0.0023356819005070748,3.0639924776391085,0.6097368350956591
483.35,22.89,3.64,55.1,44.18,633.8934363508483,1663.0165866979821,1831.7333546789362,733.8588385775455,860.2192182174899,26.325805956733234,142.65441729666802,113.84607798611428,0.057579014050293566,0.003186185078326859,3.164673177937351,0.5965734222783099
193.76,28.3,2.1,95.97,56.95,1147.2069873417393,2992.9588465675406,2447.698541419441,997.2252090696941,972.5470329244388,17.780441273488776,163.5577553034443,108.00931778977922,0.059382679486437696,0.002582161043875584,2.1401598949343166,0.40956678256267176
300.21,12.63,3.11,66.49,58.88,1125.7641239708362,6039.894562888048,2866.046638472172,1229.0274713702602,1525.9083212397518,29.705800931090867,90.590165549946,80.94709079135106,0.07837520231662684,0.001768604215795816,4.504793554242648,0.5715520525748095
494.85,20.85,3.83,57.0,59.17,599.0227439263326,2187.837311827981,1584.4080076637788,943.3422057296308,1039.8226424876307,26.134773141776446,131.45238456565627,87.45887174617782,0.07407499328431914,0.0031008662526410217,3.939254338274889,0.6192856204591293
604.03,15.87,2.25,57.99,46.02,1310.403520471024,4585.221614928932,2390.0812607383914,938.6405131793389,1141.1196739537872,18.91544569618578,105.82136338204914,94.55853258577338,0.0662722971526777,0.0020336359353393453,2.0328596335920124,0.5611135620188763
521.17,28.22,2.86,79.67,59.08,664.2127331836476,1788.469348972236,1348.668655792787,836.5348091304022,1009.9123602078233,17.833992824038248,165.43058797998313,100.5266079360845,0.06251081845656896,0.0032542625493106173,2.4108521571264014,0.4293286684399361
698.76,26.29,2.4,80.6,42.75,902.8050400382826,1773.619912316281,1875.8134987781045,657.7372712761191,817.8442097886231,17.355727368071722,159.90535282800658,128.06533723186408,0.04945378522000619,0.0024056295756392163,1.7170529881251315,0.3428805661650241
471.17,27.07,4.04,64.75,43.38,558.7613562609273,1031.8569946814914,1736.8220540038242,632.432602434275,603.8438088496259,26.997900866802386,163.88532810943508,130.1173162014184,0.050726934126950896,0.005767262422075306,2.501023706384808,0.5314366632324644
397.57,15.64,4.94,84.63,49.24,1328.7886123983028,837.0752382527502,1629.2594528973361,927.451007983482,73.66657731364565,16.287674621998207,107.56215555505777,97.42392136873362,0.06358113076740751,0.004404291501417382,1.5672497592065782,0.3842688506027381
187.47,19.28,4.97,98.52,58.19,1507.056912702851,748.8472219435055,1694.2891724844753,1089.214354185694,67.05237823605914,12.718227102689193,123.64355073358303,96.54508694906508,0.0659691936800899,0.0034019088007489345,1.8726472891159636,0.33871481175020995
538.42,15.4,3.08,97.17,47.79,949.934915637655,3991.9329946138864,2342.034339847183,948.3605905201615,1307.1572504057258,26.60017535955008,104.47548999692782,96.53345292668938,0.06295206714266645,0.0016555295598539449,3.758154807582467,0.5452432600953399
224.19,15.68,2.43,82.68,52.19,1303.8409662072481,5372.052727164203,3107.951440425233,1162.3146885831795,1300.82306105873,24.280138799786677,103.68793749268515,92.66169694528286,0.06780947981128271,0.0017614872643547767,2.5905965050738566,0.5672028194565751
418.46,14.41,2.71,57.97,43.15,1176.8560820671084,4802.635136621122,2893.1301102794832,952.4876798764392,1301.961974252117,25.94827570213109,99.07347070263599,98.12046200789351,0.06447672415951486,0.0016005800133399432,3.10244303444197,0.5573770192124832
120.65,21.86,4.07,79.59,59.98,1524.278036885421,1088.7108733539262,1929.1727478166806,1238.9967834104298,70.32649894302918,16.99540529659646,136.06718161543455,99.71166610883887,0.06690292518647173,0.004192586186668616,1.6043324623185533,0.283532391292179
466.53,24.81,3.76,67.96,59.57,546.5119925482982,1713.113053635074,1451.838610245458,885.23784658356,961.4188167597353,24.383589302574634,150.49582990959036,94.5175450382624,0.06760701566575593,0.003147235449638493,3.5960946952208857,0.6210539500423299
609.54,12.87,2.14,77.72,52.73,1631.4299108442826,6429.289388595547,2523.4109404975434,1090.6596956825965,1192.8804816485458,18.91465937414526,92.43016898975978,84.84298416796699,0.07155591783937387,0.0018897462578838901,2.0929203608126565,0.5445045879267851
131.34,25.76,3.92,62.8,52.81,706.358161072662,1840.1447341677058,2228.399622633465,990.6871551417878,681.9640576915604,31.426050899078824,154.5015266824897,112.40652349373428,0.061199314362223596,0.005444772983977086,2.6152818650986394,0.637262095100452
557.47,18.38,4.04,51.79,52.9,633.4938257473482,2287.005312460845,1726.3571369809267,907.713923790984,924.3849360227122,28.28109156641929,121.033340698319,89.99794714569543,0.07207311092880074,0.002713427278094704,3.6840440017903604,0.6047756830092652
233.06,21.48,2.82,80.75,41.04,946.1359420255778,2634.3268186952223,2635.7030940398017,809.6466801137781,1055.4087241651341,25.921135921731857,132.654923583038,122.37145139949753,0.052374144206162536,0.0015643282213600796,2.7937111517221775,0.5735505873388842
431.03,24.34,4.52,69.45,48.81,560.5098411130085,1010.3566343726046,1579.9563260791056,754.6540162578715,388.90423375626926,25.800494976760742,149.40551550619318,111.0677721353593,0.05747949441500781,0.005914735225964875,1.8533532194303926,0.5995292260540488
657.47,14.39,3.58,98.19,40.43,869.3166081746707,3478.6070150706423,2369.4123014932266,850.8530415821041,1169.3878795041542,30.630653886517198,102.27767498929549,106.8696048645264,0.05702341421022345,0.0015232465268102484,4.022002125169369,0.5314990261374957
646.64,21.65,2.8,90.33,56.93,788.5292777658291,2679.8599659863444,1481.448780447812,910.8482864640014,1201.3981124991903,19.260553629141654,134.43763011887435,93.71655615801744,0.06487496344431937,0.0026542601538465938,2.5788425571942217,0.5138813538350417
426.41,28.0,4.63,89.49,59.46,480.0869838296942,939.6022986781685,1300.1916639001995,818.9129036505643,375.3991838882859,23.878805271497114,165.3387994774041,103.05980892299989,0.06104831149509711,0.005684055054218759,1.8386638305972753,0.597369215586982
644.45,29.69,4.34,86.04,50.74,463.25564239141994,858.9415426723856,1327.5417181043856,663.1788985337362,552.8249961602224,24.59728306936579,178.108722213995,120.24358804224703,0.05276620009841925,0.004939701614242152,2.382610972000761,0.5258569146132315
151.08,22.6,4.68,91.61,47.13,1498.2900761618262,789.3765296992102,1922.4887217107018,892.7821694343436,69.06080270918035,14.708356490317595,140.09496654420738,118.53479476633633,0.05498221554501423,0.005105271773745617,1.8031736899101518,0.32090755007788563
206.88,24.42,4.67,71.72,56.9,1342.3653058694158,686.6820250950155,1497.2387634894403,953.8563645274644,62.11825216411573,12.015505631572859,147.7994804193032,102.42387599241364,0.06427231179056117,0.0042807904365951485,1.850197594575845,0.29234572975483997
385.59,13.61,3.69,84.58,59.35,875.6589889063196,4504.215001362452,2351.4505291169917,1138.027501843253,1273.3540413640226,31.164311905307727,96.0968286916882,83.22779715892261,0.0741431642561457,0.0017732112609567803,4.72037127238253,0.5614328926960971
652.75,22.5,3.14,78.68,50.96,693.0807757941452,2142.0929392918483,1606.766534922107,819.1271895668973,1093.119512453102,22.114909217332336,139.3155759883009,102.29008980091042,0.06053662158906875,0.002489306840922642,3.089535939938949,0.5539059126494282
124.3,13.5,3.19,77.16,45.64,1185.421192007565,5633.932598171053,3400.4625805824394,1225.2715040234762,1424.6792624808188,33.97367825183858,94.74065627738608,101.71760456003332,0.06360834932836178,0.0016641156828947506,4.199770012124183,0.5603022545756592
677.69,27.92,2.42,58.0,47.89,829.0305314984739,1760.234889041579,1555.931793093777,699.9848977508619,834.1846614329222,15.784263561288213,166.62283255102102,114.7097622367709,0.056986387217467835,0.0034029351332136738,1.6053397602048742,0.3325840557965295
228.84,22.28,4.71,93.53,42.89,1368.5067796540386,737.469768842806,1784.4270224833435,762.9891754007464,67.22761832994433,14.559202623150762,138.51034594396208,124.33820130690437,0.05169378377744701,0.005800378842416422,1.7584993430124072,0.3194283513648228
602.8,12.37,2.7,90.98,59.07,1285.162204693392,6309.207828130574,2471.979080381406,1145.100222332834,1504.3595592059191,24.521962907181926,90.54476496918204,80.41667416815051,0.07482776212266075,0.0019426677623017624,2.8997981810066067,0.5440850334180847
531.6,16.55,3.31,80.96,56.95,819.6949942204268,3550.3213351547797,1962.7909463580484,1014.1998049399659,1359.1398441791014,26.33009603801758,111.10425593808917,87.32610880435044,0.07023475824498598,0.002155264702904382,4.114963108694941,0.5702664612608286
442.28,10.74,2.21,52.81,42.35,1851.4948409951148,8455.42984146598,3901.8402884194597,1061.9096818646049,1385.0805707350844,24.80923715220313,81.69799848789589,91.68459901665953,0.0689399894159858,0.001504406580723126,2.636458519352487,0.5419392462027907
648.66,29.52,3.3,71.76,58.86,529.1982991954728,1501.1005621029187,1163.3825340629319,782.9358328168548,1117.1506889216096,19.947364173560196,172.93299741962537,101.69486392541194,0.062434462152694416,0.003751734876219465,3.0674012468676612,0.4688835457209982
150.73,21.46,2.44,75.04,56.67,1166.121801398674,3930.303718165956,2910.5415937922753,1202.3023582650299,1204.1677946629447,23.830752764825597,131.74555444858672,98.11004355906664,0.06671972846457706,0.0024001821604634458,2.4317557897055915,0.6109315145034464
292.01,14.94,4.02,96.68,52.52,868.0586504802156,2830.568890580792,2266.236700311851,1058.4144640668396,272.6539273603936,29.6404156110661,102.15574223291618,93.19203135066185,0.06656193901512601,0.003428545303225713,1.661425522086112,0.5579646637375353
388.25,20.45,4.21,97.65,50.42,624.2437912147767,1594.9930558064066,1781.663062033852,869.3084597852251,564.0088570370866,27.592925099146697,128.6006725494739,103.07099401249708,0.05972044877023143,0.004193672690230456,2.5351576340864064,0.5722390870518241
151.1,13.2,3.92,97.86,52.94,958.0334029467841,4516.198249681202,2834.4923914889423,1263.748504626828,894.1674547860265,35.208587806404104,94.24919060693664,93.74876798953393,0.06774248883840933,0.0029995902238539422,3.5155601989704337,0.5598211922370699
641.67,26.33,4.73,99.78,45.92,515.9424959326279,781.1607225773403,1432.6671206987396,651.8447357041285,380.54159040955966,25.11813789783708,161.96842758675749,124.73085210536975,0.05021891740190975,0.006471084250054673,1.7956285915482484,0.5420862849930305
541.38,28.9,3.3,59.66,57.59,563.2873055711055,1481.8007765354546,1361.3319946629867,791.6018948416652,947.9465151830443,20.724813639294286,169.42997999263926,100.59082432603566,0.06519255943189874,0.0038933559499108993,2.965186469552352,0.4900040691712461
100.26,18.75,3.27,55.26,56.0,1009.2545660172963,3976.5154135820217,2960.550791061994,1368.85356936106,1343.7013834907266,33.00402441036168,120.61218441212705,97.4868226573813,0.07206027126339283,0.0032635319217523455,4.006824341221287,0.6333203059463919
597.18,12.78,3.8,92.35,55.81,870.6910590493459,4731.706758867137,2257.4325091304213,1063.473200732779,1422.2548079438718,31.77339949041977,93.2474423206913,84.77393800991752,0.07135400579138414,0.0017720314855113584,5.081569710729132,0.5443307512596128
630.42,22.64,2.74,58.63,56.26,789.1849554415012,2488.2561443653462,1464.3310857041374,888.1859441072272,1115.1390078267866,18.374773849597577,140.60221515285895,91.82137511968328,0.06948707860475635,0.0032934934398011584,2.33360696411753,0.47732758420438887
390.65,20.47,2.4,78.38,49.98,1045.4561335574847,3227.18445588111,2245.043186339751,919.7874110100666,1057.8849865232412,19.307822813893168,127.1611869187379,100.39546538648196,0.06208979702143519,0.0019235230465384282,2.0463810572812124,0.5217991743355512
617.61,11.7,3.83,61.97,56.53,927.0082439529411,5480.4500333625965,2389.4846344252283,1087.896416413181,1499.1468730745505,32.69902158085429,88.65437386700125,79.9890330868829,0.07808083043127415,0.00196981689744362,5.321986454098736,0.5611311779092183
128.78,16.1,3.58,80.7,55.3,937.7928135458864,4044.5417764980334,2772.191879123893,1301.8046787304324,1163.7234319744643,33.429634752721384,107.63633084072491,95.14577205389553,0.06853243152887359,0.00260489309916977,4.089971972954243,0.5872131324784154
650.27,10.87,3.17,98.81,52.64,1201.6478239190296,7016.872139626664,2791.362001535323,1094.5562082803071,1696.2997438622847,30.30286116625522,83.91704813704244,85.01305691587558,0.0706175305224095,0.0016106081479196456,4.511197900963284,0.5269382186655219
511.03,21.44,4.86,56.72,56.65,553.4503841615763,1166.6467771022008,1425.057971374201,874.5300614227746,316.33432864388993,25.843742310209468,136.98587743207835,91.8872495735311,0.07044393044195846,0.0052141597261760805,1.5683958543091545,0.6184171203502573
600.54,15.19,4.89,72.06,41.17,1435.2528250487048,879.1288346893589,1585.7753272081582,807.1239174594341,71.66955659574926,15.336901360720328,107.29194504219758,107.85215384914267,0.057828907359686835,0.0041797451110091215,1.665415108608019,0.352987953709989
381.6,24.17,3.48,92.89,48.66,642.4340195434302,1780.3739916349966,1825.0963774418794,795.9367272799167,914.1540773069387,25.33864228173864,146.40863290044643,112.41710834494968,0.055810252605336785,0.0025732122359212887,3.2771898905751273,0.5858095179150317
120.74,17.66,3.18,82.71,50.29,1022.7518339007626,4053.2469592003335,2970.2828926317147,1208.7929346010665,1342.0262808273362,31.86316723096009,114.84764465169323,103.18507490825279,0.06314627231457667,0.0017583159470555775,3.995355229559196,0.5850140811215254
604.5,28.8,4.27,87.26,49.14,482.4833648184222,920.0869735171676,1400.499145050116,663.5054969739219,560.0170009550238,24.75216654187087,172.13745892370713,121.38104812127283,0.05232013590751057,0.005290935061208917,2.4187626555008066,0.5334516621428085
410.51,23.44,4.16,59.37,53.84,556.526309569449,1470.1136564847384,1602.9939497559403,848.755228031826,595.3558706891037,26.364180333910742,143.65820606667043,99.03506826856714,0.06581973472448731,0.004763454827764017,2.638411423324033,0.6182482924479735
659.1,13.48,2.23,51.81,54.86,1497.040909893446,5811.4761989790395,2249.442820769488,1083.2389526172585,1183.4947067041733,18.54286645627997,96.12276715253415,79.6314428302186,0.07964643311377671,0.0025285262045436773,1.9287666939041186,0.5785541120582494
321.21,25.92,3.15,57.82,44.08,728.1395756083087,1686.157954968127,2112.2882895156486,718.6970474119942,875.3528858144687,25.24752688811729,154.54470896180624,122.43708598278738,0.05450900724057097,0.002637667196312462,2.7987594722327995,0.5216808979052027
367.58,10.67,4.6,56.58,58.65,1094.794334007225,2460.3631900432856,2451.084863378488,1176.491477927224,169.7808522378174,30.942072692277517,82.65432042721059,77.98306219982213,0.08154610442810277,0.0033412468151164457,1.4466201895497062,0.5681376967607761
594.33,14.77,4.58,97.76,56.81,918.8787749323283,1558.850288774191,1693.3234000983668,998.4861530227944,108.4576699304412,24.947969508321325,103.52014544024499,87.40374614235625,0.0693843069867197,0.0032365418303937944,1.372381551097673,0.4926030283627719
294.18,28.99,3.05,70.12,59.56,675.3104978867755,1788.0315700970893,1747.8882700184183,897.040634636858,936.3101977895863,21.778414966960643,168.46844763451548,102.01951713191366,0.0640991266475258,0.0032914549307891537,2.8791885402320845,0.5118138579830944
321.87,14.45,4.2,87.5,55.12,883.2876496159682,2298.7888043755315,2190.960620861398,1079.3777533005846,212.174265797829,29.187254032912232,99.98142198702573,88.96924418713097,0.06942129918872832,0.003200875035328548,1.4469010177784698,0.5600045543687673
138.25,22.58,3.84,86.54,53.95,739.5986647887673,2234.678556582499,2287.009252991555,1076.331690838421,749.7048431755995,31.403622558704242,138.83728278640447,106.76151690341443,0.061259414566555946,0.004576556249392479,2.8877213892457747,0.6066361096466429
632.57,22.71,2.2,85.77,49.29,1038.549310013452,2706.2354047897193,1621.426143562131,827.6688010686114,935.5723647410358,14.530427970489841,139.30230090525808,104.8111608400971,0.058572661861743786,0.002419403712338013,1.720083903587071,0.359468918544977
308.35,20.37,4.53,54.51,47.64,1301.982693835751,786.2529183122464,1552.5056053354685,846.3205377924477,65.5371946809005,14.176404499288846,129.77677364976537,104.34468866739014,0.06341315055093685,0.0044169196557453825,1.673328781953384,0.316436167635924
245.04,28.49,2.01,98.4,54.02,1145.8809125511027,2756.1856344226194,2240.855644601006,900.8751221600074,867.957305935359,15.841146165516733,164.33945593747904,111.44521825900978,0.057014451497372595,0.0026962439554541646,2.114581436677813,0.36237362048465843
270.33,22.84,4.17,92.79,44.06,631.3456235348881,1448.171562696985,1970.6353946029149,770.2549039222635,482.7035190775426,29.25602081596207,140.50877360466592,120.94099962965855,0.052725701596480275,0.006264224164136633,2.11423870362385,0.5794602154897217
223.15,22.0,4.41,80.74,51.01,1383.9229501722575,805.5877789034334,1610.9171318432611,911.0792828267158,63.79565420490938,13.692598342745596,136.40078268012033,106.95220373754134,0.060148104634321194,0.004716407806416175,1.7456519705680174,0.3016777063473273
578.91,29.09,2.48,54.25,53.0,787.0335793299481,1725.199688493852,1504.5335797123487,752.5652566013418,846.3468889399269,15.590975453805276,171.00228752732286,106.15892907255368,0.0625593858445347,0.003969513412736538,1.6580820911242524,0.3446219402342375
160.98,22.04,3.52,84.53,40.69,805.4321896272625,2184.618614135865,2520.935487401825,813.8676223010002,982.3324862208577,31.575236084247127,136.24346029859538,128.82774979062907,0.05064408839256849,0.0034934858063691656,3.3054085649041585,0.5794435720465951
269.1,29.97,2.82,97.28,41.2,845.4885585334385,1447.4022493209409,2496.3168001356603,599.5048365390386,810.1373658760101,25.641075509026997,174.73860278395514,151.5319581056354,0.04384738416022664,0.001999821662006516,2.1588743066210534,0.41581380933647555
230.37,17.23,4.46,86.93,48.69,1543.315855910432,944.4571974666327,1777.0602637256454,974.2866167299934,68.00120405119513,14.892150413159081,113.39194076480511,102.29057399081343,0.06185519827288524,0.003973544898441148,1.7114895812540103,0.3226291394346964
307.32,21.16,2.39,76.11,40.47,1097.0674604998658,2973.2044551486997,2726.9344697871,794.7568588089558,961.0537400204746,21.928686044892913,130.2159919498418,120.26284044692343,0.05297409882698924,0.0023397378675979927,2.039052616552213,0.517128014727958
275.63,11.1,2.17,50.08,44.86,1875.4387420293122,8942.844645533836,4169.838925037784,1156.3436165030032,1418.6596666967407,25.347779807359093,82.10197314560567,89.63702426819962,0.07228715272308313,0.0018113222567988426,2.797076359856251,0.5577303896683171
616.36,12.17,3.47,75.4,49.35,998.3999224833647,5430.206907525263,2518.5739991493288,1020.7337993138775,1537.274758563785,31.027197696455588,90.47044674355108,88.82799414808699,0.06891278852196894,0.0017032130136686644,4.891849265831766,0.5407580158488726
186.91,12.07,3.93,55.69,53.28,989.1655280818893,4874.10721711561,2864.537701021077,1238.9371592207533,871.1773404084668,35.06944806729139,88.50875832631098,86.93460817421635,0.07591978111169645,0.002610910625323846,3.4702214242076104,0.5801834083140319
337.58,29.69,3.13,86.64,55.8,639.1996686646177,1586.2555663311457,1706.6222289868729,810.6547632175024,886.0085830388256,21.98846189471783,171.41169492420616,109.98709223699264,0.0580483922714076,0.0028320012743494826,2.855301576719497,0.4991234677067906
641.17,15.71,3.39,55.67,47.9,838.5748296176603,3509.866881260447,2100.94329622024,918.4364287138034,1278.627253000832,27.712908007084412,107.41976841940595,92.5843164159526,0.06829548209791968,0.002197252746693517,4.052672311273201,0.572904933377403
628.38,16.35,3.96,52.25,57.62,681.5649904932595,3076.309595850648,1784.1695602718607,985.9001167056847,1203.5491239136272,29.255741140347,110.80949715346536,82.06051686132629,0.07856908201669145,0.002748475506420485,4.536333263267511,0.6019826754741239
352.66,25.7,2.39,66.38,54.29,924.5012128497176,2431.069187566811,1956.3057328110765,886.6964028552802,946.6813915184556,17.464798947608443,151.70745532931508,101.67061528076542,0.06333621560373381,0.0026581060902326754,1.86062495748407,0.4318547131296051
617.01,12.91,3.56,82.63,41.63,946.5475743453729,4353.759308188602,2554.8417639588897,908.5513805457557,1290.3092838187051,31.641782923908377,94.40060842840096,101.07956540670953,0.060517830934398796,0.001424953652155054,4.395847994790611,0.5305742205705628
238.94,24.29,2.16,72.21,43.49,1187.414433955959,2889.3251973876095,2816.399560354267,812.7451864169095,932.4490461842266,20.033970583453794,144.75830105436384,121.23532108713822,0.05354132324668823,0.0021301712838660922,2.2066937406896927,0.4435659842887205
653.35,24.95,4.38,70.81,46.82,517.4479223234099,1048.6285929567764,1477.7473285004064,695.6231747859537,540.1345882510979,25.893412463323735,153.62740493727364,115.51221418884046,0.05514986828101307,0.005198341949510134,2.3677687544385964,0.5854524133217663
315.69,24.14,3.33,73.42,55.71,672.5601437123383,2077.664401858862,1834.794412961897,917.2114302431658,985.9352677195626,24.51173218201462,145.08681189308197,99.88984130395153,0.0640677977555961,0.0025906949675848128,3.4218713041583837,0.6100854770635022
404.02,23.05,4.98,56.73,46.84,868.336988905119,646.3545202831629,1494.7928334251874,747.5207708045464,83.66938900260081,18.198153089904192,141.90997982146305,109.6666970102521,0.05863014922244867,0.006191200176804717,1.3031368648534452,0.4343857856246499
215.52,25.25,2.36,73.88,53.0,1036.4638425812107,2895.2849410713766,2468.7736752375376,960.7890137567812,1017.7547292169152,20.373790725612512,149.41508734445964,106.3057006103694,0.0610762990402105,0.0026226755172104196,2.004191825750134,0.4875785322288314
142.43,27.7,4.87,70.41,55.91,1384.630801718834,670.6487616295004,1791.0465357236935,946.8073059337244,66.59625257891156,13.443928854447703,164.13685862070636,112.47736010471338,0.06059414417829906,0.004679861520401706,1.8536423886906328,0.2886022249545807
658.81,21.62,3.67,97.31,56.66,584.2306279949432,2220.6180957649544,1430.7079072860565,882.3248065793243,1326.1246524624557,25.06513480343852,135.91557418369038,95.30237510542003,0.06370486257923483,0.0025892854051415785,4.295013849058762,0.5800789371056216
230.7,26.37,2.57,76.18,51.73,913.1320144589772,2448.5927293872173,2325.7135505872134,893.9053167725593,976.9668128768551,21.696432069877794,155.17176584622365,110.65409671444206,0.05863588303277902,0.002845486609913572,2.298083755072383,0.4959132974525872
347.75,10.71,2.77,83.94,52.82,1442.561665289414,8228.137512431977,3484.0013091563387,1202.8366835207041,1626.4311364062182,29.443754418853707,80.70815118500772,84.54020353735778,0.0726401450477852,0.0013291690939979468,3.840110987497791,0.5362435250144381
439.37,20.19,4.78,90.13,55.33,612.8843306487311,1177.5383824448488,1578.8452995095022,900.5486053047022,299.8611278227904,26.018524925873013,128.0730064789516,96.06500214762089,0.06376755561010589,0.004745784297167097,1.525431880922189,0.5791674112225083
446.82,11.76,3.31,65.64,42.88,1105.29814844435,5794.490592978567,2965.7541432732337,989.5816675553909,1460.747086080053,31.85851443114058,87.31379073522938,95.99598923456041,0.06496522360261935,0.0014071304867917093,4.659579062914441,0.5378454478595296
516.79,12.81,2.44,60.62,57.16,1410.7157880557697,6345.967439982072,2636.9360550652,1145.853355253583,1353.7520508801188,22.305444347319174,91.99342376076797,79.2465559903445,0.07903071267745715,0.002097804461463251,2.2415227019159065,0.5683519068954639
625.69,10.06,2.95,85.27,49.77,1390.8747298495587,8298.908561239894,3180.9149255311545,1105.8534328634198,1695.8763043048168,30.060342400668443,79.11924204954758,85.61253934062498,0.07063091805217345,0.0014840308609365043,4.057106967293369,0.5229402366807715
235.94,21.32,2.57,56.09,48.03,1017.4591748226329,3170.598551564677,2593.25715717669,941.3020483779582,1086.4786114494643,23.098423647531387,131.00231944452818,104.09793897428371,0.06353570276909393,0.002675857205724719,2.523956592668828,0.5847257121668311
132.91,29.08,3.48,74.13,40.91,806.8001211083536,1630.3329226673739,2641.648768822279,664.8031811278177,969.090879992894,33.53301651101297,171.0901288591301,153.7751904590015,0.04512623037419206,0.004130721106479611,2.908837232282671,0.5172672697175409
343.71,11.1,4.01,66.06,45.08,1007.613835442762,4822.52400033759,2836.562347234663,1039.9989412701948,603.5000785927188,34.63120984284895,84.26464078047083,93.78282186043197,0.06719080142775875,0.003233037303166434,2.4772082632128973,0.5415596854055678
333.37,22.45,4.0,81.06,43.42,651.8849815471483,1335.2063046452927,1941.6523505154516,752.9941004135184,372.89926560049133,27.92222629196344,138.4502908536873,119.31088275110505,0.05312894761744823,0.004979110562789316,1.5668044200570648,0.5773345287348768
253.46,13.29,4.37,62.24,57.83,1570.1972776092543,1288.4681277848351,1934.643586177274,1178.2582138124567,75.6766222928786,18.606713869428397,94.54969673459578,84.03581599667405,0.07717818959773917,0.0028562455619234534,1.4863415768685748,0.3472686241358606
529.13,28.05,3.94,61.03,50.1,512.471483374157,1136.8956932464635,1483.6208049552572,703.1006257167037,704.7274094822396,24.717514061039985,168.27659251248025,114.02114472323396,0.05761487070479513,0.004200256115604949,2.8119677111818784,0.5387089988145559
657.72,25.88,3.39,58.2,50.1,589.4759990304614,1563.0606936185447,1467.121976986057,740.0122964938734,981.82373076551,22.40803802816018,158.41364092834746,107.53052214913387,0.06039227298749684,0.003331294247461465,3.0496903263885238,0.5085088755048233
153.0,18.92,3.16,62.21,40.53,965.0050635457458,3179.942637354634,2863.2400799536754,915.7564600933267,1192.5767133395386,30.93658788224198,120.88933292980323,118.59072720815263,0.05575823768447639,0.0019613380615309045,3.5475956082736,0.5813137660088863
407.79,17.61,2.28,98.83,48.92,1220.6115034812806,4142.06235329395,2482.4408448282556,969.4123688664505,1129.5824093100268,19.464295561013472,113.79501485857016,98.2966223491095,0.06214175074620677,0.0016610857734583114,2.0779945884602817,0.5569702392893213
611.1,11.19,2.6,82.69,46.67,1464.3348498352618,7370.756444846352,3131.7648228620515,1053.3730467606777,1518.2360080991652,26.278704168086804,84.19792436241488,89.96661579289776,0.06739598450340481,0.0014994701581502944,2.915048068205698,0.5258993507516055
426.96,11.18,2.81,86.73,47.09,1364.3452859123536,7343.988653720221,3319.0262493051773,1087.8450257721413,1561.511918201646,29.14144492281606,83.43480340305277,90.63965691861699,0.06742468939559482,0.0012928198431236394,3.789814008015737,0.5290154195175415
515.27,24.82,3.48,97.45,51.37,597.6923455109852,1727.9001351666404,1584.5229795821817,792.6566284600243,977.7865724999125,23.723522983985557,149.6954229098655,108.15549968567593,0.05729094383042111,0.002390339398097403,3.366467670747957,0.5734664561554591
308.16,25.07,4.65,81.48,40.27,1181.8694526999143,691.6810730958575,1731.3565750612695,634.0793139781639,68.95106098866928,16.04045265312065,152.52126812967214,138.22303599775768,0.04739653997945319,0.0077689773766370235,1.625416991911883,0.31180855898345
323.57,20.24,3.97,82.56,41.31,674.2598002681524,1812.136029805848,2072.668168618861,769.2852971818065,634.9521330779634,29.719968109182503,128.97496695821653,119.68848521262039,0.053078646412984605,0.005002251669052449,2.593670521878844,0.5678820569211591
470.4,20.43,2.37,53.39,54.81,1032.2772663843637,3273.8425111130987,1916.121732814804,959.8701766060727,1066.119172622996,17.320638791780098,127.23089983839886,89.46836326028483,0.07245197221330385,0.002863539598511967,1.845993427575402,0.48417429436161796
413.33,25.64,4.79,64.45,49.43,565.2315331606302,793.4925421269878,1514.1926965080402,737.4180231716933,268.59383394170504,24.279096120730866,154.21882484214515,111.53378054090581,0.05774395240828804,0.006637777753309285,1.3787205233406414,0.56823559521039
632.27,23.53,4.83,70.27,46.56,1066.065824752441,627.913240083758,1129.666323661108,709.2996557272229,61.934859062436516,12.661285459068198,148.0930369407782,113.71111938999472,0.05586844114109242,0.005569044307788374,1.685083790788619,0.29627095913473495
467.22,18.0,4.93,90.43,48.67,732.7364515394249,1069.7300608383553,1709.7514111949645,858.8901935532125,166.89682127213277,25.357416806081844,117.74144640071505,100.50840962334489,0.05983494087939779,0.00675110053574262,1.3423027162510242,0.5559519669536325
373.57,21.88,2.06,91.21,49.88,1199.9079921856355,3334.274926138729,2199.5075540866123,910.9752108450539,952.5406940886459,15.899533910833451,132.9902163942748,103.50763540765541,0.05975311255622233,0.0019026457000679115,2.105146437334589,0.42038638111656224
617.6,16.3,2.84,94.54,48.36,981.5268998781959,3862.2694286838937,2203.132329694368,931.0671101229476,1273.728195840919,23.692286269485493,108.27638234166703,96.41090198869944,0.06287244410658056,0.0017895002239433815,3.133807616120325,0.5482613982959924
595.62,26.02,2.04,91.96,56.54,1012.3276128720428,2537.101275419702,1083.7987107473261,858.4281304631606,887.3686018582182,10.654811329648844,155.18487265586762,100.35327633744132,0.061036815759796054,0.0029902795133899445,1.4593742362350899,0.26018363380007953
474.34,20.83,2.19,60.38,54.75,1117.2189765242001,3280.996311275473,1840.4092803049707,953.4944364306438,989.7714830786704,15.401874676470188,130.2387801232609,91.71826904836438,0.06941958051444548,0.0027213409135148597,1.8569004513973764,0.41942099766829405
623.82,24.77,3.94,66.45,47.42,543.1072778170568,1336.2416282869829,1539.9897220631967,719.4000230023285,767.3014780374913,25.579458379354577,152.77216182838796,112.85951357481531,0.05664124964007451,0.003411948755258562,3.0065510280672707,0.5830847975962958
461.49,14.47,4.33,71.25,40.96,870.3516067417281,1846.7496732364023,2221.0914310552234,856.5219122946728,205.4931229714994,29.61024630238531,101.4416684704725,105.64633501950817,0.0585330262320759,0.003734288387831486,1.4298327960545287,0.5422346074430889
188.99,16.78,3.54,50.71,50.97,863.4227395393203,3483.826077758332,2527.050672313065,1096.2479311058532,1099.2135771217843,31.04676615384896,110.4949946979901,93.96935560542995,0.07177435868547712,0.0026037041100350883,4.002342072673689,0.607725872515718
284.81,14.48,2.51,80.23,41.1,1310.3951778342114,5386.020701911179,3287.6894570481977,972.5827029876813,1314.0257692490518,25.877553313791765,98.28066357364074,104.80626023841538,0.059605291248899024,0.001620799496041747,2.7679964445389493,0.5428100369796466
412.47,15.19,3.54,96.78,59.57,828.6049407443787,4038.996087845097,2156.2204806502696,1100.3173134978392,1342.533013459161,28.988455665385608,102.95688353929117,85.14327962616994,0.07174646036149744,0.0018643892970094022,4.705855456458306,0.5622564943330965
426.08,14.12,2.13,72.06,50.63,1534.369512067035,6091.244201662443,2823.541179488655,1079.1038249556204,1240.7400491251533,19.54706647299607,96.86029874601682,88.7467989167841,0.06966647576178983,0.0017025130736555432,2.3220852409939505,0.5550956926779413
690.09,20.06,3.35,57.55,50.73,695.0014491857795,2468.2754113703995,1672.742942761345,853.6537177040475,1191.6348322422336,24.428903693793835,128.466020729923,95.43645387445655,0.06655461205244448,0.0026886473595549433,3.636990641043602,0.5942757182844738
449.97,24.15,2.07,81.05,49.44,1105.1608221254055,2735.9344116720654,1921.0774826084426,835.5034084531339,878.4536742335752,14.61887655229364,144.5258456975457,107.28076980360913,0.05824120615157898,0.0022703590564762924,1.9567706531533626,0.3597104746290614
488.92,27.38,4.87,83.27,59.33,476.2881336789507,843.7014780071361,1241.0353863463986,807.2779759722705,320.2144624801973,23.604135590002155,163.90515938572526,101.63799231416988,0.06193993753081005,0.005679013052617394,1.628162606379934,0.5971540012928955
611.91,20.73,2.43,90.48,58.55,962.7119223990848,3107.864268063358,1464.9271426848595,960.4729899429494,1098.4310537260744,16.184699169965512,130.50060449266894,90.58710639568724,0.06695459496032194,0.0026725327788215745,1.7076622320343187,0.44059285532172177
630.59,23.24,2.93,76.56,55.86,721.6527519477086,2261.261592659924,1464.6684574490994,867.1342999229701,1132.3049691965405,19.98042654552684,143.74406576835105,96.49266245019578,0.06418158344332704,0.0028743584459607102,2.697870875264554,0.5042188006718566
374.38,12.26,3.86,58.44,47.64,929.724349642957,4649.020987649554,2638.6911156936335,1033.456389175439,1098.4918749896085,33.41801781277517,89.5417764551628,90.52860140343961,0.07022015877022122,0.0022719760073586655,4.361902737564542,0.5574891089265672
631.16,21.4,2.12,99.69,55.06,1113.488740544921,3111.3925915236955,1332.727932790118,916.7344601864569,950.5261270861901,12.90355694700097,134.76745692627324,95.81629687208157,0.06297660463835704,0.0026303485558274615,1.552677565443173,0.3355133588504364
161.06,23.86,3.68,59.73,40.89,751.2371251839623,1846.4539008471477,2411.926450297145,768.0471266310178,892.528544762528,31.86103825239571,144.88865534656392,131.26249190638492,0.05176755089606951,0.0044610368535060755,3.1261897730110517,0.6039973323034802
572.28,23.47,4.36,55.73,58.56,498.41150616890366,1427.7322043944703,1356.0156987284581,861.8741982530674,689.6790537649518,25.874906474319193,145.06131974165234,91.15643189824608,0.07160239730055805,0.003358533875575838,2.9843324909517874,0.6304241434027249
440.11,22.65,4.26,91.77,56.33,549.3356491365153,1497.375703361855,1533.0942426794174,879.7846303490012,606.1541883413169,26.178001710173653,139.3909755194772,98.43207385354496,0.06297533405622623,0.004167475202475224,2.70824910828756,0.5912071834334448
433.94,12.31,4.2,76.19,42.02,983.3526977762654,2814.127163123724,2515.907419405331,933.7673432667405,236.42918346671587,31.55814844734638,91.09047489342177,100.89599926831568,0.0617224607660119,0.004415484372098868,1.5049574836781672,0.535933169346671
390.63,21.45,4.06,94.98,43.99,637.0166493534224,1448.5969958661155,1882.9732914319861,765.474132941415,613.8239298989204,27.96358417932945,134.81342985110572,116.30791311555598,0.0533391518036976,0.004331768641557654,2.5892828448162155,0.5670950490359008
417.67,23.52,2.65,88.44,44.07,878.0799538145056,2226.9699655470836,2170.4254890478805,760.4025790750941,952.4296436278864,21.216495207303282,142.9021172230771,118.44187423549214,0.053015198660884166,0.001877602467245754,2.296538579312257,0.4824693414031031
650.53,10.36,2.71,58.17,51.45,1488.681362237169,8169.975340876545,3066.5655622832933,1118.882527674263,1610.6085284871417,27.225378940193302,81.03968462939241,81.11247600057345,0.07664274872271948,0.0018340677834446663,3.1375920619299595,0.5455750695127549
234.66,28.5,4.9,65.57,46.32,1198.493832359369,597.6275289765745,1675.4671140416065,683.8700758249938,65.60769901341322,14.05453593568597,168.11823092799517,129.45282913803769,0.0523491326207469,0.006665386477169354,1.7590198908425088,0.27931065766222607
234.03,26.8,3.14,53.37,45.98,752.7117922054513,1793.3820280695543,2221.2726640895175,764.6581728581671,920.4878563807006,26.110385498998287,158.6539782155425,120.5506315722789,0.0568265240850023,0.003106416786745978,2.8843432099182156,0.5306407906749399
628.71,25.61,2.73,82.66,49.43,757.6092936319902,1888.0578145896293,1583.865138750508,757.5077924242981,954.8396060284629,18.478567317180772,155.65688065782916,111.07393879501392,0.05609304181577287,0.002654709954850578,2.1562288378682104,0.4191104203124808
190.48,23.1,3.42,78.76,56.25,739.411314215602,2377.1045815214397,2153.8766578352515,1038.3559276855467,997.6602544674356,27.7310754410855,140.49560076082298,101.03840077201635,0.06414556256451426,0.0027159838650659455,3.5297722971699326,0.6108813217434831
103.69,17.24,4.28,93.5,48.96,1735.8117372857894,1216.9537123239347,2272.233793575155,1181.7730999803075,77.51903396591655,18.945002916330143,114.21252753133905,107.92288961527713,0.06063879176230881,0.004062349001347922,1.6067303777304003,0.3097609034604386
544.76,27.39,3.23,58.52,40.38,682.0503266521184,1235.6240456393284,1981.7923685515186,587.5949276001763,772.24153227778,25.086623336065337,166.22407394400176,139.23687230299194,0.04838439571606738,0.0027139958719325837,2.439604221164499,0.4443273386234378
235.92,13.23,2.78,64.72,53.99,1255.241690645945,6299.564265715458,3169.146738937717,1221.2492199784444,1490.3798745117253,28.259982901353066,92.8119766647316,86.37243119928164,0.07425161833449857,0.002055720257458387,3.726653277622729,0.5718242709105203
158.43,14.5,3.79,68.37,59.8,911.164993608496,4276.264296935674,2657.134033873313,1333.9424345767102,990.5654360198863,33.46547299750007,100.04697387431628,86.61320037910686,0.07584122712966707,0.0028097894438611016,3.823589314653699,0.5930626410657015
330.0,24.78,4.79,54.47,44.04,1167.8791791141753,627.4728594948002,1566.257164074292,693.334021023172,65.54356015775913,14.160021671689554,151.47130975809156,121.51884630004783,0.055531120084203495,0.005872084318289427,1.6919232478146233,0.30457189915437205
274.26,17.47,3.44,70.26,42.37,836.4194786487338,2974.861835642058,2446.5602810107307,885.6580179620414,1083.1891635320783,29.704633811248033,114.02141548035348,109.46326185272186,0.05819144962463454,0.002402454385810531,3.8104647428474885,0.5652761725938878
420.38,26.52,4.43,51.32,49.43,527.8246574699886,999.8056718122682,1548.6310341181447,727.687858222949,403.48745124089163,25.641499527174982,159.59496559534128,110.53787798778181,0.06119805658407378,0.006859539215019793,1.8941957584660254,0.5808656166161134
320.74,10.55,3.31,51.75,44.67,1222.1796725783543,7325.555985416246,3320.861102961668,1088.9397659236101,1596.7432697597858,33.536127713826815,80.66956321038829,90.51928101122327,0.07109108686398372,0.0015287826338943754,5.095254723911902,0.5514204743517449
694.24,23.92,2.82,62.37,51.51,743.2227021677959,2120.1915488025093,1489.7657079266887,804.127286485086,1052.4478708375543,19.05650391753998,147.32798758672303,101.13823273497805,0.06271070737212683,0.0030785650940544115,2.38196762902275,0.45962734538556455
287.47,20.37,3.48,84.28,49.3,733.557831392431,2451.372975007793,2116.567436588785,916.2751839644462,992.4232806763971,27.579011314392034,127.22326519149357,104.19048564894315,0.060457115520538625,0.002577309063605481,3.646395932292464,0.5797098322439634
546.74,16.49,2.78,72.78,59.2,990.58846368813,4070.2264812834924,1971.1685913937242,1056.1949114236754,1335.5574187165296,22.06140707761874,109.60176847577266,83.5945050266175,0.07376498264957525,0.002315095849544015,2.924222936364562,0.5765693631385782
560.59,13.99,3.39,90.43,53.16,915.7799167347448,4430.044165072349,2289.707140780818,1026.8507124309192,1401.1681034879148,29.08641975897444,98.49280171343577,88.42283430215087,0.06864877790880054,0.0017951627567879868,4.462306345015395,0.5478771339010039
201.52,24.53,2.59,64.28,47.18,977.5710086862496,2685.8405990363613,2603.1909388090817,880.8278200125173,1044.1974383906957,23.588501566178138,146.2842581174488,114.40328806162927,0.057824931955363194,0.002574733831762277,2.4456222712400004,0.5298352215078155
584.6,19.69,3.46,94.64,43.09,717.981978243833,2206.988277305063,1962.9305132419026,777.5349910549968,1006.460764392356,26.711787877611485,126.97415566273489,112.81408227191501,0.054656304383672596,0.0018148063766462309,3.4236190883475905,0.5574872633878923
273.9,17.54,2.63,96.09,40.45,1111.5765246448723,3696.7468855587017,2903.8643224167195,883.9453640779886,1056.2237748215114,25.228665310395648,113.16588718948783,113.52535006780933,0.054933198904314015,0.002457580888929238,2.4757179502469238,0.5497483969831282
272.86,27.11,2.81,91.41,55.76,780.0819203163092,2112.632223810038,1973.0475834136441,902.0324124075705,982.7858613738249,21.446817070538568,158.84801560837053,106.38872996196909,0.05958756382127938,0.0023685882262995048,2.6722661865116812,0.5069853926960848
276.4,11.14,2.33,50.57,56.61,1718.1704222163905,8779.698577959965,3764.263322229374,1306.0378366500634,1448.4726121507529,25.830423870795194,82.60228316991443,77.93541545074662,0.08437547655123202,0.0022956897161165836,2.4915574143960497,0.5817408264755796
120.77,14.52,4.69,81.23,51.61,1898.010688522479,1094.7793218304935,2238.706899857026,1233.032154988131,76.04993647238165,16.522741959190665,101.49875833927561,99.03299567237836,0.06603107129252608,0.0032011801931791308,1.771604936845769,0.34653721515399544
568.96,22.09,4.18,70.32,42.17,592.7875545379334,1304.8345661176031,1742.7029888973302,698.5151033954243,616.7006195222219,27.647561676031323,140.12195837294476,119.91514331690243,0.05300640060846948,0.004877643357977351,2.5892159659246046,0.5777565843754714
452.85,29.3,3.05,90.75,59.96,616.3786484799489,1647.3471473404,1398.487272264182,838.2474768078409,985.5423561890311,19.489400659353052,170.56809750391915,102.78111945945052,0.06092741400964658,0.003148283711561382,2.745461703931809,0.46365240819864323
308.37,26.4,2.29,93.78,40.01,1065.8807080521563,2091.900518327711,2683.966829370073,667.4216866956915,818.6920189717063,20.92450141250605,156.1139335834238,139.3513885637647,0.046445623882724794,0.0022196195825885468,2.0083373200385553,0.3955109317210508
433.57,22.47,2.61,93.26,45.01,905.2619535331083,2458.423519389349,2146.453131663052,793.4663534887995,1001.0903270653571,20.716247067902888,137.9889886228235,114.12835959627527,0.05452945172346994,0.0018520551764000695,2.296530766618766,0.49289483568564335
371.82,25.54,2.52,91.28,50.07,877.8115087286125,2239.3328943378006,2017.1009082394592,822.6888915888221,932.5645315922437,19.07409178688796,150.92207440113324,110.83804677528276,0.05652483815689551,0.0021162014513465993,2.082274202424832,0.45239000592999307
335.52,11.87,2.41,65.74,56.53,1555.3499356785753,7432.8101799477445,3335.5847011056067,1238.6734980073454,1374.4711328910398,24.914499771048487,85.93180467099894,80.35132989408037,0.07766823770918321,0.0021981980730930053,2.4032422547695855,0.5588261673420692
184.72,14.5,3.13,56.88,58.92,1065.0515097154148,5280.57999690944,2889.006093959253,1306.6983389130373,1400.3507600352564,30.22612396583745,99.26124360027042,83.78988963227955,0.07950013115373704,0.002654370285229161,4.297583964062066,0.6024246754994695
196.27,11.07,2.6,89.95,58.52,1568.5337414255894,8897.384059828399,3831.4149161495193,1415.2470710423324,1660.3729062237405,29.387936988329592,82.60436469949397,82.80202577301264,0.0758041136837841,0.0015341229302199583,3.4669082493212358,0.5524842164280961
176.86,29.95,2.29,62.18,57.33,1041.2750215047029,2702.9140296741502,2491.5861791503926,982.5016620793372,1013.8781876720327,19.955684020426126,171.38963271026753,107.4558191222215,0.06352392264661748,0.0037985109190845083,2.021005000086632,0.4371915049667631
279.72,23.96,3.11,54.87,44.81,772.4695449605358,2042.0979050089331,2211.4016492259275,787.7023725271662,956.6995518498087,25.602521431697298,144.52103808540608,115.43158607267489,0.05784594506453865,0.0025976774831757755,3.008247887378039,0.5696424075657681
379.27,10.81,3.37,62.1,48.23,1160.8670045845067,7000.045126738504,3103.4572468387287,1103.1360154304248,1568.4014795460603,32.960039746811184,81.88689173353299,87.76653994991126,0.0717211392283575,0.00148954483433377,5.135018729251037,0.5454318259622484
128.37,25.31,4.57,75.6,45.35,1485.943080358197,819.1524245734305,2034.22168189665,829.7459617532585,72.0507172025911,16.19961505493023,153.1002684104947,129.05321978240576,0.052282981627056815,0.006176608379016301,1.7439421533029016,0.3081055671358746
326.72,29.68,3.78,64.71,47.9,570.5592578081045,1148.1228435474889,1786.3192777359923,685.2683581886886,681.8695359056632,26.42143525777488,173.1166651576804,124.7934661213451,0.053619725530052814,0.0050580680532022835,2.70914140719866,0.5264095165119814
174.83,27.03,4.46,83.26,54.89,1357.522212330612,728.7974936169778,1615.7286919198282,911.080886998754,62.86322855992442,13.072855580049092,160.90795834300644,112.03236191205337,0.05873314080472193,0.005127487492090647,1.8105255420444144,0.2884794736034454
179.83,12.91,4.9,79.15,47.19,1875.8345709196349,1058.9847454817616,2165.6943793575215,1084.8100474416092,75.32427463075115,15.927140530589428,93.3652550215065,99.1134279583392,0.06452900324637093,0.0030178177575406018,1.7807994009513688,0.37249573037315625
505.46,15.8,3.85,71.52,48.58,751.7760942355424,3024.4536663557574,2093.3956316784393,929.1068854599215,1010.2484670372951,29.884215566751266,106.76937584924197,95.32466599247076,0.06523931598149985,0.0024154735102029008,3.977905840137493,0.5613853655196442
440.64,11.44,2.59,51.09,57.8,1458.037614324838,7409.728302785716,3074.3889339568746,1205.4676440981611,1498.0119412906386,25.75055114311563,85.20110195890635,76.05632535458591,0.0847706713779717,0.002117191571758625,2.888340480768274,0.5785614156337429
144.13,18.95,4.02,57.24,55.49,1387.5023100965434,1272.4577869935727,2047.6677593209731,1168.8753241385875,75.84398366155644,19.73365476564302,121.63637143570861,95.77056623792028,0.07108652217867475,0.004192730923280774,1.409946759276348,0.31151817306184953
629.62,16.02,4.2,59.19,50.38,673.4513740954466,2692.0528255769646,1867.9889536872356,913.5930813928226,896.3634862999743,30.39126579326304,109.6575872976603,91.56953731544564,0.06889372531246829,0.0028849235554631618,3.6881853458712683,0.5761844146650398
583.41,21.89,2.58,53.43,46.87,905.2200218928001,2477.2268476319987,1904.1001468781699,805.9169800785053,992.358523708877,19.117185272420514,136.99507324123044,103.56127662434403,0.06244022557868419,0.0027327101137269404,2.084288931876405,0.4670168417332851
509.19,17.82,3.62,67.63,57.86,707.78281991857,2955.976995801129,1806.3729632586949,992.6884821631443,1239.6941944314183,27.119686425361998,116.97454545662406,86.8226799822725,0.07217682654466041,0.0024345210781748588,4.309223795375082,0.588525098387641
221.72,28.72,2.08,52.27,46.5,1169.9345210072315,2515.049231599053,2731.1064209756546,775.575017018866,878.0569249796083,18.87858385234115,165.9390758429807,122.04224868432115,0.05675155729253221,0.0035197267185850772,2.2103279769800634,0.37895653483772923
524.15,28.58,4.54,82.94,52.72,478.21131790949505,861.5099155265985,1350.716479379525,716.9973913228894,421.8593612878829,24.365003804506266,169.1654338211003,113.3930581833011,0.05595193548046444,0.006010739027597279,2.005633915166328,0.5625706862488811
508.81,20.15,4.95,99.31,59.02,582.312012321909,1156.1068900719013,1459.2830336702548,921.3415379141277,295.9741317666727,25.85970390103433,128.1899994286153,92.42086203514647,0.06591503494913672,0.00446120855706372,1.5243533570710281,0.5803327182144514
520.82,26.1,4.08,93.73,45.05,548.7141247751637,1093.0087117504866,1650.1666689695003,671.4912751188165,598.22901725172,26.338640011521026,157.40838762378283,124.69081008418439,0.05072887228028017,0.00514168726998447,2.5359051871412106,0.5610428262529984
468.16,27.17,3.7,72.24,42.84,594.8533183344903,1169.071584468721,1824.3955911518153,630.9920556229966,718.3813656291558,26.58725167964309,163.63122726640282,132.6590867105114,0.04925110926026662,0.004231556445506935,2.7123893843592053,0.5134490544006282
271.78,15.18,4.77,83.35,58.37,1609.156057368452,905.8688739617461,1606.646388458128,1109.3941089338614,68.81885323575871,13.490550103458977,103.65548497050567,88.12687212175987,0.07154819170134946,0.0030469645893145166,1.7830123658660662,0.35177296006042996
577.48,27.06,4.14,83.17,40.49,565.9256253227401,899.3273689771536,1769.9550010438375,574.3222436264634,560.5461929569516,27.672803273874308,165.07329259164908,142.82591100745557,0.0455517797680503,0.006070348840161775,2.316174548694742,0.5041544762418992
111.08,13.89,4.55,98.0,40.61,1849.127197035051,1274.939234864759,2451.2883775170894,1063.1519040509827,81.50239712158559,19.933201740767966,98.3058268223763,114.86998392622216,0.05629073733573718,0.003900246819448337,1.6055795629686849,0.3391211475800255
548.41,10.11,4.26,87.33,50.2,990.2579120735236,5469.829648836211,2695.631573505388,1070.2061027016293,646.9510092081869,35.48974607057547,79.99866303757229,87.51511612828344,0.06987598525260483,0.0026071041649839413,2.707505015858759,0.5272543834012607
408.83,12.71,4.83,65.13,52.5,1353.1198884777327,1137.5813317933214,1872.6052507681272,1036.08370749391,83.09136798401295,20.351477036722233,92.52677019759753,87.07229955249281,0.07189508253357962,0.003285077118304503,1.3767528899102386,0.41737862423939665
401.41,11.71,4.8,58.79,42.47,1663.7266661526937,1188.2493948325555,2026.6332045948109,939.9883993534609,78.7746535030017,18.670785732206095,89.81388073197824,98.2942216259074,0.0647835397716741,0.0033301855977800983,1.5528819039378632,0.38016947522711275
511.87,12.88,2.9,61.39,43.95,1178.5873338372517,5357.1071634220525,2889.1262587240035,977.1641187616849,1371.6615093149776,28.001276294639872,92.57614340780968,94.69421059532725,0.065930301851044,0.0015793832033518195,3.5508275018674476,0.5463458907449587
696.66,20.25,4.62,92.19,47.56,544.2228680486895,1462.0839555887292,1546.6111698938807,779.9180667020095,496.9944695235294,28.515564212326915,133.04917174741294,106.73343440541761,0.05749965508815333,0.004823833554632382,2.2268529980639546,0.5678425168594606
651.3,21.37,4.37,55.53,54.7,520.1932238018788,1652.0575296678035,1442.5733109878067,847.9259998435407,757.9858867671351,27.401667563022396,135.8783124313716,92.85022425767617,0.06953201650316336,0.003243612789835094,3.2181275606446356,0.613558012723772
266.69,21.86,4.65,74.66,59.56,1274.5353179961905,708.2149458972276,1343.4216948072064,993.4379535588514,62.60121755600713,12.362293073222222,135.28817311389056,94.40816096365965,0.06818877513325183,0.004429154383260932,1.7513048902705344,0.31965477104115747
149.76,18.18,3.22,62.8,44.68,955.3023357104732,3482.855206647086,2803.713874429347,1020.2629558074644,1231.409183923807,30.904015779915873,116.85099599253476,108.92857289663148,0.060609978856199814,0.001979350282258994,3.8199337940005194,0.5866411601810999
266.19,17.32,4.97,65.31,58.11,1485.4150337061571,765.9996446987374,1523.5794726311149,1054.930152605679,66.84659835154405,12.34825727609243,114.16101814565603,89.25506037482397,0.07275807224361616,0.003746512169664619,1.838615554993717,0.3564662735279668
292.79,11.53,4.01,71.83,44.81,966.8607429459448,4903.194828960946,2804.485879259399,1044.6353907457294,868.8116705278677,34.96648639547219,86.04612301164035,95.83336813533985,0.06564824781848741,0.0027516297409839034,3.568961001015812,0.541140264263383
655.88,23.83,3.89,55.77,58.76,515.946594332455,1777.592075071048,1317.795695815588,854.2327102302407,1131.2926069455436,24.692310316852335,147.2053432610618,90.79513024425015,0.07154848985593189,0.003612282280690835,4.0354144863832735,0.6302617880079638
515.45,13.95,3.92,53.59,54.54,800.2697946784826,3851.1218860154772,2155.1744617081677,1032.7802202454882,1144.0433346046925,31.152159112317463,98.76074944463895,83.1666113210636,0.0771240970672162,0.002230344477571992,4.429738236198026,0.5833507343396702
378.51,12.4,2.76,70.56,48.34,1288.2970506206473,6371.489605346049,3139.684151362677,1085.5523675409506,1471.0990229538934,27.750332819327493,88.93490185552905,89.82463052055465,0.06915587766045599,0.0014227929010827318,3.5710951994101676,0.5460582920339893
487.1,22.52,2.86,76.72,47.66,800.25556582274,2287.9549786454554,1936.8938996297,811.4599130954601,1006.1708235586266,21.733869180857003,138.1763808113219,107.72737789931274,0.05817781817979677,0.002167168288554088,2.699337205490065,0.5348278314869486
137.94,26.37,2.5,97.88,43.68,1114.5654893416388,2804.9308221253204,3077.0561988310906,839.16574633202,1117.136888196117,25.9848533721616,155.45405810058637,132.59677539978057,0.04953239704608068,0.0019261270363056155,2.2576363246382667,0.496741135205489
642.47,15.54,4.22,59.46,49.33,687.277212377016,2787.636767867277,1909.3240598357636,912.2485076707829,899.0753791477787,30.931755375913102,107.46783446692015,92.14287433324952,0.06828781041290799,0.002821050424590742,3.7024990215244626,0.5713780823573538
684.98,16.18,2.42,96.78,40.7,1203.3016744112317,3964.3155130967616,2458.75816399322,848.3412128332592,1128.9617599085955,21.059361461797458,109.05723507393476,107.83269653078982,0.056320537890407155,0.0016590343821296556,1.9919069896024695,0.5358926754121353
559.42,23.81,4.43,69.44,48.03,536.8681612667713,1116.7489107855513,1523.7890778568544,737.8807045569955,499.2069752659491,26.191326326222004,148.19740333972769,111.01002618304068,0.057327057750509516,0.0053791042705355315,2.2528431725108216,0.5955083479472236
115.55,25.11,4.61,94.98,49.58,1560.3023738463462,823.6377863419724,2041.2675470678087,943.5307658113779,71.66535050719021,15.467856915402416,152.63484396873108,122.04983310681294,0.054417330759480464,0.005302567880414697,1.8039555626512147,0.31029615998322096
457.9,11.81,2.96,77.69,57.11,1221.1041016478318,6631.468976121001,2824.393845751818,1166.325775108965,1574.2285458990893,28.37660426403255,87.08511181583275,81.22697639425348,0.07561108951287468,0.0016849861294032117,4.0025213755728775,0.549208475514821
459.09,15.6,3.98,79.56,46.31,754.7762555261208,2788.5469120440976,2152.231064197582,912.0011483973402,868.6561733632861,30.586433010434913,105.8761073265958,99.31832848855792,0.06224656661480699,0.0029181343427407865,3.577408651276956,0.55291168000039
390.29,28.74,3.7,81.24,41.44,614.4458783385306,1054.892489691674,1973.5994510515607,584.9056154569881,687.3902394891471,28.012277170935647,170.68609035743694,145.12597780191908,0.045578894178521005,0.00483410121593867,2.5757636729862163,0.4872950936660596
675.44,21.72,2.07,81.32,52.06,1123.9785011544632,3115.178965245091,1306.5385645933252,876.5166269955129,961.3916776805979,12.247958098401838,135.26097833526137,98.36175363620639,0.062129116343397,0.0026563018626495852,1.5662393928645095,0.3148295572848059
307.61,19.41,4.82,65.06,43.35,1387.9694922930912,743.8698140322505,1654.5277029846984,796.8378623599119,66.78099538042055,13.623356214123028,125.33797577297676,112.89928743036256,0.05737939758336524,0.004755256513302264,1.7764795411987764,0.33352530527703494
324.64,21.25,3.78,51.59,57.57,640.862217047506,2161.1264744948317,1816.181350809133,975.9313477707921,855.489557329164,26.98494566170289,132.48586083821843,89.71164050627293,0.0746038972134425,0.003283512002336031,3.436561667705331,0.6329674189204253
362.44,11.95,3.44,59.97,47.27,1057.6278163218926,5656.78719288358,2891.321269497839,1057.5284966911024,1403.1496762816512,32.423262786533215,87.99194850677306,90.43960042958317,0.07007269672600214,0.0016016880033686864,4.799421785933323,0.553842614861
677.39,12.73,3.79,86.95,45.16,889.5043381684037,4285.964137066807,2394.5152028754615,940.6684306190618,1260.7947625322956,32.08069214378031,93.34414066885859,95.7466156475081,0.06345094263195049,0.0014557639000046957,4.582493930764577,0.5321543628085353
668.22,28.99,4.49,90.67,48.89,453.12405254892445,860.605873222991,1354.4254794015537,646.7169494441324,504.663126191098,25.628480915457683,175.50411067508605,123.54317795938712,0.05122009673709827,0.006213913644961771,2.2410468486531725,0.5424884099140125
502.88,13.91,2.49,99.67,54.8,1296.5661352914206,5499.381729429991,2554.5127927405943,1093.014951698794,1302.0959534080712,22.461745179427982,97.1535412738302,86.35098508065326,0.06985265799377147,0.001751008501420033,2.3741838914139652,0.5460880607122157
631.35,29.83,3.89,89.47,49.1,498.007179860199,1005.6784804852718,1426.5399942032477,650.587041546544,712.8943759503376,24.31193711025075,178.36253451029842,124.14760187376044,0.05120176188051405,0.0034737225831075746,2.7288213232627174,0.49696583940309197
513.13,18.43,3.8,57.46,51.08,671.4970634559076,2498.4188948448796,1837.0421720422314,902.6673127718631,1011.1444922770216,27.684105540607383,119.18723943626674,93.64729769659445,0.0683134554299168,0.002373993485842344,3.8911442747601366,0.5913208302623102
112.53,25.46,2.17,85.83,59.17,1355.2617608049227,4206.1819774022215,3227.0996491139463,1288.425587906179,1233.7534568424032,22.795518674985946,151.07664057706606,104.49285774358934,0.06359474271457007,0.002667170988615513,2.299045469561073,0.519398035301609
311.27,18.04,4.66,54.76,55.72,1280.1638864445424,823.1552095170691,1509.367617509797,996.5156749840268,68.83228436212296,14.99198983937697,117.11778270466036,89.36312881849354,0.07360160841105226,0.0049046698803100345,1.588416128071902,0.348950332580591
292.23,18.53,2.94,72.65,44.64,931.7405007317678,3227.023918524187,2512.8559393780547,905.6816663974935,1157.1933498803612,26.04236896098085,118.0557237488098,106.44990480099287,0.05948324797911212,0.0016611660492974597,3.331067212068783,0.5699965002090293
220.41,26.95,3.4,60.77,54.93,671.0588109933037,1864.6451873952296,1970.5014766867453,910.0108992338395,915.3906903795429,25.97339613402833,158.09198181209788,105.36824482366136,0.06379414533771743,0.00324155211099612,3.2605418969749556,0.5977222478648573
156.22,28.93,3.16,52.18,40.82,848.3285226871278,1694.811736506993,2678.6557469473264,657.9809587054314,961.6950761617396,30.76393987715586,169.4608997202107,147.40410657544618,0.04874112578024041,0.003222843817744948,2.7049387010691057,0.4891733401572779
241.42,19.99,4.9,91.14,47.72,1424.0657944529407,726.0697657795031,1700.4427967357885,876.2518430261113,66.28242538170339,13.246861611157625,127.29415523293409,109.43642015310444,0.05803736257172211,0.0043085775094179705,1.826255656944911,0.33161964505606717
474.63,14.81,2.86,83.25,50.73,1064.2688379400252,4568.465482413572,2489.13040162673,1016.3101079860262,1342.2354748011155,25.484450951531237,101.74907722317879,91.40297678509339,0.06701828346651933,0.0017100674656781907,3.391338573421346,0.5528818001586536
197.16,27.19,4.18,96.51,43.67,626.1123633541289,1191.6803119595065,2055.0427745453767,701.9368956930342,556.665815851865,30.678621301135983,161.57330577868456,136.3094734275954,0.04817922202438496,0.007249120515716826,2.2884979354157773,0.5759588695822757
178.31,26.15,3.0,99.43,54.91,813.5138122371629,2382.5019992565935,2290.958338924964,986.8180752837493,1069.6470449221144,25.581195953621826,154.2157721494227,108.97418257802806,0.05884476855796448,0.00216717213491015,3.1676306631495157,0.5856592006396578
215.02,22.79,3.86,80.46,56.16,656.7146883634191,1972.9324605802735,1963.6818448650997,997.9130375194798,726.1028193405131,28.39909323104646,139.67611534693918,100.62386638169382,0.06394499126843152,0.004307890208141432,2.9854624154992817,0.6072231198888747
215.05,27.95,4.34,79.93,57.55,1202.922113932836,711.6587675141708,1427.8493238682063,900.9713806919813,60.59139293612913,13.092744195374966,164.25049463877653,107.47158834881415,0.06088597430242204,0.004803440498497844,1.7038746587910383,0.2850079224526558
558.93,22.28,4.04,78.95,43.23,595.2942009389467,1403.8709741870512,1740.851047776683,713.2294675666625,697.4258020908787,27.448307013548053,141.95508683796803,118.72897148499861,0.05294502118567732,0.004238997576806834,2.817137847020849,0.5750675523072483
596.68,27.66,4.08,77.45,59.64,458.20937684662414,1294.2018070019535,1212.801813645252,807.1311433976376,896.4492507132785,24.009238331418555,164.86426417184433,99.60633701710444,0.06323099745738789,0.0033387986638417654,3.4530738942276895,0.5955134128463924
297.87,23.82,3.04,74.22,46.71,776.959510043312,2138.535226937412,2150.4105668364323,815.8028477001303,984.0252641166259,24.588211866884915,143.6281685655105,113.80742808450854,0.05638896059746525,0.002122679845983067,3.004489874191363,0.5676143544701467
282.5,27.46,3.04,68.98,47.54,735.5086239043994,1746.130141463755,2088.966010678153,759.6825619505578,902.4110618108164,24.1962585321617,160.99195067921363,119.93930915533574,0.0547891654274817,0.002563340650625572,2.7724053730342497,0.5086056265216831
583.68,13.41,4.49,70.53,55.98,755.1071392537956,2891.7082263967272,2039.435792474546,1028.0996731334087,691.0457328080912,32.27268801853248,96.65972369254351,84.1767170252258,0.0732124476512948,0.00245759306294953,3.0432532836979793,0.5602378887852626
191.02,27.74,3.13,66.65,54.48,746.9601710836953,2052.3019534716254,2147.0061077008586,924.3515719862003,1005.4555826413534,25.54183336039559,161.9884795513749,109.29616997410788,0.06123234830615043,0.003063756989382175,3.155025567507096,0.5643135867744432
695.02,10.54,3.75,94.8,53.31,1027.7123233397951,6715.417695982081,2582.2973422554255,1085.108148850098,1746.4525515788441,33.63126869109088,82.97003336100931,84.28853275325825,0.0713247778520375,0.0017012486840560013,5.747995809679259,0.5268926403095288
560.16,25.45,4.83,86.54,51.1,516.435195400573,841.6613358987488,1375.3037595209196,738.6022132099779,323.32735433717056,24.382794891538524,154.92705500966417,110.6096473680005,0.05656839338779823,0.006123611291270192,1.6237638617140353,0.587371901061335
231.38,25.09,2.67,53.14,54.75,886.1665606773802,2599.178258097178,2264.1634177095257,963.2249852878058,996.4694128019154,22.19769803186179,149.0822548836473,99.7560520928027,0.06816628404013889,0.003970201972737688,2.5164278115021754,0.5399438383147953
624.33,10.19,2.06,56.44,49.75,2053.7643694129133,9522.720994819312,3074.2958826132026,1140.3679629392045,1403.041856977876,20.307147231026192,79.80945869043687,81.73276039682898,0.07613344215590218,0.0018857761906850253,2.383404020690192,0.5430471507263648
102.67,17.2,3.51,60.63,44.83,987.2259869274508,3772.5089780332155,2992.6976280453905,1137.7904574964182,1260.851457179069,35.059462574515436,113.39010758383326,110.59656985157257,0.06122528816698863,0.0027160382612385642,4.005566861125691,0.5934640373467062
496.08,12.08,2.86,88.84,48.21,1249.447963824884,6290.174226322334,2968.1819095503183,1055.84968007083,1483.938652379915,28.067514362493895,88.3078200001405,90.56943345014695,0.06716707498107324,0.0014537709889507885,3.684459918433861,0.5330399884305406
678.07,16.48,4.66,98.65,56.18,598.8876603731875,2287.5070397360037,1655.5551176274425,945.61893518795,648.905583041152,30.784119393581324,112.54767640901679,89.99895111578543,0.06720319276150157,0.003075842447266898,2.8884119178535945,0.5607060946482394
355.12,17.05,3.84,56.65,42.15,753.836244847279,2524.442391190824,2228.872890405042,851.4682008058708,872.9443999857999,30.288369587437018,112.26990496996883,106.7095319773668,0.06038932556824401,0.003404424553504488,3.4861186339748196,0.5720860151718734
185.17,27.54,4.36,92.0,56.17,1320.0319636610616,736.8063493751516,1544.4223524151257,913.2806409992827,61.55474907915586,12.99456194683701,163.04161300321863,111.11111115671699,0.058559624834708966,0.00514656854709962,1.7831827928922628,0.2837675374039625
367.26,18.86,3.59,74.92,40.9,748.1708484867976,2332.019287618876,2200.678948502269,795.5595398847173,963.1522822190981,28.85484865361399,121.29143528061584,115.40487738268806,0.054804255482336195,0.0029255276631659304,3.52072904166978,0.5626429369662559
629.92,19.47,4.89,92.06,43.88,1214.7464849161795,708.3248170716329,1290.0539496258077,752.22205923786,65.60672922578111,13.444687335083024,127.1808221105063,112.42151941591226,0.05502329213896002,0.004829222188949162,1.6956909765842016,0.3269064572487421
293.64,15.51,2.95,74.92,47.74,1034.6518434188454,4399.4289034921185,2716.8883329364544,1023.8285049800643,1327.5243342352273,27.342828922456416,103.53327964129201,96.72480909405321,0.06483929694700534,0.0015448233845707685,3.78394938156603,0.5607412359189818
257.34,16.67,4.63,96.53,41.55,1547.2412802362503,913.528109889599,1887.7124442986778,858.1252147237079,70.03905085287599,15.42469174385305,111.09248458676983,113.3663066461686,0.0555296916613404,0.004433273390366491,1.7164846410246941,0.33685664550739564
347.76,10.97,3.27,57.65,48.77,1189.4008182003056,7027.134488876415,3158.156811434231,1121.039673288047,1581.341186573233,32.45349328328663,82.71337004362118,86.82373300456695,0.07325071785548776,0.001559130811769059,4.979896823174136,0.5530786779020092
472.02,26.28,3.68,69.3,54.77,549.3667463089588,1520.4345695674106,1499.3808702673166,806.4919707832534,883.1701941336463,23.999491508391333,157.55042333803274,103.31157629006387,0.062017213609243664,0.003032981671082024,3.2908423470798454,0.5788562271255232
516.02,25.0,2.28,98.58,51.42,944.0509476179409,2418.9965681335048,1669.5984105730186,824.2972508021625,931.6306894785406,15.16514788782733,149.23596191913597,106.85513422735721,0.05761187429357075,0.0023901475305719757,1.7468577819642133,0.3698347418476259
454.42,13.96,3.02,67.99,52.56,1050.7469960096387,4895.600566659282,2541.532343540032,1056.76922189598,1404.6044256611608,27.219865983681498,97.74312728618243,87.10621378233039,0.07150025748449096,0.0018183983042104038,3.8764907969432083,0.5621123862812324
587.94,23.0,4.97,97.48,53.88,530.9626411147619,926.5359163489123,1361.3235369695024,803.4670845198896,318.8015134526693,25.04486412866644,144.56446703452934,102.79518096561102,0.05974450949268383,0.0052255581392574605,1.6089494521201866,0.5855048660593842
689.73,14.47,4.19,87.0,48.77,726.3340824793897,3173.907022425377,2013.3225062237161,927.219291241257,984.6519615769423,31.85023708285212,101.85677540400545,94.2880641167927,0.0645020158692685,0.002370683961549144,4.01057871788364,0.5447256246142805
268.67,11.39,2.64,60.95,46.36,1474.9894459993927,7968.308908941246,3684.0666488369297,1149.5564791506413,1586.1652982270964,29.036764762901026,83.39034346762205,90.71527076906489,0.07014832824190925,0.0016872093453181316,3.5181683767703738,0.5493403862272355
227.24,18.09,4.82,86.38,47.76,1527.4378893935664,802.3628146592989,1787.0548243702901,930.7785394932595,67.77819044150118,13.713484503816325,117.66125335109982,105.63703518936532,0.060145750885356085,0.0039649094902353705,1.8186228231262578,0.34718535221123503
654.34,23.01,3.3,56.26,47.85,658.6962670794546,1887.9920364305522,1651.2487683389768,767.8400635537648,1006.5476613532452,23.272415587235063,142.98217055139608,105.14439732610845,0.06143397274926677,0.0028523620720719138,3.132268031014465,0.5568878604999263
342.84,18.97,4.97,77.95,48.08,1330.0843523789672,702.8249933409273,1527.9749480307266,858.1842261233626,66.74377835459578,13.334976078170683,123.0919448786482,104.65601019172784,0.06046914315301473,0.004564876726671172,1.7546189430383399,0.3513018790794847
340.53,10.78,4.58,98.1,45.0,1630.791701535964,1521.4446558862458,2315.2190715148954,1024.6114270156058,84.93516171429025,22.30373441746976,83.55342090284319,96.61012130952493,0.06396818454469866,0.0028285764726059624,1.4832965653972547,0.3972302303800172
228.71,21.16,3.86,62.13,53.06,680.0715847324097,2116.3599277350954,2039.7916672902284,974.8891615251439,735.1517245847123,28.951440529833565,131.65833304683937,99.37410552648724,0.06618012842320682,0.004244701650863026,3.038395231161073,0.6111666891360269
151.18,25.34,4.74,93.76,50.9,1430.5583721690953,723.2791392208527,1823.3936490497326,898.0636745970261,67.13650577780531,13.86102955619053,153.16933923078625,117.58698160331066,0.055704253297738746,0.005110214044898223,1.8349150206584552,0.2971214477793161
395.58,25.39,2.8,61.67,52.22,773.0319701788088,2076.492734076397,1856.9613615437602,837.289274128365,960.0999033874018,20.51040827532958,151.16291950633507,103.67729632750527,0.0626088607746479,0.0028321522647960463,2.541742906868758,0.49445999877207736
647.46,24.19,4.77,76.5,54.06,854.3586430451297,693.8669160524366,1021.6211314631595,783.20458435694,64.07915350925306,15.06912366444956,150.6453645806227,102.39502937727681,0.061248790721255116,0.0048123205866348745,1.4350503098201945,0.30412513237356176
303.56,23.0,4.2,87.85,48.94,1016.1521127687058,916.8885194498839,1605.587520500376,825.7353942905921,72.44656407771433,17.97922035363415,141.04171597765065,110.92149033611923,0.05714808603937982,0.004942527234936202,1.340002783225556,0.3267706316313566
333.47,11.32,3.07,94.2,52.47,1239.975657075199,7094.07384527791,3194.7208782762696,1172.6151664297126,1578.0528420263977,31.066569755099557,83.95949778120055,86.71985784769662,0.07070721072132452,0.0013119632165029976,4.572186095840525,0.5369785981851012
573.81,11.22,3.58,56.44,46.45,1045.0273106202967,5884.590821924112,2752.9241484361833,1017.9236730755993,1464.1727452329428,32.93034186196985,85.42029576663954,88.80679532090987,0.07076664570168316,0.0016964604516795571,4.966514866688835,0.5472537474513268
656.28,26.75,2.09,91.05,41.56,1069.6157370331412,1885.5419603703635,2029.0888995638072,643.6203140199326,737.5167450711726,15.389265846431503,160.46823564633445,133.39452991495884,0.047454501988510936,0.0022160783072033867,1.8918305024855921,0.2958150552494438
561.95,16.06,3.3,99.96,45.31,858.2318732433439,3425.1413591578544,2237.237182144238,893.6524837857864,1228.8510570554652,27.62506678906617,107.9593831688947,101.52976382795973,0.05997694782481372,0.0016302198029568443,3.9305055458329163,0.5441186837466049
602.68,23.96,2.92,83.62,58.73,705.2365891871152,2233.4897799794758,1364.7083318238488,889.9704472168262,1169.0564306695762,19.012996344843696,146.07632284159305,94.74375141402847,0.06497477330995617,0.002955204433295219,2.667538756817436,0.48807390845870835
155.44,19.78,3.3,99.35,47.33,881.0391815401262,3051.4947749962903,2602.3088520781816,1017.0305158308756,1158.9321371817246,30.250637201515136,124.52882214317445,110.04758730194652,0.058017864194857875,0.0022981697682749416,3.7466865784044927,0.577235747840289
194.24,23.38,2.07,71.24,49.94,1288.0216891295913,3618.106620887756,2850.035650945858,988.153515396142,1019.847861878253,19.196104260100253,140.11139156914652,107.41789639663597,0.060526690090161164,0.0023436047886559786,2.3314561655266886,0.4700759913030607
282.36,14.58,3.73,78.32,52.96,854.9289409264541,3908.7015632698276,2438.123471558347,1090.309682458659,1080.3130510776964,31.45335618000792,100.10547938028886,90.76326968546078,0.06912823069081715,0.002438114615307704,4.221615830467808,0.5646821332987259
264.1,20.28,4.62,57.97,53.24,1386.875556057625,760.4055280058047,1515.4976082671415,944.8917837185098,63.84410644545254,12.768277936881185,128.1246257443011,97.0968148177884,0.06809833346786406,0.003861230357444228,1.7851252539316873,0.3214588477710325
273.78,29.72,3.41,76.42,47.94,641.5367774690411,1375.9282544837347,1951.9785038446564,711.6423849726903,812.4534172277368,25.930130590363856,172.72230738575539,126.86786944267259,0.05197600948801082,0.0033999124197072995,2.845185671428611,0.5088075945843762
221.4,25.12,2.48,80.5,48.41,991.395631138904,2635.382822747885,2521.0254139228527,875.9303630974216,1003.5876933703994,21.913125925252462,149.3206605525492,114.52872076664485,0.05630902079924945,0.0023158491242066983,2.186967714058607,0.49591238412867034
377.44,13.13,3.0,92.13,58.37,1113.052133519614,5830.73553781946,2677.317633221503,1173.0681727502204,1539.885486564313,27.830338136126514,92.67546574455146,83.14943653788052,0.0736151887246317,0.0016322211961332354,4.210333475183847,0.5529643917952894
623.84,22.36,4.56,98.03,55.7,491.85343186785957,1464.2962618862964,1387.1453883472989,840.9096674919027,600.460438466689,27.2066708551513,139.97497267870273,98.68703505097277,0.062046734740296094,0.00392278212216782,2.700774045808539,0.5842061137236252
473.88,26.43,3.49,73.52,55.51,572.2068818062153,1623.1487455660224,1497.8880380737846,818.6887383645617,957.1868168266756,23.065170424238723,157.57888787894166,102.79816700517134,0.0618203032728997,0.002978574685130629,3.3088881128457532,0.5581214304191826
195.57,22.3,4.4,79.52,55.0,1424.911225652913,810.8125047383659,1596.4340392428658,989.4817933157518,63.53971726104799,13.234869597309944,137.80164052390035,102.52290595719387,0.06323917879061607,0.004383904358564382,1.7805892853835938,0.298040960591708
675.56,12.7,3.85,97.91,46.63,878.8300398139955,4221.895717853164,2358.526528716469,957.9884453119399,1235.592504969301,32.27671495303797,93.19642437561778,94.47919296606645,0.06387855939215396,0.0015199581411028567,4.542888821596332,0.5301799485537945
607.72,26.15,2.89,96.74,53.82,688.3155205215221,1858.2279494658917,1441.406641500256,799.9874688448107,1002.0843089917241,18.956948143636268,156.13284207717018,105.66236640128571,0.05821523546086244,0.002763548968212225,2.4575279192805235,0.45264283414764517
540.74,12.6,4.05,94.03,57.13,843.7978376392599,4232.326705504717,2274.8903067677147,1078.4967407523718,1119.9401236242418,32.84098638485777,92.73272977248233,84.03728298917795,0.07212942652398747,0.0016383694164961327,4.4344690304803605,0.5464639225517743
542.19,19.42,2.28,80.6,48.83,1121.7491617327594,3392.981891006117,2032.9231988009467,897.2198043077764,1027.863332537092,17.360330265832147,123.54337515171927,99.6234828683128,0.06169993633182151,0.0020730303554139977,1.875914123037419,0.4702695269543202
569.83,28.39,3.68,77.22,51.09,527.1884496054093,1243.3740127173896,1452.1399536769052,713.0972403242936,816.6301704174336,23.64775556289613,168.7477699593113,114.49519191888925,0.055639641192898714,0.002983363200029401,2.9862364432691746,0.5209492660274726
503.37,11.13,3.32,87.39,55.04,1127.861500434045,6852.676899685035,2805.4893740279563,1138.5522246130358,1637.722125911827,31.391957938746952,83.81078655105088,83.04808925280436,0.07327304285775911,0.001581241948385036,5.02071274270838,0.5370080599446626
536.97,28.62,2.29,65.03,57.83,854.586423331966,2029.8839666837653,1348.1607194810297,828.3184679979831,863.8721508427594,13.360537882949341,166.80449817442414,99.74927642713726,0.06447271433060653,0.003623186770127621,1.5992425907014864,0.32009138528086883
621.71,17.18,2.49,55.77,55.98,1085.823998775018,3919.3929644911395,1840.562957902974,1002.3552424539802,1164.35120103267,18.83699407083979,114.54880124550806,84.16035072438721,0.07531549434415329,0.002825636507314826,1.9715715738367456,0.5471124509245868
216.65,10.37,2.06,65.08,53.32,2115.2568842016844,11047.351586085544,4426.033699874128,1371.7016927629431,1522.5666592063392,24.926730323165323,78.01356937377157,82.90097960040798,0.07699830449964458,0.0016214343223448296,3.039957994048438,0.5536734116932382
648.09,12.92,3.87,69.08,59.87,832.422284260352,4881.562399687927,2092.3656854303463,1086.100598706541,1626.5427459675966,31.685695019982983,94.90335706543718,79.30747163566946,0.0778179582417261,0.0021865287425728835,5.605874149155211,0.5644675818890499
473.03,23.44,2.98,65.03,55.29,727.0171238183365,2261.210148087256,1656.7080099079747,883.6690144634655,1098.394614505066,20.860737236177275,143.16664505819267,96.53010604152884,0.0660467002603119,0.0028598568955700084,2.951752625278407,0.5334070879745114
111.56,18.03,4.75,54.42,40.71,1728.7098905691337,967.8638278440433,2297.141073061326,935.9612342164494,77.70606524564099,17.41496956600929,118.6419156627967,121.13806801082619,0.056691761779596846,0.0048278250306420896,1.7478840001287241,0.33487260098296034
694.83,22.89,2.97,88.69,46.46,739.8866719565442,2048.566806361092,1700.909103833249,760.9039916000849,1023.5871474268001,21.36006047958764,141.7343973229271,111.46341668477575,0.05534614177272643,0.002283893251934021,2.6755117957005945,0.5017322505461004
503.32,24.57,4.42,68.57,55.94,504.2303883769189,1220.664532584574,1395.7900710689337,824.6119705000635,547.3616042170678,25.49473817488635,150.7309214791598,99.36500084927499,0.0641926640057203,0.004610157003830626,2.466902521930077,0.613723993618776
565.25,12.73,2.64,82.02,58.44,1292.5540697855686,6082.2805000153985,2518.8574685309954,1139.2898072079463,1422.795533598676,24.001590979765414,91.92894900108544,80.72594964869792,0.07522117858208022,0.0019259055798641783,2.73963035876193,0.5503910705444672
505.68,16.67,2.96,64.3,47.96,938.9693576699378,3628.4267954369207,2272.7801656459933,929.5384408416905,1240.048812581053,24.950834345554078,110.72232266606495,95.59150464383802,0.06555769840366531,0.0019480538705008836,3.388555203270807,0.5691555045048485
363.93,10.42,3.88,90.1,52.23,1045.7928143442314,6345.180544289599,2923.0106486649297,1141.670358801531,1268.0667019745622,35.14214570503076,80.29082412835112,86.32149767359049,0.07110283592881583,0.0016871642980068457,4.9837147125889585,0.5331264818794534
262.31,26.44,3.85,57.69,59.17,580.8167816205325,1592.7093254179279,1717.5508770370725,932.2627619038624,686.0999893604077,26.18719537590195,156.46082977760358,97.61563477924845,0.06904960576203217,0.004466371483073128,2.866381490253593,0.639583220459791
268.37,25.62,4.2,59.29,54.47,580.8300752900343,1345.4603102918925,1726.4880866960605,867.791429262105,419.7550546884205,26.767887466740998,153.43044677138005,103.53865567019824,0.06448146491661026,0.006050709800566992,1.9242512215050902,0.6330220162318376
119.53,10.82,3.94,67.31,58.93,1120.9943893580266,6570.843499902683,3253.8951777658576,1529.1569874509535,1067.5005043056126,37.753306631602996,83.4421095328333,85.7837637287351,0.07780458961274568,0.0023175447230929487,3.9749017347415965,0.5798868204408599
652.1,27.62,2.81,99.47,57.7,665.2274372815036,1839.6858274710348,1226.1304067663032,812.3877927533073,1056.61390277311,17.264888688784808,163.8525475895657,102.54422497631178,0.0596902412858159,0.003127171497423361,2.2524125535489707,0.41203587532264
477.96,25.8,3.99,99.6,42.51,578.5664756526801,1112.5896903587786,1775.948668133894,644.8144968106783,628.8839412277366,27.145422175100204,157.81612073803913,132.1246354745258,0.048075866550769446,0.005128442403065714,2.5647464875452437,0.5455490202248068
614.92,13.31,3.51,53.31,53.52,914.7456729806481,4677.440497749705,2270.9314515415463,1035.1824008076424,1440.7403042151182,29.90804853205609,95.60024938221392,82.48752558626701,0.07705265871925747,0.002251932892318416,4.677006732669299,0.5751291436363799
395.41,10.69,3.3,63.22,41.63,1210.657196265439,6703.269104785981,3282.4423066548948,1017.2370228856083,1504.0270108005325,33.42257612785598,82.08631513889591,96.36471279704509,0.06503393583799798,0.0013147550043837186,4.727160809781696,0.5330386315437375
667.53,27.81,4.67,64.75,51.71,449.1229270798581,899.3043646949129,1290.916953139233,696.9363050637514,394.83483770356213,25.219217707427212,168.5510339171131,111.28354518651516,0.05822438716106775,0.006277949176084205,1.8376960672783011,0.575793943604338
318.85,18.49,3.12,51.02,42.21,875.5798280194904,2934.19450000249,2434.628274788092,852.5022266336617,1120.7042494571713,27.105263728907598,119.03878812807598,107.77661271563325,0.06094497352027074,0.002126053871063612,3.461236006074034,0.5870181958295041
278.51,19.95,4.13,58.54,53.67,658.2687118788282,1925.863044954506,1917.65715040476,965.7246110652943,566.4811812882631,28.58182972109729,125.79457001745644,95.1387620718845,0.06867482166498681,0.004589194354388558,2.527150679309206,0.6082725431243751
191.95,28.55,2.09,74.79,47.79,1198.3874893372551,2713.075300049607,2803.7189863804842,829.7597348150114,927.3989832848597,19.467555500243222,165.05546379018625,123.42596939732377,0.0535903787062619,0.002586362049064869,2.2209255379107398,0.3953519271661139
313.73,16.23,4.71,87.37,44.7,1529.4366691295247,879.4630163047816,1737.5978769282597,890.9379494588486,68.76658408497461,14.444944812852938,108.81412286841802,105.69424482762489,0.05932814936032359,0.0038396330395069505,1.7410145495102547,0.3432607276185849
536.19,25.55,2.08,94.67,56.66,1011.9383834930215,2613.454417364103,1261.5312559324213,879.0952419868704,918.2127624101137,11.630087827721754,151.6775205342981,99.80405582682756,0.0613895227092895,0.0028090626921613735,1.5937809395553442,0.2918534665286579
185.94,15.66,3.02,54.11,43.74,1072.9303210041726,4371.828208796925,3012.0940303082784,1033.9191984034262,1327.746173117349,29.933022235166167,104.33605880863269,102.3789387639583,0.06426044739578457,0.0017306675181160687,3.849947201388413,0.5789117226312674
601.29,22.7,2.48,67.72,43.83,933.0164610000364,2343.7183428775975,1953.9014197098804,751.4797854898592,956.8299784493228,18.52002061876774,141.1779001349824,114.0498922572843,0.05537788835251736,0.002293269396325371,1.8624457022987448,0.42360690472077317
699.53,16.01,4.03,68.96,43.53,710.9100564800399,2592.2895078218826,2009.6060071807128,834.9611911327002,932.4920049464974,30.775524308737676,110.75613700063886,102.83776413057299,0.06037005079768202,0.0027521574173861845,3.6813385840375776,0.5548591647579318
191.82,28.88,4.56,94.45,52.42,1284.8181432430374,673.3790969675204,1601.0904896054017,813.6230979841766,62.63132163346072,13.120988498054531,169.63818306520224,120.27190371483543,0.054356831541424365,0.005790424798141458,1.8030449681401337,0.27605669272865435
287.8,18.44,3.28,65.81,55.92,815.266084061037,3211.1852580220943,2189.239744275512,1050.237705338484,1190.2038879584925,26.840430749681918,118.63288702013277,90.84674326675857,0.07063217418019022,0.002259523506724136,3.9654411443651285,0.5971145210463316
285.05,29.11,2.05,75.83,58.02,1064.5253571087515,2505.486126978082,1954.0574938043985,918.5626304538118,862.3496146120214,14.45764729955423,166.81210859815823,103.6893474383385,0.06194515140762868,0.0027368401000103172,2.011140177421439,0.3424945235653445
380.02,18.46,4.31,50.21,42.73,722.0964410719482,1398.0414639540948,1990.6647283746076,805.8042618460211,253.59497623233037,28.373677077911015,120.36910612302567,106.84663228721772,0.06061708653304205,0.005045682735000066,1.3931191550877553,0.5855537329920136
576.82,14.97,4.43,94.87,45.79,734.6737397644752,2138.386775126115,2033.4646722712207,887.5265063370082,566.8938071194702,30.86196616738971,104.246715512215,99.70099847269516,0.06065887042434953,0.0031381079478182278,2.547719938438757,0.540602008949199
425.29,18.62,2.93,58.53,57.83,873.8126334602645,3315.2340945546484,1988.0110715547255,1022.3040424243734,1228.5073825894442,22.89003962276214,119.5374465686876,85.97996361702494,0.07462815670288571,0.002605542046014637,3.255116477883938,0.6044731631728997
331.86,12.09,2.66,89.63,56.65,1372.3769208188219,6959.243875131662,3169.3105461516584,1219.6058930683464,1516.3827882841347,26.934592852304107,87.86322915009264,83.24571831501927,0.07361384996654176,0.0014661321510668183,3.3160866984210537,0.5474061147332849
344.35,17.21,2.81,69.35,57.9,986.5724640202174,3974.6403118284466,2306.8751474613036,1092.9884584420543,1274.6068063467417,23.76706632769904,111.91380012066129,86.41056042042266,0.07295439768595828,0.0020589650542947005,3.2662737040295617,0.587162149615293
107.81,16.21,3.02,86.68,43.88,1170.001591299354,4792.093911804609,3358.8646469614146,1160.6390689689479,1467.6962375900293,32.823334530786276,107.89935953873301,110.71968101656323,0.05872819074273828,0.0016112977306530077,3.873173016865494,0.567947815565105
266.58,27.37,3.15,93.34,59.6,679.6379445075174,1962.9552830621276,1809.443383064088,940.9420093197803,995.0503741572726,23.08543807801044,160.2155929899855,102.46357266951573,0.061906745622878796,0.0026350880617685055,3.1837387675241877,0.5571419646956929
645.09,19.32,4.61,78.49,44.17,1125.2490486187241,825.8954694079495,1343.4561424712242,763.9289752875736,67.98035435994986,15.660242110271911,126.50093477332194,110.05968665347318,0.0566011246824282,0.005077129731115823,1.5189953454395344,0.315745824460734
238.83,17.88,3.18,70.56,57.18,879.7082290291339,3607.9851596000426,2367.1576713428053,1125.8095580284134,1244.8063409715016,27.313332443371582,114.99138342695957,90.09370407916518,0.07115094408771497,0.0021053848934137645,4.006207702366459,0.5938588317664074
140.48,26.78,3.48,67.49,41.44,793.0674010890174,1799.5541874215392,2551.2455923949133,732.1915215459946,970.9785654622392,32.22963616483937,159.31110585572978,141.04456098645056,0.048583718421766856,0.0038925727770768854,3.055093706491241,0.5585534204793686
610.0,17.23,3.44,70.52,45.89,776.9688443540365,2928.4837250818,2022.4307474873565,864.0059000293113,1177.903938445809,27.289994413698707,114.74898037538435,100.57675461845719,0.06173171972758863,0.001960113206065036,3.8813890905185473,0.5622091569765595
205.14,12.73,2.83,57.77,48.22,1289.5844223894737,6645.45876352528,3392.0090356020164,1180.8728947059515,1572.4556300104796,29.859332263067685,90.11833703067651,91.45104328825833,0.07102028717608089,0.0018589910862851949,4.021807226618953,0.5678695871199403
698.0,25.16,3.03,64.61,48.57,674.2619549375286,1789.7527159357178,1547.9293390434245,743.4843301080153,991.4142784874398,20.789037029918784,152.78998757152362,109.18199827169408,0.05833213652400137,0.0028741121797191955,2.664472838260196,0.47614408932065383
380.72,15.72,4.75,90.23,47.54,1415.3547250858783,885.8094118325588,1659.6201450613864,917.4879170477192,70.97149742137779,15.651170617871518,107.08044076243912,100.18569389970513,0.062030235595274,0.004708158509693123,1.622812059034905,0.360099325302882
367.54,12.29,4.09,90.14,49.6,918.7047636222447,3556.967484904359,2540.763430445894,1053.1290943283802,473.36434692305966,32.992135906035315,89.54226254750378,91.23096317771933,0.06694132867629723,0.002573502034636277,2.018834470314417,0.5382064587295905
347.83,21.8,4.67,68.48,42.31,1251.199174057093,715.271175604825,1592.2152743268111,724.4640581849407,66.1264896994719,14.363771738822882,137.54778148305041,120.82868621798393,0.05365326675214406,0.005632165931519199,1.6886426972588613,0.320358383044832
432.1,11.22,2.73,74.45,59.22,1395.0979873754727,7570.575255110167,3067.504614980428,1224.651820110941,1548.041556149119,27.32838810184496,83.79732820058238,78.55545999954394,0.07853740369046307,0.0016788675959315106,3.384084876648948,0.5509119276720428
374.07,15.56,3.69,90.49,44.5,816.1907798626404,3229.2130444454565,2349.4138959328493,919.4018327009125,1042.7394394536075,30.537722453899924,104.99973165533135,102.79039558530174,0.06013704173514305,0.002493950199406054,3.999914859633029,0.5477924796134503
514.49,25.25,3.04,98.4,54.23,674.1186258622744,1957.8655466342968,1566.7549067471648,830.0528006423887,1035.9866504707202,20.77037446053407,150.8659408268314,104.09650177587723,0.05920575291235076,0.002521503519376821,2.9112379845862257,0.5126452155066179
508.15,22.02,2.69,62.93,45.93,870.7093247931153,2423.210164746301,2004.7907971568086,799.045909949856,1013.8749598093267,20.63594472744033,136.4852383843422,108.02351895050307,0.05895635526920114,0.0023035048346026544,2.379555415698708,0.49855701340084285
463.8,29.88,3.19,77.05,43.79,661.1802311425784,1178.1337580626482,1911.6575204029552,603.698209541848,756.0993463993865,24.219987707377975,176.82947674823953,138.57210117861095,0.04753890932053364,0.0026193568565163455,2.4060057775127586,0.43191593868313755
188.38,29.73,3.03,61.86,57.67,750.3939166513217,1985.3556724540435,2105.0852321151197,940.5101663392957,1001.2716616456152,24.443113245450803,171.9422134722774,107.23543481357996,0.06370443991985894,0.0037289300149637183,2.9878042367408186,0.5295960340773519
103.67,21.14,3.54,86.71,57.75,875.1934133477528,3124.123040492316,2643.233218756347,1308.5166863134782,1113.5544399065868,33.02438380879909,132.19527140069354,102.32840586333238,0.06496544975603803,0.003136689830035728,3.6816780501605937,0.6135449928225126
141.27,14.53,2.32,69.49,52.84,1553.1140109685618,6775.501075387448,3795.505428046283,1352.2483470215857,1435.8560847939245,26.303979105648864,98.53614461341908,91.94429319257006,0.07085673053792245,0.0018752999344344896,2.4587275643551534,0.5798367857237323
236.17,18.2,2.1,53.15,54.99,1384.0682206955516,4814.184091036941,2839.6232796365707,1143.9445755813642,1120.10063325046,19.267601495934464,115.81000677677385,88.70877532925205,0.0747820962711507,0.002788891682389098,2.35816630728292,0.5696231486817112
105.59,29.06,2.26,61.76,58.74,1275.0971806824446,3747.385936793636,3203.837760009009,1207.5850560224126,1269.5138509661217,24.043583851310597,168.07876913291238,109.1017955018269,0.06483105698047714,0.004205661711442704,2.185443953915325,0.49570632892312005
128.87,23.1,3.94,57.33,46.15,747.4854271145944,1974.1555324463538,2383.381803013342,925.465679613893,746.96253889593,32.92189753396893,141.7187706223212,118.28466693064898,0.05820559134647904,0.00533932066642422,2.8073564225267997,0.620248027636739
248.68,29.21,2.45,72.25,52.08,907.6914959128798,2190.2062951355065,2238.3869314609215,834.9562488484652,904.079895711308,19.989140410664056,168.07412749883042,114.46849370337925,0.05738253238459568,0.003253905953128192,1.9673816347885167,0.4337734942104094
645.72,12.83,2.42,82.06,57.91,1402.4021341991777,6339.42390758525,2297.40207371195,1126.26720286359,1400.3974275501762,20.845674033616405,92.3279084156262,80.77191450310647,0.07472906249176559,0.0020606837376244557,2.0430759253173565,0.5472428529294389
578.44,24.31,4.12,81.85,43.85,559.9406891363834,1180.43810241701,1650.5106850787852,680.4137316145489,626.5910746337252,26.727691513255497,150.6276154591213,122.35643442362678,0.05167676185571985,0.0048233069833151215,2.6051053755708105,0.5806746237062412
394.3,21.94,2.39,55.44,50.3,999.9616895827014,2963.4459726748873,2120.61205614639,894.7290334855119,1049.8158386675634,18.346939317419103,133.87555713814785,98.85948560978531,0.0657361398294172,0.0025473423545877474,1.9868724747155708,0.4800883871698489
112.17,27.7,3.22,53.6,45.41,887.2942290073821,2272.4647931569025,2746.168039894588,853.9056963445969,1147.3964956380278,31.906386250297427,163.24925319810143,131.23395236100657,0.05458395610131656,0.0036546700476782824,3.187334883111746,0.5654738169459469
132.79,12.68,2.69,95.73,52.46,1452.1060742979894,7461.074681127238,3823.368312524826,1398.2682045877755,1636.524719950008,30.833993834695406,90.26869843913711,92.38278889573486,0.0688878203535964,0.001421842897090586,3.693028140866488,0.557437904605205
301.17,16.14,2.65,94.26,55.44,1118.3070607736965,4608.101240251512,2613.3029576379104,1119.5003971976626,1328.4534626680186,23.91633289885069,106.38097020639107,89.75684155389393,0.06854267646534931,0.0015585968126056175,3.0553928893219084,0.564312046588382
670.54,19.37,4.87,70.74,42.71,1167.1038319630363,735.2460345798531,1278.6173920149565,734.0402715937232,67.62257603886694,14.400739734619108,129.82870328656784,112.88432170265968,0.055563555002505004,0.005176448959901366,1.6269282525197384,0.32302369751506643
194.5,15.39,3.37,56.27,54.93,946.9919407537257,4307.9277518674935,2669.8835427959243,1194.2088836853695,1278.4124282314765,30.777462799110385,103.73008009059944,88.43053778751354,0.07497400612384604,0.002291587361448488,4.364783543282324,0.5992173475548755
472.21,16.3,3.41,61.7,41.69,842.7384789517964,3116.9344214012076,2335.2881759545858,847.7540770603001,1127.0496836363918,28.813243203772082,109.84012264164237,105.85480329848731,0.05977008936621172,0.0017766963426555798,3.829853905060984,0.5606403265761183
504.72,28.46,4.25,63.7,49.52,497.7305129673313,960.6083215446387,1472.4457771618684,685.5693594139502,535.5070196446119,25.182265703313867,170.31494876332545,117.01677959110506,0.056138481040968684,0.005911315580185429,2.3533452889803392,0.5450763439112652
215.33,19.41,4.52,64.0,54.7,1494.908522616874,836.0479141890443,1626.2921254442886,1022.6396874369585,65.08052834983397,13.210941195634206,123.99082619732859,96.12207881297674,0.06835306790506739,0.0038391948378813877,1.7948109607104037,0.31671682160494347
635.64,18.29,4.08,96.69,56.55,607.565151954328,2459.860602477306,1631.4739970037951,931.6558119169295,1119.024430228803,28.641897136065438,120.62899853880336,91.53778748149135,0.06628353014887793,0.002209107042028785,4.325465350200305,0.5694544333495615
399.87,10.51,3.14,52.17,51.33,1275.5975605467634,7678.006326361054,3217.7541346069956,1149.3738455808564,1676.498266690813,31.655570026049258,81.31175705921149,82.05430971601444,0.07816942863564924,0.0017339066833588393,4.7525076319335025,0.5615834008377331
636.13,28.03,3.81,79.98,46.4,532.3652033656199,1093.3982655124112,1539.8643531663008,647.727373079041,728.4075602611513,24.91543408795267,169.45121131765862,125.36884925321891,0.050981017534827276,0.0035070361536585952,2.7521769880979594,0.5066399537387967
189.95,10.16,4.65,92.5,57.02,1919.5055727447386,1523.5968669669126,2372.031666838074,1309.4932588026231,81.76614954776747,20.512884646426375,80.09886699103394,85.90594247191049,0.07349268896974182,0.0023340366003920788,1.521051551523941,0.3810272686825873
687.46,27.29,4.55,86.12,41.77,532.9029620330874,743.4466450732318,1582.9957673363776,575.6727240608022,429.2917935233983,26.354885262793314,166.7033318731524,139.0918877748697,0.04638634827762954,0.007112110868638205,1.9300822012906158,0.5018857708911424
218.97,24.84,4.26,72.89,56.59,1244.2752809742813,795.6285869685598,1490.0802291495922,944.3534690112265,62.33931156557212,13.953221782940469,149.72144672114266,102.86796453987176,0.0636574783076694,0.004581657948196133,1.6532701226389566,0.28746504900696374
673.03,15.33,2.77,86.12,58.8,1037.3662032703053,4548.151840445504,1892.5563625697894,1054.1444210529403,1428.8305822294913,22.24509308783666,105.4827862636794,83.52771578168195,0.0722464434516255,0.0023782877930272625,2.8274414718223624,0.5599945229376525
190.35,24.41,2.32,55.52,54.85,1099.30070924737,3230.0480337692807,2628.086567250464,1038.9474175938794,1052.0994248841969,20.82751694396409,145.14604655863963,99.82894169420865,0.06794255268510903,0.0033404790722543066,2.0700531355282634,0.5135376376540891
650.41,13.97,4.35,60.59,45.1,748.5683675093942,2885.721041117867,2123.9972774025696,894.9184410338969,700.1763134834574,32.76777975666401,100.82971071471395,96.15210709857345,0.06513127164434601,0.003379393828487956,3.0161281132614657,0.5559089505230931
429.19,13.54,3.49,73.82,46.34,940.0253380461496,4376.031839347945,2582.1711481648904,983.9093935512564,1254.2494242142257,31.08834649208015,95.7832909075554,95.26047727705503,0.06518328995406739,0.0015459256618396676,4.413318229376477,0.547490923626333
484.66,13.53,2.06,68.94,55.52,1636.3872855379811,6553.888207577593,2508.2278418257265,1137.3403913724424,1209.9721264175032,17.784920685033462,94.21625766506112,82.40891894700503,0.07497572001884348,0.0019679850353687568,2.190932975810361,0.5598680049277284
485.8,15.04,4.55,90.67,50.86,731.2009830562438,2011.810088189651,1981.1020833280875,955.692485278587,445.4906424138176,30.24085807623286,103.10381214212617,93.06684269065549,0.06481619576471939,0.004185364495756542,2.108784898545662,0.5480223975961184
563.17,15.8,2.55,93.68,47.62,1148.1331562307087,4228.872567309667,2397.0162910923077,950.226965881945,1205.9965408356836,22.054706411532646,106.76896153701928,96.6207988119226,0.06276557768191164,0.0017338411180571277,2.3897970320060646,0.5465209644966526
419.88,20.56,2.36,63.63,51.83,1048.8530650558366,3260.1847286190527,2101.8283160240107,935.1292402683966,1065.498653316643,18.15969583941201,127.74271314422755,95.90151955103491,0.0661505141819876,0.0023192095687219823,1.9104279057771305,0.4952244145660599
671.82,27.56,3.59,88.55,55.19,513.7514603110734,1461.7201558490083,1268.6061637739513,764.5383026575403,1064.6966149207435,22.59479071951039,165.36930315952418,106.35862546257931,0.05835269745741105,0.0031035449422488507,3.4004271149221563,0.5273092289745842
266.58,20.79,3.79,95.8,40.22,707.795469467235,1904.6070600969408,2211.541031197307,763.2814850666341,806.2224693530267,30.231962998783985,130.79112019501324,124.98298189774465,0.05087004647867789,0.004411856604009434,3.1121271924221845,0.565068137278367
414.43,13.12,4.15,54.11,40.97,874.9212638825204,2800.288329724742,2470.6338563830654,905.7132353782143,448.2470092080242,32.728224163628674,94.39362951906149,100.53873964611832,0.06288663769582825,0.0031916144748063047,1.8975469312910884,0.5507483707224297
626.86,16.73,4.05,81.83,40.78,710.5658608566606,2179.092342738091,2027.1435444052013,789.2414785403299,814.2738734405411,30.210862413439898,114.74517235607384,111.06535776324299,0.055537969557394685,0.0031553292027514048,3.240001902166547,0.5473511836916222
311.72,18.4,4.37,61.24,47.83,1306.7316994148775,934.6210878606887,1661.3700158902125,893.7857358072608,68.92130766836927,16.225160897465024,120.28270805671859,101.68013737110721,0.06368884819128988,0.004180507274862117,1.5461277915033276,0.32137235776380496
264.2,29.2,3.87,82.46,48.28,584.5651261249656,1203.563266304894,1853.0108994457578,719.2948412353154,661.9423282131683,27.391486117354535,169.9999719313341,125.91433923448676,0.0519844197925973,0.005532874937780024,2.67891305840598,0.5511829256628595
234.14,17.18,2.91,86.69,47.38,1012.4752325496909,3878.7214424740087,2734.70714706404,1016.7143490732999,1245.215045497123,27.18938239587419,111.3982971582898,101.57775558521783,0.06171625688850822,0.00141195761301719,3.530717903203948,0.5641221129451947
198.57,28.33,4.75,63.52,47.36,1261.7708040459665,645.6114369294181,1738.1132106695582,727.9340453669856,65.84756478796697,14.275102195094997,167.31382206280742,126.74162025269564,0.053880208008704404,0.006441348898382137,1.7652203192782792,0.2843358622782172
243.13,13.75,4.04,53.53,54.78,856.6091200490872,3737.373913283176,2468.1741017855957,1150.2922361558042,766.0757503547417,32.87509426464177,96.42414314083295,85.40169964049836,0.07704910463970502,0.003174416638715246,3.2463873775912115,0.5912799603907202
586.3,15.34,3.4,51.77,58.34,841.2961169441901,3897.368520028857,1999.378647269188,1041.6884393961782,1394.2743925706752,27.342282363413933,105.65020315387798,79.7670677521229,0.08079160648842,0.002721009427655986,4.304812817082993,0.599126271505215
443.34,20.65,2.75,59.37,55.93,872.0775857544214,2896.9753538738837,1886.2433387293693,958.9147927773943,1127.0106342370002,20.568254457405637,129.64863301519952,90.62186091416869,0.07077654162772865,0.0027061208328870512,2.6738247865021925,0.5622192054915889
544.92,28.83,4.89,97.12,48.26,517.1022517083244,643.0192821149847,1419.9566259791081,642.9445970010577,293.7907799641058,24.1452934825076,174.48110519575644,126.00605343749042,0.05021106485149295,0.007295070150077593,1.4959781523860558,0.5111546285120832
193.64,15.56,3.93,51.11,57.53,827.1932073029393,3470.140466799652,2405.828405803674,1201.1424891086863,737.222327544135,32.05524646826996,105.07086188697214,85.67741094987032,0.07918948091434323,0.0034640607476892505,3.0309136466022584,0.6156662570388401
312.71,23.81,4.8,76.67,53.39,1130.9476529797082,624.9526587327224,1357.5186918799698,849.1568443104277,63.75282420851443,13.184354159582517,145.34940842491446,104.73096727899306,0.061111960823194186,0.004868968565318994,1.6742253451956504,0.32914700252058315
662.21,13.5,4.03,77.82,43.17,817.6249230392559,3336.6521905494683,2263.5410590486804,894.0346818367606,996.2728733045622,32.08167283544706,97.34093484755387,99.65851148644576,0.06140567316490069,0.002101889326886097,3.905717962150946,0.5365828755848294
624.18,23.89,4.14,99.07,46.22,547.7257504176658,1241.1463064096206,1567.1306263271945,713.1470268221631,665.7345616983321,26.528596288339827,149.9610528118972,117.38865826458073,0.052783716483410285,0.004003551316185007,2.7304339795934274,0.5762349870790113
103.1,16.66,4.62,59.18,55.84,1873.037717212539,1046.4398911300077,2203.4214033129206,1322.1241057345997,75.33633337346235,15.988646775957815,112.1074297221103,96.87063352591419,0.0715563240033409,0.003319968819098365,1.80498931714302,0.3294887169237316
299.16,28.78,2.26,71.27,45.75,1009.5553597195799,2054.4275048393597,2415.8318626754917,721.6180083817352,793.8440492298355,19.09105617306443,166.9942865761129,126.85394837033539,0.051923037954764086,0.003213160576209051,1.9762158299898238,0.37839933538397835
477.62,15.67,3.1,73.61,45.4,939.7436017859054,3885.4064530149403,2403.590970453897,925.8427552344751,1289.5433662565445,26.913548999124252,105.16838270589326,98.94780615095918,0.0626723512009023,0.001666182860075873,3.8279568830299655,0.5533972953995616
319.76,28.9,4.56,93.2,58.22,528.6172793672555,879.3915429147575,1465.391391996972,825.3989259582229,312.64564953725204,24.278289283181998,168.91055373486392,107.07196306566911,0.05891107490267937,0.00625530493754014,1.575751844303652,0.5796550893908731
152.73,26.81,3.66,86.24,46.58,716.1817362324025,1739.0616710352492,2279.7259404139404,821.4971158398099,873.0057072238425,30.703053476958654,159.42466762352427,127.58957939258353,0.051848025548842276,0.004535941265927441,3.0710042802862216,0.5956974724459249
301.91,18.8,2.44,68.57,55.92,1108.638107581591,3705.895973036483,2426.9945730147397,1073.0224809049862,1009.8138632794055,20.700602869259406,118.52553558042841,90.00248586965836,0.06986186451890933,0.0027074470423861,2.0074623777098353,0.5899793047357255
452.64,19.17,2.29,63.95,42.45,1160.5712195708322,3392.5197820280923,2526.2944353172647,838.1154804596803,1024.7922631465917,19.652063659273686,121.39469135398213,108.45990475109444,0.05826464187556092,0.001816017262371889,2.073369382102747,0.5123055529372312
294.82,23.37,4.48,85.96,49.3,1234.943685055969,727.7475623250607,1474.7824845037,818.362896785851,62.65985469907562,13.559596669448444,143.2069654111851,111.4080025447379,0.0571773578950043,0.004938175205839468,1.695462557769769,0.30375739641690713
225.51,29.32,2.21,81.91,59.29,1018.091482121754,2628.9016407729177,2170.070149358532,973.4361279340276,930.8418270212247,17.38149569144357,168.33427915112273,104.63932467752693,0.06188863046068384,0.00312629320539002,1.9747028991015154,0.40663347112707415
255.34,12.69,2.92,87.84,51.66,1221.2262156178583,6235.822265981617,3160.9138297286695,1180.258838485014,1510.3075517520988,29.45894324834084,89.91200791393182,89.39190157969179,0.06918519562927425,0.0014625537029818614,4.1048864634125595,0.5471149347752897
355.9,22.5,2.59,68.54,43.24,943.9581323422915,2471.3621104354897,2366.094200604215,784.6405804933332,983.2586340191616,21.75116604704462,137.686663007286,116.40921753993577,0.055041411927013985,0.001905617752688121,2.2792434103153627,0.5019162975040997
350.08,27.82,2.66,61.1,57.87,777.2100667898818,2035.3165427220692,1741.3959346012643,883.542194576192,959.7870640711052,18.451849499223833,162.68428530080314,99.44173173018734,0.06619727372214869,0.003365612948405864,2.2844355942462142,0.4442253797851334
692.65,18.97,3.8,83.68,47.05,649.3679101507416,2244.4763965005145,1755.006011057585,820.3079680063537,1053.142642527767,27.78096133256395,124.84450862679016,103.56055262289188,0.05928660048427652,0.0020567715989177125,3.8220622531895385,0.5635013951454819
450.53,13.14,4.2,99.03,53.86,816.8132884852799,3423.022100926272,2263.818253799359,1049.5203168207436,831.7664192558464,32.509708487464046,94.66227958605079,88.37703836535104,0.06855958303966292,0.0023644296821333467,3.5439806715288094,0.5440580503551203
469.68,18.01,4.47,89.0,40.42,774.830431326037,1162.1189411181144,1937.493352550806,763.0850606715625,165.82060232130323,26.959686207500553,119.28010613881347,115.46055865822913,0.05299774222930931,0.005109987035833518,1.3880427965561193,0.5474398502862452
616.15,15.73,2.89,75.63,42.58,1009.6209166544756,3752.953682912889,2442.7999338280392,869.3581350955407,1209.0562244631515,25.443930001353745,107.01469812022196,103.19538950219096,0.05969638269602839,0.0016373008685177368,3.137663071218939,0.5467080661956172
109.88,19.57,2.11,92.39,42.82,1605.5885134699024,5189.506883209526,3957.6149247462718,1090.1156315850635,1289.366820343288,25.066024522156685,122.59947823366149,117.82292226012721,0.05509919565768132,0.0015788527973460498,2.5809743384456385,0.5750996259928894
277.91,14.24,3.91,84.84,41.54,853.4462471723751,3492.7831739129288,2549.328298725574,935.5273322638787,897.6640272166312,33.074968486985796,98.59407115038529,106.34889408134585,0.058909659267523305,0.0033789181061756905,3.620239144598441,0.5430848898735632
324.03,10.06,4.83,77.64,47.31,1873.9984214329136,1376.5968849567194,2209.9359548754414,1072.6611689879705,80.13391595350153,19.24087684032704,79.62709122100087,92.1320814781074,0.06788747877532189,0.002435522894274641,1.5649339449315751,0.3903028340781321
127.15,20.71,4.95,50.04,43.63,1580.6531993623855,805.125630765927,2141.718899340543,893.0878902714348,74.2616748595536,15.832435253615262,131.64177827811574,118.94689839218692,0.058856426173421295,0.004919030042786976,1.8032422080049288,0.3368272435371181
265.15,10.85,2.68,69.52,44.15,1509.5495408546542,8485.138490468118,3826.3770821461007,1133.8887645520715,1649.0077985841508,30.05975098829795,80.87582683366395,93.70643840725177,0.06706828944361753,0.001475269506062085,3.714380034625589,0.5361445216877947
397.15,15.58,4.31,72.61,48.09,751.5680174340025,2050.8435922285926,2097.761901053797,936.2062754153573,413.59727900975855,30.480707342796222,106.20156850868676,96.19855570199503,0.06375954616053166,0.005131108391614123,1.867074593453772,0.5570492200302071
542.68,29.85,3.22,56.19,42.39,659.9803935848266,1091.1636887717266,1934.7333178822637,572.1924222930428,720.2352134635797,24.676050671343255,177.884017356985,139.68593681623213,0.049139137171801545,0.0032239914419109547,2.3235203763337555,0.42245032127654303
265.08,23.38,4.01,79.31,59.27,602.6375455680177,1758.797620311328,1760.1910896173326,984.2179834129817,624.7354655460449,27.17643366852791,141.8770706741637,96.61283536997323,0.06617253365167482,0.004493985218546817,2.7230141647558725,0.6115508044594931
692.3,13.72,4.67,70.73,50.35,958.8321419425339,1615.8909545005185,1781.4953188206746,945.8873183207844,113.08395969602701,25.860790848782173,99.12054415768579,90.41408801828027,0.0681867242624643,0.0033336694301433715,1.3915161210603475,0.5087031360999141
417.9,14.2,4.43,73.57,45.92,1018.1791742524732,1512.3440112105293,2093.844899006664,931.777734885712,118.37650885158511,26.06019113267404,100.09299102086595,97.82802139112165,0.06341344901226108,0.0036406457408553255,1.3999447508394274,0.547348141853418
372.26,10.86,3.35,93.57,50.84,1160.3073517790417,7149.444028005311,3080.358047983407,1136.6517099183059,1603.6520138696994,32.740776579734515,81.89820697802901,87.68950150195394,0.06982669160939807,0.001321074554833503,5.221154874324452,0.5318241568279302
302.26,28.52,3.55,97.87,51.59,600.8461364974004,1429.426805643952,1785.2639723859854,776.7312418423285,800.2950639431448,25.351274686301878,167.2580826838099,117.30586702587372,0.05431512436098278,0.003486293598743878,2.9930369710120583,0.5497273106647185
457.96,14.03,3.95,51.86,46.72,814.9623915562104,3479.9921263011897,2307.967133064705,953.781211026077,963.3995741569091,31.72976852050758,98.48712553723833,92.384312745738,0.06960084354008171,0.0027554170406326674,3.899708847977478,0.5718212884403667
545.13,10.93,4.61,73.97,56.52,910.4244749333544,3229.0045942073443,2330.9378200155784,1100.1675197197649,349.76243509072464,33.535295552660386,83.79606425929317,80.75520759098424,0.07469906281755374,0.005151007806983366,1.6360135417566737,0.5401363142230112
225.01,12.03,2.61,82.63,41.33,1463.0934132116572,7305.510891770703,3786.488533476513,1084.0631907447664,1545.2500069891944,29.291347345974696,86.31517539902362,100.9721705318529,0.061961909530932405,0.0012752350563285148,3.388970524952536,0.5332741646817396
446.13,19.41,3.25,63.18,40.47,793.6820493325037,2422.959348412629,2188.590774615526,770.3647689793095,1059.2481184048293,26.551487680138212,125.14158415125057,115.4638739591031,0.05530184782059853,0.001871160483089402,3.334439778226693,0.5705738670577276
549.79,29.03,2.13,71.6,41.1,1058.6131920878536,1613.9772679885557,2318.2604938260743,594.3524513394833,690.0810362722771,17.14001186454998,171.8131277800233,142.2371934424731,0.04640929102745465,0.002441203698801545,1.9548273693995175,0.29635427170819834
466.9,12.07,4.95,97.14,56.59,1145.8268230933907,1361.2959883936317,1962.2085793101212,1076.0029626364326,102.27067749201292,24.806185536682506,89.51266894472374,84.35672212201729,0.07072958158872063,0.005027865000403319,1.3963331463761848,0.5130859466308156
454.81,11.22,3.75,99.96,41.5,1020.1566263209604,5291.403141842376,2881.385768945063,970.8057961277173,1256.7613293566196,34.21466863614419,84.44727800951564,99.7729197610609,0.061058213282725815,0.0016393343135323501,4.730710279531222,0.5189161586697509
244.33,25.53,3.31,90.55,55.11,690.220573108089,2018.1276970169317,1967.8472252992226,925.1007941921889,959.3163926853183,25.406672179708323,151.53904922488152,105.6603838797592,0.06022529897422904,0.0023401164277859054,3.3331004759673095,0.6061937353530847
240.03,26.58,4.73,96.03,46.16,1249.8777512160132,649.9477594252006,1649.8991364970207,722.5772749765305,64.3333943688694,13.766036191101769,158.7577984282027,127.17030783645113,0.05096983400723831,0.006340855171157884,1.7705351137616132,0.28678312307099213
111.56,14.84,3.99,59.98,44.29,940.1754592678104,3619.438181015376,2881.1793548416463,1138.1185072122971,874.9427852863599,36.60844177601298,103.17294439048267,107.33641785641483,0.06260966560399678,0.0038049224558392744,3.2500204493955565,0.5822227780933773
501.92,23.28,2.34,70.53,48.66,976.1907530990378,2541.612885956073,1900.8157595460125,821.5882276432554,948.483582192766,16.907775123237546,142.08885664506803,106.1894763166631,0.059287752509081734,0.0024003272078268216,1.8087014109833721,0.4108237197506927
611.58,20.12,3.7,75.43,46.81,649.9334410543071,2065.5516269624823,1757.395378534237,805.6259963356842,994.1571704159319,26.791611635145717,129.94617812693264,105.40017833339287,0.058972331473375585,0.002125042226505337,3.567447601176435,0.5728274421170771
335.77,26.27,3.16,79.72,59.19,664.2959183596424,1958.68970984541,1705.21442455296,917.2563165576839,986.0575229043502,22.396942310815987,155.01354500993364,98.95079720374133,0.06423271347293767,0.002794237288528188,3.1701795350521493,0.5628644071698274
630.8,25.29,2.49,68.0,42.85,885.1829524840065,1872.8566736092866,1911.3227405292635,681.2335448611593,859.8896538444423,18.34391859640992,155.1020372347638,123.62636235111788,0.05176982777575978,0.002495655175802084,1.729179218561056,0.3757073976870152
194.71,16.58,4.14,56.58,59.23,1413.406324827062,1227.294236075762,1891.6618621044304,1189.6616653836168,73.53609761448548,18.513338286710034,110.31738023544463,86.66588714888847,0.07735963249508657,0.0034586223747019034,1.4461520107610593,0.32193815723112146
679.86,18.28,2.6,91.13,45.71,1003.7346150499553,3227.244545858466,2037.7860639315104,858.0546632944527,1106.0557317138323,20.586498704351413,118.93233002795546,103.10372346067157,0.0589419328708208,0.0019670391933227886,2.249792433056037,0.5490198000022325
510.32,27.75,4.66,60.44,49.48,503.6150827037305,811.3797383724853,1425.792997009907,686.3592533328105,354.21698977893635,24.679969713250546,168.1429959406018,115.59912043497735,0.0570828562457017,0.00718695575971266,1.713093619252449,0.5467606352070092
317.26,28.99,2.75,77.28,47.56,790.6293962291505,1698.3601820748238,2103.846209221086,725.3295443176827,861.1869449245997,21.771327549539812,168.38855694543597,124.01981764492255,0.05248882428519525,0.0024600903284386333,2.285018372405632,0.4404390084118004
584.85,16.61,2.94,53.53,40.42,959.1241468157955,3368.5844996793444,2386.6946870948727,826.8390501975613,1184.9048325647277,25.42410167836933,111.3984856189442,106.08875643595717,0.06004962580601946,0.0018920255254307212,3.1539452154576586,0.5648041623186886
340.8,21.56,2.9,89.07,41.98,863.5410570211164,2386.1743866187376,2353.190031435997,781.2531551309448,998.7921573223612,24.744745223714336,133.33298220663937,119.42126734735206,0.052737693008209366,0.0016513974186234833,2.8260021598440335,0.5680993977108421
288.21,14.0,4.26,83.65,53.51,1376.6475084255487,1374.4586967382218,1980.2480798962692,1087.9257255942455,79.65894119429827,20.620073826157764,97.6285070601224,90.4308685893055,0.06921294443143079,0.003101528356582559,1.3820982840248308,0.35990884535607215
173.08,11.96,2.86,69.97,52.41,1357.154740579385,7525.063718051864,3596.4856847064634,1315.5290062266697,1645.9845754090018,31.256858497072518,86.61042541997794,88.471368942439,0.07266975149763737,0.001658552771489989,4.243929646015879,0.5622734431491251
607.78,14.28,4.51,80.46,58.96,685.3862477250516,3146.8744616278395,1874.2807430613293,1033.0329640367154,784.1208339096917,32.12932003206556,100.75929926860519,83.57768405092644,0.0732568128349017,0.0026262567641113965,3.390202452260789,0.5620896203152265
327.72,11.42,2.32,80.0,55.06,1673.528861177354,8113.88768956019,3542.069768381754,1242.851372649196,1379.8072781268597,24.76340579423551,83.59649482112712,82.55934308301826,0.0743411489640239,0.001961019838839068,2.4295847306928855,0.5438360906411396
614.85,11.49,2.59,99.41,52.17,1435.4457273297207,7141.70363643825,2873.8176014768273,1103.391279514105,1501.6701019865748,25.18631703816216,86.20953163394513,85.465786908411,0.07018272562456265,0.0016575077919767961,2.7556234663865977,0.529101417999596
505.64,16.46,4.01,55.82,46.81,715.8552446287835,2515.4769167486565,2037.1370170160992,887.02698785809,836.2058683752977,30.104319616522304,112.04525815255293,96.85997893782917,0.06597046303244354,0.003190155595822255,3.437469432064417,0.578760038129379
374.52,11.88,2.84,87.12,54.39,1286.0713536542464,6866.858973860595,3077.1928801427953,1172.5181877169414,1539.2905877855767,28.34930515675733,86.37348666776688,84.65528463091712,0.07239101637151989,0.001445682274604448,3.846127529541146,0.5426932728642764
197.29,12.23,2.37,59.63,51.62,1619.3567936031118,7979.527943488619,3862.660043531576,1286.4228122013128,1513.7638551368718,26.784535084241178,87.4718011307536,86.98300261646789,0.07458956898303783,0.001844579891560493,2.6542119787577825,0.5697060821058657
543.65,22.93,3.64,70.59,55.28,589.6507283167795,1908.2699044565074,1532.8297395594961,860.2341509375119,1031.4412509271338,24.68004330036951,141.53837614268627,96.95195163700238,0.06493370379634125,0.002765828883420588,3.65866946639239,0.601657157318745
455.72,12.96,2.97,87.6,45.75,1138.9071805514695,5532.017656156155,2866.1869752355697,1007.6194765859626,1445.5601296890611,28.447642628266433,91.95619884228405,94.93084327458091,0.06443200720509128,0.0013909609486042187,3.980756198136254,0.5353970297168708
509.76,29.48,3.29,78.41,48.89,599.1609526711403,1284.2973494094322,1638.304566737174,683.3323950789935,805.0551205499573,22.70115503886893,172.40560365626217,121.43040645304671,0.05297348138963714,0.0028481537546953656,2.681722712852671,0.4702665754542971
354.86,27.11,4.76,90.7,44.14,1086.6897282421496,599.275365956285,1517.6570846448083,642.3817463623893,65.97676587565667,14.57463696942087,164.06038762222636,133.19376748839863,0.048719134824025144,0.006830497800168181,1.6431607692905246,0.2920493306735131
230.59,23.67,4.68,78.45,45.45,1332.192373363127,709.5083467910051,1694.2445841491715,775.1279447280674,65.3625769745708,13.879571108368065,145.7060813489448,120.59483234968812,0.05398843725825989,0.005728986852129322,1.7763296412223806,0.3050628041026242
525.42,15.58,4.47,53.89,53.11,689.7821079153892,2297.4752541826206,1885.4019652823295,963.2520772163732,551.0729265268794,30.18367846614824,106.18023761786202,86.97186973985036,0.07372669164857433,0.003683041629303306,2.522554863215198,0.5874443467728242
230.17,24.41,2.03,71.97,58.94,1220.3764723524555,3423.386151367863,2306.505484923603,1068.3129668750416,952.1399306701312,16.2668094938096,145.8815462471019,96.4851756451273,0.06713128202784892,0.0029273113571059405,2.158568606829707,0.4174636990371441
491.5,20.44,4.26,84.45,50.72,595.3676002473276,1599.8399393163022,1679.4289440854425,847.2461331925216,616.0829436021048,27.625857465259298,131.10317508922674,101.87436613009619,0.06080704535722345,0.004080305097413307,2.707056629440817,0.5778451555596507
387.54,17.74,4.12,91.69,46.64,695.2870223449233,1936.980254239919,1998.909908374162,880.5422899020881,609.5480626566206,29.247025562889984,115.41109318344006,103.14745830660881,0.05919593235236187,0.0039322899242285325,2.6456825380775566,0.5557586902123511
387.72,24.57,4.4,77.26,43.4,807.9420489753304,811.8051580787827,1673.139811384073,686.009966874646,95.31676891417173,21.304148087300817,149.83429203344332,124.94944162373037,0.05132302886709552,0.0062246883736870135,1.3188658918201341,0.4374909219926765
251.4,26.02,2.7,67.23,48.09,873.6482071896869,2175.748773449634,2330.3108045800823,824.8232993288752,950.6219262686478,22.713034937827743,153.3280233244574,115.02742961765915,0.05685226991019125,0.0022180821601075896,2.448969425307633,0.5025769987716799
528.63,15.96,4.61,99.55,55.67,671.9069362247366,1963.5071700991211,1790.425662341561,976.1583428822943,502.7111369283944,29.61069150301969,108.36880015025046,89.96910275486358,0.0671672272357556,0.003203307792715188,2.3368744546862987,0.5574336243653416
214.37,26.71,3.26,86.5,54.16,708.9465829877196,1978.625504545546,2054.5699654500277,912.684037253247,962.5581023341152,25.77722027024901,157.21839525692965,109.55606588631791,0.05884172046681137,0.0024299652968512624,3.242406562252581,0.5883101706689184
256.71,29.92,4.42,93.0,55.63,990.0480003502527,661.0918957592162,1406.7932016869122,804.8678074958345,64.62687329156209,14.980112493004842,173.90185064522942,114.21698889968977,0.05636676347185617,0.005361220138623679,1.5057692462624594,0.31139541584281005
525.95,14.71,4.91,81.18,56.61,720.5124328186025,1764.3591130357026,1837.6746176043623,1001.0812294689088,338.08575415015827,29.841218111984595,103.91608759663502,86.60631533713739,0.07031077455294103,0.00342752698182468,1.666318064354635,0.5615182746109153
689.88,29.27,3.44,67.46,52.99,527.1355277971951,1302.9183793073603,1287.2413041033844,712.2186686476193,960.3431385782403,21.554826917043627,175.3418451468923,110.69506435102932,0.05801960821472866,0.003594352247897364,2.9387350763375077,0.46962157739700516
400.64,25.89,3.2,67.87,53.04,656.3945617119065,1814.239274478409,1720.3109579829784,824.9932161322333,952.097812406912,22.690494478475646,153.7419637483503,104.82572726382398,0.06140723518205456,0.002825008210780331,3.0763539386473666,0.5438629245268166
673.73,22.37,3.0,92.83,52.28,723.0105657712941,2298.3194447674587,1534.9019084329896,837.983463700901,1151.634649497595,21.04066933593957,139.6790990093947,101.2093043140333,0.06022404361134851,0.002529270927080752,2.8728974234709246,0.5276023429775482
420.13,23.46,3.12,86.41,41.63,747.6593415465342,1867.3185566393915,2066.7931211998125,708.29381295792,954.3205469776087,24.668046947046115,144.5350318423235,125.73968854081882,0.0504155317024848,0.0018888792147274984,2.8678818978526643,0.5244437907888034
658.24,27.86,2.06,70.97,55.84,957.5983169793469,2203.1578825128827,998.4751313080644,808.078529120878,842.0798846863305,10.25474892139854,165.21044327622008,102.01103950573217,0.061683678041163544,0.003589056859658111,1.3929314878293872,0.23731072263872563
488.23,29.99,3.15,88.42,53.16,601.630632325487,1418.2794840103606,1507.669095623499,736.4869206677523,892.2860859287871,20.762424719970774,174.3711649692252,114.423743660753,0.055350249620964194,0.002968628736222885,2.7036625508744323,0.4540351752145849
578.42,24.77,3.63,96.97,54.1,561.2677605023442,1676.32184095355,1456.298599073012,810.5601700860096,1006.4194390774653,24.032594907631076,150.64952939684332,103.96876013879206,0.05920992003598521,0.0026102325635677815,3.4984739889863317,0.5892148819120807
448.96,22.41,2.84,94.61,41.48,841.0132130499934,2168.368976338271,2189.8538335094113,733.3357428794137,972.4576721919057,23.141894669129858,138.5262529852389,122.679726986442,0.05106406084368548,0.0017644621486309177,2.5858899647893843,0.5158332632960797
675.04,29.79,2.63,66.18,44.98,771.6059069440868,1344.3453437861394,1780.719964817238,619.6250882247749,747.9420853674413,18.72982950910028,176.44963598244448,130.52392962550658,0.05028218656480598,0.0030575957323242206,1.7519396383189072,0.3466873945485899
563.56,14.8,3.81,83.18,52.52,781.9779504605151,3553.6663583372188,2086.6460214193935,986.256454436198,1197.862226573245,30.231218313698054,102.73817306921595,90.0721871545662,0.06788557898424231,0.0017931308766539066,4.458409200659989,0.5547484717465526
306.92,13.02,3.58,65.36,58.77,949.5576972470988,5137.920259158781,2579.9408824897932,1193.229608781385,1329.7683922579986,31.649459721083964,92.35326799839615,81.65242837591788,0.07798102761687549,0.0018982624568391025,4.8372572355798376,0.5745162038552171
670.26,28.78,4.73,54.43,53.12,429.68898774848407,857.0909523607057,1226.0013491044244,694.8943054372317,412.44929435403486,24.989315703944666,176.33151126752892,108.31829198806167,0.06149844262975181,0.006096415232933595,1.9047805489937797,0.5693881884401556
506.78,19.21,2.75,94.28,50.59,911.7753050170672,3145.5291446164906,2022.8611301554693,914.241822864654,1162.0439235106223,21.582685468690567,121.85880244419478,98.50660217719454,0.062014060389252244,0.0019497794175565453,2.776589021909313,0.5650383496962356
187.68,22.7,4.25,57.46,51.11,1379.0462708001285,877.9325638002134,1708.468545286819,933.6008307682921,65.4038344964048,14.911716972511101,139.7499974730397,105.76201230609111,0.06389075944138127,0.004920683738557362,1.6711634095029217,0.2910817249828252
