l_rdl,w_rdl,t_rdl,h_tsv,p_rdl,R1,R2,R3,L1,L2,L3,Cox,Csi,Rsi,rmse,scale_max,scale_min
219.56,15.11,2.73,75.89,49.14,1182.4220052879284,5148.120684863896,3060.418653272453,1117.5789951173947,1368.9144504940266,27.27526611133753,101.64259852414258,95.43432186171172,0.066347964088754,0.001792339135704858,3.405481463340338,0.5648827325452976
250.82,24.19,2.09,74.27,41.05,1251.4198040170484,2782.1502056794743,2934.025711076975,763.0985917631283,881.9517336041737,19.848651501945614,145.6695557685479,127.80496531026901,0.05082277208338287,0.0020152026105502785,2.26718132086555,0.4157312011067084
395.12,24.09,3.42,82.58,52.73,639.4219128183289,1896.322155843639,1734.5906632009255,846.8957472803442,970.7559471867634,24.37751661118253,146.12978066191323,104.56608292695782,0.060182205290500584,0.0024076863011742297,3.378994285551409,0.5965079128616448
413.96,12.39,3.24,95.61,50.18,1080.6830661532995,5626.952078315585,2803.5286210691743,1073.202141129409,1457.5253252119758,30.57491882198972,90.26302887532762,90.18611982864499,0.0676701364273522,0.0014495445463795142,4.528469057698666,0.5382198003269298
107.55,21.36,4.58,79.47,41.59,1629.3015599465205,949.9620370273107,2238.9030710303446,881.1272108428636,77.5714651478871,17.906591235358224,134.88469723282617,130.34015104350206,0.05140164148915708,0.005797730096114484,1.7042536911111048,0.3157902756147089
231.45,23.12,4.05,78.63,51.49,1093.877151824769,1027.4845951586985,1707.2870298643334,900.4013245324331,71.99058606525713,18.285011574844894,141.86307064351672,107.43695490383239,0.06002149344394157,0.005121652823328317,1.3570235159159167,0.3099436604029273
379.25,21.01,4.59,86.11,58.86,594.2475170454314,1323.0399863907753,1585.1013158237402,945.8485496348483,370.84005418041295,26.444915014764014,132.8378884188312,93.50383048886809,0.06629686929698686,0.004659547621641028,1.8060766216796897,0.5931158723640748
139.44,25.27,3.36,76.53,52.63,789.608542237782,2341.064935711374,2383.7953817678,1009.8170965379712,1052.5533704523586,29.478625830775425,150.98118152818134,111.80222275340408,0.059439198826232394,0.0029503971598656086,3.4337423641282663,0.6190485661952462
260.86,18.69,3.64,51.77,46.14,762.160323657491,2556.5528469500687,2265.7778451929375,912.1344484616666,936.031910478112,29.681469805112034,120.44191911281762,102.724622266631,0.06459121540558668,0.0032109384907837023,3.5647852402962537,0.5995012119405732
384.06,23.51,2.79,98.51,54.42,802.6718179088354,2416.267367130679,1862.4401887712609,901.7658546402668,1061.4308092256795,20.64470930889653,142.7054358008815,101.65443952128452,0.06087679407743679,0.0022117618358806967,2.7002821084400903,0.5243318798284542
209.59,19.37,3.88,63.95,59.58,715.9904917852755,2538.0283643786015,2097.997325501523,1123.0238708195823,742.4338618566376,29.6687920515282,123.54734637146572,90.37913646455466,0.07284296096008172,0.003842542779870334,3.0581625895045934,0.6157157171128864
158.12,28.85,4.48,93.51,59.02,1366.8336051555993,712.7046786788168,1599.461396318873,964.835845054223,62.575130758450356,12.700393843792657,169.526998803618,110.70004369753369,0.05940747120094791,0.0048945663078265545,1.8413213375441724,0.2776064569761332
339.84,29.43,3.62,58.84,48.35,588.5550671062557,1214.7226375385485,1798.3144483312067,694.2225475987972,733.4006768944216,25.792303812441556,174.46403564113737,122.05255910340975,0.055384688585628235,0.004176829111083113,2.7675175130579373,0.5142615115662615
617.66,17.97,4.9,82.07,42.22,1275.4236041161269,761.1638277979142,1380.9766928083188,758.2662889836887,68.34696087903691,14.22191953510865,122.2224503367493,112.43159225651858,0.05522417102624776,0.00480792632265303,1.6773153258486824,0.33375284467794697
211.59,15.67,4.32,50.58,57.17,1569.0087683113022,1106.984222155125,1823.466576170987,1152.1143385915127,70.69103978383671,16.353067227490616,106.41436141597951,85.90064680987868,0.07893042064028931,0.003324277361163622,1.607096484595122,0.3234331064936226
343.34,11.13,4.49,95.03,56.61,1392.4717462321762,1726.9171010292246,2246.9556708368536,1156.096156546899,95.10207739322657,24.794330785415454,85.5604325357003,84.84279942048943,0.07278976806619682,0.003233390721481171,1.4224491655354323,0.43378287164806123
324.32,27.97,2.11,78.53,44.62,1101.556003906114,2039.372281925261,2476.3207016428723,715.786802580198,713.6217113048605,17.583730938606042,162.990188763421,127.59386923919129,0.05054450284115802,0.002313756051049033,2.113029652908778,0.3521925067294687
540.84,27.46,4.82,60.17,48.93,510.55215362793194,749.1873375939731,1406.1030404986648,677.4595047666668,310.23260701739144,24.42898718560367,166.914603783156,116.1631831570767,0.0566621786265241,0.0073419172543087875,1.544604086041365,0.5408066813567595
263.39,17.57,3.69,82.72,55.38,762.8367658108375,3018.525150238568,2174.2498554384724,1063.4407820995523,1014.9471535634186,29.407076780779587,114.95321342083007,93.0416966964342,0.06768089512647288,0.0027473428463827758,3.905857951342532,0.5810491527230246
380.05,29.75,4.18,71.6,51.74,510.13227290944104,981.6088597490143,1548.9562431319252,715.1207472343914,517.1365833774057,25.475142928532524,175.50460556885352,117.47969751193962,0.05574580687324703,0.0062512691890510355,2.3037131341521726,0.5479084832265103
288.48,18.56,3.94,79.98,55.49,695.4422682405564,2409.7532518982935,2003.3225593768088,1016.7526161778418,787.9688858881643,29.15657433719777,120.19928778434165,93.94844753674202,0.06707530955465013,0.0035404439596647985,3.2795743916878606,0.5861090382715817
398.93,17.2,2.07,58.68,57.74,1380.6367119387953,4618.6342038839975,2236.971242291344,1094.9857810406586,1050.7056139062536,16.360794229692953,112.26854806009261,83.87594509731049,0.07614760474108262,0.002470652880304685,2.0926213926409987,0.4964847178313695
218.24,29.5,3.66,76.22,43.99,658.2104847565032,1269.7397281112467,2150.6049259830456,660.1419102951747,765.044491288411,29.507787524567533,172.6776675459846,140.009954865003,0.04803822073809489,0.004927029706762727,2.76841634447029,0.51916484570163
308.51,25.39,2.46,93.98,52.46,923.6049498770029,2442.7176351397325,2104.336711966071,881.2977970195058,983.2774530467918,18.962071616966142,150.62650970901643,107.57570533158108,0.05821116980475481,0.002005758718166631,2.056009687619127,0.45499900200930327
266.81,27.21,2.84,53.6,48.59,800.5324165231591,1923.2731620571105,2173.1341817960733,791.8013258198929,932.5147408985806,23.015456256657483,160.9021908055301,114.459094073358,0.05947535963276846,0.003265254208632293,2.5647316750290936,0.48852497760887026
327.13,26.23,4.35,73.13,55.28,542.6335500475619,1142.0441032968772,1563.1361565886473,832.5110516863185,428.5000205734198,25.67244307463188,159.03481137711378,105.37405810508851,0.061249763482858224,0.005984360170117812,1.988747145088568,0.6111005891301003
687.1,29.49,2.09,84.31,56.9,907.6936198768225,1977.0151296526021,863.3484291424169,786.5468870807006,828.4127110496835,9.860488520763745,174.27683878239097,105.14015932379934,0.0588875820482037,0.003698310936781173,1.2815991863421765,0.21816218566524806
322.17,17.94,4.19,88.69,59.17,678.173729337232,2163.9930436793916,1912.3657296533677,1047.358187488856,616.7758419852414,29.233896285541974,116.97318391924136,89.74816167198186,0.06900981496112865,0.0036113763589376035,2.7586719347753954,0.5807882147777422
174.17,16.13,2.23,73.76,59.34,1459.158144609471,5849.166037411756,3272.1642869535244,1346.414710149312,1288.411790487689,22.864187720068294,106.28295516639524,87.06196743864821,0.07409700338618613,0.0020879096643750946,2.3813469213439076,0.5911925826840474
565.76,24.7,2.15,86.29,57.34,999.8744378235482,2553.6333172349373,1282.9289806366148,889.1695044185041,901.2723729321741,12.380277879801692,149.98194407924683,97.3068029425207,0.06319946752499137,0.002938222741823357,1.5624061363232704,0.30973568294192133
639.81,11.31,3.96,79.12,43.84,957.6961102538442,4344.949999518446,2621.9545710464026,958.8111331536647,1039.795522477629,34.300392948020495,87.57896582382668,94.69819979011379,0.06361620573382147,0.00362538573211626,3.9201499373501703,0.5244455452810841
383.71,28.68,4.57,65.98,44.22,591.5968453094017,569.6909504073155,1693.5620979217451,613.621422716422,200.38266176330288,25.74349860470089,170.1630121441391,133.0310537733209,0.0494139570840425,0.008001472085226795,1.2963517546590437,0.4920500338255201
397.4,13.76,4.2,77.51,48.1,820.0911142648771,2741.6327430261717,2314.074648204057,982.1881603532063,520.9937601671353,32.09436090031684,97.09964989366331,93.84156707215853,0.06504146050124053,0.004451963355597147,2.291169496360528,0.5461416973683115
173.69,13.96,2.81,77.41,56.68,1240.1610957349133,6015.693410474343,3220.238418014199,1323.1882322546373,1510.104325411254,29.0234179517721,96.77744729437929,87.83762784725847,0.0729484547293104,0.0018385701541316919,3.811715250870696,0.5749944689519314
152.65,11.3,3.24,96.11,47.12,1265.164522793509,7332.205718476205,3559.857160285683,1257.175791238176,1600.6929424124971,34.69972855338489,84.13073430516268,96.01020982017586,0.06581380775224979,0.0014983542616536112,4.866880647060611,0.5412013956282543
482.52,19.01,2.42,69.86,46.87,1074.2077503328833,3376.1719808613184,2254.3272718223907,886.8860581312505,1089.3561668179836,19.61225189797672,121.6116620166711,101.4208900075247,0.061590488074375165,0.001981011366110043,2.0407678005332937,0.5269831022305517
378.02,12.95,4.45,71.65,44.09,1429.8693383178784,1329.314971600545,2075.7761136225904,947.8168881028425,82.03952363207009,21.145415505399782,94.06171162741917,99.13069736744275,0.0633695219603494,0.003284647398165624,1.4314875360573471,0.378307197408671
579.34,14.52,2.14,95.46,40.4,1504.5330796610301,5196.78519230649,2929.7278931874334,905.877050987099,1139.0095527106266,20.155239817278282,100.1575449523402,104.77966092325845,0.058029481098832096,0.0014451996941781118,2.311900673802618,0.5303363744999908
524.6,14.76,2.53,94.08,42.16,1243.9704424957936,4491.58532734343,2786.8739854919195,911.7831505441127,1196.5620532880814,23.77682307732154,103.23248068542064,103.22049870906413,0.059007040463712836,0.0014815371570536197,2.373017682892468,0.5367715711947934
585.1,19.02,2.18,62.54,49.0,1192.8703635621623,3527.1586526290816,1980.1566817867542,903.7974945226796,1004.0668857214339,16.17010297442056,122.36765021379539,96.49394664545868,0.06496090192082025,0.0023636097165725834,1.8962411552061171,0.4374638008016995
343.43,13.61,2.96,79.98,44.2,1129.6142192877874,5066.282551133404,2954.4114603312287,998.3559088273516,1384.245454374034,28.80194292529413,95.78081886856242,98.67239143226493,0.06284323716311928,0.0013493843055026548,3.8305816649603783,0.5430975380791487
628.09,18.76,2.74,84.55,51.12,918.7276764202952,3132.2480912982996,1857.4508245905474,907.8423333769173,1177.9306276481927,20.825994930793232,122.37514232464189,96.19372452498442,0.06340371313470367,0.0022128818719876946,2.5575090267053655,0.5635175433301689
333.7,19.55,3.17,65.14,51.97,805.4613074680742,2869.9124535024685,2120.7631757315003,956.3708058491069,1144.8889725136112,25.49740841439966,124.39220775987144,96.46031314123792,0.0662741479219295,0.0022574895016535166,3.6070094739936924,0.5934934534587967
667.44,20.26,4.03,99.99,41.39,625.841472713279,1593.525115269356,1789.9208672285988,718.2367147310027,761.5374259365458,28.263154925531136,133.42594050278421,119.25583310649188,0.05177078104567041,0.003495998296685021,2.9707616165463233,0.5572628697647637
510.13,16.85,3.39,85.36,42.18,821.4400438651274,2953.9329593354473,2251.2848227624604,833.7889599011976,1124.1226957535355,28.151818859023063,113.69067242021353,108.22022097441608,0.05713890833615433,0.0016355478300053383,3.7615789044027093,0.5508033544061861
324.5,25.78,4.84,62.92,56.4,851.8163301963416,720.6532174482804,1339.100187788292,845.5212506678092,76.84488563898138,16.511365244906077,154.68811065269753,100.70958604487117,0.06421674123860545,0.006352461567054646,1.348638612074568,0.40749621137898884
141.18,24.13,3.74,59.34,50.11,735.780703796566,2045.250267734744,2300.04971124106,965.5734924230533,844.9068939090909,31.16451644728843,146.57866451136917,112.35356109597595,0.06098411671547808,0.004485409139729161,3.0980243106412257,0.6286492400612725
303.51,14.19,4.35,56.26,58.38,854.1183577771445,2458.317871000058,2176.6702048858688,1126.2204895750574,255.86817030120048,29.968708137516415,99.00495293558126,82.12811101932006,0.07839494017583909,0.0036380962792764127,1.5328746810913128,0.5907515927235963
121.42,17.03,2.88,65.89,46.72,1161.015958156012,4618.40669233967,3255.7508953398024,1168.7608751599425,1419.373313016593,30.61957486136333,111.41271429656301,105.12703089373241,0.06301933027119051,0.0020192364164258896,3.6206432317322195,0.5868265896979902
322.58,11.94,3.83,60.55,45.45,968.4986398004822,4847.579203963271,2781.8900604771666,1034.937104350288,1127.7235412118412,34.087969586530605,88.10978225597961,93.62521611336565,0.06779226951790823,0.002226555019990144,4.422146892120755,0.551299122641932
202.41,18.61,2.12,58.93,59.4,1377.3166485850984,4892.737586324936,2844.946564740189,1238.9996729271706,1174.9624267680695,19.540337000461218,118.16597495140053,87.04506277226758,0.07609485443369461,0.002803064080845663,2.3435733507725653,0.5700561286791024
319.35,12.41,2.5,95.76,46.85,1460.430854250115,6471.158987445352,3466.1484481360344,1098.4139591951657,1259.0144938243207,26.436255239237255,89.27925428958956,93.4778755103973,0.06537417096670545,0.0018172835591068256,2.4951002960275086,0.5345834474218887
119.46,14.18,4.98,84.81,51.37,1910.2495318753704,1018.6001276513164,2274.23942800573,1224.3826867522027,76.88476376931197,15.899893486577751,100.56724439668717,99.66510404803572,0.06550106955444213,0.003037659181380078,1.8289087754491784,0.3666113098371715
503.08,24.17,2.52,81.17,46.61,897.1217801887396,2150.821961613415,1963.1582019552088,767.7133199088821,906.7069127608137,18.945764863600044,148.7306822988393,113.96346956100365,0.05495520661697108,0.0022537090609721366,1.9097426980937888,0.42647489020219886
693.15,14.21,4.98,61.1,55.35,1089.6303686219483,1107.694641741986,1428.214272058546,971.8931263403963,81.57927844276212,20.596210812630382,102.73855075572867,84.59296061884854,0.07418258144486092,0.0030974842199706218,1.3414379478984435,0.3814014072905016
305.19,20.05,2.71,82.56,46.38,960.7408130753157,3083.5405827543073,2437.44904740589,899.5856582120791,1123.922585450822,23.377376524538654,125.40371772024008,106.88078360942855,0.05870847666970229,0.0016536656112200066,2.81133071556617,0.5727293192086098
496.71,18.37,2.58,61.94,54.92,1012.5110156701371,3494.332673558023,2020.1560548863204,987.1835989041889,1133.5228164088962,20.122882617625432,119.11134922797434,88.67200001642219,0.07117285803137707,0.0024546988035119084,2.3144148255334156,0.5756970605952375
637.85,17.24,2.66,54.13,45.65,1036.2731416043648,3339.817551866033,2164.487456770236,875.1085473996135,1103.477307630086,21.86263646936856,116.8858639649821,97.66461466719389,0.06489917951903186,0.002349589042846666,2.314137464586518,0.5779131536160517
567.61,11.68,4.22,55.6,59.9,857.5970128196557,4664.901577745753,2285.1954502550634,1117.661322978414,1126.7608455186687,33.93493951530803,89.20459672880972,76.51903589853909,0.08324010669858983,0.0021401422714605258,4.481723290909471,0.5772576951930309
445.21,20.21,4.74,82.52,52.35,616.8348403526657,1166.4045955154784,1616.067484080487,866.3609904116968,315.6412699440124,26.2835402551359,129.22313479609437,99.16139964964914,0.06216116990216685,0.004935191332704186,1.5786165107508787,0.5793559866248554
262.44,28.45,4.25,70.57,46.62,1002.8513017247298,786.3243469703585,1668.4641226982785,695.2085605532319,71.59562030697603,17.811392526807595,167.91812596532446,127.8436971737588,0.05211465996308733,0.007087534695663457,1.3997003699937085,0.3170738711085209
135.75,17.52,3.39,84.22,51.73,934.7743074272943,3707.4423790514443,2752.6156391107115,1188.6152261325444,1215.422081935501,31.993520789944608,114.33600372806578,100.66413366785572,0.06429372929409044,0.0022856691647638082,4.034005946208868,0.5841968885172544
262.5,21.23,2.64,70.85,44.25,994.0370572703441,2861.058209013001,2605.07530353262,862.5329621903818,921.4544351388937,23.81721964414604,131.35777292402867,112.8542826636158,0.05687116367055683,0.003357011225173993,2.2475820546680447,0.5753396775029095
354.38,26.33,3.9,92.89,45.25,590.2389062219883,1225.3330421047722,1826.2841106425678,698.748772502763,653.158107038166,27.146935151761024,157.57556871667418,125.80547478972095,0.05077454093505572,0.004997300383516746,2.6732466547829663,0.5661557315982342
130.73,10.15,2.36,61.07,45.13,1961.6414833141516,11152.013147700993,4903.306190475301,1370.9982684295662,1788.9197260684966,30.77977465721117,77.53558289071252,94.04398198701314,0.06952221254616826,0.001534390124240085,2.8395233241822218,0.5512705333525525
615.71,19.9,3.23,79.46,54.36,731.5165305561098,2587.500369389416,1668.2468922866083,904.8940617194403,1210.2607430335715,23.734193080513588,128.60976793128418,94.22895735686036,0.06520019477178315,0.0024874169444635955,3.423185682550334,0.5800932407312246
462.2,17.99,3.89,85.46,52.64,683.8826301609188,2403.83512198274,1910.2102541188488,932.1367717900903,907.9828357276261,28.795092984423558,119.20416668687837,95.45955789986006,0.06463249816859949,0.002650878543746242,3.6081245349579536,0.5716367007121788
276.25,22.61,2.31,84.95,53.99,1065.0024974150447,3256.0478440561724,2303.4764910391814,985.520009779795,999.0043241338557,18.934416076142785,137.13973742535075,100.34551292718207,0.06281724487416701,0.002897981680125409,1.9866850128343458,0.4957707020189012
147.46,11.88,4.79,91.98,56.31,1998.924641518449,1207.7210964175856,2195.968408192621,1316.1876823358025,77.18074323901185,16.59670904516558,88.8809883339195,90.17639159643332,0.07106125813320685,0.002591933648145142,1.747416742799943,0.3636995702652082
192.84,16.34,3.31,55.44,41.37,952.2652358713069,3618.729179031526,2791.5506240818077,951.4797612824922,1212.799954938538,31.25135826992468,108.62646427376174,108.8401328624452,0.06045703154171462,0.0020352150597165736,3.943336534968223,0.5761701144597092
550.99,27.92,2.06,53.36,56.52,975.6795260259148,2252.1912831956365,1232.7453376710992,829.173000684364,855.0190940658513,10.990347637940458,165.2625245585297,97.89563756073073,0.06758897420129724,0.0042624542348535565,1.5955041447317142,0.25724883087091266
223.43,22.61,3.21,71.48,46.05,793.2800627766337,2303.762054579328,2308.0486839589826,860.3420759209403,1021.0660232888257,27.218092755336713,138.62883062499358,114.14951987357638,0.056875777611282485,0.002188727942229523,3.2888421791044724,0.593909569621407
346.36,28.4,4.03,91.67,41.29,606.4619479580783,825.0523593260197,1951.1456244066162,586.6185700247938,393.8828590549868,28.779345988831373,170.21314355042585,146.2874249419558,0.04475227686947681,0.006528981853688213,1.5956945839173,0.501652058832206
513.19,27.71,4.95,60.6,58.02,477.46541374205924,811.5341714611241,1227.995071905547,780.7036421851534,273.1730512462431,23.258225832087977,167.81286513077353,100.48040209429043,0.06523772814507231,0.006393394252069789,1.3995148859934226,0.5761615756244337
402.27,21.35,3.33,74.04,58.64,690.5134284806924,2517.8105877881476,1735.9004306333713,970.0625986972506,1170.9751687358555,24.12933801671978,132.5708741923697,91.78937769920869,0.0685905950897745,0.002553797316537129,3.809541261671818,0.6008684413159261
173.67,28.47,3.47,98.44,49.82,699.906095388224,1714.0143981215742,2166.8988978478505,830.3584264152958,905.7180518436699,28.411127992343808,167.02273365059946,123.74690649835088,0.052738796073563264,0.003690610768575551,3.104612643422626,0.566594518882981
356.81,20.95,2.64,78.01,53.76,925.8453494433418,3025.5899782487727,2101.3548793918817,960.9692853383248,1123.4535789225406,20.77793606461891,129.86783481310974,96.84448381652003,0.06466849064922282,0.0020925257891756433,2.5970231015255574,0.5613542751761693
160.91,22.25,3.21,79.93,54.22,837.0950261898151,2783.8968495977683,2402.731789769988,1074.6151019025738,1136.646856886193,28.16360368453998,136.87975897829276,103.44533486863617,0.06292784215601542,0.002242075591950056,3.5854533772270694,0.6065141972729731
459.1,22.88,4.72,76.91,53.91,558.3366706510866,1058.5347870536862,1482.2825659616933,831.6891375316816,331.68983501003345,25.369315534528166,142.51402090963953,101.16088965312544,0.0620567931398014,0.005475247602980172,1.6482346381037885,0.5972353968571156
410.58,14.34,4.01,98.12,44.05,816.3518695143174,2858.314192760875,2351.2841108376374,919.0631828312302,792.4739233896715,31.978424459721275,100.78557706714743,101.61063837613094,0.05973268534059004,0.003232765866169663,3.264005199426044,0.5373727062733232
157.48,29.2,3.14,99.27,57.69,765.2291753383693,2115.1616945005712,2221.746250102673,992.5387793692697,1042.632317092234,26.515951369793438,169.44124485021192,111.75650772372241,0.0582837676999713,0.002572816088282727,3.1958374596374015,0.5659465787459447
464.84,27.01,4.77,95.79,40.81,777.821182525315,561.322060796173,1662.9069082105239,575.3417382540241,97.41697241846425,21.45725535728555,164.84331368172906,143.51352884402817,0.044854391433489835,0.008089777413177622,1.3244282188151821,0.3980394536883849
175.9,18.66,2.51,86.65,58.89,1168.7052052394592,4385.634623742431,2851.4292106198313,1250.3110848082179,1249.2394133550533,24.099494074047847,118.93705046919604,92.02424575693416,0.06932845618773915,0.0020846388923656005,2.6683907623834204,0.5934868672945883
678.93,21.87,2.38,86.4,41.13,1008.4085733619095,2426.900409784745,2045.8662416210616,727.0358154578922,928.7306074549323,18.263412214235995,137.41351611971172,120.14792296498489,0.05159577838426012,0.002004066431459924,1.7996466401055509,0.40760512450564257
592.61,20.01,2.33,70.3,53.6,1051.26074183294,3229.356401298759,1709.9611100540913,928.6595435885689,1048.9355538824552,16.211179191358493,127.13974509480039,93.02867574507331,0.06664640533597573,0.0025295814820098473,1.7186903200332733,0.4409868450355862
352.61,11.39,3.8,99.83,51.16,997.0918829146487,5531.880598250619,2793.4389036351477,1112.8798305502046,1236.1739617655905,34.134147084963764,85.40209902484125,89.05360775720068,0.06872390111603963,0.001789484526858448,4.778170675886883,0.5350965640069585
681.84,29.51,2.11,85.56,54.72,907.1737373321118,1920.4301761743066,1007.8606926238194,762.5062678629415,810.3965334004233,10.664551435529095,174.1139941972621,108.78510289217971,0.05711652410848115,0.0034904591293203483,1.3790451772493058,0.23210893199945062
599.4,17.97,2.82,56.43,42.12,946.0897874093324,3048.1199674257223,2242.8763718587265,816.7983313619777,1125.398344097221,23.474580501497467,118.97809183532803,106.05330072652148,0.05989476900263846,0.0020399414553784576,2.767592725413452,0.5714341573754735
356.06,27.83,3.85,96.08,45.99,576.4426024326381,1171.3607065811518,1785.5114059025257,680.0656823996975,681.3898155104052,26.73497485243504,166.65350823752482,128.64139401793145,0.04988903846846278,0.0050169645693107934,2.708632199873887,0.5374170582329069
404.23,23.17,4.29,52.15,53.97,557.1641436609619,1409.5063534104543,1593.5692789806112,851.9125204649696,489.6963155221409,26.386050100269426,143.06165360421306,96.92551862278364,0.06873900178487523,0.005357813027758475,2.238612838202266,0.6307537337390244
514.95,22.59,3.46,72.88,54.66,628.8105608563043,2084.289788995571,1588.644442165403,869.6611820629931,1100.0498346464358,23.982452977463844,139.9269375685714,97.45921877644442,0.06442123550938568,0.0026621534051134055,3.642988803298071,0.5982041109188376
380.69,24.1,3.57,82.87,51.19,620.3844319594954,1773.788333305214,1754.6405102010513,826.0870915827527,899.4594999529738,25.293454788998034,146.52481918865976,107.3624471195348,0.05880783278918283,0.0027428381000752645,3.3354302152124795,0.5950865841004257
381.51,24.22,3.84,64.12,57.56,567.6943451578186,1707.7235228995585,1590.3915508088273,894.8982751831986,830.1019161522979,25.46230462261617,147.1656481788735,96.23532911329643,0.06729892544132773,0.003257237837285818,3.318676660678785,0.6223087364665205
415.45,12.51,3.67,70.19,53.39,942.0477925190113,5002.4332853913675,2552.0150753083426,1089.1989531189188,1308.0623317110533,32.167845918489434,91.33899273358315,85.73541030390115,0.0727388556282843,0.0016969450095155585,4.79047292544033,0.5565069101451813
416.27,13.9,3.84,60.06,53.19,836.2450977382875,3880.231159921351,2310.958737122704,1045.0101438426543,1086.5405823805934,31.518221003661292,98.36855231613953,86.47826506292256,0.07347833636454257,0.0021991327946558727,4.235320861078103,0.5739255533276593
160.21,22.23,3.1,89.74,52.09,873.265856762583,2864.827442566293,2498.2458735356454,1045.9372917867613,1152.5991445630827,27.915455578514436,136.22384917311425,106.63440719215897,0.060377751644063976,0.0019623266577890198,3.4878374336712206,0.5967625670649368
659.43,20.28,4.83,68.5,43.5,1148.8701928874877,714.7193929511757,1261.8306932992346,725.6575202631338,66.42725854657543,14.042953300420738,135.466416612355,113.32575877248453,0.0556386746525119,0.005409371319430506,1.6396952036892625,0.3162451209408775
103.52,28.98,3.12,55.61,59.02,893.7463434239558,2643.955044618981,2646.1164714931633,1161.6458499658452,1221.0555957096833,30.211639936418024,169.76549233782578,109.17410233990437,0.06664889884698506,0.004857829700842058,3.36443965319385,0.5987159772812807
116.63,17.7,4.13,84.47,58.69,1608.4963894280215,1255.4938400053247,2126.9957305566018,1324.3447608307895,75.60239538020886,18.98475291087949,116.97603361483094,96.29670497596548,0.06847993547153891,0.0037402140956750273,1.532839291263701,0.30572898303605894
518.24,21.19,2.35,97.99,47.07,1031.5854723251523,2873.8081298829657,2035.0305495928533,839.0985874861269,997.5764275744007,17.858608071839516,132.40109046166543,107.28748739087173,0.057110516249782674,0.001987856937974468,1.8476289797509826,0.4487753446703304
484.98,12.96,2.49,74.01,41.92,1397.041070423768,5711.059246359425,3195.9796922843184,966.4970675422654,1291.0436024036785,25.22012224377133,93.105732118433,99.07146918731422,0.06218698222026337,0.0013936530537291914,2.4878750005537467,0.5353668384465523
575.24,24.44,2.48,61.72,58.15,852.6022098945806,2320.8553308628298,1374.5803673535108,887.9264023766078,993.6573845055163,15.313867305908477,150.2619812117981,93.01977144317651,0.06859704124693142,0.0034685297543507938,1.6690325017825662,0.38183641328907547
394.88,10.37,4.09,93.51,40.32,1020.7631215116519,5328.022956655935,2961.111974367928,977.3082347756628,884.1525709730881,36.340642411368165,81.50216948661236,101.42205495748728,0.06086271025750539,0.002547276145403909,3.6254725680346893,0.5189135812790855
311.84,23.69,2.16,73.98,55.22,1094.6737652113825,3028.347099679333,2110.097227994113,962.0315868988088,993.7823080585658,16.14837648781846,142.27177133134586,98.65991474384215,0.06415377259330546,0.0022670218652158644,2.0371573728060035,0.41509595381423536
232.68,14.17,4.1,53.27,44.32,1152.9194389752715,1964.2802984293048,2423.066796889981,994.1675331690866,117.59955385855434,26.87787864283449,99.20690894968624,99.46317558375567,0.06596508375304722,0.003957899476338966,1.4541932990097521,0.499606539433176
221.79,22.16,2.27,82.45,40.81,1202.5795704961095,3069.6861442415507,3019.5326011341363,815.3475227144612,985.1964500148806,22.25225217207698,135.58621483664777,124.16652958576645,0.051696740913353426,0.0017412676035293906,2.180215773476703,0.49582700332609975
367.37,23.36,3.06,60.17,59.74,723.5645871600374,2372.312925400917,1734.1563849042477,967.3727694801606,1105.3361274456036,21.907208557602182,141.69235143759985,90.91207287230586,0.07163177874309734,0.0031114443384847343,3.230247124395658,0.58131794278155
678.12,26.04,3.11,93.32,54.78,621.0229718952143,1800.7170352401968,1324.4962541297928,796.2317454965118,1106.475933530426,20.227149023949476,157.32211296099305,104.06850999604657,0.05902046695991303,0.002951456752827309,2.8438507727459372,0.48008152203343774
382.14,15.08,3.6,95.86,43.37,856.405765679999,3427.6347026232816,2449.857121243977,913.7548804526841,1098.9050945435588,30.794391260799273,103.54418266235434,104.10747172030216,0.05923695660956186,0.002215036993191279,4.049744223550224,0.5433169807493293
531.29,15.98,3.65,90.01,50.45,775.631741245363,3212.0724718317606,2066.2137343206673,944.8220994573163,1181.7201094763432,29.044874309531814,109.15958769422882,94.78300723502296,0.06444816947540197,0.001811966074029021,4.204354685509292,0.5556600479614132
647.32,11.37,3.0,96.31,47.02,1233.2129023569528,6573.406474726906,2876.3917833191986,1029.8141527889861,1587.8629233258478,29.072181813403834,85.92832893024428,91.10001286330454,0.06614104376466645,0.0015037462084435045,3.999892086379916,0.5235859523290377
211.71,22.65,3.77,66.41,48.78,686.786531244951,1931.5401709581201,2107.8932288853457,893.4342587137369,787.6651530730887,29.22020641130148,139.11658546054645,109.57353484756509,0.05993144418750264,0.004309780719448799,3.102024561084223,0.6051214508545997
450.16,14.1,2.03,95.2,55.79,1627.8565815129764,6067.401409559683,2488.6534975251116,1130.2975073904365,1153.1314386660792,17.43348263090785,98.33487373583277,85.4923904950159,0.07082446365199728,0.0018039344028870565,2.1828235105715086,0.550943250922044
686.46,21.86,3.9,99.24,48.14,574.9624447167427,1718.4598167655643,1569.2707618728614,772.8301883538256,959.8201222994086,26.773107434262414,141.13297573503752,108.7594857283331,0.05619403804865719,0.0022273515192533853,3.5139808572601585,0.570942890203519
504.67,13.82,4.8,86.73,47.87,857.4280812673355,1600.564707167751,2040.74119883342,934.001930601761,184.26613626438393,28.95480608648297,98.9941775876704,94.73063891321549,0.06311094375522043,0.006489509607302689,1.3923371748993139,0.5383043303299264
449.79,14.49,2.48,75.07,51.02,1269.8875751033743,5231.511379345478,2688.1400237726752,1050.1520559934056,1301.6555748380897,22.6924328374147,99.66154116394893,89.46268845693639,0.06890910082953047,0.0017108737667848848,2.470414580020384,0.556229610461118
463.41,17.34,4.42,74.89,48.72,676.3721649386518,1747.1783389982797,1889.2356936315605,884.9556554090597,502.5163994879571,29.299182937181694,116.13847163492744,98.82588018407851,0.06266481429152361,0.00405642621380854,2.306578243581319,0.5672342935715968
490.53,16.48,2.35,85.91,56.11,1223.0598731386158,4283.365496823349,2186.9437453390874,1049.2513155685044,1112.9383134386098,19.128672533286043,110.63435665520777,87.7414631085341,0.06951496993810907,0.002064384424863128,1.8777539706001947,0.5664457514857195
118.4,13.27,4.79,67.47,40.52,1924.9306530275855,1171.601969816002,2415.033340121634,1050.623549110352,80.16182107352395,18.304330549764266,95.63289729011964,112.31461223344962,0.058714671881133995,0.003631214498977256,1.7079218094772946,0.35303293971169186
468.04,29.92,2.3,55.53,45.51,930.0121583583822,1603.2756988080646,2117.1010956097093,651.275596194604,735.4922332354838,17.59646240118859,176.7131655466462,127.50723429225084,0.053020574024563956,0.0033478459201878143,1.8444620990896103,0.32826283272481815
272.26,26.3,2.34,98.96,45.8,1015.4064055854124,2346.2120972101234,2467.6222090297742,781.0513414864953,898.4835660341469,20.148868050079013,155.7866106033623,123.11059319672397,0.05173811986839,0.0023130615664332882,1.9667859456091485,0.42665061751649347
170.98,28.08,2.26,66.29,42.03,1188.0271096548402,2431.1169243011027,3127.16835187392,728.5496836122375,937.9660439295415,23.350114186973066,164.62731327062238,139.36956476714994,0.048895727836886095,0.002565408427717363,2.110415498649154,0.4129208965794635
231.27,18.74,4.16,75.64,59.29,1278.7461153419858,1070.6667335542381,1650.034887814678,1098.616086187718,69.49726678587146,17.014019079056755,120.40879186864255,91.11586671677345,0.07047683601200404,0.003625369659107173,1.4608235078236493,0.30878258693347493
308.04,12.88,2.51,98.36,40.29,1426.7084228944432,6148.653032697643,3542.446806267666,993.9311471527752,1321.1637343262373,27.053961768167362,91.83481687977351,104.1208794125853,0.05929429948641906,0.001829166345554749,2.679376382633441,0.5296270024908049
225.41,23.96,2.87,66.72,54.55,846.3404657098603,2536.952348303898,2238.07254415523,980.0367290202223,1059.283838545878,23.732408328290337,144.18051888802182,101.32132334356187,0.06450071997841415,0.002429486856029469,2.974265932839167,0.5840823889176349
437.69,28.6,3.0,77.63,51.59,666.7749943208734,1578.1716532697828,1680.284268210816,752.0733730452823,891.851686986497,20.8733756141072,167.81519077390976,113.7244055899771,0.05629545916243726,0.0028421262554349635,2.5926904945013867,0.4580631453723986
230.16,22.89,3.23,92.5,58.38,747.3363445450702,2536.9127078615375,2038.197302734278,1038.5192291105868,1106.3388088464837,25.43487782439949,139.09747202049445,98.0028325576948,0.0645614213829185,0.002229386391155193,3.6242340140788674,0.6020216638464777
383.0,15.85,4.53,75.78,56.9,717.6301647065717,1962.879132650524,1924.6179095196692,1029.831007622467,382.63761084637184,29.543175592822703,107.17976390911343,87.3423729208395,0.07036439993164018,0.004475674323929512,1.8220515959027657,0.5709237674092366
368.77,23.87,3.69,84.28,44.85,631.9997657797913,1585.7185888741508,1892.791914582587,743.9373947615649,804.6234462988582,26.938114479435335,145.68762815876207,119.40681093417253,0.05324957767745662,0.0037883216431835757,3.077385142500984,0.5839786760174513
441.08,11.22,3.7,64.83,40.15,1037.4772187860572,5332.157327111611,2934.670556650945,953.6568566059026,1282.1741706555317,34.36853362111874,85.52630780727615,100.27768244348034,0.0624057196497582,0.001758908676288289,4.687149971526842,0.5325978003014704
645.71,20.48,2.85,70.63,40.92,865.9864069145673,2324.638374786824,2078.046119537108,739.5811845264241,997.2688782834991,22.823482949517246,132.957141440545,116.78734989670988,0.053689151793894094,0.0020067159591138648,2.4977284670665263,0.522460757438511
128.8,13.84,2.26,64.48,47.2,1689.8004224994584,7265.520487476873,4176.236395320369,1298.9162757608397,1452.9995226563901,27.182286422038114,95.57415811433346,97.44203877083926,0.06727574195936128,0.0017813689597631892,2.615344382312461,0.5723307669831205
114.15,28.6,4.8,88.72,48.78,1478.6149198224496,746.5195780912268,2069.7026676609016,838.4767582254308,73.46472624141836,15.887831970519242,169.556123208858,132.18744459459754,0.05132427795141425,0.006135742169705946,1.7944977041229735,0.2922162064014421
397.6,15.87,2.91,64.58,59.45,991.8769211334844,4330.66229994311,2269.576015502533,1111.927770557822,1360.5330899834312,24.592717444329782,106.0701810373919,82.52648981386874,0.07657830201433691,0.0021908787727415013,3.532914787153337,0.5868551147726117
138.39,29.74,2.61,94.17,49.99,999.371388534292,2497.318407513843,2774.3626043852555,886.3163757872425,1106.0589077370528,25.5264541640761,172.1565868374023,126.55763740582805,0.052345746590256086,0.0024988241542254156,2.4330083505339717,0.4844596894134624
248.72,18.76,3.35,73.01,46.82,820.6639231653785,2923.92119862893,2352.486900672382,940.2522229177966,1114.1607982020687,28.438766708405097,119.93572223982002,104.77328421754254,0.06088473085750305,0.0021733132278180488,3.8016538270243805,0.5777143048530855
646.5,19.06,3.42,93.38,59.2,688.9787544776335,2899.400197947583,1561.0806232568461,960.8769349452883,1474.0563900285442,24.901357944056784,123.89933759418501,89.008883556293,0.0679614599430334,0.002519891517258774,4.2399579638250655,0.5748195959079475
397.71,12.67,4.5,79.47,52.04,1117.2857947171908,1639.9506237157684,2142.4159056518006,1046.2841301208375,112.36767812195595,26.18115986385046,92.24835223907502,88.9029479674359,0.06941034000587189,0.003593794823845537,1.4010291546608473,0.5252162433000066
431.25,28.37,3.97,79.21,47.86,535.6262638848305,1081.5428541297804,1622.4705059818702,680.4709018596982,641.7096105493625,25.743105012385836,169.72831110561788,123.3659573018748,0.05238295295706752,0.005204457216638537,2.6329460153184643,0.5341114125663493
535.22,16.86,3.04,97.1,43.03,914.1390983898906,3271.921040224569,2311.750680680505,855.3741569666844,1184.8864378799371,25.937437577743403,113.24159608356872,106.61085616001255,0.05739576275696768,0.0016177969536550127,3.3511397173729596,0.5465810241626936
123.69,16.93,2.23,86.46,54.77,1536.2292167110543,5910.739681545335,3695.52736783433,1377.8285704427435,1346.0833054033174,25.074969726080386,110.73584961230563,95.8350819084568,0.06753215186235215,0.0018647300750493504,2.463065794218221,0.5862300381271938
176.07,27.23,3.55,51.04,57.2,676.2976590905124,1870.8648514006802,2038.9418565340486,978.7695793504157,873.1381562835899,27.616548964336715,160.730519379245,102.2807151080446,0.06908553455776863,0.004300414193799736,3.1898018133799284,0.6185492172211734
150.88,11.86,3.13,86.08,54.4,1262.5598539073428,7201.116035672691,3463.02850693414,1376.2624123373573,1653.6913005953093,33.318026569031666,87.0419868385377,89.10667275025415,0.07163383114596351,0.0015639705672190656,4.804599605624035,0.5586496630385757
291.22,21.91,4.65,82.24,42.71,1311.7993953877458,735.5373869061663,1668.3586700956487,743.5374312310097,66.13456963393448,14.347522103923117,137.70755219972287,122.1863298911122,0.05255166313577037,0.005815146224922899,1.7257615984418657,0.31899365732831036
566.94,21.89,4.75,53.62,42.94,590.7174226540263,971.3909904467499,1635.7490030038603,698.63059914574,350.20488963472417,26.689999581868097,141.03065963144056,115.15971691614115,0.05665322306519011,0.006402553790541797,1.6789344330640181,0.5970959648639036
673.72,27.44,2.22,78.11,41.87,974.1590476743947,1745.3408038618645,1936.9504019030353,626.3011326530312,780.9642325823378,15.970729519293196,165.68558704227584,134.05085212071378,0.04794818581701935,0.0025066661838193355,1.8116294108636022,0.29816130440080524
277.18,28.49,2.4,92.41,40.77,1015.6805109423378,1799.9660039433809,2696.435323235881,634.1633971263338,802.3838648129794,22.404639761615073,168.30589402133174,146.41365365573714,0.04494849076676535,0.002288950553546261,1.9058365960524097,0.3833682750282946
640.3,15.3,4.2,58.05,49.87,699.6115287203118,2847.770550744275,1944.0068761558236,923.5302289828005,899.1440826837484,31.181278429181166,106.75716713804673,90.93107882270233,0.06937919734087086,0.00272046953867327,3.7034227868811542,0.5735020007288707
562.47,28.12,4.08,56.86,43.53,534.8373520100438,935.2453003491572,1653.566557605491,603.3053995488834,594.0994217173678,26.54996005955817,170.73726535800614,131.07929404657304,0.05144201286707374,0.0059222147580627795,2.4483502550641254,0.5071788484285641
593.42,21.9,4.44,51.26,46.58,559.6527464727411,1251.919046834885,1589.5571727179931,748.3904159280304,523.1607504245524,27.216880285766084,141.15432742357575,106.4426880446632,0.06172813148709325,0.00529962185246301,2.323115012590063,0.6094734266970822
449.66,12.31,4.87,64.59,46.06,1425.8112090247205,1137.101948192171,1961.572797208445,956.9889609057038,83.12378493854447,20.443654722628313,92.4176061710226,94.42783190366295,0.0664371157442064,0.004350538052964676,1.4148013072545629,0.4129065486736497
599.81,23.77,3.18,74.46,47.11,682.8390563391628,1824.9291807206914,1690.0310098939303,751.8121651247826,989.4606672064613,22.819230758181128,149.45258066294053,111.83672981046153,0.05612516089849533,0.002520052281000724,2.8861372252758017,0.5168197774744963
394.24,20.31,3.27,68.17,47.02,756.0712665269427,2457.3803452039324,2051.6108186319702,852.9421044123862,1063.3622549279253,25.71262411220633,128.38776266532653,105.03364441477999,0.06044113816960198,0.002101668304548153,3.488963616431947,0.5830443215009681
136.04,13.18,4.64,83.15,59.46,1931.3201284551183,1172.887847095509,2135.4655354953643,1368.2467758455484,75.69874298733777,16.39002318550946,95.17071796964488,89.024050151601,0.07310046953135349,0.002761802221589676,1.744083577714192,0.3485100165852814
412.57,14.13,3.96,99.17,52.36,809.9701972427554,3496.384360128832,2277.552032742369,1027.5333871196613,955.331461150225,31.65560727880307,98.91244251854154,91.22857258580432,0.0669263413978802,0.0024256735492066846,3.921101231469276,0.5487979198310735
269.89,28.43,3.53,89.37,43.75,656.9362811249132,1310.5992722859958,2069.8751450711798,661.8615759702365,781.7281668706238,27.85559710447724,168.7501949242872,137.18379559230445,0.04776822721372881,0.004036571438127527,2.7751851960841174,0.512359822369577
661.38,15.24,4.76,91.03,47.36,1241.7956725769066,987.9742937291101,1463.6462997318642,876.9666107705402,73.85519694503307,17.555344945133555,108.03017823968327,98.56008532674973,0.061949616599598294,0.0038200271383520656,1.465658530540087,0.34636245621841505
589.53,10.23,4.26,50.84,53.86,957.314530646285,5419.8679061469165,2577.7621391188136,1094.1908815098525,1119.140611880822,35.409782387076326,81.62385482559799,79.11348036625148,0.08064229987697624,0.002015560028444463,4.49534694791045,0.5636770834756287
143.1,26.76,2.61,98.76,42.99,1055.5751799722443,2529.0337463751566,2985.476396810304,799.4308943481101,1079.0329294473197,26.797243228643076,158.29460229705202,136.2654566326948,0.04834651942883656,0.0019754081811489566,2.3514196963325658,0.49331201185724566
187.75,13.7,2.59,70.64,58.94,1356.9307893457726,6542.3319525507995,3316.143644058134,1356.5331739025653,1498.8518436487884,27.06316646949754,95.16293381277562,84.2582288115603,0.0764687878795163,0.001987571789199601,3.228150858409669,0.5805594342059164
305.09,10.5,3.04,89.49,46.41,1341.616500094579,7982.888697706172,3529.8273373905017,1134.1877914457218,1659.5777711301735,32.256393034845026,80.04426529237718,91.88224070213361,0.06705484103582687,0.0011242066934623242,4.681583350352583,0.5275644705651584
471.08,15.21,2.43,78.25,58.15,1251.636679571417,4767.8765925158405,2313.8604637289304,1102.5119491701844,1194.719076993219,20.61560631892242,104.63768099356578,83.90333221400199,0.07317325810813911,0.0020691387598480264,2.033792948317558,0.5681899262720026
481.33,25.0,3.69,56.14,44.5,602.5344932957908,1384.5652541291986,1773.029295006011,693.231735996142,785.6171220143905,26.143989016329147,155.46993611488853,119.23615260471568,0.05542606491050036,0.003646552629834441,2.923914880577886,0.5519397217406127
460.9,26.64,3.2,81.57,51.25,639.1891422233533,1653.3692656350495,1641.7767869613454,771.706938590988,948.060979065506,22.198941950112335,159.9854624937495,111.1980148350192,0.0568565715472445,0.0026781227066410554,2.9283135016336956,0.5023588848141733
361.23,23.07,3.35,94.29,59.1,664.1985182860788,2223.361955149476,1713.6711742935065,955.9783516720329,1084.3184659661767,24.04598563381164,141.57526085113167,95.97195786909566,0.06473848997982859,0.002433586866223673,3.612274463825523,0.5977697737312542
539.82,11.0,4.49,89.14,42.42,1001.3030135316396,3065.7615355515145,2549.183829590787,944.1353390664905,254.24176656616777,33.19959329537146,86.85528502473593,98.8768476546472,0.06198260920047306,0.003268705716980851,1.5716939301372885,0.5249207440097456
549.21,15.31,2.32,99.98,52.28,1307.0502568232064,4741.265858100833,2327.1223112532907,1023.9062363246338,1157.8002469498056,19.613417012941433,104.95298515933221,90.61249618422258,0.06651030664018552,0.0018898529244578193,1.9384036135850065,0.5491558346209082
654.03,25.87,4.06,93.28,44.48,536.2472177512605,1093.6962275612846,1560.6556190441918,650.6171928971806,673.9317218549953,26.09421239408258,161.7242073383451,126.54234216555862,0.049836636500819494,0.004344630750087695,2.6605654600245683,0.538362971712189
326.63,12.68,4.87,75.31,54.25,1706.523419229461,1032.7290300703387,1771.8559142815002,1082.510921936211,73.45246112869978,15.329405047857174,92.69726425217068,87.83779009986891,0.07168475596686687,0.003355726373144021,1.7084734380299518,0.3730666354318888
424.4,13.37,3.4,56.35,45.91,972.5874581659521,4627.704042917715,2623.8293690701394,986.7468329952858,1330.806279207043,30.61752571639327,94.94624033421398,93.14959107185852,0.06826002370887553,0.0017548286170765187,4.463474529669403,0.5607824197013699
532.9,27.84,4.62,66.87,52.57,481.04950654023696,861.0659673821507,1344.795669786382,720.2224282479017,407.1566727455944,24.59054430466994,169.3014622142312,110.7903123993519,0.05847513552228673,0.006258651130773353,1.923668730572137,0.5636839605004235
604.38,17.24,3.21,56.21,44.84,835.2400486617385,3104.338098395762,2102.3088048814293,858.5729418439214,1205.9634904091492,25.967609782260794,114.45731624403133,99.73711854240148,0.06366523360780194,0.0021269008727687905,3.635276747856335,0.5740271437846151
681.47,22.9,4.65,96.53,50.06,494.0781334336218,1220.65293605032,1415.7014453754139,759.4375955146261,508.95638176843335,27.544554768672786,146.61845399881202,108.04442138271635,0.056872447145027635,0.004859061921802963,2.289030225347321,0.5797119987936168
521.17,26.73,2.65,99.63,57.31,753.9451922376836,2011.7917492234835,1436.410407639818,847.1842025312733,986.0018053780389,16.94591925075758,159.11052897793374,102.10425943296298,0.060232868369644955,0.002822134576909142,2.0716802636484255,0.4113072430888363
308.26,26.26,2.26,74.75,52.04,1006.3909463603844,2359.5515632279203,2169.731263209317,862.3686942943115,861.1741179177912,17.379326966502465,155.16230246077942,107.87357694244771,0.058935204940968815,0.002612974623124345,1.969292021526572,0.4045061624612879
379.86,22.07,3.22,94.43,51.02,722.79385291594,2289.723723341868,1910.5779118455368,874.0383842413853,1060.8834556194392,24.38636625518909,136.35027518722956,104.40582772498097,0.05949891362112481,0.0020600855028532,3.4007493062493412,0.5812482335517414
168.14,14.05,3.33,68.94,43.75,1053.346785227754,4810.708315569645,3042.504229399135,1082.5488747921588,1379.795670987187,32.86788081265303,97.57418956162256,102.87866150463753,0.06264445589083516,0.0017474005753084381,4.443675248724419,0.5601511088736889
622.37,20.79,3.87,56.99,48.26,608.5073029690892,1860.2827341372379,1665.591309591374,802.5834626684338,912.926563666612,26.881303939190246,134.40967978247937,101.63229510584121,0.06314429381102685,0.0026438523699431117,3.4450796634621383,0.5974043229095874
689.02,26.97,4.07,99.91,40.46,556.6207157671735,919.7137695215395,1708.358270239364,568.5909721481537,606.5909783927376,27.202105430901156,166.61076426070684,143.58143531344876,0.044840108317259146,0.005489529412757121,2.408914890299895,0.4939414677721199
427.76,11.41,4.75,50.36,49.48,1294.6752976580276,1472.171727884222,2174.3848591710466,1031.7233172762508,98.57283684845257,24.761997667121992,86.5346442902719,86.0057987193645,0.07459690870272132,0.003164863249460792,1.3779454083775147,0.4780199533531008
163.04,16.65,3.33,74.83,47.91,947.7837270628547,3840.868837974922,2746.680000892845,1092.680625691161,1263.39738136335,31.21204440611084,110.07868186407414,102.10648162089451,0.06318365147068707,0.002020132441665699,4.121457368567412,0.5760407224504211
695.22,22.75,4.79,69.61,55.83,465.66855834735435,1293.0134903119344,1303.9982012964188,819.4780078808656,548.9550340841104,27.508658897362736,144.51106452771995,96.5784107535586,0.06509182706852129,0.003919265281699158,2.4927415478300303,0.6037161827415763
327.34,16.18,3.95,63.73,44.63,774.094879011058,2463.723720659581,2278.3455292201484,907.350094031782,742.1690777793538,31.14494764543095,109.08356963375446,102.12145854466301,0.06182336273238898,0.0034444787599018523,3.0567674191210457,0.565730840829123
503.33,13.25,3.68,86.74,53.22,886.5219884501998,4497.811186152613,2359.026550645349,1045.7954172456093,1308.7940003373362,31.251156072484992,95.21340648232012,87.73289402153209,0.06964339041059162,0.0016772878679535985,4.737202181971405,0.5482942443318611
117.77,19.65,3.93,59.46,48.69,815.9293256086979,2563.6696470204906,2537.3061794557784,1087.2684835343568,769.3900249054556,33.979977645300586,125.58415955821779,108.3299686905539,0.06294830955330885,0.004579318976424713,2.8932717532561703,0.6116672376495952
521.09,23.77,2.31,80.84,48.73,973.9724402776953,2458.14329765908,1845.3740906137334,809.8983197969056,924.029800283238,16.382708176081415,144.8200645503363,108.15088942883236,0.05762249688489184,0.002356118990672483,1.7936282265706407,0.3924279011530679
683.68,22.39,3.88,70.01,40.9,607.1423138650594,1425.8832214762365,1762.1291247154693,671.2472210697334,778.5939004903464,27.23753201716161,143.70731077877312,123.51892640594319,0.05150255751310088,0.0036201502785300345,2.9321050032211335,0.5769954555426787
347.76,25.85,3.57,72.35,55.65,596.3895270343774,1698.1776786790963,1671.5590881382604,862.2303096334037,888.7037215208675,24.652453769937875,154.53267641017766,102.66682398876925,0.06260205251917808,0.002833188336228106,3.312502005418943,0.5992792684640934
104.19,21.69,4.33,67.96,43.12,1592.02280822027,1058.7348062558879,2247.2440181153574,926.7674780601521,78.08373793683879,19.078571122850626,135.84779321742883,126.25686864526719,0.05387069304388153,0.005743566755459021,1.6103271145393567,0.3018448738931911
668.6,22.21,3.2,62.81,55.94,673.3946808372674,2254.4311668339233,1475.3329920008978,873.9700952347488,1185.383344472782,22.2292937760438,139.3760908114044,92.96063482994825,0.06795727196433403,0.0031187033895232192,3.229995897414076,0.5712899554991105
238.05,11.34,2.6,66.24,49.13,1521.4663863748724,8114.740673476044,3773.047175683671,1214.5264700252278,1575.3588761734177,29.02745624858207,83.77877421997076,88.76622365255656,0.07155318097358596,0.001620428824466803,3.359917000051946,0.5516424298343031
110.71,11.88,4.22,56.59,44.53,1458.4547551588198,2315.5235940338275,2943.3424979315337,1226.097777603582,119.52192245763545,29.74213776925882,88.37685220121031,101.80613937866546,0.06611174882302856,0.003346446164259458,1.5158340988154402,0.4666265441707884
661.67,22.04,3.1,70.01,46.64,734.9886982940586,2037.3971805224114,1749.652940304263,773.4855207144004,1005.4212730135484,22.894462020457254,141.0738609823683,108.42426360522757,0.05773202143109548,0.0024707941365426605,2.7966907872655797,0.5342602631853738
695.58,15.13,3.49,95.37,51.43,825.3816171997476,3751.433526333887,2025.547991564775,955.0041359556942,1402.3125595124968,28.567874612800235,106.39314358511815,91.82085722120115,0.06563504719422063,0.001953721288698168,4.392941691159894,0.5487662781268574
349.88,27.32,2.25,56.49,54.47,963.0902570391379,2323.1178350769887,1944.247090718238,863.661355730958,885.5173985800202,16.044763332093506,159.43265276250634,102.06954600947462,0.06497689539119769,0.003271619640242356,1.8993867436810712,0.38180453809566184
272.56,26.26,4.2,90.23,53.72,587.044925916805,1069.5286819513192,1708.2273567231946,842.5002821940034,325.62819626246915,26.261431006391163,156.24997261871943,109.18931023882432,0.05765104892453251,0.005743579365408337,1.484209244040558,0.6031748625178612
257.29,28.68,3.88,93.33,47.09,598.3564110067149,1200.685658906062,1904.5009524585182,710.454097519496,657.714592223981,27.908177294911717,168.84890974206087,128.80656849020812,0.050439144086056265,0.005503617517754559,2.6464757035374,0.5514764480818171
486.55,12.22,2.29,51.17,41.3,1600.498625119854,6678.237869636974,3459.6475187456736,989.0077355261618,1304.9111003476935,23.991091716808942,88.95103762952176,95.29104967589947,0.06661972227055944,0.0016220106357602729,2.4049182622849394,0.5493206208877317
455.2,22.11,2.49,97.8,48.65,943.8997516738468,2687.9857036389385,2028.3801572940456,847.3700348602165,1028.0159171948512,18.988930635771666,136.33297581523473,106.8805879231361,0.05765855450458685,0.001991086427014869,2.085908899977055,0.47447626185900754
280.14,12.19,3.92,64.48,45.79,955.3231313269821,4519.911606078534,2769.601808672489,1046.1593255877606,809.9775670085861,34.37108216222105,89.90894413152743,94.97562857414563,0.06700824172809061,0.002697199061737685,3.271977115398179,0.5529391496835602
682.68,14.87,4.23,96.22,58.5,680.6693314277085,3412.390304051176,1805.5168322849818,1012.6755706033413,1314.5316654631738,31.534174924922098,104.65537009464815,85.31038871004912,0.07061067346967277,0.0021262584152827173,5.042589405925599,0.5557464186025246
125.92,13.18,2.27,96.18,58.53,1726.9098124393242,8036.75671132809,4115.911701530484,1555.941810735334,1499.6201853444966,27.08785668633366,92.78758040986175,87.79855232319309,0.07288727981501823,0.0015854800977205788,2.596991370995918,0.569530589270905
540.67,23.05,4.79,84.38,41.08,612.9819882761169,765.0530334639659,1683.8404399886233,651.9904483466557,300.8104235501942,26.159789211256562,145.48433591313685,127.27792569541846,0.04893418012983951,0.006294811840365586,1.4609192763817218,0.5599943603092977
383.52,21.56,2.81,69.24,41.66,883.2196059181417,2394.0631791202086,2316.926378803135,766.6121980285861,1007.0390799717999,23.64421917503073,134.370463010499,118.31540046462858,0.0540180339339605,0.0018922453683209509,2.6448564835572546,0.5422455643730204
277.09,10.05,3.4,91.71,45.0,1249.6843418969884,7732.040812402178,3462.312846712971,1123.8683554061743,1590.9881717639264,34.991960164968866,78.69289608533492,94.08229181250107,0.06577581245317042,0.0011192556710187358,5.228503749545606,0.525250552151984
610.37,25.25,3.18,95.86,50.13,640.3593457578489,1758.52193144826,1533.319451416805,762.683906481048,1023.9065814868164,21.606106583351174,153.54195425010715,110.765348166539,0.055828712938160434,0.002568953523197208,2.9491177129574724,0.5006226783877046
207.14,16.45,4.46,97.65,50.36,1603.9956034882498,994.6447520641565,1836.0886356187225,1033.1068904805852,69.50352498487815,15.277228997718959,110.32985383731881,100.25902297050031,0.062890170601708,0.0037786283736995305,1.7072796801992682,0.32475069711083276
105.42,10.29,4.96,96.49,42.33,2137.3550900779255,1422.704916077338,2622.684674731366,1201.8080802982404,84.70953184297174,20.03614281670063,81.66563009962982,106.83396069534604,0.060504365850322456,0.0028057619169569933,1.654053302597367,0.3690165848153681
576.06,23.03,4.89,93.83,43.21,590.9264178730706,803.3917034755902,1583.7370111277871,675.21396035249,306.7500048792772,25.660588115941188,147.83108935128243,122.80931480075508,0.05062994188636014,0.006260596826867627,1.5094944932785046,0.5688166468646614
132.49,15.07,3.73,60.39,55.67,934.5992874597717,4174.060001309187,2772.759552563031,1315.8103981364368,1048.2597960237808,34.15838139878543,103.00599173107915,91.39005619458534,0.0736510693308251,0.0028861915857659472,3.8775165169691452,0.6017179059181516
143.31,21.21,3.96,64.42,53.54,1235.4416142654618,1299.4185914948237,2066.9720329314696,1084.1678783847965,80.58271125507004,21.095672673002493,132.4219982003325,102.67574119870781,0.06526017253781953,0.0048355348993026105,1.3303806690346636,0.3236385918104999
454.77,20.42,2.02,62.19,53.48,1247.2451539111476,3640.965682885159,1874.432509988583,959.4234883700358,983.8479668050652,14.09616050812623,127.6829243858301,92.91661385233975,0.06820966957058025,0.0025781298135760327,1.9611857663390277,0.3855166132678395
242.31,17.52,3.19,85.19,44.8,908.6351734998037,3337.782711960788,2562.7182119213176,946.5722999087782,1189.8378886010594,28.653747620061125,114.42514911518415,106.76859237256257,0.059003826164593536,0.0016518627080245715,3.763500554091581,0.5634598478042029
302.81,19.05,4.08,58.19,49.45,680.8489110970016,1971.7767974992587,2000.4901966182317,915.417248785273,641.5366010436641,29.254475640089456,122.79609778481552,99.29287971852335,0.06529333244244614,0.00432289200361235,2.776936775496907,0.5960422745986617
109.01,18.48,3.0,77.58,40.8,1115.945328643303,3892.3025844187387,3261.694573318547,1017.901519752324,1368.2023278667773,32.36028018826571,118.78675178414049,120.81718221874175,0.05444328321485514,0.0015284602604801365,3.5375832533414013,0.5748438523666533
518.32,23.88,4.39,82.56,46.83,552.1701867762954,1097.1642023694344,1588.8886336418552,727.1668757398944,483.62318436810534,26.300956391450757,148.33698840692807,115.1137971984346,0.05468734163006983,0.005529486406765161,2.197415343940365,0.5861595035561417
178.47,22.56,2.11,80.46,59.62,1278.9073430814854,4029.6756172688406,2687.538079157642,1188.430791295926,1110.1744908961944,18.898356797514737,137.05150647669734,95.6738841210503,0.06751641486775617,0.0025094340465072118,2.259934672724722,0.49427061686418744
527.4,25.23,2.23,92.17,59.63,943.5836776911758,2504.4788995355057,1263.7368077847655,908.2474247018642,957.8087031861421,12.815433715704902,152.8160775583501,96.18318358987898,0.06377141578061402,0.0029798281414713146,1.5502515305093647,0.32084914558871797
365.29,24.04,4.85,65.77,54.5,602.1023703369798,881.7087384159428,1493.8613204740489,838.2717335696827,200.28572466789197,23.691041456352206,147.02680778804412,100.74769316007524,0.06317315284418155,0.006202754322511857,1.2672542124323363,0.5958211036621363
306.42,24.16,3.02,99.17,52.37,753.5709467086333,2238.476273645285,1978.3266235710307,885.9194883847581,1042.9466271510942,23.241042156793995,145.4037930541516,106.65007636915841,0.058672228676724815,0.002114090318197185,3.1103886424060927,0.5665224414487873
436.33,26.62,3.99,59.34,56.69,516.4599288783437,1344.883031530733,1462.3628404316664,820.3474316107805,720.257028510627,24.876376443852116,161.05134080832258,99.98461409333218,0.0658618167039294,0.003925174997340527,2.966983394441108,0.6011927100239793
139.46,23.25,2.37,53.54,41.29,1242.933792683877,3305.461577479513,3322.5400803055522,869.9489075732886,1127.9068488124985,25.49182942432954,140.84949112424422,126.01910332405242,0.05456936531244745,0.002702772666405696,2.140410362347482,0.5216593249682179
559.56,16.92,2.07,73.64,42.03,1410.3345202577304,4127.0095295422725,2537.987507971353,870.563432195113,1001.5634603896632,17.73185707800292,113.10152195338458,105.4960217693489,0.05848366669915738,0.0017468055189600977,2.1782192498636594,0.47670121303107144
322.54,19.48,2.01,54.46,52.54,1338.998280092194,4167.133433846604,2431.780183947545,1019.6254610282703,1055.9998263067832,16.272167474755197,122.06492834030799,92.07086873202886,0.07061573408347016,0.0024108724049037313,2.2899307460700147,0.46069637291990845
438.63,18.01,2.65,52.51,48.57,1013.8614275147881,3518.639595885439,2318.8921272022385,934.2693335545417,1152.755550992287,22.160747580866463,116.2635528423425,94.50446789239663,0.06833639307451173,0.0022829870775950586,2.649493436880614,0.5916856844196091
110.44,25.88,2.9,90.78,49.56,997.2178985981691,2856.125745021317,2900.96814727068,1019.9515007126735,1218.6194493210185,29.514920507262797,153.74004316814154,120.74543346879969,0.05480271562728063,0.0019503306883890468,3.046887716103504,0.5897731758057654
246.3,18.17,4.49,86.11,55.13,1484.5840332570406,877.4148090611152,1580.2448887350934,1028.959601404519,65.66720633355196,13.6229377368256,118.42374730421507,95.64335695494582,0.06616668707733929,0.0036549694135402603,1.7459685686419963,0.3177615949605585
184.39,22.15,4.12,57.12,50.41,1306.5236086258533,988.9931208406687,1801.59067830299,942.7040269909817,68.76642068357108,16.987975160924645,137.10967536014883,105.85580583135999,0.06377285335556869,0.0049959564051564745,1.5247491059979263,0.2952748049669699
552.55,24.94,3.85,51.68,48.35,556.9312005177479,1383.4455144545484,1577.0723488450426,734.4588043747201,791.2072280875891,25.56076502319626,155.465822729415,108.72916373529883,0.06089086933932238,0.0033544203007797166,3.02518641363598,0.5761771978955874
678.85,29.22,4.85,50.4,50.22,926.5046655236146,537.2579965198954,962.5702771103713,651.3027932436169,58.088562239752626,11.488392765421828,178.15120561536443,114.14057661370062,0.059664202986518804,0.006500000740946392,1.6993905676571155,0.2517991805255781
331.79,19.36,2.96,80.7,45.3,887.8239137720573,2928.5775742851033,2357.785450194713,878.9087393204858,1120.1688947598652,25.278158652578213,122.94102527167927,107.53701203530439,0.05834783678369167,0.0017148631216056776,3.222017299096954,0.5691516211640876
309.63,16.63,3.83,59.9,50.34,761.5500299149924,2918.6448159607735,2203.5000003578493,987.974104532633,907.2474123542902,30.215033374150522,110.48168092323736,94.25015131283232,0.06835527211200536,0.003162492149884216,3.660201542373301,0.5851415990852395
598.61,16.63,3.09,68.88,50.2,885.8775367257151,3495.408298037995,2085.475045684658,938.5429222219744,1261.606049349635,25.225999489520905,110.77598498093835,93.01230489032164,0.06658728165964714,0.0020650901435089507,3.5301484060215325,0.5663128153699303
360.27,22.61,3.12,65.36,46.22,756.7791906762357,2160.52581948589,2065.867132362353,803.9177260552395,1005.5517876080139,24.547188407688086,139.93060297442375,110.98943339773005,0.058055957262936955,0.002270511284174977,3.1219075391788573,0.5791391219985327
273.85,27.67,2.85,80.5,56.55,761.6651090580752,2016.8022414238376,1947.099961477024,898.858704389926,958.6235572260935,21.623742853004938,162.1639046522781,105.52870604405133,0.06085479260090731,0.002655377314243473,2.6800294453036906,0.5054831416456729
542.22,25.67,3.0,71.67,49.59,693.1045898626904,1769.6367344731962,1639.4798506200937,760.0640856543308,961.9192662587394,20.90228654388891,156.59445335200584,110.49676907105912,0.0573778057630342,0.002771118054737512,2.615864739630406,0.47154241487445014
674.31,23.76,4.72,63.25,54.25,468.58414613306326,1203.9814396409529,1312.7835331411754,789.9546364726122,482.0016382241424,26.666933308850744,149.4910249961313,99.21595162897925,0.06436020514451957,0.004679694716140208,2.2037338689481496,0.6123637322139792
276.24,23.62,2.62,81.77,43.5,949.9752951181922,2336.6716681222033,2508.796142540398,789.5311865603032,943.6409516036485,23.023372435821553,143.21844871542194,120.8219813076793,0.052701071031780025,0.0017109344546882034,2.2747762690017126,0.5076700762623837
355.93,20.29,2.02,64.06,55.35,1272.8931192131834,3901.6722504175486,2116.834165967849,1018.1849609949049,1036.7542656051887,15.06313629978308,126.52820815752308,91.64278507402973,0.06952388395803061,0.0024337154592517702,2.1204818539162757,0.4215735867067404
321.8,12.28,2.26,65.32,52.9,1638.6928770591874,7325.951770606413,3465.8094965858327,1183.0495333473766,1271.92503400454,23.76754918315281,89.7230914653027,84.72564596734212,0.0745289213681953,0.002757426297955503,2.436422078219516,0.5616901453261183
450.55,21.19,2.42,84.07,50.38,1003.7460623576603,2919.704409809302,2069.484299919316,890.7701078813575,1009.5249741037481,18.663919619872743,132.16658455203353,101.5966215048708,0.060946476206158104,0.0020795348363893355,1.9399577963309553,0.48604618529485166
569.52,20.95,4.63,84.54,53.72,554.8012203840074,1289.044876491214,1497.741332836834,847.725065882559,467.26803543247166,26.952883643089425,134.65985430523506,98.60010971419884,0.06260065280157898,0.0043451609829576465,2.183990824711824,0.5837467023704825
317.66,23.64,4.91,86.41,45.81,1222.3028644711148,625.6305009375753,1531.6399453946997,741.763948524657,64.35006762571881,13.207406888541042,145.9946000592345,119.4937651717675,0.053567547578637374,0.005278646612300578,1.7668027276500855,0.3001403682514995
372.98,16.98,4.44,86.1,57.49,684.5403614742816,1907.7219333395053,1871.303817425094,1018.478491764843,458.60785296219893,29.172120915356793,112.58488946757346,89.25925186858342,0.06860787109139341,0.0037879036127874653,2.1574924691591977,0.5721137158095123
691.08,26.72,3.82,93.9,59.32,475.87264501441734,1568.9233494128075,1169.2659370013307,815.1701991900569,1252.2590821741705,23.74121682630096,160.32081727109656,99.55439029916404,0.06159009260398444,0.0032974858455772672,4.061820228013529,0.5865626185502119
193.62,27.24,2.79,70.71,47.37,878.4137388258731,2160.5163281047608,2470.563094742062,820.2476616771919,999.9613139344748,24.837559600868772,159.95674976475001,121.89124894434144,0.054438915298287316,0.002399948253238318,2.614370561807416,0.5068314605792187
187.97,22.95,2.3,72.15,41.3,1200.605437693471,3096.22378083603,3096.4345788569744,830.5250746140493,1024.3932229023455,23.166839387609237,138.9100176025654,124.9112010627606,0.0523383893883959,0.0019147201154126419,2.1650719837677883,0.5016547051430571
324.15,10.95,2.33,53.54,48.49,1730.036429591107,8645.988687325158,3851.7837256364337,1171.5433600594529,1433.0494964060606,26.13665906545771,82.41367460981307,85.62955118544345,0.07501247417508305,0.002151678625959313,2.518377533719599,0.5586476989747399
275.67,20.99,2.23,83.83,52.72,1159.6145387410193,3662.6427337807922,2458.957679791469,1006.3152972460301,1034.5889538799559,18.9298355294108,129.26993591017185,99.18194207307828,0.06337878856301918,0.0024897691515740217,2.096227517497155,0.5140400154216735
233.85,24.14,3.5,73.65,42.92,715.4186864020027,1779.706603335893,2201.982250516731,756.9694037584236,886.8166563061402,28.594338167324775,146.6927571305324,125.59859894554309,0.05205121280105392,0.0035169243281106943,3.1148294327364954,0.5923529365141186
468.09,10.88,4.76,97.45,55.88,1186.666042895477,1756.8489148216174,2212.7555800303817,1102.9984178284803,115.50744769284026,27.580958056796966,84.5898880982896,84.23922577865477,0.07178110824384164,0.0031048536684108977,1.4283596120427384,0.5351323990721589
190.7,24.26,3.32,68.86,47.14,764.7318669393728,2111.8207893745607,2295.636734696383,864.719814157582,980.9290362476037,28.140805189245373,146.57127615786257,116.2938573871474,0.05674155914488985,0.0027644079316180717,3.2646784813865524,0.6065437402789037
689.32,15.24,3.35,59.49,47.25,873.5621579036854,3573.0462465195747,2168.5708428080075,915.1813404684136,1256.904048370601,28.06723995140594,106.67513869685509,93.62263854363975,0.06678826005628918,0.0020899006392925807,3.8721996597059642,0.5650185816099813
216.83,24.46,4.92,69.82,40.91,1300.8604932558271,672.3832482929494,1869.5064905739496,678.1468423516907,70.22376144506897,15.522814914202673,149.96820918176164,135.27658789130822,0.04937016429189137,0.006990955287064632,1.7328100031295295,0.3041835770193848
221.1,24.26,3.8,54.81,47.4,659.9885533827046,1681.4627291658053,2052.8672203979636,828.3358075239955,745.7778018983452,28.910335968310058,147.0527762845351,113.17409245812884,0.05985650040605661,0.004752590216477241,2.9448624865798068,0.6225759312025225
529.64,21.89,4.82,79.41,56.75,544.4755255408609,1114.6163855792718,1425.016492069296,864.8715356940803,351.1228033160944,25.903089269964145,138.53216854727313,95.99029535616255,0.06484934864975472,0.0048912606780448014,1.7461277678697402,0.5956418133775053
357.06,14.06,3.43,51.41,44.29,943.9464090404668,4195.793473159343,2630.7300030967162,965.4802513877756,1246.2812355095737,30.81720768731913,98.28148134964816,96.18910952089345,0.06724523421086494,0.001863552706925196,4.30147675956358,0.5698033381944536
345.99,22.17,2.69,80.0,49.27,892.1486518600489,2651.409623782176,2166.7963478968227,879.0000544074327,1057.705548525259,21.56795445476048,135.95303541801977,105.60892129839928,0.059547150800215526,0.001986919053300244,2.595498876667157,0.541146345898423
330.79,28.4,4.43,81.11,40.83,572.0991899432057,829.1095033686454,1909.2337554058051,570.8924059868017,428.8858280460449,29.946312513522383,170.3295844759999,148.95557763321807,0.04486932389235308,0.00894800159187722,1.8791983111471133,0.5162041724986713
593.16,13.36,4.23,56.02,49.77,787.8355138440443,3309.4183195767973,2169.1336725125784,971.8048566409445,870.8085812005617,32.384532556161645,96.96845085761106,88.22942399417155,0.07164536887992976,0.002579907954633571,3.6256722724416965,0.5667881361213466
313.63,12.59,2.73,52.33,52.68,1302.8115570668242,6544.423049289234,3152.689538460563,1165.0045106997081,1256.7779225478646,27.43844369438527,89.90860375189853,83.49707998144565,0.07793906329637844,0.004190364503765353,2.979154439881053,0.578313975552525
321.64,25.75,3.82,66.86,40.2,640.9850961020494,1225.8262933460517,2055.9374362216995,634.2941129996835,693.4046381247816,29.18051501572018,156.96313976550164,138.128651484665,0.04810457074662101,0.005100310674917846,2.6682974947404903,0.5429528445995262
185.83,20.78,4.22,96.69,55.24,1434.2678660445,938.4393088980387,1677.9634186026356,1044.2024339675936,65.50284100573877,14.837167674096783,130.41792025108964,101.11239199004152,0.06302933074215382,0.004289752981566634,1.6686895498654075,0.292483527550264
390.29,13.9,4.45,68.89,44.35,1361.8138819831954,1225.1282037588774,1962.676617189864,924.9440539421951,80.22482242526777,20.356455848769656,98.66904284939119,99.85957079602973,0.0631282764509201,0.003880535017995805,1.412759017309143,0.3716850931585798
362.56,12.86,2.27,73.89,46.85,1564.7185652334206,6633.3240657994365,3384.18825156706,1080.0179262627398,1322.958372601638,23.45343116719043,91.1138971016962,92.0596607443228,0.06711648757568062,0.00142990119312081,2.411745125800623,0.5437665618114729
604.49,26.83,3.63,75.25,54.42,535.9847786447532,1419.3438078967506,1382.4522496275317,770.9088973849495,930.5265473637832,23.411449170576788,164.02243106322783,105.5835275377934,0.059742798888720625,0.0031715633749850093,3.183665712524529,0.5405433040336648
408.91,20.62,3.55,87.51,41.07,710.4851620469976,2000.8151715812048,2077.8408827603557,749.897216459386,930.0552312480283,27.741921657493656,131.39904476270107,120.03938733245559,0.05242803642057333,0.002899707756425286,3.3170610319175657,0.5650662199630678
116.19,13.93,4.85,77.64,46.57,1927.1089780600953,1090.980969561219,2335.3068348551483,1153.341808573552,78.28803095188296,16.98874406562533,99.41722949494124,105.02402804366372,0.062479005270182617,0.0033465448877739684,1.7760995209259138,0.3562688946668866
465.73,19.22,3.15,65.79,42.3,818.3551279531154,2551.6964267944695,2172.943278380076,798.4338994927007,1081.3460379392334,25.772780597055842,125.31243528009563,111.19259120732244,0.05688411885204186,0.0019167650716547164,3.245468484599089,0.5706205663872754
466.56,29.5,4.16,62.57,54.1,484.08469004774616,1015.5233489075604,1420.071360851328,732.5052924616148,571.8709702580493,24.655222614471125,175.11745896014924,110.02733083193012,0.059996881323333015,0.005308211610247911,2.4964171143316696,0.5534950346902936
571.48,19.65,2.57,57.62,48.34,968.9174196278287,3025.293323274185,1994.6517888417509,872.6814464261358,1084.0673186709844,19.71215857318327,125.42438368900908,97.97823886875176,0.06485767488578886,0.0024433615930233277,2.21800983399979,0.5218803673220933
361.65,19.27,2.41,77.77,42.22,1116.5208117349694,3334.148574146559,2647.929157614188,847.8232588240222,1070.8371047753722,21.458557393338225,121.66180807064754,111.56230961006821,0.05612822095294051,0.0015154016400702767,2.1127156286892492,0.5498402111923859
559.77,14.61,4.98,83.62,46.71,1473.3025463989939,878.9690474353616,1506.5411426710236,887.551696044935,71.36680530094151,14.711548590169794,104.6849875313721,98.7794265056786,0.062373770256752635,0.0035381736048034373,1.6979657517183264,0.3610589812584464
201.69,22.34,2.4,71.61,59.57,1079.6924206728959,3521.1003229669204,2488.6400118615425,1137.1951916080388,1129.784988337493,20.906955993945587,136.39691567470564,94.07550002307171,0.06917283948631552,0.0027405851889920414,2.218084371296181,0.5505152716451952
146.87,13.08,2.99,89.55,50.9,1246.9455400024758,6447.655755368737,3414.9306383898165,1297.611676307043,1599.388072764492,31.92212138713469,92.23786855075248,94.00007101731389,0.06770173965986655,0.0014890933811951119,4.388453525750473,0.5578716955265861
520.74,15.29,3.93,64.79,55.64,741.9653000180501,3296.279346335853,1992.493121595245,1011.3217963610482,1109.1396372191277,30.131900218966734,105.21985381593353,85.78738288754383,0.07310431129396718,0.002113619507373859,4.288963570560644,0.5766041592884662
515.48,10.88,4.14,85.23,59.02,931.1663305393105,5297.544459617546,2481.4429803983203,1146.0330861688162,1223.5227608240325,34.49592328076498,84.49217316726276,80.1709748776046,0.07586767396691152,0.0017782040627078413,4.776660706937228,0.5428259984617064
372.03,17.57,3.16,54.23,45.49,867.4504305972794,3227.1061172423388,2332.1082355141284,904.1400248534113,1184.7860517135177,26.746206922382957,114.19461617803137,100.0634547747802,0.06462787295086067,0.0020892139915354786,3.7167630121207376,0.5832486586782177
271.6,23.56,4.48,85.22,45.7,1274.571745459396,744.0181462508618,1580.6351375664558,768.756340090745,63.86111274286787,13.938268423218767,144.75971426741432,119.35700925182509,0.053843083572718414,0.005783217568756977,1.7116859412676018,0.2995337074351934
674.29,21.16,4.52,64.45,48.52,535.5723765522291,1400.8528028231049,1533.4706485638965,774.4256246730332,566.3036991980053,28.313330157978708,140.0750140078441,104.32059664145805,0.060625453001400285,0.004697224248942416,2.48077231562013,0.5923729004185071
457.86,12.14,3.58,64.88,56.97,979.844798278729,5460.255797731643,2551.693211199977,1128.3277153751937,1419.3165242992945,31.82619296471318,89.50672393037841,81.02694937859602,0.0773784728900221,0.0018939833229644385,4.922814745570163,0.5631950521047489
530.12,26.36,2.16,88.18,53.88,969.6694141623502,2318.6710608212156,1459.0336883936518,827.7701936772692,877.0090696084434,13.137450595205626,157.10746316660288,104.90871040431138,0.05904701864706107,0.0027748427018251887,1.6737515172719128,0.3115568548164124
603.69,10.78,3.35,75.77,54.17,1140.9884617621374,6968.156063885767,2716.7106336017837,1111.8855528864722,1749.4341548179682,31.337393640799874,84.31646719234739,82.3120200128861,0.07418657429281052,0.0017303204281805195,4.998873557515534,0.5400040675676411
355.84,15.17,2.59,88.37,45.64,1200.0906771135617,4696.243285147335,2887.471513856686,989.015235483915,1268.47479983966,24.702255264266693,102.60496245059726,99.02221916613397,0.062210988875170695,0.0013855617924711466,2.8071648422783952,0.5477671623057595
200.42,24.72,2.6,54.44,43.28,993.0410064407039,2483.923198094865,2721.171916374331,802.2688160174707,998.5429479995091,24.498610021086662,148.23610937848585,122.31696461678841,0.055565010910621236,0.002853437618618149,2.325416908010205,0.5084569537089837
477.12,22.06,2.91,58.28,58.68,772.4233103816779,2547.9479669623956,1654.0839048273247,946.6077498276892,1147.5423185757948,20.451567932314816,137.0905728565885,89.17962748377526,0.07237357788591466,0.003130598126193161,2.8734275397162348,0.5461483544507358
649.33,18.16,4.27,78.78,58.7,579.9884070435248,2407.2989111673364,1555.0653257278814,948.4831046769607,1125.7308289763257,29.30457805356405,120.73778015149055,87.92778969978733,0.06986127407812835,0.002481868314572301,4.416621993107797,0.5807204518660296
290.77,16.35,3.97,56.0,41.47,772.5132684699877,2639.3782045712487,2331.2314328181283,872.5862586754731,718.3340531750176,31.695446120608377,109.40491638110757,107.67529051991067,0.060364493827550623,0.004154718900640731,2.9576848669427016,0.5718457515146996
647.07,11.75,4.1,97.61,40.66,897.7193515539179,4173.3699490240015,2548.5924132960586,903.6639706728248,1028.772641630704,34.7700755196202,91.05600141838207,102.26750465499296,0.05950380862309009,0.0024508737544576948,4.057047789079096,0.5224556572326725
560.13,29.61,4.77,83.67,40.2,589.9261012982224,476.0964005314905,1738.8703032879455,502.39542593246773,296.2033292620431,26.84836238538782,178.7870218873149,155.85994338935825,0.04223927879529384,0.008023669565914769,1.3681955230028269,0.4400937364935473
605.36,12.21,3.95,55.9,44.33,899.4107878852502,4163.054636436663,2463.8017521113975,941.784228087094,1137.6046057076233,33.591275755378526,94.25012379633453,93.51847607814307,0.06724943113684674,0.001865359411451828,4.260658102635433,0.5532588095628714
465.41,11.3,2.5,75.53,47.6,1539.2385267075956,7422.323578365872,3408.0527377844132,1091.9131577278063,1419.5676316321078,26.334263610058926,84.59589151132862,88.92178466657889,0.06902160347392057,0.001426731415894523,2.6667586089842605,0.5347267631474216
112.46,14.38,4.4,96.75,57.82,1863.8402141585007,1267.506138150131,2245.4767791912323,1398.4941037521344,77.20586785820684,18.24397479302931,100.90962996139599,93.77463815564316,0.06936675646456925,0.003108390298405185,1.6458441614217665,0.32868395661342625
182.67,28.05,2.59,79.76,46.53,962.7752108417533,2250.021751036198,2649.740471011073,801.2357932459759,980.5745186517023,24.199757401774633,164.26624940849004,127.32608379325313,0.051940067654825145,0.0025068854939349103,2.256809276888507,0.47186155962800613
590.05,26.09,2.55,59.79,51.3,807.9408215028373,1983.6937236063914,1582.6095108482566,781.8403206776431,920.5262520121593,16.80865432692919,155.8261236656102,104.89659140810659,0.061538442934929445,0.003177749014242398,1.8686329722959496,0.39147960006689925
512.74,29.83,4.44,58.45,59.49,440.8049451038688,958.785406902406,1235.0598287552707,775.7756248665654,506.7632222311358,23.85983994233907,175.59283592836118,100.39337231441942,0.0662628571834911,0.005092680170643187,2.3251219682658757,0.5786075046971259
681.38,14.6,2.52,52.03,53.34,1214.4260322465718,4867.629864409026,2170.6927270454394,1021.9703712013514,1263.3876656824145,21.005375279407513,102.76900565865982,82.97303710218482,0.07659740155635836,0.002621840155005402,2.1727792673634747,0.5830635061215781
332.44,10.69,2.67,58.44,48.86,1517.6496670833646,8285.056095721477,3670.2629013590063,1162.0318196560133,1397.0940199739605,29.163656779648516,81.42055075441056,86.19703714073897,0.0738618897029535,0.003347826357001317,3.047542512128854,0.5519117509804543
532.44,13.99,2.73,71.89,59.19,1159.0417880149498,5138.347428338445,2336.3105764851666,1116.1413795232922,1364.9688520042018,23.797927031727667,98.47577486963233,80.85968334014686,0.07621317335283309,0.0021149464825684283,2.887904392756272,0.5665748396786712
192.3,26.29,2.44,70.89,48.9,1022.7993833454633,2654.952930609493,2640.7190764246,885.7590575638485,1010.9215822567794,22.311110164107575,154.60484862396862,115.84663727951886,0.05689488782390434,0.002571604115619488,2.128551319019998,0.48740620491090614
681.4,14.19,2.56,75.57,50.48,1228.462605310059,4928.045655936591,2305.499273152397,1002.3076684179377,1294.4481252550825,22.061758985764456,100.72466939012703,89.10885864274158,0.0682590969391339,0.0019995548506257753,2.316500474051136,0.5499932613007024
419.11,28.17,3.61,63.64,58.51,539.745315894282,1471.7862419881085,1458.4132513878772,832.637702958464,877.6833620321759,23.170320484059356,165.80369489057406,100.17591651112464,0.06530076148593829,0.0036074224183475644,3.239448814061899,0.5592964791498699
578.63,13.74,2.54,98.82,48.7,1285.5714222580482,5214.630609220945,2621.2696754594936,1009.179382297331,1287.9742530796607,23.308839476799815,97.77636691228126,92.35234564555182,0.0652995841142373,0.0016930856605412781,2.4135334693718975,0.5381331200998744
550.03,26.46,4.37,82.28,50.55,500.1789348441386,1012.0225158636493,1422.1101560028185,722.220742572863,539.3809579895656,25.457415944254844,162.8156554126923,113.51394718622275,0.05557667704013828,0.005059425833611331,2.3692444931732948,0.5765108385492715
400.36,10.88,4.33,80.86,44.53,1163.7767007645612,2637.5944473614136,2624.63308126474,1007.7583442088529,157.7692882092108,30.674556492356647,84.25352632199531,95.71257136961857,0.06485178306762791,0.002824211613498377,1.4966613182995225,0.5314664385526112
189.47,11.8,4.82,66.39,53.73,1944.7250190503737,1167.4583947597127,2135.0242319267686,1206.4665008882332,76.0304968179063,16.312437662538795,87.99527889952347,88.85397823968206,0.07310288219560739,0.0026087081700070813,1.7443813689307823,0.3732339610029076
695.42,29.02,4.14,92.89,48.03,473.70692550106895,964.758728041018,1393.1604354511119,641.6244582023198,669.3382706553597,25.342338973618432,174.47791739581464,124.94694765240538,0.05056900962697716,0.004331509551329405,2.7076821719221837,0.5238207335888134
253.21,10.24,2.96,71.86,45.05,1424.9879520836757,8734.785475203376,3772.4372139859956,1158.8157661389841,1678.7147251757442,32.70714762425291,78.63441417857422,92.72027460806027,0.06781051914321125,0.0016041479802257719,4.505362237481068,0.5343832009840318
554.7,13.78,3.82,86.81,44.72,845.0465122008185,3621.300272918214,2353.029288694316,923.2871625444733,1086.3755959906264,31.745709565823464,98.60564780141583,98.61696790228298,0.06201158318008192,0.002027973838820074,4.142122262778325,0.538976261109329
154.47,24.75,2.29,78.54,44.9,1210.9857848786635,3165.4231941483185,3119.8391288983767,894.2229003603844,1072.203239498208,23.388116553301735,147.601474909793,122.92720840587772,0.05343292040868606,0.002103080084795955,2.1647826022169054,0.4929884149607711
473.58,25.73,4.27,51.4,51.37,517.1485401943868,1161.6245545425368,1500.6616327285433,760.0758355067222,534.4606357643733,25.590368567563697,156.5226079681952,104.73943986701488,0.06407643042146405,0.00561033491435904,2.382300368489787,0.6035492983582992
695.05,19.84,3.54,78.1,46.83,676.4284164885044,2214.5582805267604,1735.287702524529,803.7054630931605,1103.848227264023,26.260349444615166,130.77329885287975,104.94490240270787,0.05876813777986013,0.002212221376230891,3.579551763619007,0.5698582827823283
648.77,12.9,3.15,96.67,40.61,1076.2057193783044,4746.972317436303,2725.9568395581878,901.2025351745701,1355.8546235060355,29.610743537979133,95.2941617407325,103.0749925013401,0.05891194256625709,0.0014294360497481516,3.8486469674680803,0.5255442575012803
286.14,24.38,2.69,68.67,47.07,885.0848128290951,2305.930262635069,2297.154814517407,825.202014419367,973.3634916086401,22.35642351430184,146.35197176569818,113.32686572720213,0.057082697061995105,0.002113636253719078,2.463445577337978,0.512133168618574
505.24,26.8,3.03,89.44,44.88,700.4530377887917,1520.2809693987356,1843.5121309301148,679.1634863022838,857.8405788091821,22.442578061528582,162.37862773829585,126.0891909595667,0.0503162440025805,0.002345635439641946,2.4938197243125986,0.45470566646474747
568.48,14.3,4.48,50.6,52.85,726.6432712860084,2606.3356909078807,1985.6903742662105,977.2467089767543,610.0657749740374,31.527039391205342,101.99261699339205,84.9277445838059,0.07590910621817147,0.003338853096162799,2.7282302369857243,0.5876275844203889
639.24,19.2,3.05,68.66,51.11,803.6211856466817,2779.707770506996,1802.2084805262552,886.8551460771333,1176.8567356506012,23.05333850268765,124.6713623725855,95.59930957031048,0.06502591464840939,0.002400478046872025,3.129616700990898,0.5797871864078339
579.62,14.46,2.64,62.13,53.25,1173.8250333573587,4828.772375054803,2349.16565782667,1038.711390567276,1292.8186020534556,22.865382671352357,100.94561569073451,85.1034098789444,0.07317914997430794,0.0021347767987907377,2.5961863317332514,0.5682347066812972
235.75,22.75,3.5,91.66,41.72,739.9237542906588,1896.6830421826694,2280.8879353628886,766.130549972085,892.1771347520945,29.21106980062769,140.30141026329053,126.27259417045522,0.0507704392854557,0.0033800558366723515,3.1529339221973967,0.5767365750917398
644.41,19.19,3.61,88.03,46.69,684.6416948751385,2281.6798292455824,1822.0829797489246,820.4407504727388,1057.1480139692615,26.89476754719436,126.238828799142,104.87607690015965,0.058535103853098076,0.0020091592731391475,3.6631610293420973,0.5635726102892954
284.8,20.21,2.55,52.75,55.78,1010.2840990357404,3483.3180262633355,2350.4402594436538,1038.6714911216523,1061.119567531587,21.460093908474082,126.84468558585448,90.28868627846902,0.07368403899051144,0.003879609193321674,2.3696664261213316,0.5947122829778375
541.82,15.32,3.86,64.84,46.68,769.9278676996862,3045.5716239433063,2136.187818975873,909.5588818980771,1020.1443111160474,30.457441586921416,106.09194261949193,96.41976146331906,0.06487674820758456,0.00231731782093346,3.9297649094933864,0.5618130208227773
222.86,16.39,3.52,83.76,43.06,873.1385008484059,3312.3693927915538,2577.5066917351187,947.2483697770068,1114.0042272351723,31.203766755349648,109.15517290098143,108.23572037401233,0.05839088655304226,0.0025167799074618676,3.9689459469664565,0.5578322927450337
196.22,28.06,2.38,77.82,40.04,1106.1159722086215,2095.2321900338898,3036.051892942089,663.5455135197085,888.0469513901937,24.348807124265974,165.09736065104036,147.56134241956673,0.04557446722520008,0.0021527572571397955,1.986935263995174,0.4110264771870281
417.19,28.0,2.38,72.81,58.47,853.8078137550666,2144.620604470793,1588.0428722838149,874.2286761816448,906.9967193532185,15.38423777370025,162.8664953818647,100.13224161571476,0.06366568188127389,0.0031066694869752993,1.688085907482859,0.3749666494214974
538.89,15.84,4.51,75.79,58.94,663.0999404587052,2263.485720729113,1784.815930550046,1009.5249818934867,637.4505088280728,30.311244821342143,108.68575252696246,85.16496385023402,0.07244468100501138,0.00292306849267552,2.844553799582977,0.5743121575588273
504.98,28.82,4.6,56.1,50.39,488.3800123698926,810.1648594721644,1403.8836695549098,681.7214869638909,374.3298688235876,24.67143005001464,173.73341483078812,114.93012083559123,0.058416870496440405,0.00725123529027419,1.78627498373672,0.5403417696238383
164.48,21.61,4.25,93.84,57.34,1475.7223312834924,916.4167939143696,1698.4912934588078,1087.4404740807265,65.66207704260222,14.512419230036558,134.8684796920096,100.79069863657988,0.06389220126339283,0.004263269950263797,1.7153769606573126,0.29177023675695485
528.51,16.97,3.8,77.25,42.19,740.3404229654171,2454.23229806133,2115.677025067576,818.9897186746783,930.0054083262393,29.726713909050915,115.2429723328462,108.37309284623095,0.05733796128727721,0.0027580245104634484,3.545471264855551,0.5546552701456499
699.58,26.21,2.25,72.55,56.22,893.6048119471718,2228.336964618109,1099.151324060844,829.2449594546215,913.587303932025,12.312580363720075,157.62239617333074,99.16634241237873,0.06286611424549901,0.003435324326045367,1.4290364512080012,0.2932249435798263
208.98,21.4,2.84,93.72,54.79,922.4949117786537,2935.582880060482,2428.546861043666,1055.2282268416454,1063.6779572590854,24.80029080608836,131.89206816198805,99.80529969893477,0.06292556897017836,0.0020048728993762996,2.9143221309331255,0.5901243323477693
278.21,29.67,2.72,57.59,50.23,800.2304468852791,1769.0224079549437,2116.945335319197,767.9834136442138,881.9406845146922,21.530277559419392,172.01308306460052,116.78136639547664,0.05808729081874335,0.003351685690646878,2.2971890213866377,0.4425787630389184
495.02,11.4,2.69,77.45,55.0,1394.1979606523166,7261.215477988304,2998.9569936240214,1152.749882458044,1550.5608754896746,26.58971756559713,85.73762707716438,82.25678658782891,0.07443601007856572,0.0016585853301068437,3.195882707216192,0.54405686153069
217.52,28.68,4.25,86.69,51.23,1182.1729105957609,754.5607319788596,1555.9537706627075,788.3549467113614,62.88895014877063,14.54482172344345,168.9069325039586,120.35615940316781,0.054366576065493076,0.006213210310430316,1.635099248074613,0.2791751355427541
494.07,26.16,3.97,61.36,46.95,548.8396969068789,1186.4237304986455,1635.3358052878168,698.1784371649909,666.1301314236731,26.075901293378944,160.82754961015863,117.35784118720137,0.05572968915300829,0.004764170401508263,2.7161761835072125,0.560503867447606
364.31,14.99,3.85,64.08,58.78,789.6352279492208,3604.3697636856755,2179.578950205113,1101.773435195413,1042.3065366576,30.65196143320068,102.84824086405709,83.30403644198631,0.07640792391849983,0.002329309191794004,4.13653739022491,0.5853569899195485
256.17,28.95,2.3,86.73,53.99,966.1561158513555,2343.341591729721,2179.7371596414755,869.4403636696373,897.8928525005317,18.192024500189312,167.2349862793221,112.00253479393625,0.05735744693847264,0.0029821085008753926,1.9195035656515014,0.40561546234512635
472.81,17.43,3.12,98.28,51.3,856.9214674304491,3341.199925172635,2113.808203200609,954.4502722880347,1239.1453114552692,25.43973989388053,114.39076373903795,95.74256267372218,0.06372526449402634,0.0018516527108333582,3.663789166320515,0.5600273218291728
407.47,10.23,2.27,72.22,53.81,1856.5018551802589,9505.497308568778,3689.8400749400616,1224.796660433995,1504.171247068531,24.8184347382444,79.2381053333209,81.34073081034062,0.07590608624707271,0.0015156677594532373,2.510381460102749,0.5405181454349106
187.8,28.46,2.16,72.21,59.44,1111.5990760280768,2941.6431377160843,2413.858970627861,1037.7498556316973,991.8643058056657,18.133279759335082,165.15608741783214,103.4006969828327,0.0640422666244605,0.0032702793442624285,2.094774879319782,0.41801988800765133
231.65,17.88,3.77,53.08,57.85,754.8714467840088,2928.2807487273603,2183.6379710444785,1113.4696506917767,889.4966173452427,29.826949352849674,116.22460561032244,87.33726502131057,0.07681737629549162,0.0032336967604997633,3.551068616506706,0.6207659981656095
442.35,29.26,3.3,82.89,41.01,672.975288904929,1119.8086353585095,2049.9557816973993,567.9342331902538,734.1987238248063,26.280584163441066,174.3344344709464,148.3678315715721,0.04465084420431581,0.002944014110174669,2.411987557918124,0.439434266849872
114.96,11.36,4.19,95.94,51.65,1446.4469424371582,2533.5339586976957,2965.7503268430232,1374.6807160434334,124.80953697235499,30.182896810902154,85.89772571632588,95.05479497032005,0.06781042136229017,0.0029272645995113123,1.5385040741841154,0.4945301555078635
477.48,15.72,3.38,85.91,41.15,872.6995860672297,3323.3721473203873,2404.734375058045,855.9614738620039,1166.144295619219,29.13293509818768,107.36132463877928,107.98466367804158,0.057194022411634696,0.0015954257477950185,3.885968169347057,0.5435149833461127
185.3,20.41,2.08,53.34,57.5,1368.7158395876986,4457.718630714981,2907.6145955298107,1196.4206992884397,1091.1907695974035,19.50504131762457,126.50457728956843,90.45928350296622,0.07492990139550501,0.0031940801066254066,2.373744451536912,0.538748983974281
258.65,14.06,2.98,83.87,52.68,1107.752756087422,5242.851669195707,2883.743321119438,1148.355791515033,1438.1256882220657,28.62399464069287,97.24311964786888,90.30538085498914,0.06906841792444492,0.0014506861302713225,4.073700952873577,0.5589568634257894
167.25,14.98,3.08,86.63,45.26,1096.54685224952,4709.281043932236,3090.459856983337,1097.2095622952752,1385.1123438627087,31.047222148791466,101.89598599539636,103.0439357558031,0.061504830192287224,0.001252579553738721,4.056618719969029,0.5571967596416614
177.54,23.4,3.96,56.49,43.16,696.3729554015014,1664.926749174296,2225.788862017633,800.092244594669,628.6868213006637,31.226138353118596,142.91609898897306,122.83074581560761,0.05530516396641354,0.0056503433758352565,2.4734983733324905,0.610175129351691
602.49,24.1,3.09,72.94,41.35,729.3492067331033,1638.9539466159626,1928.6251143839377,666.2085301653834,889.7405565642922,23.626438527517465,151.97521747716382,126.93155566262925,0.05034379624086105,0.002235023373533019,2.5691040012919415,0.4777812655774928
435.51,12.47,2.29,81.09,49.83,1572.758429907551,6711.761151810511,3185.8887640922276,1100.0198696633631,1302.5907662152756,23.01625858384819,90.16108778183018,88.54896767659905,0.06911485775720208,0.0015206887682053542,2.298508834298463,0.5414774427870224
584.65,15.97,3.22,67.07,49.25,876.2551836834465,3605.8672685729093,2143.4044891757994,938.7752850618193,1293.746689577694,26.62988265877261,108.5641354349858,93.27992869447881,0.06659901492281772,0.0020205685686076214,3.8423004229965803,0.564943357029878
131.97,22.43,2.74,85.29,44.02,1068.9379283224057,3224.3196915573762,3025.5495330904837,948.1054645666595,1218.9708066590613,28.188769790932138,137.09333787945175,121.66669051814192,0.053756965532588304,0.0018867795697119249,2.893275258941584,0.5883763641667641
587.57,20.53,4.57,97.44,45.85,596.2481458109381,1205.3204552648194,1653.2586066912506,765.1069065144387,437.02652554401624,27.35266043293047,132.40786925960288,110.83367178625355,0.05549645309815677,0.004956361422808204,2.0335509861908725,0.564977143104204
375.91,24.94,4.45,70.9,59.53,527.1582913286592,1233.4864865069617,1456.9833142008085,889.0586008204465,409.7227104075049,25.26089848072043,150.97351373693147,96.55240861352175,0.06647301186152697,0.005408154070435259,1.9474570829311848,0.6216336315232351
568.03,12.31,4.79,62.06,41.76,1496.566109249712,1185.3176046411713,1893.787484736726,885.7652744071205,80.39415349027063,19.65327861599327,95.55249166232072,100.15370455154637,0.06264361082221709,0.0035986920075334237,1.469707347658334,0.37954319325338787
573.93,20.79,3.33,58.15,51.12,695.1878734145818,2340.7584774904853,1714.8752719495028,857.8275382597362,1126.3220032044328,24.159365113456047,132.0416154291152,96.71117472216189,0.0661380524624176,0.0027332773783102994,3.514076349533336,0.5999967226338089
222.95,18.24,4.23,97.62,50.23,1417.8588511949122,1031.21105185252,1767.8774988475611,986.3886076628141,68.59718293082078,16.36360399145604,118.55648287584525,102.4920754404502,0.0614664439346083,0.004266415313272474,1.5728872968686587,0.3061500679669599
678.57,14.99,3.92,60.16,52.44,741.1208285002059,3414.6881598686678,1943.8932589373462,960.4125803936541,1258.0905394429396,30.523549130811375,105.38302458700934,87.41016629628919,0.07161187392323655,0.0022592137688643814,4.593900321221098,0.5725732181048498
679.72,21.3,4.34,79.08,56.31,510.897111178003,1768.9689212739918,1397.4755003530659,862.5185677998221,958.5023623403538,27.735546390294445,136.30743636721263,94.69327609433138,0.0651558465680875,0.0026435550429306327,3.8592680028655724,0.5893517235129846
251.37,29.11,2.21,66.93,49.89,1034.7643616023072,2325.3914380647316,2386.6382053399866,806.9741731618043,881.7153734016936,18.377569363917562,167.81815802942688,117.74954756703653,0.0563443294947897,0.003096234065065553,2.0308170150730174,0.3864723182537464
311.26,11.59,4.28,60.59,53.12,1242.3303522686804,2133.9500870068155,2439.17401937171,1122.5577370482977,117.50336273806587,27.467410841162344,86.90149928553262,85.43624781798191,0.0751000778613838,0.0030623491940350964,1.4407439462802383,0.5215281239277166
141.61,16.07,3.09,86.85,47.5,1076.6219027638374,4397.079972206355,3065.4913290336917,1151.0610590429435,1347.2132021997675,31.266370114750625,107.10031573593427,102.98660351026395,0.06212486912170373,0.0013687071569288458,3.9316409033614557,0.5681357064738458
135.8,11.6,2.51,75.14,44.02,1665.846720530759,8593.445294720388,4315.353863570523,1272.252026044345,1672.733964755543,30.655564956771638,84.73597750854438,98.75592507815696,0.0649921350816758,0.0013525823397709594,3.188697444823008,0.5467044260124959
504.17,14.76,2.02,72.76,52.97,1572.8309775943226,5587.778900759181,2323.0029090248936,1070.305462307781,1110.5985902456664,16.561079958981164,101.49500646222177,86.81232781822015,0.07078607839819154,0.001992581610192019,2.114692098295816,0.5168786361130646
503.58,10.44,2.39,69.46,59.18,1703.2107410691603,8919.485258083994,3122.58321648647,1237.6500690172074,1529.9090228722227,24.043669864556634,81.00980863330201,76.56338521295248,0.08057371249943103,0.0018280327176206507,2.2267928734943694,0.5491740519174374
359.48,23.17,3.78,91.73,50.24,613.073687547103,1728.2230124066914,1783.070166047617,831.7563812211135,816.1078431039745,26.516706769565317,142.08130559795575,108.25318435965522,0.057909210674515696,0.00363492719253742,3.225396538646912,0.5866497052869132
154.47,18.21,3.8,75.45,46.04,815.8881391722185,2743.6326248387936,2511.337046228911,1008.1028870379788,886.6692073722578,32.811637826785066,118.60330747386655,109.05086822646291,0.05959915103617469,0.003886974725213598,3.3590230552219427,0.5808231793912751
342.81,15.55,4.61,99.07,55.14,1342.5179632518332,975.586252151426,1623.9291118394794,1028.3015162611553,72.66601051334624,16.87253840168921,106.12931116099227,91.6021910510576,0.06745118641131044,0.0048178148481108265,1.5104689006695164,0.35610010076441273
523.73,11.69,3.09,83.08,56.94,1173.0394056913424,6342.761923323728,2717.7872268610004,1139.3484033484442,1564.3605082145343,29.200190236651725,88.33807129811069,81.73800929375209,0.07455278921872784,0.0017594172325083165,4.14120198304583,0.5459847499786549
325.61,15.23,2.79,88.83,57.87,1093.6210326558064,4779.451413843921,2575.6824019576356,1149.4748193768573,1355.1578019948495,25.225257643969243,102.64425453812078,86.19945611886938,0.07156633010660697,0.0016896151526488792,3.3797893821295806,0.5657242839631064
653.6,26.37,2.36,76.09,52.17,862.1055197803029,2056.0344953573776,1359.2436524532586,780.602699835605,909.5026334311386,14.429064517181477,160.01702986701278,106.70686337118418,0.05854159204442013,0.003088056645989586,1.5394114221980648,0.32559901988375034
289.88,13.71,2.08,55.3,57.82,1657.4876256271673,6955.832434020351,3123.054770152811,1249.084378246241,1233.1067185734105,20.28956828117824,94.690013802321,80.27462155763689,0.08101799521465687,0.0026724957982084247,2.486580915972112,0.589503264809589
236.67,18.35,4.41,97.95,48.47,1474.646934721427,919.9859466350431,1724.418252636397,941.0114415411776,67.07946055108143,14.863641908753964,119.45339005449692,105.18864835367977,0.05985652558992473,0.00429879250304705,1.6919809294923496,0.31331337709891993
427.7,28.86,4.07,99.97,53.84,500.81958891162805,1104.9304340761455,1461.432537290125,750.3535216197849,626.617691596712,24.711102516102695,170.2398218014398,113.55762381497566,0.05548054399163385,0.004796610254988996,2.6674656696459658,0.5609288434138079
393.08,20.84,3.51,54.32,53.25,682.1118781631867,2320.5541232292726,1855.6099308188313,915.2433411361643,1017.0692803605664,25.94053311919756,130.2536264123706,94.18140620098008,0.06950950448949003,0.0028145293436029903,3.6689700664577125,0.6136555621032018
549.36,25.66,3.37,97.42,42.95,643.5905496573628,1426.0943664599056,1809.1802778676995,660.0333441053933,849.6251309285318,24.71990490194916,157.73999793662782,129.31659884024515,0.04879395830190065,0.002176149552877944,2.792874256567909,0.4984260032033641
234.21,19.84,3.31,58.5,41.36,832.4093822481088,2531.8198938095943,2470.5914114846973,835.0294778025565,1031.1482292887113,29.140821728963363,125.69276664684217,116.01495081025327,0.056629081703514605,0.0023911926435402804,3.4222046426989396,0.585236554478321
494.94,23.22,2.18,92.83,54.52,1041.8597098920654,2813.025312427262,1629.6069201128341,899.3656326446875,946.1044214176515,14.313915846111053,141.82154433406382,99.27546163703703,0.0617880236644671,0.0024529304973290125,1.7517860850849687,0.3662755532611561
276.99,15.42,3.67,74.81,42.67,854.6624618041673,3281.454510748699,2511.9409218011315,928.3525470120344,1044.5581861081403,31.51249548382219,104.82128317975518,105.68192686269123,0.059649934731082044,0.002655703132093139,3.9278774367837874,0.5547187916570585
552.55,13.87,3.06,82.08,44.11,1045.4454059725842,4552.6984480183155,2615.963064610954,939.5957899590535,1341.7118591954604,28.04720279417285,97.98072935392614,98.42010351284478,0.06221555102039156,0.0015334896275661964,3.767593622488145,0.5387803631583233
130.88,19.33,2.19,79.13,46.4,1464.0746443392622,4830.772644968742,3608.4332341964787,1117.5847522778065,1233.3946165192788,24.279318221086804,121.63709044328122,109.23757051033711,0.05948188959193798,0.0018254547911716002,2.4425553897857375,0.5836268736437418
543.48,19.91,4.5,95.04,53.27,583.2516133628718,1477.3675795006764,1598.1581862586702,869.4323424148513,518.858911164204,27.642950945136533,129.11328896253693,98.2839470103523,0.062309823933000705,0.004061857567052507,2.381639489358481,0.5748571112897123
323.61,13.9,3.81,84.93,59.34,851.91834471688,4169.39657135476,2363.7854419530345,1155.3118270210068,1106.1689462779655,31.684529206225836,97.4139807970862,84.33146125414063,0.0736584460086656,0.002150702904165854,4.345224407854005,0.5651869204257646
520.85,11.46,3.6,63.72,58.04,1012.0620868842864,6018.261420384022,2556.942093120781,1139.4229213935107,1565.2550962394375,32.210454078370745,87.0599953792022,78.96389139068141,0.0792221155575842,0.001960298832533214,5.185570698430093,0.5613911697712866
372.96,10.31,4.0,74.63,50.78,1030.5334496333955,5901.906962175405,2884.078811649972,1122.021197135959,1165.0834387556295,35.52498953546942,80.52871888611416,86.59671640908087,0.0714162147466171,0.001812743462210795,4.644116421841367,0.537325957314306
122.16,15.07,2.71,80.89,50.47,1318.2502326854628,5893.549945154163,3538.3219894432978,1314.0932647073462,1540.9353505489125,30.025493326132626,101.96633940893632,97.95686641514013,0.06617832261633615,0.0016854818320292766,3.5275173621822917,0.5741424205657332
439.88,10.8,4.18,61.57,58.31,943.9528835883862,5222.813204828678,2590.705672623953,1158.9279596128574,1013.377008441558,35.022164493699556,84.11613491745216,78.70197464405949,0.08030395568784816,0.0020123968120674515,4.166144041375589,0.5634189391811643
319.92,28.87,2.63,61.69,41.14,889.7513036039542,1551.3886311841513,2461.732090074857,615.0788864328542,798.4698651834397,23.166113855644323,170.3693727405807,142.5162266766017,0.0477433334585483,0.0025290731259676397,1.9385978198373186,0.39567743660549004
125.13,19.81,4.56,75.62,42.93,1626.5646665018662,944.9799402721258,2146.8160257694426,919.7756241521964,74.4213025170679,16.92712549848191,127.2765962047236,121.29576507205306,0.05463157906064137,0.0051379956635283705,1.7238277935434443,0.3195123710464067
605.49,15.5,3.71,59.8,55.44,763.7429429200913,3498.884598521175,1954.9516404939689,995.8313267358673,1296.387481813935,29.019010752115022,106.47186019059394,84.79445102062115,0.0742861055442477,0.002349314354508551,4.556865162118764,0.5813086187848835
308.31,28.96,4.25,55.44,43.92,574.4831930496531,901.0529542359552,1867.25295068665,624.7898429289867,491.52786993117513,28.546247914755124,172.04192426814652,134.27401488318506,0.05134552133445408,0.0073722187008547725,2.150008643487533,0.5272255146493547
392.0,21.85,2.56,61.84,42.32,963.9404092135953,2556.062979583551,2382.6582711678916,778.2270358980371,983.5376847338518,21.53925165977383,134.36612707358017,115.40286797304545,0.055816960996219106,0.0019647672327244028,2.2311789833624114,0.5056759537854125
401.39,11.92,4.71,63.92,55.47,1186.2254915482984,1527.7269189439733,2098.187115244737,1093.209281820501,105.04188554995325,25.410979603849277,88.78217484975876,82.99755864534514,0.07522178200804426,0.00332499293730431,1.3688534151288447,0.5061148179808004
341.04,19.97,3.79,79.5,43.45,692.9509585518383,1997.8473754863835,2056.1608021654824,807.2867926757301,840.2634814171364,28.716440048853883,127.61332418862732,113.61105404640071,0.05557697191505339,0.0036343826760066584,3.2619681581722983,0.5703761623462157
421.2,27.42,2.36,70.03,44.99,934.5760995069503,1895.3248976227912,2139.5329859305434,700.4495640465291,831.0706215141126,18.24013795758006,162.89661189142166,124.54873488256871,0.052065351009390484,0.0024322518036998184,1.8556157371903648,0.3681749129341668
208.18,11.38,2.32,76.85,45.88,1748.0927585171873,8671.01860225023,4198.567518047554,1209.1582930430739,1514.4812164064253,27.487708365639786,83.50073573265577,93.53669713357979,0.06725946374531111,0.001359649105053587,2.6370650966571403,0.5408413069975376
207.57,13.76,4.8,99.39,54.27,1790.4132299660544,1007.9659368758856,1923.269487065311,1142.1263317983123,72.28797317405903,14.717978885650725,97.39478981162857,92.52881171987595,0.06793746284242229,0.0029057219502954374,1.7936529454037586,0.3616928294700604
277.99,14.39,3.35,62.61,51.76,957.8343606502058,4525.3281416364,2630.5053157139805,1096.8798464140764,1316.9619007549043,30.250355932977403,99.17678456016795,89.72664580473793,0.07133064288711766,0.0018523524896644173,4.467099683296575,0.5745070830426421
330.78,17.92,4.42,64.71,47.64,1303.9360495927258,929.1166605025891,1657.9597353836111,893.8307883962308,69.49263363790351,16.33447571424535,118.0453514913704,101.47628604055629,0.06324930443383411,0.0039571830492339055,1.5390456284577894,0.3287077245869015
300.02,25.16,4.6,52.04,53.47,1069.1128031323879,741.921348651304,1394.9642147113382,835.3309230526644,65.21878667244711,14.30362788070876,151.2651747290345,101.93704593045781,0.06592879383919097,0.006316642834755329,1.5748766978050435,0.3291658666561249
174.11,26.76,4.18,69.46,42.28,652.8832280815421,1243.416133819503,2166.357074957324,698.1385470437825,584.2300603443007,31.958019673417482,160.1306959621242,138.20091952811322,0.04906211795479922,0.007297070720486838,2.33518311430416,0.5798972397264925
126.67,11.08,4.95,50.78,56.05,2110.0435407160817,1247.84512467343,2357.2850646108704,1378.0817328221474,79.58993558643901,17.065607769486018,85.47938415828054,86.76800306222219,0.07992293147657599,0.002503833238140162,1.7659609378722816,0.3740661577844419
363.68,21.14,3.06,50.74,44.45,807.5153582709122,2397.2797605429814,2174.6114944681285,811.9178231770446,1052.141620076169,24.811457573436265,132.9519500280225,108.4188886032012,0.06109025621843366,0.0025598359633497393,3.122794943160053,0.5939744475012666
405.42,22.06,2.27,89.46,50.72,1066.5482344977956,2917.047761680515,2087.5139268403104,893.6128197300714,975.6301750063302,17.328681599054168,137.0141076712981,103.2616709920243,0.059881488875324435,0.0020573771172503552,1.9140472049515662,0.43609399663656245
664.75,10.26,4.97,76.57,54.92,1235.5701530688855,1787.3594512341251,2039.5410753228116,1068.8695011405193,105.58617381055944,26.83705716530716,82.75566870654178,82.7491027100114,0.07400405411866824,0.002471452992999997,1.4346085043932764,0.48426995924154687
639.88,24.37,3.42,83.5,51.18,602.8667739485744,1731.5753406809076,1476.723331680728,774.9706029008005,1053.9210441433902,23.080221709945924,152.81096463965753,106.9275281978459,0.05796922683385293,0.0027009148201554752,3.231512484056849,0.5395240316295764
148.36,19.83,4.76,57.02,57.81,1593.929520584626,814.4340178968374,1850.6699796593484,1141.8419180686217,68.41533272108627,13.514407990293343,126.5277378752672,95.03234527255735,0.07226182463383295,0.0035715110306390823,1.8623979777689288,0.33694047656798304
342.77,16.89,2.54,64.82,57.58,1125.2665814944232,4232.628051869492,2440.071435209198,1104.4168123608147,1223.589471841618,21.869889782124616,111.11078439479928,85.62894813135502,0.07396924947714743,0.002075791645894403,2.5307272297386505,0.5899402462602272
308.3,24.2,4.59,83.25,46.08,1218.8032778435097,686.9314852349613,1516.9590894958626,746.645291592561,63.4057498404752,13.639512486039544,147.99220209120685,119.4778809240544,0.05377639140078971,0.005653264039264068,1.7139510068409507,0.3059690087102575
603.4,23.55,2.9,56.25,41.38,787.1725681609108,1824.5404628013368,1964.8615724729216,684.1780626412651,915.2463300715362,22.288623955584363,147.94486936357183,121.8553708920653,0.053517694990429555,0.002531889317447044,2.3935688944454223,0.46449695850746675
311.46,18.98,4.13,73.57,55.82,662.8928241200118,2059.482528561411,1892.9869324931349,992.7187621062075,636.466130635349,28.695398159227583,122.07603870763725,93.35172898636529,0.06772985362031324,0.0039936741053580764,2.791258497477049,0.5909980870470248
411.19,28.72,2.25,54.6,45.44,981.209292822178,1818.8332142256365,2221.452063416109,687.6444247062373,759.4741401816524,17.678224300082483,169.21584597866706,123.7055382878604,0.054523665332731536,0.003162960746243941,1.9213146792161266,0.3478028280154036
394.28,17.08,4.84,94.07,46.27,1318.9610231691545,795.2662984769879,1591.1154155120948,863.4665734153357,70.32166222264391,15.243952414129375,114.40929022882949,104.64246051351424,0.05933645767028998,0.004994572674285422,1.6210690834637078,0.36078866520384023
363.18,24.3,2.99,91.25,43.87,771.8397030442727,1931.0206094096447,2105.566529132046,740.192086329014,947.7598208507455,23.84233071673302,147.81639323555785,122.41236481784865,0.051734764634739444,0.0019483207541572622,2.759017927135858,0.5166891881456084
379.2,21.82,3.71,89.86,48.55,646.3327176092523,1888.47464784693,1870.9535358307578,831.9036079832042,862.0851129365858,27.02508484297679,136.5158847807107,108.29481324551978,0.05773671778552752,0.0032287740237107627,3.326648700970945,0.5799199242417121
355.83,17.13,3.15,83.77,58.05,868.7220706596191,3709.5702302637756,2169.55816101344,1075.480433917116,1314.4350790036785,25.940368886170265,112.02529966315886,88.08838310663177,0.07041742214882298,0.0019837228163040867,4.005117525862144,0.5767896637762727
132.88,20.53,4.01,91.57,59.92,1430.7612819452625,1182.99144694026,1941.9287614179923,1236.0832352389773,72.21870188046476,18.29767343839695,129.50224281280583,97.73397522524583,0.06668681678398877,0.0041113640616997835,1.490491468018246,0.2917786859166573
604.74,17.75,2.67,81.99,40.39,1025.184712041954,3111.7182720680257,2378.4606464941194,802.2661720476356,1070.9697170973475,22.986127730362206,118.08053133401124,112.0997037433349,0.05501658888973632,0.0016861802881539668,2.4068831736840552,0.5490919575607588
331.64,22.71,2.15,56.98,53.73,1126.3498234381593,3164.1777974588817,2177.823236400609,955.8676154896166,982.4532147064795,16.38171555423779,137.4035053692081,95.89309748485744,0.06794371976372568,0.0026349519636155094,2.0702212992712843,0.4320925009784952
225.49,28.12,3.41,89.05,56.28,651.9071747199254,1746.311254274488,1897.9057437787058,900.1956655527737,902.1516547910315,25.565077492938844,164.69669164031833,109.22846284100153,0.059026785001636856,0.0029241724786993125,3.1899839492192767,0.5759269001790422
625.92,21.78,3.39,60.57,48.12,666.8512074261015,2016.1810553469377,1689.2733081727222,792.5898918372702,1044.347472455052,24.365460849591337,138.59617763197198,103.93533267498846,0.06138617490892223,0.0026841541655819355,3.3090589684810485,0.5910742942113171
288.21,15.78,2.51,66.8,45.58,1227.397295317495,4775.529603827534,2980.2974172094086,1005.0163508883342,1245.2436918588437,24.403216719049148,105.25605320970534,99.06097216549085,0.06398844702960779,0.0021377068017118597,2.614639986205124,0.5646829324587965
164.93,21.03,4.95,71.13,58.03,1486.9054955476538,730.6599410152345,1743.3065783912798,1080.9836170804422,67.14648216329587,12.878197440877258,132.60313475863916,98.05172213416249,0.06759718321438504,0.0036601795251858028,1.8770886643985139,0.3231662955565792
181.1,10.47,3.24,91.65,55.9,1304.0670540306319,8419.443292477054,3547.6342119364876,1376.3927655859657,1683.353537583564,34.36166470471399,80.44549098110637,85.52365213763893,0.07367239259371727,0.0016273623815593159,5.125776473120625,0.5475119860513934
336.34,22.21,3.49,96.78,57.72,663.6951246474878,2232.478156647431,1809.6051867712088,962.0134109705414,1018.1688608963914,25.577340932165196,136.6507328821743,96.77256348433181,0.06422078307715069,0.002240450690651517,3.6776303109455384,0.5921340821535364
209.3,13.45,3.29,95.68,42.46,1066.4092184700298,5064.871889009024,3041.397933627049,1038.486562840072,1410.0179002811517,32.30162692433188,94.26922153138001,103.9845001070851,0.06016082030901516,0.0015370764591447813,4.54653220407013,0.5401888966565951
395.67,28.05,2.62,87.79,45.3,832.8135490510032,1678.307712014612,2098.7737997539025,689.1202208571584,828.6284738259574,20.558575961045022,166.74896525968586,128.2142675842063,0.049972283151427106,0.0022522248784408853,1.995372874139066,0.4049272090747981
140.76,26.81,3.76,98.19,50.8,702.886506922341,1806.0654656707925,2220.3171026744462,917.8592110881893,822.4182938789822,30.697614947737147,159.02692276827412,120.11621473497114,0.05455810899724071,0.0048579032483365365,3.006256053972146,0.6100785511324536
521.66,14.5,4.12,75.95,47.87,767.2568771814973,2940.190223351907,2146.0013672831806,936.5679524296038,858.6545586704265,31.414978827006447,102.37536155175317,95.20770833919408,0.06480101196959968,0.0027573195283000953,3.5452567901531724,0.5527084464941068
465.65,29.96,4.4,77.13,50.82,490.969086280632,834.9218426597024,1452.9724694197416,678.1998798976844,438.69271288485083,24.858148663728006,176.7156108688151,120.15292365634055,0.053928123785261683,0.006709296587061736,2.039619393601741,0.5330614444922661
173.49,21.51,2.71,80.08,56.25,997.8665056657343,3416.123349291502,2600.2922525175054,1131.1851758726193,1192.3929383119355,24.83529135768101,132.50964860894402,98.51612643656854,0.06558756544911577,0.002340612269211674,2.971388784406873,0.6049303979223919
252.84,17.32,3.05,77.7,49.14,944.4271845016873,3656.7097265724833,2562.880234951228,1017.298043459865,1231.5548794573074,27.42276082123023,112.90662585456735,98.93237141675351,0.06381095427294342,0.0016919991704195975,3.72380224954927,0.572191863158238
150.76,22.99,2.8,56.24,53.84,969.3913038730143,3176.2943002895677,2658.310919124287,1092.643462999922,1194.3584911417047,26.248000961090934,139.37202739510442,101.67918903978263,0.06729624727756679,0.0032745616826109513,3.0960564566031525,0.6272284869200426
167.81,22.45,2.74,55.1,44.18,1005.0653279077407,2930.137329682578,2814.823446858969,899.7792992215777,1104.5055301546731,26.578638964500694,136.94814285173135,116.08791315408081,0.05827325067007418,0.0027527857316188686,2.761009654123182,0.5920518238506994
616.94,17.92,2.09,95.97,56.95,1289.5267297870178,4021.6956362940073,1490.4653975681895,1008.9366218521919,1002.5372623252068,13.738826052349255,118.39387386803465,88.7383682970635,0.06769726500917235,0.0024541429407921147,1.614959945062985,0.38641551326949264
226.16,17.07,4.24,66.49,58.88,1437.2846093590397,1075.6321025095554,1698.134795939733,1131.5012897225342,69.09084120657789,16.265009371205842,112.6518104576521,88.51824919097594,0.07349756020774983,0.0034606662476971283,1.557717590925949,0.3114839655890875
556.52,20.23,2.76,57.0,59.17,857.9492698764133,2925.965001402385,1642.9556820384496,973.7011322861052,1167.0660041833908,19.474236006762656,128.5887190515912,85.43886651811353,0.07499069066958619,0.003091118621982643,2.5184702409489708,0.5397519295635503
197.36,19.86,4.51,57.99,46.02,1489.9008652552034,859.3141420978563,1818.9858469225853,893.8539476258783,67.78019858658006,14.730252349235016,126.97631183914523,109.40394003222532,0.060909764100071546,0.004798773073897763,1.7457823519478701,0.3153101108128771
306.55,27.92,4.6,79.67,59.08,542.8916349258419,926.7833347694102,1478.3602965499829,854.523534658153,282.1439934784737,24.26415160483162,165.31959792330167,103.58929649694194,0.06170941131049467,0.006378395985387749,1.4269150076993802,0.5877979984024146
179.58,12.51,3.6,80.6,42.75,1046.9529455835177,5227.955986798282,3080.24408659248,1084.350533819541,1289.9098551719355,34.89610715498931,90.05247066591053,102.53971891218256,0.06187106824595208,0.0021637044648935085,4.592703162495979,0.5434903359052508
523.46,12.25,2.65,64.75,43.38,1354.8745782054789,6045.0929908677,3151.7189478550004,993.1842675400217,1356.5531975082636,26.785423104098776,89.90439596633198,94.64173688571879,0.06553905048589045,0.0014955266457708665,2.9317909061562073,0.5397299808755883
199.56,16.17,4.06,84.63,49.24,1279.4439528966243,1468.3496032974226,2142.956678469046,1048.9042963502889,84.75056691402753,22.143776361431897,108.15733904930813,99.97918244289741,0.06351830010562828,0.004049475670693551,1.3670864447935491,0.3586453549091274
527.08,17.54,2.91,98.52,58.19,900.9530276387162,3590.525216038597,1904.9088168799358,1021.0426624561542,1310.6781659495084,22.76379248637375,115.39917523148951,88.17953148224143,0.0686410074046414,0.0021719509292152067,3.195622924723241,0.5674432853412945
560.65,16.1,2.65,97.17,47.79,1093.806624014033,3885.1331721728407,2339.6579259491846,938.1016246302847,1168.663495694581,22.851992448234245,110.28853851213499,97.44204825736203,0.0621803954745092,0.0018121986488305573,2.492322465206818,0.5490748339976876
242.87,18.99,4.2,82.68,52.19,1345.7106034342273,1005.0102290950358,1686.6837565238018,985.7725062804104,67.4479340668406,16.194473811055015,121.55208174703331,99.67376195061368,0.06369141092164522,0.004189957898489705,1.5473710038663255,0.30469638907287583
394.29,15.41,4.16,57.97,43.15,769.4451198453927,2214.2907208254865,2238.887232032604,879.525718900265,575.149533023841,31.47511920486723,106.21121659402843,101.69713718017643,0.061855257901530715,0.004247007220185884,2.4824917162329454,0.5620931339680998
281.86,10.92,3.93,79.59,59.98,1010.9535525267311,5928.049855359126,2824.5341963955457,1263.1958189905758,1147.5809272137076,35.01850384862523,83.39515177503826,80.96818134072483,0.07737485141976069,0.0019477434403679548,4.549311624648445,0.5552750129425893
143.57,16.29,2.74,67.96,59.57,1194.1084824585002,5183.4614095442685,3118.7810380205137,1383.0141803561032,1429.1211219528022,28.06496622193016,107.98533783429522,88.52665890610456,0.07469218640102722,0.002349954746771232,3.470975829545634,0.603041091999434
130.63,17.85,4.45,77.72,52.73,1709.8940182264496,1009.4490160540245,2027.887646272,1154.562356142642,71.64414044073209,15.746480129520034,117.26973203865097,101.40243332055029,0.06481310484172902,0.003805585954635984,1.752573649552028,0.31791643563834426
509.79,27.85,2.32,62.8,52.81,879.9466164979868,1977.8587760903577,1597.741111523723,783.6837748073743,863.7413984985398,14.902440887377201,166.34973688876067,106.79779641933804,0.06061997422234371,0.003368174753830065,1.6937486400742918,0.33291046246565864
129.25,14.45,2.19,51.79,52.9,1691.895332955455,7170.712660299833,4014.856831287279,1397.919749981984,1441.9167698745007,25.50241090175673,98.70147839628554,90.07894655073956,0.07576019172478025,0.0026483001573405916,2.6579293234234465,0.6046205799613957
231.2,21.37,4.59,80.75,41.04,1376.6208562391512,797.4767981061145,1841.0740456502392,753.6473754902229,68.84438904365179,15.59442261502216,134.38208137272457,125.56032178202723,0.051555513269668465,0.006048923926105611,1.6973038201025274,0.3216055164258283
558.44,11.02,4.36,69.45,48.81,925.7775923536839,3611.0380447121806,2504.177537004447,1022.1417229331771,497.17209223049946,34.410843108522194,85.02963186251706,87.7739234185527,0.0690767954028883,0.004761941426044642,2.133420333216254,0.5342802947703836
253.95,19.14,2.35,98.19,40.43,1213.9491027493548,3604.479962546077,3026.3589270702264,863.4991972162079,1072.2392549834535,23.034080990239897,121.13322797978523,117.593364812312,0.053361307096777146,0.0015491898904224258,2.1607847893506524,0.5565504667254869
206.81,13.75,2.57,90.33,56.93,1350.0610929283125,6389.938628138728,3275.6700083035466,1294.3564814722292,1464.4042471714456,26.649237354894787,95.4252308511937,86.87756207272106,0.0721561152324996,0.0016993515971102274,3.1297080470936502,0.5637205512141076
450.29,28.14,2.62,89.49,59.46,748.9895983709356,1966.929917526617,1458.7098778358325,865.5422450245026,964.5566029794303,16.64877541356433,164.61220762888718,100.98484964799569,0.06177570917578735,0.0029809337945731203,2.0595756366403832,0.40499614851960053
326.58,10.74,4.57,86.04,50.74,1639.9983632279018,1524.5501633632362,2243.7803470908516,1105.0627599409863,83.83934215226112,21.871254937409287,82.75290576669863,89.43905007945068,0.06947699208023762,0.0025383641556653716,1.4505219818131794,0.3949487121184313
319.39,11.42,3.56,91.61,47.13,1067.1608461822816,5972.996053625007,2983.2248769967523,1085.2602248433407,1393.696792717808,33.736983304360216,85.1561665957703,93.16695484148168,0.06620576042319812,0.0015411592663212735,4.982352588617281,0.5334331518608408
633.22,26.64,2.99,71.72,56.9,637.6643809426997,1852.4696030581451,1293.4293473550242,817.022491652745,1111.570995756473,18.88749189312026,160.205969747626,99.78431017585069,0.06311372717700002,0.0033536059553880134,2.668609994444664,0.4535093229869147
543.16,10.59,4.08,84.58,59.35,959.5121681334405,5726.068784312976,2533.5100434670076,1153.6973759300479,1318.2774212181523,34.57167466758547,82.67319620196041,79.40084852995774,0.07635304988396162,0.0019994252133468883,5.041179273013234,0.5398908613223311
398.21,19.15,4.41,78.68,50.96,644.2327691046536,1507.271666440917,1796.0438374189237,890.4183726490384,451.0537941204302,28.07047450475331,123.54212314880321,99.033832433501,0.06241378039765015,0.004418164718769966,2.1055525757323834,0.5752590761226744
267.9,22.21,2.14,77.16,45.64,1212.0493108435899,3284.4005353893936,2699.8222959528666,880.766263961847,963.5951443965547,19.12752869936322,134.92268988890262,111.7827873847091,0.05695307087620188,0.0020983549522729235,2.2213377393364158,0.46972394872526113
132.93,25.32,3.52,58.0,47.89,779.6594931054938,2117.2930494720576,2431.2922710410944,916.0588041740751,985.8535688617703,31.161814445155887,152.10662289711195,119.0167052268166,0.05813818037740888,0.0037296547046928095,3.281510549074566,0.6276401488984891
622.86,24.04,3.04,93.53,42.89,731.5043059836631,1708.843446925616,1879.6044495837311,690.6598469715608,899.8170647547945,22.94731731912999,150.14757241754185,123.90292009586257,0.050489185127918376,0.0021360859766302825,2.563232025018465,0.4829900485626331
625.19,20.94,4.08,90.98,59.07,543.933319233347,2049.8744867432893,1440.2545841373171,910.0107979805291,1134.8410093285627,27.245765750851223,133.23729036825574,92.08694858080644,0.06631901294159805,0.0025805348595157557,4.297150541498304,0.5851950154969553
543.21,18.7,3.24,80.96,56.95,764.6395893867817,2966.618945182052,1782.4290312277562,968.3948795166974,1273.448975648786,24.51382837415559,121.6331171044007,89.98059059163786,0.06832836311324256,0.0023623810348420552,3.724160355470824,0.5795107075433881
268.37,10.96,2.27,52.81,42.35,1815.5392040334455,8593.734694607994,4247.409522736955,1116.070038629335,1438.7490025169498,26.896805315376636,82.50127154002438,93.87416981299988,0.06854102315835532,0.0016492499086859487,2.702262150001273,0.5497943693750112
203.48,26.1,3.56,71.76,58.86,658.8360682428131,1912.2007630918304,1948.8150649864344,994.2043276638904,866.8115548131829,26.91935210681401,154.94700734541092,101.42922057090637,0.06495715420823686,0.0034301294772893717,3.260158087333417,0.6311482961832695
281.57,13.97,4.06,75.04,56.67,834.3785466502279,3345.929106850424,2356.359371455694,1137.6359637491803,655.2950601946624,32.13619185327998,97.33151162771159,86.1456699146064,0.07241570939823233,0.0029687379141965266,2.788639701760572,0.5668550810308566
141.32,22.96,4.58,96.68,52.52,1527.4720345907058,810.0457900683313,1859.2092301001057,999.5965961928883,67.94383320658939,14.184020374771503,141.96410379864048,111.02350602162888,0.058637116034791215,0.004630010951855295,1.8229466311470124,0.31236126199687114
405.48,21.99,4.52,97.65,50.42,598.7229623108316,1112.7261467340923,1651.3025609104877,823.108520113992,368.4694897428811,26.398467664511333,137.72816159110644,105.93327122265748,0.05779689867072005,0.00511325695377101,1.7709452149588603,0.5766972240152579
148.43,17.53,4.16,97.86,52.94,1528.7170930898712,1187.5298998688893,2026.0493432708986,1141.8742610486293,73.4208582939864,18.33264654601129,115.21834816684371,100.41525788757431,0.0637459292270684,0.003996673101471008,1.5287973534921255,0.3102267640649832
184.99,14.72,4.52,99.78,45.92,1702.040306834146,1096.5434085515456,2064.3472919163755,1025.2030832391322,73.69257816112976,16.929447612334375,102.45976394070118,104.13573240062955,0.060660267827495604,0.0037295475623340324,1.6673614214860397,0.33900580777071493
121.6,15.94,4.23,59.66,57.59,1701.520337790643,1262.676849519192,2168.607410488272,1328.926806216223,75.89978554725842,18.67047661703622,108.0163368599097,92.07581981053062,0.07419937335302393,0.0034417017897416034,1.5721961688602442,0.3170752114877934
545.14,14.97,3.78,55.26,56.0,778.9657627356028,3575.3793297586517,2046.216478716747,1020.919902095435,1207.1453625159156,29.92456567081922,104.23410918778923,83.06134504520638,0.0769005800133184,0.0024076517487679563,4.441132187652279,0.5881988544319038
263.63,26.22,3.95,92.35,55.81,580.5916208101993,1474.2867108224166,1737.0223182980162,884.0707368312062,647.2147455036632,26.685382598478128,156.39701700108913,106.71636362157186,0.05962583023664612,0.004863975985599773,2.7380356476377807,0.6091832109990735
319.94,23.59,3.16,58.63,56.26,719.2298295487494,2238.249928048295,1888.0733869358385,937.7528760944798,1021.4382882814958,23.669179763380786,142.88271774800856,95.7487360254076,0.06865145359003377,0.00301822594734058,3.2863178590555906,0.606122605345661
427.22,23.32,3.96,78.38,49.98,580.248750793358,1529.5838648356832,1681.9098282533937,801.2117442865097,729.9838988860066,26.486960253294512,145.3158396989552,107.88065625041986,0.05861292005361188,0.004103419265364399,2.992249687469223,0.5939738915102447
362.07,10.79,3.39,61.97,56.53,1153.392459921025,7174.217799030147,3008.577590969872,1206.402768911372,1591.599670147332,32.72561182500036,82.15897398787811,79.89470713317083,0.07930043143295529,0.001708940762934135,5.175451693678831,0.5600024617418925
210.44,26.79,3.02,80.7,55.3,766.543227132049,2168.861824281731,2118.288116852332,940.8542442769058,1021.5895048482435,24.362980832672932,157.45036580204325,107.32752626609023,0.06042206430690294,0.0025384504526580385,3.0831274303624983,0.5615796096477152
500.79,11.83,4.55,98.81,52.64,892.6942786683745,2696.616797222849,2298.562598152238,1045.2286845475344,303.31653341477164,32.52315120541889,88.62314491574402,87.13520255850216,0.06817257233125075,0.005383266410032325,1.4949770562836773,0.5306171101869332
592.63,27.84,3.92,56.72,56.65,483.56858748505954,1270.3884776246643,1291.2023347443924,774.0649406908583,859.5493983973595,23.810105034125225,168.29066405880994,100.48155783107543,0.0656226837722194,0.004074828017759591,3.219363687848251,0.5606468688718936
314.29,22.99,2.39,72.06,41.17,1050.1530992761207,2574.7002761605313,2599.0420099479925,759.2288354185134,868.7356357065097,21.14479678146024,139.97293992165072,123.35877321344691,0.0522285160713076,0.0032559012595902415,1.9952046409967308,0.4649616579977383
178.63,17.43,3.3,92.89,48.66,915.310517569184,3549.452086755184,2645.5691779058698,1065.0705096682452,1205.5126099153854,30.272201094818552,113.82728997617035,102.90256774569785,0.061594600504422815,0.001987893392714452,3.9774265481112616,0.5706303876767042
369.86,13.6,3.46,82.71,50.29,948.2281512407517,4555.911714814277,2582.6033889204004,1048.6388105440926,1288.589237189691,30.8870862189368,96.26613995738448,91.62155348010171,0.06749483439092727,0.0015623260349376215,4.497317467920815,0.5510038885135031
313.61,15.08,3.43,87.26,49.14,900.9392731067115,3889.5689954569425,2510.796379686039,1019.5148482382045,1204.274704021008,30.140566522475932,103.11338923538266,95.9223102841823,0.06471902138076745,0.0017469948324686682,4.223026157174529,0.5561363122735044
170.59,15.03,3.17,59.37,53.84,1047.7658225089654,4708.681499378441,2910.502259540809,1230.894783013519,1373.7061402438485,30.70494983992305,102.32049078289502,90.37599054018246,0.07300415767224769,0.0019737410198456336,4.233520352643798,0.5930188722807667
171.33,14.25,2.02,51.81,54.86,1779.6806131256833,7325.518759520388,3783.1620801358786,1345.7966233550678,1329.8367444984226,22.208237651919468,97.24456785773391,85.48298445382864,0.07857793310378147,0.0025334636268604634,2.8088848193483225,0.6014135004283745
623.27,11.23,4.41,57.82,44.08,894.1221903323224,3431.717022816097,2454.3487293760422,951.7310942643114,653.4771717925535,34.67593539251479,87.95327392300145,92.06219653420396,0.06653699489587922,0.0053739019009370675,2.7503329914348327,0.5379665697388429
123.29,23.83,4.59,56.58,58.65,1563.4103918919636,810.1190580399314,1888.2442540009733,1131.85712287812,68.50953086891488,14.041444745931306,146.2918993532019,101.42140546748962,0.06961954835938758,0.004058549592722213,1.8441116869408942,0.3131921832530687
595.02,23.55,3.72,97.76,56.81,556.941733245147,1817.943399597506,1409.3794166066139,853.0040927552761,1111.502608717813,24.58844449628806,146.57443024212026,98.75397935617109,0.06191398235758298,0.0026748950028613735,3.7857247717412785,0.589544781360915
699.73,21.31,4.72,70.12,59.56,474.8468680402009,1586.5658932719657,1320.5396529028035,883.7154724218033,745.0790307089608,28.32932838796359,135.39945337812114,90.03692226223824,0.06941431037256914,0.002902201521796567,3.2849397801067,0.6014437662397005
168.4,23.87,2.04,87.5,55.12,1326.7566318394333,3880.7803561821033,2839.2588459983463,1104.4979523847903,1067.602010013021,18.926440837511723,143.0609326178275,103.45401317983145,0.062193965081757466,0.0022911163147140597,2.350817889967669,0.46735688988551927
365.56,24.91,4.27,86.54,53.95,551.7770612001548,1230.7491904063868,1594.4580420537982,829.8412471303762,498.176736532206,26.103077762455605,152.1498074367552,105.91073974840616,0.059557078615960116,0.005279771740553548,2.2754804609481383,0.6021714437187095
140.15,17.43,3.27,85.77,49.29,969.3538892455207,3798.218000457073,2823.3123041569265,1141.2158269488566,1262.0593719037527,31.485890119579413,113.75042536237957,103.25215426724633,0.062396279399364984,0.0019572908509465615,3.991661779027717,0.5782021587162768
336.08,15.21,4.05,54.51,47.64,782.0482562763436,2830.540767718298,2277.1156788840135,966.7519091566494,752.6748959094758,31.4928030033103,103.83990560777535,94.49681783855338,0.06822448191981502,0.003431659582484373,3.226680156357947,0.5781759493710031
286.76,23.04,2.24,98.4,54.02,1089.5352951480338,3165.853374955288,2263.809140848876,972.1944760052195,873.2694228055104,17.884956069858113,139.37924048078813,101.7206556707882,0.06132253784795076,0.0040098714420675665,2.0225933657622246,0.4624150388657364
235.34,26.32,4.83,92.79,44.06,1250.5464783168516,645.825310333343,1726.255492882599,688.9391357778063,66.9237927964325,14.526578920375119,158.87357869743713,132.7530071352131,0.04920396246835874,0.006874991185268956,1.751020453107892,0.289151814370545
245.64,10.49,2.44,80.74,51.01,1723.9258680044788,9544.939693283282,4073.148122165694,1271.6311245667046,1605.4369162309158,28.342290480796912,79.37642400299003,86.66294543645216,0.07199849780138094,0.0014448218870129349,2.898870906169978,0.5392865296785565
512.98,15.54,3.29,54.25,53.0,872.950580022812,3899.9937408474525,2162.1057127071913,1001.4285651707919,1344.7363140921898,27.11402083406708,105.54414302192846,86.23725054346002,0.07421460819667548,0.0023364924897866027,4.187366877508081,0.5861115536105368
162.05,14.77,3.63,84.53,40.69,951.6356815909543,3875.7141356053776,2860.787633836102,997.2832144947164,1166.387372855546,34.10750065323879,101.72798079944035,111.41772948294094,0.0573003685300392,0.002731388370585024,4.106659573299326,0.5512630105471685
313.71,23.2,4.69,97.28,41.2,1247.2553261720673,700.814095989354,1669.6802719098566,685.5657178739881,66.83355590645455,14.801695878250815,143.76873097603544,130.37699473937926,0.04915336190372543,0.006590835781084805,1.6950136797980722,0.3119737162948403
306.04,15.37,3.39,86.93,48.69,898.579192174226,3888.44636641447,2494.7692666818875,1013.4165037207471,1236.9755135759096,29.698192212695876,104.14611288351101,96.85224288046396,0.06417828504292047,0.0017024862678325715,4.265129139090962,0.5568349682455338
211.86,28.24,2.42,76.11,40.47,1060.6981152924657,2002.1712728399784,2914.0441225597842,658.9239115145888,874.532665006089,24.031621849390415,165.71741563519376,145.90520783609088,0.046046183150335686,0.0022363566594835087,1.9438349833554145,0.4096503879271665
470.17,22.68,3.04,50.08,44.86,759.5730641329026,2074.3655490308206,1970.438203701276,766.2072728538027,991.4798541459759,23.277806154387186,141.0649440222389,109.61392559616601,0.06044612049541789,0.0028073562289357736,2.8803426325240316,0.5391619778581186
305.17,14.82,3.18,75.4,49.35,982.7446459392082,4433.639283788623,2639.9155730566067,1046.185486216997,1336.1095375360244,28.960090762781956,101.01632024005629,93.9931245389432,0.0666218764715193,0.0016018465114168595,4.219167107015829,0.5603372314401698
670.83,18.76,3.26,55.69,53.28,750.641162003424,2828.5371228467657,1710.1560041246457,907.6041487396333,1283.4220630324319,24.397374167077988,124.46132262023818,90.19174232762118,0.07050419456325811,0.002848549286629178,3.600139163085247,0.5979074430520941
194.39,29.12,2.23,86.64,55.8,1062.6385371330687,2682.7966894839847,2438.9373034766622,951.2198009395939,978.335163311105,19.00012675963693,168.1742076587932,110.88261922215054,0.05855288165526036,0.002765798059673494,2.0431751744514486,0.4189085508448739
435.99,11.41,3.84,55.67,47.9,978.2846259938833,5288.706316994422,2724.4233038776783,1044.6933912313048,1204.7205363831367,34.016075929813354,85.99547154761606,88.20174170105223,0.07208315428670159,0.0019086879395363435,4.64699904740617,0.555380532956797
313.2,24.94,2.2,52.25,57.62,1044.050091958533,2742.228408130108,2045.6131662851308,969.2866857289198,909.099244291896,16.105228449145056,147.54188343734435,92.9928587486454,0.07161147406799485,0.0034219765501636826,1.9885374313227007,0.41479922210500547
514.43,20.91,4.02,66.38,54.29,585.2805655183911,1875.5198954103898,1609.0627135934471,880.1019191966735,849.7884056284609,26.908108832270926,132.88495641412297,95.23515071015977,0.06644300968500708,0.002845301694389447,3.4307921709818623,0.5982772657301871
577.72,22.52,3.19,82.63,41.63,726.5285008733564,1847.2630492702863,1928.0899041776236,704.2371100401457,953.133891229061,24.46632815849194,142.82422748203453,122.38894836396788,0.051352202042550844,0.002058217773112333,2.86353693097773,0.5299368066165963
540.89,26.1,4.63,72.21,43.49,549.2234325684022,788.6554440483087,1577.2403536135578,630.3524513980366,380.9236904864675,25.847771045415904,161.79673139423542,128.61993239724615,0.05021313271161709,0.0068977385104446644,1.7747572685380373,0.5300068888457012
111.19,23.55,2.13,70.81,46.82,1465.9188055492555,4285.621503540922,3634.1284731606515,1064.3445274395679,1217.9979407004823,24.19891976770751,141.83343608167274,117.94187832265469,0.05692028572362155,0.002390813614870186,2.426163459889238,0.523208170106481
662.88,28.05,4.18,73.42,55.71,446.35438599842746,1167.9741487738772,1228.085665295158,748.1807128007907,832.3004889717593,24.629468957090424,169.36937847342688,105.5020647338474,0.06014587503197359,0.003329991096287909,3.26859923732216,0.5783886107829287
358.36,19.43,3.97,56.73,46.84,672.0515438253863,1963.3863021724942,1985.1748235535374,853.5254826714482,732.1008883079595,29.077438221406215,126.7822093806724,103.5184867837847,0.06275229185523894,0.004138356225863921,3.032749524752079,0.594698513463621
202.71,15.88,3.88,73.88,53.0,820.2466988514693,3330.9963415151337,2415.161906965292,1117.054201782386,780.5020127108079,31.98427354761556,106.77999962961064,94.0280759538825,0.0682462484725955,0.0034504615064084136,3.166865096241456,0.5795511049936972
361.87,19.74,2.65,70.41,55.91,954.4416988847951,3323.9217105308226,2124.4328145173904,1010.8867304099333,1165.5932249244563,21.079862667326214,124.20794703733223,91.61730153627967,0.06881360394941205,0.0021980984678521744,2.679677379051416,0.5932765989517231
486.36,18.11,3.75,97.31,56.66,684.1187012201235,2684.4483965122477,1819.9463751858675,972.8974809077582,1102.674394554749,27.81917490093327,118.814244287276,91.59261640278295,0.06667065289616364,0.002081689544913725,4.099443437341753,0.5711829188057483
167.8,26.43,4.5,76.18,51.73,1382.8946789686743,740.9342328942699,1726.657264068722,877.7337201041379,64.55594184012983,13.74737621940337,157.85723003509943,115.73773735453005,0.05741652718510567,0.005367204262180051,1.7981254922487815,0.29607820564037385
670.87,16.03,3.94,83.94,52.82,698.0254844176977,3086.5959438653063,1852.3447983589238,942.8992196986061,1214.3335114441763,29.780715468892637,109.7502295885095,91.20838381602012,0.06682169258394567,0.002040935271406666,4.532938969320487,0.5594349365758016
410.27,20.12,4.33,90.13,55.33,606.208303009382,1632.0671817322027,1693.906619542908,921.1124335932599,538.8417544019757,27.64542745079313,128.53727311241133,96.25906763271699,0.06419679763396766,0.004162106008686775,2.4646109245693455,0.5822289118580818
504.56,25.73,3.58,65.64,42.88,615.8538098414268,1321.939947435586,1809.5588431057365,654.7347271293795,796.4019778073628,25.91205253810872,159.44415540035595,127.36004440121691,0.05125926420656883,0.0033059746829842015,2.8242040323669104,0.5159004713077747
561.18,24.36,4.97,60.62,57.16,500.0939106083473,927.4112803101216,1284.3580516918614,818.408017852,312.43226039765426,24.593324755680726,151.22726045579023,96.20984593952433,0.06716692675026718,0.0055140495130977605,1.578381068776322,0.6246037299471898
262.55,16.96,3.33,85.27,49.77,868.0894525677013,3491.9658696769734,2428.9196992221227,1016.8912432505791,1197.6859231788894,28.831170352961202,111.45831191305678,98.33557766366494,0.06374684404912796,0.0017995718598915558,4.070564023893179,0.5678156309001549
610.86,22.59,3.03,56.09,48.03,733.5366099338286,2104.9681174538005,1726.5313054289097,790.1486910272795,1033.3145786865946,21.788031986848218,140.70515908831055,103.95752925471677,0.06208382588826559,0.0028221503536612325,2.8298998591284317,0.5260381035465286
544.68,25.6,2.45,74.13,40.91,928.7881078203914,1813.8934176077432,2188.9302270458234,652.9675071115444,819.5570996076792,19.4887661034611,156.7398081763168,131.80897003289718,0.048808577969248416,0.0021746314693447265,1.8006661859219055,0.3779478792546933
260.78,25.92,2.44,66.06,45.08,984.7811182733548,2324.788182778861,2516.846483477012,780.1185907006923,911.7933349616235,21.473873389389627,153.34353003061966,121.11711100686155,0.05433520926661846,0.0026582522513075367,1.9609841010411446,0.45623709873255375
515.94,13.39,3.84,81.06,43.42,866.5861803266805,3717.06681233101,2441.455489203769,921.6029405019025,1067.6468739808588,32.29914462807013,96.50579948884591,99.72886418235467,0.06164725616491396,0.002157729252752597,4.110196739460755,0.5379919222996696
401.06,23.46,2.04,62.24,57.83,1130.2777662595358,3102.853621777456,1692.950315766435,964.1974450830469,949.2758950938215,13.227315379277309,142.62674833525892,92.48689264308479,0.069480501832564,0.003021358497503752,1.8826902851859775,0.34664843250275884
559.2,25.07,4.14,61.03,50.1,522.7355008966765,1239.7527072395012,1492.8517161273535,744.5943208666692,666.5243570930512,25.653227265869123,155.89558435901745,108.18390514172215,0.05998412702099029,0.004423253001738533,2.769722122336266,0.59435373804498
316.46,19.69,3.52,58.2,50.1,729.0394893097128,2537.9759351704656,2066.2430218788404,926.2139029901558,1016.2858495234672,27.45180410116108,124.53027570656464,98.4560547081587,0.06602341547721645,0.0025296414393721897,3.729885427152765,0.5990905251766482
419.77,28.64,2.79,62.21,40.53,815.3086161054423,1359.2268425575892,2281.4954362266053,586.3045643394792,758.6636042062293,23.56672254535836,171.49262999899784,144.11444110470674,0.04704941688610336,0.0025954038551532694,2.0261578841991446,0.39790855981300005
173.76,26.99,2.99,98.83,48.92,830.2721300294999,2171.725566254589,2408.632648687784,865.8402471136656,1035.6682306299806,26.446399005252864,158.98737180495218,121.23608348766064,0.05341214951609667,0.002083006166951873,2.964882036399816,0.5466247920143056
590.32,22.61,4.69,82.69,46.67,560.952066161695,998.3677231401272,1542.7731047644847,732.1884084683777,386.3655214486486,26.307096782467344,144.2446672364104,112.99907096447298,0.055203015075371176,0.005715169659598897,1.838169218449253,0.5803489947926613
498.36,12.72,4.55,86.73,47.09,875.0946804779187,2208.0392044225637,2269.0646679358574,960.6770137638646,263.82232177050884,31.67133407661057,93.86318759336339,93.8085972147327,0.06384025407634454,0.005672036887550016,1.4300925745606743,0.5332208568412393
271.22,18.78,4.36,97.45,51.37,1386.319888941406,910.0524180708794,1602.4686815632142,954.2621106854236,65.92333057018035,14.808662953601493,121.18151223316586,101.07842820278935,0.06197317430496669,0.004070593954342806,1.6441492340906623,0.30992803071971853
279.42,26.71,4.12,81.48,40.27,610.538974737996,1084.58316156832,2034.854701021035,617.3524949274831,591.7064326458742,30.414315737505248,160.81626052915033,143.8705907051439,0.046053125250756964,0.00709831330610433,2.420795337430214,0.5465009065630161
248.27,15.94,4.85,82.56,41.31,1600.555163129729,881.8135027271524,1935.867156669123,866.7268001585189,71.35599548253933,15.055946050380923,108.4149234145406,112.31834359074989,0.0565366065171504,0.004179960069468726,1.7697910426490473,0.354489459529662
192.11,13.44,2.89,53.39,54.81,1217.0926202636592,6164.440782549097,3199.1933022158432,1274.7282880861073,1518.872701438097,29.570090136891938,93.93368098906333,85.13476800621474,0.07817450441136854,0.0023621241049091926,4.0715303480693015,0.5931885812864858
645.84,26.2,2.47,64.45,49.43,835.4965407886293,1947.9406361738345,1546.8590002353385,749.6308494041557,893.1709693484195,16.27979593863717,159.21292971076068,109.71075902075789,0.058173705222972626,0.003084025545841273,1.654969172698549,0.3597959113111314
433.35,26.04,3.68,70.27,46.56,590.1867628065388,1368.914474461738,1735.8234441852453,711.4887202209416,785.8724986898256,25.703296373436377,158.64556310214851,119.30411798419975,0.054171421657903916,0.0036428807954179466,2.948150816363561,0.549149557217444
507.51,12.88,3.57,90.43,48.67,943.0712706447229,4663.254388117981,2522.470413973952,1007.9345788328402,1316.2241642926822,31.536590902435137,93.68292361447044,92.23936717985463,0.06609876385940554,0.0015414349114919843,4.595395036603685,0.5391268756062888
610.56,17.68,2.64,91.21,49.88,1000.0836212812791,3585.409857776975,2037.5903490169844,927.3204894858986,1191.347028571972,20.92975660942306,114.74689313524303,96.18154354394055,0.06308893123990675,0.001969062131864283,2.5112467115062684,0.5563443237592905
610.48,26.95,2.51,94.54,48.36,822.0970809503381,1813.1013880778696,1634.3987912079365,724.4942109071608,882.3707460353243,16.901478205706972,163.2219695593151,117.53731682485136,0.0529079197865845,0.002610913463976157,1.7289041485204082,0.35892425587663973
643.54,15.0,3.2,91.96,56.54,909.0806128015939,4153.313288628349,2040.8240025072287,1026.482602788832,1451.8466865791847,26.442289285986003,104.76741345775538,86.17371258833654,0.07003749161821989,0.0020965863290502884,3.960770057799979,0.5556946326958481
253.29,28.97,2.99,60.38,54.75,724.2392564817522,1828.961256857544,1972.6568069890047,855.372972327835,936.6305742392449,22.912268082534897,168.18488837079965,108.1557447259002,0.06224873738919297,0.0034806205123122155,2.810449509568142,0.5065913406950795
507.61,16.67,4.59,66.45,47.42,688.2716964082615,1649.7349593687184,1888.0982139949149,870.7247193050049,419.37606377766855,29.358643788198727,113.77539331773646,98.51730620185775,0.06334953057940396,0.0043029967883572605,1.9931050895119446,0.5688813538392344
300.99,29.09,3.37,71.25,40.96,695.6282817156477,1217.0901541115209,2202.794507013341,590.7250241683207,770.98341038949,28.110977039316957,172.39044243353268,147.96413205831294,0.045693090807662755,0.003517801143447477,2.5606837953908235,0.46695008500026614
277.31,23.57,3.03,50.71,50.97,780.1992422775211,2283.237281083601,2109.855099831559,889.8534683434312,1021.3267910172485,24.111582432155704,143.57481437641368,101.95511070618859,0.06632034421142127,0.0031894170237273182,3.0941818213185206,0.5822087897131808
396.49,12.02,2.68,80.23,41.1,1377.0013628861932,6388.361927989509,3434.474167740647,996.3694005708215,1416.4854837142573,28.329870840851623,87.72179646999544,99.7763210972243,0.06177152985321737,0.0011922291104461686,3.236742805139651,0.5284693723131283
339.01,28.87,4.05,96.78,59.57,507.29794532278254,1231.1742319498596,1471.0174784426495,845.6687847934986,627.584741483645,24.817025472457765,169.93536259793115,105.33481785104327,0.06002391045261419,0.0046945270472737045,2.707483945374538,0.5927663685641611
482.04,23.55,3.5,72.06,50.63,629.7077055025946,1771.290056508093,1704.1600912796202,806.1444866220992,928.4233506706089,24.880904255701353,147.04745533964973,105.82931439246393,0.059846691835269326,0.002578730622961767,3.2455226139948237,0.5926544390896821
656.29,19.23,2.59,57.55,50.73,962.0391966164216,3077.27224609418,1805.7778195527933,894.0379699081541,1089.3472852925245,19.314767273991503,125.21230198151629,93.70042387623822,0.06747523368768667,0.002708776558762497,2.1147318013300653,0.5133798793301897
453.88,10.56,3.33,81.05,49.44,1191.1135910197534,7097.816930084613,3099.679167635878,1101.2851129703863,1579.2837771455859,32.822577793757766,81.80520187583998,87.73704415578474,0.06992555566809316,0.001400375604069692,4.935982772557856,0.5321959203344283
113.3,18.85,4.19,83.27,59.33,1664.131004530649,1139.1956107016306,2045.8499475160615,1318.0923103962175,72.893233263373,17.286183145883655,122.13942343826687,97.32620827014482,0.06814145994865033,0.003775733509192541,1.639822904120591,0.29856315129395494
513.58,22.63,4.57,90.48,58.55,521.2278427325646,1273.9318897944388,1405.636569147303,879.0746956914711,515.5696854346571,26.276358675068135,142.03243696513323,95.90822897564345,0.06433790785253249,0.003988736517130355,2.3736552059099734,0.5946503665130612
275.31,29.1,4.99,76.56,55.86,1037.6623822853594,524.9741693872891,1325.827948177232,796.6743379987774,62.635775584102916,12.677713866235578,170.58144618800043,111.12501365764732,0.05880187336532572,0.004719702342211832,1.6975581551810084,0.29324603427119
552.84,18.01,4.09,58.44,47.64,655.208969911561,2114.7181155386943,1843.7384544358156,853.8964844700936,794.501823715906,28.947607705522472,119.9936915382841,98.57715550222795,0.06461951184412677,0.0033789035944919357,3.269935654198023,0.5835520191905684
587.4,28.01,3.65,99.69,55.06,515.9031584591227,1371.899984973999,1342.743360345715,763.229537545094,941.9837300385266,22.980552005311516,167.50010547109278,108.64344091212993,0.057079050237592285,0.002945910825386805,3.2600887870000004,0.5323542070668682
253.71,13.94,2.25,59.73,40.89,1543.9689073687728,6129.529235832793,3664.1085970870176,1015.7620281771653,1293.8870463880542,24.47059694418914,95.7626289788183,102.34909443920318,0.06243957269460762,0.0016139335237925333,2.5090078329927152,0.553839503333215
652.1,25.02,2.68,55.73,58.56,748.3549833970714,2220.4353066360914,1263.6363807766372,871.2067727417701,1074.7097389552414,16.570134274665705,150.5756655970021,91.20135555793506,0.07089580559297391,0.003874847118725633,2.0530038762890053,0.42029271384412015
522.13,12.03,2.06,91.77,56.33,1794.7039990394107,7626.296881886284,2651.0704058902957,1173.1769367183779,1268.320668902339,18.640091716316544,88.25939458670334,81.8711465282975,0.07365573027736391,0.0017802623736302779,2.2126086091810127,0.5401172378190423
505.36,20.56,3.71,76.19,42.02,671.2701977124361,1839.576012438138,1935.7297845048793,743.6029139255145,876.603258638348,27.783225184651695,133.79095229463505,117.0158883440277,0.05377048025693142,0.0030477418288043863,3.2232030464469403,0.5699071333356057
325.25,24.63,2.41,94.98,43.99,997.3325239528504,2264.6865472842774,2441.8947229690575,764.6118796541296,884.8604069891474,20.428647442314425,148.16959170391013,122.24109563839109,0.0514718514514852,0.001723383257002351,1.9353510912574674,0.44367752099744096
619.74,10.08,3.61,88.44,44.07,1130.2740949434321,6925.923905731283,2986.621552116481,1012.8856950235595,1574.3379532855483,34.35607198659738,80.7702308995605,93.52774365203729,0.06501276103776513,0.001379054319400174,5.251568068527557,0.518292535658299
312.41,27.87,2.73,58.17,51.45,793.5440898239292,1910.8211404664567,2016.3914278480404,808.1684969395083,910.561854999311,20.876922705763125,163.10281881106303,109.9274419008585,0.06070825059006394,0.003141534172118812,2.379188747839225,0.4635445967584202
611.63,17.24,2.53,65.57,46.32,1087.6484006733072,3609.2635771994587,2206.5002435934757,895.026775540282,1123.9379511383368,20.79423147659859,114.5369596644272,98.35111214160152,0.0631573410393119,0.0020616273381261555,2.172666750757005,0.5647408096200264
575.54,18.78,4.39,53.37,45.98,623.5675587914162,1599.380709655511,1761.65605617701,803.7110743172104,587.8698946030964,29.157784572927245,127.801892040145,102.23591226046281,0.06287022689858283,0.004404084274770291,2.549285046485094,0.5913860817095756
243.59,10.5,2.53,82.66,49.43,1660.0445190351638,9254.385510174892,4039.220803061673,1244.2550190232585,1617.0561328325894,29.296067206985906,79.76303899455496,88.52239587595132,0.07040758603045999,0.001409765333752158,3.1829480675208472,0.5369233692399116
411.38,12.65,2.93,78.76,56.25,1176.0923503025888,5966.596303985265,2774.7429978677255,1149.3491595589646,1495.7978423731229,27.745357501345012,91.28463495009687,83.24179507099728,0.07400114978496904,0.0016646983565375994,3.859908709623737,0.5538826015945181
414.06,20.98,4.88,93.5,48.96,860.344805133971,750.9495107551264,1518.47712574871,814.6245060396885,89.22331534846042,19.577333845718904,132.21565914653777,105.92177830100567,0.05735428018111415,0.006192825167387894,1.3144114325176377,0.4646812209060998
628.58,22.01,2.72,58.52,40.38,879.6047600381268,2095.5114959611647,2104.251357292392,701.038981783025,931.7641565028081,21.647394207409917,142.83669461064727,120.59068122701193,0.0533819980828337,0.0023194871806646597,2.1910789676916376,0.46339234641803967
522.95,14.78,2.15,64.72,53.99,1461.442330228723,5345.46710936264,2342.230810116648,1069.7540223471017,1135.9486098917296,17.896266462567294,101.81979537521971,84.90642089696672,0.07324130723434065,0.0021424568296534684,2.04947004988799,0.5619268471504042
496.79,20.11,4.74,68.37,59.8,569.8533944971963,1373.7088921508766,1498.2814733064336,936.4354117147957,384.68521172217146,26.942402392762204,128.94045450686792,88.9203425165911,0.07092773210852575,0.00444172926904543,1.8753877124795222,0.602486430966986
446.73,15.29,3.34,54.47,44.04,896.5790617021578,3685.861386163248,2433.975755213125,913.0267890750694,1214.4365079976328,28.950350213612275,104.01357778200713,98.32994570066985,0.06507392186605078,0.0018807965615579194,4.047495801803544,0.5684062020425737
588.33,29.58,2.51,70.26,42.37,856.0047750381437,1374.9226237511946,2083.90223490768,590.5621429493782,724.2990292074734,19.547352001173635,175.88330086571898,139.9816265103681,0.04725233185250174,0.0026728951663991495,1.7063847472695002,0.3391245176622862
483.05,15.58,2.56,51.32,49.43,1168.5210746882096,4355.5037431241935,2533.0238731977634,989.3078616248492,1190.6980669030918,22.66732437023147,106.05293955937839,89.40967070773169,0.07185238611850382,0.002231726190253666,2.4581013033031076,0.5841460824073577
647.53,23.91,2.45,51.75,44.67,914.0195285373084,2131.1511252935416,1893.6886373819739,732.4834678888226,903.3121640898705,17.744127332287032,147.77133561966914,112.03934774504532,0.0584677179669733,0.0029103423764211393,1.741753710282333,0.3931652129405475
359.43,23.58,2.09,62.37,51.51,1139.7172895127392,2909.6287403372344,2130.251318708768,894.8435824683518,916.7498315260306,15.694013344387418,143.59067473709297,101.73659633711758,0.0633211715993081,0.002573043391794059,2.0534956876466275,0.387463940840608
459.24,28.84,2.96,84.28,49.3,683.5561039445319,1486.1254525142065,1736.474366404827,711.4970349839284,854.3854443897741,21.042110572368184,171.21064115314806,120.17264176718562,0.05309185115162223,0.002716109289745679,2.4200402055301447,0.4347961942886344
459.29,24.37,4.27,72.78,59.2,510.34394928825145,1401.373479692326,1409.0924956778445,875.8113239203395,655.9557310851955,25.573749286524233,149.00050973429094,95.62325928739992,0.06634168538839534,0.0038731840540240435,2.8532759857430388,0.6149290142329836
168.06,26.23,4.45,90.43,53.16,1388.7374493600337,755.0901373034525,1678.8788051952306,906.873669404905,64.0784032925177,13.521454624385955,157.05014463637468,114.10547043064345,0.05725183692348005,0.005229775898285841,1.799576824189599,0.29416085816960263
592.35,18.27,4.67,64.28,47.18,627.1071714373843,1414.086229305055,1715.229296913635,817.7715476152806,445.6649437027021,28.861907741859287,125.78150729250702,101.5615198299968,0.0617491770751441,0.004684024187105003,2.0536576042043038,0.5787194069108205
594.11,16.6,3.66,94.64,43.09,763.4550017842905,2756.1874076003114,2104.471666244805,836.0979606387193,1060.8395092134926,29.101661516923315,112.97574564164012,106.53069562855416,0.05751465585824348,0.0019589056644280685,3.8168814474167396,0.5469111617904899
632.75,25.67,3.74,96.09,40.45,597.2234767568218,1167.0113440853768,1783.9653641346267,604.5912184129202,741.5745668056028,26.663752558450703,159.9727622671482,138.07540995056627,0.04626018126049296,0.0038559724205410304,2.695125917256139,0.5044232617071219
675.63,13.94,3.92,91.41,55.76,776.6421596113121,4052.2884433876816,1994.8572759280949,1017.2661266278642,1467.8545093967807,31.284172269355278,100.22199157173795,86.06811287618775,0.07010970765362552,0.0020053638616520475,5.178358887723584,0.5498402146084119
233.32,25.82,2.13,50.57,56.61,1126.5776612361187,3016.9791139176405,2360.3355628399195,996.5028048056165,945.9154932462061,17.341106818766953,152.4964654151869,97.15333439270755,0.07080105967776788,0.004071818262852212,2.121339681409297,0.42404063850841917
273.01,16.26,4.46,81.23,51.61,1521.3290097814142,974.1361764536924,1679.952940541209,1009.2710660623063,68.20427891256413,14.903501462859346,108.83420827814228,95.95804374804315,0.06573736662896011,0.003539042313512082,1.6750820633864947,0.32519392480576514
618.99,16.27,2.64,70.32,42.17,1095.1603296499584,3697.809150565602,2448.380224046306,861.6912000915337,1138.2602508953944,23.179237243650007,110.43138959580722,104.1919809500632,0.059323772960356236,0.0017604013798036362,2.461414385847383,0.5507244716383378
641.98,28.45,2.25,90.75,59.96,841.2226709385903,2090.0745715535354,932.9680809066705,838.2849557519703,940.3219371192325,11.376628320232854,168.90456798585146,100.06665597330132,0.06135352210668863,0.0035894089891520043,1.3476067997331433,0.26614414606208553
245.26,19.31,3.54,93.78,40.01,791.8351561025813,2350.654800940458,2397.043298904176,811.0315850023613,961.2873933446059,30.123071562679478,123.30908021668047,121.12924238994037,0.05221201349857042,0.002998482578429891,3.4245054884070223,0.5596576080233231
431.97,21.35,3.49,93.26,45.01,688.9559990000828,2023.8208382744053,1949.5112830084295,788.1772444928994,958.7922834144582,26.458340211584932,134.48184557172087,113.34057780923474,0.05502546689695355,0.002408200449517612,3.384242051488014,0.5705772300731651
676.5,11.42,3.87,91.28,50.07,939.51849948576,5413.953332118164,2475.7277328419354,1024.7252827613386,1445.620241274853,33.660134158012205,87.9201605294544,88.6836283854662,0.0681824705540453,0.0016429008368554249,5.167773590210202,0.5311089366735233
434.83,24.0,2.64,65.74,56.53,831.653551239869,2379.8819756111466,1727.2186092832708,905.4326577411194,1017.7617030501839,18.51824359112874,145.83816557788964,95.94050378292974,0.06652017774644167,0.0028705595637861583,2.249837633804859,0.46938735463747916
494.71,20.5,2.47,56.88,58.92,975.7743397942241,3098.236368729553,1730.195802197649,988.509104093417,1082.6208986208148,17.351886807759882,129.9381908305085,86.12744812082695,0.07461941555323373,0.0030464067490627816,1.916777637787955,0.4771649051301962
678.14,13.93,3.44,89.95,58.52,879.4832958338155,4793.861976966446,2010.3622794995051,1061.3016568713458,1736.0225836241555,28.57090525206971,99.06127724667428,82.91493230107048,0.07259452941771025,0.002146798820603036,4.9864946821596945,0.5515558599666507
450.6,18.04,4.53,62.18,57.33,628.7053759908118,1794.3066089723166,1698.64422674896,967.3544296138452,458.8805733876182,28.34330873325205,118.75099153153418,87.91245763546833,0.07244053442182535,0.004213496348443899,2.149375601287691,0.5978004048743157
155.72,23.13,2.16,54.87,44.81,1324.0685820797337,3627.1602770729996,3264.453794723562,938.653721146547,1076.7414410901322,22.383266750701278,139.5395546858927,115.80595436895793,0.05864553107044301,0.002724684695558802,2.3377065282860894,0.5020878262928383
206.62,24.71,4.74,62.1,48.23,1336.6551288886733,684.5459592376956,1696.2296951071569,812.3672421929741,64.82343361800064,13.449606575636121,149.78082165558442,115.66046549458324,0.05807174059826735,0.005340280015115905,1.8090765214877589,0.29781678170828924
263.15,28.44,3.04,75.6,45.35,753.0429132915979,1602.2504120544036,2195.6061833460367,706.8358602657103,870.9907835649599,25.17348426977441,167.61729796703358,130.17073309527805,0.05067064994558233,0.0024408487025752205,2.61231812556398,0.48072332099404275
104.27,17.69,4.37,64.71,47.9,1755.4926354580903,1136.508221949916,2246.9096313863793,1137.7250214324608,76.66182553368233,18.08732304162724,116.63283057074126,108.62150477154525,0.06232628462142365,0.004180961112762915,1.6668632795183675,0.3117851666634841
153.01,29.22,4.72,83.26,54.89,1352.875870866388,671.4969467472561,1736.4572094700084,885.7838385154744,65.05676525772951,13.380655939322796,171.47401467553792,117.55958507653374,0.056855231007572254,0.005244980506629673,1.8400785790544272,0.2791818807192997
554.19,21.11,4.2,79.15,47.19,589.5821523517907,1490.4060250522512,1682.523402806955,781.5931176153784,649.6555145338244,27.651955388001213,136.55476053453054,108.27361603070216,0.05760507608679947,0.004131159959191165,2.7564800629687194,0.5781850339097008
631.55,18.94,4.77,71.52,48.58,1121.0618265136395,792.0691949709967,1222.4434335094963,817.7158735306082,67.37517075695212,15.025834087896488,126.62804361082665,101.36897822919718,0.06162032601362214,0.004441115349046933,1.551611047484447,0.3204317092582132
524.78,29.52,3.74,51.09,57.8,494.04919709764164,1270.0345151523795,1329.077024846828,775.3307419906882,832.5058281898691,22.623815015107702,173.37040958166588,99.30947871753949,0.0685043429478712,0.004658809214008251,3.1362724482411757,0.5371988367033784
170.79,29.19,2.81,57.24,55.49,849.7444799081572,2228.171746317205,2342.7160208331406,948.1339545806507,1040.2374826470127,24.160996660806873,168.88562985070857,108.99817481993011,0.06353392493231459,0.003672904587742531,2.7526043900827664,0.5158489657831808
648.8,22.39,3.44,59.19,50.38,637.1021053276496,1944.7659212792873,1590.003262222853,804.7737793581373,1051.2144975238673,24.07329264988289,141.39786379120795,100.7559279154117,0.06343621034106622,0.00290128556065203,3.355621675433977,0.5899099236920013
311.1,23.74,4.62,53.43,46.87,1179.7852059119837,682.1914333710615,1527.1332464488362,765.3062744824657,65.01503192314951,14.225350939364453,145.74909027304307,112.23952292168497,0.059877059691419585,0.005098145963460013,1.655443401605632,0.32111832870328655
158.78,21.84,2.95,67.63,57.86,919.2832950992595,3235.1248566339054,2522.6469385689184,1165.9066887987155,1169.4868647029964,26.75227749584462,134.28810727543527,96.80488250572253,0.06862215592645889,0.003031377061415617,3.3182908998803593,0.6219558489956203
582.89,13.87,2.3,52.27,46.5,1427.1208133849693,5407.771079390526,2703.3128524128547,990.9375713361826,1197.9564036436175,20.98576563917851,97.66461231112568,90.10694184641866,0.0702154940659211,0.0020381041851551592,2.1025298255538423,0.5647234766195929
578.17,23.93,4.86,82.94,52.72,520.7132054192551,922.2169059216907,1372.259889788116,777.5282683804154,346.8280641641249,25.160290822923358,149.83846984040915,105.04858045472142,0.05931871989720682,0.005500366210163062,1.7113420626005584,0.594378274142464
573.6,20.19,4.02,99.31,59.02,579.301978875941,2104.9322884277776,1527.3946571702659,931.7706908057326,1042.3372275234237,27.109506132896293,129.75095690855701,91.88795670608793,0.06624692061808131,0.002379322704821692,3.9951117898036337,0.5806760630416867
119.99,10.3,2.58,93.73,45.05,1783.308431812406,10437.725895965035,4670.477714175151,1377.7126081045835,1841.733157270543,32.88805771550244,78.6505485177056,97.2428934891748,0.06549093301076479,0.0011611090168078169,3.583326592711913,0.5364600380212089
408.18,12.0,4.65,72.24,42.84,1544.2477018795173,1278.0809299387092,2093.2180347430362,940.2452246760607,81.56506821300344,20.587260680492236,90.84701867405525,99.72131325819316,0.06282998635168008,0.003237715672884571,1.4514814717576892,0.38666076629102036
281.42,22.73,2.0,83.35,58.37,1245.0531836566358,3490.2886573929795,2152.6238208858636,1052.6986435976378,931.7598570339512,15.129960096803416,137.12171805565305,94.489707112992,0.06610986204594048,0.0023124323253622347,2.1310665515027667,0.40853687991267734
310.51,29.26,2.99,83.17,40.49,788.1043354228766,1332.0663386928304,2377.423717674623,585.6911737425484,782.5028762816586,26.388825937990436,172.7269578525449,151.17759017332025,0.04419925813557207,0.0021228555440341843,2.2750262174559706,0.4302133579651885
293.22,27.21,3.32,98.0,40.61,715.0625458690405,1399.5668853165432,2210.60630952698,630.7521182124091,819.5291345753192,27.644328862031134,162.3056899676323,143.61937128415133,0.045427566570289755,0.0030889846635816748,2.679539630960898,0.4924783282965913
320.66,23.08,2.99,87.33,50.2,783.4515765344722,2328.3819655477396,2055.584010125915,872.5035983145618,1038.0828288562923,23.538688639104407,140.4825820694136,107.1306517939786,0.05868800873261877,0.002069315222348389,3.0546211002393324,0.5761634236686832
406.35,16.38,4.31,65.13,52.5,701.6969643148277,2216.2104879940875,1966.5002567768277,968.8418560243424,574.4002886538137,29.854783198068297,109.62348754952288,91.4384199795651,0.06888021755288427,0.0037484139519467817,2.6101530453584036,0.5776684953669744
343.46,28.02,2.23,58.79,42.47,1056.5178110375605,1843.242296153475,2563.0534953016545,665.1217640960274,751.0146334897638,19.28436334033066,165.67485390145035,132.61045782441548,0.05044675841350812,0.0024904861468843034,2.0263423584925513,0.3583862538354822
298.5,11.47,2.29,61.39,43.95,1713.6057835742229,8160.198058593548,3939.2688504233597,1110.5842422641615,1419.1798683892057,26.006407300304367,83.942277834699,93.1231386488151,0.06789147920019176,0.001632429977753121,2.5851604486709197,0.5437573255227474
577.04,26.65,2.31,92.19,47.56,919.4567486558028,1958.1191322801349,1734.7166145152423,730.4824891653525,833.3089935591177,15.786578945046294,160.5670640326428,117.81590864646166,0.052906127368740515,0.002499700366925477,1.7199401903143048,0.33852883851617205
250.52,28.82,2.43,55.53,54.7,913.7010937764425,2265.5124792157053,2186.342462697053,880.9143593881889,905.2654463912631,19.420661393389747,167.0277554899349,106.13349980319221,0.0642222530592602,0.004160969666926761,1.92961130814139,0.43538693108504434
526.01,23.93,2.79,74.66,59.56,759.3002078529942,2293.8663475277435,1487.0968573477787,913.9285962734516,1074.382235424494,18.57858397522557,146.05623129629868,93.16074101901208,0.06711397295071206,0.002989001275660482,2.4300586559258264,0.48049906088804983
229.39,11.35,4.03,62.8,44.68,995.286801042104,5038.58903995334,2918.1049774890894,1083.2804078335216,889.8281694098047,35.79091832959296,84.98348146874366,96.02670889404372,0.06677190631529012,0.0028201383446055787,3.636082911993619,0.5492246197195819
608.1,13.14,2.28,65.31,58.11,1487.435821036175,6038.028541285569,2310.316098619683,1126.2449840153174,1246.4605450238998,19.3839571560093,95.31583049308783,79.24978307662359,0.07798746747230523,0.002248951419057016,1.9293953218945663,0.5657982765299512
677.66,22.81,4.57,71.83,44.81,526.3391378612847,1144.6915014339654,1539.692601058615,699.6978963826846,455.417302904056,27.634009526091692,147.0029495720762,116.19407494311334,0.05437982022140655,0.0061144300326599725,2.035211466781193,0.5843012424793604
632.36,13.1,4.97,55.77,58.76,1296.2459302192735,1093.3168142388965,1435.7831112017736,1034.7747159435842,77.1334973710487,18.448774382358426,97.24596103101644,79.33685524480634,0.08038797634663324,0.0028195722123866376,1.4364407320555272,0.36469720701432673
144.03,12.77,3.73,53.59,54.54,1021.7782482666306,5235.410326408142,2982.2303971885476,1329.2758391287362,1182.6027851882698,35.230066265075,92.1959485127715,87.85900924283358,0.07712656837799714,0.002399268992245658,4.335383058445541,0.5960849494901541
138.0,10.38,4.52,70.56,48.34,1844.5939195165065,1730.4482919081065,2669.2143311981454,1262.7365268605408,88.2991964134058,23.644892083933975,81.12173435676908,94.85685575023463,0.06862675528605655,0.002691852422095076,1.4363720582186523,0.38181738048228325
612.53,21.93,4.02,76.72,47.66,577.4552763987011,1564.0974263522933,1605.9633620134584,768.5155717388808,815.7638987486449,27.008739033276548,142.00795188998364,108.65148625805033,0.05741490092971195,0.002935433471285382,3.149999131111587,0.5823007205360756
646.07,26.11,4.71,97.88,43.68,534.6047682221865,758.334036537129,1515.1671646815564,622.2616910215199,377.639531305601,25.63981253204032,162.68711065636063,130.47846235556105,0.0484499113042847,0.00690620878145695,1.76848727588039,0.5271559444161186
207.09,28.2,4.78,59.46,49.33,1242.1691736676953,626.6693421819351,1663.1307376551094,757.9031538713142,64.5180751969823,13.650249067987811,166.53316896675037,120.68926758719054,0.0568710796612418,0.0058270813304075785,1.7792226519519414,0.2835546981724177
190.03,25.35,3.16,96.78,40.7,825.5534428393026,1905.067901782085,2525.792804223915,721.44036951166,963.1378792760372,28.936865781713006,152.6859340713764,138.18265976478963,0.047269924758028756,0.0024767825719615127,2.880605011136455,0.5397525506362786
390.05,17.79,4.65,69.44,48.03,1052.3750921469689,902.1327161334734,1665.1650244696812,876.3311011278464,82.10431518333439,19.537532949931673,118.1722715280968,100.50738217906081,0.06228579533686795,0.004104687077232204,1.3339868662436034,0.4015763277767687
288.51,13.92,2.94,94.98,49.58,1121.9918970798337,5282.9009900788615,2903.059602772324,1092.3628595422988,1442.4708042745997,28.323276864800363,96.29186628396593,93.48449964491721,0.06600278493484335,0.0013519164512226709,3.9901802643013027,0.5479957102684545
474.38,26.43,4.66,77.69,57.11,492.199603768858,952.1574373324032,1339.6428182230388,802.8538612874327,386.52950425955,24.645619446649565,161.09058691033147,102.83505576418797,0.06167653788213488,0.005668822396511286,1.8675561742442544,0.6043423836080429
232.46,11.44,4.67,79.56,46.31,1834.3032670618984,1293.363930820855,2219.9526835793413,1072.5230633696651,78.26681047547086,18.674397512628833,86.61709824697192,96.44044251129577,0.0654567306037554,0.0029293064405084865,1.597585745297996,0.37196368001766417
521.1,29.65,2.32,81.24,41.44,958.1936094002965,1465.6233603574485,2295.2567121182256,582.931642344856,707.8194514909356,18.928119036298426,175.70060398195454,145.26491541195472,0.045265166571244526,0.0023351948509753935,1.8446812744182242,0.31930329394204776
268.48,16.94,2.07,81.32,52.06,1453.827861889978,5139.957249399093,2887.4320984751503,1102.7319230248254,1128.0857357519164,19.203438163934518,110.33643509750196,93.6349124292795,0.06681618819584416,0.002028249514464181,2.392707044959222,0.5712883887604994
180.86,11.68,3.94,65.06,43.35,1014.701567977611,5113.502449263628,3005.1133378511818,1100.7012141010653,1041.6617018784425,36.19876439965089,86.48433659391273,99.7338933103781,0.0646467055592941,0.0027657861862123248,4.059001972333279,0.5499593174757491
175.01,29.96,4.77,51.59,57.57,1279.8626087401929,643.8291224656895,1604.8862119014623,886.9689287767892,62.5744357669242,12.47765166028065,174.74996112625914,107.78951159792388,0.06652200442362682,0.005421785076475143,1.8529372208855235,0.27184628202034256
597.37,19.87,4.61,59.97,47.27,591.4106514558532,1311.2387669561779,1632.1673495727662,791.5972133961823,459.59304154726675,28.021234929313167,132.08586854506098,103.23129219116761,0.06156517670258631,0.004913734728509527,2.115364269088665,0.5891316307434964
570.76,27.48,3.72,86.95,45.16,559.8449619279822,1159.1270216221835,1636.6044404036454,646.7839062079929,751.0686219475781,25.19297550615829,167.03362320804814,128.0034362776069,0.04983556923175057,0.003568146251069028,2.7780762820262836,0.505238211139257
561.96,10.75,4.44,90.67,48.89,1025.9171750326946,2958.888137334976,2469.2661415566336,1024.864998227912,222.56368241703998,32.45957463703175,84.86278190240877,90.15859054601316,0.06765757355394848,0.004703316084171976,1.4722948884909366,0.5298094217315478
409.4,21.58,4.33,99.67,54.8,581.3127942591746,1467.156968468945,1628.8536005701094,887.8347138430358,523.9953431549252,26.866302064232755,135.3084738409924,99.58933194827993,0.0618908392206416,0.0043976234278049085,2.403512240508271,0.5833646990778496
612.24,10.38,3.9,89.47,49.1,1013.339888927819,6437.40466828875,2706.7041053821445,1050.5444523980282,1465.7660020528424,34.799726563421785,82.25448499733983,88.51717078399416,0.06867194941329598,0.0018920911362458987,5.302384152428778,0.5261239405970164
505.66,24.22,4.08,57.46,51.08,539.5796734726796,1390.382219902597,1539.9901216461615,783.0758273668811,694.6198487778106,25.856833535855195,149.1967820065975,103.71832587203163,0.06298062915401303,0.004230801536425351,2.8987903032334033,0.6176196291398559
438.12,25.13,2.87,85.83,59.17,727.2355115114722,2148.52317221956,1569.9228985488196,908.3218052475243,1058.259038812039,19.526478235204028,151.60414596605833,97.08930796249514,0.06412278997060179,0.002768101587959503,2.655318782097849,0.49194725329032896
693.04,13.01,3.03,54.76,55.72,1076.2655872841412,5560.611735942865,2256.8481918467924,1069.6252805275988,1615.8239923763856,26.47932797651753,94.29186453681771,79.6327406498724,0.07907669323299787,0.0024116726533795494,3.836675455041793,0.5725585400732988
326.59,29.21,4.83,72.65,44.64,1067.0519607237952,568.9077995513852,1579.720503338576,612.6491909966877,67.45576793584829,15.121422264899746,175.14257802450638,137.01073304238463,0.04885295126743516,0.007540290446550632,1.6349418719112727,0.2857008970480393
656.9,14.63,3.68,60.77,54.93,800.0081144993073,3916.036464369352,2004.5889346897293,1002.9519603718801,1423.5594764443097,29.578949735330575,103.46856362183156,84.28779685060269,0.0742803747120091,0.0023211693830120415,4.777552309001681,0.5750634875022572
100.85,16.11,4.45,52.18,40.82,1762.9462282944094,1225.186278725436,2410.735990225783,1031.1272609238408,81.73476706496439,20.1024140425947,109.24421282581157,116.85407690771723,0.05901345249908719,0.004536671431996098,1.5917471317587715,0.32387814764814254
624.81,12.68,2.88,91.14,47.72,1183.6724856103842,5602.7008456135145,2704.6124724177807,1010.6458883234028,1436.3411359920424,27.08900473001879,91.9626218701255,91.74297416227283,0.06589250921248639,0.001596199459455366,3.487994738504169,0.5325988337248444
514.48,15.01,2.83,83.25,50.73,1063.5322344979395,4411.218188433588,2406.189619809503,1002.3488887125878,1318.019784571761,24.842563585608733,103.50458512151171,91.60990669925675,0.06669751497022107,0.0017862620233996408,3.1869751984424974,0.5532217181699962
562.7,23.38,2.89,96.51,43.67,784.8192169693544,1944.041845071222,1935.3149501670075,725.1895552778075,938.9862849897467,22.0769530123811,146.2049043149954,120.00362773621869,0.05181313837055496,0.002063005158660851,2.4853709631556855,0.4856487359891733
118.83,19.39,2.82,99.43,54.91,1109.5027328857614,4179.772794244922,3050.142991646629,1284.042242563977,1364.4536079754432,29.03107690076424,123.08512303267099,101.04654105831497,0.06397024150118742,0.0018861677140475496,3.4071480502392246,0.5925572656473087
498.13,14.37,2.03,80.46,56.16,1592.8826722202894,5814.315661379734,2253.4664911406,1113.7732293882898,1135.227371581737,16.457446150728842,100.18022652476678,84.14294139277183,0.07248353934249212,0.0020100472967729934,2.062806227460067,0.5191390718473802
152.46,21.52,2.89,79.93,57.55,958.1145328366043,3369.7132536097038,2608.0504105302257,1183.8271260043812,1218.085955121366,26.813751355549478,132.933219139901,98.32705079654295,0.06632538115531533,0.0024622548097730933,3.321993789331937,0.6100788638247979
591.21,11.0,4.3,78.95,43.23,1017.3452456115153,3149.3814710235315,2570.0749751233857,952.3912162560671,253.71224831369878,32.71468285569207,86.06921670633429,96.70242699382362,0.06371034248046296,0.004857159505496849,1.5105172097362198,0.5285030674516105
545.5,17.71,2.73,77.45,59.64,958.7669572934436,3622.6932704576825,1819.4695567747908,1031.5863304268794,1271.8186953260079,20.703339879307734,116.8100698033083,85.37807260969288,0.07193811467011778,0.0024322002251096603,2.6157293892961953,0.5803242656452069
405.69,15.55,4.24,74.22,46.71,749.8952554951679,2170.2851748163375,2139.166433230054,918.4169439886358,543.0680200461652,30.932452088543446,106.51493886146939,98.27253856832453,0.06242448953903673,0.004575795892226722,2.400537112219492,0.5544479018402221
679.73,18.36,4.59,68.98,47.54,590.345911142685,1695.8282242658613,1667.7224560787583,815.9180864510437,500.63700473523943,29.644387468582185,124.65368333376951,101.4066686522646,0.06148641039136526,0.004548312982016777,2.233449535923201,0.5737821343257045
591.24,26.51,4.69,70.53,55.98,468.1539019776844,931.2736282376636,1269.0310941204377,771.6030524081491,443.2068299774709,24.74514781224948,162.0423005079408,102.81835918277923,0.06203635747447988,0.00499909975061691,2.083989283291137,0.6039976598337716
296.42,14.87,2.0,66.65,54.48,1640.0348280050935,6121.536011700361,3024.5184868173214,1170.6512198499286,1074.546526467826,18.854187319919358,100.81265810482074,86.41887923711815,0.07329468634948932,0.003323425212580578,2.5255718927369486,0.575434160132921
675.41,27.84,4.57,94.8,53.31,431.26957521441255,975.893099258964,1240.2400315600837,714.0125046775589,594.8101477547791,25.67169868525714,171.11779653789574,112.23872750243986,0.05543684616447651,0.004453951404941206,2.589629868826267,0.5887846162242034
492.9,28.35,4.31,86.54,51.1,494.17634379376256,957.523009061619,1436.407787477366,707.3345894513614,520.246543252563,24.98194110991516,169.4871240711498,116.7823303112152,0.05436246703342329,0.005644956151774662,2.314740015587029,0.5543171915333607
258.8,10.78,3.81,53.14,54.75,1060.6111969866492,6259.5401868535555,3001.7283057912314,1225.9587241951679,1198.896050609503,35.286254719313526,82.36862112684645,81.8206135864407,0.08013738518988807,0.0019300178013903157,4.651447697088506,0.5747637147514435
649.04,25.03,4.11,56.44,49.75,506.72081086328996,1299.5590564032777,1421.5773084350058,732.4007384235707,784.932436553893,25.78645023076021,156.72278625563604,107.3286605228526,0.06077828090971211,0.0034164015549975764,3.078783709529711,0.5911568644921658
383.93,12.3,2.42,60.63,44.83,1503.1368588119,6788.580681035578,3442.9395156129176,1054.6564835434042,1402.6649750284218,25.368921306073737,88.44843653369213,92.36794562696005,0.06788663216037681,0.0014642917494401121,2.552992077503217,0.5470585441542235
511.08,14.98,4.3,88.84,48.21,739.2927586959075,2422.179981325276,2063.9535562809347,926.0262980341446,667.3835797695814,31.065737066746614,104.77385188847927,96.49542238504647,0.06316262171647515,0.003038360378764671,2.919570154287204,0.5486402334906091
147.16,15.17,3.27,98.65,56.18,1029.4418318086423,4809.961978048475,2902.6095651452515,1311.9000417636732,1407.2212140471108,31.718743243040528,102.91264915293559,92.51180761287553,0.0687376187890357,0.001575222118131875,4.4573199786212045,0.5729667801835004
232.58,11.68,3.38,56.65,42.15,1136.8543175064463,6110.847041169868,3219.840180824063,1062.481764366674,1482.0896102338606,33.80308668096185,85.97019810209291,98.06043171446673,0.06573229873209409,0.0014611890622553223,4.900582975261071,0.5508681204977003
580.89,17.46,2.5,92.0,56.17,1070.7081082476773,3810.8758652196434,1880.367263259047,1001.7627737683521,1194.9714995799975,18.974789738943503,115.7365687069487,89.14690848134008,0.06787227785169658,0.002225809928565659,2.0612082547839017,0.5432383585360795
100.82,29.66,3.56,74.92,40.9,867.7664601345426,1779.632817892713,2877.3985138351304,681.1286002496904,1052.2784162571063,36.96314806075875,175.78662887205002,161.09633794606188,0.04400777039213677,0.004479225555032832,2.9870984296440164,0.5304653564435393
421.05,26.03,3.02,92.06,43.88,734.1007696187868,1622.8476304942142,2007.8321817983972,691.51494253425,865.2991593311165,23.50255182475897,158.05538568850622,127.15532171979169,0.05001918084031512,0.0021253537158830438,2.5589462522730675,0.4777119064029548
270.36,18.76,2.1,74.92,47.74,1344.725697457297,4323.388022884667,2827.5750779479345,992.8285522119264,1085.9229299752078,19.18368262806566,118.78495957734891,101.46598684819638,0.062230520674445615,0.00201760435177921,2.34288388850494,0.5303885318284037
142.26,16.51,4.77,96.53,41.55,1712.5057485322923,959.4157993397221,2175.640843912054,942.6241464990277,75.05871540539415,16.453207055604047,111.33449579900109,117.11586455061732,0.05495278279900722,0.0043486929010322015,1.7598742750779648,0.3431174437792882
398.28,23.69,2.09,57.65,48.77,1123.950049680612,2814.155183709036,2114.872120453715,843.4542325662015,917.2368397276892,15.547065851387194,144.12378303028447,104.98353066945974,0.06193689434441922,0.002693717686103293,2.054227412709669,0.375181872401059
653.07,25.49,4.92,69.3,54.77,886.8506307643958,601.2388663343003,923.0891737636244,763.8977914604995,60.34075586858927,12.970340919417314,157.38063943398913,102.85778473352208,0.061878689637317574,0.004876199187821425,1.5733459552708442,0.2959919689521041
477.58,14.89,2.79,98.58,51.42,1087.706911681842,4632.473037351094,2485.8259172186563,1025.7576145873127,1326.3938394781749,24.858068711215278,101.60214739438044,91.42476515691659,0.06636186077879883,0.0016663374120600824,3.2170861573506824,0.5478418420328058
448.85,23.14,4.36,67.99,52.56,550.1950703345839,1295.6198474853068,1557.7843989229862,822.0518169024773,509.3377060235578,26.341507822077908,143.9255291067468,102.27263475081429,0.06239551274817501,0.0050993859137989225,2.320598709631853,0.604255050409595
140.51,25.03,3.83,97.48,53.88,706.8487638373529,1963.891805515937,2205.209602729729,1014.7006219955088,739.211446310269,30.757123630205083,150.5538989046956,111.54351813917856,0.058392206843884464,0.004873188724039399,2.8246143957566634,0.6096715794620352
560.85,25.62,4.87,87.0,48.77,529.446610647813,781.932618944391,1414.9905823933348,702.2711751101975,311.74224355861395,24.46603506016658,159.09771071700368,116.23380775773086,0.05401861544256578,0.006593307834957003,1.5540767367628965,0.5598018369654958
551.28,21.47,5.0,60.95,46.36,598.4323726623586,900.6984503538536,1551.5817708723696,742.7005828354013,281.10263751267195,25.834531473159778,141.57586347030292,109.3243728191339,0.05827095558895558,0.006165616789281907,1.4104777386548342,0.5930814205139444
200.71,25.72,4.81,86.38,47.76,1317.2438006294392,664.6177449806859,1716.678508012853,784.6511761948102,65.44591349964023,13.648919211195743,155.18358954869538,122.0634600216567,0.05352959195019669,0.005712929100248416,1.8087017430567787,0.29100723227795033
691.63,14.9,2.27,56.26,47.85,1360.107801184336,4854.993852682977,2266.5141304479785,967.3737855091406,1138.1602996451654,18.99391857534633,103.38514224817588,90.37838367105901,0.06919741777346819,0.002242075235310086,1.9143266996790747,0.5618666943398127
600.69,14.3,2.73,77.95,48.08,1141.8053200170336,4786.586140305491,2501.7183088246693,981.4611169861836,1324.104919224041,24.439674788403487,99.51715686374216,92.63852710786804,0.06592681144763403,0.0017394816243922083,2.9622186001753756,0.5463537241678705
383.85,14.07,4.24,98.1,45.0,1025.4094993064275,1857.6108068125557,2232.415303533338,934.7912762552538,131.39810489123207,27.312977552774413,100.76775703336773,101.20849691472705,0.060994809023905076,0.00407745380305836,1.4262858482725793,0.5433157260602322
431.06,29.85,4.93,62.13,53.06,889.8954967208243,611.36276304115,1174.4126605497027,704.1293037289981,64.35344671876662,13.214941734992347,175.25236448246497,113.02480674800222,0.058791901564108684,0.007496817834704041,1.5732891868146415,0.3015003425191183
233.9,26.22,3.05,93.76,50.9,761.1727233302797,2042.1322231382276,2129.550739712399,860.761607736556,990.4128865330453,24.667485194442133,155.593232805657,114.09522505423647,0.05597969393121355,0.002186903612748028,3.00350865366246,0.5482532559302729
548.61,12.95,3.29,61.67,52.22,1006.8879772437188,5136.760815497749,2473.7730695677405,1046.975325488669,1478.9173927802074,29.275530246399008,93.90537036244326,85.16838498058421,0.07346504780483387,0.00194617779055992,4.463062671638212,0.5616338617722906
596.6,25.68,3.03,76.5,54.06,663.0552792323003,1837.5418879433016,1457.4122837603097,805.6044539446767,1030.0163157142715,20.08130127874239,155.44617103912498,103.1944140005496,0.06068514345509573,0.002956444683542728,2.7059545613174842,0.4781336385106253
424.53,29.82,3.99,87.85,48.94,522.8751221875856,1001.2734914025979,1594.4083184382987,670.3900727522861,612.1006104355746,25.552030460094397,176.11025491857077,125.37063883481802,0.05135411958337174,0.005393400708794053,2.5487041745859966,0.521376584107829
387.77,13.59,3.88,94.2,52.47,848.7596627444431,3960.2422310311867,2374.8822329986237,1053.3328905184376,1063.592053864254,31.977705292473864,96.07367628748449,90.25238835316256,0.06791050229287213,0.0022394846942797313,4.235989422088412,0.5483517968770274
329.12,13.93,2.86,56.44,46.45,1153.9153294017256,5051.463132874728,2957.8229385798068,1030.9167097160364,1348.1987035017025,27.794409970448097,96.78158014855765,93.30910092602748,0.0685069528736889,0.00165765098482503,3.579910295706739,0.5661437353193788
251.63,21.98,2.99,91.05,41.56,867.7711266876935,2361.1203991885245,2483.601989278968,791.2965408179358,1008.4287054082737,26.58487155241954,135.78298114529144,123.25034463275078,0.05165693880311605,0.0016123090375986394,2.95161802116245,0.5721748751942584
104.33,19.65,4.32,99.96,45.31,1660.9343921246566,1107.8665590564726,2242.3089101145333,1030.1914761033859,77.2253599767764,18.710970474976733,126.5129475661524,118.88355894092382,0.05514739189406434,0.004932516084916643,1.6275349313342768,0.3051468087873983
229.77,17.86,4.08,83.62,58.73,1197.2531208701967,1260.4418405473532,1806.638626503883,1114.756585684271,76.90093461291876,19.680365252160765,116.29739225474067,91.26040165685905,0.06959473433762925,0.003620017900602478,1.3117799308804499,0.33419413775960166
206.04,19.01,2.24,99.35,47.33,1298.7482178582397,4253.939858501946,3062.6015731061793,1025.7322966409909,1133.5179332915238,21.973376251870885,119.99026267846467,105.34283402248157,0.05952726120677934,0.0016477499487000348,2.282888355164885,0.568852454687974
586.24,17.3,2.72,71.24,49.94,995.7998114588771,3512.782816508124,2115.7266630075005,932.0081354110373,1167.857108902136,22.137098041175168,115.06960495338583,94.37631274000215,0.06542931366723818,0.0020956895127472353,2.617415560861057,0.5679038421692557
591.43,23.87,2.43,78.32,52.96,893.5745444852715,2391.1390175236797,1520.695211203902,843.3551166638163,978.8360760823732,15.824348245961518,146.61427065841121,101.27547787125044,0.06120540831870102,0.0027596819222258846,1.661397043092085,0.388208938891065
139.06,19.09,2.58,57.97,53.24,1187.6621081456506,4379.616022355601,3115.727836288072,1217.8515469859376,1307.427657370387,26.46218259972819,120.81666099364801,97.1208217732812,0.06953766740212607,0.0027021537963832576,2.8875291269933756,0.6156051584874981
523.75,11.23,2.12,76.42,47.94,1851.8222540746942,8001.403665367822,3331.162014784024,1098.6569246633019,1293.2916512125244,21.788941273513124,84.69842773698335,88.06052517424936,0.06932892921496508,0.00154032349445714,2.469526159012493,0.5328489118256065
500.23,29.05,3.92,80.5,48.41,522.4728133514275,1041.7895102946895,1554.2056553018147,666.139188174355,666.5697203823563,25.231428602196086,175.17618202232612,123.77959370981806,0.05196060091501638,0.004568848114475212,2.6631507026906953,0.5162929648740292
537.65,27.03,2.69,92.13,58.37,730.6127624379676,1965.3840927541303,1366.8255600583095,850.0052872759669,1000.1946573987971,16.84749376490918,160.43735924146898,100.57286245888032,0.06141069459528766,0.0030002426907923783,2.103421102348067,0.4097471900512612
461.0,14.32,2.31,98.03,55.7,1384.3570093707563,5526.33788972275,2535.793881565099,1109.6024194764125,1235.4027713057712,20.44316766047851,99.21108228220274,86.09952614972605,0.07026903839401182,0.0017867997119172935,2.041794697206515,0.5508234457474274
485.13,27.45,3.59,73.52,55.51,544.9809515570448,1464.4459849320517,1456.418482317542,795.5001752169645,900.8250890094002,23.241396704471192,163.28976945837042,104.82119810720023,0.06082157118344665,0.0031090225048203686,3.2266381323686932,0.5495358768708674
515.89,20.78,2.16,79.52,55.0,1129.725806994859,3261.3712960976086,1694.9078183664856,947.0288206945082,977.982357046298,14.635064491934106,130.83202322442563,93.82613183883102,0.06565510198313829,0.0024539933114194304,1.7743236541314102,0.3929318779588471
424.39,15.08,2.73,97.91,46.63,1121.4885723663563,4505.336208046651,2685.645328467644,977.4837404807946,1282.1355748796523,25.18080205718254,102.75126714481725,97.80733169223416,0.062447871047737274,0.0014948289853020063,3.0763878639652082,0.5446709654824962
144.63,24.47,2.76,96.74,53.82,970.1778599791107,3024.4424647346004,2659.891768877199,1071.234537835017,1183.9772659060663,26.02619102122577,146.57941532162639,108.73794992036098,0.05946834699186855,0.0022039333086903315,2.9710487030520047,0.5954411710623739
184.48,10.81,2.96,94.03,57.13,1398.4770663845932,8440.574719195185,3672.81070091826,1394.8652419535972,1706.3449502060714,32.50531110949257,81.9950141980032,84.67886709853275,0.07419760483427859,0.0014950875445230302,4.535138584609195,0.5495453505895099
367.05,18.57,3.87,80.6,48.83,692.1437943972772,2311.6118447812464,1996.7143266045707,901.9782408791576,850.340623197672,28.74763844260624,119.89057521106923,101.36233613690719,0.061677817364251236,0.0033482619312007575,3.4442617989068505,0.5717416436865236
252.02,10.41,2.4,77.22,51.09,1761.869624619154,9762.003372104931,4097.254266195597,1270.8990537538507,1622.1666655038066,27.920792741712184,79.14847900259657,86.09895990262397,0.07261274342640954,0.0014753542884217124,2.779608070921134,0.5406281144566611
218.28,16.05,2.96,87.39,55.04,1036.026631660378,4441.7220666190515,2724.7495994647525,1170.1737099655022,1352.272519375173,27.603103205071818,106.37397433617416,91.40984199370632,0.06856118775062617,0.0015074515705266259,3.847928901632506,0.5716621167655601
308.24,14.22,3.28,65.03,57.83,971.7006163508318,4769.59243431265,2550.242950669247,1161.6994918524888,1373.6439035812343,29.32806018048896,98.34697561511244,83.49363165753226,0.0762829392574117,0.001970501194365501,4.475367815864753,0.5798447840263574
563.65,15.63,3.07,55.77,55.98,930.0091355790785,4012.374445340874,2080.2030701483263,1027.6173890969694,1360.6670521309206,25.139186632436566,106.56021142780943,83.09128803295158,0.07649589429806053,0.0024736230095282774,3.622464851601202,0.588383565138825
359.46,16.01,4.59,65.08,53.32,1092.1770557299312,1066.9217195024257,1749.2218683220308,992.1803516160752,85.97937079626301,20.8003573074231,108.22245068909427,90.40616455943452,0.06955250508163753,0.003478645280925609,1.3244531570323026,0.41963107063449684
421.08,26.78,2.16,69.08,59.87,970.3555956480958,2452.971901946381,1493.3646213366003,913.9092722584315,905.2413412783872,13.150310931764364,159.01701381286702,96.06811471601038,0.06653036629631483,0.003294697957137401,1.722338065057038,0.3247122449235124
585.81,21.72,4.43,65.03,55.29,532.7321466482165,1440.0562868693514,1456.1608044455104,853.2204721665461,625.5743726316185,26.897788505953685,138.12340756000359,95.04930947058443,0.06667434621296361,0.003626083763859922,2.7459479530696185,0.6042830201091492
289.83,14.01,4.04,54.42,40.71,847.2252354883894,3268.3022107215215,2534.420273275066,916.5350273944181,747.3781239230855,33.474052895420364,98.44647449932643,104.52712454112293,0.06198363318145128,0.0037603863957765674,3.1051995008413886,0.5613047997325809
520.55,26.58,3.91,88.69,46.46,547.3174629141896,1174.1682538700088,1612.035959962861,681.9590680008881,704.1348922423828,25.725665656371614,162.55602504716873,122.73064563518372,0.05160341277538462,0.004262535627754252,2.7740890190989425,0.5422221858703165
416.76,14.28,2.54,68.57,55.94,1255.104399468255,5294.815485593198,2637.1341662016225,1117.6277078183432,1303.516605674777,23.130633889728273,99.01300652104742,84.03636485837352,0.07415734911487042,0.001903573026107433,2.5770466887377816,0.5686778267265217
672.0,25.14,3.68,82.02,58.44,519.9918671754364,1766.8398908391805,1258.7096052366905,838.0417758976304,1244.7114051050069,23.566196467488748,152.6340773502983,97.06659755543883,0.06367118598708096,0.003113882704862197,3.983596387088645,0.595208242677038
171.16,21.91,4.75,64.3,47.96,1472.0940576027117,761.3812714730948,1851.7716908395282,895.926453809756,67.87967697210004,14.114356862513985,137.22889222212856,112.33397558441555,0.05944703807082954,0.004817228849664193,1.818690567175994,0.32158550963224997
260.37,23.68,2.64,90.1,52.23,914.8450131143063,2563.498250784397,2277.241868863707,933.4381806586276,999.3551612876528,21.78606148728746,142.3425721816546,105.25324834519438,0.05955406432769831,0.00208561130994099,2.433903932019717,0.5367676575477669
315.69,18.33,2.93,57.69,59.17,911.7837762710815,3519.912338694798,2216.4267513843715,1092.9806131967011,1223.282079597699,24.175063239978535,117.45874803516153,85.13696095098948,0.07640366381424332,0.0024946241780187096,3.413723927824867,0.6106684538837793
336.87,19.86,4.87,59.29,54.47,1122.3422670667524,708.6529739408938,1438.0375795293407,922.7705730370144,70.65641370098346,15.291364517439185,127.32355378072982,94.10313523736146,0.06865115459561788,0.003885354302397071,1.5319164844158757,0.3707752759222365
196.62,14.94,4.16,67.31,58.93,1458.030652128221,1359.741860503113,2019.7153706271804,1222.3782746013242,77.06403232503152,19.868369244764036,102.29971638387482,86.75500835190819,0.07507539906481639,0.0032717774790065853,1.4010431622312003,0.33695657404788004
131.87,10.85,3.91,99.47,57.7,1109.0520496417928,6511.65509245986,3224.900041711476,1465.6415868147903,1108.2374277826418,37.41008956109026,83.28444814111299,87.85897484264987,0.07277953497355469,0.0022670617399873174,4.179641327683576,0.5561219279428432
531.93,25.76,3.63,99.6,42.51,606.7398224676897,1285.6239220391724,1794.4346061759727,647.3018564841367,775.829231430821,26.082757644739903,158.46191279469738,131.62996656556228,0.048084693507327636,0.0034009402172961818,2.811005663148492,0.5206986878386065
503.59,10.98,3.45,53.31,53.52,1102.5951837332975,6579.740006742516,2808.1804584996758,1117.5438194529384,1553.6321363214936,32.276569366028085,83.9598840510337,80.4461079329957,0.07925871448248951,0.001919839855790799,5.020064804580281,0.5642482629385599
133.96,25.25,4.83,63.22,41.63,1433.8161087463222,760.156278233569,2102.95468685739,733.3637760325125,75.69440357126601,17.1220863393508,153.86972603188258,138.41900485687114,0.049921914198432595,0.007034706843918528,1.7194037041108756,0.3107698070875378
684.54,17.6,2.04,64.75,51.71,1331.1417929676452,4263.370639180953,1581.9111541589652,960.388383037713,1038.4020053337815,13.569751200047635,114.69657172912319,90.3328437422511,0.06844066875686643,0.0025178801467863085,1.7097747557101353,0.3872148943045649
445.07,13.71,2.62,51.02,42.21,1265.0738493370081,5211.122178678314,3030.7929052593163,955.5947799549854,1310.3687465259725,25.70178600877148,95.95542881452117,96.83375990141221,0.06601820479958076,0.0016989482049667066,2.8773850646428447,0.5600881198562374
539.61,25.16,2.84,58.54,53.67,736.7781126450866,1967.2385546679936,1602.467794792423,822.8518732917618,975.3161336532091,19.373655951135063,152.7911686823559,100.03397507396222,0.06471472056945193,0.0032540305270397463,2.418560009556484,0.4639552475541204
523.66,17.3,3.18,74.79,47.79,846.5445549035833,3150.517774175744,2132.758016557054,902.3263783621645,1180.2076063472027,26.01456441575138,114.65004157706618,98.4680465420389,0.06291652242857282,0.0019186186656468705,3.586153354909598,0.5640943577774027
488.05,21.12,4.66,87.37,44.7,618.6051181238536,1013.4815360275165,1688.4769253904585,747.6511193269398,347.6662583063444,26.723476913410995,136.20398169335056,113.82421898995077,0.054038272151250344,0.0053741832129179335,1.662872305437512,0.5679253447261317
335.35,28.21,4.87,94.67,56.66,599.8488158329618,718.9377677500743,1385.0764625114211,801.0471529593754,143.7463147729074,21.43105042371819,166.99024399475456,108.17349981506885,0.05750862491795312,0.006721886929587062,1.238154470906066,0.5110057923256683
175.35,21.86,4.68,54.11,43.74,1458.5084505308514,785.8934002325923,1909.5029065028261,822.5386198611998,69.14819566289297,15.005428142277118,136.23733518448594,118.5289499628645,0.05750916480488264,0.005446489031885362,1.7701069085681809,0.3237501412363814
271.22,27.48,2.32,67.72,43.83,1027.4539166049003,2132.5358845009337,2578.896630377686,722.4410658929025,849.2239757831528,20.63199468712133,161.1660295040173,128.9258338863407,0.05136221576693439,0.0026393015189301685,1.981591522183695,0.40512831577687713
411.17,29.63,2.4,68.96,43.53,921.6403268477948,1578.835356415644,2288.747592708908,632.4593938514668,750.6994986412702,19.618582262188255,173.8820578587655,135.9058045298394,0.04879497734204434,0.0025366756055178715,1.8350100021436102,0.3542276140455897
197.97,25.08,4.53,94.45,52.42,1353.3816391295315,724.8845915121045,1599.5040492265946,884.2970814546512,63.047260485835324,13.019374814917864,151.71104138243774,112.38187018611244,0.057368845933873605,0.005074402361110274,1.8081839886466422,0.2962549405593139
403.56,10.56,3.91,65.81,55.92,1019.2733323406151,6205.040916676961,2791.616361079813,1165.9085799252234,1260.2096212043225,34.8748575416156,82.01012781890631,81.03525403994,0.07747904946277832,0.0016709130105633896,4.882390280218698,0.5535210492915978
662.05,11.6,3.1,75.83,58.02,1158.8753134883516,6536.745054288819,2459.527664588966,1129.1324292787767,1712.8540505611602,28.255101685846054,88.04156896494919,79.30830488467592,0.0766458744470084,0.002002059984750708,4.134258032267404,0.5470801768450435
228.66,17.9,3.46,50.21,42.73,840.5763699586819,2905.433673014068,2492.914639719515,902.1885558254477,1063.0737397360413,30.269819730421258,116.29987546561638,107.47591251745007,0.06199498877869124,0.0026265012671540925,3.731681410234532,0.5917443592493403
256.51,25.39,3.33,94.87,45.79,712.5462760225106,1764.6364553430749,2127.9284913969045,773.5353408542173,893.2513927395509,26.81492990535949,152.53349629747132,122.57983878453673,0.05217679664391194,0.0027752616099861933,3.0402129714555,0.5676017561462108
155.67,17.02,4.49,58.53,57.83,1692.8673934890896,981.4338951134263,1867.2656668038396,1205.2501328723495,69.70593714000574,14.577806895498242,113.0351055733829,91.02860682363955,0.0742876620010156,0.0033986910043975935,1.779474751709487,0.32267745653502816
570.85,19.97,2.93,89.63,56.65,807.2638519757205,2901.682840999177,1684.987777921314,945.8804539726269,1245.3947148109737,21.34904791039932,127.14748811151128,92.27174878677448,0.06605892753628893,0.0023973472401326804,3.0253910629981453,0.5777323404306035
627.69,22.97,2.2,69.35,57.9,1002.4301058524113,2879.615969862106,1202.7584060086147,919.6335876403548,979.3227658199417,12.676391607170876,140.19232388632278,91.60653566163698,0.06791016037932127,0.0031738921099094073,1.4957886453216325,0.333534127193058
109.48,28.51,3.16,86.68,43.88,919.6252178812496,2211.4979478663154,2855.000409876395,799.9611330177916,1148.4794404567904,32.471635391218705,167.93475925424696,142.68251885788098,0.047731942124363595,0.002659590744789463,3.037320190389642,0.5399100942182179
658.16,26.55,3.86,93.34,59.6,478.9854352934037,1527.67170974612,1203.9508515776633,819.400650356851,1168.090105243364,23.93809983275004,161.59420993109873,99.48063468998545,0.06183952649628702,0.0031750386805057713,3.9357791278816334,0.5878636564699765
111.74,29.43,2.87,78.49,44.17,1008.0413186571604,2343.493852832424,3027.005636599969,789.7108043521871,1155.7424656658395,30.693818520331305,172.15325698727955,143.5222550564661,0.04798652599005076,0.0025526579221912733,2.7015343991268925,0.5027662616214855
215.43,29.58,3.41,70.56,57.18,643.3408376222436,1671.38531120682,1890.5215546438492,895.1797215499173,886.462191773968,25.465018607347023,171.3662602861873,108.65124271633739,0.0612343869490494,0.0032580367782782055,3.137460285793881,0.5618942730668923
435.28,12.47,4.23,67.49,41.44,999.0223967403064,2541.7400006463286,2487.261234009676,920.79052416204,202.934584468063,30.89367921649418,91.93923799802381,101.29890557507171,0.06197229398763895,0.004595600879483133,1.490021955005,0.5406210767942004
447.73,23.75,2.13,70.52,45.89,1100.1376588916953,2618.7392016244416,2127.9312597408475,790.2288116471046,891.6193158342631,16.06532273696485,144.57413786738883,112.61057764850241,0.05630824027347402,0.0022486319124213694,2.008145137128113,0.37233105375374914
256.26,13.32,4.32,57.77,48.22,1525.6952107094585,1360.1559645266998,2122.4530498144723,1049.9650231520134,78.86652855858432,20.312721857758365,94.80636563287258,93.30309126387732,0.06951499275856936,0.0033490866593191204,1.4179888870047566,0.3579429686075901
109.13,14.66,4.91,64.61,48.57,1916.8918395405178,1038.6892605210899,2332.917822116042,1191.313947354183,77.82073963407643,16.45527593421279,102.74257184352982,103.0232651040432,0.06528165640594273,0.0032838886883951677,1.8123753189475325,0.3573058730352337
104.9,10.02,4.74,90.23,47.54,2076.530829673556,1621.3118145003052,2697.533692432528,1335.35289501708,86.56618687468288,22.016614741365427,80.09887748345314,99.12674693974832,0.06552776019098144,0.0025929157581632647,1.535719256180978,0.36757307174348747
113.09,27.24,2.84,90.14,49.6,994.4726389964458,2812.1395382467113,2881.4425011163185,981.8662445597389,1197.334357136492,28.916876580179885,160.33279091503528,123.46446093504579,0.05398493110362024,0.0026371379665477306,2.898455697234169,0.561675146016764
238.8,19.24,2.86,68.48,42.31,974.8494075702391,3133.735244769281,2678.902047521442,880.5889146258603,1144.3566654485446,26.42305447216134,121.98955796673359,112.89810876789171,0.05690052791404033,0.001629759882329476,3.101256857218455,0.5741625256711779
533.62,19.4,4.01,74.45,59.22,604.8227476662045,2225.359122729925,1610.3511374867762,955.0699526700455,1005.6804251980192,27.64138544894846,125.9872290551792,88.76860830930018,0.07013169104233895,0.0024978059069448223,3.9092990437127058,0.5924236039679341
374.21,29.4,2.87,90.49,44.5,756.4171366394563,1428.9914973291282,2100.400421559497,647.4417674335693,794.7090411164368,22.948930500662165,172.53186754018026,135.25882561124726,0.04795946484358118,0.002287321954712046,2.2468071672212337,0.42561763175150596
492.87,29.95,3.69,98.4,54.23,513.2272499570431,1199.5906392332747,1421.2785753631952,733.4861426966845,808.8993675288178,23.347539408164995,177.45601292754182,114.45353903567465,0.05489129667236101,0.00295619906150201,2.9852670281608784,0.5134633546015254
675.97,20.86,4.97,62.93,45.93,1111.6750578016424,667.1062769588922,1148.1919081308363,739.8561057493486,65.30377509339043,13.283216708663712,138.82238164938622,108.74468038236627,0.058381813761654966,0.005102559794855501,1.6689530517199054,0.3178902987155812
245.45,19.49,3.28,77.05,43.79,829.9862633632752,2727.580378944694,2411.7699388859837,879.954767430472,1081.8640557827646,28.372899798066918,123.54722160351893,111.8261565641993,0.05700811033456613,0.00215079575750402,3.5911610588593543,0.5730730808496828
503.95,28.07,4.38,61.86,57.67,464.6647556138374,1047.3207021144083,1304.3864548807805,786.0153081639147,542.4441809054919,24.480283006997663,167.698137958076,101.2846765654353,0.06465662439033548,0.00488888921786011,2.437462337592004,0.5926929459656888
312.45,18.75,3.48,86.71,57.75,748.1944450594841,2957.5572419504524,2027.7093220646211,1046.0061364165967,1139.7876327975441,27.215944885187227,120.15125913394874,91.49916804804784,0.06818528669398291,0.0020499375662509046,4.067172044463014,0.5842188929822729
541.61,27.78,3.81,69.49,52.84,512.9762555135522,1273.0629679813756,1403.9866539763962,741.1520450551678,841.1889076868338,23.977072535218372,169.35189963976498,109.69392012376193,0.058480983046590954,0.003252889690022459,3.1004571399558514,0.5385133485412521
499.8,12.15,2.18,53.15,54.99,1679.0915500040758,7200.9811844552405,2864.916869158444,1155.0447913717253,1285.9580385625418,20.4990642431641,88.99586059967008,78.96806314568248,0.08060455078080285,0.002183340860884459,2.249796461399393,0.5725435779987621
178.64,24.88,4.01,61.76,58.74,1264.5039274770613,957.5910197294271,1626.4292240209188,1030.5449087426161,64.50613666410075,15.624155117265168,149.86562232990246,99.51550318276485,0.06806620462514032,0.004857020116580403,1.5538641342734942,0.2733473926241873
588.1,17.36,4.5,57.33,46.15,654.0572732645724,1699.882629061209,1825.1686966286927,833.8724461262742,506.5181947158399,29.367332167882285,117.80549547051305,99.84158904191264,0.0636723071565663,0.004459942376868075,2.3100654421854325,0.5791523580931099
623.33,23.49,4.14,72.25,52.08,525.0609802520553,1427.7573568064513,1435.20094597903,788.7277343788303,792.3474864145626,26.07504741055541,148.44862263434263,103.24323079298625,0.06085388656900302,0.002702078591913231,3.150299869527279,0.5984150779203004
649.82,22.65,4.8,82.06,57.91,468.6608155730037,1323.77865012505,1307.9768567511394,845.8683004802018,512.0452578216788,27.43445830865428,143.78705965723915,95.77264866357542,0.06456572010182181,0.003965871247636284,2.3522053693489893,0.5965618472825553
354.65,22.27,3.74,81.85,43.85,653.3026740527464,1730.7722346398148,1949.977127105031,763.0443999582077,826.5856115466842,27.632502507042915,138.7551826215672,118.0106295757251,0.05378995101189057,0.003837187056482101,3.1603053829866554,0.5785518744156039
637.71,10.25,4.74,55.44,50.3,1223.8087936440825,2065.3725960589295,2251.7500147211213,1029.0591609595845,118.91351194309631,28.261118845793654,83.75101268384101,84.18243358018569,0.07508189433625395,0.002688462144413994,1.4084876451253667,0.5362060641910401
216.8,13.39,2.67,53.6,45.41,1324.5434056809263,6140.850127458176,3421.328034089393,1110.1774017339771,1470.8008405747178,28.31618646418152,93.62653126685038,94.916932925916,0.06878718123112056,0.0019198659097690886,3.39596606342259,0.5705604115060856
358.02,24.44,2.4,95.73,52.46,947.1852393479958,2532.2892089744037,2033.908127910621,880.688774734257,960.4701967317764,18.098603583738367,146.5974217610351,105.42560925875257,0.05897719437177769,0.0020767682404680497,1.9007248785017004,0.44774186939709365
378.75,13.53,3.4,94.26,55.44,957.4083152457367,4901.017909047645,2512.797454093026,1110.9838097260113,1403.8416459824412,30.154312246914028,95.47286674412742,86.86165159101783,0.07054243071162519,0.0016355397666111525,4.703745655771397,0.5518037019339042
698.48,25.48,4.53,70.74,42.71,511.5885091739295,921.0001255572649,1563.8844020070785,622.3102815334239,445.6752738192735,27.346981443593826,159.18665751146432,128.47577861657962,0.050233659312427424,0.007247051371443605,2.001843996868002,0.5606434427001896
394.97,22.83,4.95,56.27,54.93,646.7837814124084,938.4536242847555,1462.5200082152326,855.1249683806595,155.85394494587334,22.513299401571054,141.33362075026875,96.36393902558328,0.0676654943581938,0.006059125065509931,1.2438075894378662,0.58743360689532
633.8,10.94,4.81,61.7,41.69,1407.6533355750676,1485.893644162414,2113.278860047568,915.1644052478564,92.0359390677039,23.8991604060323,88.73274523272718,97.30210197847761,0.0641557583955282,0.0032516497109505056,1.4533632988851006,0.42503966874335736
143.45,28.15,4.86,63.7,49.52,1369.6586222016667,677.1284608241867,1900.2137873291306,816.3940017675784,69.12250414855916,14.71051767538321,166.75119109671596,124.2733137772775,0.055749340429341564,0.00571887884192731,1.800418211520417,0.29044364115074023
392.73,25.04,4.88,64.0,54.7,571.0752277044113,877.2150227460503,1434.371657106945,814.5085238791221,222.44747941170044,23.456184445305837,152.9807674661466,102.05389528435863,0.06333969413329711,0.006385918881213622,1.2589047134895517,0.5846124388780237
637.7,24.01,3.52,96.69,56.55,574.1456624646747,1877.1887837005206,1382.229529127102,841.9005474527437,1180.7614318303665,23.49832548657022,148.70381411724298,99.37717037746536,0.06149079797821379,0.002760765198296038,3.6665506654919082,0.5829391376897423
138.88,28.24,3.03,52.17,51.33,853.5743375248154,2287.414191451074,2514.011792490317,929.6536215721933,1102.313760180652,27.85628237550649,165.17607623296814,115.76141620488747,0.06150163565072313,0.0041184432677475735,3.0828874065002676,0.5547086791890155
542.82,25.58,2.27,79.98,46.4,965.5219564308,2132.063692056226,1863.8449899786747,741.0621990197583,854.7088286082964,16.06557524602928,154.7727142214176,116.66665589067938,0.05387776887580143,0.002416532186551489,1.8011832016698328,0.35184421861158016
454.02,17.13,4.94,92.5,57.02,685.3497075794354,1318.7270400527054,1689.8790967740924,967.6134836139678,251.25667922158652,27.046446468883364,114.21684260632877,90.21752969641904,0.0670846532539077,0.004370715835456054,1.3243296625734435,0.5671129946027236
638.72,13.1,3.04,86.12,41.77,1097.492534616824,4895.971764727384,2688.7947192045995,920.0477599182442,1387.4994369590793,28.38176632818794,95.06173305616208,100.61789222006628,0.06051399900440184,0.0014929355312415951,3.7236390377518447,0.5293411293835117
432.09,20.08,2.53,72.89,56.59,977.3402488130615,3234.8361981090698,1941.5791459328864,989.9719122994373,1118.1484701304846,19.07289297458919,126.55631659605417,91.13535706519518,0.06851845671796168,0.0023647635759379165,2.2254483832007512,0.5311272219696135
565.84,25.53,2.38,86.12,58.8,859.7648130129294,2344.1081490778242,1275.629253916518,885.7930256198593,991.4542864812485,14.001783297381936,152.74372275666374,96.68892642330763,0.06371238652210463,0.003032074704624134,1.5315237953248968,0.3525738119465281
579.43,17.16,3.42,55.52,54.85,771.4724370287315,3175.2376546960572,1894.7481311517013,968.1860443082123,1261.9524711088775,26.507560657186545,114.18082747086979,86.4567735202036,0.07385932284796425,0.0026134960985254216,4.05121505574584,0.5946063838745002
658.99,24.11,2.98,60.59,45.1,728.7962886709461,1789.5768888585144,1735.0044954993823,714.7878591329319,943.3137310186431,21.444293074575953,151.5990493945374,114.43909597030839,0.05624742476129119,0.0027602667858651697,2.5061466581519376,0.46831267723393394
217.86,10.3,4.76,73.82,46.34,1922.0475669942657,1412.5942416455998,2368.8438871024105,1113.4557457803417,81.08859744625623,19.82558117987161,81.15515829344695,94.86014015279633,0.06696689696325576,0.0026552472011150694,1.5685873799441885,0.38451938437422145
515.34,10.27,4.13,68.94,55.52,985.6365207670347,5656.223747213763,2666.4364093727186,1128.7845461378142,1160.4748509172398,35.321271995275545,81.33978822270318,80.85965464878701,0.07631843426595966,0.0018695234434876265,4.623199273914642,0.544725763159327
104.62,29.89,3.39,90.67,50.86,830.4932415789897,2157.206615376864,2601.4766060810684,935.1754009912878,1107.5537382698597,32.420701345180234,174.38844601515203,129.3450300447748,0.05246748434359673,0.0034953381774001104,3.2744523937840135,0.5800759268538526
249.95,25.09,3.53,93.68,47.62,674.5721809579633,1719.8858838119008,2034.0659388477038,804.2349934148493,861.1976619156607,27.370076890948862,152.21763751455978,118.63186550685036,0.05387672630884022,0.0034667376624843717,3.120585308495523,0.5935352613481243
581.32,24.73,4.58,63.63,51.83,506.09017952813304,1026.4084523240526,1402.5953396080317,758.5588512605763,452.2948887877559,25.58565590341438,153.73260778087723,105.21301978078328,0.06118270668798143,0.005429372197484561,2.099102338592108,0.6127770027287662
531.01,21.43,3.12,88.55,55.19,727.9084972218778,2425.4610785007717,1671.72671671034,901.3048318195189,1156.9859824291968,22.545144468422997,135.39430888178603,96.49238901669683,0.06364617322380896,0.0024321281337784887,3.2254270444112416,0.5842428168968942
408.88,26.52,3.88,95.8,40.22,612.4140376454224,1080.7673327836167,1944.265802261679,602.9017623167741,647.3576363088355,28.336327797258274,161.42940316407788,142.64659883458089,0.04542319805449922,0.005152140152043932,2.5350079203856226,0.519162478819898
677.68,21.72,4.46,54.11,40.97,562.9973621690813,1217.2895224668418,1687.3094146715675,674.0028176157053,496.051630734703,28.537633336577333,139.90312060231406,119.52537629852627,0.054583152662017555,0.006307423113679008,2.1805957225972254,0.5898673700262149
200.55,14.18,3.73,81.83,40.78,925.7000234976366,3842.63569878025,2776.6385080896043,973.8766841137436,1086.9200117600526,33.93325856970899,99.15732755960396,108.84406266673828,0.0582593825358309,0.0028892579484464274,4.037603911504994,0.547480551947394
490.14,13.08,2.82,61.24,47.83,1197.4600310355577,5410.436385447604,2822.067294971418,1024.3777136478673,1365.8384239157417,26.88456522348993,93.76050012674172,89.9074731920984,0.06959470401651213,0.00172076925153508,3.3399590574014373,0.5551958985572786
354.47,28.08,2.93,82.46,48.28,728.7055425980797,1649.8690818705786,1949.7418027773492,736.5247927242623,875.1948182185398,22.260330459013936,165.5433168950135,120.65189065487091,0.05326234242252482,0.0024550291227315936,2.5274392632278393,0.46612547295748274
277.79,17.98,4.02,86.69,47.38,719.5563094046836,2367.617565931369,2126.317674575778,924.1380545998406,584.3978649884331,30.139974460470174,117.47648548117745,104.32105644123511,0.060323412911444343,0.004410017321461853,2.4632748617871756,0.5687698284310485
474.35,13.77,2.09,63.52,47.36,1604.50842586146,6074.858265330665,2909.436607874614,1034.8734955810032,1181.367081175304,19.531520541325325,96.23152417043232,90.8979773058821,0.06851918335483799,0.0017648896554461723,2.361714202705517,0.5547158532020966
516.59,18.76,3.4,53.53,54.78,732.4806218825873,2791.4176151679685,1822.8331789558074,945.6016555677735,1195.7362348866577,25.543933875075346,121.88805062726529,88.35302277691721,0.07313993308442839,0.002798616011341389,3.867943291521678,0.6063954297572021
553.51,12.63,2.29,51.77,58.34,1531.7910080642664,6557.842901977992,2476.8675074931452,1155.7117443003265,1327.0680323396805,20.05340668432959,92.45950418427077,76.10154358575751,0.08398731556904876,0.002500270876229508,2.012327483164408,0.5835870740434406
148.85,21.45,4.24,59.37,55.93,1515.5144773038023,945.8481592757732,1822.045061683563,1096.713066411724,67.20306824278147,15.2024633321512,134.03348491842505,99.28821394965546,0.0686473729677701,0.0042649570156725715,1.704136331403027,0.2946299730427811
444.61,17.13,4.04,97.12,48.26,701.2653097795959,2327.6143994248137,2000.0283864004641,900.6377891976983,776.0934453096846,29.570008709669306,113.81458015168529,100.39782903725906,0.06108329713391399,0.0032378610060819803,3.2675833945838098,0.5568227682945375
397.73,20.3,4.95,51.11,57.53,960.4946367629866,840.2181928390129,1354.626432764524,929.6819267910395,77.4101526436995,16.73441494653473,129.02107496575198,88.39479707385796,0.07473538900923801,0.005279062605858014,1.3849666620021062,0.4136599919662547
601.03,29.82,3.29,76.67,53.39,563.0131907091725,1309.9275684676072,1376.3967369738111,718.4389908249249,902.4198296103546,20.96206805847675,177.50915447596935,112.95045470660872,0.05644855280770187,0.0034182728540259823,2.723007281199556,0.4497611425237179
113.63,15.92,2.63,77.82,43.17,1359.7483656714846,5446.854370031998,3705.7304662174256,1161.7338257535573,1469.2925356791156,30.22306106558457,105.86748591379325,109.60832156909926,0.059406630141085,0.0015735490281835085,3.134827714863303,0.5675517099102516
368.4,15.73,3.24,99.07,46.22,912.078680958029,3790.6974207140893,2463.829492943394,953.813121857516,1262.8433217864745,28.350502863581905,105.73582260728173,100.46757540714978,0.061216763371568166,0.001489592017765603,4.067174901218418,0.5487091726347487
355.62,24.55,2.68,59.18,55.84,828.3656240962434,2373.035440857615,1885.4247270063365,914.9298218673041,1015.9336351225484,19.631816241172,147.12951757789236,96.84453667354668,0.06748015962984542,0.0029542145742366428,2.4477047635911156,0.49614208410214145
413.82,24.71,4.02,71.27,45.75,575.1856913586927,1290.693429753869,1727.3356594006957,722.6261593680291,644.7368588394152,26.72574014281181,150.33798211624483,118.21498052684079,0.05449031080983001,0.005055752935442734,2.6951787667097618,0.5947892013506794
257.41,29.06,3.62,73.61,45.4,633.5472349046981,1284.9573862300697,2008.9820104643495,681.1808265264773,761.846593400971,27.783212923758768,170.482885559241,132.52074371841582,0.050263453491866936,0.004510937681922644,2.8003552192808265,0.5221402211435748
609.73,10.63,3.71,93.2,58.22,1035.2802079013313,6685.510612203696,2583.09990036192,1140.8073917995996,1716.281489253846,33.39198371308648,83.83459434989204,80.445112990077,0.0750102040618949,0.001751430372299288,5.602565926598666,0.5360081743499718
387.64,15.51,2.35,86.24,46.58,1303.5014244188906,4875.535603189916,2846.8729541625835,993.8977602977869,1218.2894422456766,21.956511611808054,103.86270239561307,97.47842174596724,0.06302331084534266,0.001480528451646114,2.1612458305188023,0.5495509093543851
387.1,26.4,4.8,68.57,55.92,549.6188450417915,872.9060255519679,1418.9353779656863,808.6240774652972,235.39265694147645,23.56092122947195,159.2241024778839,103.41215885617642,0.062369967709149716,0.006495219824694569,1.2626893621313522,0.5793103474844308
544.61,26.42,2.16,63.95,42.45,1041.088366461271,1961.8198848981494,2137.8903358145144,669.8680836613572,772.7548650080721,16.40679082644439,159.01521578799844,126.93281082129636,0.051264157618946135,0.002501820504646143,1.9362164735772602,0.32610413047202835
248.86,18.91,2.77,85.96,49.3,993.9958670880661,3460.2080912296315,2570.5523244166056,996.9978654738126,1186.2285576688903,24.795330820289863,119.9643558553229,101.50238641393061,0.06169745464655903,0.0015505386373228804,3.0778165609923187,0.5733940537936453
162.21,20.55,3.59,81.91,59.29,774.9923568780812,2770.39636322355,2287.421982910495,1178.5300985419017,977.7279567701243,29.953501412402264,128.9707266295309,95.66331831606493,0.06786977332404433,0.0030952649256725797,3.6094951221672034,0.6076768439885906
579.6,13.45,3.62,87.84,51.66,880.9066137611328,4480.763839604355,2279.486382290703,1013.8041518441713,1408.1038474823383,30.531010611522404,95.98575896643563,89.24939414018938,0.06811491971972182,0.0017256840312939443,4.8371699410309015,0.5441982229039768
655.15,14.86,2.62,68.54,43.24,1163.3362753733616,4514.534943048215,2521.844363896848,913.0455517021387,1252.4119733351865,23.41407495960355,101.36034155763092,98.77811126475932,0.062335093291208545,0.001720826640109182,2.624416330922561,0.5445581346488192
186.88,23.42,4.65,61.1,57.87,1406.9767750755516,722.0691864467548,1594.753857374166,1009.8260331237542,63.51265423113492,12.465441002767212,143.72863926011942,98.76999426355721,0.06840003209820625,0.004087389747347712,1.8509720637536848,0.3052093785209272
473.95,13.63,2.92,83.68,47.05,1115.7588608276324,5051.576629850214,2735.1571901777397,1001.0731394880152,1372.9675476208972,27.345248725921273,95.82610413223493,94.16030395384058,0.06505301507177452,0.0015092586270031043,3.6488828001384044,0.5419237989287734
613.71,23.73,2.84,99.03,53.86,747.8918073168829,2147.786288462483,1540.8056542589088,838.2716003338073,1048.7926252833977,19.37000517326044,146.54663096445995,101.95161063235986,0.0598944047840001,0.0025556311491725845,2.4678900772994674,0.4766770732506594
427.66,14.37,4.26,89.0,40.42,1014.5404565061284,1746.3075650345113,2229.190537888799,858.6804029368511,129.67221999015604,27.180185820205352,101.97066683429694,108.45503227471217,0.05723831626230139,0.00433398073756097,1.4453320166243473,0.5392256643672614
291.24,24.48,4.14,75.63,42.58,610.3386769134486,1262.5021417979112,1945.9084957455066,703.1956664435147,521.3920622345344,29.200939202622827,149.2169429680283,127.84216720360509,0.05098880779348771,0.006595201651569555,2.226734633154114,0.5905649101885132
443.16,17.17,4.32,92.39,42.82,709.8905984128718,1580.5050317536673,2035.7026674586596,816.6845260076174,459.22616023607236,30.2465078134735,118.62705570171866,108.99114085187092,0.05551332890863779,0.005593746170678009,2.0152498866435167,0.5488343408122142
323.9,13.39,3.6,84.84,41.54,946.2344544706403,4227.657199204724,2731.198884108413,950.086248537729,1188.308836895437,32.54046933840229,94.86268651650762,103.83501479926875,0.059849614909963066,0.0020736613204167496,4.354056706589371,0.5374503578684307
198.56,18.55,4.45,77.64,47.31,1529.4990781836646,919.5927445554526,1825.8843872986033,945.6611017329252,68.22949050093966,15.018153982626115,120.38039238612623,107.0276486015896,0.060129298486994213,0.004421629482184456,1.7222790659203726,0.3154379897194352
490.94,25.84,4.56,50.04,43.63,550.5477088735521,859.8942814641266,1630.1223020140997,644.6572353041616,392.68199062000355,26.436208323314208,158.8917582791682,122.87927556346224,0.055150485563225125,0.007327012521761687,1.8323381976358744,0.548516847985044
429.91,21.78,3.17,69.52,44.15,753.2990849881469,2134.796298769392,2038.324325105191,777.4612239778118,996.2614629850151,24.889593310578505,136.3910626679012,113.57912127697745,0.05599966562011602,0.0020876029416451287,3.104087545135042,0.5815737486891547
699.16,26.07,2.09,72.61,48.09,1010.460297758283,2211.417846937692,1379.627264466055,743.4905484100776,838.0948675529287,12.409298575333688,157.90314032661766,112.42432838784501,0.055872643134050534,0.002916997882284755,1.6021560142869256,0.27170577648510885
507.6,27.43,2.17,56.19,42.39,1035.219627613031,1842.1116244685322,2226.5158316312463,649.8277016127115,762.1158132424468,16.904587449170066,165.5285656275122,129.60672476970308,0.05156549630504292,0.0028913707279177706,1.9562308314695591,0.3184403577283438
182.82,11.77,3.0,79.31,59.27,1292.882143757112,7393.53483081656,3405.4015445401146,1398.1788801175169,1632.069388067012,31.694395774680448,86.60892733326578,83.3110329341216,0.07656660729846133,0.0017526187107090416,4.504107375920191,0.5654630337107093
284.53,22.75,4.87,70.73,50.35,1271.9701182913386,648.5480187579284,1483.7798895977733,836.2932239211348,63.3127816810056,12.465807255583163,140.6791976961998,107.71812198824426,0.06021593259819371,0.004425611342729619,1.8041567419983453,0.3050046346951071
529.87,26.59,3.68,73.57,45.92,572.6074778335064,1277.1342718877838,1650.1629608445392,678.7540172511278,790.4877855129864,25.1620537938842,163.08050797746216,122.37299217430716,0.052493710767280564,0.00326863050284421,2.8891086404749786,0.5235478494891583
382.63,24.67,2.41,93.57,50.84,936.6911552034203,2418.4597644066225,2003.4371004993875,845.0882970537372,958.458677944189,18.033611961579762,149.10872996663844,108.43351652601456,0.05746077273960605,0.002182638221694682,1.8669074175690674,0.4282816421623128
108.65,25.63,4.87,97.87,51.59,1553.4507887002972,767.5287193201053,2078.172785766008,978.3303426060535,72.80874744601265,15.161766454015012,155.46796829351803,120.73001828968209,0.05523774389711853,0.0049123870403714786,1.842246121262635,0.30465519477175357
225.47,20.94,4.32,51.86,46.72,1367.5666826099798,885.6862199736119,1747.4197859478834,867.387850974199,66.85333067470049,15.49432489685435,131.95784084692548,107.82658180843572,0.06264892390361318,0.005098354286977944,1.6414773877940347,0.3041604670237085
120.11,17.5,2.04,73.97,56.52,1682.389322866368,6184.68724348745,3767.215029682917,1427.3281663317691,1290.307390007893,23.005682899199893,113.36250005467419,94.0638810961813,0.07008763858360648,0.0022118514553678944,2.675248891669721,0.6003104257939383
322.56,14.33,4.02,82.63,41.33,824.5279372828381,3211.16337087311,2447.895125004877,907.4659067405087,754.4221430904973,32.76802689011679,99.86174897473919,106.59569714464648,0.05871449140098161,0.0037037768739301177,3.1260252692468087,0.5435393248469662
578.21,19.47,4.91,63.18,40.47,656.156535696913,963.4638935675209,1748.8658872985684,707.8181301618106,299.56979009402187,27.2287348506507,129.47264962052114,116.94463523324649,0.053817370865295824,0.0057060076632670445,1.4735359117044085,0.56890105539765
691.83,19.19,2.49,71.6,41.1,1046.0016815245276,2835.2866058339123,2187.694768795702,777.7667214470798,988.9119913271469,20.261983963062477,126.37030131265819,112.51885715121028,0.05516753184855725,0.0019821448824856184,1.8987719409838535,0.48640331870040804
264.74,12.73,3.76,97.14,56.59,940.4019099495646,4900.065384680695,2651.0576219378486,1192.9948926619397,1174.8380232061916,33.100417335930665,91.6786552973312,86.63434896909887,0.0715014796452863,0.0020794968325919734,4.53683923821844,0.5532691993490993
212.47,26.17,2.8,99.96,41.5,903.5912606525931,2007.2430836753012,2608.55154401263,718.7376383659488,947.543209794686,25.955835453974533,155.55226482602075,136.68655145326736,0.04749028514142039,0.0016911458426137817,2.462558192748284,0.49043402395831986
339.69,28.84,4.93,90.55,55.11,722.9904909407767,615.7919332742831,1355.7552891096873,768.9763413039725,89.42302755010492,18.239130456947706,169.26047885570983,111.24591907852304,0.056197873397594154,0.006790805605684994,1.2382586781139415,0.42553299510986825
313.21,14.97,4.76,96.03,46.16,1592.7573697056353,927.9993552254443,1784.5421654168679,935.3173902327386,70.62807241602738,14.892892396746968,103.73372892828758,102.03744698894626,0.061054690928824346,0.0035222663653477096,1.732568989085828,0.35470239230485245
198.19,10.34,3.22,59.98,44.29,1323.1202475802552,8182.100728803379,3664.0261414388665,1176.129279782564,1649.5274780673494,34.67129755498859,79.35026022053795,94.14109632739088,0.06847577214664927,0.0017514463637443454,4.982885048130413,0.5463748957171569
336.16,28.5,2.13,70.53,48.66,1047.3526032657987,2149.317664850219,2238.155509621142,766.1172272148815,802.4838617630527,16.56721596398365,165.2282487887493,117.88973208361497,0.05505169640114413,0.0024487018239101157,2.0379212737231924,0.35304529459621387
249.4,11.48,3.88,75.43,46.81,1005.3671116741095,5317.416862992954,2915.1991972317114,1101.9643812217653,1038.7871161321043,35.19403872810855,86.00738651224049,94.15457733970739,0.06693691929598876,0.0024301759624443973,4.093761635559919,0.5441821152098577
375.24,22.42,2.38,79.72,59.19,985.5103120462545,2969.525138873451,1866.6834957382669,998.22119793681,1032.4896673269268,17.184842368033614,137.54996771521223,92.56074668290512,0.06749818049201313,0.0024372126657541825,1.8520866453122686,0.46322127379012185
113.82,14.63,2.42,68.0,42.85,1559.4777375634071,6560.187889020997,4083.637943051115,1210.1646577071003,1509.542739634267,29.172132976522093,99.16058540979911,106.39165257510173,0.061617115828932575,0.0016328584312130538,2.7039584878312986,0.5666112410608136
646.5,14.38,4.86,56.58,59.23,936.8936236981241,1363.1264711596668,1552.0249242112268,1015.0367377988969,98.71396137353754,24.192560051174617,103.24634944314045,80.2034999651823,0.07932129291575324,0.003020075382072328,1.3130457367254815,0.4539278363747229
468.39,24.45,4.34,91.13,45.71,565.4262158694709,1051.467759312665,1649.7381470417213,708.1591703005491,481.5416753926873,26.541993540538105,151.61212308089668,119.8282856737193,0.05238980064486942,0.005540212832215219,2.16310652216766,0.5829707535206362
366.63,25.36,4.04,60.44,49.48,563.44946735622,1315.3753078766022,1690.95107196391,770.6737370342819,617.571364523737,26.49654773610874,153.45660186690142,110.49776882082362,0.05959121180022466,0.005292826023944271,2.641168752709717,0.6079019176940925
209.34,13.4,3.58,77.28,47.56,980.8439256738642,4688.603332171681,2836.637352283335,1104.98120485522,1245.9766840011528,33.19515715574458,94.87586075764555,96.49234083564502,0.06564348602068339,0.0021171655357663135,4.5019312796071365,0.5557293379994939
590.66,25.6,4.23,53.53,40.42,565.0883484594143,955.3527998684627,1755.6655696137898,598.7258663647566,545.5867998714793,27.859239350472627,159.2841173486257,133.1396815295776,0.05054634664594734,0.006378557007189576,2.311725849394982,0.5331870846492328
331.13,23.96,2.81,89.07,41.98,854.6727471964259,2054.3222315219728,2307.6823584519084,730.5614721696605,945.4214376742581,23.667221208234565,146.30593397871834,126.4239881549458,0.050350881994260174,0.0017891577944371658,2.4967327578088105,0.4971924496143322
460.05,15.67,4.7,83.65,53.51,714.1437009308567,1728.126072641246,1879.3413799457928,968.5117179877509,350.9161166856425,29.25201161910311,106.93298773847047,90.97522267678637,0.06672328090956257,0.004435698791688116,1.7152320562696906,0.558958801226021
352.09,29.17,4.43,69.97,52.41,516.2121904368851,914.8057075707525,1515.054587093419,733.667604719784,396.341088593981,25.117620376160556,173.52670114875417,115.33313924220869,0.056864739734610426,0.006989582130885818,1.856989321026378,0.5526505279801097
511.66,19.1,3.3,80.46,58.96,736.4334304573766,2925.8192438787546,1739.9185608125622,987.9360106604888,1289.4763678459933,24.562229022487887,122.80002519563968,88.48833792703891,0.06967825957523974,0.0024154442066645363,3.91185388007234,0.5846190734202984
648.69,27.09,4.52,80.0,55.06,437.64007536901414,1070.4468291594733,1247.7508988924578,750.8516750377999,609.9430470407481,25.466897368208667,164.7309997924557,106.08511427919846,0.059249642471077814,0.004264910893100738,2.680025105088919,0.6092304978970435
641.79,28.28,2.56,99.41,52.17,757.6951742821807,1736.2874439115535,1385.9234745997235,743.55305329536,905.4676038705126,16.10193523701582,170.01007357269017,112.96529750813272,0.05467702112840764,0.002939853610430596,1.735407647459244,0.3474801082256954
661.52,15.42,4.5,55.82,46.81,684.0608949281512,2298.8102566146326,1913.2471348664508,874.4512306213581,524.6104898319788,31.328948348882466,108.65799173072404,95.46345508373663,0.06644389044221508,0.003985444761649907,2.328606341170266,0.572289174371425
371.07,17.62,4.36,87.12,54.39,676.6952980811024,1828.503095538718,1879.830689474018,974.1283088996922,470.02459397612455,28.89306861975431,115.09502725551029,93.16456931993577,0.06559757873807985,0.004054009192926628,2.1885735538930113,0.5688692709295988
265.64,20.22,2.09,59.63,51.62,1289.9452011575402,4001.7579078310687,2621.326525510432,1019.7380937518975,1039.7774570428282,18.150911136197365,125.79823552252763,96.5333078729136,0.06736799286472532,0.0026377317914094154,2.2700881765049408,0.4952655849812345
524.48,10.96,4.74,70.59,55.28,926.6583379465962,2764.110587440672,2319.9274183578245,1082.5416307440034,279.11191133107536,32.916092689352716,85.18048568476136,81.8415834258181,0.07406400841343122,0.005351908080456311,1.4794270307921993,0.5433576271579061
411.42,21.83,4.13,87.6,45.75,614.0726467626099,1426.00709492699,1805.2289490982648,772.4449166352879,607.7074290647373,27.716391193147775,139.06470237929085,113.84112001815,0.05503720189965122,0.004658056685163527,2.593699506694276,0.5775170815193384
400.71,19.09,4.48,78.41,48.89,665.8990681506602,1328.7064061484407,1792.6199902098585,864.5094812234623,282.87030869750726,27.318380338400672,122.46498432398587,101.33090729366165,0.060469541387208385,0.006045060102899145,1.3556103527977346,0.5687953338311812
304.61,12.13,2.16,90.7,44.14,1752.638110576192,7696.843487836086,3823.9409377284464,1095.14652675415,1335.5670987198744,24.0122334487935,87.47862325488174,95.9754859866622,0.06421033024321825,0.001574571125420681,2.6649860391551927,0.5323240468972636
405.51,26.68,3.2,78.45,45.45,676.7802989956507,1541.5948402864567,1899.1353419177542,702.1738094935886,863.9726513816072,24.02183179319604,160.2466928534311,123.63633237605177,0.052069538338613705,0.0023697090357290046,2.7691501231663995,0.49767334115139433
313.54,10.46,3.53,53.89,53.11,1148.842210532011,7231.371077278501,3126.1481585743613,1194.3369151661093,1504.459802626426,34.218146529850074,80.43235908999081,81.97137042533431,0.07891973572992447,0.0017828695783209752,5.249416900709784,0.5649025189838826
107.41,11.49,4.96,71.97,58.94,2136.8707718539663,1235.3351347040666,2409.039366185795,1487.691945883791,80.25317224104809,17.140222492852384,87.88947376034187,89.41377882824037,0.07500755960209705,0.0024158985607961292,1.7850093947908012,0.3706125315566812
418.09,21.62,3.79,84.45,50.72,620.0149601643716,1932.5681124995394,1756.1229656867104,852.7003198826383,882.0037496023725,26.506782819308945,134.5653723958585,103.65030938654759,0.06031684901936727,0.003133393388446283,3.462617087250924,0.5835139476783519
546.12,14.15,2.58,91.69,46.64,1239.3609783377317,4975.216207063536,2681.2041205352184,982.9150793333679,1257.9680106958883,23.90423956685923,98.7119619668811,95.0660254616295,0.06377965664186934,0.0015961776725163218,2.574020461950705,0.5387406525379663
566.89,11.13,4.41,77.26,43.4,910.2602776961238,3910.3724275351483,2563.570462046094,952.0912752077786,570.4850794701333,35.1195557504967,87.00352628506853,96.73187083451266,0.06369279433516345,0.0031130717541314897,2.491023475322712,0.5301506468659625
322.17,29.85,3.44,67.23,48.09,619.4446239628833,1278.4653954296919,1864.2624731302908,692.9668116675736,776.3658435848286,25.38119180232351,175.05865150978693,125.20494627750709,0.05317036180585226,0.0033892999793560313,2.7595998454339266,0.49741891357015466
202.39,16.62,3.6,99.55,55.67,840.2944898189718,3517.577734859289,2428.490076990891,1152.3638788021724,1085.199423372744,30.782332954695185,109.96319385365571,93.48866498848281,0.06714845157512163,0.0025392523264023232,4.057477128093564,0.5735148829333535
247.26,22.74,2.01,86.5,54.16,1265.2833944788417,3671.629428894862,2407.8121798200686,1018.4868148573885,998.2846565324714,16.47274582606676,137.68657183242553,100.75247288187245,0.06267911779527402,0.00239163290530949,2.233763927984458,0.42764388574945716
398.54,25.74,3.48,93.0,55.63,598.2259806246516,1719.4098179385433,1612.077622698095,847.1622965223788,949.5425322210821,23.820372748583665,154.67949789359128,104.30740140136861,0.06001016252446355,0.002593691208758164,3.341849271689973,0.5773321123237737
236.49,24.57,2.2,81.18,56.61,1108.0318592909393,3122.751993873077,2333.090407409814,1016.0042836191657,988.4971645542372,18.03638495168439,146.72517062103367,100.55838251485349,0.06353305160951135,0.002635917881428516,2.0529391182019827,0.4505463438751855
678.49,19.41,4.3,67.46,52.99,561.5615954841536,1961.6860281764202,1544.8981687006467,864.7919875572503,906.0219337782944,28.704901083740573,127.84555221047714,94.50834582440895,0.0660113961642816,0.0025081457439587915,3.672006414630463,0.5863330801058638
634.5,18.87,4.81,67.87,53.04,1043.6667609581687,811.5490040915219,1159.7864496564803,867.5941692466846,67.88488526010863,15.697920923450228,124.87200750339085,94.38737208103423,0.0663510592168937,0.003974194458664934,1.4798600014767747,0.32328296810381735
534.41,29.69,3.46,92.83,52.28,547.6627152846876,1261.5666348889004,1450.4722038279199,712.7604420233322,860.1858728808762,22.475925676557544,176.17849408003718,116.74249321328368,0.053992817263953906,0.0029759896591951417,2.875449041529861,0.47978223114765634
638.84,21.66,4.41,86.41,41.63,591.4811066718041,1146.4353419314407,1710.0898377964766,685.022359888029,511.89157690112074,27.761635403217298,140.72571583317153,122.26933323605765,0.05113986215554272,0.005360119663312196,2.2364616432944127,0.5680166195192238
469.64,29.26,4.03,70.97,55.84,487.65103082168326,1104.3255993617015,1398.7826679251682,756.0347603975034,671.9164005732337,24.36071539803745,175.69238818501358,108.40102454427932,0.05972987281756105,0.00424079855064607,2.770856082032762,0.5503885594390884
650.8,23.63,3.7,88.42,53.16,561.8158305731018,1735.8921919805632,1458.363645680359,807.0794429900407,1041.0531134157136,24.825818866813297,147.1422058178639,102.91416993480115,0.05987369266350301,0.002598257556383533,3.6092108271675922,0.5880651898796656
695.57,22.27,3.08,96.97,54.1,697.7445252982466,2281.8814932141163,1461.397168737103,850.7361033071775,1208.9784651705904,21.322512659831567,140.78590745036888,99.0561252888764,0.06131695813597802,0.002670504185874429,3.0058911725382864,0.5339939113689827
587.18,28.76,4.69,94.61,41.48,559.6335720416939,613.0003371894351,1648.8011919827259,542.8343359315512,357.0071859764377,26.253248322404335,174.40191517264117,147.39750337235287,0.04409973061123005,0.0075395327563625115,1.6543491176349108,0.4675151253701472
624.07,10.55,2.16,66.18,44.98,1903.9036061480635,8537.42954384812,3407.9726431316103,1066.9585964742548,1336.4986109267174,22.615725142643843,82.003578085069,89.22041454939355,0.0688247249412032,0.0015863671077256858,2.4498324708412875,0.5299310848084647
359.62,20.36,3.04,83.18,52.52,808.5188069419437,2812.6944433126796,2053.3065745972563,942.2694302319707,1144.3058022413634,24.011834914886343,127.3804138649199,98.42569126945344,0.06339154037019165,0.0020392374506203645,3.404913219870805,0.58218914505204
615.05,15.41,3.72,65.36,58.77,756.3424898971318,3662.6479157655035,1882.6209590366523,1026.708180002912,1432.068805827992,29.08755195498742,107.52563240610873,82.46150103052668,0.07560257073096366,0.0024285435690684447,4.828246620914856,0.5809910942817367
299.55,11.01,3.76,54.43,53.12,1044.170224974592,6095.867138026607,2924.4064132097637,1174.0010592887454,1253.9041985079411,34.60519384511998,83.27796764871937,83.13393002924352,0.07798304963451357,0.0018238377145477144,4.791154228898785,0.568519962444528
492.28,21.31,3.03,94.28,50.59,771.1148655965361,2421.094289515896,1863.7758182559903,862.1752113097734,1075.2141828144559,22.894043523812563,134.10667592428388,102.77572988350383,0.059837445097462166,0.002127449035517187,3.052845731057041,0.5755301286371681
200.29,24.8,2.04,57.46,51.11,1261.4241581223116,3374.843369238619,2727.565000776641,968.3645667838588,990.3428160852023,18.24935620560364,147.35911017701065,106.06088919177954,0.06331234164265795,0.003058302287222219,2.315115528507108,0.4324461727603083
470.11,23.97,2.06,94.52,43.31,1146.7828342115135,2546.196002531642,2198.11371250607,745.2654934201981,858.3224672596231,15.779637104086849,146.37165698307732,121.03305743791925,0.05158851371462413,0.0019669675897042503,2.0600913590594416,0.34848562625945656
566.96,21.91,3.46,73.95,55.06,638.319875363505,2136.264186967478,1579.494285831227,875.8721329510341,1126.1844002400346,24.257743621973937,138.09050324892354,96.16228101490628,0.06485305324898906,0.002678368574437926,3.6273074628730337,0.5946616966641923
226.59,16.42,2.71,51.48,57.94,1112.9694865011993,4684.922878789654,2753.6396320219837,1203.6884276611559,1318.2656169625297,25.392608383181436,108.30492501867236,84.20665027169686,0.07969598592013799,0.002973063815112553,3.2250801155960276,0.6161482154271238
375.49,10.58,3.11,53.18,42.21,1298.811065008097,7247.023702210393,3451.0868111731734,1042.3221794042186,1544.0210643345247,32.55791022701042,81.25238695367011,93.51552965714654,0.06811839999705722,0.0014200499164913004,4.497626872544311,0.5434590647681896
354.3,22.97,2.88,51.3,45.16,826.9988158410863,2236.4456168484903,2196.913826393541,796.1560576943411,971.1805055884078,23.42870909040437,139.8384006878151,110.30398423967698,0.060314889055592014,0.002641991801824284,2.7422359962941294,0.548504317794487
255.64,27.93,4.87,84.18,49.05,1187.2853611811224,591.4496586040593,1537.0935234025128,730.0952217279757,62.97132084932655,12.967752517319422,165.93274077145452,123.11980409688819,0.053104077183496454,0.005900679894791059,1.7901470568804776,0.27568211724911573
431.42,17.17,2.57,96.03,40.69,1105.3418878737205,3661.9614406652,2675.3944841562584,850.2825348821068,1146.500101165291,23.350419446321087,112.8889339106015,111.18280378039512,0.05543045597009785,0.0014082848040439294,2.508019094200037,0.5452274155514536
685.73,18.28,3.53,67.05,45.05,727.6121890058212,2450.145100731717,1899.487713984765,814.6281601426855,1077.4916779582586,27.202556420227598,122.29286613853343,103.72640384626528,0.06014158920476353,0.0021232729449155237,3.5925730144588157,0.5684936569105282
326.53,12.95,3.6,68.27,59.72,943.2196525811205,5105.418018238538,2538.7443236512886,1191.253604485759,1344.3808087874113,31.612722764209078,92.66197576660946,81.07039995503507,0.0780288057732128,0.0018920802622693922,4.851803821316223,0.5725361138702257
160.5,10.64,4.17,87.32,51.88,1202.566148216818,3867.7401363878,3038.8072748609125,1289.9588074841627,232.64072069518298,33.935861894240986,82.0910536080821,91.0134118460307,0.06991160438744366,0.0027466653956196804,1.6119362774657024,0.5478795251812724
233.54,15.41,4.53,85.38,41.52,1602.3590902625128,1031.454562474172,1994.8031641517289,902.8317228742877,72.43669101054674,16.720801184604817,105.03482108935887,110.54513025098687,0.05724138847623467,0.004205501777693529,1.6531238730045477,0.33775855230199187
432.27,11.06,4.93,80.21,58.6,1296.5618526757303,1420.834106756741,2047.3979100237193,1129.0416091861305,96.32832771920789,24.357353167584964,85.52303132175868,81.28190009614977,0.07514571307259024,0.003215505743735912,1.394090992593269,0.47489656207260417
263.97,15.54,3.45,92.3,54.61,883.6181150614844,3934.951156266134,2457.4636563637446,1110.4508491325278,1215.269407376609,29.968380943875967,104.87457976870631,91.39701333502012,0.06810626913349824,0.001816194607645287,4.3178940759699485,0.5658131652493897
352.14,23.11,3.4,63.31,52.16,673.4308360769577,2041.5062637407425,1862.7151448016302,873.3365559561964,961.0055294787992,25.171951005029815,141.10373231135503,101.51390904913069,0.06373979803316246,0.0026450169418399737,3.3946102012420423,0.6091602477974849
287.62,12.24,2.01,67.93,54.22,1886.7076022825852,8080.5399837892755,3553.6685063385844,1248.9506122848172,1240.0423334599564,21.249542299236417,88.4235745582957,83.68566060593281,0.07533016268212706,0.0021174167252319934,2.70488747946815,0.5607824612533003
221.16,26.93,2.5,90.33,57.89,923.9129990346999,2595.780400972915,2210.5379289309008,989.228024418994,1002.2504696762363,20.391791936756675,157.5773638741843,103.95528168083172,0.0615009303389309,0.00280861317489705,2.215191454409867,0.48749057610693786
409.13,11.73,3.76,87.09,58.89,963.4552769719016,5630.155984135364,2580.196537976343,1168.8300513421188,1373.615870178846,33.0334853600908,87.39687242432433,81.70678710174573,0.0751537113966173,0.0016263207124753046,5.079027078686449,0.5491983044496112
553.98,10.93,2.65,99.36,57.53,1462.8061557127944,7664.842495036548,2939.8642332226846,1179.6938673817053,1546.4328708903286,26.144055627605184,83.89987069882407,80.75775975669634,0.07441961926974716,0.001716737020734872,2.9154164938519376,0.5338102908844997
464.23,19.05,4.18,77.58,55.85,614.4115514732086,2033.8508675884782,1700.6468808857694,939.9806761070962,743.4664757584711,28.024438170474035,122.93150560294936,92.48279950227912,0.06729844895845427,0.0033240172175297046,3.1891422515067482,0.5842186144573562
263.44,12.83,4.16,76.9,48.92,1212.088181610418,2047.0178591293138,2411.7005209884937,1073.9705571169036,113.69705927285288,26.771633042684062,92.43379821490875,93.72555096640214,0.06720542263842573,0.0033126285531447025,1.443452180474979,0.491838881603206
450.44,24.4,3.92,92.49,56.07,547.8446442023289,1560.8062650317922,1521.6202429399175,850.5122985999263,827.1593105319857,25.54485512772755,150.8819949211734,101.77654343314961,0.061069108009364166,0.002896746760734363,3.275480669961851,0.598304006123691
283.62,11.45,4.44,56.79,46.29,1582.575945801313,1545.9833019990167,2314.4633569649222,1052.4056843344842,85.00212200634358,22.380039600100563,86.304308046087,92.81376199802531,0.06948669376039468,0.0030040954759782915,1.4152591154968643,0.38842713893235
458.46,26.71,2.25,56.77,44.26,995.9477861919632,1980.646241265931,2172.196320838628,701.2358589847198,798.3894065612342,17.389818277580137,159.58252648952518,121.61341103505242,0.054352465380378356,0.0027680175497543803,1.9179222695638816,0.3559814878412166
621.85,24.43,2.49,90.84,42.22,910.7337521614701,1937.1314585941072,2003.8135468510436,687.7232707147148,854.5832362186517,18.962112060053002,152.31410703043596,125.54413396553163,0.04983025609713874,0.0021386599900765422,1.7433087379961818,0.39075700442880384
405.3,16.24,2.04,81.93,43.02,1479.2362756699772,4914.979506742823,2880.910029400155,934.2261421875347,1127.4052774215406,18.6243967900569,107.38403450462255,103.34923904710558,0.05967640469599918,0.0014839749944087987,2.4283747333450973,0.5387725343457425
101.69,23.57,4.5,74.61,47.45,1644.4186463410756,924.8526259800983,2170.5967096938125,973.7013036172074,74.89603490302969,16.801832540296466,145.4119719423012,122.81163210270155,0.055392140831362506,0.005323822661640723,1.756036670019602,0.3043664435339008
186.0,16.53,2.56,98.03,50.04,1227.5074423188753,4894.2901363005585,3119.2715030475633,1140.497063027939,1333.3246572181463,25.88123464513541,108.36624067492501,98.4244736785082,0.0638066678080203,0.0015952616327835189,2.925139140110002,0.5653309010034147
603.16,21.05,3.73,98.39,49.07,621.8883153681832,1934.3390188201797,1665.66299453812,810.7908843603635,996.566612592611,26.331785287467813,135.7164605128381,105.77916662935868,0.05791362682185413,0.0021806888837266145,3.5476438207129766,0.5709364783388217
619.8,28.38,3.76,88.34,58.35,482.8689936974317,1337.385200000086,1221.3552612265155,780.4702061522055,1027.100433302051,23.273969826166915,173.7048829581294,104.2510319316575,0.05966746189713562,0.0033835210199630586,3.427619777917696,0.5370662197531858
494.95,28.98,4.11,59.44,57.79,468.73771114976375,1139.5303136878329,1315.1846946291612,780.9137246662517,684.4951869091205,24.0159773984656,171.75451076556962,101.79655600298284,0.06490635871433825,0.003938538434698385,2.8597324547353185,0.57130121778647
307.86,29.6,2.97,64.22,42.15,771.1520053008264,1377.5019229425102,2287.5784866863696,612.7001884892297,799.3257962264133,25.37126442267265,173.34449999575816,142.3917013849042,0.04779040076507112,0.0026335052259006545,2.322975457089194,0.43333226824125454
186.45,29.34,2.22,82.06,53.6,1086.2133014122705,2671.202530740197,2558.194924632021,918.9245572001107,975.7835094427402,19.56624430799358,169.02774479004958,114.72958912377138,0.05710594122185589,0.0027727003684280896,2.076545023866493,0.41845429432517683
239.95,29.19,3.81,54.21,51.07,592.7575727671751,1308.9410407913372,1858.8286525264302,775.5680656697691,684.6335169409665,27.202178082543803,170.8050385651976,115.64348141180422,0.05983783983567875,0.005267090792901502,2.738766836219689,0.5647533023578555
526.68,24.12,2.34,66.98,59.16,919.9116987206082,2569.5477669596708,1411.1688330545455,922.629398801675,981.9346788857837,14.392531050044015,145.96154872316365,92.06595127703982,0.06861182141030624,0.00317222542724832,1.6051974617198355,0.37360605756018533
397.65,23.59,4.46,57.46,50.42,567.0823861487878,1164.3763782539802,1611.5340328916932,797.4696499159372,392.35626351908223,26.160670514815017,145.72378597352986,104.7095175454881,0.06262868114112326,0.006008636887052948,1.8667881715910624,0.6163012349852925
133.37,22.26,3.52,77.93,56.48,799.6399930762642,2675.298764179294,2399.705902587513,1157.531939596922,1030.0975015413678,30.638234602327234,137.43656667863627,102.32761156542757,0.06464485508493861,0.0031774643346396863,3.5713230405514453,0.6161474398826305
675.38,18.46,4.76,62.63,57.02,541.3591904669054,1846.4129095987191,1484.196463402311,907.4946596611961,587.7780892187252,29.444442525383952,123.87940545363348,88.19531211021318,0.07141486452735989,0.0034532145527893326,2.6215957799425005,0.596095893164932
161.17,29.12,3.17,76.25,42.31,825.0272965005616,1690.6281470612028,2592.2527982109013,682.708826303505,950.0565341521632,30.050523012128366,170.8003387465402,145.93668134554542,0.04669097940723212,0.0028135066187069766,2.743685733192683,0.4962695711056758
458.16,25.35,3.63,64.51,58.1,562.155662917427,1700.7739816927353,1479.5799488083885,865.029069562168,970.2047801490093,23.8420551059264,153.9070842253941,96.49187078136313,0.06678286907643764,0.003284469890404345,3.4874928635711964,0.5977677261859816
299.41,13.82,4.63,90.66,55.69,1616.5624043471182,1051.9358292506479,1736.4685245448482,1095.0760145781855,71.87886877975488,15.758195346008288,97.84400055433963,89.06904103538076,0.06998345017645466,0.002926951522441481,1.65361343849771,0.35222109106738386
576.06,22.43,4.21,51.5,55.08,534.4955441386327,1545.6782290716947,1472.6682642849744,845.6362735502694,735.7016897449903,26.528562025343014,141.249041331875,93.07883334382807,0.07069412399510275,0.0033390230254292043,3.083346501758822,0.6276086231810304
465.52,19.49,3.46,81.61,43.22,735.9947071977949,2293.363093497252,2068.5895064645883,798.6715079224621,997.0512982476143,27.249641277062935,125.50473337492811,111.75181351516154,0.05589168937937751,0.002148715390489098,3.4739226769520073,0.5641631245997369
628.42,24.64,4.47,95.89,59.97,450.11432042689034,1385.8903433617002,1249.4507722896874,843.7446864928737,832.5404708166224,26.56299303032336,152.34511926832963,96.94638516048876,0.06328526248329966,0.0028498837516431497,3.500375804254722,0.5991266716770755
227.34,24.92,2.96,52.98,42.53,843.7245961714437,2042.9000983318676,2439.833870571822,753.2471520092028,968.5922012453861,26.159006504921408,149.98295461543273,124.63020615829421,0.054691921373223984,0.0027127910576196933,2.747339399115664,0.5281544866001227
458.61,12.53,2.88,98.53,44.86,1213.259236925883,5830.4995669999,3009.771372559332,1010.3594436653591,1437.1583880192745,28.37905214916485,90.26835130162404,95.969815971837,0.06339669345852642,0.0013268373527157125,3.7198184760017527,0.5292485606651786
611.56,23.63,3.0,92.57,40.62,761.5339379360361,1737.500990892038,1974.7068992921536,667.1444874132718,911.3373261490411,23.285383530647124,149.1797550986104,129.43922869084557,0.04856694455965218,0.002080604696527659,2.5054444864672125,0.47284902729318534
521.98,15.16,2.83,96.17,53.47,1048.8633160088036,4412.294260597224,2296.0637150364687,1028.705992779189,1335.5467847192074,24.327085950740994,103.98505703306935,89.50671844580394,0.06763484315068309,0.0018370141615236509,3.1690125472748183,0.5520062195741108
295.9,26.6,3.19,64.01,57.25,674.5893445298157,1903.4142542196357,1809.202639833642,904.0852712169939,958.2378954445377,23.263805824625745,157.20499813034232,100.56200738058376,0.06537822729063965,0.0031812353174392113,3.1359986052424613,0.5605471401039993
180.06,17.2,3.58,98.02,43.13,862.618087788612,3125.4977562406225,2603.1199978135974,960.5335309685396,1066.657592675726,32.04136669055311,113.26213964473905,111.72270082764871,0.05671390845040095,0.0029636147879905897,3.8093497986475393,0.5598368204036817
481.67,20.97,2.36,92.13,57.4,1011.6711257224691,3183.876545282809,1724.2539932810394,972.5753321444931,1079.5643309092352,16.49089221360468,131.04325122612292,92.7905501817526,0.06584919388258247,0.0023732470467371118,1.7426701055792684,0.4509821343801342
306.89,11.06,2.51,67.8,58.0,1579.603345957852,8487.897886463228,3534.9504002639374,1289.1213691201554,1456.3621960425367,27.042710924524116,82.96693350848444,79.60438328182678,0.07936074306400233,0.002509028930637669,2.761639143098185,0.559784814016599
361.31,12.42,4.16,85.24,48.68,981.1719994188636,2976.662332701058,2493.15073707621,1035.424053412955,240.6620779970527,31.315199233325007,91.25919183107493,92.98944106277729,0.06665831367865628,0.004074292042898005,1.5296054896988507,0.5436092310703518
196.64,12.07,3.98,90.09,42.41,977.3827321978736,4632.6611451983845,2911.6289101332254,1054.1095089124592,960.203406363095,35.80885877447616,88.81171643161044,103.11167092336903,0.0610737190758064,0.0029977838902155913,3.8153547761238316,0.5376313062620092
629.1,22.79,3.26,71.05,59.15,643.0383414072528,2219.0215297893287,1393.9623004046584,897.9444614849518,1252.1836267279675,22.18775942307587,142.89742882516805,91.57942716308595,0.0681295434287124,0.0031251857423677336,3.3943113001264087,0.5715319904954415
384.43,22.87,2.86,51.34,59.96,790.1005714445513,2508.0695632600514,1778.6604594553382,978.4935525068856,1081.6314119758815,20.569152230964924,139.8621261498906,87.44058423639348,0.07628116474928565,0.003483016261018463,2.8177687037629133,0.5508308605631596
268.62,23.62,4.09,55.67,46.62,626.0232031870858,1398.032134033304,1932.4554640785186,795.3724276730696,562.9479085958886,28.544833707826584,144.18522302001534,112.72939165358488,0.05915573439826425,0.005566032079152302,2.4489751740862093,0.6138274189231563
601.53,14.14,4.63,88.51,57.09,914.3845656772446,1679.820947645805,1738.2951438466355,1015.036286352095,117.23457013881013,25.98266868881269,100.84924905888082,85.93209600108815,0.07088385808404185,0.003110695541136462,1.3733241114757477,0.5279621781226957
457.76,15.84,3.17,79.73,57.62,897.1829243557145,3989.069878684161,2153.2922815083484,1060.8760952985429,1356.074838729292,26.30546320120402,106.79313916846398,85.90686503113169,0.07175172606330595,0.0020352714570312223,4.004542793834044,0.5700459202415793
193.51,24.05,4.01,62.81,49.41,656.9853075118631,1573.813508486531,2042.1811769725527,880.8614046238168,602.6702304518058,29.50808791811137,145.8625536637806,111.3397080103135,0.059722896273990696,0.005435424889508328,2.51487569434184,0.6159876728919007
597.52,21.61,4.35,64.67,52.65,543.1096098734378,1475.0628179116738,1494.599871080735,827.8238436520941,653.4615784377224,26.82513285419704,137.62232310532687,98.20327259835015,0.06459280412450412,0.0037584413713551033,2.817871692107884,0.5998917419052087
510.36,24.71,2.36,52.54,43.27,965.4997269487268,2115.069000986253,2125.1400872910044,714.4948452724656,871.0344093979246,18.136954564217255,151.29010740021144,118.08620374449767,0.05595891604289505,0.0027694763156891652,1.8603513133411527,0.38482349115528947
318.98,18.14,2.38,97.01,53.14,1160.6243178874524,4043.9814850278217,2507.181228427435,1041.9648736820695,1168.7082594570672,20.52320764000524,116.09001614158991,94.6357605082221,0.06484807740777007,0.0016480686484681812,2.1715490554776107,0.5677609615855284
244.12,17.67,4.59,55.25,43.38,1519.2400665965588,885.4366820605458,1829.5134881123251,869.5475284823528,68.76578805434889,14.896318819269629,116.2195053213443,108.26301274843,0.06092593429529202,0.004512401244889947,1.7334854066128285,0.32841621618250344
432.79,17.29,4.69,57.03,41.9,1160.2823769123415,867.9530202133002,1728.8666739576413,799.164531677212,77.95400617146352,18.58087779414749,115.0525172615775,108.33795120512015,0.05917775855053963,0.004344267131110316,1.4023669980510738,0.38044140697442824
351.26,27.33,3.55,64.12,51.87,593.9896765131698,1486.9613644500807,1714.1845523083516,783.8258159727827,832.2594403135963,24.73339335212226,162.72281842129402,110.28493289306724,0.05958890230560095,0.0031749291153617687,3.0714201299371995,0.5542982271905894
101.08,14.65,3.79,67.21,44.07,1003.7548608794076,4205.669608165086,3065.4106751590307,1185.657263545807,1141.263422493067,37.063079858198726,101.38303116699082,108.39078395350238,0.06146916622671469,0.0031325084689097765,3.9427515943702347,0.57498698876729
628.21,19.19,4.5,94.21,42.68,625.8472576266663,1345.521782044403,1757.2182452988607,748.5209684317939,495.6248985675186,28.532872783632545,128.36811175938564,113.8847756002846,0.05395378671798263,0.00463503217603435,2.21716351455706,0.5568880764162197
162.68,29.25,2.37,66.36,54.11,1046.849285913146,2694.95894670367,2642.8299295576116,954.0159243035415,1048.4595496572158,21.734828951759106,169.0031457599684,113.07422168854481,0.05990461827941109,0.0033345304367810276,2.016748770507598,0.45679050479859307
128.0,18.2,3.72,77.87,57.37,849.5805627234332,3268.806920768822,2550.917836311943,1278.042212514599,953.6608029017063,32.81437300956663,117.9755833539198,96.01356025327438,0.06856976030739298,0.003367722701035981,3.5231275397616124,0.6023013545531247
351.8,14.12,2.19,99.93,56.48,1507.3056963723764,6102.374742950289,2858.285431132764,1172.7967740472843,1258.4984671420366,20.471225799850206,97.34647697074666,85.68773924065059,0.07105727552035551,0.0015893299958566543,2.2718647281547395,0.5530558405230567
132.13,27.37,3.73,68.8,48.11,725.9861443351615,1777.679840414455,2334.2907652899844,865.2650718717016,857.1423413602064,31.75995995009783,161.9116624797669,125.29400187005601,0.0544794105556872,0.004920879771311145,3.023323375544113,0.6085719010166959
276.58,28.87,3.95,92.08,52.42,561.2363054533143,1221.5981066688448,1731.4637544247212,780.9154483483684,615.6452581386665,26.54457945937522,169.55234143892213,116.99063407055584,0.054995568190849636,0.0054646820635755105,2.6027047771404814,0.5756582349460876
237.27,23.86,3.87,52.99,58.67,625.1112134734715,1846.7634992795147,1854.009949352974,991.2551978408245,677.8292494325993,27.443930035137203,144.56938993432055,94.04840346469798,0.07256190122553492,0.004447836960391306,2.837696189823142,0.6476734240545864
106.67,23.06,2.86,87.55,49.2,1059.7761737998464,3440.0579701000015,3035.307958363084,1100.457999371624,1325.2771608496696,29.89317043376236,140.6651618692518,115.69706726713372,0.05717788513593973,0.0021565678647287897,3.23862309486051,0.6034549391691659
371.45,28.3,3.4,84.82,44.38,638.6288834280365,1298.9157187933095,1920.8114845860816,652.1451160518437,787.0722114870371,25.57148250894694,167.80307609549138,132.5046998892856,0.04906112816953827,0.0031719407195944837,2.7365962874072487,0.49259862368731155
275.16,25.68,2.5,85.39,54.17,917.7025486125107,2317.057505737516,2147.787888512574,917.2757353326955,857.1016339272692,19.64530333218284,151.2636627974404,104.98762335522964,0.059877353354883485,0.002694013826665788,1.8788614599886637,0.47456186198419864
104.93,27.02,3.46,55.72,59.85,815.8319867956883,2462.6616616704896,2497.709685933161,1201.849623841387,1065.934578192785,31.67818999112794,160.69263348293822,105.24517783656995,0.06873919863397196,0.004611386264869827,3.4106755271852847,0.6537225253683635
380.71,15.62,3.17,95.14,48.46,930.4869881960682,3969.732078654141,2444.170189295411,984.3399213852193,1295.61387629888,27.71990548452145,105.27903532457258,96.9380946776598,0.06336972644925631,0.0015666549594877148,4.03832166722203,0.5518500121710137
542.69,11.77,3.43,64.98,52.94,1040.3552166098243,5925.204425991146,2616.3565232863534,1082.0579459364292,1575.4688627527169,31.163302759435826,88.18934652756637,83.67091585480324,0.07432841069542108,0.0018042432661260468,4.982234946238615,0.5530868498260837
387.33,29.76,4.99,56.14,44.38,649.0665958439508,457.75464566541103,1629.0150549477873,585.4417283275117,132.41208224464324,23.180248804792893,175.72706884447715,134.59920518703672,0.0502194200027039,0.008925063011029393,1.2495180083782846,0.4358215857207153
584.73,13.06,2.31,81.29,58.17,1477.4069676814847,6065.584827637362,2383.843820009817,1133.7147822590346,1262.575007407467,20.102794311222954,95.06111088011464,81.04132305874117,0.0748370148978556,0.0020617056832948188,1.9389221906488223,0.5533675016534135
185.61,14.26,3.85,96.15,51.59,893.7909238098674,4010.210142000794,2633.7787743185045,1159.5191502117618,939.5254314841721,33.49726958264118,98.95503540789801,95.15194873087684,0.06623145740186777,0.00303892265371297,3.7094414904864554,0.5599950498895364
272.59,24.59,3.85,90.71,59.82,593.6026783811732,1768.2866928978287,1717.8630025993377,966.4866353865528,763.8299916388913,26.40974133892325,148.28846593018326,98.62932094027217,0.06418055378353854,0.0038921042900245378,3.134467506635146,0.6099872370309692
361.81,16.85,4.62,53.05,52.76,1008.3695226418279,1078.3357030756238,1722.2748120472102,966.1302588672193,91.06668553835769,21.191116755337678,111.42034155076311,89.51435626512558,0.07159741881154552,0.005212566334501418,1.2886564630103372,0.44874236111758864
617.79,26.47,2.69,90.62,48.88,762.877236523825,1778.6075313998067,1599.825534264529,735.3761398136514,915.5186431421818,18.23451040472968,161.1979400079268,114.94122105737345,0.054107062379533465,0.002637721233408549,2.029814866432332,0.3968299385100383
248.55,22.23,2.38,56.15,48.26,1075.0405428475674,3153.3276595523516,2592.6167254662955,923.3888553689484,1038.2214948768083,21.08380828545211,135.2446746275805,104.91156835361014,0.06305778806754316,0.002743317083047675,2.0786444217307216,0.5269530556137193
416.05,20.99,4.55,59.23,42.44,829.869281601448,865.9906390498563,1721.470650565641,735.617286749345,103.5300418012774,22.29004482040573,132.93949590359736,115.17033611101276,0.055600904030315895,0.005731793625583692,1.320692213367687,0.4893531026386404
300.97,24.35,2.15,74.95,44.2,1144.7464384513928,2707.5881949239483,2579.965609012042,793.8037387730424,864.6457101812163,18.721609158350358,145.562415975682,119.16434787947234,0.0539007899267269,0.0024749502773020347,2.13622083046627,0.42059383087645996
471.47,19.52,3.37,58.85,50.81,735.9108405436898,2520.9473969857772,1919.7587560614527,892.8312126294828,1085.0711061230697,25.79459355023,126.57914303987339,96.1693026212424,0.06657334057092151,0.0024955133327821985,3.588748981973652,0.5962052914367335
674.9,28.42,2.97,71.43,48.5,655.1524119666497,1435.5785143073776,1490.3602057467238,683.9566431267504,889.418050283993,19.625990302128983,170.97250752257037,118.44819047199383,0.053977646492611955,0.003135625281522749,2.2916145852671375,0.4042824458775424
529.37,11.77,4.09,54.17,47.71,899.8192325523943,4369.756298438702,2503.3041977289226,1004.3428049640424,1017.8707136581772,33.96167675202674,88.77756150007659,88.33246472012522,0.0717922461295213,0.002224723427876949,4.118351183884713,0.5576530758614083
528.8,20.67,3.91,86.44,53.47,603.9154636062055,1958.2206127956842,1644.9425346063806,875.1073090564165,926.9181115793508,27.041359275778042,133.02334878355492,98.15809377537532,0.06275691554808405,0.0022399127429291047,3.5780830233403527,0.5812582611230027
589.17,12.41,3.17,67.48,53.81,1077.8781876615715,5732.836070405447,2515.9937311012895,1076.898842259265,1570.348534847278,28.70967444467695,90.88159722115239,83.31410653804632,0.07413315550949091,0.0018841860247072065,4.338327299394699,0.5535650656156357
451.32,16.73,4.31,57.54,45.76,702.4328683449138,1956.4619451646856,2010.1558844185622,867.6070138520838,566.8870671581777,30.126227496048916,113.2371743283336,99.88274150164145,0.06374764504087573,0.004112404887422738,2.5383098744121466,0.5759261795925483
506.56,29.82,4.71,88.69,50.32,494.1044530347721,703.6208284413,1393.4505877424544,660.9239220081699,339.9477471659785,24.182323521959024,177.81282361579798,122.71849874345429,0.05201356750543061,0.007162087865164229,1.6721938676669916,0.5185013060051656
428.14,27.41,2.42,60.01,53.18,856.7562549110625,2101.819652804983,1741.901926403175,814.7477816460985,925.6121048600926,16.437317724759346,161.07339075950767,104.74560419770012,0.062456582421692615,0.003240444903694914,1.784354584173987,0.382731198000639
391.94,27.84,2.52,88.23,49.39,846.1333508955629,1898.4379639928316,1966.9810567622883,761.1627850533312,864.9821999084733,18.774453199533742,162.92627147241507,117.04120005151405,0.05409594624310456,0.002331825806593087,1.9380770909424703,0.4084736357707567
244.65,16.73,3.32,78.09,49.03,888.455866857905,3577.6137405514805,2508.446388184658,1023.9857004465749,1198.2313279742045,29.2927264186709,110.34667643502829,98.68304050672687,0.06405115294823951,0.001831962614666454,4.061460630520108,0.5702410909193559
545.39,18.3,2.32,68.45,43.12,1167.3280399876123,3429.9216052314746,2400.5549646202285,846.2124402118195,1018.1884864867291,19.478593414414057,119.00968109416394,106.04998998315791,0.05881748324586289,0.001863919568625163,1.986676064448853,0.5109643059008961
445.41,29.0,4.18,90.75,49.22,511.5451480273651,959.9481873150252,1532.3663429234798,679.9307326107835,552.1869397581155,25.389900956075884,173.48284104020672,123.28209321905813,0.05180666024802905,0.005895400110055729,2.3821489671605613,0.5323649875431951
346.15,14.21,2.32,95.54,56.97,1405.1457135723756,5890.461488710745,2829.06723581615,1173.3595142760953,1316.5876092347125,21.687231569085885,97.72742691370784,85.34190384228879,0.07151857261821634,0.0015867505691745689,2.1747286301512876,0.5554106833340675
221.11,21.7,3.94,70.02,44.94,680.8445783825143,1835.4444750835703,2116.601045359911,838.4737708074629,691.8876860238166,30.038887523357023,135.35302758546004,115.50689605857323,0.05641818513862493,0.005085396264295564,2.7988723198911725,0.591154722884784
269.97,19.79,2.91,67.44,47.87,909.3026853007044,3041.539950750779,2417.828460620886,935.4905736156688,1143.4096312162176,25.19903042168192,124.84931441017453,103.43429903876142,0.061958262344709046,0.0019399231583501692,3.218729458633098,0.5866047796298977
675.18,25.24,3.51,87.77,55.86,553.3064024274069,1734.448585648277,1326.8850032058133,811.2516806868864,1149.485879296943,22.836666450564554,153.83700082216922,101.24335065639286,0.06088605219169754,0.002917576496039808,3.557562611673299,0.5583208896321105
342.07,20.22,4.9,59.89,52.08,1162.729866025677,680.6076748848288,1440.8486603501756,885.1172818042375,68.51421569536059,14.472626029983767,129.1112120973393,98.04069071177425,0.0660629489161308,0.004195364125193828,1.6024655804330243,0.36262657957700123
620.37,18.18,4.28,54.28,58.6,586.3926810580623,2336.237869049014,1583.1900720677288,951.290066014718,966.8518732897638,28.94784810562007,120.32194953148974,84.08217484062705,0.0767067401285941,0.002938511024724904,3.9398297867691148,0.6099387166819932
332.7,24.07,2.22,62.8,42.67,1108.2836229725508,2475.895835828202,2580.4560042956427,761.2937241970997,769.8179051450114,19.13344392493047,144.84765730904394,120.4311072120618,0.05405845073303623,0.0036090823759103077,2.1066144065782897,0.4207314794531205
692.32,20.36,2.87,92.36,43.96,837.8468058360935,2474.80712001101,1896.2743373495255,781.4550712359737,1071.5010927473427,21.968014918159266,130.30616551769145,111.05312882149224,0.05519394501907311,0.0020316966207015604,2.6306927524926427,0.5340271858958742
212.29,27.57,2.69,85.24,45.24,906.9481186856183,2006.6964377958543,2510.6087067634844,761.9771815587197,931.004134167872,24.041752438984187,162.1874485012459,128.79231877892622,0.050573456177461576,0.0018962461305519962,2.29265952792715,0.4690156332616825
400.24,21.68,2.48,77.99,47.06,977.4284277658203,2789.5981062484752,2207.520599626222,849.2242891074545,1029.802196433839,19.795107071413224,133.866447552729,107.51203698745985,0.05829926832417131,0.0019357758949459598,2.1300566628645003,0.4949134097881154
404.53,25.51,2.9,85.77,43.65,779.0528443229142,1759.2535226035704,2097.7028286644436,707.2198407227331,873.0607395466376,23.120802069746055,154.0618451654839,125.53048249735949,0.0507165690719775,0.002068635257211704,2.4728182520890245,0.48111295068729226
499.93,22.75,4.99,91.83,46.91,602.8019360940107,793.1598023936047,1534.4302213512647,736.536411856419,249.65056547708622,24.477467229488774,142.7962819705428,113.45584171744783,0.054328870410637164,0.005991926535651632,1.314101932379239,0.5755249465079081
523.63,22.36,3.84,63.91,42.54,622.9284800684698,1505.8701516398212,1849.2150668220106,708.887917111731,758.6219390054105,27.511286927589243,142.2682049795375,118.68217972809285,0.05426067796698983,0.003967840259317627,2.953895562175785,0.5872953932981018
295.8,16.68,3.91,59.72,56.16,745.865542188664,2906.6456116580857,2131.2212858608655,1061.130793956983,844.3800827331123,30.165571331649854,111.53162086326425,88.11940711075792,0.07364365468242148,0.003253878135529932,3.472454180000266,0.598400973146469
441.45,23.34,3.98,58.44,42.59,602.7510681386271,1362.9441572803034,1828.9159850401868,699.7220989145003,675.72214283105,27.59834318169328,144.45546980011434,120.28560311851372,0.05452957042738035,0.004944552055378689,2.7625385532769027,0.5966993960114926
441.17,12.56,2.78,98.43,52.46,1249.6172917828371,6110.095987109254,2869.7231053015707,1103.5855111525575,1493.6912721608628,26.748075842312385,91.27732208407208,87.62531764065216,0.06926490486719568,0.0015231607189982704,3.4567457620435436,0.5401125048183678
534.45,15.62,4.9,68.21,57.62,688.0050933081569,1690.701373256283,1744.7235252432192,989.3637230922633,321.1425507736837,28.939947260783946,107.97329040454765,85.31956631923035,0.07293500490872497,0.003867734504327149,1.5936603229227737,0.5783856584761499
209.09,18.79,3.94,63.89,43.88,742.2286407860819,2282.498581683304,2282.4713709923076,895.0284317040655,747.8165430066715,31.39317935043221,121.25134341768457,110.99210131126043,0.05883911159664689,0.004567333206245065,3.006621031954417,0.5834342726836756
607.95,20.72,2.08,90.08,47.06,1194.9180788925016,3116.4384793481113,1829.60185361774,842.5944325242978,926.3885509413303,14.606086922798319,131.54599744073045,105.36011130605635,0.058001143658354494,0.002155854504274122,1.8488835779016646,0.3647454587567201
340.7,10.16,2.53,89.97,44.68,1677.0309710924585,8898.408256482886,4018.5098383438653,1130.0355147775842,1418.5343831807586,28.972289721841673,78.05024228137101,92.30942108829204,0.06631133839137986,0.002055103237394978,2.7470856581891856,0.5208799507921471
192.76,21.27,3.66,58.47,52.92,729.6079521714206,2359.8017787387666,2186.9360941517452,1011.8660498609685,884.1423964827101,29.329872393065052,132.16901055126365,99.9913330938562,0.06688681296523916,0.0035879096372326614,3.3869682237044776,0.6188192283956514
251.86,22.93,4.24,99.26,58.73,1104.054358715628,874.091302921217,1460.3954148519122,984.0584715363382,66.60506768426035,15.911486534010931,140.95421294230397,98.88361587984072,0.06372796697250235,0.004080520887103905,1.4592525453677108,0.304357197676094
549.37,13.79,4.99,78.62,49.91,782.7868869735277,1660.0916739821143,1976.6281968641338,943.3787843912828,275.931709757948,30.152367619103195,100.42851998014739,91.91065413855803,0.0657337285697498,0.0051284422099285585,1.3824369081192993,0.5476195224100401
630.51,15.6,3.41,72.22,47.56,837.2796159304152,3571.6513877858297,2126.555533888689,919.4851668091222,1296.200460567538,27.999415916105786,106.2112226669234,95.45830996752782,0.06455855907931002,0.001899276417072097,4.174911766405946,0.5551257507965572
195.02,29.77,4.64,89.1,53.67,1257.358507609214,640.3714703787626,1574.109062347979,811.2716001259988,62.11388144323201,12.83501596404692,173.95069514800193,119.32464451925257,0.055121997349197906,0.0056526080848455906,1.8158198874000526,0.271271302591648
311.77,21.61,3.93,86.11,45.34,655.9154393491277,1536.4176435579132,1963.0814360309632,804.8198371601894,620.5947382544365,28.317507656391662,134.9582178365428,113.80424000135707,0.05494095536175344,0.004333150522435029,2.5385720712795408,0.5746323402726272
200.44,28.3,3.21,71.22,42.79,769.2155783694857,1615.7875112455083,2383.281048228637,686.4335477439205,905.3762276987502,28.343233013808405,166.1820568582394,138.89709755798722,0.0485620041901399,0.002840536817651679,2.7775482326749112,0.5025196316914557
298.21,25.76,3.05,98.53,53.21,726.2747738844315,2008.3941880630077,1938.5992645099707,868.7021201409723,972.34741373184,23.225322646781986,153.18922150855227,108.42891325929362,0.05800461724065706,0.0022471192878621904,2.991924210327438,0.5485138906519313
662.13,28.13,2.71,89.73,56.3,686.5989643711786,1807.7445836587294,1221.5655687599517,789.9360148995296,1026.6742858961566,16.30458632819596,167.09680048638793,104.72639404951383,0.05906932449050968,0.0032637910099662286,2.035334073275603,0.3779752651610414
296.53,18.48,3.19,78.4,56.56,833.9053234949583,3287.9758239404173,2189.041820377466,1057.7675716339554,1212.8051962496045,26.227144225219927,118.41933245419784,91.49082054080222,0.0687514673757336,0.002038436660780067,3.88474306631358,0.5863383354779523
315.06,25.14,4.68,66.19,40.58,1178.0640913493853,677.8593149553523,1700.6928397409806,634.3844845372795,68.61001015064262,15.71498334951182,153.53615479389492,135.85074470769283,0.04902064448140873,0.007652231610950359,1.638825655157208,0.3062256196473276
221.19,17.75,2.62,50.27,58.5,1102.5820207018899,4327.8752058191,2683.492789157561,1192.4794830774463,1248.8629549666812,24.118803376432798,114.49997771777205,84.88849341896014,0.07974342475906407,0.0032060117643720855,2.9121614687230237,0.6263621940115909
462.03,10.1,4.39,61.13,50.25,1008.8443150890889,4031.0033269718015,2712.3018489949163,1078.4918712762044,446.74302029511733,35.32544640633105,81.39377780444062,84.87076261951901,0.07307784367679944,0.003360855365364151,1.9198982683992496,0.5435205928691256
112.91,16.14,4.81,96.64,59.9,1852.7771602100274,979.1847184750866,2135.7153792713216,1364.0521019451587,74.49081833973977,15.110397406801528,109.86584338944368,94.73660278076491,0.06902177581759929,0.003033529668099253,1.8486620983653133,0.34855191678053743
651.7,21.72,3.05,76.58,41.26,774.5703138692344,1999.1436018178238,1961.7753314088031,712.1528718403068,974.6174264464546,23.70922538739428,139.62770329695533,120.30042772569416,0.0521294622793363,0.0020513899687147736,2.7090912030439322,0.520480991818588
450.09,13.21,3.32,92.15,58.58,984.9557664744949,5196.770977552484,2439.1269311212286,1130.6618294055058,1500.304933674731,29.39471915726576,94.55352781897626,83.10533664397477,0.0733441158556348,0.001780097195919382,4.660942425621532,0.552997005582285
218.17,27.32,3.02,69.04,41.57,819.5178905797804,1727.1747674447702,2462.4510194404306,681.987112959049,912.3023073544377,27.18025477946558,161.58234766260205,138.48837804014784,0.04852979087593273,0.0022778047737706344,2.619696213067028,0.4900411142559532
218.84,19.13,2.85,58.03,49.83,974.7589699228517,3499.1497109701954,2609.2938641065107,1021.3407687000337,1099.9581180800049,25.958236418179194,121.05412013026563,98.81717824297046,0.06657651519259243,0.0031462726537499807,3.024242231999001,0.6008625594967206
439.86,17.49,4.64,63.98,45.14,803.6320720778716,1158.9412907434391,1849.6042737058817,836.9416849256392,144.14130504009793,25.66919585197332,115.96122048168263,102.72540571080208,0.06029831034698971,0.006195618504662474,1.337689407369407,0.565550653081145
641.43,21.97,3.52,87.54,49.39,630.4990898895502,1970.6360003768636,1620.6104462838834,801.9764567707726,1060.9070245733003,24.79449427346339,138.53747919690957,105.3363113561542,0.05848779881907878,0.0023344528419576758,3.515000777804888,0.5767968135717452
660.02,14.48,3.98,50.93,54.29,751.1214085874637,3580.03091895507,1968.7653426061543,989.5751889248692,1243.2927273506411,30.993775163338793,103.41035225054334,82.91861219642686,0.07741769048322951,0.0025487783141442265,4.612390222564509,0.589209264736876
534.52,21.43,4.78,75.57,51.91,569.4523631459552,1103.6460387545415,1507.3399719375536,820.3725179367925,343.27516741571543,26.087366130038394,136.98222217200015,101.15944292864026,0.06178628838906279,0.005306699091670302,1.6939948216085143,0.5893085451660196
479.41,17.4,3.56,87.0,40.7,778.470621982847,2575.5160601691236,2221.6037209293004,803.5863944411711,1013.5593341034322,29.04443151690486,116.72909288946884,112.80988557812613,0.05502131017999195,0.0023352962721514318,3.6124092593593784,0.5509729286419384
282.14,23.65,2.48,81.61,44.24,992.8539886368574,2552.510144757681,2507.2659250708493,805.178163328332,909.4141082665911,21.71735932120332,142.5149963102544,118.85117672223224,0.053733901406115316,0.002774233910581952,1.9971707297316608,0.4917422179918017
522.14,16.82,4.26,50.78,45.91,684.1066363556512,2088.756054625179,1950.590809886259,858.0238193489353,648.4240037356249,30.058199822976434,114.17432826607508,97.97312205916867,0.06603429648600503,0.004018157044766968,2.8205880343664202,0.585873845042217
641.76,24.19,3.13,84.62,54.07,656.2205560917138,1969.8372252504985,1442.9313099841543,820.8739819978839,1121.7060458084832,21.201040921118413,150.96917560741753,101.79965628285632,0.06052414245650432,0.0027940858022162,2.9568274774419527,0.5091616642679386
100.86,19.38,2.35,63.33,57.71,1428.929574338122,5280.304630035709,3614.0598628268763,1458.6553299345944,1393.322456396087,26.688215357077908,123.15138927900993,96.46832006233268,0.07118023648324993,0.002958114861779838,2.378834728180256,0.6267614950147222
513.31,16.13,3.08,76.18,40.77,940.2255360903679,3423.7010822256593,2461.7195428104997,844.8976017086504,1191.308921324277,27.127458130904134,109.27404234616466,108.20983121553094,0.0573370299056298,0.001560333188794233,3.468994411382526,0.5475036069208314
194.67,24.55,4.75,99.38,54.1,1357.9760713822498,684.399631391182,1590.404040955279,917.3533859991527,63.566483547624635,12.494838126101937,149.35649197734614,109.39080074149507,0.058682653841664476,0.004615442576987911,1.852421106364832,0.29217061917768183
482.54,28.02,2.08,94.87,59.58,963.6166332002846,2370.5090825019547,1205.8868441998159,878.2818577065874,888.0506543618789,11.198864550880645,163.8892006860522,100.2610016202182,0.061617866242673756,0.003070973376674397,1.5730647777235276,0.2730410362894504
455.62,10.17,2.06,66.6,56.37,2072.687830380357,9814.318821807143,3421.996152974272,1249.4459006918096,1350.22720406573,21.514670079109045,78.94554588086102,78.02099392386216,0.0794997028603337,0.0017311437044130365,2.5562122497984894,0.546740891191942
192.45,14.77,4.48,60.02,49.05,1695.635007122755,1096.7114975724344,2008.040735874785,1069.1862972661754,72.67528539392812,16.560119758750005,102.24782664553635,96.50776576884951,0.06798150031586851,0.0035298471148683497,1.6705948199605647,0.3375277539424876
623.6,21.89,4.29,93.13,46.68,568.9039015400584,1309.1365458809266,1619.5083803483856,749.6401705638777,603.8330177219858,27.40424198452526,141.91288602591595,112.03235181044165,0.05514945544800286,0.004314584399664962,2.581800139018716,0.5739594310937907
365.63,23.61,2.19,98.1,46.9,1086.7705903352803,2728.6058354299516,2269.1676516742978,825.338925360218,939.9255071374566,17.28111326912068,143.44412236300025,113.05423654965605,0.055053501313778744,0.0018368297605489627,2.046391129081326,0.4087480760119496
329.49,29.49,4.46,51.09,58.4,1117.2110101652327,619.0796687706276,1116.1791802505995,814.1758016598784,55.13393355103252,10.435859793296625,172.6551323234574,101.11406907979801,0.06862890854539924,0.005570640647888542,1.823636622088713,0.24717763193355768
465.78,20.22,2.2,64.24,42.79,1177.5041655380269,3124.335685259876,2431.706009138079,815.8734554314636,959.0860489512933,18.273604630565845,127.55135212146888,110.3739474578937,0.05736779428543989,0.0019482916232470646,2.081075210877648,0.45072270832902306
241.11,17.68,3.65,79.47,43.16,803.3263119194993,2639.2292895769942,2407.3226431086828,900.2058116649201,934.6232907074963,30.76660078815732,115.64040295792745,110.0742122830899,0.05738826105276902,0.0030599792673694014,3.5021088865822123,0.5633287407077633
679.57,23.67,3.06,86.67,57.31,666.7217385608496,2181.3079536312894,1341.56455267149,864.6386532675725,1225.086442311259,20.363322754363065,145.9276333345463,96.29438537320169,0.0635319206480526,0.0029674042313056854,2.9509736000204145,0.5134141687804841
201.2,22.65,3.87,93.33,45.54,687.7947128999493,1812.0567690548394,2158.2543432481098,844.4805049181462,732.5981670822464,30.232199301551137,139.49663657616807,118.55923126959611,0.054096149295532574,0.004907650308827174,2.908076881557071,0.5842011579373737
216.85,27.62,3.53,89.68,56.28,642.3550933353546,1727.6308175219124,1905.6606556751422,912.881467325591,862.3043897117064,26.382509559610426,163.4391805830068,108.77368238860912,0.059347534728591854,0.0034351925156335976,3.1798394442515097,0.5970021193824628
475.66,10.32,3.49,64.85,46.8,1159.8326918138664,6873.57383557028,3093.633381964278,1063.9021398250266,1505.3536034123408,33.965702806221095,81.33954125897164,88.97152818033523,0.07000543717718502,0.001464978613782033,5.0007862043338935,0.5374316918601217
498.45,13.09,4.93,88.21,59.81,780.3382619930911,2076.8231156510133,1969.5044067867568,1074.5649303575105,326.5481397351567,30.955505319395115,95.07396002495015,82.33863795326714,0.07302568385766416,0.004538234238597032,1.5976980309991025,0.5515747373436041
392.68,15.66,2.65,79.42,47.08,1129.6737149449239,4443.953083199952,2685.2725003195037,982.3645562792277,1269.96479644242,24.277629671873825,104.75913339431933,97.01021857235145,0.0637402825766324,0.001549274406105072,2.9257874510744104,0.5543873760123678
568.87,29.99,2.29,66.29,59.14,817.7395453198147,1903.136508719972,1158.6871032049646,815.1170073835787,882.8535067671216,12.26752964829544,174.22103653616816,100.39653910448524,0.0640191279280742,0.003974916969332812,1.5052936640915318,0.2849335347650762
649.66,21.3,4.63,93.49,48.96,953.7933070687169,805.2839697240869,1220.6109976292341,779.8050030953234,68.55760091716651,16.474738543447597,136.95685423111993,106.79082959705927,0.05770110314410386,0.005004275618442703,1.4084160557557026,0.3173132858286091
285.38,24.91,3.28,67.66,40.29,743.2822534273022,1663.2555202158499,2247.186088691517,680.2709065520215,881.9749274208979,27.439718359668692,150.5068317666701,133.53152319163925,0.04947022821994305,0.002740759821514907,2.853792324475388,0.5317780341965171
243.49,25.63,2.25,70.81,54.89,1054.6846483074387,2842.3927697406025,2309.7880762430323,959.2794134891776,964.291788242661,18.342623118031145,151.87940689123099,103.41312008307575,0.06284362828656863,0.0029328238660720064,2.0122854519696918,0.4426998463754349
477.67,22.83,4.11,58.67,50.41,564.3387010917886,1480.913456113509,1616.1696464650197,802.8001941675363,676.3568474226814,26.658832178283607,143.40051398087817,103.03960052442214,0.0629844052156325,0.004325388131933611,2.8516970916099944,0.6102829950846016
512.03,29.32,4.39,98.9,51.41,483.67444324666343,866.5253713045875,1403.7674279584635,691.5778908358776,468.940320034936,24.619184194726483,173.14656736171298,119.00756264987224,0.05304940889905552,0.005979903829171451,2.1549454622950504,0.5431446065313724
472.73,23.9,4.54,87.32,40.65,619.5662290125802,702.3850546637809,1758.1506883441878,641.6234714368775,232.27199902171122,26.749500708403914,147.86285277318046,130.40530587800828,0.04778255280944995,0.0069416104718060465,1.330165782574191,0.550658916384385
639.87,22.69,2.88,81.22,54.65,746.7783623463572,2366.040661848962,1492.013931373265,864.9221367672127,1144.9901449735785,19.77347183092465,140.70431249483764,97.5356137451431,0.0630990081175673,0.0027344692737380424,2.638539722354708,0.5021186335320048
239.22,19.31,2.74,68.6,56.02,985.0176430432589,3674.3623968743113,2455.243826132884,1095.0620063027914,1135.134022811513,24.03597818706868,122.07584905446602,92.64192973440377,0.06953569637683572,0.0031675024648832404,2.8845226733923512,0.6000648363173001
173.8,29.0,5.0,81.06,42.76,1254.3697261217403,637.6217020791186,1953.3896741721833,631.1869274790952,74.32350876448817,16.82889382279374,172.0534926193009,147.60143771347862,0.04614614697693905,0.008342394048587245,1.6885066723802389,0.28969481881496517
512.21,26.89,3.44,99.37,41.31,641.2349583776374,1226.6106089555033,1914.3087012517447,612.052605831198,760.5710599867699,25.99759510888026,163.470554435608,139.08529069784913,0.04608461392294957,0.003018624595100345,2.6212379294212087,0.4825017706286673
627.6,29.98,2.83,94.52,51.48,664.4263694211587,1435.6893362518888,1423.8047206031285,699.1287023059003,880.3525366919183,18.028974557927043,178.83106632244338,118.02437222534947,0.05313415688969397,0.003081062034306735,2.1043888679151244,0.3746865624167006
280.36,17.36,4.89,68.49,43.17,1500.7672798068463,802.6853080373364,1801.6914764649764,844.6502115840949,69.37246603696747,14.303606889826497,116.39277025415419,110.2080118207823,0.0583158121388576,0.004360853397712074,1.7843343930742925,0.35192313537400133
339.62,17.3,4.28,98.84,58.77,685.6715154260005,2093.8694366388,1909.7167489832873,1045.1256204785077,562.9084475084993,29.37275180268574,113.94038746852648,89.50372274710173,0.06819188243497185,0.0035534314066354065,2.5571386047735314,0.5713947614847964
294.58,17.56,2.53,99.95,48.48,1130.7738195309887,3881.55158511278,2713.964038627963,997.5134653249216,1125.2950037059761,23.16275660357487,113.85070858845087,99.89151743168298,0.06138855833842388,0.001973138737804943,2.436190831160808,0.5589149666971662
185.87,23.93,2.98,96.72,56.93,840.1413049971751,2676.747039289888,2291.5808124901932,1058.1395128421063,1118.202694457651,25.31606300354034,143.71520674905415,102.21269281684009,0.062337743526951386,0.002047804318824552,3.2785766546686785,0.6045111025760379
145.76,29.1,4.25,81.66,51.98,1356.033197219472,822.6676353321466,1803.0618637847958,861.6725105208197,66.68086448365258,15.448049077951879,170.7760778994638,122.45416566696859,0.05480946271875142,0.006145717693393623,1.6895366193495973,0.279470634002365
675.17,13.09,4.81,67.49,45.94,1321.2506789370168,1158.426405175185,1666.1395355521843,906.488461044272,80.14135637825008,19.779739037786605,98.81777085735585,95.20374990158003,0.06514499128669575,0.0034805563900120015,1.4069666880071403,0.37268337970139187
444.12,12.79,2.99,52.49,53.73,1139.372205708268,5669.252558382392,2733.840390283485,1105.3317292515192,1451.1527107512388,27.949474693015013,91.64492702675021,81.82780967217549,0.0784217316178254,0.002028240154010748,3.9182430632294385,0.5764296227475594
277.08,11.88,4.44,95.64,51.06,1604.3697044041487,1438.840605618631,2168.153889083548,1107.8005336853478,80.75835541419033,20.836969073609527,87.99156792157048,91.40682295851514,0.06796477122732868,0.0028738168103524943,1.4323051201794281,0.37357451260584906
379.71,24.86,2.38,70.41,55.9,931.5063079634484,2524.4215508304173,1858.8699585485876,911.4529880259213,959.5922867891197,16.947922925144432,148.2827942637249,98.6890896218327,0.06448301902849272,0.002654380627810893,1.806235000075292,0.42858894774730827
506.82,29.84,2.82,99.32,51.53,687.0440457431857,1507.7980929584899,1596.1142728724335,722.2922336471353,858.5150336961016,18.992708403076247,173.9976400128071,117.78212145379696,0.053342976144638225,0.002767343124593006,2.2195473548839035,0.4039470759546974
230.41,14.43,3.75,69.22,56.77,874.3161272127052,4103.574811102248,2496.6804617447297,1183.3826414127627,1067.203009699474,32.0288559721658,99.63182731361273,87.01276408084455,0.0737119902051859,0.002541269759574038,4.14631113990451,0.5801886658127213
408.33,27.67,3.59,61.44,56.14,555.8846238221624,1488.3821403279726,1527.1441458395677,816.8688230638681,864.7262867724645,23.549793669325286,163.84339399223637,102.51317182193056,0.06409921655540637,0.003514269160775995,3.194383593346017,0.5595657041475691
113.73,24.81,3.12,64.15,41.23,957.5210532620459,2520.262225983519,2930.826113635524,831.3824730955238,1180.0554412910656,32.19637678822508,149.59545909454962,136.15102361344105,0.050497221704691814,0.0024221581516632455,3.140469688885879,0.5813290114741808
530.36,24.15,3.5,85.4,48.56,614.6116486617474,1683.8355377825712,1656.1211003971569,764.4908784462046,943.2832859309094,24.455157701102188,148.72229637451892,111.46519335110229,0.056078691313377574,0.0023649533092062604,3.2288112419006136,0.5668404166646269
363.66,21.14,2.56,97.34,50.91,958.6520339717681,2980.233541271322,2179.9269715218393,921.8009152674329,1077.5229717550544,20.508425158484183,130.62598406069617,102.09750347745629,0.06046658683143941,0.0018453174593596711,2.3881475711189393,0.5421280706305552
633.51,18.99,4.8,66.73,50.81,1092.8479919666656,792.2625072073289,1192.2373685756415,839.0125018190719,67.6445430616192,15.222311960762648,127.77630945196981,97.63725649282412,0.06431539425249004,0.004297487407661291,1.531402570769479,0.3213365174453566
212.42,23.09,2.15,87.24,48.74,1223.0527846894615,3385.346188968818,2781.0171802039044,949.5882063398914,1005.1839670559642,19.71489185667305,139.32689452330766,110.01707995412234,0.057869111929028307,0.0020387164719622253,2.2366529723870605,0.4793760952555505
150.52,24.32,3.17,57.2,44.48,859.9803140594124,2314.1621668672415,2589.584554984073,858.6347478243304,1065.0552777172502,29.509921026702802,147.59911099948744,122.49670553016745,0.05587454773810581,0.0027595526530320687,3.1626734352902033,0.5948887549058642
162.7,29.74,3.77,66.43,53.1,648.5438087806814,1520.25429953034,2061.3014345756683,864.417587398217,747.403267759879,29.204031985744816,172.99907319117517,118.088571867478,0.05788180364667313,0.005199470602907371,2.832527955081948,0.5869277584325482
478.17,20.22,2.83,74.23,58.98,841.8811551588527,3002.2153687795276,1757.9056006633984,990.4187154055404,1203.648586499043,20.738383193645003,127.16270988363614,88.92940305888013,0.0699728605316076,0.002514977735355449,2.877104210444676,0.5820494160531414
515.47,10.02,3.17,94.31,40.93,1315.701522190399,7565.727431270357,3422.634836890431,1007.5424269576881,1588.3383567459257,33.03562699638194,79.6350052745335,97.60289318157264,0.062424146688447285,0.001177276822559296,4.554816809816045,0.5136789094835013
421.42,21.58,4.79,72.02,40.16,1150.0484073293956,681.7888655465947,1583.702570733287,680.1020199538049,69.98809320163957,15.586160564874417,137.6680345808531,126.23077365852242,0.0509777905019978,0.005623240454679436,1.5843638753683957,0.3385329075600241
396.35,27.94,2.5,70.13,41.94,919.5886014943804,1627.217194446575,2370.1704524920065,638.2599151468494,768.3066872405504,21.153549661003055,167.6101546237848,136.72368664492316,0.048194230011488044,0.002294384996831023,1.8022320438847415,0.3843958797351389
509.43,25.98,4.88,93.27,52.94,517.4568026717452,809.9377500893803,1357.441954252457,754.6466517120085,299.7940274069344,24.056313185178762,158.5073175499843,109.49962940151536,0.05690087265777584,0.006104197170585945,1.5294498192340675,0.5810537113954493
313.76,27.84,2.18,98.9,45.09,1061.891432490494,2156.222093853107,2438.404704903056,726.8375905753581,749.6186651483083,18.26131517165848,163.0617175857603,128.3143852145999,0.04983429327332786,0.003434257906324544,2.0444022236926593,0.3680088794175787
219.85,24.93,4.16,96.87,59.44,1155.205789161626,854.617468654143,1468.2813605685774,986.7135974500417,63.73076048596823,15.087056383794714,149.88348701050342,101.35206356481766,0.0628673524691834,0.004379006601382472,1.5323399338945596,0.28678461180309006
333.96,10.36,2.66,96.35,55.93,1552.9940067967084,8818.041415235375,3620.594390513449,1255.9805837429494,1650.9643506489651,28.889779086590483,79.67867744044463,82.18487685967256,0.07406341971716628,0.0015463578378237652,3.462575472051969,0.5341891011149769
570.24,29.46,3.95,58.62,48.9,505.01788436780487,1002.9883861381084,1487.5059261929578,658.8232408900068,657.5168956774886,24.859358053846655,176.0333783755939,119.3259124926962,0.0557904648349095,0.0044709793371719465,2.6447178050324722,0.5129003956035733
599.39,14.54,2.1,96.75,52.04,1510.5787462841793,5493.266025523495,2154.0083973679084,1045.3684043477456,1132.406268148731,16.874572253660716,100.27164276576262,88.85821112953896,0.06751494242443776,0.0019456610382668081,1.9578407600249066,0.525608541003021
306.88,14.11,4.14,99.78,43.64,1076.414553946473,1992.760287020891,2331.4770408937393,946.7117951314943,126.4778582655355,27.10612317220373,98.7713836315838,103.64745739520293,0.059888758678252996,0.0039242030757472,1.4419976906505465,0.541494142174008
646.43,15.79,3.03,95.05,57.04,927.0875557096975,3942.160443958596,1956.135810650944,1020.228956303284,1369.0592613546676,24.552729792014414,108.10050260321124,86.60613650828718,0.06950930200344323,0.002179369798845808,3.412952304959678,0.557782740300981
671.07,12.04,4.63,62.29,45.73,1185.1851025804224,1622.4560704402031,2000.701876574157,937.579739741443,100.61237373361602,25.08827559134409,92.02259747399533,92.94989549383146,0.06710848921387698,0.0032802506091917623,1.4210639898415918,0.4537011845609355
243.51,21.55,3.72,57.31,53.44,681.4879081104511,2167.0300907648984,2015.9110171877066,964.8970400186147,838.9154896581794,28.14740195930555,133.76525834865285,98.16704714760182,0.06767728457698771,0.0036823106156383813,3.323696109185833,0.6194391154194665
607.21,19.49,2.03,88.65,46.45,1282.007844239441,3465.5737736499536,1880.4242103211548,864.2943752940034,942.8791415454148,14.498838774140316,125.35932678678337,103.87103869448605,0.05869211038069793,0.0020987784603631824,1.8864471256974897,0.37262039094186494
503.43,12.44,3.23,99.05,53.92,1065.2075380077629,5590.60760439061,2617.5515529972204,1089.9237482887036,1494.4320370042608,29.730927407765424,91.1833581215893,86.2465492930573,0.07015927629989127,0.0016274740417220818,4.43327864767255,0.5399986402305225
546.68,25.9,2.61,60.77,53.57,788.7083976195366,2039.544257908198,1551.8339565325389,815.9534119744554,963.1018842707183,17.112701995353394,155.0734986105134,101.36666278563867,0.0635778752114814,0.0032350738203761713,2.009550474719185,0.40793161136555434
197.53,15.41,2.1,99.31,51.0,1585.2787293375773,6165.670256244214,3457.839085588977,1198.4683137227892,1279.2122056647304,21.93909063157975,102.71903566637548,94.78101250255517,0.06580665688914306,0.0015389938777248613,2.589665457580399,0.5598283506593075
490.54,23.78,4.82,63.62,44.09,589.0738775811751,799.123282833746,1593.2224688060323,685.1599588016381,298.47074890526994,25.31706125774437,148.64708863624625,118.90428938971054,0.053962360303455074,0.006533693001260588,1.471366775639471,0.564182365554451
636.33,17.64,2.26,99.71,55.26,1192.5649026240578,3908.615410442248,1707.3683738606244,990.3338755755944,1077.5327047044889,16.11146353326287,116.01419137526383,90.2060795692931,0.0665054045384404,0.002308786151324639,1.697591482480204,0.4587845671504992
233.29,14.76,4.26,93.74,51.81,1486.0367915296872,1256.680595619612,1975.463056842883,1080.582706633526,75.08409109507508,18.952318615657912,101.86865172403802,94.94589763244753,0.06602587985126541,0.003516289636705211,1.460110892640685,0.33732396384007896
587.82,26.37,4.64,79.91,43.31,541.4861999208182,769.3360070302916,1555.4263593403964,617.8513687279712,391.26524427026936,25.859617831993067,163.54361745856474,131.2169347561388,0.048841217077546385,0.0069323975766285755,1.8039158249188794,0.5211283406157979
134.79,18.28,2.7,75.15,41.76,1187.2550719449985,4160.2760458749635,3301.428821987161,1010.3479530844046,1314.921075668957,28.963091921174513,117.04552984019699,115.57094152236849,0.05632666927978841,0.0016610074426352806,3.0542831184348125,0.573000089833947
154.75,15.6,3.1,64.33,40.44,1086.2761502059766,4337.347440771439,3126.0948245997465,1006.0510160916078,1356.1756523793117,31.663479537398604,104.70498269062831,111.2481449881653,0.05858082238150738,0.001551066153028728,3.912812507081445,0.5648512429859718
681.52,16.97,4.97,78.15,43.27,1310.8336898455063,773.1953462488347,1358.4116752848086,789.4854902216956,68.30692881642398,13.934156647098453,114.96770786213136,107.36747380236275,0.057744491770299056,0.004264378841207308,1.6937171909334812,0.3419537823722284
354.18,27.21,2.23,66.23,51.52,990.5048494989557,2258.8163318488373,2039.305525154899,821.7151522427846,867.4315713513336,16.477776608969332,160.85146982261486,109.27261161312335,0.05929047763398452,0.002747412015768227,1.9204303715351747,0.3713525975386315
678.95,24.03,4.91,87.63,57.56,436.1343581339243,1184.3836532313146,1224.7188035415334,813.9668300568961,535.2089947360357,27.157587819180446,151.0992008210745,98.6544757523969,0.0625213776209804,0.003857804822447046,2.4534539741186143,0.597862617943453
571.78,15.38,2.17,80.92,40.18,1427.1635576647705,4621.382738985234,2805.508090308141,879.8329284328356,1083.8482534145223,19.934399950149977,105.012628048008,106.23700174764129,0.05769220694295623,0.0015310090807577718,2.228228414593438,0.5383003609016277
412.87,16.5,3.11,73.31,46.99,913.2030762256472,3573.77998573188,2373.5061859988605,937.2547885241103,1232.8377568831763,26.77280445852605,109.85852468793463,98.60462965307214,0.06325254870166917,0.001739364406277749,3.7161646978045653,0.5624229185412415
628.6,15.05,3.14,76.36,58.27,924.3576313225258,4239.236650539773,1968.1741845433485,1047.150404312645,1497.9363227899619,25.623606154806033,105.61797537709867,83.34839423820434,0.0732732866546921,0.002327642358264204,3.7945816225346745,0.5667797853348095
427.14,12.39,3.06,80.55,49.78,1145.5476950766981,5852.811479300776,2875.0097809291387,1072.9700072081748,1471.1279174739673,29.38830286081215,89.87722770444185,89.3924877494669,0.06877564227882317,0.00149685530590688,4.184610832478682,0.5423623737563716
564.72,15.07,4.65,85.57,44.26,745.0603173046129,1699.8630687471366,2041.5710970423065,858.3343224364727,391.49779841933645,30.614247233768733,106.03280936896836,101.9867773185945,0.05935787866817452,0.00462850932216434,1.8743574170362232,0.5422222544467348
238.97,20.02,3.25,60.8,53.12,807.8038155998444,2899.063929923753,2250.3229431853715,1016.3931269390546,1124.4661895646311,26.992306995451557,125.61299877394704,96.31281532991414,0.06794309796108464,0.002424294380565499,3.7460856632415123,0.6065599155563184
227.12,14.32,2.94,93.62,45.56,1133.482411266145,5049.224618614386,3056.227941232951,1064.5341382603121,1410.6154332741853,29.199446009275054,98.15857193945605,99.89011532552973,0.062286835372678234,0.001187736450231401,3.9162529578997995,0.547215138808194
487.58,29.16,4.66,89.44,52.94,483.56544476349666,784.1855731259902,1348.9216156462903,709.6259500339573,367.18323960096507,24.15792531555126,174.75113961646184,115.71366835718815,0.05471457455246822,0.006515488634820551,1.7847760523174696,0.5457911715831959
173.72,22.82,2.15,76.99,54.9,1267.6649229705547,3828.624356537242,2852.2967097744236,1110.1182813569558,1073.6529526760253,20.17527892946909,137.95758372358827,101.09490157778916,0.06415386965340353,0.002389629688779962,2.2640679462731783,0.511633466074076
280.96,29.33,2.75,65.73,41.49,859.7335791698187,1523.6591383427644,2461.0222064380746,617.8453619710026,819.1467989541262,24.52928509059426,172.127040363391,144.39303489115895,0.04707956625816104,0.0024711550141372145,2.104283831441176,0.4124004340885051
600.81,29.83,2.5,79.17,56.73,748.7140526811685,1712.9048574659682,1253.252861488061,779.5941617815193,888.7626367492436,14.504476499270861,174.65391467434634,106.11215216771392,0.05927018127657188,0.0034873818782878863,1.5919054878915437,0.32645809663989545
399.59,10.63,2.98,58.58,53.54,1336.5838467671513,7718.23049596245,3262.8267265164814,1179.168768041467,1612.0665079203209,30.510886395599872,81.54625897628956,81.12704929499733,0.07798138996137521,0.0016540308992274908,4.228235998542524,0.5564905446775728
577.52,16.39,2.4,94.83,59.77,1172.0477731277967,4369.460690196238,1860.6786087204107,1067.9695636161293,1210.3439001864883,18.174100458277866,109.97284247646647,84.47636882617437,0.07130366976682871,0.0022649300596709206,1.8207431452581468,0.5448725958301261
552.63,11.9,2.29,73.16,55.59,1611.3767255041264,7151.539986371239,2775.9758659534946,1151.3524648990128,1317.706616078249,21.56588405224236,87.913045308898,81.0344889784884,0.07548280907790997,0.001875360039633594,2.1139691488392973,0.5478825640446348
320.34,14.67,2.64,75.22,57.82,1201.0043330009287,5148.668207571528,2742.39568179599,1170.0994662556773,1339.2557990029502,24.570102757112785,100.23148062493468,84.36462750567865,0.07385165795781307,0.0017400771433884448,2.9854411415249187,0.5706965973450756
406.32,28.74,2.32,54.94,43.0,971.0202800914242,1704.0278508156694,2345.101474379939,645.0578089781056,759.988627284242,19.05943837141074,170.00859532083265,131.77156867774895,0.05154093485836894,0.0029485967703269203,1.9032680556837356,0.3511780655689139
318.16,23.71,2.19,63.1,44.47,1119.2725280556406,2780.159030780593,2505.481693462486,803.6062550140002,861.7989570396296,18.531354712581514,143.04860926922856,115.48061812080957,0.05633097154577372,0.0034440703190686756,2.1171443671525676,0.42433678973526917
696.41,19.51,2.61,95.48,56.03,918.9632897052426,3204.850022457246,1524.4621106958364,941.0218405589853,1217.912082224319,18.263232419585606,125.21232479345082,91.81030983528868,0.0655647786000692,0.002564616698236446,2.143642853320701,0.49827028965765274
610.89,11.0,2.15,58.33,49.19,1848.1309832007485,8028.71796934573,3065.1287658049164,1102.2716069901614,1305.81397878729,21.219634919800583,84.61652022186941,83.94107771817525,0.07406287836953998,0.0018850771472228816,2.3089921172020906,0.5467779706424004
575.63,29.34,2.54,60.15,46.81,798.7510256344499,1522.1413596053294,1762.3347761647296,663.4019515145097,797.3400492427616,17.682913239092407,174.83714858650956,122.83546476175262,0.05384959847742613,0.003341037610739354,1.7200026317007253,0.3451963830669344
272.32,24.04,2.14,57.94,48.56,1151.8389252902632,2992.5982076346186,2507.414786060488,884.4453073173274,921.3324084061603,18.17474839729199,143.62026146636293,107.4170927751147,0.0614322366888614,0.002907547695600409,2.153294493869451,0.4380984960878753
268.83,24.89,3.65,58.2,56.86,623.1675514912515,1833.7494465764244,1808.908714726544,931.1544043887657,839.3232247079626,26.087770992804717,149.34775329852755,98.16455549343215,0.06801482173653865,0.0034858163390354365,3.266837070666806,0.6362612317935387
137.56,14.11,4.66,77.17,49.17,1866.2130887829883,1108.964559235828,2202.983741307628,1161.3659703172273,75.53773610421024,16.64297674559146,99.3180008504824,99.86461744924829,0.06512646185869517,0.003267541463357467,1.7445870546043656,0.347325465527513
323.24,18.85,4.65,76.42,56.38,1170.1443103042272,811.7675795285119,1466.1447916327018,979.8942066444203,70.23350461162049,15.816355095752652,121.93947637740878,93.1298772344696,0.06768027286782706,0.004257450361278344,1.5039364126856032,0.3516347372314676
265.81,11.99,3.48,86.89,48.4,1064.839604810849,5750.057246581083,2982.9277523499914,1117.0142732016168,1401.4515510282997,33.24340054746399,88.06298078141565,92.85028119855478,0.06700639994835758,0.0015447521421416927,4.882466993988493,0.5422524750727643
270.79,19.3,3.85,82.31,51.82,701.7372050019148,2314.639404877943,2057.3479366787574,967.4459060548072,814.8227213041149,29.075348640160808,123.32918946029963,99.72537949777988,0.06324956763815373,0.003582886209095153,3.324930257598323,0.5823231504553039
200.67,16.78,3.77,55.97,52.7,808.7390537183112,3196.7369077338058,2387.3330620006786,1099.4038790444224,916.9356573413557,31.32413289112598,110.74486509939234,92.92463904317883,0.07143803007566375,0.003281138905741651,3.617853558981751,0.601902353642699
665.63,21.32,2.18,93.12,43.94,1113.7370026549074,2796.612871520911,1917.3626330912416,782.6267021544576,925.3921298564028,15.815132906786644,133.99068997936047,112.50503779607044,0.05447224957763563,0.0020725522819847065,1.8486193153572121,0.3771830078579868
187.78,12.38,4.13,82.51,47.69,1243.0777417724482,2379.768992140604,2661.9328261376654,1133.8715558277383,129.79657609336707,28.874799122805317,90.18438978952895,96.53107323690563,0.06571249505325658,0.003311950574758249,1.5065970907075654,0.5436462051256534
321.91,25.32,2.07,50.83,48.87,1138.1456652027814,2684.1154927144335,2328.3240981493655,841.3105091583791,876.615802001051,16.297060014207997,149.90612386948118,106.5798239903054,0.06285482909978404,0.0029371103566529504,2.161129619567532,0.3818274604849805
165.23,26.98,3.43,94.55,57.47,710.640020646249,2043.9537225646918,2113.493372868635,1009.5742773279657,963.6182194139365,27.690095662832924,159.58325106461777,108.08806661036012,0.06005747157186815,0.0031285629730973077,3.332163692487734,0.618315680077254
506.64,27.35,3.33,65.98,45.72,625.4861216137755,1370.0637181691557,1741.898018432589,674.6589172044372,832.8033358361314,23.77248407632788,164.5530746464535,122.9114172734366,0.05306223612817256,0.0027789583499158595,2.7511216198691817,0.48502485051435823
241.87,28.95,2.85,77.84,50.52,785.8531366942831,1852.7594559941351,2149.0165447859445,800.7651022526114,932.0706441346347,23.071027087111048,168.668901714858,118.92341976326429,0.05500268302323648,0.0025897399080247133,2.5709611130886487,0.4784700674714194
479.8,27.71,2.75,98.6,48.53,748.7350283611864,1683.7826266665602,1776.3101142699265,725.4218932967673,879.8145037183883,19.61723619818849,164.43122411896462,119.36704589665038,0.05261077329528538,0.0024249754529289988,2.203892632766716,0.4180818220021999
422.47,20.56,3.21,58.34,55.89,740.704305154186,2644.175907377046,1842.2205571417935,952.4428209424636,1148.0987137023574,23.968922038775926,128.7012706872832,90.7939671549925,0.071069339532029,0.0027443123196060695,3.588458063582398,0.6098997892835696
340.87,21.92,3.69,94.87,54.31,640.6477243122247,2075.163544425414,1814.142826278786,918.1908105446555,920.0709680304568,26.55734329278138,135.6874478472566,100.42214018329389,0.06203026008506586,0.002901933232008795,3.5546069228564003,0.587380839114249
203.47,14.45,4.43,65.4,59.5,1686.6325252272989,1122.8288648093142,1855.412522953257,1219.4879177656621,71.53765713482355,15.995555314281576,100.35804575234607,85.57047238651415,0.07634175729050274,0.003023408008438503,1.6614936754021201,0.33333029433288863
375.9,23.07,2.62,77.71,53.54,874.0791692349702,2619.6634566308235,1944.1187067380115,907.941784401569,1069.0432681819964,19.573969383189386,140.522267553859,100.32084361852374,0.06269869560474017,0.0023127545720124,2.412942522663265,0.5011676889126901
594.76,13.09,4.63,80.6,42.85,1360.3345505261602,1231.3283853609319,1840.0799432004956,885.9041575445655,80.94504128758742,20.3620292103574,96.97999211583976,100.95229449233321,0.061003796039185786,0.003703872537023817,1.4424755475865612,0.3725481854982751
125.52,19.38,4.55,53.3,56.34,1688.494759900066,921.8145261284328,1985.191593200146,1190.6780595022888,70.55054037904412,14.749322883710741,124.61321559812455,96.70121115496958,0.07241557405706193,0.003701933380127195,1.816857977599459,0.3203299009096221
426.98,23.36,4.46,94.29,57.14,538.895210683231,1262.8524552934903,1480.846134468649,875.0862340560802,468.81765144241217,25.788753780922995,143.27149509447423,99.12078349573402,0.062493553687938345,0.004705142247739772,2.2004996404743484,0.5939456394913606
640.25,27.76,3.0,50.86,41.66,708.6314838981403,1299.6188459974242,1888.2041051648848,598.7835185930907,786.6888118515686,22.500126083446297,169.00595198725316,132.55686326127676,0.051564817654945895,0.003299358904517094,2.230154879422894,0.40951587617831053
438.97,16.32,3.07,99.02,47.64,929.7240040343212,3630.356965491475,2380.7381276133506,943.9939994019104,1220.7006430294919,26.626551286787425,109.31440224598579,98.93777902308494,0.061800984174636746,0.00163038942924859,3.6144518966252774,0.5514190092898273
659.04,15.13,2.82,98.93,55.41,1041.08364996469,4333.066468619414,2050.7070052709223,1023.151474445404,1359.2656671922389,23.30461479122757,105.48234880425157,87.29591393276533,0.0687221423270455,0.0021303964555666197,2.9072126383567887,0.5516496031592063
268.21,11.9,2.83,60.89,40.5,1333.6428167042077,6766.297442025399,3520.2788330570033,1033.1488388205162,1514.1741553059787,30.368834752075013,86.61934404147422,100.22747410916392,0.06349739259478493,0.0017903147294787854,3.8172948419664765,0.5425663933106689
575.75,13.34,2.92,71.57,48.49,1122.7814966231456,5133.126697306449,2595.13455105205,1005.7884886647518,1407.167302890012,26.785776878119584,95.61767354225096,90.57689378978145,0.06788456714764722,0.00173336790515804,3.5247786785590867,0.5475887772316395
653.22,16.71,4.38,89.01,41.81,661.4004482168497,1997.9867708207207,1921.7882055665486,787.4212073211403,639.2822754026065,31.052000953017277,117.4169002158662,110.24808895583107,0.055835141285265226,0.004439682274699712,2.722348537738441,0.5496313175524791
491.1,29.48,2.59,67.51,51.06,771.746120896325,1625.8541344747634,1680.8924825355882,728.6799124875841,836.2474654323057,17.64531992925013,174.8182329193785,115.01589274728705,0.05633147546629371,0.0032361675873066077,1.8665594926602378,0.3701559586186097
310.48,12.79,3.66,82.34,40.38,972.7927490065176,4299.467019455153,2819.7762720793767,948.8893582433395,1165.0705060416794,33.470316681230614,92.70041768148474,104.88672752487034,0.05925721731179265,0.0020861412527479343,4.275204920480219,0.5343188319813759
372.15,15.38,2.18,89.66,57.55,1416.8278865747475,5373.882721559051,2552.0043471558038,1143.8248538491437,1194.3908824679866,19.005748065402198,103.50688037466587,85.70386514257976,0.07143448102228407,0.0018024339883632402,2.1541892632784143,0.5633750543619861
449.0,19.99,3.92,54.33,59.09,615.7934851039339,2224.311244841358,1673.3082893082956,966.5202037840538,931.6614259025292,27.11471417394173,127.81489570810882,86.22375710585531,0.07586881907262089,0.0030732304205555406,3.704633094500973,0.6221986876594996
424.38,20.31,3.01,74.77,48.78,814.0474482573959,2665.757870405038,2057.9394274125143,876.9013220681542,1098.593560420607,23.793688807314744,127.57932017808093,102.30103496005101,0.06127269739538345,0.002047132333458411,3.195830697187927,0.579302608423863
571.92,14.31,2.37,65.61,49.25,1350.7451833843136,5027.5465489806265,2529.562420437518,1008.6605833707155,1177.441429795952,21.07197236713183,100.75387347958365,89.79668373497789,0.06884140381970609,0.0019621074459337815,1.979309787288708,0.5575543580589827
137.05,21.03,2.85,68.03,53.6,1017.8940386286226,3553.8106726340416,2817.467953477697,1161.0702501027831,1255.1916838597617,27.822022749391028,130.68298064512686,101.81592523043801,0.0653895958713786,0.002567167756662284,3.2904124827967083,0.6130510182417519
651.72,18.38,3.36,56.68,58.28,728.130006320988,3027.496406374287,1631.7095710226433,965.8563732363895,1417.1770213778034,24.83657665472885,121.63149090438114,84.22677475382946,0.0755153059310055,0.003006784231981838,4.012883711271948,0.6040130282007987
226.01,17.48,3.38,82.5,54.93,848.9418280847377,3471.365318991896,2374.990134915459,1105.2397273093766,1193.0374626306796,28.92429324143193,113.88978330260784,93.65690803346351,0.06757439684849464,0.0019386204487682845,4.117576959044762,0.5815557930506932
393.94,23.79,3.64,93.93,53.47,604.7114376782916,1824.813148328976,1681.1534170875334,856.2681101113623,929.9515439989701,25.231697449229845,145.08501252135366,104.04091119855521,0.05989168579992112,0.0025883428941649673,3.4702953221804593,0.5915234051461626
151.77,12.63,5.0,84.55,54.31,1944.0805973160566,1062.633981418448,2181.8197630207333,1242.4360036942594,76.18214142765102,15.563145456648073,92.7217216489311,92.65911745459877,0.0695157458746649,0.002672985620241352,1.8182255039527655,0.37849317142402567
571.11,20.88,4.23,65.57,49.49,579.5189061752195,1555.2342411151299,1626.3075842959147,810.5743691335578,683.7886002752552,27.738522502245022,136.5428930034032,102.2820780639068,0.06170215411709063,0.0037289172330644276,2.8735344823827647,0.5910198219677693
497.18,26.93,3.79,52.0,56.26,521.7354001785314,1418.078597633761,1425.7545714809132,805.1881432328735,840.6679937660681,23.83004348607906,161.6387008918592,98.30373500241164,0.0682444459188174,0.004050503695993068,3.22055962700173,0.5764814538989811
145.11,19.14,4.79,66.5,48.57,1618.7538278789298,843.7521298775763,2015.7742055591273,1003.3521493985102,70.94633535618217,14.786025546464272,123.75250461829808,107.76591778766156,0.061737586408513616,0.004135533367372253,1.824954939757492,0.3408650876411262
693.63,27.34,4.98,54.19,40.98,1008.5491759736657,548.2634074797465,1362.4461243857788,549.770745081221,66.70093519878232,14.219601632853626,170.1048073649414,138.561487504729,0.04942300753845978,0.00876467251955996,1.6492234513705835,0.2653603845353134
616.46,21.43,2.19,85.76,53.47,1072.0069052338058,3060.6195830255556,1487.4635126040541,898.9801179251089,985.229460838669,14.057360890033609,134.80896771126893,96.93244987890475,0.06295318607739105,0.002556932683091076,1.6404004807573886,0.3651428955044972
505.36,28.26,2.69,63.93,53.98,733.0034990562119,1766.2846173983985,1544.4293279098827,783.2096992398804,917.6386245464909,17.56433089995068,167.06276544209658,105.89885401281435,0.061189047297386195,0.0033950165694179813,2.1014124129450886,0.399979754603281
528.68,21.9,3.57,73.37,52.03,629.6204890805175,2028.8978965903357,1666.9003511269648,847.4318360685677,1023.0387183368294,25.190900145200427,136.84612261754882,100.20846318316428,0.0625384595999999,0.002455526419487688,3.607901900570839,0.5906259438973327
578.41,21.11,3.91,77.4,49.84,598.624127812511,1814.2312077084655,1657.9703089210432,819.2375410070017,870.1958942162307,26.81945195920171,134.76375851760753,102.93630307203527,0.060524924045631784,0.0026358237380837827,3.4006184351369937,0.5821390502007366
144.45,23.72,3.96,60.05,45.19,720.7112146711896,1731.1135113359733,2299.721952619754,866.6883908356704,701.1470809224957,32.0909685942903,144.50629858015182,120.94223958210897,0.0561190731750796,0.005438136216747917,2.6879001960283904,0.6139571660451333
628.6,11.25,3.35,69.47,57.74,1098.9741941764134,6471.176556272145,2574.392068828838,1130.472572157444,1665.7394763768457,30.778574935068274,86.19517470948018,79.05205740056697,0.07777660422150753,0.001923287091946723,4.790105538573347,0.5508953706689153
633.92,20.02,4.08,72.82,48.02,607.8318885798258,1723.4460043306733,1689.183425807225,803.3023030560453,801.2380673701331,28.197860484315935,133.09409364890539,103.99324761986897,0.05985890253006299,0.0028569841609147606,3.1533805337084773,0.5784401007910818
352.46,12.58,3.18,75.64,44.79,1105.4127072756096,5510.404228631057,2968.8763126699873,1023.6703412061985,1434.388351469778,30.822027833705473,90.77255018779077,96.02490019050205,0.0647280862870889,0.001372274394355493,4.424502456911441,0.5410216215681369
694.52,15.45,3.01,92.15,46.9,958.3667428000875,3961.5323748908586,2176.5306973599554,921.917448865218,1340.6074341811495,25.348418107259516,105.26142348414152,96.89816279372567,0.06236041005146342,0.0018333596228756117,3.466249138416768,0.5418580836863174
180.57,21.92,4.57,53.02,45.13,1450.6167519854923,805.6637827399642,1865.5358895130244,844.5425333694429,68.09837546356127,14.912193769652742,136.7106382027166,115.03227416237382,0.0593756920652986,0.005329644678622327,1.7559794705055065,0.316034716567764
483.42,10.65,3.29,81.38,47.95,1193.6318012115073,7102.081812482414,3086.8882358310348,1077.4254208546993,1602.5716563701656,32.40788209486791,82.0263072178734,89.19843055405276,0.06865763073151862,0.0013822233648801098,4.9278841291101925,0.5296464801891784
680.79,19.02,3.47,72.73,59.76,677.7501377178501,2874.9863665197704,1522.2061897652482,959.8290455801106,1497.3182343682142,25.21988243414555,124.94898210785257,86.42331677544912,0.07135186949501973,0.0028494097934750537,4.285779307404946,0.5890694093049553
608.96,25.12,3.84,82.11,56.99,516.0313567054238,1586.2561780952776,1328.7334640292504,824.4008002879207,1037.3748193154902,24.341932355199557,154.08174376545597,99.61723675004826,0.06237925000885469,0.0029819101429195867,3.6715802244195426,0.6028343868179102
488.55,17.57,3.92,61.8,42.51,707.9036018308808,2240.96887526865,2051.1546841896397,813.5812801232636,839.1362908666941,29.534353520754898,116.89987461205249,107.40474240589089,0.05912085334270267,0.003406974885698968,3.3530929321325544,0.5684141028612808
643.99,18.49,4.89,93.33,51.48,1037.640525937544,822.1581501251538,1227.2363606892172,848.7638408407324,71.17367472435483,16.830303702251754,126.92311114091082,99.00443397006129,0.06175036894506846,0.004198095741459099,1.447961292164421,0.3377121681528966
536.56,14.82,3.53,82.71,54.55,839.0300654015606,3950.1582313110507,2136.511746244953,1020.819801318068,1352.083426483651,29.040319248362284,103.0389927630168,87.82424921763122,0.06966823924327635,0.0019306598428829598,4.5442045385434895,0.5585538612382863
410.81,16.24,4.01,63.14,58.01,713.2481074533167,2923.990328671009,1972.8386743033013,1041.7773474226863,899.9972114022889,29.84203878219623,109.0557536104938,85.06427569560124,0.07474537827765437,0.0027531332910850793,3.721628094961978,0.5896476710195824
468.48,11.17,2.33,85.25,42.7,1682.6606609569862,7765.709607890241,3674.917223307648,1041.930865448235,1409.835214070317,25.39217250702783,83.52019345850191,95.2603426842988,0.0640688759747289,0.0012563307379009714,2.4497979291432768,0.5226544307373706
456.08,15.36,4.93,98.16,42.33,1318.0137818939675,856.6797850106399,1727.4159618162848,835.0272057697006,75.92606439167355,17.284480811000297,107.00977459311115,107.97829311876191,0.05707260616471735,0.0045859674368236665,1.5274132286538988,0.38420039985794535
688.91,11.65,2.17,52.98,40.22,1767.6227921443442,6779.8071550142695,3089.0545118080977,964.789381446819,1208.8233400921001,21.54593635100959,89.29233244933239,95.60276196212502,0.06527991915171259,0.0018106614379206814,2.2719619532305946,0.5394199872365699
130.08,14.29,2.21,70.32,56.76,1686.1066246553298,7235.384560938232,3972.8351941837004,1474.1604879447107,1414.3444271533203,25.742543159280036,98.12833642001091,88.82799439219906,0.07391445972422474,0.0020170077983802225,2.6053678009602206,0.5872868940756251
139.86,13.11,2.23,91.98,57.23,1728.7759300673338,8124.103712573534,4024.0523606699985,1488.5783935037316,1516.8756588318215,25.991378595080562,91.9852651526168,87.73105320172156,0.07264481312675096,0.0015835190739377286,2.641403497447276,0.566468632134356
156.86,26.58,4.03,98.03,49.58,660.4951125587124,1516.1087447564726,2102.528598883915,864.591261595151,603.7982183396294,30.617369846585465,159.04105220021924,121.85408844912045,0.053633667685763865,0.006129050877807807,2.4137741831597714,0.6068356639952711
652.46,20.3,3.94,89.23,48.45,607.5703979199054,1865.8934906393383,1661.647651891446,809.9782654865838,904.8814335827861,27.355688605824035,131.56977724131858,104.48314870730918,0.058756679105259745,0.0021904127061425495,3.4538416944616,0.5693782314045366
682.04,19.96,3.23,83.93,44.88,746.7726903515892,2350.0729956164555,1868.713895779302,789.3995403170218,1087.216640779555,24.652892169286197,128.71526501190309,108.50926639027246,0.05679916008885638,0.002029440634107217,3.2586561938705145,0.5634798697999849
527.76,16.18,3.41,76.5,43.34,834.7561440351172,3198.661927501555,2266.393962486681,864.368019783601,1155.5502220807432,28.43755307837521,109.07307494998709,103.93164431352336,0.05962585415795943,0.0016295029499124678,3.913655364604104,0.5515559253613629
148.24,12.09,2.84,77.49,58.4,1386.1881580750403,7547.084010039614,3637.3463170312198,1463.9166983893838,1652.9726546358254,31.41792014580673,88.33939749163736,85.34643056937271,0.07568059918759015,0.001751869812514635,4.095226869622845,0.5712802168653197
578.98,25.29,3.7,90.83,51.75,551.3460895114421,1514.5143218917403,1473.5667434253558,769.7186558274677,933.8662373751692,24.254094746637698,155.43367669244765,108.7007542293919,0.05712273945651479,0.002607040831617962,3.314484520437388,0.5672645373719394
258.87,19.04,3.26,93.15,45.47,837.5805607758672,2838.753847560874,2393.0260796843972,908.5077018230807,1097.478440602694,28.09389096209929,121.8743250510559,108.90338590684796,0.05763768621748323,0.0019449821005061451,3.6226356957494588,0.5670510883472512
228.96,15.24,4.81,89.34,53.1,1671.758249267174,911.4328719956368,1814.6400593644255,1069.229287101494,69.99627799276504,14.038500806010939,104.44621453442942,94.73122494043274,0.06660478440284273,0.0031671709325609538,1.8089674335790606,0.3585361790786189
326.49,13.34,3.13,75.7,43.03,1083.933471296217,5053.654210465706,2946.4847270330847,990.3956637355355,1382.7201234496256,30.273519192245946,94.06744517557922,99.90591641448407,0.062431733715248496,0.0013423589556241164,4.222793275506912,0.5425032654434659
430.56,22.68,4.79,90.67,46.74,671.9005232661771,800.7926541473389,1578.2328835246144,753.1870750150024,145.8333265854208,23.325937949861714,140.31897672524465,112.73125975012864,0.0542256355648018,0.007048069752067453,1.3086528591419713,0.558553267299153
524.19,11.2,3.77,80.38,57.26,987.6617159167472,5888.843885737162,2588.6890175506537,1131.8063472289853,1455.9131436689065,33.45772807069952,85.79978726581243,81.34806822633186,0.07526314322079058,0.0016965489252626534,5.190375706594568,0.5453924429369968
266.31,25.6,4.58,72.05,52.75,1206.1348549638503,661.6129938298021,1412.222994249947,832.5351257111565,61.37351359382469,12.641149616168835,154.27902580389446,109.03388883227929,0.05991680326756417,0.004798909769838965,1.7479427004254002,0.2972303008051534
386.02,12.11,3.78,99.11,47.22,956.131131686015,4808.68553178068,2697.4889271245165,1033.5687057774237,1181.831188483379,33.45459174202453,89.0061326115367,94.07610296965355,0.06500593056076011,0.0019093483519582123,4.547015478844557,0.5331577896761599
481.46,21.11,3.02,62.86,59.21,760.5703529624631,2679.1537380890773,1680.8627942171552,967.7234501682356,1191.6748953843214,21.663414781681542,131.5572565685588,88.24310293773475,0.07213418767560623,0.002866006725751537,3.194273240597545,0.5953003862680981
196.2,15.24,4.21,95.6,56.87,1503.3202252749995,1265.8401374811142,1974.367799640215,1181.477726215783,74.57420740293402,18.82554732808971,104.18503321250702,91.42923678688477,0.06903632499994831,0.00340976862527121,1.4701519144979214,0.3298916374359411
649.65,15.6,4.33,97.35,55.36,655.3261812786974,2836.929175386879,1792.2410832430605,966.486867404471,1010.9975599487452,31.294090627073967,109.01657945723704,89.48414247568095,0.06752727220182293,0.0020607211962720686,4.109125867073732,0.556755727949275
108.04,23.56,2.46,58.51,55.09,1228.8849126855594,4001.888900251732,3233.715361972563,1240.8529300496104,1313.5937252847875,26.32398491820131,142.65858716798417,104.47701948066559,0.06675739258040211,0.0035102617386038137,2.5112623655915742,0.5937300343714107
619.03,27.62,4.55,79.1,54.9,439.076844770538,1005.0806576984841,1261.45349651683,740.3892214905509,553.6184748452763,25.54513656558197,170.2050733876666,107.77127871189536,0.058594508257254534,0.004775362537139873,2.463146272684358,0.5985474845990515
434.58,10.66,4.86,69.91,57.88,1282.5469194500154,1597.0505928822865,2170.9461075256004,1135.4922386428677,103.28070691195668,25.928111937954796,83.23897309120714,80.37505151518609,0.07695247589235975,0.0030658248523704836,1.3926650098236155,0.501281233737111
457.48,28.45,3.0,84.4,43.75,713.4207422748257,1369.893287950909,1971.8985643251601,638.1113231082788,792.9474259681933,23.124116707588087,169.29243065876716,134.0015208826331,0.048265781172030925,0.0023622202107556407,2.3467306708472715,0.4351007181508895
285.75,27.36,4.42,68.76,42.42,588.1891384670715,929.2258123257277,1882.5147956069761,633.66110807725,356.59910805464693,28.955156245605405,163.67140447016908,137.09931826312803,0.04892952460712745,0.008508541222101072,1.5913433426447086,0.5441075282709558
373.77,23.29,2.77,89.44,55.4,817.9274753243595,2483.719948759305,1880.5363452682761,922.2061157865015,1063.9749159857897,20.634426705077782,142.10952275146153,99.54565826995045,0.06252456391224558,0.0023023072787668637,2.670083710049465,0.5286264909742512
466.62,23.85,2.64,83.57,55.07,829.6204510373119,2360.9425099646232,1709.614520484654,884.2857550577204,1012.1316532119206,18.540431254047952,145.80479998772662,99.59852447644921,0.06234869236358973,0.002521973155421246,2.22925069323983,0.46742680955217847
689.62,26.59,3.31,75.24,59.71,557.482896028407,1763.9544441470455,1183.1055827475077,832.0279481577398,1238.4560692546056,20.811103538118815,160.27625496174002,96.59001471043537,0.06462747518763833,0.003955270674637604,3.2665238294499166,0.5095396860418968
498.16,14.34,3.59,79.63,41.94,876.1599101349984,3652.2016268658,2451.1743091662397,890.3808234507072,1163.1209054254061,30.85965399242146,100.45857216760207,103.60462811953258,0.059640704018508975,0.0019088805808973452,4.1683765548623795,0.5407307669218824
328.31,23.09,2.33,56.52,51.58,1036.0430688813506,2731.2544422045,2266.278345061291,911.1824548144908,930.3260692270002,18.554225694681815,139.7076980844185,99.6183095094777,0.0653173991992168,0.002711593510403298,1.9704724580522344,0.4672452009195723
211.7,16.94,4.38,99.9,51.07,1561.2818765492264,1001.135941355655,1785.9690055975523,1032.5371612480806,68.52975267521342,15.245450631389453,112.14402814196171,99.81033364967813,0.06305022036027431,0.0038300735175415238,1.683350846417801,0.31562449929650804
269.25,16.51,4.71,87.86,53.64,1549.6982509973866,866.56381056029,1624.646158449871,1021.4087929820229,67.57568061917543,13.470358719687283,110.3879279659431,94.92956379548504,0.06624104926364272,0.003337021299540242,1.784531683817386,0.3414645731416124
323.67,10.03,3.57,58.95,56.17,1172.0092503903038,7698.872266289541,3165.0457154738865,1235.6707938019929,1523.5795571900069,34.71076950824679,78.6455649228355,79.59904526803844,0.08042082184313436,0.0016908244394892038,5.331107460504859,0.5604638519006143
376.58,14.87,4.15,79.43,44.69,859.6014789403719,2241.391996501526,2260.4895581462115,917.0577541048075,244.9100301801036,29.906259486849436,104.14786087675675,101.5909190365645,0.06127978335192542,0.004408365928062581,1.4600564909415783,0.5517836241902659
353.79,25.98,4.06,70.66,48.88,561.6847464838401,1241.1594161774235,1695.3168314744726,752.4480059868459,606.186271565135,26.531323786018223,157.31521601776515,115.13935863613719,0.05634770288617629,0.005446985675080493,2.582836604663569,0.590677913114308
201.21,25.74,3.49,94.07,58.44,676.507907463817,2003.5970862243425,1981.1127284278946,999.1175238294766,923.4132952249348,26.82869254098082,153.7623241656306,103.56825593732371,0.06187288580871866,0.0030767465547636573,3.35718643120686,0.6144410755452202
578.11,25.6,2.73,50.36,47.1,777.5202097123257,1833.9506839429691,1758.1062212926672,733.3749480771405,907.9578608808223,19.307892281558903,155.26858073905873,110.28964477566312,0.06026655627303539,0.0033199054894110665,2.1647773382110618,0.4256659884756557
175.44,17.65,3.56,62.84,47.58,849.1911857516974,3180.565673336115,2534.118319747324,1034.6538739236885,1070.945086199638,31.351381346070074,114.67272442101653,102.71646229214139,0.06388423928569764,0.00287775827316512,3.867138672047519,0.5884652155845331
198.96,26.85,4.49,99.01,43.73,1263.3540270409717,750.1528739319815,1807.4661287125662,699.8477955852542,68.80425898661615,16.06673144958782,160.45706575311286,135.82741945769712,0.0482621512724529,0.007482695546323416,1.6532632259833462,0.30512467442973723
386.1,28.6,3.24,83.55,58.78,601.5965199620094,1661.5705178550245,1520.014772602107,847.9431661180756,982.7638049140393,21.491743940017447,167.30488276696587,103.41145193210102,0.061364384975611065,0.0030615429294140986,3.112229789618472,0.511847297356561
299.97,13.86,3.11,59.25,47.24,1059.637118167591,5009.140783750685,2832.4245742617763,1048.4910096540077,1410.1619865399496,29.415870204469,96.29597815272963,93.22740917207224,0.06855357232245363,0.001690562423680657,4.269399881730496,0.5654720623673088
667.92,23.52,3.12,58.13,42.2,718.0763027034866,1720.1466984840324,1840.5728998246666,686.8035033634219,918.1185058730582,23.320857708390882,148.21599111472352,120.01553468953409,0.0539463614302843,0.0025727256002687276,2.6529590609555718,0.49417930367368057
392.72,15.17,4.85,59.09,43.84,1465.4996467142214,884.3157699802771,1719.936798261573,872.9421807101535,72.34706962338862,15.614564452543473,106.46144558477032,102.02272196390264,0.06290450259594073,0.004723771092213455,1.6545619577340207,0.36336366137915527
307.79,10.3,2.2,94.57,57.63,1937.041222569653,10022.290461462402,3905.6683464139546,1327.6016359832292,1367.5707482555908,24.771325596937693,78.8785842299782,80.72620470364201,0.07615040623346014,0.0028602287858558997,2.6650021689339396,0.5384303112468849
692.41,14.19,4.52,91.41,46.73,716.2581794321446,2667.5053918136955,2006.1232459526834,898.8919549957164,595.632452075978,32.436919438395165,102.44825545429639,97.31146691266154,0.06253777047384336,0.0035579736064525838,2.611038567031975,0.5420269573891903
599.49,20.41,4.6,83.88,44.67,601.3467212494546,1179.183584426235,1672.009595011096,749.0529994058381,428.50278242349015,27.60202259429623,133.5202329376824,112.16423654810313,0.055286286417105035,0.00515497865496668,1.9905184188896683,0.5685086300499566
491.46,19.51,4.37,89.98,49.77,616.2936004785887,1559.2838669689277,1725.3479316371624,849.328631555594,538.5930059765649,28.027309254197927,126.76483838260569,102.19314058468787,0.0603176833790988,0.004235692639534177,2.4342933178952113,0.5709974012173649
690.18,16.99,3.39,97.57,41.81,812.979862539002,2725.2235814256733,2123.7310881046687,806.58186698422,1097.5226058454896,27.962095651559558,118.06886493944344,109.65320652775463,0.055562353684708646,0.0017786216998567708,3.4580463172568825,0.5453735934874331
105.28,29.69,2.72,82.54,49.51,1054.0651566251329,2797.4211702531816,3031.364997861954,940.2223554549842,1246.1819055356605,28.924637734908124,172.48966563750258,130.02608358702918,0.052453237397316166,0.00289835587859948,2.7131944745841334,0.5190324699154866
339.28,15.42,2.09,62.83,49.52,1506.5956007192287,5412.387754806404,2950.70466525524,1063.8565957215008,1163.5490475728172,19.499674204114648,103.23427789869532,91.39067873200773,0.06893277895885669,0.0017740442827720935,2.4147292806302425,0.569658767602177
202.3,20.21,4.52,69.13,56.06,1485.2408621719715,818.5619021002855,1612.1989649704037,1037.5696457602799,64.62700799048083,12.994931359010925,127.90491765300882,96.84247559803033,0.06757909835724993,0.0038906441959829815,1.8098538977536833,0.3134823535475007
522.47,17.21,4.93,53.2,58.79,888.1252968272178,1087.1089987436721,1453.9430761592002,969.9377405489622,95.4498606616065,21.104184711985997,116.54740716015546,83.38329239004791,0.07778079194969731,0.004535612455059843,1.2701100854678875,0.47866102009400524
543.01,23.48,3.53,99.56,50.79,611.9695622396436,1788.8830438405894,1615.076795758076,800.7979621571319,983.8533478142617,24.568061184447984,146.0683274895882,107.17733409697946,0.057467780808565974,0.002338410884483949,3.370483002591161,0.5819359701448015
556.79,22.37,3.41,86.18,57.06,631.6381234878233,2183.428896583865,1507.6348918451347,891.034393389835,1203.0332824789605,23.467451320668495,140.38272979387781,95.52852170290035,0.0644840212955856,0.0026668195324657602,3.6983465053070357,0.59189197703172
579.62,22.19,2.78,82.15,49.9,814.9220341068675,2365.4561617757377,1744.8841178585676,829.7440381397889,1046.7821360599842,20.114911498176067,139.11233345937154,103.8350487623186,0.05953580073251959,0.0023746125921602643,2.451714326435753,0.4972651973312185
280.74,23.26,2.86,55.95,46.98,847.8779261527944,2370.873307058472,2288.472455183331,844.965601436442,1002.762174187756,23.89694102409811,140.58580243148285,109.21348134797161,0.06060808500374931,0.0025014521089801113,2.824239530620519,0.5649750749268505
513.19,18.23,2.64,62.76,41.41,1022.660363122937,3134.173346447997,2432.6085232653218,817.8742833200357,1079.4176800871217,22.77544308395905,119.15819754094564,109.26309285653434,0.057768903513253575,0.0018153992299363912,2.4476125242965403,0.5653207580229194
244.31,27.25,4.53,59.95,56.89,1109.286747222406,710.5878862250535,1370.8572370495863,874.2240190107796,62.625239122053216,13.37962964743073,160.84506737631986,103.27108948292513,0.0645881467109697,0.0061118460800699175,1.6438042796776198,0.3078020917399205
562.08,17.17,2.13,53.13,42.61,1342.5253206515627,4032.110276841412,2487.373383876924,872.1091634000608,1021.5643174178135,18.00697008533985,113.33492550041022,101.7828709998481,0.06254729038357462,0.002101894494554341,2.138680332516749,0.4904715104626615
231.59,22.4,4.97,52.48,55.21,1326.7373863960534,652.042068144649,1543.5332940437247,937.9573029663685,63.93271363612784,12.205097205437472,138.72527237448708,97.5500776213874,0.06996711997814666,0.0042027832225855315,1.8471959071463029,0.3094279811605941
541.39,17.38,2.13,67.56,40.32,1350.691068977579,3775.7103878908515,2652.3275535188986,832.645672612732,991.4006445795011,18.70693590026594,116.40367598127116,109.64782360403288,0.056863536688067276,0.0017373948304773015,2.1883182870920694,0.47901532160602234
172.08,21.73,4.53,83.92,46.42,1477.0872338134566,827.0691763161003,1863.1620822722384,881.5155517839319,67.9675122855653,14.867089367214176,135.50662013733398,116.3056689380795,0.05584991653395533,0.005147604185832646,1.7609207987457203,0.31324516010491993
570.94,25.96,2.7,50.38,47.6,780.5966305797409,1828.7537729523915,1757.549878896844,735.8597019646788,896.0938395827712,19.023158094673924,156.69716688156964,109.84697841154035,0.0606271380798188,0.0033869436217652173,2.1232030204083876,0.4216679729236042
461.93,22.42,2.35,52.61,53.81,986.613465702879,2829.588719337297,1848.4277806958005,908.6499706328417,1005.858502513875,16.64832879577936,137.6060742131332,93.60358877684259,0.0698716144076206,0.0030948535878747713,1.8050916743602572,0.4344114160560894
543.17,29.4,2.49,92.15,59.11,754.4136873021426,1864.7957258744257,1242.2817275788416,824.5803910100692,940.7027912346975,14.377168566547303,171.29711304870995,103.01304875735536,0.06023036318712565,0.003273133874810277,1.6523545541598808,0.3386508162094118
655.43,23.43,2.49,95.44,57.9,849.0276553063868,2565.630998692176,1282.1076916131242,894.4315934119328,1089.5731617635952,15.44839921487164,143.82083694094652,95.3148164452823,0.06365538681195712,0.0028932081872637423,1.733421223329357,0.3973665280489262
169.57,23.81,2.34,97.18,57.53,1126.9704340869869,3485.6069790692404,2682.485005554937,1129.4732769298862,1111.457814987124,21.51122055643967,142.73976716811242,101.26030652663354,0.06307105759016714,0.002241569702734453,2.0975485382742094,0.5368655514461722
401.35,18.4,3.05,82.03,51.63,854.8251217515891,3195.288581479434,2136.306263060005,958.1517131062188,1208.9114551331747,24.773306108427132,118.39965897808345,96.21930598188911,0.06445613593686288,0.0019316315182781431,3.5330452962131753,0.5723279759996576
110.71,10.57,4.1,53.59,50.8,1127.7630562758188,6146.868392315977,3307.703396776106,1403.1887223735719,864.7014337412868,38.65728520873914,82.20776520771483,91.88806692638867,0.0743997348125616,0.0026567973775468356,3.287492780566733,0.5820228967999043
434.39,24.59,3.55,68.84,40.34,658.6515303916015,1414.0825916654528,2002.0413246969401,650.1223256206849,790.2921738938287,27.250163281091513,151.05582907638524,132.20676487844935,0.049325689736607836,0.00352549061772249,2.8365123254682296,0.5391605050552255
584.81,24.22,2.88,97.62,54.2,726.9232155424929,2093.7829505175423,1503.6581289427675,837.960100170782,1063.4848020538634,19.425992981821945,148.71182258492738,102.2077808156076,0.05988842630743992,0.0026314600800591958,2.530483472285024,0.4745715155888798
463.83,22.54,4.66,72.88,40.97,684.8748709122602,748.085499845638,1726.3827180446183,671.3561862597063,154.46594851564254,24.997809609251433,141.61557717501117,124.67302839957607,0.05032635330295485,0.00682994227395415,1.3276871690557601,0.5417857496075946
644.56,16.53,4.88,64.35,50.78,1175.3055040757079,875.9654341200616,1271.951310536536,884.3409096801236,71.04192358940398,16.14982308512787,115.2749711955777,93.51478367581973,0.06704124171020816,0.003786591323174864,1.5134661476648892,0.33718915952769063
319.67,12.98,2.25,73.43,53.93,1574.9691669102892,6671.631837915004,3265.042904952252,1188.784521527172,1203.5559091246655,22.70383968998966,91.6440225776943,85.0811021200328,0.07294070101855758,0.0020620008255758365,2.3934086200993505,0.5565457661829958
565.25,24.93,3.65,70.52,50.31,570.6142676214309,1548.5171516289195,1532.4867731266702,762.1436540838989,922.9136427184322,24.442952778679107,154.17662884836332,108.2658355262743,0.05859571775791469,0.002795747248110853,3.2516786477770445,0.5664238108061511
387.91,25.54,3.01,88.03,51.52,711.4300982548938,1954.1847120389493,1806.312471728351,820.2794493647207,987.2832420061721,21.935695234687344,152.27808473604037,108.89407689701443,0.0577101163336481,0.0023633242314496424,2.8895022539818283,0.5186124913420012
446.52,17.79,2.3,88.11,58.45,1182.8670730871268,4050.624674508694,2041.0639915000077,1060.683857972592,1112.9094023298533,17.785921986648077,116.09355742743972,87.58003593480892,0.06980682637855767,0.0021578006303159423,1.8647718465235168,0.5207629147537494
150.6,18.0,4.96,76.33,48.25,1631.7985841043671,831.239063351056,2025.769516705427,1008.4012854483706,71.82893498862751,14.611150426042961,118.52966679197785,107.26513304813078,0.060932669350660024,0.0038859265822465206,1.8397589285048113,0.3555953419378228
338.16,13.12,2.97,59.24,42.45,1159.3124282951424,5350.139002191363,3070.8239928427074,988.757404072708,1401.630246815311,29.443671178394233,92.91390917637646,98.40348579956338,0.06447512195955661,0.001463789417887826,3.928020926629382,0.551226808290264
358.9,27.44,3.27,61.74,46.43,665.2741554866894,1460.9056132951412,1911.7648404233087,705.6056406965007,840.6557233544235,24.614635487017956,166.55243354652532,122.11416298299737,0.054324858755984945,0.0029241526938893424,2.7607822246710914,0.4954408574794227
377.55,26.36,4.14,98.57,54.34,532.3575299198236,1235.0104154695182,1552.2050895298883,810.03646409402,581.5143562408593,25.65147855462828,158.19167111048424,108.48434183402145,0.05779836905241318,0.0049517623319723795,2.5618593487732264,0.6009953688098428
585.59,13.39,4.92,59.83,46.89,790.6012678764052,1829.0165954698723,2052.121002867606,918.8521905944841,317.23987134916547,30.945697556912773,97.90093646316282,92.75750236511155,0.06668578551093311,0.004648265291951824,1.5656237055061526,0.5544095282746031
685.77,10.82,2.68,89.99,50.77,1451.7512401471972,7557.682102452132,2942.2058454862195,1093.002739968185,1549.9198722382248,26.51074302438615,83.58476025336282,85.55159141622632,0.0702087889949198,0.0016724005679433689,2.9666639386209637,0.5256077424703215
667.79,28.68,3.62,79.38,49.14,530.5950449397783,1172.6895794140357,1429.2992602785587,671.4620507668819,828.7487264070347,23.325381422320767,174.08774664108185,119.85317655600826,0.053135721711874,0.0030508868797586037,2.8463688521128367,0.4845781304500518
104.32,10.11,2.72,61.12,54.05,1739.4992907300289,10643.617824776193,4577.8339805178775,1623.2345918829396,1915.5422639339124,34.222696951289805,78.87086480282349,87.85549824163245,0.07663758860587895,0.001988944920823104,3.9974207538614293,0.5749862205503938
635.62,11.3,4.29,82.93,53.02,862.7075174799461,4869.824178060061,2334.0628831323684,1047.4584794940063,1182.1764971706841,34.88006845064861,88.29865905408154,85.48482563959092,0.07114620164534056,0.0018027495140501592,4.656111986832935,0.5390135821861762
338.91,16.47,3.88,83.54,53.0,748.7855475408217,2903.6023113799415,2135.5333950683494,1009.9705615116198,906.0008989132344,30.07180951439619,109.87696456929366,93.33767603776835,0.06667385716612746,0.0029280063072333355,3.692564376076178,0.5688509546135359
135.98,14.83,3.4,87.44,59.3,1018.5039601689083,4854.424423439233,2913.8796765368425,1399.0383937934848,1342.4429688061043,32.9196740986296,101.54417210926027,89.66309024748212,0.07200863011196405,0.0018465697293246995,4.462422992516276,0.5825103431238978
253.26,23.64,4.96,58.2,54.18,1256.670060288585,621.8117458309856,1463.5269043802916,885.2217079834221,63.02603293332123,12.083683626489044,145.314532134454,101.73320316408366,0.06591943900574455,0.004433212694995106,1.8245482325793068,0.2992609636631839
432.04,10.56,2.91,90.48,48.37,1376.2725363327027,7793.801945666297,3368.840306169232,1113.3288927400665,1619.3500907981645,30.367097983602932,81.43549276984187,88.81271047278133,0.06862961417068203,0.0012934516831494686,4.064722283643638,0.5271527455118699
544.4,24.0,3.37,54.82,47.45,644.4203909662504,1725.210374184727,1722.7451836009698,755.0965695558932,929.2081675520187,23.99900694687269,147.7985812339034,108.40303730201282,0.06040291779923935,0.002938031428887895,3.0915812568379795,0.5546065310160525
403.57,27.71,3.21,80.12,49.77,639.6130156037965,1558.724108619752,1718.9347259796805,744.227426397393,912.0462149586796,22.6653188956672,164.47107813389428,116.46324546566935,0.05491662246915818,0.002635863106184633,2.8819300115079036,0.49139331265323916
535.4,12.69,2.04,81.15,51.52,1760.2179032497484,6665.469112633295,2660.0438828089536,1095.8086927569504,1172.296859291769,18.404532104503637,92.96067234249354,86.43746082110455,0.07026012293332723,0.0017997825570090276,2.207347265913767,0.5434029411419632
139.64,25.73,3.31,53.98,59.78,784.8380081498965,2427.473454499301,2310.2490334734457,1132.6025602113793,1062.633089313664,28.48287021821303,153.5082173307963,99.23149080520909,0.07125109246762948,0.00417571425347887,3.458152476272787,0.644657038471656
533.82,11.58,4.94,84.29,57.93,895.7213321272432,2192.9837327523605,2138.324877528705,1086.31826653178,222.1782351333435,31.475845424948638,87.46718581237253,81.526278613687,0.07321843594176596,0.005760223557203804,1.3891184947279762,0.5395997507266369
623.22,29.46,2.43,98.43,41.93,887.141775913251,1386.636663320015,2092.4873219125357,583.8378933124086,712.2375960488893,18.87157651198545,176.0003198067112,144.09072102127575,0.04489364077113411,0.0024326864143313434,1.7343295896931572,0.3237904452743382
464.59,21.68,4.71,92.69,57.4,559.4411695006083,1192.030692761731,1469.9906215371034,889.911122720871,367.93795376986765,25.8326554509844,136.14373365469106,96.22511940597792,0.06401731928641351,0.004733481139551766,1.8060390811495164,0.5885156010840097
390.32,25.64,2.11,90.58,49.07,1066.7858279876198,2531.268378758441,2047.1885794092598,808.7447597533453,897.9851180810163,15.437152886375635,152.73131555515522,112.70732291888405,0.05558032289357564,0.0021773063343047327,2.0051911599505052,0.3556946277592859
216.13,13.2,3.59,81.29,47.87,983.8915552211272,4805.884882721504,2837.3479364085933,1109.1086957766818,1257.373050127449,33.21314032887504,93.43169481268568,95.84740149637034,0.0657275518409997,0.002073449822600559,4.571750003686305,0.5520436176292486
694.89,27.02,4.55,68.19,41.49,533.69867947222,757.977662033178,1595.7709371152212,575.4066942742833,435.13720115510296,26.54293910968032,165.9254560015735,137.25033196136118,0.047903419739526706,0.007308201145041269,1.949795599853566,0.5047727054984219
201.55,29.34,2.04,69.81,55.15,1169.6618863077244,2827.184117044851,2474.16062920557,937.4417861213396,917.580576464758,17.276715231391925,168.76282892276532,109.96190412658011,0.0603756511181889,0.0032262254818536656,2.18054412756459,0.3816353770648038
490.31,27.87,3.43,56.92,59.9,555.0327133355617,1562.5885830917036,1377.64277253398,841.7528795570278,964.5314014557326,21.768451075270097,164.7619888790503,95.54832735560082,0.069205653216614,0.004069628356791012,3.2075796422735547,0.5347577492721332
616.13,10.0,3.01,50.62,56.2,1364.578210179961,8366.641125318502,2986.2911525844697,1169.513896576321,1760.8167614529189,29.600048399868154,79.45254792275442,75.4598780524248,0.08447604614901776,0.002080032380586842,4.130570545540873,0.5644865768931733
507.36,17.38,2.1,89.88,43.9,1356.5755586586688,4067.638036136876,2500.7821343433257,890.5704906189851,1035.241083468073,17.804312429310414,114.8129773819514,104.60243698106522,0.05846102718663357,0.0016824064520773942,2.165515715246502,0.47989571370562273
210.23,10.06,3.38,58.99,41.15,1284.1260644260724,7870.566577097162,3623.1298874866393,1113.1172488916256,1644.6439673650532,35.70012015570995,78.35669501047079,97.93629575552555,0.06555331866673472,0.0012469010207364734,5.286562574008143,0.5390652942163581
472.32,20.45,3.5,67.62,53.99,675.8045308812746,2372.5545557122505,1763.4533289562555,909.3566311729035,1091.1620452021064,25.534769594659505,129.610240587509,94.83567276726285,0.06660585707892677,0.0025062424637537425,3.7691030705529034,0.5947026550276889
504.78,10.9,3.22,78.71,44.25,1203.5931842225248,6674.002609208652,3115.9886784016176,1025.5044750628365,1534.1590073944055,32.06034121184147,83.41638153427625,93.52241740887162,0.06556029053031005,0.001343649821952702,4.579820258669634,0.5266555237656151
470.43,29.91,3.43,74.28,58.5,538.4599841211751,1397.1031986178214,1375.290640915897,794.0064568893662,918.577371611931,21.587789443952666,175.03556651489708,104.38496220197005,0.061441023395873796,0.003508214406518908,3.082950415551738,0.5036314482458799
473.65,27.08,4.09,94.63,55.69,497.6398189126713,1239.5607916651452,1400.9195340039153,792.7601172240431,705.2297281954123,24.73259208271953,162.46518485132117,106.83505371083426,0.05842433207918754,0.0037606112304650876,2.9302489476593068,0.5922459124293703
222.76,12.24,2.71,56.03,48.6,1381.5117510611833,7106.589074665036,3536.300708955203,1188.3101716051028,1548.1335087755185,29.24455990318123,87.9992049825928,89.50005709304045,0.07253560166958241,0.001870188496903481,3.6526571076514998,0.5672463908288597
170.08,25.97,4.11,86.37,45.08,656.7130266402997,1400.5002777541474,2132.6931079698306,778.9365187500844,580.6851946670165,31.100035110622404,155.49526244555037,128.8837262522459,0.05110186541159158,0.006651634001891836,2.3569602232971114,0.6002998190869716
241.71,22.48,2.24,50.92,40.16,1196.8951840443333,2970.105474123243,2971.802859044417,788.8770552722507,960.9641566416243,21.59747718262419,136.42349141829052,121.80577774814554,0.055223421318423026,0.0024467275944368284,2.193325056101174,0.4765785565624052
527.75,23.63,2.82,73.83,55.0,764.3387260448735,2241.2120843951975,1598.6957413690893,867.4250517807178,1058.6647047977096,19.404514032487704,146.05464836735086,98.34061754359632,0.0636954662662937,0.002781997496446884,2.507228538018525,0.4854785698669272
541.7,22.86,3.54,73.42,56.43,604.2750133278164,2015.318386848474,1515.5311940442307,875.730789406067,1111.308396524079,24.1252563921687,141.98256494236838,95.8914872231449,0.06535116444764645,0.002817716465699533,3.7074569153383905,0.6013012266848258
536.14,28.3,4.25,95.55,57.08,465.2504537752987,1075.0070961897918,1300.360147445982,773.0600525441032,640.7116768610148,24.46664171304337,169.0105837343587,106.74438430216634,0.058438204603888086,0.0037229605483775265,2.745878801281239,0.5824421798896179
233.97,28.83,4.16,66.49,44.13,604.2062637353167,1029.3028866279892,1977.78117294247,656.6934047929856,445.12956638333685,29.552831822863183,170.1377235648105,136.48259300041803,0.049784627841547,0.007556855856162405,1.86033814580037,0.5407101104379335
413.85,12.13,3.96,95.57,40.82,947.3818910328721,4010.144826750828,2689.3259413224746,935.484493702651,590.5699945761346,33.72574615538456,89.69346898882813,103.33174496887251,0.059673716326953605,0.003961831903843937,2.3688957218578692,0.5267483369622076
383.78,21.75,4.06,98.16,49.95,607.0876898311419,1622.922968280278,1757.821909858581,839.6188303240098,672.6363423132343,27.247769822349753,136.15280551951506,106.64205632685972,0.05820922062952581,0.004200070802377362,2.8579047420047954,0.578479817125118
324.7,17.37,2.31,75.88,43.59,1259.934619699691,4124.14060965683,2907.1232229939437,929.4638381986922,987.7945385812474,21.660160610405246,112.41039308931661,105.1258490851472,0.059581376756361853,0.003393061083878532,2.206100205900674,0.5597139997789493
215.52,27.5,2.09,54.49,49.67,1165.8015324754954,2784.5310433317086,2627.8345803538573,867.0643703153968,923.4187951181291,18.35746696844186,159.8989741435576,112.71385984198639,0.060552634986249826,0.003441429347716214,2.2099447730318333,0.40092379268003026
136.14,12.78,4.35,54.93,58.42,1777.9694026066022,1442.7952736367442,2317.4179823533796,1377.783003577759,80.22570447715272,20.331051138539706,93.08210983065563,85.96929500211783,0.07958739877376322,0.0029143853620330483,1.5051628949362608,0.34547412162634283
631.46,17.77,4.82,94.79,53.06,1025.2979900983935,896.5540717715726,1292.5857183942198,886.0364324922681,73.45796186926374,18.015057908927126,121.07609166016542,95.72734089716876,0.06365954403291638,0.003942340841135065,1.3813181807735113,0.3484607666730493
163.32,26.47,4.2,80.51,51.01,1337.9613147732966,857.5055266323418,1765.335261722776,879.9090331897186,65.97724739447128,15.535162468818339,158.24105254018983,117.52513006617916,0.056277745150052745,0.0058208122065257365,1.6537962618884694,0.2815317400751325
367.28,19.33,3.04,97.61,48.33,844.5148545689619,2932.0162101448122,2194.3898567444194,907.6409992693499,1151.5407689900705,24.95704931291765,122.64492607256462,103.39825954022427,0.059738155684312205,0.001748393263312925,3.4130667288912093,0.5659166152803446
371.74,29.8,2.39,90.45,45.62,916.1537087952421,1668.3687076914753,2219.162063445572,671.4232548832512,777.9799307332823,19.087319049234043,174.62905944689038,132.34202200879702,0.048732785406267576,0.002256173052775387,1.8367570950159797,0.3589949128821471
682.61,28.19,2.19,61.61,45.12,946.1811861604612,1795.1510260599982,1677.2171841882596,660.9295439126356,786.33856632622,14.513731876582305,168.44030543314238,123.61771078692443,0.05275380371553485,0.0030948502896238164,1.7161116841413577,0.2841853496027717
393.88,22.33,4.74,58.86,56.11,958.0517019426172,815.9120338823553,1304.9761906635244,880.2710192724511,71.31899441400664,15.67000867154269,138.54211539961733,94.74787047816474,0.068546982477303,0.005624916303597043,1.4252261680727099,0.3684182114815491
426.42,17.96,2.91,63.01,54.82,908.931503838826,3418.497216235602,2122.5218655122294,1001.3532617599722,1213.2897051885748,23.58076218761501,116.68952060274069,89.20733851982425,0.07099099561774073,0.002280783603104112,3.2244609153691925,0.5902078284501122
201.69,16.95,2.67,61.48,44.85,1147.577854357007,4356.254971662741,3032.914680655718,1018.6572538838269,1288.3528652621742,26.569163342363556,110.31822326599051,103.27952033119203,0.06286071543386998,0.0019367892236635466,3.084183990985956,0.577624736204598
297.49,16.42,2.35,62.55,43.7,1285.4643421621051,4645.078494669197,3020.1259847541105,964.3482271436259,1192.932409674605,22.798892414024753,107.9852633152826,102.11422609112925,0.06241299045154811,0.0020365262750207647,2.2096264399532197,0.5667722283850942
676.6,11.59,4.31,83.3,44.52,859.2316710093908,4145.572698572919,2401.13322584433,943.0162836432238,948.0271065505428,34.89836013562383,90.71478508256051,95.49070499599078,0.06386224924036052,0.002498320417509991,3.870937342921658,0.5306615467934711
355.8,28.46,4.2,74.67,49.31,537.7948444450709,996.69141095189,1647.5147004069788,709.7751361572887,498.1990885897021,26.24655835465814,169.28480345844653,120.29592740040846,0.054141607037731715,0.006336124096880787,2.2326530655933463,0.5568311369423666
457.34,21.33,2.95,67.18,43.36,821.9495102014299,2310.7242431326345,2120.201014551315,775.6912857714209,1023.3785105912127,23.669078591030264,134.81075170318903,113.52098380433502,0.05600333683192514,0.002054592766693641,2.8330343483417693,0.5536193201710784
551.44,13.1,3.55,92.52,52.09,921.4100225964152,4759.641086000782,2382.787021712146,1032.477210651913,1434.3823486636647,30.68292260347499,94.49585019498164,88.7388733307973,0.06840645963511802,0.0016770693493778099,4.831845663088665,0.5424055105290431
699.65,14.52,3.27,58.09,47.47,920.2825753729151,4137.748905035632,2219.6506204952498,942.4453037995559,1378.165475992539,27.740141109771923,100.84285684716139,91.4278585972859,0.06835307987417634,0.0020414179027703184,4.074208540666072,0.5604498506738458
544.29,28.3,2.46,57.42,42.98,880.2192921649304,1567.5499869543874,2076.8220724826747,630.6099006394992,768.8527605758517,18.916427622566502,169.90676368027778,130.83652428792428,0.05119406922103418,0.0029981804116191823,1.7524389260767366,0.350296459212065
301.14,23.72,3.8,84.77,54.66,610.5917781155631,1782.0753993723106,1785.549674576962,902.3740703325552,785.0412226652422,26.65025326727971,143.732813370716,102.77545781433935,0.06165049837389882,0.0038181074696297447,3.1906276337333637,0.6004462628293127
291.4,19.56,4.6,87.49,58.45,1288.8171825382112,786.2576117299991,1408.739175565183,1008.1624735878285,65.38680530767272,13.76779354586194,125.17765531334915,93.53343051279809,0.0672808095987689,0.004567377813865226,1.662260431942293,0.32717680193280807
228.06,23.02,4.43,68.33,59.68,1313.128227264565,758.7412586121011,1421.443460183383,1009.1989435451295,61.92681908784694,12.733475452634,141.13963523094955,95.73054657424319,0.06861235698327858,0.003931487107492148,1.7472055229572585,0.29991670773127815
650.11,11.31,2.6,93.13,44.35,1457.7934039728516,7016.863317747542,3146.1224753201604,1017.5037842912315,1463.6285719273194,26.396396316033137,85.26684138373678,93.52265236551006,0.06447002525196713,0.0014441386775190452,2.8206520426843515,0.5199597792357626
270.07,15.07,4.39,53.26,40.46,1487.4651990627299,1147.4735565759252,2012.4851737613646,880.3962149032512,75.4009818866295,18.593498806525968,104.38162329425786,107.74890469145977,0.060699685311195586,0.00440574482375882,1.5076685925183164,0.3365059888677326
112.75,11.55,3.7,92.05,44.24,1149.5451032084363,6168.9197831064985,3407.490357987663,1257.1220381097874,1404.0704226234682,37.81688164869797,86.21904805760518,102.93069001577204,0.06250037703134916,0.00215728360879221,4.782519165107282,0.5453882411758408
502.1,17.74,3.02,80.29,52.25,871.9553909474595,3291.032883373989,2043.0006668306937,953.1265997582176,1235.7283619537523,24.232249957898134,116.92578577533747,93.88637728954258,0.06557711108975059,0.0020569169088354485,3.373389691912959,0.5696476480091799
343.05,22.6,2.15,90.78,40.24,1195.3757057374437,2629.7410597372505,2745.9365187529097,753.2703306401997,811.6385127728865,19.237761863868155,137.81903416572501,125.15421485707054,0.05016954520709946,0.0018559500124075417,2.205828318258643,0.4255320972675139
107.41,19.88,3.88,67.04,41.32,849.5847955694419,2522.291283290695,2701.929648840662,948.2059861250933,925.2103637327986,35.6307665699591,126.70595224032725,124.52112847557078,0.05408761419233767,0.004599095419130069,3.225131551871352,0.5901477820584867
309.8,19.51,4.72,54.86,51.35,1322.3605259388894,747.1339510522919,1480.6573183312357,906.9070568406216,65.6216201930223,13.299309695114697,125.67078604119193,97.39420099011905,0.0678844387575046,0.004773249871727245,1.72206168843768,0.3319731042201372
667.79,14.07,4.7,86.1,44.9,1268.3642642579332,1123.0784688766819,1667.8227588072689,876.9997626376339,79.00886200514825,19.658207974526636,102.52036636310267,99.77287679895123,0.061367815203356775,0.0038022831481496445,1.420800494981402,0.3685115015281346
461.29,26.78,3.46,78.93,41.4,645.7042055074969,1255.585507768497,1945.7319562852038,620.7319086547316,763.6995171704291,26.349766662205695,162.57157819981492,137.09643798992937,0.047410663157465484,0.003226828152439182,2.6596000409944685,0.4925895535116462
419.21,25.09,3.05,80.25,53.16,696.8637996248141,1990.3881776142748,1732.6784883903074,840.0514344758111,1004.1338674476082,21.79146623081925,150.28401525176457,104.58449976942009,0.060221480892990585,0.0025326839469833667,2.970391300992596,0.5314068858587859
212.43,22.47,2.99,58.24,40.28,892.7278308794781,2343.467929640979,2604.9310573133403,776.9371240842927,1020.6018522392324,27.59503450625755,138.15502926064198,125.53314130397288,0.05314232354361023,0.0021353125356458284,2.910733841834976,0.5785913889237839
593.13,24.47,3.26,57.96,40.14,692.1219044595293,1505.7747099938256,1927.0424999358381,638.5985632745947,867.398527432742,24.844334030297112,152.71174752750161,129.64619723829688,0.050753886427449865,0.002488997665418632,2.6873081263157745,0.4866401973967121
340.87,27.04,2.35,82.34,55.74,916.2078319759728,2343.874331047877,1880.4278568893192,884.9817107373115,940.1080345436342,16.712666551388804,158.3621127842181,104.11971955595124,0.06073644099373308,0.002512224327894418,1.8222793010930385,0.40358692280801195
474.78,24.61,2.39,77.57,50.36,921.8446067691568,2342.321257603457,1849.0651276842905,820.3614118196921,926.8759121833434,17.018247379467013,148.0518101508444,106.79784406233428,0.05875700078830077,0.002416562235147121,1.7709284016953386,0.4089490210493942
411.13,10.15,2.04,58.77,56.2,2095.0561593677194,10396.080073549216,3557.7379758995307,1268.68953996408,1445.2015049684933,21.591435654632388,78.16560993703125,77.15101825218902,0.08177793240912748,0.0017881641849484802,2.683180531939501,0.5555862252167
213.9,15.24,2.88,79.77,58.35,1102.8255398313395,5101.496205579016,2827.1977626513485,1247.475433008093,1378.9392350261755,27.600726567113647,102.91808118297591,87.01926791529459,0.07291829912710497,0.0022812942532182095,3.707808160993594,0.5788536051599101
146.46,20.11,2.67,63.3,40.98,1131.7081924373413,3532.2964855409555,3149.0108576608986,923.8064345128153,1216.403995993887,27.82309643766653,126.02039945292786,119.98333759032377,0.05525664341540302,0.0019942667405926516,2.794695026195111,0.5861253391929915
223.75,10.99,3.0,60.65,52.0,1342.2061652403618,7728.860467605891,3531.605740511759,1253.6974749114859,1623.5349619046629,32.11743732651138,83.42155600051444,85.73176319647301,0.07526819875003878,0.0018842098607493982,4.4319300858916675,0.5629663904899378
560.22,26.46,3.38,91.79,49.12,599.8465787178977,1498.152116841419,1567.4365112693715,727.0481946390511,926.399704129032,23.018029768671305,161.16508523096073,115.80028730167999,0.054035606182885366,0.002593139742933842,2.974425567035745,0.5043183153673568
134.94,11.29,3.26,92.89,43.79,1283.1594896850772,7273.4540151401525,3644.5022988046685,1228.6639291420865,1622.5082568541577,35.44803030039187,84.14989203222565,100.91766131882349,0.06303744216909418,0.0014392867364780776,4.846815519986508,0.5391676052758747
650.84,13.69,2.7,65.43,59.55,1182.4698708799535,5233.9426868454075,2163.9034424901615,1104.045214137244,1409.9702421745517,22.863868273788007,98.00635994207386,78.8766301411946,0.0783020366649558,0.002358169217080936,2.6430315033613745,0.5694805551016935
119.47,21.69,3.88,82.22,52.23,779.3251301748792,2409.4950306481583,2420.2617071118125,1108.4139128703748,765.3102374848456,32.85639239632598,134.73210237568074,108.57211868635339,0.06088207560818348,0.004657027717794151,2.8727214964499534,0.6056739853426752
339.61,26.81,2.06,69.5,50.57,1094.789310323054,2496.1322852500384,2127.547075406309,827.0865950982997,852.0038964695807,15.338881316595469,157.35250199172873,110.18061939950802,0.05849953352887291,0.002527148910076635,2.0682743108441524,0.3525410801228813
117.79,24.34,3.9,76.44,48.39,755.2157222489648,1985.1962731915282,2405.2342748181827,964.0386599089012,742.9678778659377,33.14210493850156,148.5162043314787,120.16510207020934,0.055922181649866565,0.005278289041923616,2.7165189743243716,0.6129497992599556
237.67,17.4,4.09,83.38,46.71,1220.3631186504147,1306.7076198715956,2011.048500232738,948.3640432517013,80.933571944376,21.041885028232077,114.57753437864258,104.77195738887411,0.06044558601365513,0.004521273967831631,1.3656583280634123,0.348808497780821
642.03,21.34,2.26,56.43,46.15,1052.1165702938663,2892.5301772021203,1847.2559604185274,815.3093816319089,991.0611370486449,16.012267585475673,132.4873205873901,103.59558769068921,0.06157071348322031,0.002593818429421575,1.8202354872591726,0.402775492036011
256.71,28.24,2.57,99.95,47.99,891.5257758847516,1913.2226051581215,2332.257055671136,776.4875792810788,772.5294292479043,21.556757727059438,163.87143759175848,122.9654104987444,0.05183931778511673,0.002497749434414062,1.8363123402456973,0.4487092232028073
578.28,18.67,3.65,68.87,55.55,674.4318367409002,2648.3414110479707,1711.8041615551033,936.0304476081744,1210.931149364836,26.679331615690533,122.2779105139865,90.30816686525509,0.06911597440829424,0.002487897381689238,4.16154187358076,0.5870352615225597
446.49,21.51,4.97,68.45,41.94,1000.6128542095324,629.2115814372145,1545.091340847876,700.0083455923324,76.11347843610531,16.991532286957156,136.29137752411106,119.61077654026202,0.053136836351917335,0.005629703115441334,1.4330277592877503,0.3890170775973522
480.15,21.93,3.17,65.86,58.6,701.3071018418391,2459.5866950833056,1621.1865820138348,941.0220445632538,1199.2799658308718,22.31374874858147,135.78556329097938,90.7042322544768,0.06994649032869049,0.0028708587303668703,3.4581194037176317,0.5995312061111132
647.45,27.51,2.73,86.76,54.4,702.32672740785,1799.4349162244719,1311.0161224027256,778.6404690635853,993.0051816143663,17.09961372892787,165.26026786548059,106.59176037048009,0.05810967914576783,0.0031203434675623008,2.062287901723707,0.3894862470866466
165.18,22.56,3.79,93.36,47.68,723.3985778208208,2043.9027464839223,2255.791939986679,921.602436076791,809.9596200996592,30.81898219004055,138.76052169159746,115.33815233225967,0.0559247283774129,0.004508588666633839,3.086451351244218,0.5899352610602628
576.89,21.7,3.74,68.86,43.88,630.9507890614726,1694.7084393249224,1781.0240800962717,737.2037567507743,867.4774244708593,26.888536145624126,139.48680737563964,114.08850878639653,0.05549693567334783,0.002803302364387894,3.1850442324494614,0.5810593207784536
213.96,20.22,4.48,98.91,47.72,1454.2996327675041,844.4203375941572,1725.303168446275,901.268335265275,66.29314780219332,14.291606669083293,128.62098925806077,110.51406976227571,0.057420143370830755,0.004730825734399895,1.7456546848042398,0.3107848400906636
122.86,16.95,3.23,67.96,50.96,1023.4263921935359,4180.907751170102,2972.5598786246237,1231.9034105843548,1333.420749837134,32.224965757786755,111.63155385296214,100.11053611718684,0.06624577166734674,0.002070604584202588,4.072908870030711,0.5935644991416553
365.1,22.72,2.69,83.97,57.35,854.6543930279299,2694.6792907870135,1890.1234708806655,964.9981880109096,1087.216945364124,20.01104822548899,138.33230976708785,95.7184184727975,0.06518360019763413,0.0023202117353365794,2.5787705778277177,0.5319097885643254
251.72,19.59,4.78,92.06,50.54,1435.1906336107052,753.6989467373432,1614.8323641633604,920.9462021065043,65.53586545405658,12.974685387683703,125.94201803572861,104.29694382593702,0.06062980959202479,0.004075568331084725,1.8192879239873463,0.3350612401583427
352.72,27.08,4.74,68.6,41.67,1092.4589578599523,620.0410986063373,1643.3273451529108,603.5807835349692,69.12765051968975,15.90382609707743,163.96062785662494,138.92903946537055,0.04813687942130968,0.007941212043803455,1.601169272000535,0.2993198285742731
622.38,18.88,2.18,54.67,54.54,1184.3790691028796,3628.1169519781106,1621.1530459614396,959.7156876547502,1003.2895743231994,14.763663432999314,122.99628960605743,87.53675271364428,0.07274156208937362,0.003007540411501653,1.6909862282058952,0.40664185302900935
423.06,13.4,3.46,94.46,49.27,950.8530354903547,4604.890115229433,2563.070958784709,1024.5683410307242,1318.220518257004,30.8250899625651,95.37187015330014,92.82181311829729,0.06590586378676894,0.001501874034287824,4.536355316864181,0.542674747628117
308.74,23.88,2.71,91.56,54.65,849.4273427975976,2528.9887614953045,2039.7688180677071,932.8738291119857,1047.2292086494876,21.008100132410956,143.62854160202517,101.9636690424174,0.06138379000910937,0.002119244307419405,2.636544994029008,0.5332161978879726
375.71,22.62,4.04,95.35,47.34,611.9128110044364,1452.4104716625716,1820.3846262165973,789.9077374777796,628.6290090067567,27.595814759419586,141.45148090475428,112.9275875434506,0.055372041099406855,0.0045301009022976615,2.682058182563546,0.5797788566781522
580.41,14.99,3.01,51.99,55.37,981.3577915875426,4312.540777258766,2170.1558141509126,1033.5757738392422,1379.5889873227234,25.117500408351205,103.74842955144518,81.92930842969469,0.07823847641650937,0.0024997821819889203,3.5450734490785107,0.5908168379232767
433.48,18.55,2.93,82.15,59.48,869.7322883969532,3378.6503432313725,1941.2947148533453,1038.3454905493265,1263.2244296861686,22.801628726981445,119.13583601340204,87.58539989294925,0.07050229209166224,0.0022344815130002616,3.295683306102852,0.5830566536962695
536.49,13.8,3.95,61.44,52.13,806.4439367532932,3714.5231799421986,2195.1866973000683,1004.6734185694626,1089.7806442182866,31.600451278835042,98.77740943362207,87.02886876742535,0.07220753244380004,0.0020109258579359577,4.257196399367386,0.5677148798138096
344.08,20.98,2.05,77.34,55.34,1237.6852615379014,3629.2452044838474,2133.25023255748,1008.6126690412444,983.5336024706946,15.499116923049296,129.91313107344834,94.41539130437467,0.06625176129847916,0.002170790587504209,2.085530611917008,0.42697167296640526
527.81,26.52,2.92,79.15,49.73,705.2710017606443,1717.871277566224,1643.6596360687386,749.9041530865679,939.1874584705452,20.309774284527606,161.15389308382723,113.11495713381105,0.055701508228221584,0.0027180512517879694,2.449788217846515,0.44593648249716805
668.41,20.43,3.9,86.78,59.56,569.4162071792778,2318.1866627713625,1433.5607863750558,922.3585193082012,1358.1339451083736,26.715214109606094,131.3182723079684,90.25692270476672,0.06762839908927055,0.002697566627978606,4.678868317719471,0.5853793531601086
524.16,11.56,4.82,88.28,47.85,1602.9246033279644,1213.3496175281705,1838.8293608039598,985.6536232694608,78.0724874719369,18.525665319040186,88.4261659612924,92.90079653817413,0.06593486082006421,0.002915859127158655,1.524250289290194,0.3760992188858309
365.05,21.54,4.74,68.07,55.72,622.4973878390446,1090.7983633957044,1575.7610246691868,901.286092066365,232.22758465932836,25.088174338491203,134.62734049069786,95.61841369392145,0.06577903101585558,0.0054940305836308255,1.29487890727976,0.6008572844374013
629.73,26.65,2.85,56.59,51.42,702.8171936512035,1724.7994051617984,1485.2222952525265,758.0382604630328,944.4919963309433,18.674709007342216,161.45829545801456,105.56749142331864,0.061758852581685945,0.003560391117134071,2.2593897297545196,0.4205857570405467
232.02,14.7,3.2,54.19,54.98,1006.4954303187612,4693.030769238325,2725.4673436982666,1176.143573688283,1355.6291775278817,29.637260662242085,100.36614247041781,85.93200743625815,0.07672800446971953,0.002165478516786899,4.324874757066784,0.5959503139032628
242.59,16.56,3.68,64.09,48.08,814.3451838772078,3187.116901836229,2388.596762244971,1002.0965366920577,1015.4251241659587,30.78177601773148,109.58769685260899,98.71610409698069,0.06525227934637023,0.002928519202739841,3.889727936941479,0.5785544678475
345.42,13.51,3.81,79.46,55.05,869.4168194248878,4262.853123784199,2427.6448974968976,1104.704183837222,1113.942122436923,31.996588037990943,95.5387986580206,86.9093200003131,0.07156213981854609,0.0021809618865653584,4.377335053802123,0.5595449257738759
634.13,28.36,4.8,72.9,40.85,556.4140692922749,600.7599023069282,1630.6122892201777,534.6731685439636,347.7011298325707,26.316465348431024,173.73283131643552,146.63081372365875,0.045211727696771,0.00804544091951751,1.6268867437088543,0.46650924277460054
515.8,19.07,3.58,68.45,53.24,689.1700768605203,2565.884727962486,1800.4562240544797,916.9893084360899,1133.4923460774605,26.500099226417383,123.36128921051244,93.73681853949786,0.06690141677005657,0.0023564578858397012,3.9580988390621443,0.5859520589365035
319.88,17.43,2.28,84.27,43.0,1275.9679195853842,4225.557122349034,2917.901905434812,920.0225238996934,1046.1773548530991,21.438586409697646,113.40904584186585,107.15527953695627,0.058216006090081276,0.002922201072663627,2.2283633262662605,0.556262442320431
271.4,29.0,4.89,93.2,47.61,1150.1026798844312,575.4617759716904,1553.2761752812141,679.9556485788513,63.86699827316322,13.482019454252315,171.6684034145859,129.94137670924027,0.050233934738888285,0.006588429547597679,1.7591646961857188,0.27278955497442553
