d_tsv,h_tsv,p_rdl,R1,R2,R3,L1,L2,L3,Cox,Csi,Rsi,rmse,scale_max,scale_min
5.08,99.49,51.03,1463.6022122413947,1156.5855964317943,1447.0893281960698,1151.915802594946,95.66819263637613,21.76021493533937,838.0949368980798,186.96995725921724,0.03388397886814257,0.00628808681369592,1.6144721311576307,0.309712759062597
10.61,98.44,49.97,520.6356770253236,238.15847658028298,891.0320608116692,797.0234603467319,110.35907066708613,19.022993617078658,1364.752826710538,263.616937475246,0.024688977249810017,0.010729863886749968,1.515298333257429,0.4993582677183339
12.22,78.29,45.14,474.6479614796498,187.68688875685893,890.6268164948431,673.6817045756278,117.43833934059376,20.14032110257187,1511.6011861968661,339.4795474388287,0.021082453380018563,0.01567005440410962,1.482785484060688,0.4700078033800624
13.84,89.66,59.86,412.21377700226714,150.92886273201532,747.1476199624817,825.7464527422917,105.31110533343039,17.64181888868504,1684.1900484926248,282.8360646525959,0.02400325835910149,0.015954821529119458,1.5253349990419176,0.4303697719250319
10.47,62.48,43.93,526.9483627370277,212.62697597035643,1233.1051757869752,774.9485285101546,151.89046994937524,27.503459995219053,1396.9088925882693,307.4007520459092,0.022835671491206154,0.016271067534596714,1.4013019208205595,0.5152961871758136
12.37,52.35,54.32,520.3375035163376,218.50505749203154,948.8360844405014,927.1077753710123,120.09601564547373,20.78067392887952,1558.416629112141,292.0822631233382,0.024090309575109554,0.013820797660043056,1.506819532978248,0.4697789234428932
13.36,87.99,50.0,431.19316205807655,157.76168667873472,808.3752027374128,690.5451951519797,110.73592830220643,18.79029204708314,1622.561803219353,330.8994696889459,0.02143874423698277,0.017290728647300233,1.5013040753251592,0.44424293191509945
9.18,60.91,45.67,805.8435955283156,403.4556513230197,1208.165283553408,885.0269908129034,109.24482386261651,19.918585201822296,1305.7232459802963,270.71609361815183,0.02515428808571117,0.01002359044870913,1.6711925310033524,0.45747269297148374
6.12,51.68,51.59,693.2379401246302,2320.060824476232,1873.58210371799,1245.3858260771462,917.1061311726363,45.79004968273027,1107.3510303861997,217.3337197485604,0.031181228861466678,0.006236922839958634,2.4730896296481344,0.5229973423784651
11.55,77.41,40.06,488.310547610511,166.57121102719748,1048.3902253041617,610.3858909699402,132.73268498127558,23.641911109678933,1451.4486871738486,369.66143232992016,0.020005860010972123,0.015576105626145574,1.3835339954517292,0.5081057918627643
14.38,98.25,46.89,415.72530392105926,137.51039894966377,811.534041019571,577.2260054242973,114.76195001579786,19.361998922986988,1728.1515103287586,395.4730225597402,0.01931679591386312,0.021909429612946528,1.4845884868551082,0.430379584476944
5.19,78.64,53.11,730.7980936280543,4446.316524757527,1966.4690480440177,1228.8182663271366,1595.143721459973,44.99862782589725,900.8167697197833,190.77706973859773,0.03394085969141367,0.005862138801219724,4.658762256623463,0.4841707676030391
14.57,55.06,57.07,492.7468318716332,181.71164834192382,931.7320502502924,866.1810864903442,123.39199410355754,21.24406592353994,1784.2435857577266,326.7303675292392,0.022619581960931955,0.019721887617457048,1.5094948201892595,0.43943473373113245
11.23,92.6,58.41,485.78938611534085,211.78606429578647,826.6053440178507,907.895217453149,106.84807158162106,18.173295011770932,1435.3362630986187,242.2545111638481,0.02658365310454303,0.01059954352086062,1.5267655918582292,0.48392708721894634
9.48,80.71,41.41,664.8642951815506,341.19378790780826,1085.93823673999,739.1438306949291,115.04109035248568,20.735673419182476,1282.4932827657979,293.3393079561048,0.02314751038595558,0.010755131946106349,1.5504455814996996,0.49029923144065857
13.07,52.8,48.98,482.98291092370624,119.65461754634707,1094.3652466562191,781.4852188226511,138.15681316061355,23.98583999864894,1614.0728996209734,343.5131341210502,0.02155838413754586,0.020811606743622698,1.4074997401650224,0.5141881497249547
10.75,80.55,55.18,539.6641463250987,250.1520505803656,912.2540121701055,912.4786145302947,110.83837485032792,19.179825823228057,1398.2063834310818,248.41343830940284,0.026229715218827748,0.010300145773540322,1.5292047459493705,0.49453661390766657
8.76,75.07,58.65,797.5316489028264,390.80781384563846,1119.162109416457,1088.8569262342396,100.88739645685602,17.75430620416783,1241.8277259955194,214.05040917774403,0.029997822076222067,0.007860082262460218,1.7200735041160942,0.4684350757157944
7.4,86.7,45.8,1021.7639339805019,505.85900409191845,1317.3197212690782,925.5766777147747,98.00667096002071,17.450727295262197,1088.0622062926514,230.98659698685836,0.027862400992945922,0.007533987509931231,1.8118650072300173,0.46409271314431255
14.71,78.07,56.25,430.9778415458612,150.4324216847484,811.8130568426955,761.0623586269728,112.49430512432373,19.06835932951273,1783.27764358502,326.9447653432471,0.02208843964632415,0.02011878133817668,1.5146736872970876,0.4249212266190169
9.85,51.12,58.31,601.7118105499001,309.82832935013124,1231.8217261319098,1143.8433221261735,173.04882120057326,26.554050819503463,1400.4102759950904,238.6582633579969,0.02843562069279716,0.009057625515868296,1.3390084596487453,0.5553227976393093
9.97,82.16,49.92,604.3891780230682,297.8312174938301,989.8957236663593,859.6930425078689,111.03379308316418,19.587202582318955,1329.4817825573336,256.4033340053444,0.025557023463321334,0.010057277930013011,1.550314009618081,0.5008044767147968
10.29,88.58,44.59,563.1047173717826,269.23002140808813,973.4790956859633,740.135845850968,115.77495005345608,20.273878809922014,1343.7726053198744,288.9360725129708,0.023251941280497228,0.011400455365158152,1.5044212626977176,0.4982359787432422
5.74,51.97,57.11,743.0864608356071,3238.6094523278102,1985.0693438749697,1379.0548109728834,1282.4176950303272,46.011047602317234,1084.465642533677,203.20730456083277,0.03341549551249673,0.006203884517868123,3.243761610006313,0.5340343027615343
9.03,65.6,56.14,800.5600773741528,392.5345385560407,1154.1924854213503,1068.7419222875715,103.65771912134952,18.491482295445522,1289.5953469355914,227.22594708400464,0.028847953070190474,0.008421704220791106,1.7073053619450806,0.4617466116711495
5.53,72.79,52.69,689.224462351613,3322.397717036106,1861.5520465683396,1213.3865392076887,1168.736413768121,44.717848655038466,953.4889177992789,197.02505229706682,0.03306396635834443,0.0059383539232233575,3.5279446819423965,0.492380027660012
7.91,55.5,57.33,645.613922589124,643.3843414635719,1343.4330869813862,1210.8355313165446,216.04350565698465,32.683424219811116,1236.9162704060532,217.33623958299404,0.03067478914060658,0.00724186695094913,1.3335223384001142,0.539153439432702
5.17,91.64,46.14,1367.381977169526,1215.519446747946,1526.4843270475114,1084.6997220726003,99.70665242703112,24.350879435935386,860.4274737172128,200.95453505786728,0.03187441222973869,0.006191683563358184,1.5098386364601823,0.3095866337363449
7.61,81.86,46.97,994.7801755152609,490.0296947395885,1304.3319928543674,942.4814218807393,98.68821704167694,17.584809858177024,1117.550539795335,231.30404257610945,0.02792726130990329,0.0076476669231649655,1.8026030771425077,0.4601146743820168
10.0,59.72,52.86,688.0504631706111,342.36121841356777,1090.7046367975606,982.6269345906119,111.871395157614,20.088848924035723,1378.7704450195586,253.59824129711743,0.026527969919982512,0.01009416083327721,1.6026304110836327,0.4777337435775822
5.2,76.69,55.5,734.0682481823108,4499.324889658106,1965.8021428511067,1273.3881302722832,1612.7631305245368,44.92263007547617,908.5828452513292,187.22584527058356,0.03463019785067265,0.005881187267555125,4.662172160561845,0.4906532189805081
8.34,76.74,44.7,871.71633658679,433.47453563469355,1230.9329435796722,870.8938294259184,102.79979394718636,18.565434500667592,1193.2805906140643,253.48125691045334,0.02599344363076058,0.008670125174739345,1.7319419515631855,0.45988214023855134
11.54,79.24,40.76,486.5240609838978,166.29919028633998,1026.5167499275465,621.4027832906974,131.18498757386362,23.040236035396315,1453.7208520439972,361.08428191971717,0.020288393388938217,0.015381584679107734,1.395393309762037,0.5088309965390106
14.07,87.42,56.87,416.71459160273815,149.6385930028372,770.1780304828083,773.7704920472102,107.50044327853168,18.125495115840412,1710.3945694052918,304.3050839383435,0.022875792813298598,0.017555072766325727,1.5184150155086868,0.42971753063226364
9.25,55.0,43.75,589.6393161773074,341.9426270472968,1426.0778949975609,863.6581320321343,188.60690189612077,31.887833905746298,1330.9677494969317,286.6407951072752,0.02436747431707054,0.0135107393748961,1.4698995901159524,0.517751646944508
11.06,75.31,49.75,533.4722250456954,242.0869907082089,937.6677750582255,819.7364180671474,115.47253489555827,20.034483537056296,1423.4959425904162,279.27232265031745,0.02408692137219389,0.011871415033944913,1.5061436826456125,0.49210793769227723
11.73,88.05,48.22,476.53682058965694,197.216371401418,863.8817258880497,733.4713650559526,112.68207028755769,19.287783867642087,1463.5779892444864,299.42600780023446,0.022692937953637086,0.013301105043263796,1.4971056971539736,0.4775412707252436
12.59,70.98,46.8,473.8051280094576,184.02353145510347,883.2305658243267,697.936692052319,116.58616763832646,19.970433134593755,1760.7435705246985,343.10739816498403,0.021210847117168172,0.019720407440318406,1.4954530651954587,0.45939433944873337
14.04,95.3,54.53,409.0903502726429,145.00239723206533,759.1258170760806,722.4053022995218,106.90025245728356,17.97720832268586,1699.3711594774468,316.25679138571445,0.022163802206277575,0.01809431559169404,1.51445939305982,0.42863463054718914
5.66,92.7,46.07,1432.6359992529942,873.6544201930977,1359.9969267743227,1040.5448954157273,94.5239126460401,18.02135571064539,908.7653924389318,206.3913825646167,0.030956477171473536,0.006450306905893076,1.8003124656420797,0.33203808765226633
14.34,97.87,42.24,430.68456441131116,136.98890265113272,868.1430885297536,494.57509480860153,122.2130086785506,20.794245030057297,1718.0427808759223,462.60389125515024,0.017739752184529223,0.023223718128262717,1.4623792047532487,0.4360351643841093
6.66,83.99,57.86,612.8820540827094,1052.6147830517534,1387.8892078590206,1176.3377785076486,265.4453388352435,35.96768509310308,1031.0284767375742,192.75138471391708,0.032998740319065974,0.006432444512320559,1.3997783456132193,0.5021796028744646
10.99,67.78,58.64,552.9425124278208,256.51732774711024,936.9583690236364,1001.3915026865387,112.29073966690906,19.542685136580378,1444.469742979652,244.56775756387447,0.027038111756305598,0.01051791150855973,1.5356353685519035,0.48829207010836717
12.88,74.79,46.31,461.3941984045047,174.7247610059568,875.7924963712871,671.5600998069405,117.05082689600724,20.03356888742698,1573.682319794169,350.6988802346732,0.02073286435774097,0.017012457680582738,1.4855173627276255,0.45850022638416643
11.71,75.51,40.24,484.6277782987949,160.92803599411528,1047.8854732143157,608.3861282962391,130.94792855176325,23.670954492610747,1468.759645527673,374.76821067049167,0.019890758069243012,0.016046463433048695,1.3852567652891903,0.5116302725108914
11.87,61.05,57.04,517.0953147654271,223.91384973985805,917.9948897615201,960.1533589976498,115.25874428836283,19.91519822761359,1514.5570683649044,266.53595056267494,0.02549638082593467,0.012270257339936213,1.5164274504270139,0.47625960615220164
5.66,98.37,44.85,1423.1214526641675,851.3822584026765,1359.1118027279238,1011.9165204718365,94.3739631876163,17.756457822620405,894.9853908811443,207.73755144914395,0.030575946389168347,0.006353466721433024,1.8128152896049148,0.33877289338366207
11.47,52.28,49.0,505.69615594087054,178.6437261081077,1262.9357820495877,863.2932000752728,161.07875163765797,27.33075060413174,1486.6639732532976,303.3631571398335,0.023425102641145792,0.022252555377049735,1.4651161310758334,0.5388979770124656
7.66,81.53,52.47,981.4363566331947,479.9377115144732,1274.2706225171742,1030.6507183073272,97.73467413308488,17.19742759168213,1127.0387283234356,215.3036920259665,0.02969798233580275,0.007325289609832273,1.8073827774759559,0.4638730330743809
13.18,86.17,57.06,426.89719250558994,161.61536465429816,773.0463935998907,818.1284836154837,106.44530898793194,17.935657297207552,1610.2590403089087,282.93215753134865,0.023872056207584216,0.014699584526965223,1.519959901253806,0.4432473882393361
13.52,59.64,40.6,500.1846835891964,76.42856409844289,1115.5369629410964,554.6860291092522,96.22229434075358,25.555144769554538,1646.5141014089252,460.3136669749398,0.018086294177299466,0.021603735332749122,1.4315366940119034,0.3501170457162748
13.99,66.49,53.81,461.9311209400277,169.8676362996236,871.4907831636851,782.3996139531982,116.87267011108415,20.016426416760606,1709.501659850014,327.82783765578654,0.022101358379108434,0.01857083796698505,1.5056553454046975,0.44181062785309333
8.49,54.72,48.89,629.3085198822864,475.16528513661234,1383.0064987078856,1015.6507911849033,205.12239802959348,31.923661636008553,1278.8741850890015,249.6405762320682,0.027193781774337757,0.00837681556011877,1.389845622374165,0.5250278426965833
11.83,55.51,46.13,493.400384684875,150.31018938917737,1153.6294902412508,772.5486014559917,139.44245745726954,25.788891688793274,1501.0454357228145,329.28070774455904,0.021967353771506916,0.01922310461721985,1.3678591894598953,0.5310454077142231
8.76,64.74,54.56,852.2272687285924,415.45018453287474,1205.1012249032603,1059.514683336689,102.87397067807768,18.383999759121263,1268.13933214398,228.85478356393745,0.028722482674423382,0.008320082187411789,1.735926622441537,0.45452498161168653
13.59,56.51,54.43,490.8536464811193,189.54241047644112,918.8820890277236,851.5993030289685,120.36551931869631,20.73134316119176,1673.066835631088,317.23029321733196,0.022773259100431213,0.017158083871852123,1.5045495487257723,0.4517642264572942
13.1,97.73,47.63,425.281449910259,155.156958928501,799.7881336991452,645.7873050654404,109.93109001562118,18.640564612128596,1589.9137516926526,340.5713994667584,0.02088710848995954,0.017084207289788322,1.4958216026138513,0.4474026517302304
9.1,99.44,40.88,664.5840467746307,342.80502538214006,1061.9874495861006,724.2670119266652,111.50230508799302,20.016660923362373,1221.4065210185975,282.0118017596611,0.02347191389827502,0.00982528048659113,1.5623899494974007,0.4756802096225679
10.76,78.15,58.73,542.5552161665026,251.8946744816759,906.6145323831748,975.563236175338,109.6782142914201,18.974824495907292,1412.2606422164679,237.89607501958574,0.027319817462198144,0.010047732764887275,1.5384576540349555,0.49298033015390513
12.96,92.33,44.68,438.372859117831,159.966681147249,837.963970499414,608.3975366326592,114.45702413889094,19.467768241785983,1572.496253448456,365.19550353376064,0.020021768285037194,0.017552022096272372,1.4821339186730664,0.4535088929156985
8.03,74.87,55.33,933.4841746527978,453.4960606374791,1243.5315490643038,1075.8206281665575,98.91982677869132,17.437546006312555,1179.406930107674,214.48713301302527,0.030034896403219657,0.00754652806741509,1.787632910369757,0.45890001880986914
12.52,89.58,53.17,436.126661472276,169.27314277746808,782.2292765644008,771.8304602803722,106.62651479215376,17.945717531958373,1750.7105083047952,291.2296250928349,0.02337650586953512,0.016928098972468695,1.5183394055022303,0.45154424525947845
8.61,91.45,52.31,762.3408445133299,380.41844805809995,1084.9227676852965,949.2444907444292,100.83528945354831,17.799587814457936,1196.2931880253386,224.7371289095567,0.028253295775875605,0.008031055119687257,1.6912277787636227,0.4850762333455198
10.2,98.75,59.09,544.8526868438904,258.07186518599764,873.9402821720353,953.5620650409443,105.93874556997734,18.164861087683875,1331.6234471857413,223.81997309470907,0.028092052566824115,0.008789708642286462,1.5514735633878476,0.5012539032796971
9.04,70.09,43.59,777.1397355475139,394.4413868107492,1173.7049150002535,826.5817870124431,108.90614942848404,19.82392037228545,1266.2855221885147,274.2858544704864,0.024589015625218372,0.009890194860218275,1.6503595092603391,0.4686653294374606
14.71,77.74,53.14,435.7708212440716,150.10082920410218,831.9199127715555,708.2605154597762,114.89395735074635,19.532633327758415,1778.7965373914144,350.0284421755886,0.021118940352537884,0.021173681866357198,1.5057877284458365,0.42724423857269034
6.22,81.95,55.41,611.1034146689796,1607.305008259738,1541.0038159846147,1175.4892652490405,436.50375279163876,40.30481254021774,992.22328051982,194.03605884011577,0.032956791572348966,0.006236685440921765,1.6728216791939832,0.49506700108069585
12.66,55.41,59.5,497.9615168592737,203.89790306519586,892.5027661430987,992.4413991705907,115.20074138262999,19.714780298220017,1809.6854676171713,274.87934533293867,0.025367553737776074,0.016148957436834123,1.523881935988723,0.45849169012261226
6.31,63.03,47.79,638.0706683332656,1704.7995167093889,1699.596786809737,1103.717479560148,588.8981308848878,43.373411162513115,1059.4043216052862,221.35188032665292,0.029974986767790392,0.006363925157832022,1.894673105579409,0.49899159685986566
5.94,62.9,49.48,668.889448670367,2390.778405757681,1812.4251699055826,1162.3277554678905,868.4749395564821,44.77780056099814,1031.5931893762036,213.46773483667624,0.031094733118267902,0.006183517497788671,2.5945891263165173,0.5013021240755772
8.81,54.47,46.54,917.6377669204122,449.3790065774941,1314.076723499618,948.3420705018481,107.61458332791359,19.671489408767084,1301.5155830338324,264.24451756621534,0.02594489694220784,0.00957808692168227,1.736432182658923,0.435318532965333
7.92,90.2,46.64,898.2513934403365,443.7402751078918,1221.1868520948892,900.7951075474789,99.15533502815128,17.637356225489288,1131.4530505657376,234.534640173401,0.02736865851264613,0.007919769591190052,1.7633914621195783,0.47034418498902797
5.31,86.79,46.55,1398.326117488831,1128.4117986716174,1474.0445713615609,1089.6280647185743,98.11050920647537,22.781193035163056,885.8440277505547,202.9949739795748,0.031677049373074743,0.006248771633232864,1.5799529876108682,0.30555467134455955
12.21,94.2,56.71,438.9756609947287,174.90053563511117,775.6822035431385,834.8702350890937,105.21683067607992,17.742210090690353,1514.3058961704658,264.130994671799,0.02484163820761158,0.012431512979064379,1.5209369112574496,0.45995413602421387
10.57,75.47,58.56,564.2812007286437,267.3585245218779,932.3247397342884,991.4387907753621,109.97540416317521,19.130181934997108,1396.1779979401902,236.21518241538013,0.027506430214496468,0.00970861937392216,1.5468220287395973,0.49410791330626797
6.43,95.71,53.66,1233.255826491331,635.9355575351168,1340.60194205903,1094.1615390832517,93.94223952185531,16.144334557895515,981.081061517721,195.3017399739811,0.03218309519420075,0.006569615631372145,1.8802051959300383,0.40601570190119884
7.73,83.76,56.11,954.4048441633789,464.8059254023429,1234.9346930933907,1077.8347278565293,97.13269033122869,16.925146030171682,1131.268525104406,206.54285959918198,0.030763476737598886,0.007238033850985682,1.803382144379764,0.46762517534109277
6.41,84.01,52.18,1282.0781008385263,676.436743146973,1366.6202377374555,1101.0539006295246,94.81398037774444,16.610251486251542,1004.2713933442167,201.85590898903396,0.03161621290002136,0.006605993599511805,1.8736474584707814,0.379682184918796
14.8,95.81,55.21,402.63804949059977,136.72099967071162,755.9292626681183,701.6659772459554,107.8455155088003,18.102446032721197,1783.333794993323,332.458686928634,0.021616303516014623,0.020590626681425066,1.5150545847839707,0.4171531682913007
11.51,64.06,44.05,499.00974895598233,148.40259498104038,1093.1957899881963,719.4216294059806,126.29571972778344,24.592000840149694,1467.2635695328547,332.8417424571169,0.021577411962746276,0.01533680593112848,1.3655747431289682,0.5195606672450622
11.4,61.2,51.81,548.6751869725146,248.38451823133656,971.042275373545,885.9913936552806,118.67715218777705,20.673762302786717,1468.6274602242652,280.77552794155645,0.02438925885559155,0.012277215639365369,1.5084964106282803,0.4861082827275446
5.48,98.01,58.98,1520.6284915131682,894.2701011497686,1300.7763168384765,1237.7554952107353,92.09613908099647,16.25179738007363,882.7842544057825,176.70068548582816,0.035575367722211225,0.006300153331944336,1.8694033899337106,0.33142119554942434
13.26,67.65,59.4,457.3550387097769,177.44429525765216,833.4950560991911,909.8858584202305,111.1907716854675,18.949622930794682,1635.6878971098993,279.20580225316763,0.024563191307728223,0.014583814364833957,1.5197125341317754,0.4485763084144473
13.35,76.81,59.84,437.8828264241662,166.9696894979578,792.9189861976165,881.963580535798,108.19525815045216,18.28810861153513,1637.1490343106304,275.9040087810509,0.024559803891441113,0.014604422193421764,1.5228391102312933,0.4427844713108552
8.3,92.57,55.11,812.4513074386938,400.4237846243205,1110.7321439161478,1006.993955538962,98.49773359636818,17.202623117346246,1165.9326781847008,212.7435502087881,0.02960895568183479,0.007562484208078029,1.7341983052500376,0.4800048175709507
14.02,95.24,51.11,414.4780358728717,144.96696612473215,781.7251019506219,668.7235142394555,109.44580325590114,18.47729651544143,1692.6384371255476,340.74083567449003,0.021099453482317645,0.019160386539632254,1.504465913373931,0.43134352085518185
13.7,66.59,47.07,476.15729742928966,108.44932947832555,974.8582281800716,667.1257039000337,116.8910439592264,21.264528218178356,1671.0106875750234,376.50861265477494,0.020201102904592004,0.020033651191195635,1.4946568522895216,0.4555294018440918
12.98,99.97,41.56,437.28039313123674,154.88749209807057,853.5734793143398,541.7535443510795,117.61955912528668,20.01647187429029,1570.0310305591854,403.1145842583103,0.01886374396502683,0.018591092169956212,1.4673113974192453,0.4543087294283353
7.28,56.7,58.52,631.2667174633431,931.4765920450347,1443.78014003034,1265.2972962695135,285.7104363185144,37.086909881687355,1184.2543595439342,208.7147220911073,0.03191189451336325,0.006909088628214485,1.388138017489786,0.5379544676399591
7.58,82.58,42.19,1001.0837429916679,497.79895047991687,1325.8541318571492,860.2400714461618,100.04979876148508,18.07025760442978,1111.824485642138,249.90623876672515,0.026196893905011103,0.007980861897337831,1.7914396826847683,0.45586222475451377
14.04,61.17,41.52,490.9879583022015,64.19511448480509,1124.1597379030222,546.6944239991453,98.55101231489215,25.81596144459328,1701.4989790864277,471.6300989748554,0.0178950078500169,0.02300446173085995,1.4239339611649777,0.3079654519796072
14.92,79.55,51.39,434.2900775186122,145.71065375395838,839.6276996663851,664.502009211321,116.80100163233787,19.82757787870224,1799.1787316947064,372.17711230488936,0.020349459775064353,0.022676974831306377,1.4986336315363538,0.4255506092500868
5.62,97.28,52.76,1467.7909311347496,852.937531567417,1330.5725055365674,1137.5536603562082,92.88305996679102,16.653487165817225,897.3298185857788,189.01069726545273,0.03337125934184241,0.006350936991264695,1.8590304088648322,0.3394365716421715
8.62,68.79,58.24,852.0153299549654,413.58416472463944,1182.456903458732,1113.5071103494404,101.0076085036658,17.867829185385204,1248.939129191581,216.0203015912375,0.03005157150853003,0.007868283890149458,1.7466966930568286,0.45894134600306874
14.33,71.22,43.88,466.4367062738558,68.74355741076408,1040.7282198133014,563.6809580734895,106.45576414696806,23.29216429223042,1731.714255370134,442.83771229151796,0.018429920287548404,0.02324876514169528,1.4594124540452649,0.36491074497533926
8.33,96.51,43.25,798.9063614198839,404.9223416721508,1148.8767936936888,811.1566290703495,102.73899842022786,18.462136100963505,1155.8936165214195,253.56087453029932,0.02551251647956104,0.008494999623147667,1.6883520414900985,0.4754927985832122
6.47,79.87,58.29,609.694600774091,1306.768978502414,1464.226212144684,1209.769417096696,338.350033095413,38.381331641338484,1023.358950192792,191.50903077716816,0.033379063396011315,0.006316787265250744,1.4414288151217214,0.504430390353794
13.11,81.45,42.1,449.0139067431792,110.96757290889947,983.2995317670742,567.2226147643685,112.98160224061068,22.109666813405664,1596.523050586929,407.6686790852978,0.018997000094289035,0.01947539876390329,1.438907237910766,0.4849945632760156
8.02,86.84,49.14,889.364086951912,437.7561436775739,1208.417751346452,942.98703159386,99.05159767411892,17.540547840034645,1145.6581400237324,227.87998209780574,0.028076793669868837,0.007779107239040499,1.7634870047179392,0.4691603366354672
13.44,93.27,47.78,426.72636532733674,152.77649028954187,810.462235255939,639.6586688647545,111.5914312901435,18.947011553645222,1628.0437992391412,351.4352703324062,0.020583651187840127,0.018187582636790607,1.4936687482460238,0.4435027926157755
9.77,95.12,58.02,591.5116884831855,289.3958247417567,923.2409893698233,967.0995742096006,105.3805878616969,18.269236949940193,1298.0267510782578,222.21406269596287,0.02837625808435112,0.008569038757688562,1.5757252718133277,0.5028326000502347
11.97,74.04,46.87,490.22164583675533,201.5617235884762,905.63384749576,726.3972455739089,117.33086059370909,20.189364567829966,1498.5734896887375,319.69206166709347,0.02201891956716333,0.014744238946799607,1.4885078688913622,0.47578467088240867
7.8,93.63,45.86,911.5716373780151,450.7680934415982,1229.8822583309975,889.3641586276834,98.77011765896478,17.55589478617543,1112.9037578332839,234.52777414844235,0.027283443056499965,0.007787842375775813,1.7698605484308743,0.47175275319982124
10.33,92.47,58.82,545.4022776257639,257.4736833650395,884.7580696828281,957.7497317927924,106.84539266375393,18.38307875030145,1353.063684872714,227.92901145897272,0.02787192181940227,0.009236870623798597,1.5483266425230444,0.4990623169815004
8.83,61.48,44.93,863.7669644715387,428.3013628794092,1256.7413600406976,887.9626739518068,107.08718438878543,19.551197629651547,1279.6897552476394,268.24558514868966,0.02536211508613111,0.009720972450492431,1.7102571631946109,0.4485698649808813
6.89,68.2,58.71,618.5899983338579,1054.009222091967,1430.0386711920087,1233.5955480211642,291.2018784079219,37.118477840513535,1102.2632765537796,199.0758937091686,0.03270363085379346,0.006625648173725703,1.4035215648899346,0.521269538622686
10.83,69.75,53.45,561.8601554830008,263.55257343146405,960.1741225646905,912.4143237176693,114.21405576363819,19.94766477500546,1417.7493676281713,259.85618881966434,0.02560563964897255,0.010869850282101023,1.5263628564077152,0.4927657514397357
6.7,67.09,49.54,618.4366693980157,1191.029063973689,1538.314230377978,1092.5299158502132,366.3243974536565,39.851485103812784,1080.5870200182494,218.52342953489784,0.030070370443649186,0.0065937507519897,1.4591737817540609,0.5011914617816957
8.42,50.83,43.24,624.6169863348233,491.24005792422366,1540.7731024812895,920.793143962383,228.78558806011162,35.920304494379394,1287.0431230426364,276.9545379039608,0.025225355168107793,0.010501145556746309,1.4820302451136382,0.5180554480218753
10.89,54.85,52.87,613.5152358739889,295.106885743956,1044.1605436466205,959.5509623036688,118.56716540990799,21.03344835282855,1455.2659540590848,270.4304139102356,0.025422778988848035,0.011566441674009671,1.5381521362503656,0.4851903771436473
7.08,51.02,44.16,644.9729748441277,1032.0159617743059,1704.2781300887443,1027.8486061591352,404.6647875572662,42.54016785981138,1184.4983948630545,251.99267099972855,0.02730898753588617,0.007341714986903012,1.5244322714041625,0.5130761375802384
9.39,54.34,55.4,814.4020260226441,397.22672929651594,1201.5942573926175,1090.6535238269132,107.50683261125002,19.404787287203554,1356.3208911088564,239.75403658057513,0.028133387537428976,0.009199723656538176,1.6981656261767233,0.451505251245256
14.97,60.33,52.61,497.2550862244871,89.75278747525549,996.6109672006202,738.9805414456465,133.5003220931888,20.791914251020632,1820.178532418188,369.7525861369264,0.020795507135837867,0.022585638283461454,1.551073184898982,0.4200233259094569
8.4,66.03,52.88,911.3467348676203,443.105927132596,1255.9865042294982,1045.2160430883728,101.74165343989155,18.175444099237946,1231.6030670145988,228.70050865764955,0.02869520582977578,0.008102687583486028,1.765732367193243,0.4497148738516903
12.35,88.31,45.27,454.9471119456575,175.25400640625188,853.6434297377327,653.0934660916206,114.35024611822129,19.513162883317044,1514.014629471191,339.1904206184423,0.020930494165603962,0.015645689470462725,1.4861709867442119,0.4639649796831212
5.02,90.1,41.08,1025.081933155561,2045.8706293998232,1876.2936420977449,1018.3161754250073,149.54442648627932,35.817353778946625,845.4563968593765,214.19649000550334,0.03020235879311598,0.006088468810790792,1.6257813791679931,0.428277579252977
12.89,64.36,57.22,470.19260463801055,186.74824204550495,856.5395128963082,901.8244138587771,112.69564274640717,19.266608198806345,1594.6999246675862,282.7497658934658,0.024322267703663317,0.014094171851826586,1.515325315598113,0.4560549924334208
8.02,52.47,53.66,644.0060675881365,622.9327907613383,1395.0750906941732,1151.2687694783415,229.73490383673442,33.725996301138935,1259.044239220055,229.91379483683028,0.029358900108704473,0.007600214996702748,1.3628962015066324,0.5368430074311996
10.18,56.48,44.53,547.6290660956164,247.9279905748137,1331.4400169462394,821.506015489561,167.56290769546652,29.414144398148245,1394.3927416067438,300.4173443212292,0.0234496325755376,0.016947850638801925,1.4540877871984714,0.5219545934921961
10.61,99.81,44.78,533.0589826174345,237.01230515468887,922.4389554797812,710.7274555474819,110.09080893009103,19.320936933020697,1368.730808884424,290.4359302702184,0.02285522107245029,0.012316646122200773,1.5259324969563288,0.4913550565155989
14.0,97.17,40.52,438.7824055635544,141.26107107420899,890.0665494250079,477.09931581912906,124.70680884545106,21.284711772270065,1679.1752478054402,475.4577699672778,0.017452184264947247,0.022394544429695094,1.4532706547939258,0.44283263093610475
14.8,94.27,47.23,418.3725050273171,134.88358345312517,824.0214255996353,570.2156538476019,116.84176235750239,19.717873855496,1776.494933012258,410.6573881092399,0.01902995023916196,0.023515216709275446,1.4832734901923899,0.42605722181618394
10.31,87.14,56.4,558.5420472959858,265.9134660210363,914.668318138973,934.9157417737114,108.32341551550276,18.783406957490808,1357.09987977446,236.3342947668504,0.027173138444313058,0.009555651340689508,1.5462620377877987,0.4995246469569981
10.23,65.09,56.04,633.1327136663747,311.07130519296186,1022.0655118786905,1005.1152999520223,111.20020541752893,19.72739509268132,1388.1475395230486,243.30615398649286,0.02721683983034866,0.009800183304302042,1.576529883075287,0.4868028956456374
6.24,56.15,48.64,664.5598345791043,1942.2112392948757,1796.98607171227,1153.2157290836556,732.3795481354608,44.78755280418737,1092.075558464581,223.44229170708613,0.030184072536394265,0.0064802410397284725,2.15150572279867,0.511592935690508
8.9,59.98,41.78,860.8949608818577,431.5650212552495,1270.9998196202625,826.0871540349442,109.78271444804689,20.214887852613824,1285.8774052941997,287.85385523486735,0.024074551073904986,0.010339981088799466,1.6899586663288115,0.44621553989262047
8.85,80.54,44.23,762.113809597997,387.3809098634616,1139.642057587057,825.3241539757181,106.45889718284323,19.249121050208593,1229.8622277244026,263.2943313593027,0.025094129452571688,0.009280458487207766,1.6524768433573631,0.4784181618208799
10.32,78.77,53.13,578.9820099825846,279.0112444676288,960.0569618544686,904.3101353769738,111.11572065659121,19.457728465420384,1365.8859049903842,250.20007888638506,0.02615355276604627,0.0101380091766075,1.542472202608053,0.4981929981755377
10.11,75.21,57.46,608.4872395018034,297.68519931044534,974.401976097709,997.8859865172184,108.85656522285949,19.112241258522836,1355.8188906748867,233.3439318352853,0.027784627548178318,0.009276795212644932,1.5721360190037883,0.4934532759213091
5.73,69.46,54.83,670.7062513148993,2873.3256426610374,1801.318704856633,1245.9718622579128,980.3664941981078,44.309644634735825,988.0098380202169,196.19162635500535,0.033338745549998786,0.006078701333523785,3.0437699783780783,0.5029105401169002
9.34,50.51,44.67,598.5548031646705,350.0486264710655,1462.2180540444795,896.1845217181748,195.65041958363742,32.59964125647677,1355.8697270365767,286.2889345753746,0.024564241384681294,0.013856582238722177,1.4809404163695181,0.5255594258167501
9.77,53.54,42.29,572.0185448312301,284.27562573593787,1399.5528643722155,808.0528393638959,174.08338743933737,31.460261104989122,1371.749886926536,308.9302488962552,0.023141320042536984,0.016043550354093494,1.4587562041618414,0.5195565984103494
6.27,63.96,55.4,633.7511166852028,1862.2402950231826,1659.1832059260737,1239.0901468702957,597.3419463243615,42.75838476716963,1061.5372218212046,202.42335184542137,0.03254047565496568,0.006325756566919394,1.9852484058319217,0.515161655601846
13.04,73.77,41.67,459.02252596524363,115.5754824908974,1018.1491029026522,574.271623176327,112.01003413711253,23.090736985537443,1591.1256935250365,413.019293990112,0.018936652121167834,0.019541854317183992,1.4221438223394305,0.49633120148955456
5.91,62.93,52.89,669.8602761623858,2524.5471238380665,1802.9506726674647,1225.6514867483622,899.7741255463678,44.57437644516106,1031.9480947525906,205.31118300093536,0.03227086163678343,0.006184463117465295,2.7017250465667764,0.5088561431459121
7.29,71.78,52.78,627.0165180438877,743.4135642558949,1341.8300235616468,1092.645803676986,219.06351050144548,33.45003554970032,1121.0575577363763,214.34916843462193,0.030320869453501077,0.006908958119191745,1.3564058169619333,0.5078945972069568
14.35,93.33,40.31,444.5315838813777,138.81291928405045,912.9427331130178,460.00051727448493,128.18866739138406,21.92244187041054,1719.2393622256884,502.8562062430962,0.017050755074439324,0.023688996155903874,1.448809359574981,0.4401102424898857
14.29,82.83,59.14,420.7659846682784,151.1002354852654,775.1799035495374,813.7423005615451,108.42772135697977,18.25442781327357,1736.2109052656845,297.7547226826745,0.023362009340184335,0.01766823031365946,1.5222715670366616,0.4267595161407754
8.49,82.73,54.57,814.0968381581517,401.0324109891415,1132.3549073373276,1013.3967082618059,100.00514306347476,17.61432690565512,1199.028509205541,218.94200795050108,0.029136878214887908,0.00779421816801921,1.7280928309565065,0.4733424086509996
8.79,53.7,57.39,639.2577980918903,440.3548494445118,1269.744990068146,1169.7844981300345,185.05742737211025,28.69330616907972,1312.5254148417998,227.34286296820167,0.029526351779204915,0.008010005481201796,1.31627545536209,0.5459011548969588
13.42,64.69,55.69,466.8160791061519,179.2371616762213,864.734003914455,849.125748887521,114.7671653129329,19.641261072950332,1648.881736501957,301.99467584662557,0.023286055262758343,0.01604910501850093,1.5108820168259456,0.4491571067846148
5.52,62.24,55.46,727.6018039663045,3620.209417156259,1951.08770070391,1306.0254750516547,1352.7064466740094,45.3777254513517,999.7745928718165,197.10319326799524,0.03363210969101469,0.005947654442897431,3.691583061781424,0.5111012758193643
9.52,52.2,53.96,810.5008831702772,396.5083087526526,1209.4133223637918,1067.8152660169187,109.13417860029554,19.7698252062794,1371.7997439854632,247.24677470352657,0.027512795259697423,0.00954547064305606,1.6879995739509686,0.4503460487818669
12.59,94.54,55.07,426.67357214705004,164.81785359945493,757.9052240401103,788.8374252594072,104.81272897018155,17.53277256562,1761.6179744489004,281.66080471443473,0.023889504596926205,0.01655387289482774,1.5230982912507984,0.44818765338213307
13.99,79.91,50.33,438.59552969022116,155.68628132014507,835.6816358608522,684.5088667784439,114.48076084754562,19.490367202344718,1694.753831185737,349.987140221832,0.02091466386837442,0.019446984725588826,1.4983275753414427,0.43800015624060434
12.21,59.25,44.0,496.7499969927117,128.94176794529744,1061.4064971283835,695.9472009211318,116.79068513097569,23.720585676291964,1529.32858112873,358.5583936007023,0.020780449222811363,0.016587621722652518,1.4137917888973246,0.5170723239188554
13.64,59.28,43.07,493.2341652758378,112.03057108191643,1072.6326337086603,605.4157049727213,109.73552534856846,24.24555278371805,1663.953799268793,427.2922234110828,0.0188868186213327,0.021529752766961188,1.441676416796715,0.48725152182950915
12.35,99.7,41.51,449.3785741810189,167.85517924950875,862.1926224934915,570.5387724841672,117.00857444207126,19.94345004120101,1507.2496022962432,376.38248668673003,0.019536045756307137,0.016609671895799514,1.4699979144191193,0.4647239791092239
8.81,60.77,54.33,868.207479365548,421.84357083884515,1230.8326541650245,1069.5707272503323,103.83964952265211,18.633825843875247,1287.1918631938343,232.22991502969185,0.028576154985065737,0.008531620488865046,1.7390812489777818,0.44941953023756587
14.14,88.28,51.94,421.8066094873678,147.90833696357103,797.0587419661708,688.9778888839206,110.73147534602687,18.751569247806767,1712.2994968937262,339.4882495519556,0.021269881524904524,0.019433641448228095,1.5056474459063758,0.4314995275518102
5.22,83.34,48.1,1331.4100448877266,1278.5694769687102,1569.7527038808332,1130.2761673564357,102.1609467713495,25.72663151270136,887.7626672103008,199.72738208169056,0.032320003048784705,0.00624324279540174,1.45541835301414,0.30615355493770907
13.35,93.86,41.78,440.29145921062167,152.39087423355923,868.5972874924199,534.838360747344,119.97063394718721,20.445135596809013,1612.05873710815,418.83069562835635,0.018562816192891143,0.0198285245092342,1.464508364763972,0.45062240028910533
14.87,50.55,45.5,535.0695424629441,82.55097791450639,1144.8527191816088,627.1943204766565,111.47966415182067,25.501981865046854,1808.3838270169265,456.3510274851071,0.01858822500830529,0.0254744392515748,1.4778514097953737,0.37774219255608144
5.57,91.1,56.28,1497.6927713787388,894.3826305279472,1322.450747888742,1208.368325257391,92.85135800734237,16.87060611333029,907.8651972326776,183.93988680609698,0.03448480591918607,0.00636553755155336,1.8462999405708476,0.3273035987765891
6.48,94.03,55.48,1225.0828211319672,629.0404419480968,1334.1954577938754,1121.8384696843711,93.93197234192048,16.066440028183866,989.2981409945321,192.44277823398872,0.03265305848047401,0.0065314326697095155,1.8818430104594217,0.407708668912164
11.49,84.38,55.1,487.4480223949608,209.39841251590593,851.6812012395335,865.8212831141585,109.70264769060321,18.743866340980336,1451.797917471247,259.59638322774265,0.025226338533907943,0.011245586197714019,1.516633143844616,0.48096002993137854
13.67,73.97,40.79,459.02247931273257,64.60869414503993,1074.2708137246202,525.2018530030742,98.7996773678205,24.670252134911678,1655.4291287766796,458.71957511468736,0.0179553643277243,0.021690083993318638,1.4105952593471116,0.3295112768194087
6.52,98.33,44.89,1196.4680573722296,618.7827836268316,1366.311920415025,948.3616928306371,95.42331037290471,16.905937209634228,980.9497631218594,218.5296795961627,0.029041231637132892,0.006777396896164342,1.853491521560325,0.41003385623275984
12.94,58.62,57.15,484.9334682732799,194.4736526132975,886.4047532984804,923.8345805378257,115.409006295424,19.808704894012127,1605.1136044997947,286.43579377143595,0.024285823832020097,0.014344894806626624,1.51351121081151,0.4577595695863671
9.13,88.18,40.37,689.5345640053924,357.0095798888525,1098.0780002036204,727.9930027431949,112.53642095275099,20.35567669504163,1238.2324322717066,289.6260427619119,0.023225140647771914,0.010191733551619979,1.5717378358369023,0.48090263971353503
9.63,60.56,44.2,734.7288027957278,373.6033385206372,1161.0022955912289,832.6473715649703,114.58838837885934,20.869208628930462,1336.7741488689517,287.4091199580798,0.02402670587472568,0.010997042808308535,1.603447333520545,0.4713988018930701
7.27,57.68,49.8,629.6267978641425,880.6803700534302,1496.609563000587,1097.246433753068,295.83074759936386,37.95140257101171,1169.3201695545763,229.2619686621322,0.029185482996804377,0.007057789910368168,1.4216857170423058,0.516835953501498
7.31,74.39,55.94,631.8072777018021,719.7923562592584,1299.7174121716153,1135.3919806443203,202.79850941163753,32.16962814965845,1115.4534026355943,205.83730617157147,0.031302698105787716,0.006768141506330201,1.3347538191795718,0.5113893885520547
10.41,94.68,44.32,544.0176840829513,254.7441675421889,949.7313303474241,719.9869240114916,115.3185768213366,20.085897935841437,1348.4223534782304,292.11576501748954,0.022989230544999153,0.011644932212777515,1.4979892296240553,0.49632893725800237
9.8,68.54,51.22,670.4022238734859,335.7275654744848,1060.9572325648196,929.5156115443259,110.4538213356576,19.741178897264817,1337.7945007115138,252.6446086021792,0.026237239125706753,0.009787692770125147,1.5938567878664203,0.4854079734807016
12.64,73.24,48.96,465.59253813576527,180.76661970035516,859.4229960933252,729.7319940876486,113.78603470493942,19.436429055438424,1775.450988344854,326.64540091244425,0.021906000756361742,0.01917849798468756,1.5040521603332933,0.4565580358434535
8.45,77.56,57.62,840.9039633171491,410.1182069077763,1154.2201564301163,1079.9873442635155,99.56217668182617,17.487822687205504,1210.561647185471,212.44795211321224,0.030129952860893726,0.0076706606181826745,1.747055533322682,0.46710157200019553
12.95,77.09,43.18,454.0855422786161,124.02487707436396,969.684458678969,603.5223407631219,121.11689622191686,21.689091934337643,1580.9548645223965,387.4511328692818,0.019574365543031606,0.01854434153351769,1.4431280863262381,0.4818064030667502
5.46,51.55,41.64,808.4840329183817,3415.170265754366,2240.1973199473077,1093.9035735704588,1535.5197973910251,47.9800087740062,1046.6066059786526,242.66652968095633,0.028494190804429147,0.006314272983944027,3.352586622466999,0.4973703703837278
9.2,77.1,42.84,718.6608669177731,368.3289810994512,1121.4240165607898,787.5785947765103,110.75397851816402,20.08643630714916,1267.414497194021,279.2989723523471,0.02408954467995671,0.010153585260122127,1.6041902102125924,0.48450347420571244
13.15,89.91,59.42,419.4213785192807,159.17471181049953,750.4784858142596,846.6209087626197,104.43498607558115,17.516485251740285,1608.68947910191,270.73279769947777,0.02459683248950078,0.014013067612429087,1.525236139512747,0.44147098781163174
14.91,66.43,53.48,461.6192307301618,160.12531751987188,886.8135290956574,737.2094152957346,120.52417094520469,20.626576354363827,1807.90679440706,357.6397237146527,0.02108649711220301,0.022057452437392162,1.5035186908411702,0.4304352767981267
10.33,53.63,53.75,681.8184558066491,337.21207936215467,1100.6256550272167,1012.2267448033706,114.75879260524,20.629749329607698,1421.1003782498813,258.4075365348858,0.02639583617751356,0.010469644579788754,1.5902196718209518,0.4748730285600375
13.92,79.52,41.3,448.47102196146614,59.03878442268582,1059.147482337687,516.2015341008354,100.89868699743656,24.175819298891575,1678.8767022372062,461.1564302868873,0.017876043650584098,0.022245257761839134,1.4165095948005828,0.3162392342747021
12.56,57.7,50.36,500.53330865786194,202.15845427527395,920.4247671233375,809.029454884326,118.6712261933055,20.429321183757427,1774.4210860763417,319.97188997811764,0.02254701190802192,0.01853531476307165,1.5045768722054427,0.4622515233506289
5.28,51.31,53.04,839.8848564335741,4502.924552699521,2232.180237327468,1341.9029677742997,1901.489759495129,46.731801281910265,1044.3605347035964,208.6201323681948,0.03273662295117045,0.006114558409762303,4.162097988799067,0.5230519029401268
5.86,79.76,40.64,1362.0406651351416,893.3118100272242,1403.8054055746065,958.5244056063499,98.26170083585143,20.236459640951786,956.0769208425269,231.55643328358528,0.02832826571774107,0.006664673681984571,1.7104819240955509,0.32032835344240423
6.55,77.96,47.74,1264.000512498536,671.7805231149149,1387.1700297560533,1033.887332329006,96.39026599705598,17.302513365346137,1034.2231628742895,217.4432539412273,0.029833025134858047,0.006993121747168735,1.8519111651301299,0.37554793825108257
9.76,69.0,50.35,673.8939100338486,337.72124975632323,1067.3409652662706,913.9085005540046,110.48741474724972,19.793872169024187,1337.6980897382737,255.8338982023459,0.02601540974677207,0.010022963125956207,1.5942961217507996,0.48556275996847986
14.32,90.35,42.65,438.43519939072974,141.48581889530422,882.2877817362765,511.0954286401044,123.43750175561568,21.03502876908051,1719.9224148292749,456.03637329657505,0.01791585803759976,0.02311969091848477,1.4626627494193025,0.4383055901995129
7.96,62.96,53.84,637.5575361216421,564.6509684998035,1294.7723872408612,1104.5220057851739,194.15980952096075,30.775435198020286,1206.54780136914,222.53695736388954,0.029609229039285142,0.0073702559908717215,1.3264453217925096,0.5226239308901284
5.83,83.07,48.89,1426.6534792089478,851.3637472236517,1361.3458392911139,1093.640839977458,94.81254381200695,17.791897593860625,948.8473772778955,204.0894113453761,0.03149166432856866,0.00643646831077253,1.8170141008344882,0.3290920223856081
14.87,57.4,46.41,506.764386194473,83.6921749675005,1082.7994275621447,624.3265279927064,114.09618005754841,23.840453610212588,1806.392551932589,438.80311696608567,0.018860155310699376,0.02499189894243217,1.489636916322801,0.4146265879477353
14.84,69.24,43.13,466.919627277819,52.83651944074055,1109.5341921975485,527.8742577299269,106.94326040407084,25.132584715598963,1785.8823717293428,484.1916173414428,0.01767022406503738,0.02528278271667351,1.4285197875251054,0.28336847460665376
5.41,70.51,52.86,715.9560816189984,3757.541466581138,1930.7333079643238,1233.7030379466241,1362.1802472884974,45.11342618688921,950.9837978803721,196.8584568456081,0.03324931516169053,0.005895365908678075,3.92353008324535,0.4943430185938934
9.09,96.9,45.09,672.5103057411454,342.7834605807526,1044.1891929380322,798.3152781251579,107.57245997559038,19.202422526656832,1228.2733510882488,258.95674129784703,0.025085720970411087,0.009329233156532732,1.5935499409763738,0.4859486028754275
9.55,74.54,45.52,678.7077611693212,345.2849094357973,1080.992461919153,823.9068128572953,111.99392052637535,20.121950706315534,1297.716481862463,271.7119851815113,0.024598860521698223,0.01016543947838595,1.5814599208631428,0.48916467861523055
14.64,80.87,51.84,431.86713548345034,147.80803535090251,827.6171288085123,681.3349693381248,114.71988011673199,19.484570095909927,1767.4480331553677,357.98577382283185,0.02075371313623767,0.021319036524806524,1.5020293551166368,0.42782390160219
11.85,90.81,54.96,460.1978609618383,189.59469649826028,811.8220179436092,831.8572531973095,107.56753776267652,18.254878276059998,1479.8750742362374,265.4900810361438,0.024740928159279345,0.012025421726339063,1.5162340852636802,0.4706330185416304
11.37,89.59,50.97,488.7897147603934,210.02511608862946,863.6031060061994,792.5471475253896,110.85645926072803,18.997215893785697,1438.2712305382572,275.6873463745897,0.02405629639702616,0.011979957172657084,1.5075565872544496,0.48456744557021736
13.42,98.29,41.28,436.6276582067711,148.93012681914965,865.4520216949525,517.7105878893474,120.16145992860876,20.465552163374877,1616.7008991664457,428.9137161763445,0.01830130999614511,0.02013254035880497,1.462156111561453,0.4489361594928895
9.1,68.52,48.86,775.2091842310795,387.589123263073,1152.5942087084302,924.5965764255009,106.30842927932794,19.17258958270596,1280.8152395685436,251.33955460919998,0.02639710686620168,0.009292887229698121,1.6712165747110925,0.4677833178425643
14.02,69.97,47.94,472.50678851773426,99.79167930862438,948.6331984129124,660.4993914704384,115.94178199133569,20.48826295781747,1708.247196457889,378.3988565558429,0.020156588929805295,0.020859071484999867,1.5208747542000367,0.4388841230045943
12.81,90.81,55.22,427.11392151940106,163.65896491396273,771.209896893734,793.6057497506715,105.7080299273815,17.823931917204874,1567.4515084894124,283.1842695144808,0.023684968278291346,0.0140177143490654,1.5173597361759439,0.4490611745859872
11.77,82.68,56.03,475.4160468913616,199.57699545685543,836.948465115603,872.051005054984,109.15555526590457,18.605864581033842,1478.6685193676592,261.3010779419792,0.02518305873742805,0.01167536907906366,1.5170659043605457,0.4742906290459961
12.88,63.13,42.61,474.86807630786234,134.57284277232299,1037.1598085970309,623.2942402987433,120.55730003291569,23.527455850732387,1581.2520889940813,397.53934916568613,0.01948888500409654,0.018870385702992147,1.4132181183252586,0.501342137361786
8.73,94.25,45.03,734.9294276898362,374.2668378276094,1094.0046086754448,821.345265450732,104.74499948658985,18.777276083839382,1197.8105726560866,253.17950496573897,0.025582775433072424,0.008873212140928547,1.6443543870938362,0.48401543888216686
11.93,78.71,53.49,476.93785640682535,197.74321706468453,853.5851388024674,833.5370351264339,111.13461196185075,18.998645194458746,1495.499897798361,276.84412640911154,0.02423135029009823,0.012703885513049953,1.510474833758556,0.47238414700088116
10.21,83.72,40.68,580.9210424139773,282.44686557272905,1023.4331162738306,681.5943601416618,121.25083767132199,21.376034123815145,1340.5773636652787,317.1053527521665,0.02189857379280733,0.012308130910084324,1.4847106444270473,0.49395700254727093
5.97,97.39,46.81,1355.7347567636223,749.3908349417285,1360.3787186313011,1019.7157559283111,94.1845420549095,16.837938997073326,930.7942298807789,206.48174523469865,0.03071042237134638,0.006529950893639904,1.8594912432645794,0.36334913250103995
6.28,54.57,42.09,675.3529621299087,1745.8919955994675,1878.3863377770972,1027.3228339316204,710.4553127790299,45.8625701039665,1093.1367447269758,246.9184155626905,0.02769315301807817,0.006660072893639326,1.9843327614033337,0.4972262086386029
7.25,78.6,42.14,1090.0608679191785,549.9444256787278,1375.9581083828816,888.4245085193014,99.46715329123569,18.01965002596063,1088.8665433282238,246.08699539378824,0.02666094249463853,0.007653433989956508,1.8145788375591088,0.43300630426069836
14.93,51.15,52.36,522.4956504147743,101.77326208450413,1091.2501972712319,773.4030858227663,143.6984197636908,22.863797872503884,1823.9397628542515,375.9465535735162,0.02081748203824067,0.022800106687734883,1.5150832712530495,0.44238336957865226
9.34,68.84,56.45,733.8269559062637,363.61706343909617,1090.569692232838,1043.6798333239362,105.04515123962838,18.70579792942582,1306.938380796646,229.1311207221505,0.02852316589022458,0.008704162640835554,1.6624239736302273,0.4743788711738062
12.99,77.73,48.91,451.1597621260256,170.51211950557217,847.1679663904249,707.4085291489104,113.55059755290394,19.398747496442226,1588.409733408643,331.2870264285356,0.021494300395940958,0.016553478080936438,1.496048727799896,0.45417049945332527
11.9,96.06,58.25,448.5448996859167,183.6873286316503,779.0895406965069,868.7774168171678,105.1366640915957,17.707915614049963,1483.2137536868195,251.96072005907018,0.02567748682214073,0.011468189243197384,1.5238802674709315,0.46649711626738294
8.12,56.22,50.36,634.3285277427422,555.6563772238487,1381.7814149909625,1058.9765098202856,216.1326891316812,32.767116963212246,1249.9994895155335,239.3051338854049,0.02818380315747516,0.007938398919483303,1.3753068865015885,0.5260277463485038
8.99,96.61,58.68,684.487501248469,341.12347841074256,988.8830373245056,1012.4986522091976,101.14010381524824,17.600354135109118,1227.3448930889933,211.07521917235343,0.02967842249392777,0.00782892475339365,1.6500847948203825,0.49569607758878614
10.73,64.28,40.89,539.1576882299421,183.96255605294877,1156.5676490838505,694.3036227471991,129.41524241105856,25.952503912122985,1413.2914165297163,339.2161634377595,0.021375139083670367,0.01387917681871095,1.3427751131653285,0.5118587059382627
6.86,79.52,50.9,1177.6655669523875,600.7963555388922,1368.6363513446713,1061.6013853655954,96.30193733583062,16.992920675260986,1057.961955163842,211.25462808721383,0.030425568083378988,0.006921660678396219,1.855025874512818,0.40891418668796686
14.74,75.09,56.68,436.35046852463154,152.90099895756484,822.2474011789926,775.4717197713852,113.44208941317595,19.25962400556325,1788.8531277571635,325.8592302314249,0.022210737096623284,0.020176152172917607,1.514991521765967,0.42563012166815134
10.02,83.8,47.9,595.653527215317,292.62820058734053,989.8789450605622,819.5957796205954,112.47038537223378,19.83016012873296,1329.379626679329,266.0981262044792,0.02479629105343263,0.01042366188084755,1.5370044675174692,0.5028653153720825
11.56,83.95,55.07,484.64541185528884,207.01743626352388,849.1274832825657,863.433451800089,109.7522446780238,18.741001182214852,1458.0634158714622,261.14481506394463,0.025142994924172626,0.011457840424903326,1.5160071507894812,0.47918063488996826
8.47,91.32,59.34,784.2282461783318,385.7072380510022,1072.7522939318806,1063.691433850582,98.47664247780374,17.090428928718957,1187.236495254076,205.0656139541063,0.030637036450252654,0.007489331407108299,1.723308239362738,0.48142826097906105
8.63,79.06,46.08,806.9407392978823,404.54866157499,1168.4506859530081,873.272257787713,103.78540827475787,18.68911095913834,1215.3599783587276,251.27523628118686,0.026089423299243516,0.008837167442194765,1.6950257100561081,0.4705941574943163
8.89,53.17,56.9,635.2234165927282,424.5869662403884,1274.5744872396892,1156.9537724601448,185.6439095955925,28.637075768517615,1326.5816880760697,230.33699801123583,0.02924563678940026,0.00820485845365767,1.324154933772903,0.5471494973020027
5.84,85.8,43.55,1392.4061456592865,848.0660719141359,1375.5760445155486,998.7530578652731,95.92330025664269,18.532724715654066,939.1115734613429,218.12273023291584,0.029595007618857368,0.006512068371197208,1.7842300086698426,0.33093963049262076
12.35,61.76,41.48,485.90533454956915,147.75152062688414,1062.6953540164436,629.3179275703286,123.66406464882314,24.23563734392497,1529.9479018768598,390.2038052388565,0.019660242955063908,0.01761264202053812,1.3933985179237642,0.5166044742269387
9.71,78.02,49.5,645.9103988316266,323.65053846062204,1031.1768872136456,876.3731621744131,110.07490526771831,19.58606580572313,1312.0494768629162,255.00199954002986,0.02577830441587236,0.009852935174275679,1.5769521893533218,0.4949744091018137
5.08,94.38,59.33,1508.4599908491184,1158.1057611386789,1409.086649575464,1285.26493729708,94.42411766037904,20.81228853945066,851.4213650782003,174.24128215250076,0.036392421513689814,0.006306966804276765,1.6503459374678346,0.3031606699159308
10.29,55.93,49.11,672.2345336064094,335.0882871481685,1103.982895079451,911.5607676633297,117.0156595036043,21.058987786628432,1404.5057098317186,276.4967605259054,0.024913305052635237,0.011230741044797564,1.5681152092271737,0.48010658407448314
10.71,56.57,50.2,622.4056916941004,302.6700857099182,1057.6417099671621,908.0072160748049,118.89165388525294,21.16493722584035,1437.7976943985273,278.8969950755102,0.02477306809577024,0.011870850719503017,1.5365873612466558,0.48676325057772796
12.26,80.16,58.78,455.2423064023954,184.0681235016209,805.8904741773227,901.874068700707,107.62473991427963,18.226320326768114,1526.7912696698922,259.3575611733274,0.025458423470201014,0.012184450992006003,1.5221158108591917,0.4611843065642061
6.29,56.55,54.65,652.9787290506316,1989.6824528939717,1733.052735645479,1263.4375305012175,699.4805754234619,44.108977540152466,1094.895272595787,208.04050841012668,0.03208340691995245,0.0062368286477868535,2.1248182997784806,0.5225069839124047
8.59,54.08,50.17,630.8300604320531,461.76541828523864,1363.8602295332244,1038.280172408028,201.31614248797214,31.28626126867999,1290.8588680389028,246.69038563506535,0.027493772382090664,0.008374259126954584,1.378079264563089,0.5292552408612861
10.34,92.92,58.27,544.2482765671425,256.5303606911378,885.4061050383299,947.7931628163024,107.0117393617305,18.417454542101154,1354.0157108427616,229.622551866662,0.027693612877889406,0.009308626256135573,1.5466246802062196,0.49947304455805325
7.03,81.23,58.65,625.2702627453609,813.3954412673053,1307.226670032446,1172.3539778959744,211.9155214415533,32.929951118889875,1074.718380160526,195.57608267397205,0.03260845783165841,0.006608973967541037,1.3481085853906343,0.5093801180629645
9.24,57.81,45.62,816.7461469481447,407.93613909134837,1225.304736030069,891.8300909577798,110.11670863640103,20.1187882954276,1319.632569253655,273.86548988066437,0.025055804292876942,0.010234243394200692,1.6740304926415601,0.4522389380970245
6.45,90.86,40.77,1234.6169905359823,659.9127680905908,1387.4363817274368,897.4563202653933,96.96523582641068,17.661064673884752,984.285802291462,234.57811949166725,0.027506055243722353,0.006830782459067746,1.8320270402192496,0.38480529818786513
11.86,57.87,57.56,527.0015841313742,230.34494586882903,934.2629830103709,985.2095847611109,116.25968801659974,20.145663697501597,1521.3004366753823,265.8569002119673,0.025684540394599935,0.012231533534272827,1.5177937928568286,0.4766014519442523
13.35,57.47,53.41,489.4566309210272,190.7737888904269,914.6046603255145,838.3120390138932,119.61825402684671,20.595285960927693,1644.8605918655455,316.96810879568153,0.02268857709243803,0.016632203622216166,1.5026635885025255,0.4547268448115338
14.24,90.05,43.73,435.7758280776214,143.15395105199875,867.6459341792055,536.1771991966959,121.30136788380022,20.622300608724192,1710.8701738836337,433.9949779649349,0.018379739157555385,0.0225039308637092,1.4690492969347446,0.4379608038944436
7.6,52.26,57.96,642.1703823141186,809.5501659901306,1429.0669397793627,1263.8816917331603,263.38946787593846,36.102716552110124,1229.479400752966,215.07937974039697,0.031230845060031133,0.007057054714592011,1.3687215423581223,0.5438236702834744
14.58,69.83,40.05,468.38857174540857,36.0468216292363,1187.0391471406233,470.54246805524673,97.79488771554823,27.453755081875187,1752.5563667144675,532.8061943266906,0.016805095775479326,0.024819948229793845,1.3845842371657247,0.18806333600736208
14.2,60.72,48.46,492.08709466551755,96.70656695052715,1006.9682704262104,688.5726955176,117.77963206328444,21.770790266606504,1732.069717165004,383.3859026221322,0.020200788063572655,0.02151027791090686,1.507735818729041,0.4480942361598812
13.52,50.33,57.74,510.63154157246123,203.0356286476614,945.599270293834,953.6134985146506,121.9997983549818,21.077938141811803,1676.951089936483,300.4618860248747,0.02392216574727838,0.016096714769863293,1.5107121491792925,0.45455286134585304
14.6,80.83,46.66,440.957630941559,146.05648087484516,870.901487744342,589.044367717133,121.56981230845017,20.61946834486019,1757.7804793526327,412.1376246987997,0.019074292016766973,0.023099850603067233,1.4780583316414015,0.434247318925654
14.11,59.03,57.16,479.36640395005765,179.79602830997626,897.3996151551261,870.1312954464574,119.20067678674917,20.451851950363274,1729.0599397168364,312.5201036376778,0.023077678470743688,0.018016730170029197,1.5114996283150102,0.44224165161535767
9.71,84.6,46.37,626.0655889938223,313.8934096948682,1020.7887785981644,807.8936754945381,111.78668243900896,19.861974112057133,1299.776039309666,267.51476577897125,0.02467085478003882,0.010133387227436362,1.5524738311994215,0.49906245954127926
9.84,74.32,40.26,641.2153856409976,326.6517615939398,1088.97614910494,709.598050565862,120.78190098255018,21.676494623958224,1320.4274129042121,313.4039897596789,0.022233183100447352,0.011818864616520293,1.5132030090889554,0.4951051272809545
6.38,52.66,52.26,662.9434769883804,1883.3203831241433,1770.4619347489315,1233.0050605610274,700.0786444766402,44.651953834082356,1125.6556567577927,217.33433586119648,0.031086313470809954,0.006401788437935948,2.047858826280002,0.525025773567324
5.11,96.89,53.08,1483.7631619164865,1137.6045634831805,1426.1196171757533,1185.5749949665665,94.99183199088974,21.118399454350982,846.3211282114104,183.8708468047733,0.03444861901691528,0.006241713445086996,1.642073822420276,0.3070956029817456
11.4,75.24,59.23,506.8706521753017,223.38687944020845,873.5065640218573,963.704900590682,110.28527234840196,18.930164034468174,1463.7321668381603,245.83066520887243,0.026658890483025353,0.010802915107745255,1.5255034030894583,0.48242190722157136
10.27,69.95,47.1,611.4177329814826,300.8862585086949,1031.8826725935326,825.5042332530328,116.32144517441287,20.65298039832977,1371.6488813798862,279.8621481326204,0.024213075584159804,0.01124890907733664,1.5311758912643207,0.49634769897608033
8.13,51.09,53.85,646.779405772146,601.8668389861634,1395.9540387897778,1156.9585500509827,227.68890230037226,33.51156171951531,1274.0195472365672,231.45652171711757,0.029261498464572665,0.0076892708323109136,1.3616402749187235,0.5396615656571252
12.34,62.17,59.14,488.5628474865149,202.06301264728273,874.8586553168075,971.6195557815969,113.16546383327072,19.386469892067495,1548.4720456192597,265.2532146314552,0.025545437846709127,0.01250232663385849,1.5190554232081832,0.4649495936568606
14.16,79.14,40.04,447.3604057313905,43.81174738758667,1120.9925575883883,478.1775979371117,97.87767227247056,25.90468971959244,1704.3981933923571,501.0036657710219,0.017174335581883422,0.023268076670701125,1.385379595972336,0.23611532478278702
12.68,68.61,46.46,478.1024433420059,184.9745054916387,895.2245685726435,692.7162878893938,118.01073046620137,20.24247557712344,1776.4856294310757,350.2885887338486,0.021007703483239767,0.020377325670464255,1.493308008662782,0.45905427456411346
12.14,76.09,50.67,474.925129509351,192.83063990800326,866.0613565706947,782.2690219967341,113.25119844721739,19.387541213444194,1512.1500733969333,297.5406394528991,0.023083012701397152,0.013967619036789908,1.5022754198088288,0.4692498311074414
7.99,75.38,53.38,939.9303381436602,457.5246459683152,1254.2181035147814,1043.671492868091,99.02713259820345,17.516567055495624,1174.3922735675953,219.00513570851794,0.029475704902562946,0.007652376013488788,1.7881667113511333,0.4585780771041983
10.53,99.47,55.42,520.9287333690701,239.79938226698505,865.8495841422497,881.8601556021063,107.3571352920597,18.40930245751971,1362.4356239454755,240.15887331048683,0.026550979489274335,0.009820277090435916,1.5323525718348512,0.498560144389319
14.25,52.26,49.35,510.8802756514063,100.31849765945204,1074.5206841829136,736.3861265714515,124.85139659284431,23.351562608302416,1741.114599290485,379.762012119033,0.020491269973851072,0.021258711516419112,1.4796353147191235,0.46134283720731567
12.11,92.87,43.64,460.98068245449866,179.87913342687006,866.8570817233824,628.2053787914257,115.54014350434838,19.760615051441352,1492.5869309319871,345.82317774092866,0.020620153987706766,0.015472689439460606,1.4795197529900395,0.4700804741831557
9.83,97.37,59.02,580.3653489752438,282.24354788764066,906.6718468576141,973.3068445363886,105.08726715067255,18.145402839991664,1301.984398496633,219.82891073449395,0.028584662876265373,0.008493460897794259,1.5719888573053562,0.503447386721414
7.9,67.28,46.35,1005.3925866182882,494.6966406211914,1342.7405574159648,952.1941229104798,101.5036571204171,18.341621672626744,1182.0775385308225,243.78901736893664,0.027199709773617114,0.008205357213624132,1.7926053909805948,0.44268841002921655
12.03,89.17,49.64,460.33984498721736,185.20803200646634,836.2890356383473,741.404820551563,110.69857133637089,18.871960540373085,1492.6259152551738,297.93343705395154,0.02283203541617807,0.013872949686842152,1.502130455503168,0.4690374835570424
7.34,79.11,51.82,1062.7767402129555,525.7553344906215,1328.7564961036778,1046.644791355931,97.36411237543541,17.17152481996721,1104.6646118668991,214.39074050629404,0.02997359323524758,0.0072309119684767185,1.8303915926205587,0.45373920055115297
12.21,91.95,52.78,445.7774968984092,176.96404914036762,801.1081549548034,779.3731764858752,107.68289075531732,18.240630128178147,1507.539689793839,282.8600595919519,0.023619505011038093,0.013243765401932799,1.5117855784755507,0.46215303168804145
6.41,71.62,56.51,615.440526697406,1510.6875721416,1547.2258770493015,1215.267822628387,431.3249931617998,40.469882896478,1044.0674385019495,197.69891125014553,0.03282890483976497,0.006384484957614636,1.593547265390486,0.5093706536509177
8.91,78.74,54.85,757.7314172979758,375.9909014593789,1093.5054145624274,1006.0266306603183,102.26775100866156,18.116111722522476,1246.9132313110417,224.70737067008702,0.028626779470355145,0.008296923016290751,1.6864188569208307,0.4768038732737498
10.26,83.51,50.86,573.5370629128089,276.30790490314376,956.9540705163862,858.0915845140288,111.60252531535039,19.5173607655546,1349.590822664751,256.688367009389,0.02547344918951106,0.010215318854145651,1.5345174822637442,0.501192537429233
8.52,59.13,53.38,631.0569780102466,455.54516742088316,1277.3560554957367,1078.9350825715117,184.31029222671964,29.185555221516946,1267.5308670467043,232.46012933758325,0.0286570272270449,0.007944496357815894,1.3301549233066656,0.5293822193168779
5.09,69.68,44.39,786.8616736297575,4595.569160209277,2139.214431527173,1115.2882046140155,1836.3121416014042,46.29316996224588,917.5442360842601,214.8692513595113,0.030850263898696523,0.005809367960459795,4.650008862854934,0.47454987707351515
8.78,80.41,44.68,774.4676393582342,392.10996708466,1146.698175343428,837.4347134541443,105.5332278083585,19.060361798416594,1225.0383641389417,259.8403382365641,0.025368174227959117,0.009180017100820715,1.665140383632476,0.4767706655255985
8.8,97.6,43.23,713.8939941606423,366.3822742100813,1084.0039506755409,782.8738167108004,106.56260790794035,19.142007393879865,1197.539783707382,262.2735259168764,0.024806180880285442,0.009066622030021093,1.6191219209623775,0.47854792989072764
5.28,67.93,58.72,748.1288778134158,4384.2227843840255,1988.8703906806672,1354.0599200611232,1597.0892515363455,45.06085603246196,954.2840359946345,186.79663276821984,0.03518997104969298,0.005967669891575567,4.386153348728259,0.5084657628423576
10.75,55.15,54.92,624.9524412104429,302.85445180926376,1045.3338985522512,1004.9656675317552,116.49494046491988,20.706650690479258,1447.6555383841544,259.58120091452446,0.026245154067079966,0.01090913534505159,1.5536125532438443,0.48329331448875584
10.2,72.18,56.06,609.3273247665737,297.7484733243699,986.6517054153506,980.1619606047434,110.11421589069694,19.396015561235814,1369.904129697952,240.16237959958877,0.0272494286042752,0.009686739273883695,1.5663929339606986,0.4928297413107046
10.16,62.04,47.14,655.3842876409153,327.7321375802687,1084.0074704791912,856.2240801171588,116.67324297236873,20.944356446958345,1379.6523132403838,280.93847097411714,0.0243897444745082,0.01126278381502324,1.5547419293654463,0.48716837707928884
10.79,85.03,40.79,538.1092810054788,244.9622434968873,981.4583943420485,651.8406721908557,122.60075909718589,21.314851431714118,1384.1928930533666,332.5042653142864,0.021182880164909157,0.013318117433411747,1.4675834059020452,0.49750497813554767
14.15,68.76,57.68,451.39668272522994,165.7677253066881,841.3286193792721,837.5997824943117,113.87666091113955,19.409571237952818,1728.6784648722582,306.76191247771374,0.023121233131799146,0.017776605846706196,1.5158351645048544,0.4363959269928441
12.25,87.95,46.11,458.01619372900694,178.85767763789738,852.8341228008314,673.1586031645465,113.72000285801127,19.410542553274446,1506.4758851552235,328.8921124459109,0.02134406033142639,0.015123927615495407,1.4895533077988787,0.4660031257386794
11.27,87.02,40.53,509.6574734458618,218.06938611656713,951.900081952427,619.4141507493714,122.49354488043481,21.163011903010283,1425.6748905431014,350.8999462974377,0.020493340602691833,0.01457765142078485,1.461820985991281,0.49237706664001074
9.98,52.99,50.12,733.2715287954386,365.5980090533688,1156.517750399213,961.431125477788,113.95597181900428,20.686080848497763,1397.212778664142,268.5166315648868,0.025662060426223533,0.010720373293751766,1.6182367190815081,0.4657382661467174
13.28,79.18,59.87,434.17321416803827,165.62949918536404,784.0520194357742,877.5585750837271,107.26531808607939,18.111600579287806,1628.998219423167,273.8973049890355,0.024629213541222213,0.014384266029611103,1.523485044936969,0.4430773275401115
14.87,74.8,55.86,437.8296443658944,151.76319027944868,829.7191319510663,756.5507355720877,114.429407851259,19.448367656214188,1802.6653292417866,335.1368996239706,0.02182872079536209,0.02092117000321921,1.5129760870058113,0.4246964634432826
14.36,88.15,54.02,417.6272790360107,145.86881581722935,784.7457135074977,714.97556430623,109.74658967204122,18.53315649934195,1736.3972236111103,330.01404800093354,0.021706027486949803,0.019452150820263487,1.511298629715843,0.4268990852263371
5.56,56.34,42.22,759.3050415019628,3124.2269765377587,2103.8200069153436,1078.9532986544132,1344.320603405056,47.19989896007113,1021.9595343773259,236.46000666374093,0.028807400120300867,0.00616524150848625,3.2393092150966463,0.49041003244128767
6.6,94.03,40.04,1186.5971904339467,621.170456340825,1384.3218174263716,869.5513349165032,97.29723210259257,17.647978932451156,992.8537770880021,239.10280404394015,0.026988882112167552,0.006986527475796922,1.8300717360126049,0.4030875383507581
9.35,63.6,47.0,761.5671625676381,383.21826882943424,1160.6190689695898,892.455229049944,109.65417247157862,19.887400675989035,1310.8039527606002,265.6893306116181,0.025404068040084857,0.009962328990914683,1.6458483411372598,0.4673941403709885
7.4,99.69,50.46,973.7585416797027,478.25438243014776,1245.3093184572601,974.5754197101637,96.1470568704293,16.762134946316394,1068.0214828088579,212.89710447623978,0.02953001421753162,0.007174959125163196,1.8102724341825245,0.4786997253568612
12.08,55.27,47.55,484.3468537862763,142.1328344652805,1140.618140931773,789.5903692892855,142.94234477600034,25.201104217166716,1528.642688059963,326.1283602098493,0.022202283777998818,0.021206303673130096,1.3777512191032586,0.5379041661412234
9.54,59.31,56.29,756.5957843142978,373.02848888839026,1133.8953794463685,1073.3861107699092,107.35016940231374,19.2528301337004,1346.617113371947,235.83146006173305,0.028207339809280287,0.009036391989259816,1.6673050333704693,0.46375617594547003
5.03,75.11,41.93,759.8326776125642,7485.8175664517785,2098.5075837764107,1061.74289991459,3877.2302790721124,47.210611679765684,889.5528232842897,218.56736370638913,0.03016001563511676,0.006113705462016653,9.999999999961432,0.46190517631203704
11.17,86.93,44.1,510.1866877208211,222.81320160963097,926.4064421291423,690.590001783371,117.61561617344624,20.312648889210646,1417.565035267108,314.773617470271,0.02195138578304398,0.013288446994676646,1.482572625415501,0.49214267200487233
13.44,62.07,58.31,471.38359429440953,182.83937414750216,866.4504738865336,907.3187553482571,114.75784169651772,19.6242432604835,1654.9390454337733,289.69657785398834,0.02408643927591939,0.015417624426576267,1.5159003386639538,0.4487745271151887
7.84,65.86,43.63,1027.8046779979081,509.5023030490008,1368.6555045354266,909.1063143107955,102.52588892374416,18.686231610146322,1180.1140667207894,255.16744754911204,0.026272617853222102,0.008449167177882438,1.7902100766309037,0.4378647532714227
9.4,96.86,41.91,632.6178452894447,322.2833205883391,1034.474500615573,729.1139926007014,113.14890900941403,20.153244834661425,1249.9774159745555,282.7600980095335,0.02344808652939405,0.010137219719071708,1.5407263874232189,0.4808064449517106
9.07,57.59,49.89,846.5838932794883,415.81615486512123,1234.8921750245618,986.3462705744574,106.92926464378417,19.38560718238966,1312.051018393213,252.21088139706984,0.02677567463379438,0.009372959148953012,1.7109574519622133,0.447835412525616
14.7,50.52,54.64,523.3702703213168,108.58768876524445,1066.1889260064238,834.1370625392991,156.88284612936076,22.00539856601294,1802.696269152427,350.56696226657516,0.021769003535309993,0.022329220379003575,1.5285753548487921,0.43636565898397356
5.62,50.93,42.8,781.176805127622,3066.2352680533036,2163.4170765280164,1108.7642429199768,1373.345108481926,47.741503826962116,1062.0281531100113,240.1914110976512,0.028707518087889124,0.006303245225168557,3.098609523678156,0.5012394891246691
7.57,70.47,47.01,1056.4244218317945,523.7422025609003,1361.5131248572154,974.8980726502587,99.886380312947,17.97002024795613,1144.5169304369456,235.2618855694775,0.027925455015121822,0.007770790545331045,1.8131934256773012,0.4467755508333989
8.63,58.4,48.46,918.6270894174037,448.1600922576858,1297.334051930217,979.0276506466863,105.06848178139865,19.08547884861822,1279.7187688324389,251.79613614585702,0.02686619386822012,0.009107932243859139,1.7494727906769547,0.4403062495058012
12.37,91.08,43.05,454.38230684175926,172.24295551947097,865.4348208401433,607.3339176872387,116.37175643130148,19.879261288754115,1515.369627790227,361.4398927008185,0.02009147890210749,0.016304852474901394,1.4761037234523984,0.46506712785031334
14.13,76.53,58.79,433.68984222498415,158.12637190425892,800.9764577143679,832.3691508870102,110.30908544935983,18.667464893915838,1722.9374688900898,297.7640980192456,0.023447676260849287,0.01735632262209435,1.5202641201924052,0.4320358383681814
11.17,65.91,45.47,552.9685470512514,252.02775334867323,996.8713336148003,759.4860030484845,122.12642721372728,21.341451250951067,1446.4572873619002,312.2676309025109,0.02251564648130974,0.013544939963180833,1.487348528491986,0.4928137678864922
10.68,76.21,45.61,559.6507868390406,262.7428068571754,983.784992055759,761.6836965536792,118.04442482516178,20.6837232151989,1397.050318409351,295.71864613680305,0.023166240104765406,0.012421894902671931,1.4993994765473764,0.49893435165703104
8.75,98.34,57.74,717.041452283217,357.05839986897826,1014.8451357610222,1007.8054434396538,100.02715318860592,17.405086742050898,1202.0845304456755,210.22381705579159,0.02974979770410028,0.007713074678624358,1.6742323927347453,0.4928405483555917
6.54,60.26,55.28,628.5832901029011,1550.3320678192533,1611.6645711134693,1236.890802669498,487.66502827998664,41.9756551495732,1098.2168128882374,206.46478241741386,0.03201567780355501,0.006319497187985562,1.6440848015840817,0.5199860946431675
6.47,96.39,42.89,1215.738260731392,636.7350271547768,1377.471230722936,923.1026261649465,95.99017657522286,17.181127757661883,977.252115916479,224.905916765702,0.028359228699368633,0.0067566527634666616,1.846903550207547,0.39995189786312185
9.12,75.57,50.48,738.4287453677023,370.5320332218645,1101.8615042585195,931.2509308454195,105.38824105111063,18.860125645104244,1266.9158827895405,242.54151084257225,0.02692089748258558,0.008954487579150919,1.6549422308689075,0.47842969797734153
6.72,63.64,58.51,619.9547782148202,1292.7624272028938,1512.9873499006837,1264.5835286725455,370.1817664662258,39.648143180942014,1101.3832066850466,199.78716942177545,0.03281051451789212,0.006427717405177613,1.4423777467468903,0.5236760208723993
5.18,98.82,48.7,1465.4958575983119,1090.946174729131,1419.842502885183,1109.4422551963462,95.26339024740837,20.888343922991627,849.4942899321726,193.1204612098389,0.032885913545250695,0.006314574161637204,1.6562082503623758,0.31245855363190483
9.93,82.28,50.55,607.7204477262919,299.8225683129246,989.1548239979365,871.6865960063749,110.33284953954889,19.46596466672533,1327.748710675411,253.26308141382964,0.025826173467229402,0.009949029214528247,1.5557126222243707,0.5005794878018279
13.69,80.86,44.53,448.81179075775816,156.89136701098954,878.9134383973245,589.2071614729812,120.84921142916356,20.57459966387393,1655.6238909244066,399.4905352603466,0.01923615935538393,0.02033749231839645,1.472908814895583,0.44757092432545637
6.28,66.39,53.73,628.8357178915791,1785.6581341182489,1640.8005563481552,1199.3612598798059,558.4005585235698,42.45825472529456,1046.8088389784305,204.25603082433096,0.03205842173084297,0.006216410719676959,1.8921065242864965,0.5072404439436584
11.87,92.89,48.03,464.1251036722318,188.19060458760345,844.7109588033642,715.36794499235,111.45100794784415,19.02583543201454,1473.5128795150836,303.17427750431614,0.022451234321479056,0.013654938187744882,1.4974069840893942,0.4730718544611566
6.03,71.86,45.05,1387.1803148395004,861.2468917853898,1392.9164507324735,1043.4889160869186,97.57863687131348,19.22008506346277,995.9846188530864,221.35839493640748,0.029595890387933126,0.006532339006246165,1.7637937400577648,0.3174744306351213
7.36,86.81,44.72,1030.461188092964,511.5729053492558,1326.393029519394,909.5682718337856,98.15977760555907,17.53458927908095,1084.8534328633732,234.58734268846382,0.027534157613274945,0.007641415262575191,1.8117666751896986,0.4640671256846009
9.27,78.54,44.9,703.0072635034418,358.5861265488098,1095.1321515072743,818.4676735828707,109.68872871274539,19.764901783222765,1269.886277760079,268.4914541302277,0.024763495615372465,0.009874518488113989,1.603983413168434,0.4873707482047085
5.92,51.4,51.37,721.1566064922868,2713.645723815591,1952.8960847382245,1257.5316486602267,1102.7021903967097,46.293956428097744,1093.722025809226,216.59841206793635,0.031358842928360726,0.006171029357616371,2.829691855372763,0.5221947224199838
7.4,78.1,46.83,1056.3057932672082,524.4645534876707,1346.4977871391577,961.6880516038358,98.5171060741516,17.61159552539821,1108.7083116229085,230.44680867646244,0.028170187941731956,0.007513687970973267,1.819117149050353,0.45229793198476215
8.44,96.67,40.61,778.1516268373316,399.5460312242081,1147.8585691180012,759.9382586153799,105.43626633528078,19.10062457135271,1162.601334697983,269.7901382128791,0.02431734011023768,0.008933184570037575,1.657166749531553,0.4704452748128424
6.16,68.67,47.07,635.3369205233005,1831.7251884810648,1697.96125661262,1081.6179293633968,611.2797096080507,43.31418962122537,1023.0715871913352,218.71913373634743,0.030063113704378468,0.006230591286761356,2.013768454968706,0.4896377693877089
8.41,89.44,44.88,806.90063093181,406.0869154785101,1156.873153456711,844.7440387764606,102.50760940627094,18.403307869121324,1176.1526216884954,249.6854176916292,0.025989686230700224,0.008579552898188656,1.6978606139109846,0.4774207494973744
14.98,50.6,52.85,525.5958980725323,103.15997225104898,1097.505307156172,784.6341484179828,147.86196355450193,22.83457740663805,1827.4676099783783,373.22389673669795,0.020934496149701515,0.0227735700233369,1.5196663615207089,0.4403601281547647
14.03,68.66,51.11,460.02712625090857,166.3466464112723,877.4065616335507,724.2451768684855,118.25206817273106,20.24910151058933,1707.6235617429502,348.62949861900313,0.021179352034497955,0.01956091094112042,1.4979169053996417,0.4419382454401471
6.99,62.13,53.25,623.50781684867,1035.790807055402,1484.7489286156142,1159.7621446343962,313.808629149386,38.358347531232894,1128.6766866898906,214.38772034007724,0.030773878242098505,0.006682824966766122,1.4206764322879313,0.5167904089715007
8.83,91.66,41.72,726.0875978522323,373.943755524612,1109.8313658684788,763.7384287917207,108.08619223648424,19.537894444084174,1207.6909022718635,273.0049692716408,0.024188531201524213,0.009454313360978425,1.616567844341834,0.4791374780063636
14.59,88.03,46.69,429.4381058822801,141.08747644185073,845.8203496878996,578.7597247862168,118.92841373580974,20.118651994120864,1753.273707841556,409.14594107122065,0.019073966735047177,0.02291537974134565,1.4803813398839902,0.4313347570448673
11.21,52.75,55.78,594.3330434612923,279.76611441396085,1022.1514207838069,1011.074747704893,118.65674685145213,20.938863334629332,1488.44916951864,265.08845525177725,0.025967939480610172,0.011656552497125229,1.5339094500672323,0.4827853174822848
7.46,64.84,46.68,1112.840977129964,559.3004514997668,1398.8672645467093,993.5409133875836,100.6471022050139,18.245740500362977,1155.360155824174,237.93369972439754,0.027927715283855695,0.007811020466122243,1.819444841425935,0.41920787225511086
8.4,83.76,43.06,830.4655670530486,418.13880497028174,1192.960522168793,824.2254942311599,103.59226159854269,18.733752615142798,1183.6782133490083,259.78328911245427,0.025314999443309224,0.008853332858132846,1.702856448835331,0.4696136633227013
12.06,77.82,40.04,469.8975196549761,144.03307109895403,1033.5390604158995,583.3582588500349,124.53446410370395,23.482161829538466,1496.939854306999,391.0635241859355,0.019438722022574694,0.017260422234130813,1.3918627202868872,0.5160635682276704
6.33,72.81,58.47,615.9460594838993,1622.473481406101,1554.4125790269836,1248.4818256887227,454.0759751101465,40.692633246691614,1033.05206071021,192.76689283326186,0.033551642917739495,0.006286571910906797,1.6762129679921902,0.5108415325175996
14.35,75.79,58.94,433.7965036320215,156.46230651166363,804.5404804091277,827.9101941479778,110.98999003630206,18.788635051293422,1747.3938349254136,302.1202117098282,0.02327082997679152,0.01800611022787253,1.5202479503130366,0.42932674539151855
10.0,56.1,50.39,709.2447573510324,354.38061855720656,1126.7884235751324,951.4529982975607,113.62345732386522,20.536953893187256,1386.180210677909,265.48723712285823,0.025715207218476102,0.01053303271885427,1.6050729103084351,0.47236263283043156
9.92,93.84,57.34,579.1475123164997,281.1252534689602,917.9190321337294,951.6948712886888,106.16257670671479,18.403770985383105,1314.6488321615245,226.5436728717645,0.027956202211654808,0.008813573230643313,1.5651934218549524,0.5031984287712309
7.47,77.25,42.19,1047.493247179065,523.5396131529563,1360.2814655170937,877.682994475453,100.25686774159294,18.178295175287257,1113.9985343475284,250.2776532893623,0.026345482106634455,0.007987805561947526,1.8025093298623998,0.4495864654880027
10.61,72.55,56.22,569.5376066578963,270.5555371077037,950.8206825717386,960.6961796761453,111.47936707737796,19.4715825336992,1402.5326565269168,245.41549957613904,0.026757336542608097,0.010158955821719329,1.5416201629490875,0.493531524264534
11.0,93.72,54.79,499.9038999774037,222.08074671108344,854.1886322844647,862.143413722164,108.4607334510232,18.550699379378166,1406.2645610556326,250.89995274736435,0.025754412717256668,0.010627063087407698,1.5215829412624615,0.4901000924901294
12.26,57.59,50.23,512.0161993555218,213.09833459571362,943.2782497937005,826.9449255340862,120.52137817743278,20.821316438953605,1536.8046917640117,310.10052977643153,0.022865007677088416,0.014607776870733627,1.4958135867282938,0.47210161195998085
14.09,77.45,55.0,436.3020680709561,157.4689661469864,816.278126383347,767.7844603108728,111.99491950554722,19.008688208878134,1711.9864954882373,318.5005766869164,0.022324605644184686,0.018291658421257632,1.5118269890659333,0.4342872494587283
5.95,86.69,51.23,1401.199502523394,788.7249849729332,1354.4236463792963,1113.4382665165406,94.05839373808494,16.825758898710326,951.4756373895843,198.36678785722893,0.032137674620365445,0.006441355155268692,1.8616998219139151,0.3462403820311896
5.02,61.36,46.95,840.576223982686,5102.611885614089,2254.05593741535,1197.1544038592053,2120.112746009283,46.56539649796864,949.2234581756763,212.3379076354213,0.03157959043543741,0.00585335093632337,4.829096268991225,0.4898326964550611
14.42,64.08,58.78,461.5056858367728,168.90861632941323,862.8434322213178,863.7371622334972,116.33341180937322,19.86803439842505,1762.922470509182,308.8158079468405,0.023218213507351582,0.018498709739802752,1.516726120768546,0.4346196698780122
10.29,86.73,53.99,562.3563582785318,268.66649206490297,928.8261900032644,899.3166456858836,109.50864625797027,19.046420748705636,1352.3176722336011,244.11032208578376,0.026434619235448844,0.009715839854901391,1.5407021542737078,0.5006269402846869
5.18,98.28,51.3,1497.1994156741227,1076.094320742504,1395.131534784359,1150.7390538252905,94.35284940446233,20.05035012208033,848.4745381687765,187.29389977328066,0.03376325125269002,0.006212387307525326,1.692226652344848,0.3108572266325771
10.3,72.22,53.81,599.7193549298461,291.9484405732786,987.252502732653,936.8410757214934,111.72576604449559,19.674436026505916,1373.8804087894628,249.17404228008104,0.026404543533603154,0.01001258950956889,1.552312201320322,0.4946221895704775
7.28,72.21,59.44,632.5143391063931,757.0753749462502,1303.985007281661,1202.5546066894842,207.8500107193769,32.524807619034114,1123.0194129386095,199.36133384842833,0.032375166852037854,0.0067239984175716154,1.3351216797755494,0.5207615722595984
7.99,53.08,57.85,646.715318608975,638.6774810677238,1358.3874169236767,1229.9035004368961,222.78658383300942,32.99367263372207,1261.1235746438365,218.97926326799228,0.03070476541066124,0.0074512218704202455,1.3388499710016775,0.5460061209545416
14.12,82.89,41.01,441.8812811889334,51.30935697200003,1074.042858589418,496.2516860203017,101.10901659908062,24.540874771532206,1699.1091113768243,477.2822769600192,0.0175562823864142,0.022883856018009616,1.4071846588864962,0.28276834566944486
8.62,95.94,51.65,746.8867814445507,374.2616657219141,1068.4012241979226,929.5663754496506,101.01671132866906,17.815061302675474,1188.7364353562477,225.722354282756,0.028028716716089464,0.008033851499405094,1.679867296505034,0.4896749831867956
13.43,85.91,41.15,443.13616116452414,74.27801061089951,1011.876300764754,527.1808568646086,102.91706274899852,22.898550761362465,1627.050912495398,436.21235794942476,0.018295695715712407,0.02063401738679548,1.4301398583682756,0.39624800749639033
5.2,53.34,57.5,842.3005794985114,4927.417387880062,2215.4492160525174,1422.7951613285027,2039.8010601707842,46.246508532274085,1022.178698337246,197.30788076344024,0.03432425946339101,0.006013200415085702,4.521276126167991,0.5263206748054994
13.45,83.87,52.68,432.2734607052236,159.47525253733946,804.0148413049517,739.2037428334638,109.80389883515208,18.63661671375172,1638.900896810672,315.3897044015329,0.02222281341067327,0.016821012905707734,1.5082968664206422,0.4427919818279468
5.24,86.63,45.26,1333.9667614635923,1230.5853594867363,1548.2200512758343,1074.7262460657419,101.49291465897146,25.18425910928188,878.6049124931696,205.71933839078042,0.03132775343216711,0.0062028267943158265,1.4780862690314949,0.3084648790726715
9.24,56.49,43.16,587.0923791478978,335.38546631656664,1412.710203790864,846.9809038852719,184.3772904737703,31.657645779216512,1322.3226374403334,288.615424226018,0.024153337612171706,0.013327573541681598,1.4629025076512343,0.5138012924029283
6.85,72.94,41.35,1205.4284449203783,638.6584620947796,1408.6233792665505,912.9198372940691,99.48800027825992,18.339898327245187,1068.5851577902954,246.0942124113034,0.026914164753071835,0.007423835682546553,1.817255248169309,0.3816672265005821
10.0,81.09,49.83,604.1022956223758,297.5587168375433,991.8106284417632,859.2166013372321,111.35913529922523,19.650188042128477,1332.816244948084,257.6191741307107,0.025487183327205665,0.010110918972986683,1.5488609026993168,0.5003574807969479
6.8,67.07,49.25,618.6192401676605,1097.5392445393556,1515.4749344447678,1080.4147962637403,337.22522793414856,39.13254386647071,1089.611725950731,220.49189893691735,0.029823621262773665,0.006683677106590765,1.4462601424668475,0.5013975720298813
13.29,85.29,44.02,445.7581289154962,159.19728607504717,865.807380335216,590.9174822282223,118.55123669691167,20.186060854812187,1610.4424288579785,387.75386139237304,0.019454821505148205,0.019026220560169466,1.4743111716814108,0.45182103131620993
11.24,97.44,45.85,489.8860564369128,209.8119928893264,881.2260987577498,701.5274454778611,113.351735959886,19.467764250280407,1417.4544536237436,301.52503454252985,0.022474718102576875,0.012920690933257671,1.4920725607172534,0.48829617250541507
13.04,70.9,59.53,452.5034470114759,176.83151736123503,818.3276327359139,910.1634735463282,109.61799668346426,18.624384048593082,1608.2212458261629,273.03818042662385,0.024820983235132602,0.01386521485259247,1.5211101273343248,0.45018688049362143
10.96,62.06,41.76,530.5804946703555,173.4596180419241,1151.1461410286056,705.7309760326375,128.32642040689674,25.890281530230094,1433.5560435462644,338.79592390847,0.02142767559421557,0.014066702688440322,1.3446349463057485,0.5158926762162802
13.84,58.15,51.12,483.89882098505154,104.59002580521557,1028.2660627401062,767.9505296653849,138.30697914289183,21.934925058385847,1694.6725430656393,346.93774733255634,0.02143885050246538,0.020475239544179468,1.4801470293924248,0.4655758822204742
12.05,97.62,50.23,448.04715473240185,178.53951494860073,809.1079325374644,735.334674137829,108.36452097606143,18.394722813158783,1490.0648961459267,292.84394851452964,0.022971951395057,0.013532938635025025,1.505724769859585,0.4662223343770529
8.03,60.16,52.44,635.8995562485496,559.3657339430358,1326.1969737969512,1086.562468933328,202.46440266484657,31.509275912207393,1224.7280181971496,228.94017458438069,0.0290432103591602,0.00759306201030813,1.3433920087000144,0.524177497944973
8.97,79.08,56.31,746.1303664425657,369.9732712654844,1078.3273157410526,1025.0293510009417,102.19784626120389,18.061869976581804,1253.0489091144595,221.34032080584322,0.028991307814036194,0.008214677486453967,1.6814103797268714,0.47880337253148975
14.08,66.93,49.89,474.9498411814644,89.23476311328172,950.4448440439323,704.6062355256905,118.66559264847191,20.438582564748923,1713.1012573068335,361.3394324277745,0.02074778038000393,0.020008932963863336,1.521999404103915,0.43832846006783266
12.54,60.59,53.12,489.5294756625215,197.8663328678659,890.3852741841232,852.5517926759509,115.48138992942974,19.79225227238222,1772.238283646331,300.69058359694355,0.023461722545982482,0.017377187506676137,1.512474624158236,0.46035258057086337
14.92,86.85,47.5,428.66536826121023,138.4291650532878,846.791884039601,581.1390780701811,119.55918089546427,20.202604011878638,1790.8996291577955,413.54022639911483,0.019031363486322415,0.023930624034428683,1.4819377093544182,0.4270195092016366
14.7,75.14,44.02,458.2361079745293,58.311064931725376,1046.886100127512,543.0162315960431,107.8295044842138,23.383065514987962,1768.1984635039348,458.0292393356561,0.018104533422764666,0.02440345919063466,1.4582517395623624,0.32376116904308877
14.49,72.76,52.97,446.8176234391274,157.08682283940445,851.8052496781144,727.0512492237406,116.32193087428216,19.843634431899968,1757.0777859522277,346.2022999025424,0.021298088546993027,0.020488931449790356,1.504343468488774,0.4326382866607677
8.88,69.46,59.18,803.7234836720816,392.15382041638304,1137.2992231197754,1111.5465571176583,101.83933632911564,18.01618855052699,1271.3620089651693,216.6313572448299,0.029971947059921494,0.008080717919854109,1.7196326956386452,0.4642830671567001
11.59,91.73,50.24,475.5994030419867,199.26513642304295,849.4544004688984,766.3925741701192,110.54221825889435,18.898701723971765,1453.182357502457,283.45186947575826,0.023530583412874163,0.012485703358408451,1.5045009294575677,0.4793386232060202
6.7,75.45,46.04,1236.392343665121,652.0351367188957,1396.6172599993145,1001.7721769450305,97.41570171301518,17.591272476363937,1049.8692873900088,224.8285735713512,0.02895347883333352,0.006991654332549703,1.8431961115607243,0.3799125045500521
8.11,99.07,55.14,827.7671895098399,407.3069009443042,1112.3583108655882,1003.5787623512196,97.49883757834577,16.93196980274878,1139.0704143860867,209.0843841677198,0.02991372892962874,0.007393060349580855,1.746681450936853,0.4829894470213696
5.97,83.08,56.94,620.1692969033605,2051.1554612091895,1612.3560881795308,1213.0930948598277,585.7492302144867,41.720956946275315,968.8551188609478,188.99376154817975,0.033862147728301706,0.006238534531614879,2.156850869115074,0.49600345823799236
8.11,88.83,57.87,858.3674571579165,418.2875762455097,1143.4340012323403,1067.70632369765,97.4696536064781,16.922158724770263,1161.3975554014537,205.78517125987295,0.030763174585886895,0.007625821865975934,1.7643417080609287,0.4750240154580352
6.5,76.09,52.17,612.3133430243975,1295.4696850837838,1507.5447881595287,1121.5880984668065,361.66572550184475,39.328706583734174,1033.654820401703,205.69382390798333,0.031388906374180285,0.0063776042514774745,1.4562462273749637,0.4960046865182528
14.04,55.3,57.82,491.1920916496665,186.87701401139284,917.8305798840829,903.2540497018936,120.68293365288997,20.77220066408187,1728.594043278225,309.49662075430876,0.023377287155080334,0.017732419202185736,1.5119651424289204,0.44533825494933565
9.83,97.95,48.47,583.362549898771,285.7694740910521,956.1448723591898,812.534174130038,109.74358627598033,19.218627985810183,1296.029517359744,256.3652758445015,0.025227191303048697,0.009801699499400867,1.54116938407315,0.49758576766729395
13.74,99.97,53.84,406.775782441189,145.88040072004787,750.435448583982,715.869697939132,105.75188875869543,17.76023289068823,1663.9612696214779,311.898543617948,0.02224400808290159,0.017248287682301976,1.514048453927236,0.43210518954149896
9.55,54.32,53.25,789.2268749924921,388.0642644275735,1187.3520020883082,1039.871378999087,109.13197576911605,19.764867682347287,1367.2027201132614,249.29980412747295,0.027232522972835172,0.009681685992644339,1.6749200059639822,0.4556229492591651
14.25,97.42,42.95,428.81916719540857,138.53945420502245,857.7801796984415,512.5399562898762,120.5551305226705,20.489703253707468,1710.0456480934095,445.55023377803224,0.01808037023356284,0.02273870564963444,1.466631070732868,0.4364525122114763
14.16,58.5,41.36,500.82013586505286,61.00197343464982,1149.3820597121482,543.2770677593995,98.13570174638629,26.425780059295988,1714.4939435150025,482.83518041032926,0.01773434227307207,0.023522476845896204,1.4240704729015226,0.2876005545433993
12.1,92.83,54.52,447.5046268488464,179.769446907376,795.426143672919,809.8829063904723,106.85804935358452,18.0775744242249,1500.6218346206547,271.88977721137803,0.0243098423723723,0.012667406957973072,1.5159590419858096,0.46388104578484324
9.45,74.81,42.67,690.9915957627999,354.1887499357122,1106.611661595042,775.8112824551517,113.54397705312677,20.541003994775572,1290.7472544313555,286.4944487125925,0.023695051208157885,0.010678418084903015,1.575794382434238,0.4883154091013111
6.86,82.08,44.11,1165.9508581051014,599.6541627109901,1383.843446348102,941.3667542756297,97.50937114243656,17.545426649682323,1046.817145379025,231.29065736218263,0.028050958144128103,0.0072106528212329355,1.8364438636941325,0.4080283066049096
9.32,79.13,46.4,693.4454732917399,352.1402525496854,1079.9530148348856,840.5514774803227,108.94867634230161,19.57711925459912,1276.0775233202335,261.89727152667365,0.025226154122945123,0.009711483438673325,1.6041522213369694,0.48918912025874745
9.1,95.04,53.27,674.091739906345,338.5648796742595,1006.8757976771011,930.2231389188803,103.50025025018884,18.208415584670288,1234.623360486418,227.3852880820869,0.027841070895233598,0.008302330764354205,1.6258817189807717,0.4985223509564348
5.62,84.93,59.34,647.1542244516896,2936.6375090443807,1718.2534037125615,1271.4369391595785,895.0706579201639,43.13921810059406,927.7446393397162,181.19338288352975,0.0352128496039774,0.0060381717630199365,3.0875416537077633,0.4942458128549303
10.22,63.72,58.04,640.3510457742826,314.2598181187262,1024.105807008359,1047.4158357460478,110.56144250366253,19.602827077255707,1391.275796416533,237.58081221793842,0.027848838809795218,0.009622971267207741,1.5859819119924485,0.4848444587480763
11.76,74.63,50.78,495.01853081598,209.34578940029877,892.0561324667351,805.6163405177957,114.31352883684416,19.659737184648073,1481.3740678529812,288.66911847821893,0.023564950614472648,0.01301106842757815,1.5024416530288318,0.47871449944251543
14.05,80.89,50.47,436.0950074745814,153.9994762494747,831.6243272499996,681.6871075416552,114.01705194544564,19.41567200591173,1703.321426491326,350.93528500031795,0.020895693822127512,0.01967085535217632,1.49898834838093,0.4369646381178455
10.23,61.57,58.31,649.1408078470854,319.0465321613485,1035.4462774427643,1062.2772967500214,110.84669907259338,19.684724372268693,1395.2842376085466,237.51160702490202,0.027914041565439272,0.009523016522653928,1.5906529522134696,0.4822351618748482
13.44,61.69,41.14,490.99362931336333,87.32630390385044,1090.5704830487566,566.3915293917263,99.71936301683759,24.91639747130168,1638.549290598049,446.0794995445991,0.01836386971054646,0.021265949451805148,1.430225780407912,0.40550285548560544
5.66,75.62,42.93,1360.5348669920745,1029.0128566789128,1456.3995205352635,1024.998834415428,99.78391724589763,22.455376534253826,948.314681361646,222.1126691183673,0.029486254999890958,0.00639824338069797,1.6083928466215545,0.30414202577288096
13.02,59.8,55.44,482.8481677582133,191.6136744729549,888.7586083674902,882.512425209133,116.08308205217537,19.929441094682364,1610.1046947955929,296.1647203720282,0.023663898094102,0.014987313848087136,1.5097520728859095,0.4570631130608758
13.22,55.44,43.92,494.9376167764365,138.43374963312843,1066.76240992268,655.8595896574466,121.54684575391654,24.083498197925564,1623.6568374346475,399.1825815202594,0.019645925914305095,0.01978181236101268,1.4246515872678787,0.4951373300844011
6.82,61.84,42.32,1266.7223310539882,701.2593905337732,1427.3395692520442,963.8532665335773,101.13961632214381,19.102092074263897,1105.4762328205836,247.63004874822542,0.0271777840032604,0.00741371447539522,1.798256193047841,0.34896586387068596
14.67,63.92,55.47,465.67810372855905,166.23288632178486,884.6393084607016,793.3097019536095,119.35776175582987,20.439564177443128,1785.603918949096,335.95712038794267,0.02196303779404138,0.02046468563382743,1.5086780352395455,0.43341225215896684
6.84,79.5,43.45,1182.2822531228262,613.0118969057994,1392.085482985229,937.5259431576258,97.97711905862235,17.71392740921412,1048.6723802064835,234.00727300035686,0.02782541466260047,0.00719662291461028,1.8339502092500761,0.3982961570565099
10.74,70.03,44.99,571.1321425176061,270.0059733399934,1009.037045575606,761.5324253469964,120.54039343282808,21.17872824909113,1406.070907896921,303.0785641679005,0.022857673821724444,0.012577235081932524,1.4954371040037002,0.4976199807781661
5.08,76.85,45.88,761.8756537517525,4630.6481047618745,2069.6006109242044,1123.1430419183985,1775.7025094896837,45.80072908974613,890.5706857018478,206.65920095436047,0.0316346023730524,0.005755421977869813,4.813630057702766,0.4696704918092764
13.56,99.39,54.27,408.82112077060054,148.45959080011968,750.0173730790892,730.8765346731717,105.37413289075513,17.696110360051343,1645.022233075876,304.6540273346021,0.022569806342028747,0.01655518740135161,1.5153858583313946,0.43488714168241766
11.05,62.61,51.76,568.1937391825116,265.27154900750025,987.7428123237238,896.5228593663657,117.6310672010977,20.61144126396443,1445.41823205069,274.04540786737624,0.024814796256757175,0.011730458328316777,1.5174215755027378,0.48968290245542373
11.48,64.71,47.64,535.6829887568969,237.41021274845596,969.184058081616,789.8019516694584,120.67386743365303,20.968012790777035,1464.7571438333716,304.5648409518931,0.02286049785777006,0.013261743915829311,1.4914926205776666,0.4873272133563665
9.89,52.04,53.47,754.5327177639896,372.7254467780055,1165.047232514991,1038.8953139373411,111.80009667368512,20.249250041788486,1398.2029204678165,254.16514511959687,0.026886408308851223,0.01009185999599504,1.6449706448669965,0.4596228908774558
6.39,69.46,42.28,1320.079569057379,766.0552957288651,1403.7275820364366,972.3172625013924,99.01465322620756,18.940503707793976,1036.655040492474,237.0838906127247,0.027946056711528736,0.006973394374669764,1.7886598969346057,0.3357838044703233
8.53,50.78,56.05,647.854013398272,507.1717981004644,1336.5416285701945,1177.6833133134267,204.61730178904205,31.012170641631656,1308.0351555867185,230.10987692297542,0.029426338839886903,0.007945223148388787,1.3373110573295768,0.5467461862164774
13.79,50.74,44.45,518.7362333625592,132.0660773770107,1105.232092517321,654.9331065232653,117.82282211523997,24.84409491947459,1691.4414327148706,420.4660510734023,0.019283472353328453,0.02192941837717036,1.4458175279985392,0.4841135982747976
10.4,89.46,50.72,549.7565443293593,259.46180608953273,927.6760381006088,835.3838211516776,111.05144700965447,19.303973645172423,1357.609130266022,258.53274236564005,0.025239151711618026,0.010464393276679378,1.5253309951463716,0.5016291796306253
10.58,76.57,54.92,561.7777657478417,266.1511223477772,940.7132969308133,928.1617806174993,111.41598271132574,19.403715813371644,1388.7007067718514,247.89693144938587,0.026375661750287757,0.010145421665610298,1.5363224154633912,0.4951650522094133
8.49,83.5,51.18,812.5554119403602,402.76757804870346,1143.053739495741,956.8796102912911,100.83817430253832,17.882990742366793,1195.6096670751933,228.58989740572613,0.02805342034407806,0.008065152631843927,1.7193974186624408,0.47329858597134106
14.25,57.02,57.81,484.81990132484236,181.58360450820214,908.5531215261279,885.5958377730498,120.41494938591941,20.683596063636852,1747.7839825406193,313.34634843057853,0.023151510458418068,0.018378312882549895,1.5123160037336305,0.4413723456365493
9.21,64.82,57.58,774.928308472762,380.29504920378423,1130.5954545259403,1087.0121256863813,104.29228969811811,18.59798338595261,1310.0287925074044,226.03980927349912,0.02904458424853511,0.008580320465851408,1.691753892448142,0.4645884664555354
13.5,83.25,46.08,443.1892844800023,158.33906667744745,853.9255741078083,623.3580247845548,116.95976373594108,19.901859095093386,1634.1086697496416,372.74786989896756,0.019970415091424124,0.019087454200635214,1.482964963097761,0.447339934020199
14.38,56.25,41.38,508.5517185278937,57.23150580790822,1179.4610707646111,537.7152645264921,99.36320575672218,27.11944814635949,1741.988404670369,497.27291140005013,0.01753975450722525,0.024387240576589884,1.4208865482233066,0.2673737930570265
6.87,73.57,55.82,616.6561861142828,991.7288889066996,1408.344426353651,1164.3192260392207,271.74799538522507,36.32629303241246,1080.5466704898365,202.57714923221553,0.03192806385149786,0.006646420209394894,1.3982027185259138,0.5098420311092102
9.67,54.6,45.44,575.6651585078589,300.9688921569266,1385.133884966244,876.8457311750304,180.69537166195047,30.50566818677095,1359.6247057290802,285.01789813818465,0.024439297054223454,0.014430481598001086,1.4654091916226804,0.5223654518093034
7.02,94.07,46.27,1082.4355921902295,541.3407721869168,1334.0547204207462,943.7940194793539,96.41987738074113,17.036167018327042,1038.1087762237134,221.94008825659344,0.028679036864329883,0.007130391383246692,1.8341855364294706,0.4511281301164238
10.29,91.25,43.87,558.8002301121412,266.27468776646487,970.4592770758138,723.7741891487333,116.19462483200768,20.317881034173205,1339.2542345624488,292.70584292004804,0.022986320092007136,0.011497567565500584,1.4998076532034064,0.4953784406578736
13.48,89.86,48.55,429.5363949351693,154.52474529113937,813.7014403047646,656.6811174306375,111.74152888035589,18.981774552853924,1634.6670888791868,346.5863338566775,0.020818818939286783,0.018180218668687458,1.4960236497464674,0.4431987846185936
8.02,83.77,58.05,894.7958553870752,434.88041102216727,1182.1711756223397,1091.3016153820565,97.57822171570311,16.971234979488116,1158.3811731503652,205.20701432550698,0.030919510130344236,0.007373473553648469,1.7802280138876998,0.4690212477527024
9.57,91.57,59.92,620.583121365302,306.2105236498036,943.8272642182671,1013.0888343047664,103.99147674478148,18.076630944428985,1289.3314851513994,215.9948092166476,0.029227596533786048,0.008351176452490132,1.6003081716917893,0.4995157864242682
12.23,81.99,40.39,459.86648318832806,135.53735208472665,1007.7366163294163,575.4838652255455,122.24495526625236,22.82019916337905,1511.570682804376,392.20764326110935,0.019353367361103074,0.017435575490330438,1.4052768491448937,0.5092175235655653
10.53,56.98,53.73,638.9635569281024,313.0342850100165,1056.531121853827,984.0926588285453,115.56331654346312,20.60835234267281,1424.7871687021704,259.81842874942987,0.026126829866776728,0.010732180096643753,1.5621328863061905,0.48318237964068583
13.45,89.05,56.28,420.4702554529741,156.00518837825356,767.3127548947302,787.2402563491627,106.42920087821801,17.9238496530404,1638.419211463602,292.3181250911575,0.023334505720166175,0.015660101463865775,1.5183795830727291,0.4385003733320529
14.47,60.57,48.12,494.6078225518462,106.36215517398465,1019.3361789102181,670.0674530638763,120.77799574502168,22.08783221303313,1760.2833839181862,397.7021076869834,0.019825446253917564,0.022776750627123903,1.5076474046748065,0.4449337257168696
12.27,66.8,45.58,474.44719788162934,116.33182897548865,1006.0145898105225,704.6609671410524,116.9626344047987,22.439204916379417,1527.2294267980349,341.3467903134191,0.02123120982711136,0.01565073787639552,1.4243623290165714,0.5056213097068212
8.5,71.13,58.03,861.6407454430824,418.20582990057227,1185.1150581245795,1107.3018384832253,100.35700746879989,17.707610281151968,1232.6816328886634,214.43413336433989,0.0301722001841211,0.0078057544413522775,1.7537688346733564,0.46021253058677264
9.17,91.65,55.9,672.8598555320696,336.3024385373719,999.9108928048613,973.6293657491581,103.04521836221961,18.079951221024334,1249.2324524343,221.5218438712121,0.02857547555120177,0.008249768877546462,1.631003329808983,0.49590334099847133
8.37,96.78,57.72,785.6876398868443,387.62323604792016,1070.7365285215856,1032.0275816105031,98.16759216154001,17.021109698234508,1167.184606612487,206.2468922055916,0.030314031705943184,0.007437937476864226,1.7238147109905766,0.4840478445430031
14.65,95.68,42.46,432.610734575045,134.51558248062403,877.5721822455291,487.0560397779832,123.81535159986956,21.077522103688366,1752.9662836351115,477.15542317897626,0.017529030327213688,0.024358128872287877,1.461745417467877,0.4325941568044521
14.68,87.79,45.3,433.5829469554389,139.79135112743657,863.3087132212954,549.196712788948,121.25691240253815,20.57422618622192,1762.0158805425203,432.7988615784517,0.01850368627329074,0.023724129866489252,1.4742450803067628,0.4316649521319678
13.85,98.19,50.8,412.55337956638675,145.31658284164286,775.374288731997,666.0934127645917,108.61995258319169,18.32198678098637,1672.3358085073262,337.28476318650684,0.021158633932692773,0.01856980127346928,1.5044829598303389,0.4331745424989611
8.65,75.95,47.87,816.3258370441076,406.22351671131656,1174.1913205796432,910.4224596917139,103.21273000513659,18.54821390277575,1226.771012396043,245.7511130852832,0.026689770481812706,0.008805373050514903,1.706337653730126,0.467259071987889
10.49,77.13,50.82,569.4255436303122,271.76019605463534,964.2742993258965,861.328081711091,113.30665321794149,19.832045187598403,1379.5819727245653,262.96358523978984,0.02517373746375478,0.010704753244232493,1.527372518349487,0.4980154085486315
8.06,80.08,56.25,904.116000762438,439.7694257318747,1204.8076424993521,1072.4886752414734,98.32791337679085,17.215537392944032,1167.4992107036155,210.54727846198935,0.030290069987986216,0.007399281729013272,1.779893961587602,0.4647059760150443
13.3,77.7,49.14,448.5814950258985,166.22484070931318,847.6263527137672,697.791366729985,114.24565102786319,19.513153779529404,1621.8919168853456,339.10899262131545,0.021243281686008558,0.017535441790244334,1.4957937700704624,0.44960009786246574
11.18,56.24,53.84,581.4364712059755,272.21982824568255,1007.611217172702,956.6795944199756,118.56908409358971,20.855169854965933,1471.6432453397979,270.1844026636049,0.025352193907252504,0.011690110417138513,1.5246958608314545,0.48595704546158497
11.8,55.1,44.18,508.2052121492593,145.19298892434045,1133.120854450459,734.0732209427613,125.63696530751413,25.57695849232251,1501.356702349448,345.36343507456894,0.02132011521522782,0.015536653890093654,1.3602779373412637,0.5222081723592629
6.81,95.97,56.95,1131.91079648768,562.3637248218963,1311.1306833144342,1116.1492590063826,93.92862148213014,15.949128056684868,1022.1811921255098,190.99516952847586,0.0325734802996122,0.0073907223885788355,1.876933067524405,0.44218520556071095
6.79,66.49,58.88,618.7838432321668,1172.3566880100695,1466.9101816136142,1252.0091968843133,322.53235555433605,38.3284123924779,1096.0504510287167,198.28244677873818,0.03286904837798549,0.006449557035430266,1.421240142095226,0.5214075953929673
5.82,57.0,59.17,701.9880449509785,3004.7729060207153,1872.9938118300458,1379.6377699171453,1108.5771568029318,45.207503502589475,1055.298146471099,195.68107723060916,0.03412259957121464,0.006025837020507574,3.0625514211500033,0.5279895213704018
6.33,57.99,46.02,652.9741292799284,1724.9293973319686,1766.4055529938337,1088.0288735725735,641.1757233169668,44.383184358486695,1085.313655844495,230.48482363271552,0.029184871499392452,0.00647120546006629,1.9425432902748652,0.5022674468769351
14.54,79.67,59.08,425.02926704796977,150.96236374950706,789.2829339725711,810.7085347442265,109.8915323485097,18.561169278869077,1767.176076227826,304.80004143763165,0.023103272516290407,0.018545791811406503,1.5212455314973563,0.4249804965111468
12.84,80.6,42.75,450.53524703837047,123.57510420702302,960.9209628220792,594.5516576668127,120.6962972306348,21.505417406104996,1567.3648485727617,387.23675144098905,0.01952447526038939,0.01828542165133827,1.4426749550746107,0.4823687545121144
13.85,64.75,43.38,480.2498186301535,94.29312752737947,1052.7225731746307,588.7268696580776,108.1305962203954,23.673868896121963,1684.3609390133117,430.0437057220669,0.018763877732763716,0.022033707964297423,1.450182859925651,0.4642154233881587
12.58,84.63,49.24,447.50824592803264,172.08761598706107,820.199569913135,713.2476513367569,110.31238967873799,18.723385567393095,1757.7235579998712,319.4029443561328,0.022026164635373185,0.0186180873983895,1.5072390626004935,0.4539181895493571
14.16,98.52,58.19,399.1923904774903,141.99451019181114,728.6357658703607,768.3211557793568,104.39624005770528,17.424593835022048,1713.8565602562155,296.5666892052485,0.02315210134269764,0.017344736686610792,1.5232807860724142,0.423326871850217
5.45,97.17,47.79,1473.18799939801,937.4815135572038,1358.703622921978,1076.729163996248,93.99278873534017,18.33437543078047,877.9235617646652,198.15318245691617,0.03202430758970596,0.006308776698111528,1.779289606973677,0.32444684266092083
9.67,82.68,52.19,635.228788020716,316.6388303671956,1002.5791019470653,911.3857584812636,108.01221566493778,19.093619768435346,1304.2145553643204,242.4223257361895,0.026712203208214904,0.009296086581816515,1.582634577694514,0.49783816869940256
5.29,57.97,43.15,800.6149000845421,3939.242079878373,2190.8506478648405,1113.554720932981,1692.19519932528,47.116260350825115,990.0651040286539,229.00651494007587,0.029619908817384553,0.006008666254125558,3.9087489654367054,0.4884390575964756
12.34,79.59,59.98,451.4640149790503,181.56771654095803,798.136336477761,918.7474669095726,106.99125447101902,18.096564384255178,1535.2645381604473,256.50407002259936,0.025712132475330312,0.012110653397905327,1.5244004836082214,0.4591565221289825
5.23,67.96,59.57,757.3926904408626,4633.177209709872,2007.4755748216176,1373.272672012703,1683.6432983911907,45.07078540709583,947.13720969419,184.78377218518162,0.03551418565440571,0.005856253118762651,4.573926492171881,0.5083637204263224
12.73,77.72,52.73,449.2555511030502,174.5703693342973,824.1015273515519,786.1394903527726,110.10357906447123,18.749945324107095,1564.4077378255377,298.31399950062917,0.02302770250197819,0.014590597602038622,1.5086261218969588,0.45587052086400925
9.94,62.8,52.81,679.1243297552262,338.2035373740644,1075.3660363210217,971.6674598567552,111.04609545590208,19.894160913532783,1367.1693870329532,251.546632783214,0.026587838131871117,0.00997248321533329,1.6000376788079615,0.480731147487404
13.73,51.79,52.9,495.4063610504592,115.66401424823262,1082.7056963274008,836.7854924365188,152.44013742300243,23.012902740445075,1689.8879120521494,334.2046096153846,0.022177337604601412,0.024030180578304024,1.4584255567296653,0.48271061069685633
14.61,80.75,41.04,445.28881681160397,41.029552337793625,1119.522950257023,476.79222811981543,102.25888483801928,25.578560447179683,1750.3293282765173,507.4816917485661,0.017108031613676206,0.024537281474319557,1.3996681585782558,0.23001205331239244
7.71,69.45,48.81,1031.1876805439201,507.63431666715104,1344.7593924805929,1001.6466463743579,100.00145138467427,17.929075358863443,1161.0642025142445,231.34422798769393,0.02834619856583333,0.007758577813579222,1.8086360001824515,0.4478625923249002
12.44,98.19,40.43,450.87786628083916,165.87984472638897,874.6693977578204,547.9927031547385,119.21075073937857,20.32532570729145,1515.461805482048,394.42998983110505,0.019027594118027822,0.01719116649937661,1.463371800875043,0.463777364666152
9.09,90.33,56.93,688.1605611518146,343.8129577119191,1008.7070256849274,997.6311210011322,102.41796362162951,17.93683302094705,1240.613924270122,217.6560877626762,0.029004408894477706,0.008001114897954508,1.6448015682591397,0.4926486629221424
5.34,89.49,59.46,676.7707380906926,3818.0799483015803,1806.9418172153964,1281.991182960515,1224.0283966462232,43.81497555592394,887.1992957564576,177.3278625408073,0.03584161570997162,0.005951766372286237,4.060496124633647,0.48737573852963634
9.71,86.04,50.74,621.3879306553433,309.32260215610086,992.3257984948762,878.1475705145792,108.8166896069967,19.19859997875734,1299.1748570744019,247.46526822317446,0.026171012635830302,0.009436229560939749,1.5690855953666825,0.5011522571764303
11.34,91.61,47.13,491.4313275030721,210.17340246470158,883.1563555972494,726.777980298489,113.29284498611626,19.47365153975614,1433.7028691597754,296.8217014340953,0.022812260608414608,0.012905565737983559,1.4954241209476988,0.48663269756042954
8.01,71.72,56.9,637.246109138894,509.3729097052377,1206.6082340385396,1117.3082730070034,169.25147170527612,27.945713811757138,1186.5678278291714,211.90537012527255,0.03053826506846171,0.007199020184081944,1.2900486934214563,0.5207621346984275
12.95,84.58,59.35,429.44919774424073,165.64464044175966,768.1566326181469,867.7870020880622,105.47471725000145,17.752939759598203,1589.3533945559675,268.26506038056164,0.024809539198204323,0.013517270282958656,1.5242164454113132,0.4464947369677376
7.4,78.68,50.96,1051.2790488246603,519.2565979649514,1326.9237814860057,1029.9854323742218,97.63885995553991,17.26169912861317,1109.894462923153,217.50575191623642,0.029596615363834993,0.0072910790199981835,1.825847630901713,0.4577193011172146
6.2,77.16,45.64,1349.971863672878,768.5789759682807,1383.8313632938857,1026.3035793214922,96.46663230477117,17.908979345470648,997.6974323554095,219.35050503570017,0.029635587752217887,0.006679210308540646,1.8243882496658002,0.34219051477854967
14.06,58.0,47.89,497.11663168962224,103.493254725316,1029.1562330960094,691.9084413845675,118.42067836848,22.393677416646103,1717.3044788707518,385.3140393452387,0.02015981627169119,0.021224593745254757,1.492154398475139,0.45786231845369857
10.07,93.53,42.89,572.5674081678848,277.789154562538,986.1182978384219,714.5757006472642,116.16749605943589,20.402113660862632,1317.6464963998221,293.51285207864595,0.022907420454763225,0.011256074461772287,1.5029530420874169,0.49091986919853237
7.71,90.98,59.07,929.846359645008,452.3084817993274,1189.091939613152,1104.1899532497303,96.20562911748146,16.548112716611637,1115.7012618768838,197.9014257013335,0.03171293797058901,0.007020392779741506,1.8007951190090428,0.4737383968045638
8.48,80.96,56.95,821.4762110786395,402.34511109417986,1133.3702463103566,1056.4357507538386,99.5093094663653,17.470423646714707,1205.3424860331227,213.37402576765476,0.02988584912022805,0.007698853339599749,1.7367782342786355,0.47095173358623676
12.36,52.81,42.35,509.3097573830229,158.82071414151432,1096.7661382615738,672.4242893274851,122.30050991226645,24.91507955177075,1543.80252548103,385.61496613533063,0.020018941049625167,0.017761655533059063,1.3981712421696402,0.5184898324826906
8.56,71.76,58.86,847.3638774731826,411.41733526087216,1169.045325623465,1115.2127043788112,100.35713673967796,17.684472179950447,1237.446923984876,212.96563865371346,0.03034936175013779,0.007867505248552351,1.7477127693386392,0.46173108560480486
9.33,75.04,56.67,706.8262890070365,351.3535348708477,1054.2450507046535,1024.6340322361425,104.41378512540852,18.507242460217185,1293.8458016246193,226.06288497011482,0.028600358451167717,0.00859263037964581,1.6483644124322707,0.4820764355519825
14.61,96.68,52.52,406.51603319075076,137.63128600015278,770.6758769913287,664.4419426670565,109.15268605171218,18.38726050239474,1760.130785919168,347.7006971063814,0.020955130919749553,0.0208548409032011,1.507638344317435,0.4216831622569245
11.05,97.65,50.42,495.22628384410257,217.2517723499951,863.4614748393699,784.2776960487405,110.0190779563176,18.858493973364524,1405.4108039521054,270.42142203910515,0.024285315388862715,0.011582752877973859,1.5098359226009355,0.49050404434109823
7.35,97.86,52.94,989.0075051076906,485.22514995964553,1246.1045909084203,1018.98310003509,95.75757907517645,16.584414490658958,1065.9100116016339,205.96514102252354,0.0304225734790985,0.006985167892565002,1.8191543605169151,0.4776976395701964
6.59,99.78,45.92,1173.9417511618485,601.1051092183691,1357.5581452076676,957.5364378983937,95.2823548845306,16.784361982792838,985.8994688435794,215.71808183988705,0.029302419954392953,0.006753826954971913,1.8544831687163108,0.4211681495546829
10.71,59.66,57.59,606.5752800403445,292.00903681079865,1007.9988475124849,1033.6548039893287,113.90647125920235,20.12013584988533,1436.803890600134,247.31517324840337,0.027093482041711255,0.010333019837792808,1.555402671631399,0.48568014908924734
5.95,55.26,56.0,693.4033289014191,2683.4331826869516,1859.27298339012,1321.7302637881494,1008.6796123977581,45.33851729459733,1074.2252869584247,203.55107261405783,0.03293384034230063,0.006083365100060984,2.790280551317155,0.5252522992683584
9.0,92.35,55.81,695.7438396348887,347.88713849889234,1016.6017450833341,979.9373501228599,102.09961252980567,17.91119005566717,1231.0062436260391,219.3155475593492,0.028789732606995636,0.008054309007793874,1.6492342755662348,0.4934550338909469
14.27,58.63,56.26,481.355402337796,178.5839381216828,906.4860641875229,847.8233330391841,120.5411637393295,20.699695277514355,1745.503605424098,322.1028520087448,0.022643338279571525,0.018849050370889183,1.509164071272508,0.4409925979186224
11.38,78.38,49.98,508.24210547634385,221.85316739821485,905.0014997171546,800.465234439935,114.34937110496445,19.715658548760945,1446.1575053629513,283.7749449348966,0.02375286541281163,0.012370076600709767,1.5027200084562937,0.4863119602966716
13.51,61.97,56.53,472.92359063562293,182.0688829566594,875.7696495157717,871.8708409365928,115.94058447704643,19.857258090870214,1660.3030025591775,300.3930800623066,0.023469048885891765,0.016101960814521064,1.5118446868264206,0.4487122304778506
6.28,80.7,55.3,610.5907523911342,1534.5786860514354,1529.2587734744868,1173.5937143377892,416.07226861025646,40.03689878636928,1000.952365814772,195.18047633268304,0.03280129861106126,0.006244200647442161,1.5971311687149639,0.4962538745878642
5.26,98.81,52.64,1516.194046391889,1012.7348303063155,1355.8848721096267,1162.324073059624,93.40259141985662,18.672172967813943,857.0239883640567,185.403079045622,0.03404350632085938,0.006236817068503861,1.7555138047378573,0.3158353408279253
9.66,56.72,56.65,754.7308907748552,371.09371678963805,1139.8598893073631,1086.357604764744,108.248153853481,19.46494294314915,1369.87849471587,237.9560879374105,0.028174798982090604,0.009307548424730383,1.663017461111713,0.46245526471211534
12.53,72.06,41.17,483.2107519935636,111.79538861879587,996.2649044347532,586.2449424076906,116.41211231635272,21.76401441617619,1753.487251591071,404.66220780416404,0.019240223808084718,0.022161361191855425,1.4705091116140199,0.4754357527219001
6.76,92.89,48.66,1151.2300298228645,583.7547191794772,1349.6826238927622,1001.3144256386367,95.50156682989883,16.75290667108219,1015.8926008201348,211.64801198317107,0.0299414518914252,0.0068408133743053864,1.8538070491454344,0.4261819893726331
5.21,82.71,50.29,1350.4052031063452,1273.9268197796355,1557.8601716097992,1167.5681265961157,101.20177255048881,25.3035848129845,891.8072953532559,195.27500664255518,0.03307610857431478,0.00632682251517784,1.4715609317868175,0.304487483375357
6.09,87.26,49.14,1356.761221298873,748.2968974919582,1364.5683285680363,1068.4207766453803,94.53081454830716,16.877676205040142,962.093547462183,204.46861573772946,0.03119892426937707,0.006499408224598176,1.8618171987736087,0.3569578041433646
8.52,59.37,53.84,631.6701158193596,455.21717217412873,1270.9971785220687,1087.0555351424348,183.22768549629654,29.025609470520344,1266.2444477423794,230.89588052469585,0.028815068034409873,0.007920853696891184,1.326044848480489,0.5300258284475631
8.09,51.81,54.86,648.1015714694784,611.1937210623244,1380.0939215678338,1175.5938336142306,223.81759935547151,33.25189082143544,1265.5518504119916,227.53470409388916,0.029640495123558874,0.0075319009477792225,1.3507555986855042,0.5398441470180951
14.81,57.82,44.08,501.17390282538025,64.76229653411671,1130.3084312402657,575.2531699302149,107.23607392451306,25.567767880052383,1791.9801077384623,471.00615778238915,0.018086482729145665,0.025241615449947165,1.4473432794292778,0.31761895787312394
6.75,56.58,58.65,629.0867440181324,1394.4142365928444,1577.4802820330738,1303.014011708345,436.98580634275027,41.219904865022166,1143.2182530294524,204.51355418591794,0.03264632807168352,0.006577763653407418,1.492881106600354,0.5358121290527297
12.92,97.76,56.81,415.0689098667065,157.55540696291706,743.2871995381918,798.5644215743175,103.49150735558138,17.359412217758358,1579.1865756467048,276.6236340977344,0.02402910596376921,0.013911153227523572,1.5219535887848674,0.4445604465647903
8.61,70.12,59.56,846.6698034232018,410.8301755592472,1169.9005132403506,1131.250106772879,100.64009707608439,17.734879805351824,1243.8845029561544,212.2033673427971,0.0304674839541953,0.007751566587714365,1.746929466073799,0.4600955932006092
13.26,87.5,55.12,426.1608495456022,159.63802731503225,778.6648169335014,780.5110381284353,107.19490747436124,18.089232782922824,1616.1665033873364,294.5030768145032,0.02318244780105396,0.015398481634798728,1.515793476757749,0.4425651870130958
9.4,86.54,53.95,657.3313182052401,328.8082535975223,1004.9013927372789,944.5882013383921,105.38472791270843,18.583336262858495,1274.6058866804653,231.44448609497022,0.027651804904193417,0.00874118500474611,1.609109623196346,0.4959215860611095
8.03,85.77,49.29,890.7461447767171,437.86754267509264,1211.2517142938195,946.1504382177804,99.0682855907283,17.56470481939083,1152.5216866351682,228.3057975339597,0.028100995693343785,0.00786100621791666,1.7639654959181694,0.46891662071043927
13.7,54.51,47.64,500.76942513946636,103.08154394984727,1053.2240854978431,715.4794271624486,118.09309212788847,23.099820773373207,1681.595650729796,376.2877141418885,0.02045117753977324,0.019926905877644282,1.4671913701635084,0.4695385812333916
10.26,98.4,54.02,543.1122349952778,256.2783646077599,894.1075586725347,876.0108121758911,107.8582487456626,18.613848019181585,1337.4616148446219,241.196133786721,0.026471371210457856,0.009630523472542738,1.5376890463223665,0.502993054833506
6.82,92.79,44.06,1137.3807046206666,578.554933352266,1364.6923329677154,923.6378691099866,96.64653198575583,17.222219626911926,1019.3200281291734,226.85986711227991,0.028180553359211796,0.007008444826118655,1.8393525369802104,0.4266408106816851
9.8,80.74,51.01,626.1938370144817,311.467504362225,1004.1572825675447,890.2607794506008,109.54255883479132,19.382784082579803,1317.2605167318789,249.48462503478933,0.02615454261250451,0.009679869190820705,1.569800091112577,0.49789421949779333
11.81,54.25,53.0,545.7791425599426,241.13344860136792,979.2727766794251,917.6822014398638,120.4156331153813,20.99635214519563,1521.4587103239396,287.52815719099334,0.024362940186857248,0.013403724436058435,1.5076979661149634,0.480034855653161
6.11,84.53,40.69,1329.8852777875586,772.3424315388306,1384.758521393091,931.8271219273707,97.14553491958027,18.42617707532835,965.0746793819501,232.21459807825494,0.027991360403282355,0.00666914952437157,1.7971948312026913,0.34510864028002936
5.33,97.28,41.2,1389.1108390879795,1053.5744739823426,1446.7713725939002,981.8161619775968,97.69909965639383,21.959578308344913,861.8502109753673,215.23408767274654,0.02977246413281858,0.006191758177566386,1.6165682908214873,0.31621566755669184
8.51,86.93,48.69,796.6117616712571,398.1797638227098,1135.033553234576,907.2352831581481,101.61858227931405,18.102029111266905,1189.9301774864794,236.32761191254704,0.02718023262108759,0.008226202895922614,1.7027823913242628,0.47771366303154483
9.07,76.11,40.47,742.6317345003495,383.537852418598,1153.614386847598,753.2077956978495,111.95864477661824,20.4235350425259,1252.3144123731577,291.5820204647724,0.023354046717659196,0.01033651324802189,1.6074736842456319,0.4795249406428283
11.21,50.08,44.86,526.7542913711193,190.86384151632512,1275.1518005419941,798.2914297376592,154.19393543808383,28.517256669732674,1479.599483304234,327.1037803438236,0.022326649143751466,0.019184466305572384,1.4140320563797861,0.5343431804223325
14.16,75.4,49.35,447.994448623083,157.37454227826407,862.675194122315,669.1484528066034,117.89286065591912,20.113064491648817,1715.0974590349135,366.22705209370895,0.020440330098196655,0.020547980216392658,1.4924258434230402,0.43873313938745045
12.99,55.69,53.28,496.73307558756227,198.62465012364288,921.4769909228224,860.2416942028891,119.31160899110316,20.568762673200727,1609.0315884259103,309.737381290056,0.02303931788263948,0.015597380015096416,1.5030200986842441,0.460370562280477
10.61,86.64,55.8,536.5988189660111,249.39931336609916,897.5248582895385,912.3508296980335,109.161121444166,18.85159817201246,1383.3262068599022,242.8631352204184,0.026600641682119883,0.01007169445959577,1.5334474682776984,0.49662304884995156
8.57,55.67,47.9,951.1493433336999,463.7805040928628,1332.2639529753317,984.4102831964854,105.74474937733763,19.261464839243096,1280.5891903513668,254.0577079976665,0.026749263159656197,0.009041799857195854,1.7591196797044364,0.4331163655883638
10.77,52.25,57.62,638.7101205772371,309.9162133637233,1055.7732792654062,1073.5422798566847,116.01785420806614,20.647780152534978,1458.4693719105835,251.80619527444048,0.02706524738751386,0.01056481517720834,1.5671507509106148,0.4787294974858104
7.38,66.38,54.29,629.5225829757246,750.7839631521629,1356.4865880638151,1133.509688600973,226.86597615910466,33.878928908209744,1148.4248564957518,214.0089073039007,0.030610703984943026,0.006978998188934247,1.3579808141181988,0.5174586665184646
12.98,82.63,41.63,447.9609046695497,112.5277282953019,985.6544388944003,562.5642991452801,112.89742887747173,22.223052688102413,1581.265933043537,407.8978207515001,0.018959973237688707,0.019163616785708562,1.432302012003462,0.48947674272006414
9.1,72.21,43.49,756.655475762758,385.65038644275813,1154.1997526884236,816.3748977632492,109.47966340128103,19.89494385719644,1265.5922199057895,275.0506008247847,0.024470618333536195,0.009937439251914508,1.6351215435941278,0.4736901319309236
5.04,70.81,46.82,792.0000147022288,4910.867368578529,2137.565329428987,1160.1074754248502,1935.2758045977603,46.03147361731796,908.7919039247032,206.8850426468498,0.031862579908450844,0.005770544060305319,4.927994487501323,0.47772635242616973
12.26,73.42,55.71,469.37526228993215,190.63150710738591,844.0287146972681,870.4677448229098,110.63157259111422,18.892188863519397,1533.240960167817,274.8655094081022,0.024547004710243642,0.012985950826574064,1.514780835296827,0.46502241539877404
13.03,56.73,46.84,484.48771280655086,109.08274428668496,1041.5244117644095,723.0521403351034,118.13314033009685,23.121113175278335,1606.3479295098327,359.0900138909371,0.020850463406795583,0.017672486446079477,1.4335552620303493,0.48453484410598857
13.55,73.88,53.0,448.9385431219351,167.13858908706973,838.6500345994484,765.9119220169388,113.27579838502439,19.300558188634906,1651.8052099470883,318.24287306902966,0.02225951901673693,0.01709247926627599,1.5064237172079327,0.44458640894595236
9.82,70.41,55.91,659.4643708335499,327.3989317094682,1030.2949466737432,1003.5780228958181,108.23292999122489,19.202161853811575,1340.886348799733,236.00483924004953,0.027706816588534022,0.009220901804968274,1.6027225933976035,0.4868391633427355
9.81,97.31,56.66,583.5348693679048,284.5650608672469,919.1646659545285,940.0974217993412,105.80441664993882,18.34036453702365,1299.4956448775224,226.2709278976026,0.027911957617254148,0.008776658034989612,1.5680751931444028,0.5042663600325389
14.52,76.18,51.73,441.42370354879375,153.17370006415632,845.6372953116316,695.1394435114747,116.18807342347873,19.78958368734596,1756.9123921743071,356.41008186037624,0.020862304549443864,0.02104679091109365,1.5010051846730805,0.4315426862363137
7.46,83.94,52.82,1013.9653462685268,497.72781198304335,1287.5835840949353,1042.4522062227795,96.9569910689818,16.986916108625437,1102.7773240950728,211.32249421507606,0.03014911762053816,0.007187280534903962,1.8207643098399662,0.4657840883423687
13.77,90.13,55.33,417.1670007059663,151.35355374019386,769.2441763193559,756.2724795822998,107.19269947365528,18.062142157279673,1672.3346994468511,305.30912863198927,0.022704903200795015,0.016985846870391914,1.5159438219637618,0.433897696122418
8.91,65.64,42.88,823.5488863605751,414.597207325949,1222.9853860998428,831.3238384973238,108.46643443978641,19.846189493496983,1269.1262115949821,278.27267613566886,0.024490701964547272,0.009994021843212292,1.6778802372881614,0.45762311495641667
9.83,60.62,57.16,705.4423281581428,348.8727291978096,1086.7692148440353,1066.3763866503202,108.6881303203638,19.444107012988592,1369.1390662901304,236.57338328208402,0.0280831176451106,0.00924904425223572,1.6316625459109868,0.47338033855147693
11.08,85.27,49.77,512.723778728622,228.0448022318815,901.1402722267543,795.5975956497349,112.94431340398383,19.483054784947,1416.6155803201698,276.88715103886574,0.02404308932972298,0.011773606032937345,1.5061244403298726,0.4916652535594696
11.68,56.09,48.03,490.9135823599898,159.9920090655522,1190.158384295104,816.523678878823,149.94145510588987,26.100877646090254,1490.4699739017972,311.4963220112187,0.022792849300374923,0.021463683325874276,1.4199618069784574,0.5328001952740059
6.53,74.13,40.91,1270.315209634641,705.4646947179119,1403.9459571315876,924.5467434303703,98.89444055391245,18.55200852948738,1037.9664733546815,242.85075997350583,0.027254580104106613,0.007222401239452705,1.8054894067460172,0.35773236872934716
5.16,66.06,45.08,786.4571541530203,4382.916158742167,2136.6976039989877,1133.1085666041652,1778.8211481555475,46.37609402802763,939.2417224542213,215.7843861580207,0.030866211951594207,0.005857535327837687,4.4169389967718375,0.4808797654377534
10.64,81.06,43.42,553.0018574689424,258.39122994939993,982.9337151540409,714.3821173995531,119.48571233154243,20.88036025673148,1380.8361365056855,307.7656292485264,0.022386295094250244,0.012515821681883041,1.4873785482701505,0.5012937564955905
6.89,62.24,57.83,622.2268649311242,1143.7668140140752,1483.5041965743067,1248.1906680240709,329.77998047976564,38.688792653167376,1122.291060771125,203.27967240826024,0.03233900393237932,0.006541577450125,1.4218070273181131,0.5254184397234264
5.21,61.03,50.1,796.6297204679291,4489.199684449146,2137.2430822118613,1240.8818179422124,1815.296642632732,46.18355416798869,971.401635680762,206.4213797515376,0.032360257626024,0.00589170360691816,4.400874237466046,0.49881251217915945
11.01,58.2,50.1,587.906111395668,278.43553049659766,1023.5945244796418,883.7550531611816,120.01216055387667,21.159742291946227,1452.3140703631777,283.7935994757466,0.02434798287281429,0.012226537436038123,1.5163136662731946,0.48912424452837405
12.16,62.21,40.53,492.7066253141287,152.87563469693197,1080.594726850195,617.1391045306397,122.87735623203803,24.73113810074184,1517.4216585851275,395.23023919255763,0.019536432220280845,0.017633949235823287,1.3836999867481794,0.5245865954830372
7.79,98.83,48.92,895.4481001450449,441.35681445669957,1195.892854317357,929.5233152646209,97.67793464558645,17.17050561024855,1104.3666455931088,222.33704847379718,0.028381315619734532,0.007456822136496339,1.7716935656215294,0.477547822902764
9.84,82.69,46.67,616.9420328027666,307.57718853976127,1014.6332077241923,810.2575810230211,112.52594042151566,19.953133749629945,1313.6520661255279,269.07043140205417,0.024613212049334393,0.010380289864805287,1.5456581097435849,0.501606937996586
7.03,86.73,47.09,1105.5666562312279,555.1781543308444,1350.077546399627,970.0270550997786,96.7643286407442,17.15449903226289,1055.685357608087,221.79917700871127,0.028899506776288063,0.007157333410057347,1.837510793648131,0.43769878472731444
5.99,97.45,51.37,1359.6817495176742,737.4985054711427,1348.7281371538054,1088.2919588712457,93.39763751151416,16.2608388211949,932.3741424513277,195.32430769179192,0.03223740691058774,0.006422283561578216,1.8824567818311766,0.3688259505556824
13.33,81.48,40.27,447.6453784950837,70.77003110013705,1045.8969307242885,519.324957302399,99.85945308797213,23.93387079098535,1617.6456061950091,447.5963655113634,0.018078428653326352,0.020619392133043393,1.4089501559274562,0.3658989058743048
6.52,82.56,41.31,1244.4349390616526,670.8842083817464,1393.9955450545149,915.3538640867033,97.63320623265771,17.92689606068835,1012.7403152892779,237.02160988513248,0.027534196684711337,0.007068828208877153,1.8256026199602529,0.375860673618186
14.42,53.39,54.81,501.6537684456895,186.14793866185974,953.5867943131274,836.2452944669664,125.59675467006073,21.680688748972443,1766.8909129486674,338.77165408613007,0.022079385345825996,0.02001449682420036,1.5030065447979635,0.4437554102963587
13.33,64.45,49.43,466.9180966947665,103.4416475011891,983.3992345935714,737.067912069828,127.13270101101834,21.40558502003545,1631.1209739687808,341.76989313750323,0.02136885322700594,0.01850457986355604,1.4663601085281888,0.4742391418258064
7.47,70.27,46.56,1079.2013154609613,538.1064231679642,1373.39780527821,973.6468822297121,99.74173588802824,17.97115604931895,1136.1807780055785,235.65918025368757,0.027909825388147336,0.007691852487293408,1.8178857113671816,0.4362859983333537
13.86,90.43,48.67,425.71002279359226,149.21287358373021,813.0766488409721,641.4676633705008,112.60646288044975,19.10115053093826,1675.4465364654247,358.1827950083295,0.020464118032159802,0.019450242720526572,1.4947506935192187,0.43751082130609464
8.65,91.21,49.88,756.6837148774497,379.61288932464663,1091.410064031231,909.4039148505889,101.84968961397173,18.08244491126175,1199.262272780825,233.32224148787708,0.027393270075393567,0.008311971869027658,1.6796403328356924,0.48588465242832635
14.25,94.54,48.36,418.1753097271856,141.71037625676485,806.6585310701515,613.4465527057176,113.30170116792009,19.141026278334163,1715.6348450573232,374.3464671855189,0.019954007915714937,0.020926398265147136,1.4916093545843903,0.4314667378645564
11.88,91.96,56.54,456.02213171800076,187.47075269867716,799.47960341808,852.5644905991655,106.56596410415615,18.038761899212837,1485.139368106532,259.5017184330903,0.0252175018308494,0.01201496446009905,1.5199004392157627,0.46881711615099725
7.5,60.38,54.75,633.92889865858,753.1255639657031,1382.5868518625161,1161.8332338463792,237.21224587459167,34.55323909874123,1180.3257975268264,216.7596549713769,0.0305147133478452,0.007042143765297358,1.362669219268506,0.5254610910210156
9.87,66.45,47.42,670.7401382432113,337.77380842243775,1083.0450576925102,863.1047002567942,113.64889373840712,20.41560619070332,1344.925491570101,271.6979717840748,0.024860292969713284,0.01060493175243336,1.5750273129593062,0.48649138970083217
7.79,71.25,40.96,1009.7276781001295,503.47732696555556,1355.212214537638,847.7095345144062,102.64191059697238,18.762579306628208,1156.287445471586,264.5855088780121,0.025333243142526073,0.008508933562467503,1.7798722793223294,0.4424535152497026
6.33,50.71,50.97,677.3715914613018,1972.2313107256518,1824.6258880929624,1222.9101971099997,767.3272203539932,45.356959277960364,1132.9452804919895,221.77029459339505,0.030667921033915677,0.006427170074034415,2.1452589111068563,0.5253418788717754
7.68,80.23,41.1,990.4236165400731,493.6396672895625,1326.417587523003,839.1342469076882,101.09542295860835,18.34263176255255,1122.886235696951,257.5855912336408,0.02560747069454037,0.008171549716168094,1.7815408624560671,0.45224538769327527
6.19,96.78,59.57,1306.0154203463192,682.5590419250632,1319.875861242199,1194.1654762839255,92.82269114778218,15.574474029249046,959.9423794597517,182.24278903000356,0.03442836439358385,0.006541271633420492,1.9035264990177962,0.38976482730510337
13.74,72.06,50.63,454.3800398087905,166.06438057896875,862.3935513042193,718.7833137717626,116.2502078856859,19.881419145365797,1673.690468230648,342.1363658782801,0.021300779162224247,0.0185966391153845,1.4981103409118839,0.444655868556263
12.13,57.55,50.73,518.1313802390572,218.8451681063398,948.7317405819219,843.1342797973513,120.28965131067581,20.816894520639373,1532.4700091754594,304.21695551716755,0.023207454273951038,0.014272731032043623,1.4978028540557118,0.47456162695718
8.92,81.05,49.44,748.0023166948193,375.85226856595943,1103.586249645861,909.7603445021134,104.17438023868658,18.623561065469282,1239.3710266933413,241.7050705049117,0.026840617109064966,0.00873671227199967,1.6638204279744508,0.4813033884630766
5.55,83.27,59.33,658.8276577073847,3201.7322136791468,1754.691676601227,1282.8915228758697,1004.9565103212124,43.525761126565165,923.6742353200254,181.03165691849782,0.035304767228457205,0.0059698792735351355,3.365861964775325,0.4943385590621177
7.29,90.48,58.55,1027.5065080295915,501.3967371562965,1260.6242401899474,1121.9028282092438,94.88990113919156,16.230049543723965,1090.9249197245945,194.31660711607,0.03227194060742503,0.0077624408644760695,1.8452437827595343,0.4713769820178403
12.82,76.56,55.86,447.3595615947744,174.43796626815873,812.1778847435711,839.4514067333747,109.03271843791313,18.509596869811197,1576.2148871947384,283.6196485665865,0.0239266475809146,0.014062755835106907,1.5157305540495998,0.4529462374257323
9.38,58.44,47.64,788.1430617199265,393.0539330154098,1193.280775086316,920.7326149097,109.79683242643539,19.992646649665083,1335.763393583673,266.4530163329431,0.025589428507212283,0.01013719857538722,1.6626626297849072,0.4588141204130887
9.42,99.69,55.06,621.3454457292299,308.73233232481675,952.5040711872908,930.9983592192287,104.57342159083154,18.2351693622247,1259.720395250983,225.26331577659022,0.027949824795093708,0.008417042491202573,1.5918221026729507,0.5053134743840221
8.73,59.73,40.89,598.6980972956217,384.7014554834023,1440.5918727969256,819.889511640983,190.52751049123074,33.008628151207304,1271.691646086471,290.4686789921481,0.023966367607746092,0.01188641598336458,1.4591657286775244,0.5032112779691416
9.17,55.73,58.56,620.2779389489806,372.41810358302274,1219.9755014651394,1156.0892984209022,173.3505271523993,26.87460024851042,1339.0040427654822,227.79207782619736,0.029390608274397254,0.008354643452803706,1.3116767390227,0.5487039808953994
9.93,91.77,56.33,582.9548609249905,283.5087752564955,928.4418945223995,940.8898204216398,106.70319869875374,18.55369611172103,1319.2826778932838,230.31390755753912,0.027652184214493454,0.009051560100088125,1.5639809616484985,0.5025722194582607
6.91,76.19,42.02,1177.9967695188047,613.3003510180379,1400.3271866487992,913.8791163424394,98.9391873267564,18.063220258795475,1065.894557080143,242.63682501030343,0.02712579839174607,0.007445216544765137,1.8238180178945502,0.3958112711476526
11.66,94.98,43.99,476.03607186584634,194.73151218821155,879.875888585056,653.029485231286,115.32914068987182,19.776547344268778,1451.1686964374949,327.80719433694384,0.021272763295887242,0.014201521001785669,1.4816561878742633,0.4801914431458849
14.4,88.44,44.07,436.45142928922826,142.15874351853702,870.7953771369547,537.2210977512619,121.73886460105594,20.707794317859687,1730.6232851048744,437.5615904985605,0.018342792276404517,0.02305674425398122,1.4698021254321731,0.43623846480020745
5.15,58.17,51.45,825.257912464289,4816.415790399811,2198.9070215054485,1284.4056088018365,1976.8990814785373,46.31487264190694,982.6879229490263,204.96241269393525,0.032767779536297253,0.005910594952636375,4.566877112832193,0.5054935588599849
7.65,65.57,46.32,1066.8343640883013,530.0950005503558,1379.8249893751565,972.1932941875917,101.05075115295804,18.302585834610863,1168.1168629858173,241.4232542224599,0.027521244250390348,0.007969315263637025,1.8092142214775513,0.439039975981172
14.31,53.37,45.98,514.1646391151728,118.65902235512007,1089.9309825817923,655.0682483858905,119.38757672507556,24.17129784602021,1746.6694838320145,421.58580521824706,0.019296363488953434,0.02328800254675926,1.470089608942584,0.46752839263688584
14.09,82.66,49.43,434.52322749667036,151.87611730836932,833.195146330296,658.249634799386,114.7219161231852,19.514231874569063,1704.9600816825352,361.1017965671099,0.02050760904088477,0.02015327604123516,1.4951149917038056,0.4365931330574385
7.43,78.76,56.25,1040.9928867396004,511.59316113667353,1299.1565173107376,1114.6344858976183,96.96913936176671,16.92343536256658,1113.963531292841,204.52285836475076,0.03124389696470876,0.0070371436128736226,1.8301938766288768,0.4607901661366178
11.1,93.5,48.96,499.13416677477426,218.76011499535332,879.9873663930483,765.3327517394636,111.67365928186034,19.202076854259648,1412.3491562646682,279.81448799388886,0.023727436058930216,0.011914654775996474,1.503924831981821,0.4906959884430249
14.73,58.52,40.38,503.6263005633878,42.7733345963205,1237.738637860732,490.7779897609796,99.97431601120371,28.51736320107168,1773.3183747156188,540.7026796841628,0.01682511481699381,0.025469133973927943,1.399700471304378,0.20603043156214776
10.48,64.72,53.99,608.9575645058401,295.6334989744869,1010.8345927568073,956.9586557070908,113.52137198144447,20.08725433474371,1408.7579040296844,254.75909240616602,0.026265307621587766,0.010615302463204074,1.5522625018373026,0.490431455767596
12.08,68.37,59.8,485.35320707832733,203.33025431380258,858.17958091361,967.9746131805358,111.1180735382891,18.99623515484917,1522.5558044420452,256.1832349465107,0.026018871010063994,0.011807868389950458,1.5214471597046784,0.46888195126305177
5.24,54.47,44.04,832.2691396691341,4212.070931468569,2264.0332662525,1149.56767422321,1839.8917177302778,47.38796366353816,1008.1366222800331,228.81994224482426,0.02985794415029371,0.006053132515886253,4.019135324190713,0.49597560911792105
9.03,70.26,42.37,777.7758329752025,396.49086645057963,1179.644905906835,803.9128303116936,109.81632018575252,20.034615535091277,1262.876969269032,280.93695887429357,0.024142698914126,0.01006780400032683,1.6438563092863585,0.46829468122996093
9.91,51.32,49.43,757.0503418597339,377.17748174343393,1183.4627927689526,960.0659394888531,114.13632422235719,20.779492116417124,1395.703196137981,271.36541561650233,0.025530171901281824,0.010817958349987018,1.6308827781908966,0.45966124866944436
13.43,51.75,44.67,508.339688583863,139.44064675691757,1085.9257807895485,673.9848093154607,121.37599676855339,24.388816204791958,1652.8934902236092,401.4444653879184,0.019721861605441832,0.02047797648230537,1.4344926803887486,0.49079646269427474
9.59,62.37,51.51,731.3511038072905,365.52138150306007,1121.3629510786352,968.9476707656002,109.25844118436316,19.66212523951121,1335.1808802535668,250.98247599818185,0.026621201468369566,0.00962163055258222,1.637365402330863,0.47113393158628686
13.64,84.28,49.3,435.1592884355972,156.45698913713693,825.43756949283,672.8772973702206,113.03769574883421,19.22357379013468,1653.9978254792509,346.4616739427019,0.02092128280406435,0.018537156135144773,1.4970276968007736,0.4419718963809522
9.72,72.78,59.2,662.1049918722658,327.5999735176135,1015.573532233613,1054.6517866930085,106.19593040601504,18.754061762479758,1333.6804879081747,224.61868022926552,0.028844377072879925,0.00880448475716722,1.616593731248978,0.48581381851865174
14.29,90.43,53.16,415.95694277642497,145.03066435248684,782.8254247633067,699.2159147303049,109.58973939691543,18.50364006470687,1727.2029735642805,333.88200628429263,0.021498362846480497,0.01948106506043009,1.5093649719849573,0.42762382068123267
13.15,64.28,47.18,473.46797661882306,100.85370534796758,984.5959465374764,701.1868983651824,114.78752678319464,21.67362085302018,1612.226491521189,356.1194237672008,0.020806772692923452,0.017765609423101462,1.4659610381574126,0.4771539513805911
12.07,94.64,43.09,461.5021597866132,180.036992048627,869.3080708957472,617.8672778213639,115.87723042192391,19.82235599547395,1489.420237189047,350.0023448587142,0.02047200369182184,0.01561327586037798,1.4775419012071747,0.47113827034457173
14.26,96.09,40.45,440.2897098531689,138.42779043113768,900.5796727286756,464.4882242586651,126.49232536286985,21.61297758587112,1708.5105337364807,493.3367353897487,0.017177811022570693,0.023312679431001754,1.4508814031004253,0.44019394658402833
6.74,91.41,55.76,1160.7728869540929,586.1195777755261,1323.4459559384256,1114.7540616315628,94.57406750126393,16.239558198411732,1019.8817879757004,195.01199745460636,0.03227591062631024,0.006613669097685767,1.8681939583836173,0.42732632073480453
8.29,50.57,56.61,649.3963790163008,567.9694325968919,1359.8705523039391,1205.0794706566294,217.4089448342334,32.26498407132452,1293.4741788862111,226.35596036507104,0.02992698693367456,0.0077952377147266615,1.342143018298441,0.5480784281687181
7.75,81.23,51.61,964.0713946552802,471.2609364927248,1266.196478717524,1012.2180443013972,98.0960503174485,17.30903596948799,1135.9766416746618,218.83351407748796,0.02928948985746461,0.007481430886231537,1.7994236537616786,0.46311309387769745
9.62,70.32,42.17,685.2935011387275,351.0201865446463,1115.5157282452785,766.4597515661493,116.06246780859273,21.02609727533526,1314.1230145058137,295.5555917942548,0.023265052418233897,0.011119212848579831,1.561174404809703,0.48845928830497626
11.69,90.75,59.96,464.0528999010324,194.961624614058,798.6027667075375,916.3317795949208,106.11595365056613,17.929101590307656,1467.5773884850034,243.36516551924777,0.026439090032381277,0.0107404091049246,1.5260741643314024,0.4724671884849291
5.23,93.78,40.01,1286.924841014481,1226.443692331897,1566.9139082399147,975.7536308916461,103.74367434844031,26.06296156361862,858.1796842828335,219.24400429776745,0.029423006135920988,0.006152887393308648,1.4435075288733814,0.31866127111554976
7.2,93.26,45.01,1043.7417308700078,519.1930262918223,1322.6070293859555,913.1718041817545,97.21101583222634,17.264197662185317,1056.459061549856,228.92441193850266,0.027916059256963,0.0073108867503131995,1.8203038384676757,0.46538495700833815
6.0,91.28,50.07,1370.7184246061468,756.9027074480878,1355.7291394122633,1080.1090263947478,93.9393370315443,16.66222027008322,947.3756090887154,200.37427265440112,0.03171737669913338,0.006535629647795158,1.867979786864584,0.35822158244174557
12.55,65.74,56.53,473.2774740006392,190.3683068155907,849.9084431035218,894.8674277214916,111.79404103347106,19.02239373945413,1774.8521117256712,281.0846741691977,0.02450392774622293,0.016275150695123003,1.520423497935128,0.45716452613422726
5.14,56.88,58.92,832.9587993110691,5120.428983900319,2186.9179733221617,1430.4225129902095,2032.6036913556648,45.852325183548906,996.9275742235823,192.07261027797173,0.03500996431461852,0.0059827845519491345,4.703264950097009,0.523169847461594
12.55,89.95,58.52,428.86456842897644,167.7227950255239,753.2812966233491,853.476685597092,104.31355513811498,17.403372913633806,1763.4031532967726,265.709954522208,0.02500526906903723,0.015475691839349277,1.528159648358689,0.44884609755751226
8.6,62.18,57.33,632.3746073413224,432.8889929002263,1210.8215866818841,1132.2008444642142,170.08307945545292,27.27501057198741,1264.3699773834946,220.8614568631743,0.029792054472177754,0.007675602801875594,1.294876853238406,0.5340199560922823
5.53,54.87,44.81,770.5915441145486,3323.9704270731513,2114.744662433711,1139.253347694015,1421.1359898053126,47.033411213020905,1032.8609740679974,228.69929883065385,0.029784139452559606,0.0061925959418304985,3.3840905893670805,0.4996844450736491
6.14,62.1,48.23,652.5228993435557,2003.6699114897351,1759.7731544071892,1127.9808760840056,715.171961263992,44.28539230316862,1049.415970433274,218.9147254112762,0.030348318567044178,0.006241698662670235,2.20059244666112,0.500003206406865
11.02,75.6,45.35,538.2545708084906,244.21117364563023,965.0442786349008,741.2260752278787,119.11814232501793,20.732142051903867,1419.9740281593333,305.6051384118924,0.02261927722336336,0.012958262923397273,1.4890939319932348,0.49502257131101807
8.65,64.71,47.9,875.9680417359127,430.91927120790615,1247.7993929732645,944.8278404430374,104.38435363739048,18.877825891584333,1254.0430639024464,249.9968921400431,0.02667479675340255,0.008927630935738217,1.7330450475683643,0.45011670618516536
9.37,83.26,54.89,671.1307746633815,335.1051702036371,1017.5115016176367,968.4654187007919,104.8654487708232,18.524050440091646,1280.9219880340195,229.50622408558627,0.027986197449302974,0.008744590177557953,1.6212663362763846,0.4926308852679235
5.31,79.15,47.19,1317.2924052058079,1261.52416594236,1570.5805599963342,1118.0685218468675,102.99583247169736,25.89972347575081,907.4910232252184,204.59945426946766,0.03174029037852032,0.006236500788163991,1.4523788607119819,0.30452602090304703
8.46,71.52,48.58,872.6861423953032,429.4693706485968,1227.1232576375357,946.4300808519351,102.36004609505821,18.388735636899007,1220.057329734848,241.58221471594157,0.02719721291807758,0.008515920778400254,1.7409006137473568,0.45661771026300174
14.2,51.09,57.8,507.3706682349739,193.7356434753851,951.7762893224706,919.1263300671098,124.2828481415303,21.460272029846678,1749.9640012127131,315.4602038438925,0.02324896418605986,0.018335902787636006,1.5099248023774834,0.44614272487701434
12.06,57.24,55.49,519.1557189929947,222.34935636679438,932.8366244050699,939.9980009037639,117.33636446634112,20.30068502915559,1535.3925540247872,278.287824698687,0.024825250584175767,0.013007959834112381,1.5117325509011377,0.4736738735444209
6.9,59.19,50.38,626.4282154214152,1130.68397706185,1557.7732526929947,1126.4405097246988,368.958001266876,40.198559488183065,1130.8899460873517,222.63413632148854,0.029918009412747748,0.006726900124041647,1.4557678037321296,0.5137152466401401
7.29,53.43,46.87,635.4592647390886,895.1537548549826,1585.9659646270504,1057.920345516233,332.1111149378738,39.79942292398234,1191.4325084495013,242.48298780701975,0.028069703894837515,0.007378038033639026,1.4666486603822835,0.517185528893677
9.98,67.63,57.86,651.1199458271005,321.3518080462889,1023.4058358039642,1039.4469154728777,108.64989927840742,19.25818012669876,1363.8669023316168,233.40869965813377,0.028105388647599296,0.009326357641406286,1.5990257175055238,0.4850564730382331
5.88,52.27,46.5,726.7617429347232,2605.788337859958,1996.5170098532706,1156.956794451118,1089.9637504508016,46.6607272896277,1083.2485469086262,229.3550074213601,0.029788228790156683,0.0063480421218522825,2.75942114105548,0.5106753236879548
7.63,82.94,52.72,980.8260673820289,479.59929286449176,1269.077908789125,1032.1510408181168,97.44589207182639,17.11729898731762,1124.1451312881452,214.1949179366079,0.029841609256835322,0.007401218256509423,1.8082908296629365,0.46558765693887
6.78,99.31,59.02,1120.9805328162367,560.1499336745406,1278.9537306497423,1139.8150201166802,93.95905163494244,15.880160981108865,1011.775872473441,187.45091847412868,0.033243916115451785,0.0065779686274485705,1.8666070963857297,0.44735089738929135
6.44,93.73,45.05,1233.9591604686655,647.2846051900849,1374.642893433286,964.8587132162701,95.55101770051068,16.99052090227214,979.3215096688283,217.82370537573678,0.029202631396041283,0.006657153021397069,1.8550868875920896,0.3946323830501316
6.32,72.24,42.84,1326.5895861295817,767.312430764953,1397.5482683615307,979.6628082357082,98.17686393483268,18.677383473523047,1024.611974152377,233.09059512999053,0.028321348756556758,0.00699981992783455,1.7963916537914286,0.33862670025919006
13.46,83.35,58.37,426.6679093082463,159.89475478799412,775.6369823490427,833.7133007580949,106.90749756523353,18.03359416527188,1644.9189563681916,283.3415189629206,0.023973894080343682,0.01522119776517103,1.521444934628564,0.4395228167084123
5.35,83.17,40.49,1238.9588188626983,1270.2485080847514,1603.3238445494776,991.5187569857939,107.51248510092918,27.512572803613534,895.108618256868,223.2820806202873,0.029203269118002643,0.006220123597940653,1.4049726428358158,0.31716674419268726
9.3,98.0,40.61,641.9684949343801,329.3334494346024,1049.7737030295568,710.3876375021539,113.77351049869792,20.346552505450337,1239.9359266735132,288.877293697276,0.023080117384889295,0.010177444791012326,1.539795161061956,0.47727639282333456
11.08,87.33,50.2,508.97255032328076,225.53219618278771,892.4819714300966,797.9822047976858,111.99627508642956,19.311528181361037,1422.4757629549588,275.0572245239638,0.02422037352141274,0.012079256461090133,1.5084253980361673,0.49122368492418356
5.62,65.13,52.5,700.6455946192589,3210.1675118422686,1892.206356056801,1233.0424278283263,1180.1323565964292,45.17768000310251,990.8037361617124,201.86490000566283,0.03264507947375142,0.00591618384190446,3.3700119020921133,0.5010935007549585
11.95,58.79,42.47,507.34496496093936,161.45231717704814,1087.616766668683,677.6675341826934,122.71050173645209,24.4616330670698,1510.420886187981,366.0912612884468,0.020525884916375768,0.016565444005706132,1.3948408754409225,0.5272069042133861
11.01,61.39,43.95,512.8771175390235,179.33137013441686,1174.7472251758036,750.4278869986609,140.29104096737737,26.410972396770024,1435.3479614505754,321.240016168131,0.022158701079534382,0.016438664721059135,1.362615588563975,0.5183744904206952
12.7,92.19,47.56,436.26121539848833,164.36043845036707,814.6891055752247,669.9858918239886,110.31950961284767,18.76369250247101,1549.2829994843132,329.8317920414741,0.021303990203375447,0.01583838761382352,1.4959058831453103,0.45540156219888067
5.8,55.53,54.7,713.9547790680776,2981.144113645076,1919.6103556402286,1306.6783585652372,1153.1162212709748,45.683949157053924,1059.6627207759614,205.00022907649878,0.03274374253875196,0.006054278389970396,3.0789626232249794,0.521399221966262
5.44,74.66,59.56,695.7904901301754,3738.9284812812334,1856.8051732062597,1325.9051326660417,1268.1213547517682,44.357148822399154,942.8949539912614,183.33332090431915,0.03535762403204589,0.005958970671377043,3.8786147787691094,0.5030204677779615
7.39,62.8,44.68,1140.202271131387,580.7047060491155,1416.1812517888502,967.2561030666421,101.35185168756664,18.542526416519834,1155.3976603200097,245.7078104466356,0.02728044816858607,0.007921059032575551,1.8157039947303724,0.40390738330763115
14.12,65.31,58.11,460.14149108296584,170.512815820534,857.235868165302,859.6690024669134,115.26925245175792,19.68602733267578,1728.6000156508182,305.06108488146714,0.023305684495528098,0.017636524020164527,1.515758481416508,0.4383001552621369
9.42,71.83,44.81,708.429863532077,361.04077153147165,1112.7069266343906,824.0765494766445,111.4291522515722,20.14383507841975,1294.7065248388462,274.3147299098446,0.0245266151643155,0.010225803297700767,1.600389796507439,0.4828011715436776
6.0,55.77,58.76,683.712606066957,2616.11942704965,1822.747802205264,1365.9010982410566,948.3160693009407,44.94516037677208,1079.2939193072941,198.5997583685233,0.03371362221933373,0.006144076218443487,2.7012916073435442,0.5310276215372914
11.75,53.59,54.54,551.1440523832989,246.11341190861026,980.8162597660495,955.3322691734237,119.98309111951411,20.92350370431644,1513.3137343512742,278.8027950030329,0.024889202602725095,0.012622016153043146,1.5124670616702764,0.4798854184494537
12.18,70.56,48.34,485.9490855618448,197.33451439274543,898.1896016029239,752.1093958654175,116.77442451343477,20.071082030862218,1518.0791014309839,315.6929788385075,0.022267462413007113,0.014766379893974108,1.4931096502890135,0.4711716843562065
8.92,76.72,47.66,766.0088917382695,384.9865168097614,1133.3227231141545,889.9194200779378,105.07365293745384,18.90116575975538,1247.6845055584727,250.39835363139557,0.026241856123916826,0.009119978113534323,1.6682990070641683,0.47503180775756265
5.26,97.88,43.68,1418.9239486420722,1075.2172725373007,1441.4448220608049,1027.427771355698,96.75861557776267,21.641491138031537,854.1097826286046,206.3251344224249,0.030896716254987,0.006174210459125747,1.6276592504115721,0.3134345864096607
14.64,59.46,49.33,499.6449139529759,93.50160271310634,1017.1779265002775,690.0224734227972,119.65443160640443,21.830644244846866,1781.6411701172383,391.1742978143678,0.020051903973300703,0.022742919540926238,1.5230861657609136,0.437896476244887
7.07,96.78,40.7,1064.332145881213,535.8466028432931,1345.8258520578415,844.6664703840341,97.98848781756934,17.618685345595985,1035.8629422166816,243.46398480000028,0.026494535786797786,0.007415156047483142,1.8144369130700286,0.4531529589406297
6.95,69.44,48.03,619.1139909889433,945.3778874926905,1465.7848516822203,1041.0265182621283,287.30265859964794,37.5249887989706,1091.2156443877293,224.36969562827244,0.0292161663190184,0.006746691974357185,1.4210409349518267,0.4963722499152929
13.47,94.98,49.58,421.63904939528095,151.8132537284983,791.9480311553879,666.8949251297265,109.58261954394705,18.54546717248316,1631.2196616246715,336.1104441057453,0.02116097970254209,0.01770566322165075,1.5009739370615112,0.4407549860161244
8.87,77.69,57.11,767.5933631705026,378.39796004805993,1094.8441767847937,1047.3107686748872,101.44031829119008,17.901911368032312,1250.8036718632077,218.8692153143919,0.029394497479073557,0.008256049415295827,1.6987691759453083,0.4748084802838855
11.53,79.56,46.31,501.2917168648172,213.92162818921057,913.6916998270177,725.7368208904549,116.94664586377934,20.154917985080452,1452.078609904114,309.60009111378724,0.022293080735962926,0.01344801251457712,1.4879971927948,0.48465818436317043
11.47,81.24,41.44,508.0472067950667,215.04904102713326,950.5892217290232,635.556447068411,122.76696103396678,21.18344804423487,1441.6415018390112,349.2928806755398,0.02059245763865472,0.014707645624078594,1.4643747002891538,0.48860964299267834
9.43,81.32,52.06,670.0155300386759,336.2072136272772,1031.736577320063,925.4495702544973,106.56522503409003,18.915808760231332,1284.8970028808997,239.71743615722198,0.027004583139364487,0.00905958830308923,1.6094575632468617,0.4923581990377039
13.12,65.06,43.35,471.992008053045,129.34007321746958,1024.4567456324626,622.6213109448707,120.79577213546014,23.083593878799473,1606.8483657987867,397.35036828816703,0.019502648420971026,0.019417869209087436,1.4276420700975292,0.49148851089530016
12.06,51.59,57.57,538.5497196069525,234.76889551558938,961.377403983014,1011.7260546895338,119.1477944145498,20.693487854039297,1546.0225243651591,272.33286986150057,0.02550378681405543,0.01267590425151213,1.5168074132207303,0.47405269105097353
7.07,59.97,47.27,625.8891311105555,961.7487535045954,1538.3281247682498,1052.3288230507153,324.9176858752323,39.18248325709227,1139.5459280856326,233.50272542158584,0.02862765968440996,0.006967774733249007,1.4491469303404474,0.5067669585763025
7.0,86.95,45.16,1112.8942152884479,561.4932889992442,1360.6155514253853,939.8501086717004,97.14913808335639,17.33041576837178,1051.610985246727,227.79191921873533,0.028259329563405586,0.007271608888654344,1.8341193429558291,0.4332884633887429
11.64,90.67,48.89,476.10994468206076,198.2844966004866,857.4100621532652,743.6264946175776,111.54768075210336,19.09734227652789,1459.1101594617876,293.12607571990674,0.023044051958875954,0.013172564426727762,1.5003435992185399,0.47895583013560455
9.22,99.67,54.8,646.394117417311,323.06171141043035,972.6347512925317,937.538515185543,103.54924521256243,18.103265571091097,1242.1387090816502,223.57119911323812,0.02816220396838062,0.00833217747182323,1.6108260484179768,0.5029588818525302
13.06,89.47,49.1,433.25778208031556,160.79094210407146,810.215832912941,685.1530726474105,110.38819117324721,18.751191852069283,1589.6985809616554,328.7388825204889,0.021445972789849083,0.016547491208094144,1.4994342848900926,0.44914717096459944
8.06,57.46,51.08,636.5069407781416,565.8728209681861,1362.7944518562983,1072.012267812912,211.64712503184185,32.44607702234506,1235.63501331753,234.77607163408095,0.028528437483457025,0.0077011369392525585,1.3612267938762512,0.5242194951992631
12.19,85.83,59.17,449.207546057076,181.6421650021038,789.0828013423284,895.4744077948396,106.35665236433067,17.939473526745672,1512.130419852447,255.10298128507583,0.02562010662412479,0.011829238313033353,1.5237602361457794,0.46108237490711235
10.01,54.76,55.72,717.2137811307842,354.2067223169446,1118.8148571915772,1061.0619398150961,111.25120522468694,20.029893654680734,1400.3245105231097,246.49083479568338,0.02743756758329408,0.009867998461110946,1.6275442755310703,0.46805332347063866
5.36,72.65,44.64,1164.3705917933137,1494.9380766710908,1715.1045269098481,1087.855841621066,117.52114511837456,30.873143168909174,931.5816774921321,214.90331467812695,0.030570175319496844,0.006245302561268647,1.485677631074054,0.32742886992922826
14.42,60.77,54.93,475.54181702946363,173.22559054926373,901.8287578046977,806.1526912507179,120.61490821590098,20.70199442710964,1758.734475608086,334.0682424249212,0.022055199533662716,0.019740049592704628,1.5062586191988254,0.4386035522704658
6.57,52.18,40.82,665.3248763106445,1385.1447447605563,1862.571267222209,987.8957851534406,572.5527017181558,45.568101117923675,1134.3496850264332,259.108202814746,0.026724271180220145,0.007124115117563545,1.6403652906894435,0.5009905130409349
11.44,91.14,47.72,486.36108838267404,206.28253778973718,874.3683641142443,733.0577375666072,112.79612334068086,19.35222077330492,1440.6867163763272,295.3177348580068,0.022890796761668497,0.012946030356687859,1.4969227093939383,0.4839003601874394
12.75,83.25,50.73,443.089919629495,169.89335572081734,817.7185776559227,738.7380747607259,110.06175392014705,18.714370490180976,1560.5771694616947,309.641085761417,0.022343563398754922,0.01514085163165213,1.504401783166746,0.45479795177107774
8.47,96.51,43.67,773.2851548057582,393.167660428816,1127.200486536987,810.1205243256347,103.52613001678033,18.599553973746346,1169.610989214406,254.17165735393567,0.025460226643710178,0.008645391106989706,1.6704358734448235,0.4776493472517731
12.84,99.43,54.91,416.86665920428555,158.15946721973137,750.0543554385894,770.7259448412378,104.14036029299011,17.48662332654261,1567.5359076755997,283.8855420073448,0.02353812672480613,0.01416046270160573,1.5183838237614393,0.4463141548957961
6.24,80.46,56.16,611.3232238662175,1602.127453516879,1542.0350810245982,1189.921146226641,440.8798666154095,40.324477119578916,1001.500175233972,193.58129821690375,0.03312369337488293,0.006319861005692957,1.6827903914127216,0.4989298047910564
12.35,79.93,57.55,452.67743408734674,181.35472603522166,806.7200908412252,878.7350120492841,107.91467035416771,18.28086326245042,1531.3111136859015,265.88443540871793,0.024973571216453425,0.012571596535469968,1.5200656832725958,0.45952084352976663
5.3,78.95,43.23,1203.9137753625741,1404.4476061658552,1669.14741977506,1052.0219896306369,111.96518404601362,29.3454396305298,905.2352197477293,215.60973436843813,0.030301816631474736,0.006287017325113053,1.4555144805879823,0.3227831767867615
11.14,77.45,59.64,518.0681647109266,233.0352557250237,879.9522115460107,975.5973496375185,109.83681555480204,18.86938204295908,1439.793987440919,240.12658902878184,0.027111654359684916,0.01039961354583296,1.530450488452316,0.48682533730344063
10.88,74.22,46.71,549.63730688561,254.195387677373,971.2158554900943,776.604735609821,118.06676407172564,20.604841564248975,1410.5113032112358,293.4917639699969,0.02328585874899016,0.012356072017683085,1.4983153171950838,0.49578638923294555
7.5,68.98,47.54,1079.4495422018488,537.3477295330404,1373.380096725137,993.1635035111185,99.80975178010793,17.962584174473466,1144.413361358011,233.33589265104814,0.0282075309611663,0.007697856889554319,1.8187991264927057,0.4365084195466217
6.43,70.53,55.98,616.5342843598556,1503.450295151311,1549.8079472325142,1209.8469310654632,427.5611542288859,40.551673445928955,1047.0498769994565,199.0645396422493,0.03260422761144729,0.006283672076913815,1.569000987116501,0.5084937864498551
14.45,66.65,54.48,460.0603983927017,164.96091746360162,872.6285985816648,775.3374589484325,118.02144235531395,20.17994480807223,1757.5206995789922,335.60469829064016,0.021854972934682287,0.019937135227060743,1.5070312187731814,0.43519309309538234
7.15,94.8,53.31,1044.2695428465267,515.5585277437667,1281.7872527532854,1042.945198689037,95.43888753316179,16.527198485462282,1053.0959669860242,203.82178236052508,0.03084863175893011,0.0069192399243991195,1.8362533483945163,0.4716158596693203
9.35,86.54,51.1,664.316066586034,334.1837836663826,1022.8260253527395,901.5209357783599,106.31292838159722,18.84243276072626,1267.5997939842525,240.31661440401433,0.026791179747156012,0.008934931771428557,1.605053174732493,0.49620748901412487
13.65,53.14,54.75,501.56789687608915,194.87818232925036,940.0013521428874,870.4537019693483,122.24501694206073,21.117422275525126,1686.0394805103913,319.0437547102368,0.022834202611759228,0.017379667676323565,1.504202921024947,0.45299130861726156
14.41,56.44,49.75,501.8682808711175,93.51573938533988,1035.5691162590829,720.4937052012214,122.15221925314243,22.327345695493975,1757.2826432442635,379.3285285744837,0.020437896916881252,0.021627979311239814,1.5034340472028163,0.449813967038989
13.83,60.63,44.83,486.51361845677775,119.83756117077012,1045.152243155423,630.7460551542423,118.53324772857597,23.33663945396668,1687.1860134708431,411.1526002384185,0.019321578703734663,0.02160638968288204,1.4540671179763989,0.47514257108481794
7.27,88.84,48.21,1041.6414363385882,515.7174716359054,1314.3202144883787,969.3802880890662,96.95933826049375,17.10118531613411,1070.728052955925,220.232358884294,0.028925438067849366,0.007158477287314314,1.824865931322648,0.4659872312160738
6.7,98.65,56.18,1145.4638852401142,576.166445396099,1303.0469323788275,1105.7616091105008,94.05748954403795,16.030311856569664,1004.9331255443892,192.2785011993024,0.03252116218441655,0.00665242939238768,1.8685836803909683,0.4384329355492992
11.39,56.65,42.15,531.4564422263277,161.39068870782242,1148.0800720811476,706.6918056267276,124.002604001792,25.812223509274194,1470.2663321822506,351.3616069775521,0.021068278391765293,0.015194503129276017,1.364501309825161,0.523197606030606
14.47,92.0,56.17,408.38785470334744,142.40445455717605,760.3644828936542,737.1389138153633,107.51583307169288,18.075231320251532,1750.1695386633626,317.5601732661427,0.022244275051582673,0.019074513031255833,1.5173450107664253,0.4225509452060923
12.45,74.92,40.9,485.24643316116055,106.8055633774249,983.6786776479079,579.3441664719754,116.9323702588276,21.324911343199176,1788.2143337221944,404.3832769167128,0.019164133335198855,0.022590880637933016,1.4837356316561403,0.4679754360921234
8.0,92.06,43.88,877.1653653298252,437.36237102651194,1213.9195346201461,847.3442876739839,100.44832195992419,18.0048695017468,1133.3723618523138,246.23992430184285,0.026237602259077317,0.008151974936594794,1.7430002271384122,0.47126818854246855
6.79,74.92,47.74,1216.1395760623886,633.266774976756,1391.9154420131347,1025.3918634084548,97.24113084547848,17.452858765206702,1065.8105528207614,221.41947364664352,0.029402298532117035,0.007098564612370573,1.8470519368343536,0.38899436355683287
15.0,96.53,41.55,436.6052038199655,129.82536869608836,900.2965267125719,452.3933982933971,127.50002278472006,21.75818455545375,1789.6924696425547,517.7137913041535,0.016885218734828008,0.025713567785840698,1.4551712249778912,0.4294687590692356
8.56,57.65,48.77,937.7359899629481,457.1336576436994,1312.3147467261526,993.7614060743808,104.90724451460969,19.025668316589226,1270.1790503541336,248.98199306775132,0.02706664161773142,0.00881507587772213,1.7589352868519752,0.43706911756024636
7.16,69.3,54.77,627.0356970932256,839.4517589191578,1372.4790392597674,1144.7650242459035,237.08679763260238,34.775038873380915,1116.7378479356425,208.94385434137723,0.03110516276115432,0.006684435241209198,1.3684855850778244,0.5126399195874802
8.27,98.58,51.42,800.8115600090758,397.99555390936695,1107.957977363854,940.3285751007279,99.0318477299465,17.396668892364104,1152.4648740984796,221.30346776097295,0.028484073049707348,0.0077532574585640265,1.7204658207864947,0.4848306302582925
11.25,67.99,52.56,537.7555978250354,243.19144082159167,942.9865513242146,881.951384276622,115.69833578860742,20.093183323825002,1451.6674313031933,271.7342962034829,0.02480178287746971,0.011769242339383002,1.512715771418259,0.488247432183308
8.87,97.48,53.88,701.4656033388645,351.6673442699532,1021.147674599554,945.9977932206822,101.7644689672781,17.868218073995852,1213.6136283133815,222.26195301798776,0.02836869643542304,0.008099745071969092,1.6515789740453322,0.49582537457781933
14.79,87.0,48.77,425.6991006943841,140.22300050133737,832.0448690585565,609.4839213754256,117.37352792095446,19.807179177194516,1777.5051918261324,392.5565450893374,0.019583742436925487,0.022966194408000924,1.4876903316909054,0.42719530643197945
8.56,60.95,46.36,916.1078776125379,449.3912906465855,1295.194612193546,933.6191466368077,105.05571740894489,19.11612870619385,1260.786608372604,257.29342201246754,0.02624742376590694,0.009184837538685911,1.745948925322691,0.44130290459655214
9.36,86.38,47.76,663.9461674785456,335.63603024302466,1038.868293371835,846.0803379518906,108.10875141535408,19.269898656290206,1270.007886698605,254.28647821106438,0.025655055761251787,0.00950050977090346,1.59178658892613,0.4976421953997431
5.7,56.26,47.85,730.4511452164963,3006.9650038996224,1992.1370025027256,1180.1416235672173,1229.3163401432835,46.3316604958709,1038.7142855493769,219.6599676885981,0.03067787581273883,0.00607003390863658,3.149401252772968,0.504160762323552
8.5,77.95,48.08,834.5352557803731,414.04898273449703,1184.686777047552,917.6552557772985,102.16180077623054,18.312869284806077,1208.2567379078428,241.67326107782884,0.026974114741662697,0.00851211463180933,1.7210366744019503,0.4670253644587775
14.27,98.1,45.0,421.5979836594626,138.56533588720688,830.6956213619168,549.1194916146497,117.1427252759616,19.816516326752414,1712.0629362133443,414.88110539197373,0.018777573805434246,0.022103658075371128,1.4768939437500426,0.4335639312558194
13.04,62.13,53.06,478.2366168116375,187.54006173011516,887.8511203200857,826.5268539406005,116.36585117594846,19.987597731128204,1608.6115218342045,309.26043509913444,0.022869139358023663,0.015660372368130192,1.5042987362334255,0.45714323223283027
11.43,93.76,50.9,479.88850877521367,203.85434435494093,849.0501388388332,780.4924172219081,109.89599463469077,18.795319459612724,1443.6993102160675,276.51419736594386,0.02396477460439972,0.012189506139507965,1.507643924243287,0.4823453633737125
8.52,61.67,52.22,914.6805137445731,444.08277996006547,1273.090956959807,1043.0809667462245,102.97427331827024,18.51762163629242,1261.105628045639,234.88483675045572,0.028299325919268165,0.008488015725118635,1.7606009838810424,0.4452094015158049
13.97,76.5,54.06,439.51717097706654,159.28648863860784,824.890584475826,757.7995500010328,112.38979108822733,19.13515479939951,1702.3031321066378,322.2188853433005,0.02215013383529109,0.018238210546190806,1.5093103148534406,0.437347144026988
13.26,87.85,48.94,433.6982635471462,159.03706741397713,815.7854023208731,676.8088208518197,111.41979824759355,18.930773974840548,1610.579966319894,336.35469416797457,0.021184439088436643,0.01724663122279931,1.4979065100710949,0.44661829330229313
12.82,94.2,52.47,425.79441048094344,161.41499525209932,777.2766917989081,742.5876671529635,106.42641642060646,17.983273889127737,1565.6982530623245,298.08671504543116,0.0227957485370737,0.014749123458399963,1.5113072743717557,0.4496600621502815
12.0,56.44,46.45,486.7076511284669,141.57092009195787,1125.6832952296122,766.7270876419632,136.37668854999268,25.129426644028705,1516.6379909679756,331.0041811341781,0.021879273480279408,0.019151427800546298,1.3560815976349547,0.5327009266323651
9.87,91.05,41.56,595.4427155189848,295.1979346472379,1017.8664589977615,704.8920407803317,117.1062819320439,20.725221006633113,1303.794035077321,298.9063756151092,0.02267828025187139,0.01128804319266423,1.5066468202412964,0.48878277959019834
11.15,99.96,45.31,492.1520801231217,211.86005776166473,884.5306292452852,693.2404422907914,113.4659988829165,19.50376810574376,1409.443181519291,302.4198519847313,0.022387728784257866,0.012798090729515495,1.491023666132551,0.49046070592829666
7.0,83.62,58.73,624.0444052732532,811.3843861379805,1300.4590480636414,1167.6683428354063,210.0045429474223,32.76325152708061,1066.4338713389593,194.47011421585182,0.032701054365156426,0.0066063021772665214,1.3471071202887734,0.5075266432459963
5.33,99.35,47.33,1475.4263866379765,991.40805850584,1375.9199225027928,1075.416825539137,94.37274865292754,19.21626299259825,861.7643280965095,197.38320596147375,0.0321154745667581,0.006266002669194064,1.7357919812692753,0.3196949961200057
8.63,71.24,49.94,842.2486732018384,415.39028240571133,1197.017353311128,961.6950684785638,102.77103170416464,18.426068331906986,1234.4316074320488,239.00283579749652,0.02741442020890294,0.00850911078985122,1.725779671254419,0.4601371827527385
5.9,78.32,52.96,633.0456155432814,2257.837887634312,1680.0718216149041,1171.5666909218364,693.2892795463608,42.91914067522434,968.5954888722814,197.1569300751838,0.032658582618620646,0.006040717536223952,2.3893952747910747,0.48984259354629084
11.12,57.97,53.24,579.5547541385504,271.32692326050096,1003.5485427559837,939.605672097591,117.95832426229875,20.756729024422107,1469.2852123943949,271.8538205313868,0.02527841698400517,0.012202742681230916,1.52481436782536,0.48666231830176043
8.2,76.42,47.94,898.7348701099842,442.0565217873585,1240.2019605123937,937.0267722287019,100.96352194192856,18.068886995672223,1183.6093781827267,238.10150357656767,0.027366650729017807,0.008211468088632276,1.7580974453124407,0.4587632658982595
11.76,80.5,48.41,486.58896239954106,203.0216410314554,884.5635536416754,749.9433194005751,114.40173157183693,19.643323184705725,1473.3742678777653,301.09198225214925,0.022747356532777034,0.01348163600890666,1.4959122889538001,0.4784540151918378
7.16,92.13,58.37,1047.7753857915743,516.426423108892,1263.3014859289483,1123.7320465508292,95.0805508990547,16.279920069467707,1063.5038213992716,194.02020174242105,0.03239404183154719,0.006879252485207882,1.841747132945517,0.47042547098301757
14.21,98.03,55.7,402.5613446605623,141.57247105637143,744.4056935994364,728.723500685554,105.79246013289497,17.736829122092704,1719.1895810528752,312.72517623158524,0.02234633269911298,0.018302169316118333,1.5176470925192644,0.4244973530240413
10.74,73.52,55.51,557.1668693035925,261.4881591116004,940.7555287441115,939.230299094187,111.98652069191509,19.512022727897083,1412.8011736650246,249.5962004636108,0.026382925372313768,0.01051928259491147,1.533609693965781,0.4930559450019077
8.09,79.52,55.0,900.2248637334427,438.00071790887483,1208.0500767008498,1050.7547101142975,98.59141836938957,17.33744399814329,1176.7106195104734,215.10236077878687,0.02986556443344128,0.0077615586616499276,1.7754734788729267,0.4657071962847625
10.4,97.91,46.63,538.057101833119,251.18807861498715,926.4457769991091,754.3628072964474,112.65530733214267,19.55962862419616,1346.6335483678697,277.02339221920494,0.02382546683600754,0.01108967930974819,1.508495644782186,0.49904400914608177
7.95,96.74,53.82,866.2692477293373,424.9202923901317,1153.1379168249698,998.318216764812,97.23518436837935,16.924008902024145,1126.1455806415768,211.03300527959078,0.029745003878588153,0.007372277213692766,1.7656455477975743,0.4792141463836435
7.38,94.03,57.13,991.3833081922171,485.0663269524518,1234.0713145692976,1087.2157213374473,95.53406080219379,16.42245177683741,1078.736252629257,198.025557589491,0.031670520425435195,0.006954837097360966,1.8231362289946256,0.47657254546773126
6.85,80.6,48.83,1175.973700144839,601.2617876364567,1373.8903163784314,1025.3775529752581,96.59745931170579,17.13332766222848,1052.4363902299613,216.2949906142061,0.029753673007375917,0.006979667270763985,1.8506136682270995,0.4082969420425238
10.24,77.22,51.09,591.2809994925989,287.6553640145339,982.1536146672682,878.2395240479418,112.20357775400413,19.74262604767736,1359.622095495645,257.7126296520918,0.025604802124289245,0.010417823338192408,1.5418268360980807,0.49807570562702286
11.47,87.39,55.04,483.73195605718286,207.34302544307437,843.4862943527949,858.5547788562665,109.09534334909237,18.611490590524046,1448.6504607166041,258.9490481783621,0.025236693171895634,0.01127814872207487,1.5170475402969676,0.4807123778813043
7.52,65.03,57.83,632.629664159507,707.7861723528475,1322.4561781753678,1191.4544831064663,215.63528188070597,32.740857519138935,1171.2447489694077,208.50210151846443,0.03147632625309029,0.007094315732355757,1.3388109647229973,0.5284528997214452
7.12,55.77,55.98,629.9164556273939,1047.1109837822007,1503.8443276951818,1234.9916592195332,329.90095232522157,38.93111401067234,1170.8085474264406,212.8978684838363,0.031344771923151854,0.0067749983313414135,1.4182603280608033,0.5320165055619408
14.13,65.08,53.32,465.84884601533616,170.09418768571769,883.0347098391935,772.503217162564,118.49406909015065,20.305568436134344,1722.4225498290093,335.44327301261205,0.02180792707348185,0.019148103974382883,1.5034814176783093,0.4409189235555472
10.15,69.08,59.87,624.968764310412,305.9985729810904,992.3023956597583,1058.9754531320818,108.78788933761858,19.162824213750273,1375.283433621637,229.20120752513895,0.02847098857336743,0.009179116742058752,1.5852638627086975,0.4880599509482495
13.75,65.03,55.29,464.73156614708006,174.72456912508926,867.7218285200526,825.8122895195321,115.81856984589352,19.821183396872126,1684.2288331448335,312.33421981797346,0.0228226122908914,0.017280673009080854,1.5096044718360064,0.44475585493445613
9.73,54.42,40.71,578.1390521603672,277.0785319982422,1375.0805308996128,773.5643826953578,164.7020059842506,31.307719670131895,1365.9505366040398,318.8115991555632,0.02258275873161538,0.014755859332685608,1.4235126730899863,0.5151581524585187
12.36,88.69,46.46,452.0759760523219,174.60542343357983,842.8510352249086,672.5930194463468,112.8299843836769,19.24232194299704,1518.5661915518397,329.4099323452916,0.021345182075130593,0.015389318357762444,1.491460055759481,0.4629672091429741
13.04,68.57,55.94,460.74889846694924,179.6171480756885,844.1719605700335,856.6398608693266,112.15425686641873,19.13804430840681,1605.5467824944387,290.5394929267799,0.023750297697400734,0.0147793904083789,1.5133424877926889,0.45270914982964205
13.26,82.02,58.44,430.87638393189997,163.56627200381087,780.0427957160852,847.0608746115333,106.98427367510546,18.053099650617348,1623.6669843911202,279.0753839319076,0.024215323042486917,0.014616939175247673,1.5216079923067474,0.44294801505161197
13.84,64.3,47.96,481.66423477142956,96.52478301133635,981.9708885006341,684.7366248970839,115.52515058013704,21.32111986430291,1687.2370073155298,373.04566233501515,0.02036629197902184,0.02009696093599339,1.50197763698827,0.4525467681174815
9.65,90.1,52.23,617.5985847864903,306.8088207981153,976.8363962030064,895.9411568256697,107.46724163709919,18.893497584691726,1290.4526757999677,239.9142802600978,0.026737335870995686,0.009102877859346123,1.574200111598936,0.5023913868218874
13.55,57.69,59.17,483.1985726202119,188.47943828320004,889.5183575726444,939.555625465969,116.98660063545908,20.061629434687685,1671.834992885063,289.8997483706237,0.024265090849189493,0.015643418677846733,1.5160065857972869,0.4490924480206877
9.1,59.29,54.47,827.8870809838771,404.4295818853242,1199.8330247846898,1063.458683167593,105.32727304845012,18.935309702676072,1313.1284169688636,235.98812830017172,0.02822743965604874,0.008808845071682518,1.7134274502936258,0.4525782460705216
6.68,67.31,58.93,616.7349771264802,1271.822155121405,1491.539228279086,1256.19770121326,354.21437663833984,39.085352422911264,1084.108581488485,197.04006492158442,0.03306269491462019,0.006445614411942459,1.4377245838632697,0.520187372508658
7.64,99.47,57.7,918.3020568936245,447.85443222417007,1170.378833133507,1067.7638308582907,95.71619893995656,16.397467784687798,1092.6495537823464,197.88241468096183,0.03143855284293105,0.006923524833792465,1.7981650525620496,0.47945104260033117
14.05,99.6,42.51,428.2756175397051,139.81483388070347,855.0536350355585,510.96968633895835,119.96466270487483,20.396889250723863,1687.054168989385,441.7924832325223,0.018110710642336943,0.02207984711621074,1.4656694049529766,0.43896007809704907
6.09,53.31,53.52,687.3447465645173,2385.828403267945,1849.3060605239973,1275.4690293434287,913.9154540701213,45.446380606713255,1097.213323100892,211.37394544998463,0.03190449235420691,0.006209762221516309,2.527415178056472,0.5246122060671481
7.44,63.22,41.63,1126.5127614344603,575.7560054264562,1419.2875687831,903.6173169989463,102.56424173471191,18.928413085612274,1154.8195725360226,259.61591849953544,0.02604276518526954,0.008196537472352059,1.8019275311215512,0.40649083627125193
7.06,64.75,51.71,622.9592341940947,941.1942831811809,1453.8594851154355,1116.4118529196294,285.1095941620276,37.2817227160491,1121.5880235257237,217.5105647788545,0.030226387266936848,0.006758928672621477,1.407752215218051,0.5105229590492488
11.77,51.02,42.21,539.4220577379278,163.16738704765294,1150.3642728057973,705.7098490782781,120.72315937241194,25.844215411276707,1509.0542854937028,367.6876025126285,0.020678180374750218,0.016564188875935783,1.3859833141632558,0.5322939298616643
5.19,58.54,53.67,812.9587504732106,4723.156213976994,2160.919187253132,1319.8053705245163,1892.1018846659226,46.06763954709876,988.2383553157091,200.62604994396386,0.03343688154177623,0.005948696514777215,4.4894875805270456,0.5106818845240582
14.86,74.79,47.79,468.42055540051945,80.87217334986379,953.9765330703121,609.9454722752298,114.34222329708265,20.500383027283764,1795.564022614327,412.1373180027204,0.019257063979221858,0.024007604405479024,1.5408951321156295,0.42255881696033004
9.47,87.37,44.7,647.1729115677095,328.1151731403447,1041.4331493697005,786.8522726099905,111.16431544384619,19.853242516996396,1275.4188989799127,270.8699721470043,0.024412724280059746,0.01010186957482061,1.5634160369429269,0.49317967877048124
11.07,94.67,56.66,492.99958918086224,217.42932670657834,838.2393824995543,884.7236620418475,107.35952649899359,18.3038496058886,1415.1464761626921,245.19076456215836,0.02624467016094484,0.010504979019602118,1.5250206182246502,0.4878724189573218
7.95,54.11,43.74,1085.1657467540058,542.5857981045245,1428.5867537864597,944.7832280051532,105.53171318014535,19.48327884149337,1235.1497523586438,263.86533895215166,0.026051562195442187,0.008788972386016102,1.7893543004401467,0.4201512372220915
5.89,67.72,43.83,1366.7012666116557,975.2656455415748,1441.7812961760121,1044.3893083240505,100.12991524928835,21.780840950774728,997.3181860612875,225.97302235918477,0.029281351578500443,0.006524534984182611,1.6490350352825518,0.3012995700687161
10.39,68.96,43.53,603.777531507148,295.9017292381348,1048.3931945259485,754.6681211009565,121.04108645581971,21.47358458374715,1378.52176905279,305.1232345033096,0.022777993762578913,0.012323062532950698,1.50396434623604,0.4983315994493393
7.92,94.45,52.42,880.3662444823498,431.8775252349508,1174.800713245718,983.668734125712,97.51112491947967,17.049834953788167,1126.8378053148058,214.92823113436268,0.02933777515789833,0.00744662861215572,1.7695317873663703,0.47667765759708824
14.72,65.81,55.92,460.0310438196416,163.49506911407616,872.1403228301336,793.2750828966432,118.34393408076276,20.21548626483188,1787.3904635575539,333.13568476823013,0.022037076314935074,0.020350087499072432,1.5103701214338423,0.43127928883914335
7.95,75.83,58.02,941.8339526582498,456.78375762856905,1236.1334268388962,1120.7388627371051,98.20787684668764,17.19540033420519,1173.2590372159345,207.2780246715949,0.030993158570389964,0.007502011298969729,1.7947743726950884,0.46052030973892866
6.9,50.21,42.73,653.8986398374404,1151.4342088751278,1780.3717397640874,1014.1120276646847,467.9086887343788,44.116196460850794,1171.7887878187303,256.37281865570395,0.02698343731387169,0.007287906309335015,1.5622680849179447,0.5096841130984769
7.99,94.87,45.79,869.0393833121733,432.0225457592983,1194.6392240695393,875.0367908739545,99.55768818897911,17.722122328246364,1128.076789644144,237.2532758697818,0.026961313650568603,0.007917057857040008,1.7463350547988836,0.4746118551539997
9.78,58.53,57.83,725.6175039913219,357.8089662318388,1106.8783598079401,1092.6940642567445,108.5026187074101,19.433209277467462,1370.5904328512538,234.91268339563334,0.028367702744296033,0.009201005702799497,1.6458660658322208,0.4683102984277233
13.22,89.63,56.65,421.72766155600954,158.5796044094655,764.1641813634574,801.5327860000044,105.76014497479785,17.798714057234047,1613.4862575665654,285.16014347494934,0.023692051993950487,0.014902370443301002,1.519712563370208,0.44177072651973304
10.25,69.35,57.9,613.5544628263887,299.180136670126,989.4705852891283,1018.1768546040424,109.94071357481205,19.371518181390744,1384.1744646311574,236.39961902679838,0.02774147496056339,0.009542242529704998,1.5720193776377658,0.49099353373565735
7.76,86.68,43.88,945.891932049842,468.32103692555893,1275.1156680231811,870.8874518784393,99.70615104696003,17.883707316477437,1120.759073756111,243.99354838032133,0.026593951279977227,0.008012776271024542,1.7768457512728064,0.4628536381833681
8.54,93.34,59.6,765.6345966443653,377.6057544261872,1053.0128703118721,1058.340026538238,98.67035912528759,17.108780766171623,1190.3747683293275,204.73339535435204,0.030616637706938975,0.007522653301112014,1.7121181982490372,0.4840519627036069
5.8,78.49,44.17,1400.5928539155573,910.7309996568258,1393.172489379866,1028.839094395086,97.04168372178788,19.669419568093193,952.8228370659209,218.30605165489067,0.02977657842640365,0.006412500100573542,1.7334428090013325,0.31497763436995035
7.04,70.56,57.18,623.5007835833117,907.7680974108454,1380.5502478840795,1188.1816874486274,248.85754338818012,35.318935926694145,1104.2755789373557,202.2452734321372,0.03204850512972166,0.006649361186549293,1.3763822198968811,0.5159946805152864
7.01,67.49,41.44,1195.2514772729535,630.9583197161625,1418.2776885119667,916.9312662321107,100.674358220044,18.64459330833036,1101.20887809005,251.1906729073843,0.026646291722237276,0.0076803650880342715,1.8109180734267765,0.38106950542379375
8.73,70.52,45.89,829.254527642276,413.49861682081,1204.2837383582312,885.0227343533219,105.03380311328772,19.027289231569153,1244.3886092196822,257.6420184399697,0.025860610879364056,0.00920815299766778,1.7022740261244802,0.4601621141316232
12.6,57.77,48.22,502.9842552052129,127.30878796433025,989.8071306000024,764.2734473669881,145.23199493961462,20.67211774968573,1775.4421887581332,337.1965940315833,0.021770538543129447,0.01938553749987836,1.4981768063437708,0.4601525558948603
11.68,64.61,48.57,524.1272289865669,227.6391185589198,951.884626607682,798.3595334117756,119.78018829360965,20.74933432878672,1480.3910969260837,303.55214388872986,0.022952665076162514,0.013584859892626222,1.4933560702464495,0.48310391405661396
12.16,90.23,47.54,456.17066870112205,180.0105694126527,840.366606185132,697.9563838724712,111.80145182102859,19.071202882418703,1501.9812630007325,314.9469637965151,0.021949633841445132,0.014566242323818337,1.4955899592597701,0.46688660080789385
5.18,90.14,49.6,1417.0843528590472,1180.585625253307,1485.0808295009308,1142.1111753987316,97.60868736097251,22.993457984908108,865.4507070439898,193.28721979323768,0.0330513625188452,0.006194029605775579,1.5658103130093195,0.3047220560222444
6.99,68.48,42.31,1196.5600436266232,629.0513896461288,1414.8815502624986,932.5724344145758,100.1511117768034,18.438010805963064,1094.6580209501603,246.24465914710177,0.027030451368557102,0.0075443597357921915,1.8175531066211519,0.38228220684520414
13.68,74.45,59.22,439.9116055878133,165.06130784619648,805.1981970403709,864.8708218281739,109.77147491079809,18.600945404284474,1674.3510941485054,286.17933595925274,0.024038036192393808,0.01573240856643556,1.5208537828110302,0.43920051679071204
7.04,90.49,44.5,1091.438865969139,548.2221568812371,1350.7450416744944,920.2680500050641,97.1718199079544,17.31099340154953,1044.800042042872,229.1454926018073,0.02797626980642761,0.00720770457091053,1.830159790726278,0.4432298679421482
11.31,98.4,54.23,477.0213920704937,204.53516268003102,825.77476066016,829.5573750257628,107.47049500458854,18.287166131534857,1430.0492857763568,257.56880963236324,0.025168942320582706,0.011177406562733574,1.5177168570648827,0.4829460668944372
8.03,62.93,45.93,1006.0096176366621,494.7277271942508,1355.91861491568,950.4516405994549,102.8618367817499,18.685004567191093,1207.6693604666796,249.64953743191396,0.02682286018685406,0.008449564591398468,1.7864690129618273,0.43740379206120733
13.79,77.05,43.79,456.7838196631327,93.22229649683388,988.7720758511462,575.880854992283,110.30892629726941,21.981325225689123,1673.1685627881798,416.73923229121135,0.018922064291446602,0.021411185127369538,1.467965335478816,0.4668073708691975
7.95,61.86,57.67,641.9774459796461,580.7889897576035,1277.502399602121,1178.7183548549222,192.36605380397324,30.454638819868396,1214.727289639329,213.65943506501475,0.030794373856508427,0.0072337655358782026,1.311927652865063,0.5323793559954069
10.87,86.71,57.75,517.6798278942508,235.31692371246697,870.3045252509195,931.1793646119706,108.65860149225635,18.624742889041123,1401.0748284205235,239.69013051295934,0.02684705115339687,0.01003902534526644,1.5308098561525618,0.4915541671270706
7.75,69.49,52.84,633.8608055551856,584.6773015209595,1281.0611759615615,1072.6851553672805,189.98412583700585,30.639353662619737,1168.4121144916721,220.15249407187844,0.029633594112009186,0.007213417888425784,1.3249779145537999,0.5129726280069548
7.03,53.15,54.99,634.0610469504171,1157.5387636487999,1565.0388693523853,1237.2534942027014,382.1659394350678,40.56178002825128,1179.463696327345,216.2983941552896,0.03108986837870438,0.00675960792226847,1.4447525996811839,0.5339556628147817
9.97,61.76,58.74,680.4211790538621,335.90281541350527,1057.7849840637912,1082.832047376276,108.97068903210896,19.399958931595773,1375.9126606233733,233.01417376264544,0.028391781279537193,0.009262767587242048,1.6174268706463866,0.47692474996043877
13.18,57.33,46.15,491.1187896142555,111.15360046910033,1036.3266142623338,699.3891631687177,115.61803497294477,22.910073098877955,1621.256204474131,371.03418923681784,0.02046572071936748,0.01865004938329396,1.4523879221152785,0.4863493562773962
12.58,72.25,52.08,463.95364801760667,182.69532045269852,844.4856472396212,791.7651714043615,111.82938276338778,19.04259654407541,1769.7738226079978,303.6890624258196,0.023020147401042107,0.017753891141235517,1.51243628007073,0.4563367243546977
7.75,82.06,57.91,956.2119688105608,465.0524889846708,1232.5866748503556,1110.4732573044337,97.15008629547565,16.88623906492173,1137.3143114891075,203.14443157025823,0.03127374014651206,0.007160207120312407,1.8049303297369441,0.46641588471824275
5.11,81.85,43.85,1056.4948183185356,1924.559007171383,1850.20752269236,1072.697309916735,140.37691471664417,34.86512451504016,877.8957761975645,210.256863292616,0.030935795871281924,0.006169871856896321,1.6023117518751573,0.3958515676438338
5.64,55.44,50.3,742.7088167682022,3255.1254946780273,2011.063017747186,1236.099125966289,1322.7263896739023,46.26336440427522,1041.6118870249334,213.55156875503857,0.03156883221409002,0.006049139352980969,3.3422237226801466,0.5110150642004264
7.6,53.6,45.41,633.9475971707623,728.7522756293556,1552.656637973808,1006.6308690335259,283.2382557557967,38.147349034265204,1214.0533447262455,251.87038158121578,0.027136337961164225,0.007768255452117826,1.4581683614989536,0.515061867181556
10.86,95.73,52.46,507.05255208636976,227.3890498617552,869.1410989640331,828.5072171927152,109.310631032228,18.759669890423165,1391.9745683985943,257.736567912781,0.025190835834922803,0.01081198396874862,1.5179626119441665,0.49385805123298054
13.08,94.26,55.44,418.7252134272405,157.57176901037167,757.9943130417397,778.698585087774,105.106766249123,17.673778674200804,1595.4724544920819,287.3931361972059,0.023457445665055893,0.014758603550334343,1.5182775242865472,0.4432910779863774
7.71,70.74,42.71,1027.005331530247,510.54308855055007,1359.760306941102,886.216452550962,101.58944393490414,18.49047531847045,1155.792494281284,255.21272728011078,0.02614324302874923,0.008410871306071916,1.7920473818658254,0.44429058883154765
9.77,56.27,54.93,741.416567869921,365.04444320175895,1135.8965570790367,1049.370260383273,109.43690091290377,19.732315397800797,1384.362222506531,246.12617507383308,0.027532069538589905,0.010150015229077637,1.6484405432521612,0.4646416377003031
6.4,61.7,41.69,1329.0037653513361,824.4102294191912,1425.1751835862142,982.1273652324588,101.22107648618599,20.3651692495723,1071.0971162359297,245.01287377178528,0.02753919035302611,0.007170194079438147,1.7329694993868994,0.31772639414366527
13.31,63.7,49.52,467.52111019961063,104.59764643948913,990.2822571598238,741.9824269497918,128.6633830802308,21.53980560865554,1629.8575759469006,340.7414210057058,0.021425661383341916,0.01889581800885139,1.4627744094837412,0.47671107835776416
5.48,64.0,54.7,727.5418828851782,3684.5883800996803,1953.431701014217,1287.561228767986,1376.737162960232,45.34408508431848,986.6461701669916,197.19837888087878,0.033528765747446884,0.0059493917681256855,3.7798737829347107,0.5068644385456268
12.53,96.69,56.55,423.43906675591785,164.32786193764238,745.4672385649683,809.7519972026688,103.78266966813435,17.298563677166822,1753.9978228192756,272.6730984035745,0.02440647390644194,0.01585124976663947,1.5261473985487712,0.4481046090152591
13.81,52.17,51.33,497.0774937618453,112.92954499929397,1086.1426391680423,797.9277204297493,146.20890845753516,23.165034708793378,1700.0122643218785,348.3480671617478,0.021586403269425642,0.02187953377231909,1.4584400348456223,0.4806781635677272
6.51,79.98,46.4,1265.8437916771747,675.1899862525726,1387.3695087726637,1010.2671505386504,96.4732493950925,17.352358724375318,1017.9546218099103,219.30903274090187,0.029441158481124597,0.006781491377411437,1.849197843740329,0.3733070404318292
5.38,92.5,57.02,1526.2547414624303,972.6662912979359,1328.847421320019,1231.1208682699532,92.93576274305138,17.74035134860781,885.7667603558779,180.77620219577383,0.03509439726181627,0.0063662373708302505,1.7993894162492046,0.3163443911959255
8.12,86.12,41.77,875.9626814286545,439.34277459800086,1231.1111100923954,814.0442416755787,102.44598416578955,18.53925739827055,1152.5220439889265,260.26172848608525,0.025245610959134746,0.008617808696416117,1.7292546119389887,0.46517294079133453
13.26,72.89,56.59,449.0438144900715,171.91567979410382,822.8266562984383,843.8725296759504,110.71837636664384,18.82523581469361,1626.634210317328,290.6533234433329,0.023697398109130737,0.015229471144434006,1.5155897108509662,0.4472660552983595
7.72,86.12,58.8,945.2777221314487,459.70689486179424,1211.6370678001026,1113.4145627264097,96.5761389230287,16.68772363986066,1125.717344704242,199.77582755253832,0.031595758129618484,0.007043447077983611,1.804347369928714,0.47004021149892694
8.23,55.52,54.85,643.0033109677352,542.6629005069193,1323.967385181985,1143.3694019784375,202.28494369596675,31.202463295642822,1262.1492088793523,226.9570038720999,0.02948840355983921,0.007636556676571538,1.3340511464231217,0.53600126158917
11.19,60.59,45.1,504.64487824661086,173.76843858892198,1171.7682519568202,765.7668894716963,143.859088676122,26.16270857497879,1457.2221015273974,318.3138436366238,0.02237142299728179,0.017831148131177258,1.3748336750530787,0.5240516706021199
14.5,73.82,46.34,466.41549629586973,85.50175030574478,975.601318819426,600.0205449013149,113.18558296244703,21.255622679021467,1754.4342241572238,415.3814974886813,0.019122362499865684,0.02322378729315675,1.5109376443487408,0.44014830894473245
8.65,68.94,55.52,847.99241891088,413.3545069515948,1188.284669838333,1065.2292949049559,101.66747725833545,18.075738165542077,1248.6599478189505,223.15831358757117,0.029193602598620683,0.008135210612917223,1.7397122254675752,0.45876322930808316
6.59,90.67,50.86,1205.0902719778126,619.0766332024333,1355.5621391624268,1051.883120112353,94.93026430282971,16.558613791580864,1004.9338687567091,204.62378300949752,0.0309556663508112,0.006691789828768217,1.8667730444029356,0.40842280182036367
10.74,93.68,47.62,521.2097915159326,236.68138705333877,909.729836855474,760.6962286420732,112.83574320944115,19.509501826301715,1379.7324039245061,279.5806536270522,0.023735906050598783,0.011562397008425884,1.5043781906904137,0.4981625830213525
8.81,63.63,51.83,851.966421944095,417.25700569431723,1216.6920169483171,1012.3535449010034,104.03798642270657,18.695021094218472,1272.4955319171145,238.37002044739327,0.027782428546019335,0.0086711701377844,1.7280625834831274,0.45306768940085523
11.04,88.55,55.19,505.47474889366276,225.25051644968966,866.2170218922544,877.5182319242803,109.21133351571169,18.733395034563905,1416.764366983672,251.2705187030146,0.025838665539030137,0.010700164287759464,1.521695281309912,0.4897704953020705
6.17,95.8,40.22,1289.6217062892633,712.8212156286776,1381.8044527761153,901.2934657378266,96.32970198673843,17.72420629707924,947.5474341317943,230.9951353095345,0.027819837956311568,0.006655345801313595,1.8261253362165162,0.36935196368283424
13.91,54.11,40.97,522.4831457624634,68.97372852421651,1158.8342768304421,557.1045834301333,96.58385271663919,26.461604129665464,1690.5063192067807,478.4592423525375,0.017855140730338476,0.022881367749022545,1.4427644208821797,0.30772247446918605
9.76,81.83,40.78,627.9780650513718,317.91114026686597,1062.6293286756338,710.1791251574375,118.37084626598617,21.171023671181967,1305.7817633886436,305.0557732946541,0.022527563684341032,0.011445470262660044,1.5160589419497041,0.49160296810270626
9.27,61.24,47.83,788.3507278700843,393.44255244499107,1185.346722801077,920.0882870042557,108.61991656889504,19.733416621266088,1315.7344397696297,262.1690893807339,0.025796523626274527,0.009852587840449244,1.6677183274737002,0.4610727940911684
7.66,82.46,48.28,979.7661098248524,481.20324981975506,1287.7551470612138,959.0368401498872,98.39894138195645,17.481549132664078,1125.4527690237915,227.8380875311977,0.028300524677922184,0.007668110642528221,1.800134595102988,0.4626276896245042
14.17,86.69,47.38,431.14632606079834,147.13314724303115,837.9307649001375,611.0871919116419,116.64451148731723,19.76653692395093,1710.0735387469945,384.1184047160782,0.01972346675157653,0.02112729109150217,1.485350626063685,0.43647587321459097
5.48,63.52,47.36,733.4435674947965,3442.98038837766,1999.5603053657176,1156.5782300635124,1352.4669312871877,45.95094014987172,985.3715816561271,214.42697716066417,0.031087890241202155,0.006012192916312619,3.6050424323025343,0.4926918974247469
10.76,53.53,54.78,632.6064247117824,307.14904219416775,1057.413082648716,1010.2983513671605,116.97402041323427,20.845015489202908,1453.2072097369555,261.50722596624945,0.02619274559824431,0.011061517615009592,1.5561682595184327,0.48140652968793135
10.5,51.77,58.34,672.7315351557585,329.2250209904628,1084.164029997513,1104.106807117972,114.10367807554121,20.433308519911748,1446.3569208976871,246.2941708642998,0.0276253714600868,0.010175075129550267,1.5940516660577833,0.47348218277368176
13.9,59.37,55.93,479.6682754018652,181.3459459004701,898.0343975418764,854.1510480468642,118.93287410515813,20.4198525989478,1704.9822126284348,314.4398827260401,0.022906987309827417,0.017667929109752758,1.5088879112016185,0.445410839867928
9.41,97.12,48.26,629.950088975086,316.26600547384413,995.2113694687284,831.8968595165317,107.76814433481577,19.039453199528136,1258.9665821083781,250.17380158556182,0.02573721448406397,0.009272560245992864,1.5734505400602026,0.49441040507744727
9.96,51.11,57.53,750.3918613281384,367.67767296726237,1152.67505114863,1120.8832872455162,110.89242592342076,20.009906971659486,1412.7540761519178,242.448521166849,0.028057398128504885,0.009688496233483168,1.6511631238800593,0.4601376080003857
10.39,76.67,53.39,578.1659452895402,277.9251372262504,962.311461675802,910.8061190309397,111.5121368593089,19.539102649808576,1376.3402971019152,250.9340921515738,0.02614247324764976,0.01020393597101031,1.5411742405500328,0.4970472039703371
13.13,77.82,43.17,453.17086473826197,119.22297286536565,973.2761923274519,593.2785616238134,118.73989705837212,21.770404245569328,1600.7512447518409,395.072116366164,0.01937379322186722,0.019172067948519136,1.4465686615870603,0.47921354306318176
11.08,99.07,46.22,495.74207645616195,215.60349103076862,883.7309188065591,713.100297251299,112.90499129130772,19.402949036684884,1402.3335768843717,294.69274294326766,0.022801442370455435,0.012459359048110321,1.4950392879309062,0.4914115016221802
13.28,59.18,55.84,482.2446918804245,188.9553771776785,891.8846108588991,880.6398945318917,116.84807449445142,20.07010297111305,1639.801647719328,300.32537894516565,0.02351993004387679,0.01569957957560197,1.5098862772957715,0.45363268199795553
14.76,71.27,45.75,469.926290537618,68.7468037852716,1017.6322900367373,581.680332540912,110.37324214439687,22.364390207105355,1781.951370036352,435.82066651063,0.01866027902854542,0.024217608879297112,1.4935502824823947,0.3773890014326305
7.52,73.61,45.4,1052.1846979566772,522.7586356749208,1358.487565232177,940.5524077763458,99.77795268157207,17.977491927313135,1130.9388761288758,239.17914054776736,0.027447700942231215,0.007821630384954838,1.8106651314717506,0.4491926898217405
11.64,93.2,58.22,464.0522318665916,194.99359793515768,801.0490829711085,886.2770474962208,106.23267949096477,17.964312822982258,1460.5834843949704,248.22288935678023,0.02598098831009825,0.010955057876409444,1.5237045803823144,0.4739101712047194
10.17,86.24,46.58,576.6881642126508,279.67124330931915,976.3739545469086,785.1540510981455,113.97267152412304,19.99252667404985,1334.5531331079308,274.81822161401277,0.024127633380248828,0.01075895075808818,1.5203347537731642,0.5012211914076092
8.17,68.57,55.92,636.2246606420631,486.4146520122857,1214.0983609357356,1104.3755095874335,170.26352677474347,27.918532467811477,1206.9999834107057,216.91161649030406,0.02999114600187496,0.007335848529002617,1.2938309273201518,0.5220026618507401
5.55,63.95,42.45,723.9031423088375,3060.8235077894747,2002.0626154981883,1058.3376938397694,1240.1569635138935,46.37999568386272,981.533464471837,229.38459543524115,0.02917767710739617,0.005986967092761578,3.278666627036246,0.4796580342106052
7.84,85.96,49.3,928.172232158795,455.1371195742452,1240.410874045553,957.21126146418,98.43227833578919,17.423422436634713,1134.9529742917284,225.7173129365496,0.028405616802867163,0.007759567667598735,1.782494437834947,0.46754923015390926
10.8,81.91,59.29,530.9217458850032,244.55063219449997,886.512990043647,971.5897531200876,108.92843081115176,18.74780786790552,1404.7421753945414,235.14120638249284,0.02740699840590224,0.009758612689285136,1.5364830371745521,0.4920861453909874
5.19,87.84,51.66,1425.1046850295918,1183.7263209932362,1480.6052478099482,1178.3669226876034,97.36232104434012,22.865098327031014,874.6295863731148,190.11657863211033,0.033671840917469255,0.006259020213329108,1.5708024260700317,0.30270215526717953
7.66,68.54,43.24,1050.6412106102039,523.5464479833438,1374.6513545723205,906.1731762849312,101.65740554883887,18.485479332801816,1152.584682738452,252.23204287992294,0.026400274477620615,0.008150639127038808,1.7993910833772517,0.43994633118896775
6.77,61.1,57.87,622.4312627498748,1281.5356460615594,1526.910888209409,1262.9198355530461,379.2535063647661,39.948468189972736,1117.8821312830332,202.85756182850162,0.03250596823483536,0.006507940245950418,1.444833288385401,0.526530417221535
7.71,83.68,47.05,966.3909951348483,475.4302670856199,1282.012030921735,933.6962623129293,98.82535865765868,17.594794443168862,1123.278907982318,231.79847776040765,0.027813009168850048,0.007726910898959517,1.792781277910127,0.46264473873729695
8.38,99.03,53.86,778.8633136210905,387.0551005442777,1078.9423974335637,969.8401185390502,99.01305356024069,17.309635703580614,1162.9205239049604,215.49783440446245,0.029094786557194552,0.007602248403896398,1.711069413699134,0.4873387599225525
11.75,89.0,40.42,486.13694728260475,195.74378205773175,924.8352898602907,591.0649403435257,121.9953414479749,20.95739842334296,1461.8493423787304,369.331454638488,0.01987888326694006,0.015820570396522748,1.4602990606048036,0.4817869879625957
9.64,75.63,42.58,661.975748841525,337.9024391259822,1084.8384903806173,762.0819304352137,115.51117268817437,20.789575089330047,1303.5587780613573,290.8463097476792,0.023389835347253574,0.010903857708009175,1.5505841254642556,0.4947791834397487
14.84,92.39,42.82,435.5240521668549,134.20330307439067,885.4661791305836,488.87610948227604,124.86496866960857,21.267862459082668,1774.9439255973302,482.0760495107615,0.017479518628534776,0.024954298056910098,1.4623768375217798,0.43089018508237903
13.8,84.84,41.54,441.93743407821466,62.88096413450426,1026.4937784596138,519.0756263506944,102.14792965933891,23.24159703202996,1667.3058074137718,449.07612637847615,0.01806450042255892,0.02169636057090546,1.429384299779836,0.3439772910156855
11.9,77.64,47.31,486.28312464074827,200.40629996861776,893.7491398611477,729.7680754113696,115.91843964147384,19.923873210306258,1488.2292510615453,313.2483919339399,0.02222780720078841,0.014304964275563142,1.4910386818666463,0.47636858504406376
11.13,50.04,43.63,535.7727742238677,191.3322674312112,1263.4726711686626,776.0056870280515,146.86001875382388,28.551889665856127,1470.5820811074743,334.576178426179,0.021956625302997967,0.01706474697612081,1.3852969351864075,0.5307931106396165
7.1,69.52,44.15,1166.675278040118,601.3175136244679,1405.8936541193705,956.037713664168,99.61459890568791,18.153027427519174,1105.8229428705058,240.1894656217659,0.02758197456869137,0.007613333639247411,1.8246758060840367,0.39730186002384116
14.74,72.61,48.09,471.7391429473549,91.592260680205,954.2531333762556,626.2254469019892,116.89271737074415,20.51336729527803,1781.3403676067935,403.72494232676206,0.019485139696357182,0.02343963400106487,1.538586191896291,0.42399971022896166
7.86,56.19,42.39,1087.252329297949,546.3295705442589,1425.745695447366,914.763743707137,105.22820411923388,19.46359136094825,1217.8270358333407,267.5918487842747,0.025689989142511287,0.008857734233667282,1.7877447800976578,0.42187419541170557
5.71,79.31,59.27,647.95990529534,2786.620338549942,1719.7116763248982,1282.0213246748071,866.0767240725332,43.22562231260805,955.0101656017699,184.18369274395099,0.034929945316700704,0.0061327525858515565,2.9362013987010886,0.5010663557357609
8.81,70.73,50.35,812.5321619702025,402.12217408784477,1172.259002306573,960.0045051846731,103.61192016124592,18.59306080940107,1254.4218208567988,240.6401904980481,0.027308014278497814,0.00878747735791695,1.7065906045191785,0.46423985036063065
9.3,73.57,45.92,718.8494338907988,365.41032904158465,1110.6000700854715,846.769361640054,109.44981171805496,19.741615649135742,1280.4098998389804,265.48238495862785,0.025084680704489753,0.009776127725540183,1.6173465859294702,0.48157398303957977
12.44,93.57,50.84,436.8838555039326,168.82118644138197,797.1626774877835,734.0249661638186,107.89060309145626,18.2837709433458,1529.3717112759555,299.0081497054423,0.02269830027051183,0.014204382393538125,1.5072168813264402,0.4571544539716782
8.12,97.87,51.59,831.0636605683238,410.8612079335525,1132.9282954923292,952.6422654409614,98.30978751809383,17.237806119830733,1139.8729745590508,218.98701071388936,0.028765706101849142,0.007625288756371443,1.740589883728452,0.4817141656883006
7.33,51.86,46.72,638.4805520428255,889.3980660671009,1599.566729678741,1060.3133468648623,335.5701166391068,40.08350779216755,1200.1154744085754,244.37904568894996,0.027927503307180492,0.007361867897849092,1.469885338200839,0.5184280180103416
10.81,73.97,56.52,550.1062749540764,256.31033177181126,929.5619693440691,951.2842323854982,111.50490188230081,19.3846954637072,1417.6923488645923,247.03339028124583,0.026598252132070135,0.010476502714577892,1.5334024340139711,0.4923316765375809
12.18,82.63,41.33,461.53369999622174,139.0355058167088,984.3605399784299,595.633231915146,125.66200637778228,22.106620837334763,1506.8515188194824,377.9058405544039,0.01975867573791816,0.0169000231214605,1.4198221401430582,0.5010321049378462
7.85,63.18,40.47,1042.126550704012,522.0274428686607,1391.2709640058463,854.3740865190824,104.39784590113092,19.254625039402466,1186.4774290687726,272.88170620672054,0.024998275283645302,0.008828528506815564,1.7788033523710927,0.4311281819992262
9.21,71.6,41.1,740.0193983428219,380.7748126269157,1157.7652468489387,765.6859812011378,112.7467189794142,20.594767674956884,1277.2164807929107,293.0128258047414,0.023401412433716667,0.010606441187475278,1.6044297996945065,0.47793483662796793
8.71,97.14,56.59,727.1069896515047,362.343494427574,1029.3700091271135,996.1836778283879,100.11579005376679,17.4672013524597,1198.4380651833258,212.7455604099676,0.02945789517167737,0.007734873516503,1.678590496179509,0.49141153886690514
8.25,99.96,41.5,804.2042596028048,409.77154661726655,1158.1792288853283,781.662567376859,103.12077325339318,18.597525706247758,1143.2032807774979,259.42466338676047,0.02496488843600817,0.00873574562947033,1.6859067692555132,0.4685838318254879
7.11,90.55,55.11,1072.73356268659,528.4469903311781,1301.062240985587,1081.528824684346,95.09435354451264,16.390027762323975,1062.9535356881606,199.85338291743773,0.03146415043092134,0.007539012974693816,1.8530286668132596,0.4600803468407791
10.15,96.03,46.16,559.9939247712281,268.43859996306014,951.3844866765343,762.2373781942697,112.8612855564139,19.705415238669694,1323.9575696896904,274.42786585467525,0.023988404273483182,0.010673496964235517,1.515469314508958,0.4961198348865066
8.84,59.98,44.29,872.0018171711016,432.77304274982527,1268.8669487126008,880.4040352218962,107.71259256693901,19.70283792801807,1281.3200954591023,272.2445246213241,0.025108063726185063,0.009807673756948248,1.7107793819111494,0.4445384054654688
14.13,70.53,48.66,458.9156663552988,162.2099485288142,887.8543676037781,668.6609635957545,120.62737614017048,20.625353963139634,1715.0471254833167,373.76579986610466,0.020258852724992307,0.02078079171655039,1.4878522323295686,0.4421406405798007
12.11,75.43,46.81,481.81656151959714,194.7125674182269,893.7685905342768,715.8749404316782,116.81189007698435,20.052238463700604,1504.3638803719773,322.9646452688376,0.0218013886790063,0.014859505200028912,1.4885862716621803,0.4722795771982368
14.46,79.72,59.19,425.2888762178943,151.7821676623083,787.8945308780534,815.4609302908689,109.6842985672708,18.51545709531527,1758.0149889880827,302.46523544937884,0.023215708801252406,0.018282109103137302,1.5216356385293757,0.425918454448456
11.52,68.0,42.85,503.2750353078782,145.40141049046,1061.9041746403316,684.997038789001,120.44181661582917,23.733785011811626,1462.1952335949168,342.6742476766174,0.021120045682420704,0.014778818529878572,1.395174172616296,0.5159417267733734
7.12,56.58,59.23,628.9551104039236,1050.2893195927777,1478.4809286111347,1290.0786117625337,317.78739410607096,38.37727309355412,1172.3010473725958,205.84292096985425,0.03233409399752362,0.006765089885925205,1.4068075167802936,0.538398819692394
13.11,91.13,45.71,436.2931216777024,158.56907188150436,832.0392762412558,621.7096745847768,113.77207991292259,19.34711797136132,1590.0155523110539,360.4789114284334,0.020230155273957287,0.01779926177210939,1.485996007102551,0.450608643748671
12.41,60.44,49.48,497.73793430110743,202.0358105554124,923.889949278476,793.885474797649,119.45733016681076,20.58053259710932,1544.2497423747866,317.2011759143039,0.022409763982766506,0.014993506238226649,1.4942600489913018,0.4685143703557047
6.87,77.28,47.56,1185.1810753394288,609.6383517690276,1385.2367790534138,1010.9304799672448,97.20194461141003,17.37909334671751,1063.7868952513204,221.82483493944287,0.02925565347376579,0.007140391748048414,1.8456556320440916,0.40134360521967577
8.14,53.53,40.42,620.9910548038167,522.3458870572612,1577.42175374288,867.5426826148922,233.88864769746377,37.426693291175255,1247.5105250816734,285.9014640545212,0.02451375327403311,0.010921367600692249,1.4996701156629377,0.5060120924286255
12.87,89.07,41.98,449.02586890560065,162.8150407622727,873.3655503318619,566.6744842040067,119.12383704083707,20.312565934648976,1562.4739861283301,394.72268884398966,0.019153670614735056,0.018182846878123098,1.4675478572177267,0.4583292261370921
11.75,83.65,53.51,476.80004068189794,199.6193043515483,846.9110000432128,829.24293721834,110.06130654310637,18.809616132803377,1479.748342072648,272.2762580668635,0.024448917973455938,0.012380321914584495,1.5117882197555634,0.4756955326776082
9.04,69.97,52.41,776.5800904698282,385.1118033100454,1136.9880778271943,985.5455663852968,104.33959396948126,18.68348909294005,1277.3479406040092,237.1613508963458,0.02765567944118177,0.008804869269005151,1.6856677279743217,0.46945260062138816
8.87,80.46,58.96,755.9160954719943,372.9762409374056,1073.0908699874053,1068.4277743160299,100.93656013434831,17.721927745639732,1242.302279797343,213.01455012667083,0.029930685653673815,0.007875031937380844,1.6959482390744651,0.47730452823191616
8.26,80.0,55.06,866.5400815671933,422.9929943878342,1179.5366292083324,1041.738981390662,99.09436901087511,17.435402173582254,1186.4060840439338,215.9590678607262,0.02962933295062771,0.0076854615830569155,1.7591010275775403,0.4663444475086222
11.85,99.41,52.17,452.40471486490776,183.9293130185217,804.1713951829416,771.7898035892489,107.30464597609055,18.19469083285684,1473.4447868595128,277.1581286611035,0.023841125835628682,0.012557428503291512,1.5113010650361844,0.47014359156355806
13.74,55.82,46.81,499.93387211592074,115.6548770649808,1047.7847707459864,691.4641192438596,118.7806787350774,23.025061946702284,1683.6140175301714,386.3207636041186,0.020129657799641185,0.020629135258403465,1.4704390424043894,0.4717038415902085
11.1,87.12,54.39,504.8407278203154,224.0342008349635,870.0986238588519,865.7115141086693,109.80710331319293,18.841653001515798,1420.413115462468,255.6197146063021,0.02551375165777749,0.010926728489153902,1.5191825494670217,0.4891997937829652
9.76,59.63,51.62,722.1038603482439,360.4680369194579,1121.5107110514582,972.9054541172837,110.66697629578158,19.950058985967875,1357.4406542933928,254.65198750181577,0.0264381596872214,0.009957998259452934,1.6264742087104482,0.4706210493818481
13.96,70.59,55.28,450.84693774147553,165.7684356810878,843.2403598848819,798.0262999383475,114.08122491218641,19.448321696249256,1702.9821415526023,315.55980458732313,0.02257704039548571,0.017879256442619312,1.5109973257906133,0.43912271448165396
9.63,87.6,45.75,627.6226575945595,315.6826559812116,1020.0750714128365,796.4788201339685,111.63226372167414,19.821337684699433,1285.8924621447818,268.05817521441986,0.02456624563138481,0.010068307093522952,1.5527993076726252,0.4951541656383955
10.91,78.41,48.89,536.8520900792228,245.78289348540886,940.5230790902465,804.1228085512018,115.21800452028444,20.016866584535197,1409.2525379203144,279.9056796089381,0.023979235155891645,0.011727230140077111,1.5058350264630938,0.49479636199676946
8.0,90.7,44.14,881.9054639591,439.1076829155782,1218.3178466111744,854.0884249865577,100.4038919982627,17.989229153907672,1135.2569425732647,245.5156161403396,0.02633682250691228,0.008171105404099075,1.7461189487060524,0.46990942415852416
7.31,78.45,45.45,1075.5443803199692,537.2521850129932,1359.2304408167395,942.9369713228118,98.60332951439548,17.687692898168716,1099.0431401576052,234.00462764911512,0.02782606818349744,0.007582667780217557,1.8209895947921708,0.4427566413121432
8.35,53.89,53.11,640.0912451193459,520.3315048298733,1348.8867870161134,1111.4575112989016,206.51421151039276,31.549766308827053,1277.2107617243685,234.45803567661721,0.028765055028934904,0.007935032878816422,1.3527006098535046,0.5352943777529227
12.4,71.97,58.94,463.32671833614864,187.115423458264,827.6265298328776,924.3740605057802,109.39499391081006,18.611630373991762,1546.248800851169,263.9513365633259,0.025371275138307,0.012610189918650826,1.5209961493034465,0.4604043378335184
14.61,84.45,50.72,427.37970658004855,144.97458082409477,822.4182749380484,655.8092381970946,114.61206451094777,19.431680734430117,1761.5369208504546,366.2520821802461,0.02040934507249566,0.021583516999108432,1.4983094859547097,0.4278731774701475
7.72,91.69,46.64,934.1037553862507,460.48211174741937,1246.6590691961726,910.19818182878,98.33829235094511,17.44673791144607,1109.391621377108,231.0413504836914,0.02767895880542596,0.007683041480418461,1.7822626995931619,0.46999791984726436
14.95,77.26,43.4,452.8144930416304,50.211789518036674,1079.095006944795,515.3165174594726,108.96689434581543,24.15217691923702,1793.6334311724647,482.01306461096544,0.017632309820037904,0.025369162289908573,1.442250239314155,0.28548119404094713
6.04,67.23,48.09,647.0883462988301,2090.8384762945025,1743.3229440918676,1114.0040377247556,719.0105869662856,43.985606590786674,1017.4025053288191,215.33342906211814,0.030581190814028957,0.006163036501252923,2.2826344344581337,0.492537756993605
10.18,99.55,55.67,546.9529928606186,259.2672724396141,889.141021588636,902.3751121904318,106.92173811429197,18.426078492835288,1330.6803287261284,234.07470592215833,0.02709588773909216,0.009316931704443532,1.5448026982541456,0.5033563461678008
8.72,86.5,54.16,759.960398493705,378.36025714936926,1082.5804682367566,984.4682782212166,101.1357832629271,17.824468898037313,1211.6508137513854,221.6281807696776,0.028676988163400537,0.007925448252227355,1.691394355051556,0.48158614766521946
5.75,93.0,55.63,1450.6107374723258,820.4658134915318,1327.189989784948,1180.358400515112,92.81378111037486,16.248234144510814,919.034646863154,185.7934098270103,0.03399293768861869,0.006353420071650616,1.8795281121535967,0.34303941256456066
13.54,81.18,56.61,431.3871463873475,160.72319927513666,791.3833146145456,807.8984304566643,108.5463769346782,18.358568846099168,1652.912193088592,294.635253112876,0.02337650938163816,0.01602742161364741,1.5174182707332513,0.4397752182740878
5.95,67.46,52.99,651.5912983341315,2361.075732762451,1744.7794463632301,1205.9827375662671,792.8786527899916,43.907860931878716,1013.2703041515194,202.55483052165343,0.03235613334109747,0.006102921895655723,2.519613272298602,0.5024587705623792
7.25,67.87,53.04,627.8060245789419,797.9408965761812,1374.721474154597,1114.4583164884586,234.52936235592796,34.62225479627734,1128.2861651984965,214.66944361172187,0.03040631639135369,0.006792073571757614,1.36805183692314,0.5111057401706746
8.8,92.83,52.28,726.2723931001256,364.59274524623225,1054.1591355007863,935.9618374322979,102.01680086540486,18.00556306161378,1208.9139564557172,226.76246560538624,0.027962031247672825,0.008107586120323458,1.6636827326355057,0.49051944904411277
10.59,86.41,41.63,547.6382549595694,254.711611160621,982.1665381054688,675.8250202205344,120.7172622652375,21.045181421727857,1366.6500346548282,318.58081597487285,0.021760238111528392,0.012650908983500271,1.4774922625142868,0.49616837478449305
7.05,70.97,55.84,623.7637691658883,892.8022093333823,1380.2150954188817,1163.6424640998525,246.1968670701387,35.23858928350043,1101.61317633448,204.81759887816204,0.03162644325075428,0.006628200980564297,1.3759619750746543,0.5123880778487241
14.82,88.42,53.16,416.2138316301215,140.5388717045408,793.0342987494748,680.782666187929,111.37269549108781,18.831052411823364,1787.7931986285796,350.7281800189002,0.020973043203462757,0.021454387314349843,1.5077748308161103,0.4214136218766114
13.18,96.97,54.1,415.9518447134699,154.65680721551198,758.7091663922847,747.9903689896486,105.374047025273,17.737311169210614,1605.2066618698022,296.756879187731,0.022921758692198986,0.015424959149556735,1.5152026350294006,0.4418759417803067
9.52,94.61,41.48,623.6985832318057,316.1738668901637,1034.6793158867526,717.7132855747273,114.56402337104261,20.40761658024422,1266.1428413224337,289.44962559078033,0.023122473654609253,0.010564846779561002,1.5294322405381633,0.48316292741453193
12.19,66.18,44.98,480.4459116466232,118.94269299899612,1015.9572778622359,698.0627961158208,116.38652946309783,22.648772255997677,1523.2737646335231,345.2963081000539,0.021130977629476085,0.01593626952817067,1.4231665454370572,0.5059809884375488
6.88,83.18,52.52,1156.2489933656877,585.0085658394826,1350.8370371814926,1076.0302355769752,95.80157644168916,16.761607739601285,1052.6026699302333,206.37339215462376,0.030958979415237262,0.006930828454338675,1.8566716546998592,0.42139117382041896
8.8,65.36,58.77,839.5707754056203,407.35380048301755,1179.6156227758079,1127.8825830876522,102.11613361416215,18.123712755171113,1275.1361352149522,218.1088346707717,0.029957797868087197,0.008048417287442338,1.7365470584144913,0.4567242195130789
5.14,54.43,53.12,850.5001466316952,5005.634209685212,2252.2019038848507,1336.912645498756,2084.3742430418356,46.503501352836125,1006.7333332503823,204.3421468017686,0.033118343002100495,0.00595252213386814,4.588587288166184,0.5150998625636803
6.16,94.28,50.59,1316.732999289498,703.7676047283929,1357.3181092278624,1070.2386124548066,93.94084714128773,16.40587500718606,955.9199144284573,199.75787600700417,0.03163918454266287,0.006522547421291792,1.8778955469688774,0.3775881985835029
12.75,57.46,51.11,494.9873772385086,198.86716662658444,919.9554082547575,820.7832451931272,119.10224870992846,20.525822832249666,1579.7188175346637,316.335252681803,0.022579743428012434,0.015441862817779645,1.4982469324866488,0.463935001167799
10.94,94.52,43.31,512.5298981201651,226.78985291051015,924.613916497918,676.991390414334,116.99722904719872,20.2047365777553,1390.2258951778704,312.65516936873956,0.021932578422741565,0.012850731490279366,1.4823057598091385,0.496198179703673
6.6,73.95,55.06,613.0388616248755,1231.221158353716,1481.3802441726714,1168.8402947241739,339.1434786142533,38.66079855020265,1054.4709356070239,201.43749283622995,0.03210640921662026,0.006465937065153203,1.4404288775449552,0.5057012954190451
14.9,51.48,57.94,507.48862812823404,185.94853922784247,963.007456457546,888.1879643684227,126.9774668999602,21.916582033309975,1826.6088234334873,332.0839263429992,0.022600367777881943,0.020792772809926967,1.5101463622735356,0.4380100613753973
9.92,53.18,42.21,568.8741934259095,270.6567483791033,1383.379730168283,799.4687325152089,169.6280849632855,31.139147641391688,1381.7866034856768,312.55518099901525,0.022917301750624793,0.01613942094207155,1.4476301471314945,0.5195596042574673
11.54,51.3,45.16,513.461490708102,169.6871155157765,1220.807875438934,782.9255405299257,144.76985537728913,27.415858703323966,1489.6533347134182,331.87564485268774,0.021993514827497982,0.01873374747477513,1.386804949337891,0.5322511570093018
12.73,84.18,49.05,444.3487734687833,169.50850972082878,825.8168678556169,708.8640958554114,111.10977511145538,18.914082103159636,1556.2737077306222,320.6565832981679,0.021803609888456907,0.015561548034754229,1.4994342956320672,0.455939138850898
14.11,96.03,40.69,439.1937359463298,140.39097062367492,892.9336426830379,476.29157672090145,125.13653077202302,21.369928194254474,1692.7433053666236,479.03864502368396,0.017404846003074386,0.022735634923923692,1.453151789526301,0.441669836150492
13.25,67.05,45.05,470.09499716849723,126.24298387478451,991.2108049751138,646.7437201442862,121.3165831931699,21.99671605235649,1620.607499185269,381.3181883648223,0.019966442049036394,0.019210829884928768,1.4557533732428092,0.4761285253539718
12.68,68.27,59.72,463.3193626575238,185.06799680521866,825.254405491561,935.4611442617713,110.1131444887552,18.620438107660895,1793.2092349478446,268.6711377997558,0.025314490982839104,0.01577615998533334,1.525437926030668,0.4532698038384532
5.76,87.32,51.88,1446.7164479680107,847.9723661988904,1344.8268606163635,1135.82211454692,93.7673213600209,17.132488212767328,933.2894115160734,195.18318220370028,0.03268754559684022,0.006406472491321902,1.8426472273573011,0.3331442147481629
12.87,85.38,41.52,445.5628795637009,115.60549988739797,974.4348230659693,562.358072398516,114.77572330884335,21.95687600778616,1566.851495992291,403.26660302946686,0.01903248561061852,0.018738484622480345,1.433050175743323,0.4884858138837003
11.09,80.21,58.6,515.7600158402406,231.9968079589214,876.6529515998179,952.1182068777559,109.61652316075005,18.82287829806796,1429.1204790396732,241.6594513008868,0.026827590177827595,0.010208330255258798,1.5286172479360463,0.4880478772114033
12.4,92.3,54.61,435.9541591663907,170.71791579406496,781.1020141259183,799.0739637666352,106.18611673949098,17.917873221414013,1525.9112909202029,277.3058308869817,0.02396523972514149,0.013164450012492295,1.5166689540903993,0.4562678659857536
13.7,63.31,52.16,472.91674478506343,177.21615901563882,893.4860874237171,775.3050498622423,118.69871635360643,20.384435296617518,1676.7948704812195,332.4382789162828,0.021883538291800755,0.018097634178559308,1.5002375544888251,0.44827506977142745
10.09,67.93,54.22,637.5978620320578,314.93180519973697,1025.414366883141,969.4366422208053,110.88459658849882,19.6842340653202,1368.3443741710882,246.42316432800075,0.0268372102533944,0.009889779544200731,1.5774956720423625,0.4890365949354717
11.61,90.33,57.89,470.00882053900017,198.5952742348234,813.4754778667995,889.2647910973833,107.03336988444212,18.151212385136915,1459.6981998011397,249.46863960277827,0.02591835358964124,0.010924181139741307,1.5225586777501456,0.4755668337211824
10.43,87.09,58.89,547.8965391719257,258.25206529023416,895.5003774574976,967.8390026779969,107.70727747023065,18.581817799016783,1368.5499072020316,230.20054129348023,0.027761105620077803,0.009340235820225608,1.546640385293509,0.49755147347103457
5.45,99.36,57.53,1519.7748466142825,903.1933871117523,1305.8190026019802,1215.42617560638,92.19773190093098,16.48113493016704,878.6190227179569,178.62905042871634,0.03520732826602313,0.006335533432184323,1.8587411349306373,0.33167248663153753
13.63,77.58,55.85,437.7954333474092,162.55125615430947,809.7160936035037,800.037643084552,110.16513225976082,18.712798717873575,1666.776761055557,302.2643502541313,0.023059149585158294,0.016608484163314122,1.5145526183175937,0.44073552564974466
13.75,76.9,48.92,447.7461902363233,161.1005511000016,855.2887238255482,676.3599368964045,116.33798549600358,19.84722204356798,1667.7404348873072,355.3693276577776,0.020706189760695486,0.01912695573879444,1.493041805288881,0.44361458403457626
5.93,92.49,56.07,1399.596954961718,766.088635453273,1334.63751083716,1173.8556872505692,92.97502869462332,16.028945823280605,939.4802656992348,186.87213536975366,0.0337913237964779,0.006423602783043564,1.8918367942310776,0.3576739913737596
10.0,56.79,46.29,704.650398015949,355.46892399406437,1139.485809300131,867.225371388341,116.6883116636382,21.155638919224774,1378.65799074596,285.1612857468608,0.024306461572717715,0.01130687588221639,1.5823250038341579,0.47580830912826666
7.78,56.77,44.26,1099.0171053888496,551.6185204800847,1423.5938505109445,955.4811004192009,104.04349930621183,19.139660775502886,1211.1567664357106,257.0631805821838,0.026505171236040195,0.008495810632511052,1.7985366477249465,0.41866135482085404
10.69,90.84,42.22,533.4746399343883,243.51177313520537,958.5192702294635,674.7069375900746,118.87245004165464,20.665443105407654,1375.3755291310276,316.001479509552,0.021861809513222013,0.012826162147168346,1.4799228859655569,0.4975299421781701
5.83,81.93,43.02,1388.4615557182706,878.2916788697107,1386.5267023451693,997.7630099686306,96.78042338858648,19.290683230194873,949.6037511428488,221.62177276968015,0.029342001716869324,0.006563900552919839,1.7507066388471173,0.32363737298784034
5.78,74.61,47.45,654.6266808431383,2484.236596668965,1776.8709763880734,1098.5460128561963,846.4454321189369,44.215155154085714,967.7814652708444,210.9059334139676,0.030922889428182762,0.006032864812656658,2.7059800372538367,0.4815929172579918
9.86,98.03,50.04,579.8482225768207,283.2658515749371,944.8861726504039,835.9288754105668,109.00884633974385,19.029116420528485,1297.0726400899312,249.844430283176,0.02571756190046435,0.00954230600220945,1.5447278943832223,0.5001922950515221
7.89,98.39,49.07,876.4306551500379,432.88349068911305,1179.6718605717251,927.1567536001862,98.02579130162901,17.23329982975548,1113.0139315068798,223.12528204764774,0.028276365129826377,0.007487624547741611,1.761786055098915,0.477556422492858
12.56,88.34,58.35,431.0252013242063,168.6764867302086,758.7285897673063,854.1943220970261,104.71039202058277,17.493930259479736,1766.733168290437,266.92457249127847,0.02494515261855742,0.015549274975499492,1.5275870776936795,0.44916454937390204
6.15,59.44,57.79,654.1416456639178,2210.401346541213,1732.7595374010814,1313.8840363702784,750.7077086358842,43.94872001801904,1073.3684460453483,199.2774271037329,0.03331321674782081,0.006211970668413378,2.3149461166314977,0.5248505192876778
9.83,64.22,42.15,684.6372166424085,350.08178065846676,1128.1756272171947,769.89761915372,118.81840426183805,21.523899402299573,1340.5489914907082,303.24839696889893,0.022983941746947647,0.011617760438757476,1.5509645355990218,0.485647056866176
14.82,82.06,53.6,426.46597571583004,145.37002030271898,812.9871672190204,701.531191455397,113.17812539183373,19.192531113552555,1790.4313863797063,348.5769763993175,0.02113629497133446,0.02136900104569696,1.507908773286684,0.4236082248634829
8.56,54.21,51.07,633.1787794723973,469.078509386089,1351.7476357922576,1057.160691166433,200.0876651544291,31.07029508617525,1288.2157006684356,243.09404666023644,0.0278320171316224,0.008252635886776044,1.3676977820888427,0.5308125784954916
7.43,66.98,59.16,635.1510662678191,732.5010901622463,1313.8346148417404,1211.6755710617444,210.9844907702159,32.63635665979598,1154.0075466024396,203.42005112463224,0.03202257279766602,0.006855161503029309,1.333949353346685,0.5268934412677813
11.14,57.46,50.42,580.4441792115596,272.02143400337815,1017.1290793218388,886.5014900677415,120.3718857931793,21.18102551810759,1462.1658720114112,285.0490982771585,0.024287887728078925,0.012366511806878937,1.5131018338523732,0.48808435761226293
5.49,77.93,56.48,680.0065095717292,3455.743315588839,1823.977327511395,1261.3729374634113,1157.197425361726,44.23355393402968,932.2460343175021,187.13965727321346,0.03444577628737223,0.005911986746697482,3.647668252198458,0.49340377689086123
7.91,62.63,57.02,640.5029359286577,586.314507264011,1281.202268551949,1164.9893492335518,193.299046724892,30.60717107043926,1209.7784068669132,214.5508564248052,0.030650217451175413,0.007230440821791595,1.3153119132445514,0.5302891912266634
14.93,76.25,42.31,453.41639603897767,44.61395183929291,1118.4935549665595,494.5715797629202,106.89595070427771,25.278946132530944,1792.6838421065886,503.28498042806854,0.01727456135254079,0.02565459160514502,1.4185594501399674,0.2502889798825927
13.25,64.51,58.1,466.2644308677281,181.71758847508647,853.8813509184596,900.7152804084367,113.15118850498762,19.33401301276872,1633.755833898219,285.88352765853404,0.024201213622284296,0.014871666933237843,1.5163583800521216,0.4505002170825985
11.97,90.66,55.69,454.53325378035163,185.44540051571127,802.2762934496535,838.3054557606524,107.01264027942698,18.12514601722576,1491.459789475401,264.58214144368156,0.024828867837199335,0.012141713123290777,1.5178800367059415,0.467264593024769
12.2,51.5,55.08,532.403166625266,228.42083264611463,962.3237822389538,956.2631290209239,120.46330728871091,20.89068747844603,1548.5192540616745,285.6841038521724,0.024553724379652562,0.013445498047720434,1.5095140993825913,0.4727419236532416
9.61,81.61,43.22,646.1350835174369,328.2493035394986,1059.002947199774,763.545284383283,114.0912500746662,20.441364567177907,1293.6418699521105,284.14842860578307,0.0236674837888891,0.010624147065322538,1.548140533983573,0.4942477149150521
12.78,95.89,59.97,416.5207952856595,160.59528776110875,734.2339531841762,856.4946233467713,102.69377644079641,17.156496215284243,1565.7026589228838,260.25986634559075,0.025139374030813177,0.012834245156185217,1.527648589557269,0.44565180282221484
9.26,52.98,42.53,593.0826499151003,342.7523325588936,1458.8534289858155,845.6678115397077,189.679749475482,32.87425702550708,1334.3430531639394,295.4202624846879,0.0238813607711363,0.014351097937320997,1.4791406221781453,0.5167445156460941
11.71,98.53,44.86,468.5674532621431,190.34181397266528,861.7208107943061,661.1095600417837,113.51913353800332,19.419107514930012,1453.2445881805065,321.0128144209683,0.021510609808028873,0.013964992705798103,1.4866200803687208,0.47783098469496044
13.0,92.57,40.62,447.80657544343927,158.4203655603783,882.5543875080036,530.5795946301788,121.22872038325802,20.68430456710179,1572.4707745199426,419.30197178112894,0.01850372619183493,0.018925637791940276,1.4596417921188485,0.456822456448012
12.04,96.17,53.47,446.7309001014755,179.4862793172698,795.1084243095933,789.4444727563624,106.78111331645,18.073355356700343,1492.6029790185678,275.0928826014387,0.02403200970883444,0.012703219525136844,1.5140336738252174,0.4652743608385781
5.46,64.01,57.25,730.6234635154985,3798.803146038237,1952.1761507814574,1333.0851383550662,1397.257639244533,45.19223278498289,989.1618737189258,192.70081611206325,0.03434155176379326,0.006020199048278496,3.852398384889898,0.512818839042308
14.53,98.02,43.13,427.110544749477,134.9009351395143,858.9652643890414,502.9060811507161,121.28208579642872,20.60260080985789,1739.6410815007555,457.2199454328718,0.017869783675116366,0.023659582264481636,1.4662787030860156,0.4325260617474625
10.38,92.13,57.4,542.5686443469393,255.14623100423995,888.2341145850759,934.2323720002041,107.36703084259925,18.501146361374726,1359.7118597266415,233.1890952140138,0.027379353196738808,0.009512585404211333,1.5435809008894765,0.49937578366895174
12.95,67.8,58.0,461.29609060772265,181.70299278602926,837.5632782164558,899.7824297057622,111.21351907297614,18.9484359583138,1599.0503917698575,278.94793413749625,0.02448027309966979,0.014027243657166674,1.5178037825185973,0.4532855136456084
7.76,85.24,48.68,948.5464827550762,465.6589035115295,1259.0921656041135,954.4364043347125,98.41438993152077,17.42742426342271,1123.7756256079597,226.32634284095386,0.028306785687010293,0.00758729585775152,1.7902546017987628,0.4649080709721921
5.32,90.09,42.41,1358.7777417508146,1126.795866645737,1492.4389013929012,1014.5138129707992,99.58102396157255,23.542270958947512,875.9775506909724,213.52777583441664,0.03016303817271229,0.006204226110056491,1.5487466552739322,0.3104686329796628
5.3,71.05,59.15,732.245771755679,4302.631146746611,1949.15218444801,1346.5638771541062,1529.119534252816,44.85562987707171,941.1739284218422,184.37692800763995,0.03538013195196616,0.005881830336081305,4.354750502351389,0.5045160747641179
13.77,51.34,59.96,504.96864876380414,198.2348775373394,933.6237977049278,980.847880216383,121.33911121184805,20.91423458071792,1704.705373527769,294.23308551575604,0.02433049836137261,0.016237853700175327,1.5151211899937447,0.45001771787653416
5.11,55.67,46.62,852.9314075014423,4799.711786552844,2291.346016408876,1207.0043402848441,2059.432056991968,47.022867893813846,990.8669933724916,218.5902078769315,0.031056347402586344,0.005969688838559955,4.459846345162159,0.49885256301690417
7.71,88.51,57.09,939.977316467913,457.7592136521173,1210.4066612669599,1081.4275293664775,96.58556798752022,16.72014727735148,1118.6998443108325,202.5717830317825,0.0311084481243731,0.007077264773204628,1.8016283559451325,0.4714992540526869
5.16,79.73,57.62,732.1146941773278,4699.636290679101,1954.0083624125039,1299.532116926987,1643.8619204545116,44.70164205424142,896.6152333961138,182.2368024224133,0.035410099584870444,0.005882572880671821,4.8653336043715605,0.49125649269721827
9.14,62.81,49.41,800.2870711016999,397.5973763578416,1183.4281016008056,952.325180760581,106.81075713086544,19.30634738084644,1297.8810122045072,252.1247025365346,0.02651472682144238,0.009305044203468176,1.68526704802278,0.4591299370774664
12.23,64.67,52.65,492.44418464681934,203.07460307647082,896.9032581255966,848.1496821899397,115.70711782856887,19.88817083638095,1530.4471632222014,291.9317485572511,0.023654716145280846,0.013705498279198518,1.504954856346007,0.46944720433916276
7.03,52.54,43.27,642.1472706866732,1031.6276189544903,1704.7320507496245,1005.8934331650117,404.4850811863981,42.552296821518006,1169.2720823458462,253.7009171842481,0.027072947537951402,0.007318185443995649,1.5289347398291309,0.507884146268327
13.82,97.01,53.14,410.5756881734713,146.48891938841064,762.6065851967414,706.6330360156581,107.0023056442008,18.01274705578329,1672.5118783079781,319.1837717684217,0.021946188995526653,0.017735120133447992,1.5114367645139493,0.43226849548087
6.6,55.25,43.38,649.1628755559653,1372.1295351360443,1762.752688741321,1026.8146139199112,530.0370594943184,44.071935808973,1121.5517342631508,245.55636935880995,0.027764505017966203,0.006905626818008202,1.6233008180074644,0.5023269881689651
7.06,57.03,41.9,1243.0866563312995,679.4871396249446,1443.0968631855546,954.7675362519047,102.97615664312825,19.501350321768744,1148.1741589293952,256.75239782731944,0.02658935531863714,0.007830202772140325,1.7915501430409377,0.352995818198026
11.07,64.12,51.87,561.6719757853795,260.620264997265,977.8079572921387,891.4724618490472,116.98438900367422,20.473223457784417,1447.1091213078507,273.67339456202404,0.024830038522587965,0.011896311685040451,1.5168219677427748,0.489862458492606
7.61,67.21,44.07,1067.615447510048,532.8026127389878,1384.1294816811044,928.0025701509624,101.41072683344859,18.45067359795862,1156.6515382776736,248.84419032366455,0.026769205192785094,0.008074406394635036,1.8046474830842605,0.4383743595796861
8.02,94.21,42.68,866.5193912005459,434.356699477075,1208.0252514529527,822.8160958497648,101.05021470477325,18.16359764877066,1130.8079395204074,251.463152119534,0.025755059041692962,0.008241004030994422,1.7324994715044504,0.4723779453395782
8.63,66.36,54.11,866.2720272173464,421.7732285104466,1214.9523375600343,1051.6551630907668,102.23125047806488,18.257082657910374,1255.2738738429036,228.11424909340278,0.028770465148942933,0.008313084778732568,1.7446814880849468,0.4543698585784317
8.55,77.87,57.37,822.0019172069069,401.84707851729087,1139.0595172668975,1068.8463579810145,99.98676695056396,17.58911501219015,1220.9189049616436,214.36653740730455,0.029922125461903346,0.007879985600402558,1.7353641213306603,0.46910823893572445
10.13,99.93,56.48,549.671674163013,261.3788414602272,887.4119989302129,915.5901143485842,106.40675264044818,18.32794791589387,1326.971259593815,230.80009458036653,0.02740971625456949,0.00915140238046442,1.548788716116783,0.5036257864236738
9.96,68.8,48.11,649.3253284301425,324.7212526678145,1059.1786720075027,862.9646535959577,113.44922372986727,20.307146614929756,1353.191259804873,269.5033274633969,0.024977685925384817,0.01065727765513326,1.5641767457178821,0.49126746233626717
12.83,92.08,52.42,428.1133875789066,162.52442427217204,782.4687746698812,745.3681395353358,106.89989134685055,18.07562712569132,1566.8997347170298,298.939464794374,0.022775300819211447,0.014791751075702462,1.510808294891224,0.4500271915234041
13.87,52.99,58.67,498.9999177551229,193.43637854655978,927.4719978519805,940.5759216946042,121.16876076281076,20.872303971582337,1711.3564670231203,301.7797586051254,0.023822667487853312,0.016851902345450413,1.5128319545385078,0.4482098215964849
11.83,87.55,49.2,471.5788770754568,193.62505605063103,854.4378772699309,745.806011148248,111.75335513053551,19.117910088671557,1477.4660213669642,296.11632934536755,0.02291579336792785,0.013394279065239958,1.500158606346245,0.4748627620423797
14.01,84.82,44.38,442.12862728661395,149.789644415176,872.3043259385196,566.056877688728,121.0902905387767,20.585500252953047,1687.3495836512209,414.72590403574833,0.018851839470905334,0.021520009007398245,1.4718930336958678,0.44197351998715007
7.27,85.39,54.17,1049.1489809939503,517.5932478991152,1296.7314320191242,1070.3512266426274,96.19368374893772,16.762239758005517,1086.9049445730768,206.08138956906348,0.030878096964922195,0.007110293306866194,1.8339392222279596,0.46461425003929296
11.93,55.72,59.85,529.7724744980417,231.8120408014157,934.7856387724837,1038.3383638532696,116.44728925899416,20.14917337464244,1527.5548806044924,258.9877313574938,0.02629741706456319,0.011786777234637,1.5218806774753422,0.4744051138642778
12.4,95.14,48.46,440.0882672960332,169.30418418605848,810.6712721913138,694.6233267208878,109.51669378188112,18.593128852226734,1520.0393714002894,313.5903843429338,0.021961802219794626,0.014801019660561571,1.500266516930885,0.45919757761177127
14.72,64.98,52.94,465.7325154938616,163.55829657363134,894.3060032375172,739.353508436252,120.89257806811413,20.72503112141843,1788.5291895171968,356.65552672761993,0.021106600500069697,0.02156762959472937,1.5015242460354281,0.4340013232692521
6.56,56.14,44.38,647.2502131073217,1425.674699472179,1746.9194410698613,1046.128897488626,538.624637677377,43.87771206976626,1115.339914875173,240.56680701979883,0.02821779442597985,0.006815764665223361,1.6682835722334939,0.503395991702754
14.18,81.29,58.17,424.89446298755064,153.288255729836,785.235036780642,805.6859802316186,109.00214427567417,18.404453526865744,1725.9113295175869,301.05818386528347,0.02318623362186315,0.017641976600140188,1.5200462562753603,0.4297191653766874
11.41,96.15,51.59,477.33378148710347,202.7903941849148,840.0394160553607,788.5419802148994,109.13980580636473,18.62597378971262,1437.5951599388875,271.8815959707228,0.024205621410315317,0.011920034026866635,1.510068483986352,0.48205798487670926
9.14,90.71,59.82,679.0563803462493,337.81908104375134,990.1021075583171,1036.8147498509531,101.86341114788394,17.755886244738964,1248.6990957499095,211.19637409014027,0.02979981258750791,0.007884907098876293,1.6451111258146853,0.4926674246942871
11.36,53.05,52.76,581.5809378426775,270.0105006797217,1020.4194889610412,941.9592582697721,120.82525227791716,21.263980021054014,1491.3526675368064,280.1939055657791,0.02480857145871754,0.012377109884802043,1.5176294306701148,0.4843156039033499
10.88,90.62,48.88,515.8990306668948,231.9814429378525,901.5502480528015,779.3160434376616,112.29712460552544,19.39655480535098,1397.6692729965116,276.50889008731946,0.02398588434023313,0.01159795812161317,1.5066512417453375,0.4955269126210413
13.94,56.15,48.26,498.85940030604337,98.73815285319873,1039.3119847048742,711.4295813373253,118.45271172678225,22.650780998747436,1706.7079262315285,377.7802740974306,0.020409342270241927,0.020526065395431465,1.4828589738550613,0.46414688974245444
10.78,59.23,42.44,531.6508551269889,191.18930804481343,1203.5377752709849,737.5758608571396,139.33082971319698,27.191121747524768,1426.5352462719372,329.0212702189477,0.021924091576899164,0.015168876448293908,1.3552160583021227,0.518335638199276
8.58,74.95,44.2,834.8425272581351,417.9269958248184,1206.684853684065,851.7346155463994,104.57858313088727,18.958510240580196,1220.774698795942,260.9151377026037,0.02546586764125192,0.009158895712905065,1.7038022872429446,0.46311195738813854
14.39,58.85,50.81,492.0340086513952,94.70296739176271,1014.0128584236483,734.5954445972014,128.28528558066827,21.690787438452634,1752.4037911152893,366.8339067966952,0.020781296164179064,0.020957554934042114,1.507987967109293,0.4455221657557089
14.88,71.43,48.5,474.8517258498726,88.36676134688251,957.8498055336337,629.9329590964912,116.91714889250508,20.50732722357554,1800.936894359918,405.4290319729455,0.019489557429505134,0.02391104797653946,1.5449362469779129,0.4208008849245804
7.85,54.17,47.71,635.2174962689012,642.2281810643876,1470.7984613243425,1034.8623515157724,247.6401642377639,35.686677669450745,1230.851947868283,245.70293532609514,0.02762787187073362,0.007788403211303166,1.4156248744579993,0.5200570853846362
12.31,86.44,53.47,448.42463247949433,177.7192386868232,808.1387733347506,797.4635806205504,108.35504877254827,18.373373540827686,1519.6317879651908,282.4265200533454,0.023729093339218365,0.013281536201134588,1.512394613204189,0.4606500156393506
14.44,67.48,53.81,458.1487980607611,163.65582283216096,871.0881963473713,760.1644591072337,117.88338464176934,20.162687652891677,1756.0542556412147,340.091338129909,0.02164724859558451,0.020138708000723392,1.5054357739810253,0.4352946132280204
8.77,57.54,45.76,902.1917753410268,443.7747559320853,1295.2598144391523,922.6428112310923,107.08796049831084,19.55905323295586,1285.3566463741452,265.1284995669424,0.025732837610836008,0.009546081676269106,1.7305871165749567,0.4394778558549605
5.19,88.69,50.32,1415.2556432784897,1184.572730887696,1487.2384618498704,1155.3151172755106,97.69203856028291,23.072578312615835,872.2991271341734,192.63145607725116,0.03325925533690087,0.006299491715682576,1.562548244196393,0.30431075803959245
14.45,60.01,53.18,490.93785805213525,97.62575514106672,996.2035891095326,774.0189988324892,142.44412316499867,20.671600913605563,1762.995538766268,348.58880355554146,0.021488876026835396,0.02096700251850328,1.5357717251709064,0.432051684519246
8.12,88.23,49.39,864.2711523419953,426.3404318101359,1185.110706116954,937.6573798389471,99.28180108265593,17.584928804051366,1154.4930503740065,228.27045496317027,0.028014596851793794,0.007892059023926245,1.7507154201823967,0.47188346816216226
12.34,78.09,49.03,464.71404525662854,183.6561209340033,858.5593815430695,738.6791112364666,113.37415819150208,19.392374526728393,1526.0316305765832,312.1907536677717,0.02227270683632555,0.014707394214567255,1.4978299388420497,0.46499573511467784
14.99,68.45,43.12,468.8655429956885,50.23035387074777,1125.6440639495681,522.1092431357084,107.77732903658921,25.493300671313637,1802.4880829754452,493.72258722902757,0.017525930661398764,0.025845836403715135,1.4258162558494503,0.2699127153685903
5.14,90.75,49.22,1392.4781924156478,1223.9130950750177,1516.0166337953387,1137.8141446553768,98.72144833930062,23.93466027439834,861.3107560739982,193.7499162495371,0.0330073517768742,0.0062390489429476285,1.52505095501024,0.3063635028774485
12.37,95.54,56.97,430.95558463528204,169.44472238053083,762.1690847507871,830.3291862350472,104.62431589374117,17.572108320370514,1522.777005730247,265.2194768802284,0.024721918793943656,0.012577478384302999,1.5220772022966573,0.4548631817973668
10.92,70.02,44.94,558.5427338728131,258.92710793118954,997.6476050585809,750.9549534103602,120.94248206265823,21.18099448310655,1421.6264784829486,308.65441318586164,0.022612526119271448,0.013111800906278214,1.490097354279811,0.4962473625019502
8.16,67.44,47.87,951.7730954954026,465.7622206033564,1301.1626687045853,963.5810835040861,101.89194047143232,18.359761461605665,1207.325084984775,241.89431155368186,0.02736569908627757,0.008393830013143293,1.7752138905602428,0.4470873409423753
13.61,87.77,55.86,421.34751810634094,154.90865044459017,773.5803825113468,776.5363252922696,107.24941060903694,18.084292878832674,1656.6412154922082,298.76701899792647,0.023044796120075414,0.01633735824740496,1.5169460311580185,0.4367477682749441
7.69,59.89,52.08,635.2472341932727,669.790284617065,1374.712585085676,1102.933471562063,225.04177964931586,33.72990782791918,1194.928993340091,225.95443521110897,0.029383940416532396,0.007249639653127512,1.3614786757811792,0.5209106399271567
8.67,54.28,58.6,642.7433679478379,460.4779545877457,1263.225818469196,1196.1438025271989,185.16641079118415,28.752513833456643,1303.4339345517367,222.74200931975795,0.030049671887278955,0.007834465501111587,1.3076734637153862,0.5474285449062625
6.96,62.8,42.67,1232.997201265168,663.1948225691235,1427.1023030783092,957.6872427416788,101.04836685385918,18.843060259896255,1114.9068315514603,247.71445998782767,0.027132463478152468,0.007570562246153792,1.8089018926175395,0.36319935673039794
6.69,92.36,43.96,1171.1165623145203,602.3777509315571,1372.1303893435968,931.3581828029655,96.38425381895249,17.200299499242778,1008.1533633538106,225.70815627692969,0.028365908680257023,0.006977626202541246,1.8438409930533137,0.41378894144470935
7.89,85.24,45.24,924.0658084746426,456.6854985438486,1255.109495246163,889.1592093508705,99.84630896621171,17.863556463244834,1135.4400337185104,240.83746809340442,0.026894135566428886,0.008028787458728023,1.769713993194101,0.46383484382312407
12.6,77.99,47.06,460.6148390641872,176.95171773698848,855.7350794324598,686.4132171502804,113.90772495420228,19.447819436774108,1763.8389303390782,339.5388452677984,0.02127685828592737,0.019726629136802263,1.4988048074810436,0.45689243536890906
6.71,85.77,43.65,1188.9722730550511,616.9565147965956,1383.7345583493943,936.6542049005108,96.97607272194855,17.43804343666005,1023.7081941662835,229.3163653829815,0.02816310346684922,0.007072780928052574,1.8402168143773618,0.4021830864823434
6.37,91.83,46.91,1260.243929065966,665.5046938449866,1371.7832433526548,1002.5412478873616,95.10657687886858,16.850380012258334,979.61675650462,212.31639174489231,0.029984614636684823,0.006698544932583837,1.861415711276645,0.38795371056422623
7.64,63.91,42.54,1080.2895782090143,542.5545892516166,1400.7575216273535,906.2934895134241,102.6200544189481,18.82164727601601,1169.4405033876167,258.1580025683888,0.02611193947985103,0.008323729012930577,1.7983961021783745,0.42834096506987696
14.91,59.72,56.16,477.89130158549256,170.05441837780745,910.5697278255286,812.4035250410697,122.14379089702625,20.977690445759215,1818.313428790639,340.0366724470745,0.021976545419402815,0.021293686697242797,1.509260826518347,0.43269893940329707
9.45,58.44,42.59,574.6863629912865,304.5100449991119,1379.0330599974425,816.2621546095534,175.3420461867175,30.87430789609471,1331.5247888441127,295.56668694573267,0.023659405645310022,0.014186265389040857,1.4530849606907719,0.511644551831806
10.74,98.43,52.46,510.49691265102774,230.79749432943922,869.3714666393664,829.2793166534302,108.8970922051933,18.69326577229379,1379.2289787009213,255.09735545755277,0.025344824821559336,0.010608192858353441,1.5200510427135667,0.49586990030510397
14.41,68.21,57.62,452.01136012165847,163.6434997750353,846.966308112771,827.3603620794171,114.87722563161711,19.591128258105602,1759.4057491538376,313.92041399776946,0.02285551050532326,0.018827358456865794,1.5155457058563253,0.4331662474061979
8.09,63.89,43.88,988.7400241085214,487.7109116739117,1348.4957884390321,904.3234839343432,103.57920367542691,18.89230175986344,1208.6541062255005,259.1722896561978,0.02600429861468287,0.00878178128804361,1.7750558958430263,0.4375690706374283
5.08,90.08,47.06,1293.3406670049828,1379.820402343979,1626.8658683512563,1110.6982799371733,104.94173667368777,27.30351763726351,854.9194380354995,198.2170703197159,0.03235337600292264,0.0061729010709494995,1.4338580033551171,0.3150490140867378
13.23,89.97,44.68,438.43892215732427,157.11433930292378,845.2802939828872,599.1923762726318,115.94506775101023,19.715839278384383,1603.0036436974738,376.3050308134122,0.01974130411802695,0.018536269303778306,1.479478369588379,0.45046120301918907
12.07,58.47,52.92,516.8001458753046,220.04416491875338,936.4818035141591,885.6085312664596,118.57012201453338,20.489520878992884,1522.221428996527,289.69370212619543,0.023955290176364198,0.013353951407274257,1.5043014782479756,0.47435119685317734
9.68,99.26,58.73,591.9603418106707,289.6178447837409,914.1789200669447,971.5087247539724,104.3707475620396,18.049337937526566,1290.3095327915482,218.8826816917977,0.02871949680926691,0.008560117912948495,1.580958492115999,0.5040914414268407
8.11,78.62,49.91,904.5310387513288,443.2556953278585,1233.4252992856361,969.5556539930387,99.81581099304695,17.757289396029346,1173.4935042711218,229.3951931073651,0.028171028956691803,0.00790722512644429,1.7677068957021929,0.46226405937684595
5.63,72.22,47.56,679.1754356475723,2910.872122702292,1851.7058868301785,1120.1671362296654,1047.4613754701113,44.933137170316314,959.4922921738356,209.83546309168477,0.031172142338770643,0.005935019015738881,3.1539672599375925,0.4823258178129328
8.65,89.1,53.67,762.5975570712055,379.62944511771695,1082.6884763575188,973.7308391687473,100.69878632481482,17.743670587024386,1203.0506824600843,221.7393773590774,0.02862738577790173,0.007957005149381214,1.6940690412253216,0.4830866765391175
9.72,86.11,45.34,620.9722391255726,311.2202400295378,1019.8480129956737,786.9248460813409,112.53672935582544,19.987067351213824,1298.2550173747143,272.7253369637869,0.024293088047936142,0.010335439566294334,1.544795085767092,0.4964881918719471
7.38,71.22,42.79,1095.8981203773924,552.7078379891949,1390.0881186117824,908.1988448505554,100.57164239709732,18.31192495039013,1122.9258979769188,248.85385493275624,0.026662455810966112,0.00790720304797824,1.8109998376773908,0.42683292361046105
10.79,98.53,53.21,506.48229750530305,227.88717484061846,861.9350184767663,837.8700004351233,108.41686042183586,18.58881413664362,1384.9255738159497,252.9684724310813,0.025518048790597502,0.010587693294296286,1.5211257580061899,0.4946280969167992
11.96,89.73,56.3,455.7582481059682,186.47284897870813,802.3560178922448,850.7428437004146,106.98495494954938,18.113614505013416,1491.8329236815814,262.14747884357354,0.025043038422597922,0.012118391030432015,1.519106534296055,0.4673579844988394
13.22,78.4,56.56,439.1023493180689,167.13847541372735,801.5907489852269,828.2329946943036,108.80408673149945,18.438992475800735,1618.730656557013,288.2634314781642,0.02369971541978067,0.01499644133620592,1.5170300258993934,0.4458636361008773
14.97,66.19,40.58,479.12275827300994,33.44060688265298,1219.6271304768145,469.0190186622386,100.74736974164013,28.02906048229588,1798.7698195401379,549.6583415126856,0.01664419544523172,0.02610056117336999,1.3912749400882065,0.17389709278077597
12.73,50.27,58.5,513.4921544717165,213.46144125769484,932.2206502019543,1006.7595315205457,118.58545396891515,20.477247568707494,1595.1394545208184,280.60076107524895,0.024988832988509877,0.013644413664126935,1.515166179664895,0.4635771621058737
13.9,61.13,50.25,480.00967339445253,98.92098572677698,1000.2879383283174,737.9533878916637,128.7026179535762,21.546951210540428,1695.7044160120056,354.36332704559817,0.021075669793959046,0.019277849667046727,1.4887179925928524,0.4582987714317023
8.5,96.64,59.9,762.3861635813707,376.33348560082106,1043.1379752539726,1056.616077474788,98.3473071131707,16.999706540432687,1181.4222586461328,202.86842123840162,0.03076226884490385,0.007403630973577297,1.711988635937979,0.4858548412575938
12.77,76.58,41.26,454.48347724453464,122.52123694121707,1007.0686939138518,574.8248791495715,115.50342730262936,22.872271310922173,1559.255422204796,405.0355513622964,0.019066587506775205,0.01865561169104432,1.4142446339413748,0.5006712064730124
10.71,92.15,58.58,518.2381535273264,236.9954982480081,860.4396170488037,936.6759998739321,107.28534075018425,18.363481355432665,1386.7431790757173,233.8819550079231,0.02729767249000671,0.009748220842398323,1.5356746687490428,0.4942154842170801
11.16,69.04,41.57,516.9295327022239,166.04228194855455,1087.6204204389626,674.6513129605656,124.25765427191324,24.28634271207196,1440.3526053138344,344.17668369451735,0.021103276783804185,0.014688780559465429,1.3808818703950376,0.5134224422193474
10.32,58.03,49.83,657.0883688192818,326.32713797849505,1082.7075029551527,915.5005809987122,116.37608432251824,20.862433982555288,1402.5516003093474,272.3821215831556,0.025129785111675847,0.011141362539391991,1.562967184742499,0.48261967842898545
9.65,63.98,45.14,712.4911410331691,361.4868394768228,1132.3175947131758,838.5396960798774,113.5729943591511,20.61321018368928,1335.4540321628947,281.0154567806522,0.02433841882509504,0.010804928185013354,1.5956217753244573,0.4779167341376633
11.69,87.54,49.39,477.930659005972,199.2350169945648,860.3801952948929,756.3426605815383,112.07655207289083,19.168548761643088,1459.6591049953004,291.103041305123,0.023131134194638386,0.012852560332585817,1.5007401487166374,0.47781476256026506
14.79,50.93,54.29,523.0106506994272,106.7104152760906,1073.1288069918437,820.8901766331961,155.4478851964989,22.091277083417346,1811.0158637677741,355.70677745450405,0.02157030779920367,0.021967111878025677,1.5300674048619405,0.4357389114921881
13.93,75.57,51.91,444.6077027446995,160.55288937222144,841.0672493680019,725.1179078845666,114.41986222711952,19.50410600071152,1692.6539414689435,336.49742601399475,0.021510658870569833,0.018776358152507187,1.502781991885051,0.43943180169614543
9.57,87.0,40.7,635.5823406343491,324.3375620033502,1059.7057346089214,711.7995358097646,116.62898141493798,20.863085357281044,1277.6434229507022,298.10577483868855,0.022749851439317632,0.01085515516722493,1.5260001893541248,0.48535465453402826
5.64,81.61,44.24,1407.65080804844,965.1450633043033,1405.8750490310115,1035.5814774998366,97.03798689960145,20.37583903362733,929.5163663192558,214.98019577554746,0.030141050586349853,0.006361147134499097,1.6958929432497067,0.31135819268347087
10.76,50.78,45.91,536.8533225120138,221.06822097642845,1341.9785490659892,841.6479213697868,168.09326597302393,29.468708291571318,1448.9914372315643,308.18514420611206,0.023237706698847387,0.01984197808611894,1.4708119293517783,0.5332705280087513
5.03,84.62,54.07,746.2822357321224,5120.448924673289,2000.4143394702435,1239.826721863553,1821.0885349363505,44.93158678093981,867.3709460570665,185.4214647798359,0.03467874766095805,0.005830763541386822,5.354933026216136,0.4787682799890009
10.69,63.33,57.71,593.839251467904,284.3993451140653,987.496279238365,1019.5698766519307,113.07860389360552,19.88679174437677,1427.0828122822506,245.07862935135395,0.027147352569721464,0.01027687868195567,1.5513993138397595,0.4886457598607395
9.64,76.18,40.77,659.1886258299702,338.01181557820325,1094.4121499132045,726.7630228834006,117.78738825217656,21.2313147671834,1301.8722012570638,303.4860527483667,0.0226934960148478,0.011285095584876398,1.5352186976572677,0.4932391518858726
5.16,99.38,54.1,1517.2796142584627,1069.8195600270049,1375.0190020403638,1190.1822578465678,93.6888492643864,19.5077931012064,848.3783864755148,182.08313448472774,0.03472323986594492,0.006354932697179196,1.713750107664334,0.3125938842779699
14.76,94.87,59.58,398.26510657137345,137.99250424152999,733.473990482959,772.1911752355466,105.55098229903025,17.625918536357563,1784.9922204857794,304.03164866698114,0.022977154810365403,0.01905898815032258,1.524917814658654,0.41535070407487623
8.19,66.6,56.37,637.4801529431674,491.5934786464249,1221.428341807651,1119.1947294728404,172.71010718206787,28.14951285653975,1215.0197594169513,216.86221227311054,0.030093120998120258,0.007353584826301384,1.2952933972891651,0.5250928652833496
8.05,60.02,49.05,630.5856697023951,546.8215918929476,1362.6524969718287,1022.0942259287195,207.8592611431889,32.29290995670491,1224.0240081147995,240.03654926396143,0.027882302022585945,0.007818917487381869,1.3706918767158585,0.5168885360586863
8.98,93.13,46.68,698.1758347288879,355.0053944762986,1059.5442785199907,836.3928771777777,105.74251996367066,18.878163344738407,1223.0135895225717,250.43073292332528,0.02580333940401903,0.00896633339139601,1.6203205740714752,0.48971062626639855
14.59,98.1,46.9,415.2382039613489,135.2224683367451,814.3840935269296,568.8791584290931,115.58552608984871,19.489574930103196,1750.3005002654727,404.2322226432409,0.019114869140136503,0.02269681056388273,1.4835942618862714,0.4276752047246047
12.46,51.09,58.4,516.7608567528528,216.19689598000386,925.7864374852235,1007.5786109806348,117.47316295708418,20.221817764310714,1778.2330477798432,277.67475975208475,0.025311113235177013,0.015797847076331945,1.5222536937910585,0.46291087293908995
13.02,64.24,42.79,473.18320988663356,130.69202423946376,1033.6797559845013,617.1952644729611,119.46505820333745,23.40426758955596,1596.923005182222,400.7493921139048,0.019399805995020343,0.01926326934386074,1.4191273704681626,0.49734377044029426
12.43,79.47,43.16,468.00569265515054,179.00739232894793,894.1116839684146,624.0124468454969,119.47881621805436,20.44672892350173,1530.5331832864329,365.5285047678563,0.020094076234880104,0.01672106736537223,1.473647127653292,0.466314047167024
14.5,86.67,57.31,414.86975208451344,145.7748420856696,771.3041252354152,765.7180349368075,108.44220115473037,18.25726377627047,1757.3321000550104,312.4294900365724,0.022588378180811435,0.0189332466103316,1.5191051440793104,0.4233643325313246
11.57,93.33,45.54,479.8487392881105,199.41085294914848,876.0265291786362,686.5500596480011,114.13286352287936,19.565193739977452,1444.8903631848,312.88916310141,0.02194161060666845,0.01358101719488846,1.4884703009768965,0.4816685652472432
7.1,89.68,56.28,1073.1850344281488,531.505521884851,1291.5591862538624,1103.262744788472,95.34816156858686,16.43685549534085,1059.8124023831392,198.0612355660284,0.03183926584131215,0.006854845825897394,1.8458044549226402,0.45819880135907515
12.77,64.85,46.8,467.74665849672317,106.74958305475963,988.225893897568,710.281663155577,116.34501801986048,21.925905159605996,1570.1738429678553,346.4198672149984,0.021073616421721588,0.01651174410233567,1.442748322861767,0.4928056887353639
11.73,88.21,59.81,465.78154674230746,195.49666262178235,804.8375788530316,918.3213892360956,106.50658897530327,18.030518000709275,1476.7190613241905,245.43038351438193,0.0263735546938302,0.01104950988397011,1.5254072606621751,0.47218434175492696
13.54,79.42,47.08,446.87815131480187,160.93473224186195,858.1508375131015,646.3696849490927,116.77251399747317,19.92249191756915,1643.0871106900888,365.08472899105107,0.020286927200050795,0.018985978644199188,1.486483970820607,0.4472187723032107
5.71,66.29,59.14,681.3227599148975,3080.735072197177,1818.1077423154945,1335.3541714199816,1056.8433480787714,44.424708347196365,999.8183136253253,189.68579667525557,0.034587064151966655,0.006024874306652055,3.1839137377273676,0.5142890711767437
9.43,93.49,48.96,635.674853327802,319.40935150675506,1000.8370954214963,848.7542951386442,107.67602578290929,19.03614324468189,1264.5142097392118,248.14742133446939,0.025956045137822466,0.009205181670527009,1.5784160084188874,0.49734193005803656
14.98,67.66,40.29,477.31989451979206,30.543845850798068,1225.3677585871185,459.57767704053333,100.06626002236096,28.163000377446664,1796.6624762404842,556.6778860970355,0.01653567460241394,0.026107828504131382,1.3890819421983411,0.1601493860371206
12.65,70.81,54.89,462.81651261872594,182.9472412157759,835.5485226859284,842.9278448625877,110.96205036431982,18.84515366264149,1783.5756384585093,289.7756513731143,0.023852625398865002,0.017078903995452137,1.5181955153629638,0.45456471539615484
5.25,58.67,50.41,800.1690364078136,4399.009628599726,2145.473075512524,1253.8068484712935,1795.4192083478324,46.30740882866925,988.1954527416639,207.77749199589667,0.03229206860750569,0.005904506450718024,4.28227870803326,0.5032710369974754
11.28,98.9,51.41,480.58242052709585,205.9496369103633,841.6219085285509,786.522231798763,108.89782086718442,18.59558081869127,1425.9117268025145,269.7392669542198,0.024301179001066674,0.011674547769756278,1.5108552818772278,0.48499216513217813
9.39,87.32,40.65,656.7769982264302,337.7029068061445,1074.9765706025623,720.0003129527132,114.91482795462046,20.66420403605138,1263.111282476897,294.14723247003406,0.022976708397831936,0.010593281868927811,1.5439680809880054,0.48410773428498943
13.93,81.22,54.65,430.8285062226418,155.92974549539738,803.665527581078,758.2836532665768,110.45812038477969,18.730856870185782,1693.9766730701,315.7821349597491,0.02236062904358942,0.017836153082732637,1.5120858874904202,0.43549923684497965
7.2,68.6,56.02,628.4183122590616,826.4014888892495,1362.7136336820358,1166.457588193157,233.19720121704856,34.475466458454946,1122.9534175547553,206.85536897274525,0.03142757630610338,0.006702912143079131,1.3620716886104902,0.5161932386189148
8.53,81.06,42.76,817.5078097632957,413.1254523276167,1188.4027509072916,816.6675576103421,104.86096587862329,19.00819989152624,1199.1553366089174,264.57186994980617,0.025014535059845223,0.009097339233593151,1.68937099281053,0.46890731593195256
12.52,99.37,41.31,445.6302118523453,163.32208943948476,852.8952554783236,554.0464700314012,116.40009539410975,19.80305705063945,1735.292509651779,393.7905314729991,0.0192134367942815,0.021488347117560987,1.4750871967382857,0.45768241998546144
5.53,94.52,51.48,1483.8958899707638,903.5888603704285,1338.8099033186977,1131.9253220155626,93.3058996417474,17.413420557389664,892.0712319542712,191.35148239796655,0.03308550494759747,0.006290004913434427,1.822222835872174,0.3274475538095666
5.82,68.49,43.17,1349.3287889986452,1014.5210516174476,1463.1419885563257,1035.3460361064047,101.0054130656833,22.69879171965426,988.0413015158886,227.02214667736453,0.029163028929890346,0.00651817339449341,1.6068804111515143,0.30039071240131976
8.02,98.84,58.77,843.5178992801544,412.3354513054335,1109.0977788746939,1061.6290258735592,96.6062901033657,16.60966903917721,1133.7158065016154,200.0147068927001,0.031170794718091577,0.007240580337691322,1.7622463030629831,0.48134938181613895
5.86,99.95,48.48,1386.0852568948362,770.6985126241631,1352.08064783615,1049.8833012024302,93.60739720145843,16.609719530221067,912.9227536059974,199.8515804803826,0.03152117366436144,0.006362471816438837,1.8673020421973892,0.35950973125485836
8.74,96.72,56.93,723.3419641757762,360.47909264769584,1025.5395314742495,1000.4594240810148,100.20803086888073,17.47658119118097,1201.8041850340821,212.318458027636,0.02951655635353325,0.007725898922187474,1.676334692928195,0.49130270171444773
10.48,81.66,51.98,559.0996072282743,264.96066338359475,942.745222817284,869.5365039974866,111.78680328124086,19.490489136327643,1374.4790615904499,256.5461069313267,0.025561501893050044,0.0104601634050471,1.5292076598199906,0.49894357456035654
5.05,67.49,45.94,804.5368076328446,4825.410767423775,2174.7699308359406,1152.6376649674771,1930.5429436746253,46.28062565064862,926.9057312855919,211.89123568279953,0.03141943567016784,0.005916769653795971,4.770625375336674,0.48168716265007505
9.13,52.49,53.73,621.9711693340438,386.3177590738442,1306.0503264145023,1084.9373566769066,187.3667855118004,28.989805415749885,1343.9190867162922,243.07217728696278,0.027958175815819216,0.008786957843344378,1.360723416913898,0.5425544855300332
14.35,95.64,51.06,411.58983262917997,140.68067376503353,782.968944810615,652.527075568537,110.03325362470322,18.58758253547627,1731.8930656032746,352.14412933589267,0.020742044042124968,0.020417564299593297,1.5030615706947619,0.4270315695033199
6.2,70.41,55.9,625.0821257059699,1860.2864260035255,1623.5027177523132,1225.3428566547268,558.3321720850894,42.094072763955666,1026.9116519084341,197.37843055934485,0.032944713579355446,0.006212607056371434,1.9469704868753375,0.5070572564109443
7.65,99.32,51.53,921.0545412089132,451.63584591848104,1203.1260598270692,976.5245865635038,96.65524023129382,16.844042912350343,1092.249307736196,212.83698664276818,0.02948104033791248,0.007220085511070702,1.7898616611060791,0.47853071988271084
9.99,69.22,56.77,643.1886158196816,317.67271584846486,1017.5673966343694,1013.5318300057979,109.0034874133082,19.31088709516661,1360.5716652370936,236.1400896047573,0.027742352647379093,0.009312537514307792,1.5910955207427075,0.48777160674266656
14.51,61.44,56.14,470.53553244835564,171.48188874376055,894.1085172697617,822.0753910035356,120.48306069284745,20.626702550121102,1778.5876590872167,326.7553406910278,0.022329350178745076,0.01975448176342826,1.5037831952408178,0.4386450431214969
10.52,64.15,41.23,539.7256069944714,195.7827268628423,1183.4242262643509,713.3287189245233,135.1326922954806,26.68388223796547,1396.688528452563,329.4387836699571,0.021772184628841874,0.013517472164811632,1.3347761181022428,0.5104390987561965
13.94,85.4,48.56,432.57916112389654,151.49945809383013,829.8997276878587,644.5431957417509,114.41253646187964,19.44793357815147,1686.4081509754542,363.246358333687,0.020361373191440203,0.019859633990075475,1.4927617365707904,0.43840466651091076
14.99,97.34,50.91,406.28502221046557,132.67470491509994,783.5853910332853,621.841879149379,111.93259430878273,18.81401799235993,1798.4205862309327,375.1247556793105,0.020062035560983304,0.022836423259094248,1.4993091020680782,0.418302164228934
12.37,66.73,50.81,483.3103051642831,195.00347926443987,889.8546118028015,800.4433064814243,115.91882202877949,19.896490196274218,1536.615265393079,304.8140749171553,0.022873057713780866,0.014408469417763588,1.5002780636014506,0.46652476332264076
9.16,87.24,48.74,688.8577872818261,348.37441517117685,1051.054311404113,871.4614885337983,106.01506152222674,18.89548415326069,1250.2025562230804,246.39284165069455,0.0262727407370339,0.009063627464909076,1.6175691979918148,0.49375201244053646
10.95,57.2,44.48,518.9850989309215,191.61871750711927,1229.0796358279565,777.2167003147031,149.8167619096326,27.480172873397546,1443.545272498274,318.4394454903729,0.02246538343094309,0.017951079570706564,1.3986297534192593,0.5242733808326171
9.47,66.43,53.1,726.8913325196042,362.42632911228156,1102.681919659155,987.8774212657137,107.26603641829072,19.22585436034665,1319.639162294086,241.9036967202521,0.027297370111138215,0.009222756757420337,1.6446204429450142,0.47451638860250717
14.57,74.23,58.98,436.23450176548596,155.78285380413126,812.9470093199039,824.5350192652223,112.1439249064509,19.003054625526726,1772.7619114591646,307.6544598129407,0.023076110527451083,0.018803066576725754,1.519850355535689,0.42703906458829455
11.85,94.31,40.93,474.4248597863488,188.0041482524621,901.0829723798521,589.6693237929076,119.67456826078552,20.511824947478235,1465.121957359298,365.23607433537654,0.019919280466791405,0.01563868074555918,1.4649377554301741,0.47794607719203147
8.53,72.02,40.16,859.3551258752248,434.70232133278165,1248.8484133733489,786.4157591114965,107.2185225252864,19.654303875237428,1215.0691185186865,283.2759045005572,0.02397576006741092,0.009631287238922004,1.6956768142040486,0.454746317270877
11.4,70.13,41.94,506.60125257047486,160.3512260862402,1061.5681195576938,667.6032926981177,122.83556615040585,23.67899279411124,1456.7607230354108,348.05085450753876,0.020954728625099832,0.015236237347438215,1.395490314445233,0.5154250650934228
13.86,93.27,52.94,415.2965759016887,148.12461326813542,774.5558891691622,707.952214337784,108.05130747889618,18.23535876102577,1678.972872554482,322.5910081985045,0.021848518640726382,0.01798342762546042,1.5101396082114125,0.43315251691801515
7.02,98.9,45.09,1067.421223430179,533.1906157592978,1326.4253709747338,916.8509089214297,96.41227828943332,17.052132233331307,1030.7456794234067,224.64375248840324,0.028269871909410358,0.0071451516495594095,1.8295865590781635,0.4586457928628204
13.7,96.87,59.44,404.3055714536322,148.17195989494869,727.6869960578447,809.1315117416012,103.67704166710219,17.290833876705705,1664.4399382930494,280.3306042020233,0.024005797073733397,0.01558291781755013,1.5259651834166257,0.43011795675945463
6.89,96.35,55.93,1102.5305185258287,549.5468623616345,1293.0995673092916,1095.467530035813,94.55578850766035,16.18767811890076,1025.5121546924163,194.89223549542515,0.032110358671207144,0.0066685616139954985,1.8567413734674965,0.4509330856277037
8.98,58.62,48.9,856.1268256924304,421.15155919737555,1242.8811721772379,968.2990685552929,106.71982298309553,19.35237257214666,1297.8848194292261,253.93659931882613,0.026555490754056128,0.009295649818836162,1.715467078871011,0.4466919101820697
9.15,96.75,52.04,663.2325649546615,333.3726831421049,1002.1692893538572,905.1803653500127,104.21801676316497,18.359046862672514,1238.6461802018987,231.87939596301618,0.02738074422425098,0.00854726983993949,1.614281417638023,0.5005474643124788
6.83,99.78,43.64,1112.263025441715,562.1880858787191,1350.115756352049,905.0954225483109,96.32409843214505,17.104600511750267,1008.2082835593397,226.61334249636553,0.028045064338268928,0.00698056991555247,1.8369284365618703,0.43995539192401467
10.47,95.05,57.04,531.2076288375273,247.27179672938803,874.8703332176243,918.5500118967881,107.37070971311316,18.435915117578716,1360.3163079578244,234.5662034864762,0.027137630671664848,0.009529611972806525,1.5383869052701307,0.49834613688892926
5.54,62.29,45.73,729.6566544554363,3240.906012134425,1999.1961848818758,1126.2729754757393,1292.5997188978606,46.14932506262589,993.3491512381095,220.2398662360093,0.03037477013802656,0.006021289988128155,3.419672932286202,0.4904828433306213
8.45,57.31,53.44,635.016957710853,478.5358723698863,1300.0569205584604,1093.7782809046387,191.2469260267467,29.963636495438774,1269.8533856540923,232.45074473018306,0.028770367022783693,0.007925600594428466,1.3359540768587932,0.5317277738943208
13.3,88.65,46.45,436.2208562031861,157.40653455799145,833.241939111688,629.8166698472156,113.98789764065607,19.394584203090268,1613.333564287269,360.4262451131572,0.020294293831599086,0.018255069103253658,1.4875936279069117,0.4480185432616413
10.39,99.05,53.92,532.3689658629382,248.13103162927018,883.8265349741189,866.6117414880646,107.93276160073776,18.588911178433797,1350.3068193289398,243.57597451379735,0.026269262932711448,0.009860452371963572,1.532915184038416,0.5015670547513298
5.12,60.77,53.57,816.8308527113413,4977.623102282718,2168.773498304644,1313.1803423603697,1978.3821799233165,45.97255320422492,967.1787792698262,198.56864850876414,0.03360882921378097,0.005878721173674226,4.728215652759141,0.5057183465556327
7.24,99.31,51.0,1010.6079336810288,497.61337234143645,1266.7909101586179,993.4480880403171,95.73427604846988,16.646887674867447,1053.537851679908,209.53144503855327,0.029970417932461794,0.007041266089432429,1.8240626219019258,0.47914467074983536
12.88,63.62,44.09,474.3720224488532,135.33694328525084,1014.4975992533645,652.6576564684913,121.97116514785496,22.711188680144502,1584.8432464910163,379.4728110021061,0.020029448420874594,0.01838276697671178,1.431395556725779,0.492871648707591
8.62,99.71,55.26,735.2239313180991,366.7005076347303,1037.534425478074,975.8024800327795,99.90236926604774,17.44770234648189,1186.8272214054634,214.69214450708972,0.029186331912782058,0.00778145185559771,1.6827612793282518,0.4922675129577781
7.99,93.74,51.81,869.6206827116258,427.49015596309096,1169.8704453699709,972.014228528334,97.95399025087588,17.168752835278507,1132.5608834824618,217.53282275342286,0.029031868173650048,0.007522542570353627,1.762049195026143,0.47602641406211976
9.36,79.91,43.31,684.697059005856,350.6781747565087,1088.289969556682,782.3881255446383,111.88599943825102,20.160231597733365,1273.2857878837635,278.50672552008746,0.024051665919915886,0.010227227047715313,1.57998809380565,0.4919945662796538
13.26,75.15,41.76,458.24829826179996,101.29429395668812,1020.7741538101138,562.9703084862706,107.78081040951548,23.0985637946981,1614.168888497189,421.66224149584934,0.01873403278959814,0.02022875999470429,1.430509855558481,0.4920598870968058
7.02,64.33,40.44,1207.351086003196,646.8311663868889,1427.0303690063965,905.1984661788492,101.79101626042892,19.076593127713497,1114.0728791480776,258.18315289774716,0.026186665286037098,0.007849870824384583,1.79842401144997,0.3718498503780424
11.72,78.15,43.27,498.8042793244789,207.3154557048546,931.4755075589657,662.9151213751743,120.67659672490657,20.798525255261886,1466.786541607271,340.77184754217257,0.020981215988099548,0.014878736418878203,1.473060559340405,0.4827609555849889
10.68,66.23,51.52,585.9677134851331,280.5114063453851,997.0886777988338,897.6644725497032,115.8201480289124,20.37596561536926,1410.3359014820173,266.9987357302548,0.02519367606019408,0.011120730572125148,1.5294517680965043,0.49275683539869003
13.12,87.63,57.56,424.6385003675036,161.1809132766512,766.4557405910251,824.1753955395559,105.64544450830161,17.792211208819072,1605.8299836628357,279.17239186348564,0.024081785153811264,0.014427263523632064,1.521144910672816,0.44364019372589364
7.46,80.92,40.18,1034.2897960340508,518.8372402843572,1354.2462005016375,834.9140369387621,100.65945365676879,18.321613286895914,1102.5279973124993,258.3261689792145,0.025584539359092617,0.008081013758091638,1.793498548414613,0.4509680750426556
9.36,73.31,46.99,710.9451967248827,360.4770525155504,1099.9802623362627,863.4496511838353,109.20049674463567,19.657016508439412,1287.4103856965755,261.58259293675707,0.02538995724741489,0.009738792653783248,1.6157936453263644,0.48207469316879137
5.33,76.36,58.27,709.875931476114,4076.7343660226375,1896.6007729524624,1308.617539879951,1414.7715476275725,44.563993128650644,923.1803789300345,183.6168453792643,0.03522593404968687,0.0058996443835311815,4.237619068130932,0.4970576145815118
14.59,80.55,49.78,435.91719354019483,147.93468995175408,844.0913940631331,647.9320707209553,117.25545544824928,19.899124086774307,1758.2839538988328,375.6414928313465,0.020133974248457868,0.021875310185805706,1.493055176598098,0.4308087581332273
6.45,85.57,44.26,1256.4179183445476,670.872202105834,1384.8403053755897,965.2735035688328,96.32121019059254,17.392556648442817,1000.5958820754872,223.89160051871798,0.02881632686597554,0.006890870682406622,1.8443653722351414,0.3796125535335318
9.59,60.8,53.12,740.0214656178146,367.57803727453097,1128.0672704873684,1004.0252531361363,108.5775762172371,19.55042969684089,1347.2196135377765,246.48937853277295,0.027139561625100183,0.009524989914946413,1.6476542068467261,0.469069162559948
9.22,93.62,45.56,662.741828183295,337.2520740434916,1038.5999028851422,804.5349585215813,108.38973358224946,19.326446502523,1242.6973914778791,259.6155276690905,0.025065522033853812,0.009405053221863899,1.5852407890187257,0.4887906435021674
12.61,89.44,52.94,435.40551655641787,167.89881743535165,783.4112523020325,764.079136489621,106.84082494619764,17.99114707403343,1767.4479121013264,294.9472988795867,0.0232065411146346,0.017409219092588482,1.5179601557094802,0.45025062837549834
12.41,76.99,54.9,457.4397982029684,182.1853271818372,826.4069542559627,839.992362090952,109.76256644244566,18.67299649517914,1536.5524084696171,279.8152884428465,0.024091270105849053,0.013281847303568597,1.5139131904056224,0.46037697319573784
9.69,65.73,41.49,695.978621248812,357.3859523469782,1137.1505194694514,760.3730963281898,117.98277160560862,21.43876355602936,1327.074748342968,304.0067474467317,0.022915766179125423,0.011493437154923755,1.5585810223766763,0.48427682799305793
13.81,79.17,56.73,432.6509901786084,159.135122839428,798.9696142213078,803.5902482732536,109.61917262414858,18.565997009017668,1684.7625588492717,301.0245123361552,0.023137924148662732,0.016886219274357007,1.5169105658454445,0.43664146621375804
14.65,58.58,53.54,498.10410325552016,97.4027436957883,1008.0703038000901,778.1076237157786,144.54011460836708,20.797309347928124,1785.6202244850388,352.4097779213091,0.021414751916083302,0.021066700133687593,1.543519403452783,0.427403402491384
8.08,94.83,59.77,843.8934767163845,411.72790549617446,1112.4074037540852,1082.0028543897158,96.86614479266302,16.670555527301236,1146.931694031308,199.55036331271782,0.03136462649532566,0.007290923873382846,1.762065217917655,0.47937772240168225
5.23,73.16,55.59,739.1551204723654,4450.476313725026,1977.027659773507,1285.5676691524686,1614.5220363440224,45.04350996405145,922.6491669979881,188.6719505842671,0.034502232385920095,0.0058228370892416505,4.557423841818277,0.494260140654764
9.94,75.22,57.82,626.7279813081112,308.52084630557675,987.8438401979638,1011.690006647508,107.7773486574744,18.971080277675405,1345.5440000710769,230.30215680534283,0.028126170654316864,0.009102720697508736,1.5869746297823104,0.4927527331673938
6.22,54.94,43.0,677.8305066976307,1852.6247755026914,1878.9602967469514,1048.54725823256,747.7980724075178,45.82711763087522,1090.0286582366307,242.43548046187053,0.028142581221390017,0.006596107729690543,2.088860821623478,0.499415481945905
8.1,63.1,44.47,991.3723639454943,488.3374855878075,1350.6334207760406,917.2217972107842,103.54328283551311,18.876612948718602,1212.9944956670113,257.1846848665004,0.02619677680908827,0.008732492814612925,1.7768790527155534,0.4372449847597286
14.49,95.48,56.03,403.7212898834135,140.20747840725727,750.2903360957746,727.8871885598679,106.84904070864464,17.91267841503569,1749.4537643037106,318.1429755680577,0.02217585699979495,0.01916078909202841,1.517619303229396,0.42090531501643547
10.47,58.33,49.19,638.381688825618,314.8513851833355,1070.2426940964874,893.425852962118,117.86235047062819,21.060899339453577,1412.6980447882822,278.11473790034665,0.024712781604352096,0.011481479076928792,1.545970921875926,0.48630490342627863
12.54,60.15,46.81,497.21674227959085,123.83553828487904,987.0858510692376,730.4687327829135,136.94170931676527,20.846100642925965,1764.2445280081672,345.874539404185,0.021331307940025124,0.019614404864687348,1.4899753030377123,0.46518965314728755
10.52,57.94,48.56,635.4610651208417,312.73739636562806,1072.029609104179,880.0716989663487,118.79297146311956,21.22022597103459,1418.0935596463162,282.7710203601905,0.02445021124933944,0.011843694173484184,1.5403068410868468,0.4868711323909184
9.78,58.2,56.86,727.5256670299989,359.25820063938517,1111.8257536733481,1076.7138693269962,108.77860520505968,19.508799714546168,1370.122166823179,237.8062558653236,0.02807884081678946,0.009333965539266057,1.6450069357678656,0.46712222980360824
5.86,77.17,49.17,640.3212786675273,2299.928072801778,1719.8544056729368,1115.2866892676802,741.8723183953439,43.516198016204626,966.5236535080095,205.85285682265564,0.03144782676283516,0.006020866964184832,2.476664478838334,0.4828133678477527
12.02,76.42,56.38,474.217532392278,196.22650916271664,843.5584786649608,883.7891381872328,110.00216779081917,18.787058576010374,1514.1723769588086,266.386798914958,0.025053768628599787,0.012382214341273018,1.5166570742513872,0.46963041489829055
7.67,86.89,48.4,961.138515390271,472.236339723092,1266.1932257504225,951.8002091510799,98.0799173249805,17.34803993492111,1111.9228711612482,225.44658701382843,0.02835531803256713,0.007492012996558706,1.7960218793758562,0.46593231235710286
8.16,82.31,51.82,877.8553850664259,430.1835013881404,1196.9886253801894,988.4640306814483,99.21200270575018,17.537568702301048,1170.7965823470822,223.00538758555481,0.028747400568568567,0.00781824429760505,1.7604541307070831,0.46767755236223696
13.7,55.97,52.7,485.3510229976276,110.38433895021143,1041.2672186226557,813.9005333774519,147.43913430077467,22.081901339055985,1685.5614130888982,332.7273263762591,0.022115465983529044,0.02331167997234637,1.4734237415732383,0.47312235155169097
8.24,93.12,43.94,826.7575344007832,415.69213323969996,1172.0584992003885,832.7072813436642,101.79471963045303,18.27275890063633,1154.0794715776224,249.8851842119934,0.025906337086212927,0.008440713249530423,1.7103298592736433,0.4770225419947344
14.96,82.51,47.69,435.2939666838548,141.15417012918334,860.7735471404027,589.9301719687332,121.11718120586418,20.48638694133361,1796.7934322407953,413.96596064585793,0.01907111174641056,0.024084362606291473,1.4812354498753395,0.42821014506078575
14.83,50.83,48.87,529.9462461553192,105.74997514566594,1097.0123061771287,703.9415545271532,123.69709550084168,23.737938792023375,1808.9494785209986,409.246707708122,0.019788824459262035,0.024133529321624714,1.5040128121012404,0.4496261110920433
14.03,94.55,57.47,406.5235563381108,145.7298536572225,744.6071863755534,770.156186010274,105.48088317728445,17.673273365489766,1701.512171451662,298.32693123842824,0.0230818490528607,0.017194296614648816,1.5212501419857782,0.42713704405151787
8.6,65.98,45.72,878.2204578416572,434.02985596380387,1254.8300545926647,902.4365661504348,104.80613456774665,19.031123389206666,1246.876497829733,258.1085528268843,0.0259792058923577,0.009172915159930675,1.7285713658876718,0.4505893633789441
13.34,77.84,50.52,446.18738471256387,165.87588879146344,837.4485991277318,721.0962427929402,113.19353810906638,19.29004690561846,1625.3042670724174,328.8816175000032,0.021661618424665165,0.017157199307172983,1.5005660406068027,0.4476820963694521
13.92,98.6,48.53,415.22835626132104,143.70613382372696,792.0892811899214,624.8203213360374,110.90990508138186,18.742262836342974,1678.1472259585425,359.72555228162986,0.020335555303575635,0.019601880087297033,1.4956420832773594,0.43420693318726833
11.18,58.34,55.89,572.2678314204061,266.30073993699455,986.0971249866385,985.1279547195868,116.56150837781583,20.446555405024867,1474.4762959792577,261.3255830856717,0.026017833740695287,0.011540514989805567,1.5294488685886443,0.48572207066666423
11.46,94.87,54.31,474.0958954676372,201.3850811689264,825.7973258357844,831.3111154795052,107.94951561603652,18.35500632775273,1440.6553372191463,260.1973643854663,0.024995171208329586,0.01127045815094776,1.5164360452719656,0.47982259442273234
8.06,65.4,59.5,643.0649888264073,531.8854011864679,1225.402408338741,1186.2397324691935,176.17905477765905,28.600362707866637,1212.6486160979039,209.049277130104,0.031209005513356664,0.007180173543035321,1.290329593364498,0.5326325236645401
5.02,77.71,53.54,769.1615349758591,5219.622604039298,2055.843537146543,1253.5443771554644,1921.5569209573057,45.23394208584381,886.204183440887,188.86198421285536,0.034359076717769416,0.0058038778395868434,5.313122194745395,0.48391113892029464
8.85,80.6,42.85,761.6269218136943,388.676540672254,1146.4662058366052,800.4725021341732,107.39130818057704,19.48349674450652,1229.9986827368232,270.6163497718566,0.02457960260939499,0.009514032125098305,1.6448804115525533,0.478542792457274
6.74,53.3,56.34,637.7271852831253,1463.0730510389212,1630.2660502839615,1283.8181515821063,486.7060156017869,42.42217137491346,1150.8648198514072,210.23860854115034,0.03190018967685754,0.006461339284694947,1.5709259165430387,0.533468802515102
13.44,94.29,57.14,412.64811336285544,152.7516651290949,747.8702209945083,789.5209751015778,104.74081254242432,17.57405478402214,1636.6198012552375,286.78032781913674,0.023590402584610638,0.015392175155105502,1.521273086311027,0.4366607673601217
13.69,50.86,41.66,536.5540987001054,90.81769275409806,1141.5337132572538,593.5980430983427,99.59276834893069,25.75016928661584,1675.010229893159,457.2386027164007,0.018357313011373475,0.022322999002684137,1.4630664549879437,0.38920590697564045
14.95,99.02,47.64,411.2036463017323,131.00877311452382,808.6100633502131,565.746657524176,115.63763414569952,19.451695572885754,1789.8249147465885,410.2306350903347,0.019019560224359622,0.023852416403353192,1.4854383403417433,0.4219562251017118
9.21,98.93,55.41,648.9966128448228,324.4435195742094,972.7973632475998,948.5723797515108,103.31919471600702,18.0501680523382,1241.094746320216,221.57890858955557,0.028360419180500553,0.008185349334866159,1.6141625856630406,0.5018530869369452
8.59,60.89,40.5,912.4276570052127,455.8535684904267,1313.7254517035733,815.6429322901351,108.44700543363591,20.02545878674566,1256.4385038914227,289.05195089861644,0.02398213064047773,0.010042943515345647,1.7173059850049648,0.43861769844578435
9.59,71.57,48.49,685.5726554660796,345.84143638766966,1078.5717830225196,882.3142599291473,110.22302759546727,19.78463973858814,1313.087366173862,259.61405791839036,0.025594240218288173,0.009886579088759315,1.5987723708840287,0.4861661920125057
8.04,89.01,41.81,880.6782107746521,441.07566572034136,1230.395981447464,814.282516252526,101.76420526307203,18.3859815993242,1142.79886194476,258.0521649956712,0.02538760773752686,0.0085559496374105,1.7346620309246115,0.4673909928183963
6.44,67.51,51.06,621.5036707203918,1495.0613851521882,1597.288610503895,1136.187723193278,463.64851945829577,41.45028350887623,1056.9924560407098,211.69728212903166,0.03097820941484566,0.006410931520114799,1.633422227593294,0.5023221713542821
7.83,82.34,40.38,950.428554845211,474.74868822287215,1299.1028088358555,812.9249581038013,101.91018574030348,18.526730509770626,1133.3784718859702,263.6090390844665,0.02511531873208027,0.00848652992360771,1.7618849548146418,0.45496899764903714
5.47,89.66,57.55,1518.1121575342165,944.0066638339919,1324.1081167863408,1239.1244242659852,92.94501216321292,17.398990356179162,901.8227003967185,181.4850301526376,0.03503429457106277,0.006365167594364224,1.81804901473255,0.3181760652726482
8.34,54.33,59.09,646.6054687930989,531.0355621552852,1291.6165901352942,1224.0525668660619,196.81334255946382,30.244310284589375,1281.9473384902594,218.57110339250647,0.030629343712864722,0.0076314962096655555,1.3133632597348577,0.5479752680010742
7.71,74.77,48.78,1003.7894533782359,493.0545002732026,1316.4677966965278,985.1497266176339,99.26359175203231,17.70987743597827,1144.665672595376,229.24898509622565,0.028362574318863604,0.00767019063932786,1.8046165602264264,0.45315079277004894
7.74,65.61,49.25,631.9621776931247,602.8437698646193,1341.0790757501425,1024.420250625889,205.1793894134171,32.35335952211559,1173.5606341479158,232.04686752453432,0.02842655598721347,0.007316123157445707,1.3544422475764486,0.5078666588497196
5.78,68.03,53.6,669.1379866473617,2733.813373878557,1800.3100876103774,1226.7373130201993,951.065083962494,44.38661781603894,997.0749623111712,199.89536884339623,0.03284194006450948,0.006124659896111756,2.9178333191081554,0.5026692247535846
10.34,56.68,58.28,662.1854100153446,325.39478383953605,1059.7244254318105,1082.3257985930143,112.38147860135233,20.03243079829328,1414.2824312672794,241.2529871524436,0.027772241943380255,0.009690000285710147,1.5933466051447016,0.4774768084578737
5.4,82.5,54.93,683.2478597002518,3641.242968496768,1837.8981196323296,1229.4741191597784,1220.910185379591,44.285780439071715,908.4120973786816,187.38625257484966,0.034230812132575526,0.005880906730620959,3.879677503305567,0.48514696310321104
5.68,93.93,53.47,1460.5574815333646,843.9781677671948,1331.9247929283686,1151.0049315904562,93.01475926263976,16.625930040353524,910.2153396613127,189.04725746353452,0.033441413586506256,0.006348608319808884,1.8618936854301413,0.33870937751503877
8.15,84.55,54.31,869.4084043549631,425.1154104545333,1175.750859945138,1023.2102772606944,98.49695997879306,17.28860953600374,1166.2344195750795,215.25920059499063,0.029568247205477544,0.007606542516091765,1.7622142716864153,0.47004182358637636
7.41,65.57,49.49,627.0358106499123,728.5802972023644,1393.6762361030187,1049.3463493441836,234.94888295087486,34.65699222102942,1148.7148741794572,227.70017244153854,0.028984885515813442,0.007130969539033425,1.3796413283547548,0.5076205763770196
13.07,52.0,56.26,506.3424124367618,204.78986969030868,932.8716965549879,934.2849145646584,119.8357212609625,20.698863831209536,1626.4188217942012,297.57084721866596,0.023919712830020586,0.015154415510907947,1.5091896673394636,0.4597159880495484
11.29,66.5,48.57,541.5611894386504,244.03749305921667,967.8911464971292,810.9190315583556,118.99248267970319,20.729074284744875,1456.629768040367,294.2311002993854,0.02343629144832618,0.012841212241454708,1.4984717428063428,0.4895507680701909
13.89,54.19,40.98,520.6062208273123,69.41457024950036,1156.8001406959559,557.6367760747733,96.75800803241502,26.417700960431183,1692.0769522200487,477.6821621674853,0.01787442371058508,0.02289569510086496,1.4407325512783014,0.31022016248550843
11.14,85.76,53.47,505.28828373521446,223.6941660148924,876.4588509114535,852.050552254399,110.44585550111285,18.98299054787574,1426.5593455962658,260.65915819891393,0.025180616358287982,0.011236164418792825,1.5162778110049056,0.48888849758859076
14.48,63.93,53.98,467.2769715625047,167.70812152028793,890.0686351065978,772.8812845211805,119.65427682084358,20.523795952066912,1764.6948963658494,341.51179665814396,0.02167728366882818,0.02029652091739266,1.504636070558892,0.43678075040991404
11.88,73.37,52.03,490.29681754887173,205.75333327945228,882.841452758328,825.4608016702634,113.65804158319328,19.515154593006013,1492.8580774591924,284.81953028153913,0.023834022600314794,0.01298587729065302,1.505428648787781,0.4754267775242503
13.22,77.4,49.84,448.54483338510806,167.6505854385836,843.0914261041244,714.5796686242313,113.46625366783903,19.36981638156111,1614.0521574175057,330.96628594611286,0.02156256940140087,0.017005848340556063,1.4984178361945175,0.4502654625408116
10.63,60.05,45.19,522.2510018343982,208.85736513435387,1247.9651811987244,798.7233123255843,155.9365787404479,27.59872407809663,1416.493514516903,304.15218544846977,0.023106195797027964,0.017636616741152134,1.4234725880407924,0.5214188998352947
12.54,69.47,57.74,463.9360308210212,185.9150634979789,828.1882945238983,902.2952404566379,109.99574304432971,18.636404471623546,1772.1893053137007,274.0515475249779,0.024863307797665508,0.015825191715807128,1.5231185763018815,0.4555861123506475
14.37,72.82,48.02,454.0863035684409,156.53157221224183,886.606959924271,640.8340715782612,122.01014762352173,20.763389122792475,1736.628412836432,388.46613932921525,0.019793735045942142,0.021821274183203995,1.482848782517477,0.4391489792440092
6.01,75.64,44.79,1384.275074447169,842.069438099626,1385.4663454288468,1029.8464728172148,96.90460397048294,18.789394292050993,983.3608165359178,220.35587262646342,0.029605046845436984,0.006573262808496267,1.7806221756578706,0.3240721786246159
14.03,92.15,46.9,425.44524878864684,145.3393018849787,824.9952888309614,600.6630102141828,115.19387616057806,19.498664704281538,1691.34334893017,382.3894955538943,0.0196879600687995,0.020673095676882722,1.4853468366955163,0.4368090505233151
9.62,53.02,45.13,580.8988807660729,310.4983837692571,1410.9498648701124,878.9864202538482,184.76336858488983,31.143154744371785,1365.6297440835629,287.17285271396815,0.024390434138679463,0.014698633537494869,1.4738381544137298,0.5244540007893898
6.08,81.38,47.95,1371.5297571319309,778.3351158116033,1369.898509678393,1062.8518713200153,95.26816593356034,17.44274181676327,978.4775079886706,210.03864253486518,0.03071040474462523,0.006608074929923395,1.8394779747675396,0.3437229489627584
8.64,72.73,59.76,828.1632441076896,402.84004061119714,1147.2875935447664,1121.6634329366268,100.37969091571614,17.656545207554586,1241.0844627075774,211.26927853748407,0.030484136449451613,0.007759717965038128,1.7391030628656456,0.46404697768008096
5.81,82.11,56.99,633.3634925828798,2442.131809891359,1673.3611023356902,1229.665028033915,728.367165481552,42.6961950089712,953.1744962103066,187.64153133926771,0.03412611371659055,0.006087868016725315,2.563530128688086,0.4943200611808453
7.74,61.8,42.51,1073.0834375908264,537.6718206099819,1403.5616291931847,905.9258747386284,103.38068852520571,18.992223595849573,1184.536032348373,261.0226513202986,0.02594132801808772,0.008456452723184375,1.794048754922784,0.430543157471437
12.66,93.33,51.48,431.6228799737393,164.61839927888468,781.2795340231197,730.0869699956577,106.7969182811829,17.997947562310294,1774.6104060340058,304.5030921152003,0.022651647251566702,0.018058092515616055,1.5152507856868251,0.44910662548152985
8.96,82.71,54.55,733.4764998527786,365.5269536015894,1067.4846449895133,986.2848476731498,102.38931062376496,18.113448137049176,1245.3309801770517,225.1315505486237,0.02845462843458433,0.008296913024737576,1.6704024393289358,0.4830682929258283
5.89,63.14,58.01,669.0873821147193,2686.9844572772827,1784.775679802998,1317.7573291512742,919.0598798105929,44.3451341821483,1030.5101243659597,194.63063964902528,0.03386959542962786,0.00605851076275044,2.7916825018323452,0.5176303955722382
14.37,85.25,42.7,441.0692985575371,55.29817020560706,1027.932716912459,516.1608957860802,105.16858502617227,23.056867205570835,1728.052651184004,459.3948031863465,0.017916081448163455,0.023295042392853172,1.4452479943799807,0.3161941025881613
13.02,98.16,42.33,436.57573542480225,155.24304857552266,848.7601810025319,555.8487086067616,116.82967770031635,19.8730130018879,1575.4660022644582,394.86932730727574,0.01910127873124899,0.018493386218511675,1.4708412943165108,0.45348732705832945
6.84,52.98,40.22,648.614130116199,1117.945962243139,1797.824915649135,952.4308680327564,454.78138421355726,44.32268068664331,1151.7926300117506,265.43089214931274,0.026147340800127202,0.00745636247331298,1.5820035364161056,0.5001707775534703
12.08,70.32,56.76,483.03825015006004,200.96046804332403,861.8284457454641,907.8153779648198,111.6105349210669,19.10592625486901,1518.9606985763921,267.6782164185553,0.025101549305497826,0.012498340970166525,1.516083741906478,0.4697584653412167
12.65,91.98,57.23,426.2912502045485,165.15212776094882,752.9150061513071,824.9958266460866,104.52190632277612,17.442878751135517,1773.2819377601131,272.93472907269165,0.024498735947889802,0.016148107103265648,1.526311368255709,0.44687953007845704
11.12,98.03,49.58,491.6514783607926,213.9174104836079,863.0841356884825,767.0186501029316,110.41305552876928,18.921913340557236,1410.2474407491952,276.0111982648283,0.023904040196121114,0.01177344046545797,1.506602723984815,0.4894646287807783
9.34,89.23,48.45,658.2363517957144,332.21469286604207,1026.656836120486,852.7743748353289,107.4412042972706,19.097852241704604,1264.0534590048105,250.17644972203652,0.025916236042044134,0.00932606240159646,1.592188983304633,0.4988004361011911
14.3,83.93,44.88,440.938884765419,146.71257013752444,873.8831009977781,563.4303953447896,121.6265520044569,20.68077987562543,1721.969755807183,421.690464719271,0.018741517571955017,0.022478534885611846,1.4725848575283265,0.4383260352107152
14.17,76.5,43.34,456.5783282816412,67.46044811568589,1024.9016987220607,550.9568990385726,105.40621080840859,22.97177077658552,1709.3338065032547,441.1751340409268,0.018374448243984248,0.02267109908724738,1.4555582135721064,0.36490439972176536
7.72,77.49,58.4,981.9331818816739,477.9513282686539,1258.3604287113128,1135.1593944999524,97.49565804761703,16.991829837809615,1145.6868883258846,203.314333877485,0.03144611864317469,0.007160670563910401,1.8118452615973415,0.46203957519735483
10.39,90.83,51.75,547.3948635419425,258.03928889347617,918.8080918243545,849.8005548981236,110.25891440903837,19.129993707722925,1354.4327318462808,253.42246017817246,0.025575658304475,0.010157290961307047,1.5284006078383268,0.501662059341123
14.69,93.15,45.47,425.1945976332439,136.30280379394713,844.9077451205831,544.8424513593302,119.21530876402754,20.195840107604248,1762.53885393768,429.5147363426934,0.018545445329422917,0.023698221764240184,1.4762945093843656,0.42945754676489417
5.18,89.34,53.1,1454.61504012355,1158.7788885218986,1452.257161493989,1197.8292270120164,96.18740670951696,21.975390133274882,869.8283426165957,186.69128978760418,0.03419279273703107,0.006245443513017537,1.6075018432881583,0.3023111074643214
12.84,75.7,43.03,455.92206314638827,127.04112080326148,975.5973975782409,608.3146187549415,122.02125910539445,21.8554199792211,1569.4569265306498,385.0935538314226,0.019640251963541334,0.01822179351098405,1.4371398643894544,0.4861036683573974
9.92,90.67,46.74,589.8916868151268,290.03373016517793,980.44482073581,792.3902908183055,112.19129951017379,19.732535661939387,1309.0612300717448,267.8802110833139,0.024516529698696863,0.010287405109450793,1.532722455383318,0.497816508062123
7.01,80.38,57.26,625.7698339950742,828.8228211681055,1320.3021478003352,1155.4406156899224,215.68399752341392,33.33267065838281,1071.692839887398,198.07433393599658,0.032213887134898124,0.006541792495872374,1.3529593924403207,0.5062248834931738
11.85,72.05,52.75,494.3765593435355,208.7068569911889,887.4733707229312,843.2705277196812,113.76891629833122,19.554115728521374,1494.9214420943247,281.08015743747393,0.024119974459942538,0.012822717949384072,1.507230709069042,0.47627586597952404
7.62,99.11,47.22,930.176624600969,458.34866358067035,1229.5704830458726,911.7266348574559,97.45564656064582,17.18473640636531,1091.4059747556007,226.20454848773818,0.028056544899704428,0.007573972754973081,1.7851903632957384,0.47647292496817495
10.07,62.86,59.21,661.9683818057027,325.84392199287305,1039.4239191397153,1079.8081155463058,109.28045520771035,19.413158841113567,1384.3044756504357,232.64817567086027,0.02839908511216623,0.009339967755259488,1.6052731673571823,0.48084202671883114
11.03,95.6,56.87,494.18208456240524,218.54537432746758,837.6589404071375,888.2010752929953,107.26273519449202,18.278478357116043,1409.5143115849667,243.39116576949556,0.02635505197291222,0.01034677212788179,1.525922502667691,0.4885651233490966
9.72,97.35,55.36,592.7684975674753,290.7345268998407,932.1037872489023,924.5460865140059,105.87171951544416,18.41377054831528,1291.5337654404664,229.05504061764114,0.027629215297503475,0.008802530464705268,1.5709904962066352,0.5051618127385132
7.11,58.51,55.09,627.4751114598408,1007.1859593624085,1480.6815295985366,1203.2831691348872,309.9658139770188,38.224693984857055,1156.8848283033099,213.2239056698247,0.031121590087802437,0.006745278143910361,1.411503168776361,0.5262594624618592
6.61,79.1,54.9,611.8710508797108,1150.2737445576217,1444.284530019031,1148.7893352907035,304.73799591537835,37.59701783894091,1037.263723586519,199.70495328144563,0.03211925690365628,0.006432512280623694,1.4251210290763379,0.49993830189277527
9.43,69.91,57.88,714.8158748657296,354.27084767025525,1067.5772526058051,1059.1011856266102,105.05992637884464,18.650918260078704,1312.248696717991,225.52947649177037,0.028834765687217056,0.00859841557304273,1.6525612961047134,0.4767074383914617
9.49,84.4,43.75,652.8430583690422,332.42059703579594,1055.2613438070136,774.7977063896265,112.44420201671372,20.127673788482294,1277.7621014360884,277.25152341585806,0.024032941941614285,0.010262892088408453,1.5596618801138247,0.49231303457688397
11.41,68.76,42.42,506.99144004997424,151.544419253069,1067.1150738692468,680.0663839918985,121.4691941912097,23.83798155438297,1454.5000257789716,343.2622765922499,0.021102596307941843,0.014761152929220055,1.39221200189506,0.5148173960356519
11.17,89.44,55.4,496.2160616948077,218.19616054222055,853.2306125479716,873.1456581000525,108.82346220624332,18.603309409395877,1424.0234482746143,252.0758313430442,0.025727219237679018,0.01073441535617432,1.5207591829829197,0.4870313923051549
9.26,83.57,55.07,685.5907334890418,342.83936324203853,1026.8472646971027,977.2094042864293,104.20036784407392,18.395617500833954,1267.5709273966697,226.92056485411936,0.02820079644837541,0.00849534343756914,1.6333344443741955,0.4902467832246204
12.82,75.24,59.71,446.5774027867234,175.57619591588372,800.4450757971244,907.9773434245785,107.84097027717091,18.253621342660317,1580.7075137307543,266.6865391559336,0.025096043346212682,0.013183483306849207,1.5229367809753969,0.4517041671786782
9.64,79.63,41.94,648.7014523520788,330.8627521772656,1072.1547685451187,742.7036236858277,116.12154051187177,20.82995400641348,1295.4573757558082,293.6020659181173,0.023146128468663055,0.01093328752815698,1.5389023945381266,0.49266547448772013
5.06,56.52,51.58,856.8826023170184,5217.63966363305,2271.9865860263385,1303.0400239606097,2167.2259000520876,46.46563416287716,984.8771086939062,205.31317880367462,0.032857258820689024,0.005929055733440154,4.775657763945362,0.5077997752055067
10.23,99.9,51.07,544.8894333412228,257.58543399512064,907.4521920005195,829.9476109504187,109.14095729017532,18.894505687941635,1331.5333338786234,251.78071723643654,0.025558803960997516,0.010009551627481066,1.5299001752948305,0.504577477527442
7.39,87.86,53.64,1013.5125627803287,497.58179760685914,1276.04135720959,1049.3619408485622,96.36709179472457,16.790975537742995,1089.1176284244884,207.45250418413016,0.030536869469104767,0.007091725695891014,1.8237180889646594,0.4705853502415452
14.11,58.95,56.17,480.0118544163332,179.52120658062097,901.8321383412215,850.8612780995254,119.63508205898259,20.551055307999782,1729.5933020447283,318.57788431816994,0.02277019833947075,0.018313521932767182,1.5092038439375475,0.44292719433343847
14.18,79.43,44.69,454.81023133592333,78.4751141386805,975.3665210404488,571.669204387038,109.02473508168083,21.496719148219935,1714.8833033664018,421.30413696093115,0.018830066027787976,0.022347115173601325,1.4890884843249892,0.4352050151708874
8.22,70.66,48.88,922.1488851354467,451.33858934574147,1267.422519346191,968.2612286949023,101.36197758457293,18.177524601391713,1201.76512928387,237.42197024852294,0.027640677171683968,0.008250394925865606,1.7674672490475085,0.4526025635263717
13.34,94.07,58.44,412.80819710977,154.15113543376643,742.6897409058051,813.970322603091,104.14434735606817,17.448239228812916,1627.2330893779153,278.2146536884956,0.024092199401382033,0.014794275882364885,1.5238882100596576,0.4376545102026741
13.51,50.36,47.1,510.36576670607536,109.56037459217612,1087.6696359299306,729.6679417450129,118.95942984926332,24.046789995543406,1663.7049861683806,377.47028532439253,0.020488425291139135,0.019584461669253737,1.4465618358283738,0.47222532533625705
14.82,62.84,47.58,491.2379059547313,94.28560180692,1025.4489524481314,635.8309106197111,118.02640135713585,22.2589669905376,1798.1064807955536,417.91662884256573,0.019279612872137947,0.024239129963766648,1.5114488165796556,0.440877421442192
13.47,99.01,43.73,428.2939511270886,148.24692707828848,834.6840688179549,559.8535698165808,115.89446291430653,19.674042425381636,1625.7030399181647,396.12808120332465,0.01913149914158988,0.019607538617099178,1.4753840029681897,0.4456991255615486
14.54,83.55,58.78,418.25241006687844,147.87742503875788,774.7558611994854,795.9289150480623,108.80850254427853,18.312999714786024,1763.3005046752166,305.36324542067047,0.02300111615351814,0.01860208152595736,1.521653058718205,0.42312175790695894
6.59,59.25,47.24,634.5611526827618,1401.0036822527088,1664.8562218323061,1088.799600199046,489.87601252917864,42.657547057002894,1098.6941002989631,228.2325982884114,0.029289696980178803,0.006579246143404875,1.5998813484402394,0.5039174485103456
11.15,58.13,42.2,531.3232840926195,169.04447539069722,1164.2227242960496,716.1440908397034,128.23872968408875,26.24076894139016,1452.4947855278353,342.4742705417765,0.021375539221090412,0.014511711679343273,1.3436983667408562,0.5206703403593859
8.8,59.09,43.84,885.594502030624,439.0713053542042,1284.1842644225267,876.5820375765732,107.87774028779823,19.768114807295007,1280.6532583831258,274.4443858773223,0.024984109008882715,0.009835212262600465,1.7157416935627403,0.4420374118648351
11.62,94.57,57.63,463.8889770465107,194.7690604821687,801.9147487118676,874.7392901055846,106.20122932556322,17.97622261455946,1462.3503104668598,250.45966770423317,0.02585907769357704,0.011313772368065432,1.522962732272861,0.4745255752335945
6.14,91.41,46.73,1325.3650560553672,722.9009164945201,1369.4464431077286,1017.4803689466152,94.76384837320012,16.93979699303198,956.6227374707759,210.0610113999204,0.030314007286696254,0.00654194935050828,1.8585149258255134,0.3667411600242177
6.41,83.88,44.67,1273.5689875876442,685.5781789219355,1385.3584472711948,978.5240476514252,96.29207204635061,17.421536568273268,1000.6418433776975,222.54622357969188,0.029018867140761715,0.006860530529581073,1.8441313875019516,0.3731754344583858
12.81,89.98,49.77,434.5887210129497,164.20815500592394,805.1172939842079,706.45113958583,109.23057869631471,18.547431540432644,1563.4599754834028,316.3440284570342,0.02193634140664729,0.015511721954878082,1.5025495216349287,0.45262151711137816
6.32,97.57,41.81,1250.1766494067595,667.5742766105391,1379.8978342909063,913.9782523163275,95.90635300568933,17.302767897983326,960.5572421412951,226.61807959312048,0.02819784010806272,0.006689822195602356,1.84306661067225,0.38778709261451433
12.52,82.54,49.51,450.7902235444773,174.5791480350326,824.6764785497905,724.6433784924131,110.459060481035,18.764012850518235,1751.8330231772845,316.2690187058524,0.02219357413074939,0.018319341968549323,1.5079239563492555,0.45538633709550647
8.04,62.83,49.52,1001.582221055383,489.70460954221846,1341.4698782550533,1017.4126623593486,101.88148330176926,18.366037595545425,1213.0451246335676,236.63256907912836,0.028074346588712388,0.008162934524576601,1.7930022833515527,0.4404120410724878
9.34,69.13,56.06,732.6599380009901,363.3241953508191,1090.12352104073,1036.1297086900522,105.12270839021046,18.726717363777794,1305.5294925571538,229.93703767495137,0.0284112376162693,0.008764328502338069,1.6611211676943534,0.47390311882382036
12.33,53.2,58.79,516.6221235435571,218.66673947287111,928.0779082276892,1013.9546812220568,117.56278548841934,20.286354077703667,1556.67855965557,270.52812479042024,0.02551055109167521,0.01266357956419204,1.516844557097852,0.4678523918866629
7.74,99.56,50.79,902.2341595135067,443.15826357462754,1192.0313345015486,959.5552178179398,97.06444251413751,16.968622825327408,1100.9140943535872,216.04968179348953,0.02909625269654537,0.007354620347744814,1.7793636241395592,0.4788910678285287
10.29,86.18,57.06,562.1746785275637,268.4125178681907,916.6441507656698,949.1453325921013,108.24001638158913,18.76579452666152,1355.0239466569487,233.98068340849267,0.027395729995315133,0.009373845225965415,1.5491987705819226,0.49909706666045456
7.25,82.15,49.9,1071.3989123807214,532.032947867408,1333.3942909177458,1013.3355289804216,97.15051128602619,17.146661274621074,1084.9383490106559,217.25470811740124,0.029507669513385997,0.007189849450626404,1.8322660062808593,0.44977807538104553
13.02,55.95,46.98,484.64169271532757,110.77665528804827,1049.357405161664,729.742077318493,119.90199466653252,23.325809687646544,1604.3320478552007,357.55044983658036,0.02091609418495547,0.017566156233319415,1.427223884783441,0.4880529871472251
12.37,62.76,41.41,482.9050082672262,145.60654432701864,1057.7604236405161,623.5026886421972,122.80616092005914,24.10465395782046,1537.5508862192728,392.2073803835146,0.019622284535131138,0.017856739905202586,1.3949859237225875,0.5157437045632927
11.53,59.95,56.89,541.2075364836326,242.9741384896099,947.4615946268092,979.1387102361833,116.03065752093792,20.164806531253745,1490.671879055636,261.8193563182825,0.025851504442876715,0.0115609221611547,1.5206709304768473,0.4823612342168615
7.7,53.13,42.61,631.1356355340739,672.9730357525984,1594.9690771529017,944.2636185993368,276.7776641510696,38.73728115089979,1218.870128826154,266.2132960470166,0.025949643511909294,0.008150724819264337,1.4899823278384923,0.5092303428057325
11.7,52.48,55.21,558.8256218504179,251.90547658150135,989.5980374365244,977.7688192226391,120.25071231306171,20.99933059881013,1510.0823262367458,275.0162840097259,0.025155351529525728,0.012236830495236137,1.5153101079261184,0.4800445734312336
11.51,67.56,40.32,504.4581693490086,177.47197333461497,1090.1178875013109,634.9525671492333,132.69790055505788,24.669989371258687,1460.639430558639,369.4680908855149,0.020186428432241683,0.015776921944433635,1.3701948047084316,0.5140037101426473
7.57,83.92,46.42,994.2038273559692,490.151889387237,1302.2663185013052,930.6051270961849,98.47232591952442,17.555772399330554,1113.0995692744866,232.46033275303824,0.02781118204460926,0.007765018709588514,1.8021900219701725,0.4622590708873428
9.52,50.38,47.6,597.7419837092153,336.07267085958733,1410.1365191129103,949.4724217761348,191.74717847038602,31.024240870344006,1367.775700126136,274.0065614438111,0.025397704822729752,0.012506981897411689,1.4559745432529712,0.5319338224983264
10.01,52.61,53.81,731.8975018370373,361.9087173749317,1143.6968686509933,1035.291745405774,112.32993273643322,20.312029116749184,1407.116035673387,254.70949299594471,0.02683459797239022,0.010240762433299386,1.629682942545727,0.4649391563349744
5.79,92.15,59.11,1448.1073569316666,806.8519854778613,1317.3295657272693,1230.2135229814946,92.514573084173,15.886634598764257,927.3921560723119,180.6375081696134,0.03495120225602559,0.006363092505797328,1.8947983254258973,0.3468186460495135
6.33,95.44,57.9,1265.4862565641354,655.4350523046637,1325.9134245344544,1163.4296767052865,93.32043659837849,15.796992154347194,976.1473552899271,186.5781056329508,0.0336598606748821,0.006550513194621012,1.8934840313460028,0.39914347240120407
14.35,97.18,57.53,400.52135083066634,140.74791763670765,737.055424393274,752.9912572857104,105.338611042126,17.620029747363613,1736.7518610243,305.23350807645943,0.02276831284274715,0.018253074014656225,1.521392415384699,0.42159472573678225
14.74,82.03,51.63,429.839580812716,145.75901029898705,825.9143478914145,671.1367342195668,114.90320798632499,19.49535830774644,1777.4681853785976,362.8410551953635,0.020583079485934838,0.021748713055905967,1.5010911609080193,0.4262913001405189
12.64,53.59,50.8,511.67176022718087,207.85675718817237,941.2498474804934,830.6859324804518,120.45543228936337,20.794210636634933,1793.2028098871228,321.69112417992363,0.022638527430275238,0.0188651256338334,1.5052453539405173,0.46232378761927806
7.3,68.84,40.34,1124.3623299968297,576.8315960070622,1408.7451601441203,872.9289263477494,101.65751304805211,18.743298581931608,1121.842097451458,260.5105934290612,0.025787761573470524,0.008048595652025172,1.8025866379157196,0.4095064189908272
13.29,97.62,54.2,413.6032700631865,152.7065947467116,755.8325589417908,743.3236238460045,105.24879951663621,17.712726248354873,1617.8753755402374,298.88782326037546,0.022830691797653926,0.01572121045990999,1.5154157811296363,0.4399083175028092
11.64,72.88,40.97,490.8461417306746,167.33675077220943,1049.558703053362,631.3555148449093,131.09942539626098,23.6363695627862,1464.1643703333564,364.30181153987223,0.020254527848445836,0.015639238321599195,1.3874728764830728,0.5121430883869997
14.19,64.35,50.78,478.2433956980419,92.30736406769881,968.1557731606952,723.8796753811704,125.50526616961044,20.68047491148202,1729.1042035239586,358.1195944439433,0.020935270964427436,0.02011430242331034,1.5185727466030634,0.4395284401282057
10.52,73.43,53.93,576.189764050087,275.27714375204175,964.8776063875218,922.9133953887465,112.21506258407065,19.668627761051177,1394.5633085830043,252.31959773395306,0.026154630391375076,0.010454744867859193,1.5391082636342668,0.4954979496053614
12.22,70.52,50.31,482.1653977864952,195.81023763834537,884.7478567524885,786.4095049854809,115.08829969774298,19.7545209890325,1522.7170934765459,303.0572900910145,0.022865113226663302,0.014077699054526523,1.4997702857427058,0.4694413590736417
7.88,88.03,51.52,911.3251018652683,446.26875619208977,1214.4144833506532,986.2903953278699,97.95311008768475,17.219490220496006,1132.6577554913697,218.50006486492495,0.029082234833509298,0.007474969595486348,1.780311833912566,0.4701870862138479
9.65,88.11,58.45,620.5487105883997,306.4136451048317,955.6304015018629,996.6699955569761,105.0488949648317,18.333691751936765,1298.576799925176,221.2807141791861,0.028680296380436867,0.008518763143901866,1.5941864046985548,0.49872703191420376
8.25,76.33,48.25,889.1991688425687,437.3444323688909,1232.0661007618814,939.1713263734392,101.07953191072035,18.094281193414947,1190.4354925930793,238.00816554794764,0.027399694843518663,0.0082882479626386,1.7534602228194893,0.46031844778841785
10.48,59.24,42.45,538.3199666357301,212.0947008345655,1245.1240994570055,753.8920911092195,147.77504028805686,28.082295702075378,1404.066942667719,320.69919599152786,0.02228663171375605,0.015596443089172147,1.382623240123076,0.5160149774170917
8.46,61.74,46.43,929.8993188301417,455.9606312792818,1303.5428773408132,938.115284096127,104.47794117051505,18.98639692083659,1248.0378284226363,254.81174505006092,0.02640560818891345,0.008944142852693567,1.75424617886257,0.4410020506279424
11.52,98.57,54.34,466.2863191019783,196.06642958456766,813.0472832767666,821.1948986564621,107.01831386416005,18.172479013877187,1448.1498297694309,260.8417145717161,0.02493486506756731,0.01150582014198853,1.5168200571209622,0.4777671059969569
10.52,59.83,46.89,626.1328111909553,307.7913352523186,1067.8245295437648,839.9195917713021,119.95216485308802,21.3883264997664,1408.7063981820563,290.8184880036639,0.0238353408105318,0.01200043580152886,1.527582153963168,0.4905097557975564
6.08,89.99,50.77,1353.6519931096175,738.5188398312966,1357.7746519876239,1088.1436261961037,94.02953148784927,16.577104408969074,957.411287505678,199.79910669174717,0.03179205364956944,0.0065046780723965565,1.8726641223426668,0.36297072281195203
6.9,79.38,49.14,1169.052886737363,596.037548854206,1374.030027531385,1030.554237998318,96.77743439694602,17.16259481501966,1059.950868430444,216.36203687079805,0.02977121906795145,0.006995871319452783,1.8495398783885544,0.41051669094592885
8.65,61.12,54.05,625.6217945081947,424.3898391685457,1245.7333349603307,1074.2291941482629,176.25456437655936,28.106997912305264,1272.946603311332,231.07931169808768,0.0287121522969895,0.008017748601686275,1.3207743177005058,0.5296441021583967
13.35,82.93,53.02,434.03169608915505,161.46582895122057,804.6959053511238,751.2154063604297,109.60444592994922,18.606430201417233,1628.7125104003535,310.6972141767104,0.022437788301572722,0.016372001559132477,1.5092013383733234,0.4443650064156204
12.94,83.54,53.0,437.67111808624134,166.85858174843966,803.1485998285938,768.0362180643697,108.82305748993615,18.45678404422589,1582.8449518576992,300.1475435816054,0.02287246027472455,0.015092346370217254,1.510252641972867,0.4502676222248549
5.76,87.44,59.3,629.4277771015951,2485.9399442058066,1653.772410088696,1251.7160892622685,717.4996822474561,42.326127499126144,936.4770219462595,181.7696297738454,0.03499140999039092,0.006133335849773207,2.6056410000422234,0.4940509380508384
13.96,58.2,54.18,485.07104383657077,182.34878212089464,914.9265776457434,822.9100184084216,121.02219838820407,20.813979096652314,1709.2833353839044,327.5935879683309,0.022302482404319594,0.018417029600759832,1.5037825696234435,0.44628232721611766
14.37,90.48,48.37,422.9731423829946,142.65447218650078,819.7710570822774,614.4559438307674,114.93082998169302,19.434300424465818,1731.2230302178884,379.7703743479942,0.01984962431566396,0.021447451305194844,1.4897164235689435,0.4314348673522031
8.18,54.82,47.45,631.518682317242,540.0899451752528,1431.4151642689949,1005.2518146431528,222.0811667774394,33.78888351476596,1254.512226008531,251.0413412894216,0.02710085315504323,0.008181920303867964,1.4081059130343525,0.5206266261396991
7.03,80.12,49.77,1132.2108932516733,570.6459721734623,1360.8554445178981,1029.6659098028326,96.83947594723797,17.140125991635944,1072.939068413484,216.2488474782474,0.029781403289560245,0.007125506593671978,1.8443542877547863,0.4256952551402981
7.51,81.15,51.52,1015.2985092453123,498.65550857476313,1299.6910701002244,1025.34017300398,97.53850118402694,17.194185926889173,1115.1629508281453,216.4979130024141,0.02963144657201584,0.007374735581940085,1.8172706364008517,0.46323444113678225
9.97,53.98,59.78,727.900489896805,356.74132709181356,1117.5157561844042,1145.366817716873,109.7551830386633,19.692173621182054,1404.427017298966,234.31121658998282,0.028719313964724432,0.009359900981888544,1.6448587628021505,0.46471914629805583
9.19,84.29,57.93,692.6207196392878,344.93483462723884,1019.6909064720961,1023.609519256148,102.88864540684499,18.07083445012222,1261.5867297694979,217.95945614474576,0.02916687798807225,0.00812697346961307,1.6469857158519765,0.4889722399557214
6.05,98.43,41.93,1319.5873913468554,732.683865016904,1375.182159299878,934.877724913577,95.42267166394558,17.42358906274529,931.9185380785066,221.92308954556228,0.028744334493187265,0.006528255499303155,1.8366770858907528,0.36655147259435117
13.5,92.69,57.4,413.6865773639161,152.95394521545256,750.5391926787056,794.5644155462535,105.0557171266544,17.632894178154544,1644.058983012287,286.9514412225477,0.023613448071830367,0.015529532467868696,1.521455764036954,0.43598158656416647
11.22,90.58,49.07,497.0820454006554,216.11091829331224,880.3691416225148,766.8483990849302,112.13766803028363,19.268823855257555,1423.699898694698,282.4155934895236,0.02362274240475194,0.012168464504295394,1.5030223973125505,0.4885003002195525
7.86,81.29,47.87,944.2719561940474,463.6660296218773,1266.9113853286854,943.5708188453457,99.25156236491182,17.679966710139773,1143.2264688830785,231.99555742882347,0.02785792626050003,0.007847670200432743,1.7838066879728462,0.4615007081520665
13.76,68.19,41.49,471.57466586136206,70.10918023310087,1079.2110281150353,545.626683938024,100.00282758394647,24.693224909640698,1668.626255078229,453.81915838142913,0.01814333829204468,0.021996956361286343,1.4227084804434191,0.3483382128005545
7.0,69.81,55.15,621.0738289682151,937.4276614782696,1406.794290268176,1159.0758021513666,263.7158869179233,36.097432346964155,1103.5206540256115,206.7617990137819,0.031471354401085117,0.006694431220705692,1.3902761392211895,0.512943671689936
6.54,56.92,59.9,634.1316658339947,1671.5239124439665,1627.262355046853,1340.636490270391,527.6939396346727,42.445949679513106,1118.4958731757254,199.48538296893798,0.03332643034966927,0.006311603166308023,1.7257699602655947,0.5343510858552506
6.99,50.62,56.2,639.2530065230541,1253.7129732767619,1601.0006174602786,1281.2858908224152,423.52948776546515,41.57902499026672,1190.0582670518033,214.82799117260848,0.03146154207613448,0.006705054106376195,1.456698426424488,0.5399260579756449
5.1,89.88,43.9,1234.2629440951707,1439.7665781991568,1672.3291032940997,1058.5744540855105,109.62384496756133,28.913049113118632,855.1630930626126,206.5916200721647,0.031153832090941767,0.006145645667141729,1.4664781880520261,0.32583454926600336
14.44,54.51,41.04,517.3107998976305,55.29325597455554,1204.9737354798615,530.9777185890729,99.28791650777369,27.699745306705015,1746.7075260637066,508.8601635070479,0.01735862843796595,0.024609468403805675,1.4202729800758125,0.2540794217491206
12.18,50.4,51.9,486.05486467327177,148.45470797737255,1214.2825886468463,896.3168696527497,157.3801265407452,25.93458170541771,1543.2524436248098,303.071872878349,0.023550530583009325,0.02456974779071458,1.4623650222507323,0.5499918337647179
8.35,58.99,41.15,971.4849666072765,482.0900314038023,1358.5273357266913,849.3362434849411,107.04126750146418,19.750920443156673,1244.0258308475675,281.19871503440913,0.024565548588264062,0.009634418369398311,1.7489356668500013,0.4306268115746657
11.92,67.62,53.99,499.6261029666509,211.67690970421376,895.817253421583,876.8190883790319,114.45601091513525,19.68781224170181,1503.04348687617,277.86041840519886,0.024443332422287065,0.01280030635810477,1.5094084033745632,0.47495923065415774
10.51,78.71,44.25,566.9912941642458,269.7675978155479,994.0215149972482,740.7403990485318,118.71788549873877,20.82139297959591,1372.853794646046,299.29474886227075,0.022859300700075615,0.01206934572972623,1.4967208178690417,0.5016686495489416
6.65,74.28,58.5,613.0139579104568,1190.3721280860657,1450.4217364652122,1221.0615826262997,317.64236842944655,37.88565313865128,1058.3903837187327,194.84733425821634,0.03309920335277314,0.0064892697863294475,1.42563907107104,0.5123958697437488
14.61,94.63,55.69,404.4576025391159,139.3302878789605,755.2603913552342,719.021941683089,107.39926812307878,18.030657950968937,1763.6091836968749,323.96102045276564,0.0219543628542457,0.01974057752873463,1.5165266448460535,0.419841563997534
11.34,56.03,48.6,501.5599698290969,178.1635411770356,1229.7453010364945,843.9919391908843,157.12941804332854,26.691795152962058,1481.6053615038898,301.18720527949483,0.023444759624619445,0.02103513909836062,1.4463362881181525,0.5363188794134923
11.76,86.37,45.08,481.6076948999403,197.73880717141725,889.0422760366595,680.2790013337154,116.02492520101497,19.913343717299195,1465.9991185188405,323.75023217196326,0.021577195956985203,0.01436315686890167,1.4844208612021603,0.47886166197391833
5.91,50.92,40.16,738.6630428156686,2313.0337486626327,2093.5893656903313,1028.4740452416197,1024.863835389811,47.854442313629775,1087.9369638151868,254.9642964760635,0.027283310646553215,0.006662206769533087,2.462783305000109,0.4979772449834439
13.93,73.83,55.0,444.0338043896814,162.5990793431747,829.768559313396,784.3509442165683,112.82520608659335,19.20053191746225,1697.4410668281967,315.50799264608406,0.022502853609344228,0.017817478849553828,1.5111011419522775,0.4380777753780309
9.48,73.42,56.43,692.0795956009166,344.3386473083034,1047.2933013630316,1018.5129146740773,105.53248741011524,18.728737707978727,1309.5554054951858,229.09540971713923,0.028322570877956622,0.008768066102426192,1.634291694307926,0.4827698371637446
14.17,95.55,57.08,404.5754078127079,143.65998817119845,743.4925722320316,757.0268227063475,105.73466884692118,17.700949663880245,1714.7401123904854,303.525516842638,0.022820474590690143,0.01774162300138629,1.5204228596218083,0.4247848427757986
6.22,66.49,44.13,1361.6482547065832,836.5395535270222,1406.1075240837556,1027.3057465678485,98.94193585551248,19.54230442254435,1035.9012142963809,230.05374939689662,0.02885458347465729,0.006827070996131198,1.75921592658313,0.31793777966078396
8.97,95.57,40.82,692.8722258464547,358.24406594383817,1087.2974221563265,734.8616981488411,110.32081865780009,19.90500972799939,1215.3156501876658,280.6496142373818,0.023636883432162355,0.009743407986054562,1.5840582644294836,0.47676711662195037
11.23,98.16,49.95,485.3788967402576,208.92125486135723,854.5208412685271,767.3129541984242,110.00999514659921,18.82847698204974,1420.2965965224182,276.3095332232285,0.02388608860142696,0.011894855703697669,1.506772776797935,0.4868297626906667
12.26,75.88,43.59,469.3440345807997,137.3837824387467,968.5254711930579,646.3648817765066,119.70555622189404,21.536730729886205,1519.014774885115,357.400987230584,0.020509200307695926,0.01647052134860928,1.444161637964901,0.4920579176573446
8.22,54.49,49.67,635.0411844088965,539.4650039366106,1399.983150260603,1048.1479183881413,217.9130573385323,32.997470019041366,1264.7552715928284,243.70035384720364,0.027812867651185378,0.008088554182709573,1.3860621568074143,0.527076047610445
9.43,54.93,58.42,612.8604184843795,343.26184929797836,1210.173414650572,1145.4292811766843,169.66239926164425,26.38925451100345,1353.7048432824897,230.9314304197419,0.029004214900281742,0.008474443116786828,1.3139296454305331,0.548367037567411
10.27,94.79,53.06,548.896243119532,260.13391934594534,908.4811574904282,868.3438913564203,108.82432497315563,18.840244585882427,1340.5305856129742,245.4576680321059,0.0261598460975678,0.009795037249016819,1.5356061822389306,0.5024536310603431
9.75,80.51,51.01,632.2656554451056,314.9975852953556,1009.3068110380877,892.6633711653749,109.12449010268804,19.341729755065458,1316.383411713977,249.27013942244477,0.026217656207854153,0.009683359816071914,1.574900407840838,0.4970257268693435
5.41,97.61,48.33,1480.898418550387,952.6945903415611,1358.7302851742195,1087.8022021659021,93.90125744516183,18.429530649562736,872.1948897876083,196.11262173245464,0.03229590987335838,0.006255337884642755,1.7732648004321863,0.3219640983242343
5.38,90.45,45.62,1432.2095635515136,1037.770110453265,1419.003843042424,1061.5023290539066,96.28687211505617,20.875488561572006,882.8663662375316,204.76298953042942,0.03127786055016542,0.0062494720379811675,1.6643510147284795,0.310814851158674
9.6,61.61,45.12,733.0812804638284,371.8783831157377,1152.6681959861971,848.6485636529569,113.37920382311121,20.615818427493206,1333.9727244219648,281.1401997033836,0.02439744608227067,0.010715501085425249,1.6091881822437162,0.4725218469577568
5.49,58.86,56.11,748.6342603452944,3776.768588638382,2000.456713709138,1338.025127028526,1456.879342430081,45.65769356840642,1015.1092876128138,197.75938433541083,0.03375793396297991,0.005974735278236048,3.7790746713940555,0.5171751394316447
11.28,63.01,54.82,549.1582383957784,250.66009436366647,955.9317924119142,940.2436099651421,115.97842475012723,20.194802487364345,1464.8297013180877,264.5572531458783,0.02551670162564551,0.011580556366218632,1.5199904122342593,0.48628037819486375
12.39,61.48,44.85,484.6215445993222,117.14253200303813,1031.563313103266,698.4229321944094,115.0354185765229,23.000351473462434,1538.4892938448586,354.4031033676167,0.020848455667890682,0.016473898916837128,1.4261945888663614,0.5023638369924169
14.12,62.55,43.7,486.807089245553,83.28337349165972,1069.5205961071595,587.8246766116234,106.73171892018482,24.051169223676187,1713.9574766271423,439.2459219482567,0.018613701275118796,0.022868893875750532,1.4544385038954641,0.41028981467264897
9.9,83.3,44.52,609.2560023521249,303.3416486688262,1019.8915150628005,768.407417616353,114.79027038527131,20.354543336909412,1316.32612296417,282.0614606044571,0.023757889115430832,0.010820679930994958,1.5288327612644943,0.49781013348860526
9.98,74.67,49.31,625.4984841716542,310.5945978295337,1022.7805103875987,867.342574303681,112.15049655153346,19.926690349938866,1343.96067277556,261.84012139800325,0.025363223671950402,0.010385006650013254,1.5572640183201465,0.4957034384724933
11.69,67.18,43.36,497.8775878198284,137.86576728730955,1052.5222856785035,688.4958446147915,119.1623416609948,23.521529203422425,1476.5357800812988,343.7039335634755,0.02111349436791237,0.01510330238075681,1.4013801381516382,0.5187832070541035
7.65,92.52,52.09,941.7348467537449,460.8648406340959,1226.88134021731,998.6977709019269,96.86180898935073,16.92244128343282,1104.2119469268027,213.09239739529514,0.0296428542372408,0.007285959752900869,1.7973158268492302,0.47371199061119146
10.99,58.09,47.47,593.6182668917254,279.0836897222071,1039.7494533536408,833.4020368270383,121.38833882095824,21.46995026950933,1446.651730541107,298.0961811964524,0.0234675434213451,0.012679438482145545,1.513082142366063,0.4878256342223447
6.5,57.42,42.98,647.8872388559736,1446.5597193718525,1763.1709155334577,1017.1200556627023,549.5661787595011,44.13361749070578,1102.2116842103205,244.29738629102,0.027799012082312235,0.006784198687000826,1.693615180039833,0.49778528457334226
13.69,84.77,54.66,426.7221553997215,156.11010154899427,789.8218771323699,760.8816806697814,108.94561660685893,18.420205219618765,1664.2617702776972,308.3717687328081,0.022599297509210792,0.016960716403424624,1.5133753775952445,0.43727031938255906
7.93,87.49,58.45,897.9952897034091,436.52856043281565,1175.4396043408194,1090.9785845308186,97.01475732247286,16.802591929088564,1145.1699429220691,202.5540352770458,0.031175009302807952,0.0072686303350301944,1.784167970561771,0.47253539116606663
12.74,68.33,59.68,460.9380969766476,183.95697873167254,828.3962259640914,936.4496907102945,109.89303711646289,18.694283777122855,1577.667382041843,267.58590462820365,0.025206333402474582,0.01307402013395701,1.5213775824481703,0.45552441519155507
6.4,93.13,44.35,1245.157895239242,658.2367342721972,1377.1655582243477,956.890358557868,95.6473285956036,17.099734098705305,978.6332950733217,220.16243142262917,0.029014126285662398,0.006781341977594412,1.8517088123999166,0.3900861883097672
8.05,53.26,40.46,623.0279906386753,546.7528606305219,1591.239608439936,875.178979009352,241.7323003648852,37.92624484898154,1242.5279547650687,284.149730365494,0.02464624484846508,0.010610215119370311,1.5032556711129916,0.506112018668696
7.19,92.05,44.24,1050.621121641246,523.803343185679,1331.1707427381673,903.3773008725336,97.46806543912402,17.363964265225384,1056.668297128096,231.95007406587328,0.027647519384476106,0.007360127514254065,1.8197219265208273,0.46075798585586497
13.82,80.29,52.25,436.1618717027529,157.76330409350695,820.3418213391684,724.5907352025549,112.18872777560767,19.072399964652856,1678.8522138040441,329.386261002178,0.02171524621638288,0.01820944799094587,1.5053656155768735,0.43881249021342705
12.82,90.78,40.24,452.4493376527005,162.40134258860476,890.033741662732,533.7380538253653,121.76871495544027,20.790454370566323,1553.1537852302088,416.6762445800705,0.018553506208304083,0.018436727826003873,1.4579853043069062,0.46014161935087794
13.47,67.04,41.32,475.2477852754731,84.02463460970158,1069.5330058847628,558.1241918653851,101.15503432196236,24.42444822932779,1638.7457537786047,442.0748873699401,0.01838054480970485,0.021169261418966436,1.4251832555837918,0.4064030323194904
8.37,54.86,51.35,636.6840454761505,506.0902442574671,1356.2274046672737,1070.8581623988482,204.71706267829734,31.59899540127964,1271.7137634794558,239.33078722349708,0.028182392981146824,0.008018977041677975,1.3625561225954859,0.5298415600742814
13.34,86.1,44.9,442.3996311801697,158.1879885407608,854.9363750571578,604.2431438566887,117.22550373508722,19.93916139984566,1615.2157130677801,378.9843849235786,0.01971565483382753,0.018891163662064378,1.4786752578807032,0.44977873580595173
14.95,78.93,41.4,449.2543742898592,37.33753861781949,1142.2878319908596,470.10351036563844,104.73254017732245,25.913590389059454,1792.6020051713097,523.4566898229763,0.016922677470159984,0.02579072412478086,1.4045641120744936,0.21197325320130198
9.25,80.25,53.16,699.2761060042159,350.0594933766792,1051.8761416723066,955.458414654259,104.90290930813896,18.63374797850893,1274.5993008568635,233.9800196041993,0.027618110157862686,0.008837568304217506,1.636386989313814,0.48751775478468884
8.1,58.24,40.28,1025.4690371213708,512.2216824984635,1395.7541911052729,849.414313670118,106.65480415912907,19.751286937169272,1223.6594960995371,281.93698862913396,0.024545021139581076,0.009362712637682603,1.7647118245794942,0.4245136024009505
8.55,57.96,40.14,605.4469428364456,415.6469075872835,1484.0849458416508,820.7100082339321,199.60659686595156,34.41390936601703,1263.5194189263107,292.8189897817584,0.02390165568828198,0.011926625321274672,1.4720530116260206,0.5027909536551493
10.83,82.34,55.74,529.7249507290776,242.8481958682782,897.6013896891645,911.9943208688718,110.02067145028924,19.00100405323328,1407.7712148785938,247.87301374613392,0.026323084144489705,0.010684731405078501,1.5286255614539435,0.4932697815719748
6.84,77.57,50.36,1192.4439374168974,611.7710264331629,1377.1739620599988,1059.8847554180438,96.58235889099385,17.10450346848081,1059.6868617981318,213.0204758000738,0.030258776031437805,0.0069109108520740165,1.8546252490975337,0.4011635832039167
6.09,58.77,56.2,662.6349387453073,2313.7832399574304,1766.4786394804041,1293.108591723042,810.6054632693437,44.35133062635496,1070.5110047803244,202.28528759297114,0.032904940532369586,0.0061905142413273976,2.437748925935876,0.522310400586076
14.44,79.77,58.35,425.87442201868794,151.76912781428047,791.3388603543934,802.2557723592539,109.93983041670081,18.58073361624843,1755.344805490666,306.590917722655,0.022984767378782234,0.01846115815994396,1.519853399968275,0.4265832318968773
9.78,63.3,40.98,558.6431083019014,253.94587169293038,1284.4965681418357,750.2582145764034,155.0446206977068,29.029974176394354,1345.9262223907015,312.45055527817846,0.02261242705182125,0.013941059927423716,1.3937142325438034,0.5067510826326436
7.09,60.65,52.0,625.2154214781146,973.2016904675377,1485.035564887522,1136.4198627571936,305.9452990457816,38.1256941347463,1144.2286068198912,219.61216403735423,0.03020088805625201,0.00683315188882347,1.4189588433066924,0.5171347256657369
9.39,91.79,49.12,644.6468931227512,324.4691181242127,1009.1635270374126,856.5707217163169,107.3383927944081,19.008598328736905,1263.7004663035566,247.30817953451762,0.026069334415693163,0.009181243694301818,1.5854219627850807,0.49843996644844357
7.38,92.89,43.79,1005.1720585302354,498.87109328770964,1306.2731103549575,882.5861224029417,98.0419126333133,17.48617493550627,1072.3321569493128,236.14488289077642,0.027177285483634815,0.007507170188018198,1.8045534888704429,0.46721492990396446
12.78,65.43,59.55,467.194226483015,186.97132726262186,841.9887562026785,944.3137634717168,111.10730792926356,18.939254909699592,1583.978702598187,269.8112496694703,0.02513992199845727,0.013232289153658976,1.520418591543468,0.4561917191499147
13.1,82.22,52.23,438.85591528591647,165.59013223949935,811.4911930640878,751.110935657499,109.97882235672333,18.677400581201777,1599.0152119462718,309.1369533600509,0.022453989256682374,0.01576971142093662,1.507504321311141,0.4486878592559276
5.45,69.5,50.57,713.2474665519703,3578.7068742825945,1931.9154822879027,1195.8988344619204,1324.853730614207,45.27619349923677,954.8115512834631,202.22838804301733,0.03242381703220473,0.005870849304588926,3.771888282482677,0.4903385082532858
11.49,76.44,48.39,507.31047173530675,219.28433845610456,914.3038499244311,771.6222023334016,115.99039766992308,20.01249492449199,1455.2269765115184,296.0605312521381,0.023081999273016206,0.012991808191059667,1.4959859319142632,0.4850840820012532
10.55,83.38,46.71,552.5253454649353,259.87923067480045,958.6465047692711,773.5121490217019,115.44697452679162,20.13504643344283,1370.6027832123834,282.9297329503363,0.02367353797190804,0.01142406782196039,1.5060999875140801,0.5006684973428132
14.42,56.43,46.15,505.1931179779771,110.04387207864606,1072.1981209912267,643.4323450616405,118.04792960016424,23.69127766859332,1756.1174033669831,422.51282987556556,0.01922088903947998,0.0235273232448717,1.4778387400355657,0.462178267679544
6.63,99.95,47.99,1163.6870469373666,591.9403101223668,1346.4175703917645,987.3322603743333,95.00904024056577,16.587912032608887,987.5936692424552,209.67261665900233,0.029975119461465926,0.006630951309582356,1.8586327800582565,0.4266871584239752
8.83,68.87,55.55,816.7618608651173,400.0149641290783,1161.6406473857508,1055.8064815009416,102.42836244518533,18.228518644501893,1264.2340360370906,225.2317232659912,0.028942039699836282,0.008270133053160081,1.7205163886134611,0.4625102500955653
7.42,68.45,41.94,1101.4064072669235,557.607722940588,1399.4884404329262,896.6305922107985,101.40416316571516,18.565286077854996,1134.1892440326708,254.7898154899397,0.02624238676745103,0.008040293854184621,1.8059705328672864,0.4212689761150159
7.21,65.86,58.6,628.4558911526406,857.0412324601795,1371.0407852593762,1221.5950738148606,241.77560193437196,34.867680218449706,1138.358808414576,203.0368042401891,0.032155224221527126,0.006739664186766286,1.3641279810673324,0.5254072025655184
5.51,86.76,54.4,1498.159183816604,950.6350157747638,1344.774979167881,1196.7421444021686,93.6910298323216,18.031795976088624,910.1693411901003,188.00090160939487,0.03393972584982851,0.006307078379934649,1.7927116522906947,0.3155661148424403
10.37,93.36,47.68,546.930663875325,257.62205291927256,934.3114407969849,780.5635931004043,112.47969230029562,19.56140165686176,1347.7578131955638,271.6119788145297,0.024249016447091053,0.010941507266252848,1.5146625863595935,0.5025742015304623
8.7,68.86,43.88,843.9431202710687,421.8782503162366,1227.7501085137699,854.0025358334726,106.03061959141613,19.30880032561793,1244.5018884101996,267.31190091025445,0.02517119872143063,0.009516621897637788,1.701996345532786,0.45657981630194877
8.58,98.91,47.72,746.0702830535362,377.3864566778659,1081.8653518750373,865.8810693659022,102.27594213630097,18.168459459923767,1176.6340862702543,237.78818670836142,0.02675230530789601,0.008199224392364465,1.6671439852739283,0.4848118455612649
14.24,67.96,50.96,461.41016344837305,164.73491860925188,884.4864639764213,714.6430523281306,119.57924334367213,20.4731776093357,1728.4646130836002,356.47490144756006,0.020921303959387298,0.020334146139908936,1.4964202420321724,0.43971995398059693
9.84,83.97,57.35,610.8018621874171,300.2378125242049,959.5971700351873,981.5591335354152,106.59861621630206,18.652934382352218,1322.3238050414925,228.00209525174824,0.02810296889451608,0.008977284125602957,1.581319153233955,0.49798401087165733
11.62,92.06,50.54,473.43472234953197,197.7735385127302,845.0224447801783,769.1674007222648,110.21665766784076,18.827990133213568,1455.2091356890137,282.45271540941445,0.023592972893992023,0.012506683207326489,1.5054440911892022,0.4783901070616017
8.29,68.6,41.67,923.2261346194616,459.2362386959189,1299.2811153340526,836.5531654351015,104.83385050013693,19.177474603764914,1209.9049668863415,271.74158946531116,0.024896250095431303,0.009251207511786978,1.7407912890831687,0.4459299691789126
5.64,54.67,54.54,745.471957739477,3387.7614467900935,2000.3913145905108,1321.3008215282935,1345.0324473231137,46.03675615017446,1051.6546624613056,204.92486252619932,0.03290369368743727,0.006092272691922906,3.4161839066271216,0.5220677981758649
7.16,94.46,49.27,1046.6714146176178,518.388705058422,1303.0186653686858,981.9960509520567,96.15082414390912,16.832056314445776,1050.5121972454817,214.11918979156,0.029502822789716998,0.007009361678767681,1.8308752342332275,0.4674367854635567
12.11,91.56,54.65,448.0787481233835,180.0821014924017,797.2871303532759,813.5151029442123,106.89736654165736,18.100416081617606,1502.1327597487686,271.8155920125018,0.024328922980082587,0.01263988010384416,1.515881813754182,0.4640163574660443
9.42,95.35,47.34,632.9894981865259,318.62862090442036,1004.7839241126825,819.992919314189,108.5446229186378,19.217513226724623,1260.4416124238621,254.58179608131408,0.02540642527665393,0.009390386725001471,1.5704436296463795,0.4931032237060248
12.69,51.99,55.37,511.6692405624182,210.67522878684994,932.4825280106731,932.8300426483266,119.03925999242945,20.538257827367932,1694.3630914713885,294.8226093832241,0.024081825458045172,0.015855558398146723,1.5123790805204091,0.46246127190172687
12.61,82.15,59.48,438.13575763576375,172.3339409258603,772.5942862535246,886.2549833116067,105.81615866593376,17.72200769110114,1778.7374694146085,264.5743531253066,0.025251862310323208,0.015478790166825754,1.5280470698596997,0.44979573771188663
9.47,61.44,52.13,754.391224572757,374.8415075414195,1140.9305307040963,989.5462928043149,107.99263581283566,19.470079408447933,1335.5821772928157,247.78878326826694,0.026985797699487554,0.009487176369114609,1.6574200428098687,0.46620283201832224
12.59,77.34,55.34,450.8238723590553,177.37086812284193,808.6498463894198,833.5538282654197,108.6484497111769,18.36195255795412,1771.2306460615632,284.2367442555109,0.02402975436613206,0.016627594314566604,1.5204678519368893,0.4531243858489657
6.19,79.15,49.73,1358.420666214415,754.5846043330436,1373.0657246470876,1091.2925121589806,95.31475532871099,17.18433086609181,992.344649590822,206.84827243739468,0.0311138131144597,0.006513089233227954,1.853868640886662,0.3479293381368892
13.34,86.78,59.56,421.6215510850726,158.96142784649254,758.4127355381523,849.2182468177999,105.44629831714123,17.70382956030673,1629.6417896069452,274.3871338894904,0.024449324637992664,0.014533085591688515,1.524706419910177,0.43917890633406353
7.32,88.28,47.85,1031.6633919176,510.1661641309521,1311.8264070226278,960.7230538428446,97.15929279599378,17.185356532607685,1080.4772125368427,222.61678243034558,0.028717217727559332,0.007348424444185206,1.8202389146151632,0.4683852128331229
6.41,68.07,55.72,620.0252866840165,1575.6442436201567,1577.4429831618806,1217.0548299137306,464.1741160774325,41.173237249781735,1054.596230659188,200.56742097188751,0.032518984208949844,0.006314086167341674,1.658462256387261,0.5108505970644939
6.96,56.59,51.42,629.5014058810063,1128.925318863027,1564.120726442314,1154.786086962449,374.1378133081615,40.36094788455204,1149.5098649941312,221.96638355937245,0.030134278721555136,0.006764973800512578,1.4538635380004203,0.5200141473401002
13.53,54.19,54.98,498.361379542935,194.649017185317,930.1726640686298,876.5930046759507,121.18553318699664,20.895093475691638,1668.9950966572194,313.62591746454103,0.023026933388366352,0.016853701491483984,1.5054037310634223,0.453450550584634
11.15,64.09,48.08,558.0458758326017,256.55887367711944,991.5304847200266,816.2323058776697,120.11330495229984,21.012100019309464,1449.1541829021962,295.22595482710904,0.02345360102877579,0.012781538003675874,1.5001052928771184,0.49145741107729046
11.8,79.46,55.05,480.3784150646547,201.90346008951502,850.4007413720879,863.9504983160116,110.4388269559376,18.860248268567013,1481.9395875385812,266.7768547285962,0.024861796625789113,0.012009991736914501,1.5143992485994717,0.47450114989341585
6.46,72.9,40.85,1288.71979044113,729.9642124709787,1403.5466425776062,931.3570076846235,99.01445154892929,18.762325629706098,1033.5776203350388,242.60128144920097,0.027315436290556248,0.007121211118677815,1.7959564030511053,0.3489730872419044
12.31,68.45,53.24,479.69726908365516,194.8715764114248,873.1320479252463,841.5442664146541,113.63861483402512,19.479440322396414,1536.6881293791876,289.2421608748481,0.023738562068035044,0.013722167871728858,1.5077427832878083,0.46643433412115315
12.49,84.27,43.0,460.12174540983966,173.38014357461404,871.6569303266858,604.4090331557861,117.48383724698468,20.01042995361018,1794.2738455100039,375.86290550767836,0.019880580364776527,0.02178063398660283,1.4811475700611172,0.45971231362732823
14.16,93.2,47.61,421.58484459826155,143.14618889084062,816.5726687688632,605.6299390030707,114.26145590059984,19.334508065424764,1707.494003279775,379.7850969611862,0.019794911007129504,0.020970283264596965,1.4880772101952822,0.43417528196029037
